{
  "accuracy": 0.44545454545454544,
  "long": {
    "f1-score": 0.46017699115044247,
    "precision": 0.37142857142857144,
    "recall": 0.6046511627906976,
    "support": 43.0
  },
  "long_accuracy": 0.44545454545454544,
  "macro avg": {
    "f1-score": 0.4450417666032586,
    "precision": 0.4732142857142857,
    "recall": 0.47396737244012493,
    "support": 110.0
  },
  "not_long": {
    "f1-score": 0.42990654205607476,
    "precision": 0.575,
    "recall": 0.34328358208955223,
    "support": 67.0
  },
  "observation_count": 110,
  "weighted avg": {
    "f1-score": 0.441739535792964,
    "precision": 0.4954220779220779,
    "recall": 0.44545454545454544,
    "support": 110.0
  }
}