{
  "accuracy": 0.5545454545454546,
  "long": {
    "f1-score": 0.10909090909090909,
    "precision": 0.25,
    "recall": 0.06976744186046512,
    "support": 43.0
  },
  "long_accuracy": 0.5545454545454546,
  "macro avg": {
    "f1-score": 0.40606060606060607,
    "precision": 0.42091836734693877,
    "recall": 0.4677195418257549,
    "support": 110.0
  },
  "not_long": {
    "f1-score": 0.703030303030303,
    "precision": 0.5918367346938775,
    "recall": 0.8656716417910447,
    "support": 67.0
  },
  "observation_count": 110,
  "weighted avg": {
    "f1-score": 0.4708539944903581,
    "precision": 0.4582096474953618,
    "recall": 0.5545454545454545,
    "support": 110.0
  }
}