{
  "accuracy": 0.48333333333333334,
  "long": {
    "f1-score": 0.4918032786885246,
    "precision": 0.45112781954887216,
    "recall": 0.5405405405405406,
    "support": 111.0
  },
  "long_accuracy": 0.48333333333333334,
  "macro avg": {
    "f1-score": 0.4831897749374826,
    "precision": 0.48724615276509026,
    "recall": 0.48732453383616176,
    "support": 240.0
  },
  "not_long": {
    "f1-score": 0.4745762711864407,
    "precision": 0.5233644859813084,
    "recall": 0.43410852713178294,
    "support": 129.0
  },
  "observation_count": 240,
  "weighted avg": {
    "f1-score": 0.4825437621561545,
    "precision": 0.4899550277563066,
    "recall": 0.48333333333333334,
    "support": 240.0
  }
}