Date,ForecastScore,ReturnForecastPct
2026-05-07 09:55:00+03:00,0.04756385372465475,-1.0594244633207819
2026-05-07 10:00:00+03:00,0.542510718528059,0.46089108858675143
2026-05-07 10:05:00+03:00,0.5794778060950457,0.5329736064299835
2026-05-07 10:10:00+03:00,0.6497335341609893,0.6756442440865792
2026-05-07 10:15:00+03:00,0.418382527685001,0.22095899356151333
2026-05-07 10:20:00+03:00,0.5930924453370756,0.559917317387191
2026-05-07 10:25:00+03:00,0.3935004281678847,0.17142182485563234
2026-05-07 10:30:00+03:00,0.3816684723909097,0.1474941716633609
2026-05-07 10:35:00+03:00,0.6608355989138005,0.6992366102641427
2026-05-07 10:40:00+03:00,0.7212293771074928,0.8353360928016591
2026-05-07 10:45:00+03:00,0.5604925256071048,0.4957894663606967
2026-05-07 10:50:00+03:00,0.5622066333364112,0.49913077695876545
2026-05-07 10:55:00+03:00,0.5313820714686989,0.4394064119780563
2026-05-07 11:00:00+03:00,0.48939440919194127,0.35870978410566956
2026-05-07 11:05:00+03:00,0.6788731275145965,0.7383929747666694
2026-05-07 11:10:00+03:00,0.557907376646742,0.4907555258428757
2026-05-07 11:15:00+03:00,0.6888095437628936,0.760454037644403
2026-05-07 11:20:00+03:00,0.6670325193801403,0.7125677086078086
2026-05-07 11:25:00+03:00,0.5333693799102665,0.443238017559316
2026-05-07 11:30:00+03:00,0.562767770917906,0.5002252277174947
2026-05-07 11:35:00+03:00,0.6556554292718781,0.6881836573916363
2026-05-07 11:40:00+03:00,0.5167223035213607,0.4111930444298127
2026-05-07 11:45:00+03:00,0.3513013013514217,0.08468695601088842
2026-05-07 11:50:00+03:00,0.3326475000437801,0.044890718111652246
2026-05-07 11:55:00+03:00,0.33693733510969226,0.054136475123649164
2026-05-07 12:00:00+03:00,0.357205548468588,0.09707566779124914
2026-05-07 12:05:00+03:00,0.20201179812011955,-0.28031672895813464
2026-05-07 12:10:00+03:00,0.2119079785610614,-0.25137107901988304
2026-05-07 12:15:00+03:00,0.17141864889524464,-0.37719675731682417
2026-05-07 12:20:00+03:00,0.23734335802916026,-0.18121476829335548
2026-05-07 12:25:00+03:00,0.15874163068723168,-0.42136269085096034
2026-05-07 12:30:00+03:00,0.22172485605489553,-0.22361825290156645
2026-05-07 12:35:00+03:00,0.17738278377441535,-0.3573131402348985
2026-05-07 12:40:00+03:00,0.2326441314501454,-0.19376196534697654
2026-05-07 12:45:00+03:00,0.21833730011015903,-0.2330928820669791
2026-05-07 12:50:00+03:00,0.23043784136220805,-0.19971374505541556
2026-05-07 12:55:00+03:00,0.22795871604476803,-0.20644937208356667
2026-05-07 13:00:00+03:00,0.20331168745571052,-0.27645551879835895
2026-05-07 13:05:00+03:00,0.21584423661736182,-0.2401335622002429
2026-05-07 13:10:00+03:00,0.22291016465102167,-0.2203275665464972
2026-05-07 13:15:00+03:00,0.294769322204456,-0.039633621912482486
2026-05-07 13:20:00+03:00,0.2574557679135437,-0.12934462000974958
2026-05-07 13:25:00+03:00,0.27272906234739486,-0.09170671965307092
2026-05-07 13:30:00+03:00,0.28079290058978185,-0.07236884264539076
2026-05-07 13:35:00+03:00,0.2754842686965508,-0.08506019299222997
2026-05-07 13:40:00+03:00,0.285621117861795,-0.06095249221333188
2026-05-07 13:45:00+03:00,0.2750696905644782,-0.08605765125074413
2026-05-07 13:50:00+03:00,0.22687377947371717,-0.20941330363227129
2026-05-07 13:55:00+03:00,0.24555829511174596,-0.1596842322752936
2026-05-07 14:00:00+03:00,0.1719779657418138,-0.3753090533554638
2026-05-07 14:05:00+03:00,0.20990821097342477,-0.25713863121041763
2026-05-07 14:10:00+03:00,0.19662446912883627,-0.29652058661679515
2026-05-07 14:15:00+03:00,0.19597334371702557,-0.2985015787859203
2026-05-07 14:20:00+03:00,0.1680221388183621,-0.38876631809768436
2026-05-07 14:25:00+03:00,0.30635027199565334,-0.013189235313836478
2026-05-07 14:30:00+03:00,0.30290115647403526,-0.021004726526516693
2026-05-07 14:35:00+03:00,0.29167137197637755,-0.04680874873577012
2026-05-07 14:40:00+03:00,0.3004453254965683,-0.026600176772624495
2026-05-07 14:45:00+03:00,0.36521562170428445,0.11373900413686822
2026-05-07 14:50:00+03:00,0.2614982260784055,-0.11924639297291917
2026-05-07 14:55:00+03:00,0.35831152829636465,0.0993860793467451
2026-05-07 15:00:00+03:00,0.314827689102475,0.005814974023055669
2026-05-07 15:05:00+03:00,0.43378943672580617,0.25120304327139453
2026-05-07 15:10:00+03:00,0.41400846471668323,0.21231820016552294
2026-05-07 15:15:00+03:00,0.34582193379834847,0.07310413153872378
2026-05-07 15:20:00+03:00,0.23130206062148317,-0.19737766683966262
2026-05-07 15:25:00+03:00,0.24073203367483098,-0.17227273260846626
2026-05-07 15:30:00+03:00,0.24265485236084355,-0.16723702302419757
2026-05-07 15:35:00+03:00,0.1861933227953665,-0.32887691855813517
2026-05-07 15:40:00+03:00,0.22262672433567565,-0.22111332271767076
2026-05-07 15:45:00+03:00,0.18678536644116375,-0.3270037925905956
2026-05-07 15:50:00+03:00,0.30987620404256483,-0.005250298305265119
2026-05-07 15:55:00+03:00,0.29260342910563314,-0.04464534829915481
2026-05-07 16:00:00+03:00,0.3252397073713805,0.028782320191899316
2026-05-07 16:05:00+03:00,0.2845075965878627,-0.0635750151708511
2026-05-07 16:10:00+03:00,0.3308204126444226,0.040934765760290454
2026-05-07 16:15:00+03:00,0.2306981146649788,-0.19900955377964363
2026-05-07 16:20:00+03:00,0.2879860147097689,-0.055403033946208935
2026-05-07 16:25:00+03:00,0.3198378943742238,0.01691613833770826
2026-05-07 16:30:00+03:00,0.12943390134879687,-0.5357689611175687
2026-05-07 16:35:00+03:00,0.21057329586030823,-0.2552160000556297
2026-05-07 16:40:00+03:00,0.19545051667567323,-0.3000958402697898
2026-05-07 16:45:00+03:00,0.17045330891664057,-0.3804663220050217
2026-05-07 16:50:00+03:00,0.1250926100162055,-0.5545318515748524
2026-05-07 16:55:00+03:00,0.10547416976549867,-0.6470562237551903
2026-05-07 17:00:00+03:00,0.18484963393359016,-0.3331452356701923
2026-05-07 17:05:00+03:00,0.1346240614301049,-0.5140276762089819
2026-05-07 17:10:00+03:00,0.07923777018528973,-0.7982145025023291
2026-05-07 17:15:00+03:00,0.12403568000355847,-0.5591840835831036
2026-05-07 17:20:00+03:00,0.06755903542496973,-0.8807989386099815
2026-05-07 17:25:00+03:00,0.20320174657775947,-0.27678137509715794
2026-05-07 17:30:00+03:00,0.23932530742332564,-0.17597425573191022
2026-05-07 17:35:00+03:00,0.20973624632310572,-0.25763647503568865
2026-05-07 17:40:00+03:00,0.21564877310023522,-0.24068805476831334
2026-05-07 17:45:00+03:00,0.2106411232450615,-0.25502017470451
2026-05-07 17:50:00+03:00,0.19785257495934133,-0.2927976220641008
2026-05-07 17:55:00+03:00,0.22877290048363497,-0.20423163097598301
2026-05-08 09:55:00+03:00,0.8011559306992212,1.0479547340599584
2026-05-08 10:00:00+03:00,0.8593744606949781,1.24790302228894
2026-05-08 10:05:00+03:00,0.9687068523110945,2.0266634787071776
2026-05-08 10:10:00+03:00,0.9813733298609653,2.281918908274526
2026-05-08 10:15:00+03:00,0.9375452184211499,1.6792767484265647
2026-05-08 10:20:00+03:00,0.9073507376980398,1.4742671755015921
2026-05-08 10:25:00+03:00,0.8874309854903357,1.3701367786164431
2026-05-08 10:30:00+03:00,0.8500932660331455,1.2120136580288225
2026-05-08 10:35:00+03:00,0.9335630351980857,1.6475652465871093
2026-05-08 10:40:00+03:00,0.9386911310417885,1.6887516064715065
2026-05-08 10:45:00+03:00,0.9852271286341749,2.395062217870802
2026-05-08 10:50:00+03:00,0.9663140797608128,1.9901105200909681
2026-05-08 10:55:00+03:00,0.9048503670862298,1.4601607018696332
2026-05-08 11:00:00+03:00,0.8349720525610655,1.1572713698497834
2026-05-08 11:05:00+03:00,0.7556964804266822,0.9210909633212537
2026-05-08 11:10:00+03:00,0.6944593360168502,0.77316941860016
2026-05-08 11:15:00+03:00,0.7589801531888619,0.929667345925481
2026-05-08 11:20:00+03:00,0.7565530781071444,0.9233206627632538
2026-05-08 11:25:00+03:00,0.8069598245360387,1.0656379183292766
2026-05-08 11:30:00+03:00,0.7011158658932303,0.7883209257514067
2026-05-08 11:35:00+03:00,0.8097815127385736,1.0743811733796815
2026-05-08 11:40:00+03:00,0.6744735938690745,0.7287408854263187
2026-05-08 11:45:00+03:00,0.43187939091980226,0.24746845324110953
2026-05-08 11:50:00+03:00,0.2777677331935626,-0.0795828431201682
2026-05-08 11:55:00+03:00,0.2644427306387145,-0.11195426845940978
2026-05-08 12:00:00+03:00,0.24147654389068154,-0.17031967917263763
2026-05-08 12:05:00+03:00,0.40638220905636835,0.19718772634481313
2026-05-08 12:10:00+03:00,0.5014691470575293,0.38189575582633617
2026-05-08 12:15:00+03:00,0.3849233548729941,0.15410348774443372
2026-05-08 12:20:00+03:00,0.3184818448819218,0.013920752071168843
2026-05-08 12:25:00+03:00,0.4504546277211021,0.2836371638608193
2026-05-08 12:30:00+03:00,0.4526087099244967,0.2878121345713851
2026-05-08 12:35:00+03:00,0.3201951527339782,0.017704166792594914
2026-05-08 12:40:00+03:00,0.31802130147966534,0.012901911696899804
2026-05-08 12:45:00+03:00,0.336257832529424,0.052675868028003836
2026-05-08 12:50:00+03:00,0.12023614013046988,-0.5761947532627364
2026-05-08 12:55:00+03:00,0.1863715000156608,-0.32831271362336273
2026-05-08 13:00:00+03:00,0.22623225443443148,-0.21117059457526743
2026-05-08 13:05:00+03:00,0.25285069802332394,-0.1409753661275702
2026-05-08 13:10:00+03:00,0.265528867108109,-0.10927758655684147
2026-05-08 13:15:00+03:00,0.2082969345577214,-0.26181514770646513
2026-05-08 13:20:00+03:00,0.25683769599061756,-0.13089766972373684
2026-05-08 13:25:00+03:00,0.3002606964478317,-0.027021892027613653
2026-05-08 13:30:00+03:00,0.24160380570099593,-0.16998624786531408
2026-05-08 13:35:00+03:00,0.22426103778943263,-0.21659241323886114
2026-05-08 13:40:00+03:00,0.31243307820299887,0.00047559697860045935
2026-05-08 13:45:00+03:00,0.326361436697644,0.031233518240445818
2026-05-08 13:50:00+03:00,0.3150516947752976,0.0063133224078947
2026-05-08 13:55:00+03:00,0.2301777550142973,-0.2004179873297941
2026-05-08 14:00:00+03:00,0.3890433007832202,0.16243953847332734
2026-05-08 14:05:00+03:00,0.4492240150108577,0.28125042506325976
2026-05-08 14:10:00+03:00,0.35475822560418596,0.09195181314936952
2026-05-08 14:15:00+03:00,0.2668883784412963,-0.1059370281939
2026-05-08 14:20:00+03:00,0.1455479742672472,-0.47048161802085586
2026-05-08 14:25:00+03:00,0.16076417568096413,-0.41413037227535054
2026-05-08 14:30:00+03:00,0.15979613413028354,-0.41758269329803543
2026-05-08 14:35:00+03:00,0.17317784569811615,-0.3712757844349048
2026-05-08 14:40:00+03:00,0.23404023503429233,-0.19001608356944732
2026-05-08 14:45:00+03:00,0.17860947119657702,-0.3532889254661029
2026-05-08 14:50:00+03:00,0.16349038765835072,-0.4044973107179708
2026-05-08 14:55:00+03:00,0.18251220186346695,-0.3406277933962229
2026-05-08 15:00:00+03:00,0.1980686049019138,-0.29214453697929144
2026-05-08 15:05:00+03:00,0.1420882845681186,-0.4839683190810964
2026-05-08 15:10:00+03:00,0.2076247864353085,-0.2637738447780148
2026-05-08 15:15:00+03:00,0.16717752977146888,-0.39167222024441456
2026-05-08 15:20:00+03:00,0.2503675412238597,-0.14730505328838145
2026-05-08 15:25:00+03:00,0.17734135466436593,-0.3574494309772086
2026-05-08 15:30:00+03:00,0.12474953008717887,-0.5560382604190631
2026-05-08 15:35:00+03:00,0.14933997942261462,-0.45600158007491465
2026-05-08 15:40:00+03:00,0.07921132284078522,-0.7983885223601321
2026-05-08 15:45:00+03:00,0.06960061876993856,-0.8654568246059376
2026-05-08 15:50:00+03:00,0.0499035892253887,-1.0351949494200547
2026-05-08 15:55:00+03:00,0.03726668877875408,-1.1816901334732048
2026-05-08 16:00:00+03:00,0.05304151608921352,-1.004336429593894
2026-05-08 16:05:00+03:00,0.048687481357987006,-1.0476507070943637
2026-05-08 16:10:00+03:00,0.07715564466402156,-0.812079956133026
2026-05-08 16:15:00+03:00,0.07721962317599787,-0.811648831088473
2026-05-08 16:20:00+03:00,0.06469830283719821,-0.9030368477967408
2026-05-08 16:25:00+03:00,0.052791762620812026,-1.0067284344585414
2026-05-08 16:30:00+03:00,0.04850021638345883,-1.0495949030799099
2026-05-08 16:35:00+03:00,0.07876649063450472,-0.8013234442348155
2026-05-08 16:40:00+03:00,0.0871879082114091,-0.7481592762302286
2026-05-08 16:45:00+03:00,0.12241133678272106,-0.5664006579491704
2026-05-08 16:50:00+03:00,0.10849898347161772,-0.6318588878157485
2026-05-08 16:55:00+03:00,0.18626577178998782,-0.3286474558623223
2026-05-08 17:00:00+03:00,0.19961310975981478,-0.2874908532679208
2026-05-08 17:05:00+03:00,0.14214423989316471,-0.4837480267167513
2026-05-08 17:10:00+03:00,0.12749612882241892,-0.5440764644679676
2026-05-08 17:15:00+03:00,0.1688144241468526,-0.3860510147884416
2026-05-08 17:20:00+03:00,0.15551722823314407,-0.4330489086655085
2026-05-08 17:25:00+03:00,0.14365947851531546,-0.477809942788859
2026-05-08 17:30:00+03:00,0.11558366689487298,-0.597668148227041
2026-05-08 17:35:00+03:00,0.11893603255390411,-0.5821219008681028
2026-05-08 17:40:00+03:00,0.09484807590433521,-0.703694163229611
2026-05-08 17:45:00+03:00,0.1330586277781066,-0.5205092647434937
2026-05-08 17:50:00+03:00,0.12687681162965608,-0.5467542866319647
2026-05-08 17:55:00+03:00,0.14018632983772,-0.49149962881163456
2026-05-11 09:55:00+03:00,0.07796452356105064,-0.8066531912259255
2026-05-11 10:00:00+03:00,0.2478285947137787,-0.15382033389764116
2026-05-11 10:05:00+03:00,0.2340431794284997,-0.19000819991095386
2026-05-11 10:10:00+03:00,0.07400629123975108,-0.8337185199438687
2026-05-11 10:15:00+03:00,0.06654607501845888,-0.8885713878706216
2026-05-11 10:20:00+03:00,0.10893288300543925,-0.6297095207719586
2026-05-11 10:25:00+03:00,0.07464467870272012,-0.8292648196151767
2026-05-11 10:30:00+03:00,0.09687366238494408,-0.6924760706855307
2026-05-11 10:35:00+03:00,0.11497711348524507,-0.6005227075565112
2026-05-11 10:40:00+03:00,0.10023781357437174,-0.6742990371609523
2026-05-11 10:45:00+03:00,0.09654409568784753,-0.6942869096775055
2026-05-11 10:50:00+03:00,0.11270654274645867,-0.6113262191598469
2026-05-11 10:55:00+03:00,0.13823335135652934,-0.49932250783571064
2026-05-11 11:00:00+03:00,0.23536868910795614,-0.1864660933315554
2026-05-11 11:05:00+03:00,0.33887951931094557,0.05830329242895821
2026-05-11 11:10:00+03:00,0.3016533193234358,-0.02384460835283933
2026-05-11 11:15:00+03:00,0.31313686340978425,0.002047160624937247
2026-05-11 11:20:00+03:00,0.15254797866052647,-0.44398651014598944
2026-05-11 11:25:00+03:00,0.31048948878613775,-0.0038745444794177353
2026-05-11 11:30:00+03:00,0.22971486175430342,-0.201672756249151
2026-05-11 11:35:00+03:00,0.21059342898041256,-0.25515786862892426
2026-05-11 11:40:00+03:00,0.18040137288764532,-0.34744917740512643
2026-05-11 11:45:00+03:00,0.1616634256293856,-0.41093840736724585
2026-05-11 11:50:00+03:00,0.16113114158369943,-0.41282605759186874
2026-05-11 11:55:00+03:00,0.13844724711263623,-0.4984612206642999
2026-05-11 12:00:00+03:00,0.0759964673210299,-0.8199484869305869
2026-05-11 12:05:00+03:00,0.11364119292871776,-0.6068563287413044
2026-05-11 12:10:00+03:00,0.16454013175239507,-0.40082252253612094
2026-05-11 12:15:00+03:00,0.1444525589873653,-0.4747226936536464
2026-05-11 12:20:00+03:00,0.13853979864876076,-0.4980888925214356
2026-05-11 12:25:00+03:00,0.059350926475359535,-0.9471804798125258
2026-05-11 12:30:00+03:00,0.1520433320567894,-0.44586273981361424
2026-05-11 12:35:00+03:00,0.19465055535746337,-0.3025414319547071
2026-05-11 12:40:00+03:00,0.14263067401077362,-0.4818360096587748
2026-05-11 12:45:00+03:00,0.17265065203961213,-0.3730451573108359
2026-05-11 12:50:00+03:00,0.18517092326138465,-0.3321224641419772
2026-05-11 12:55:00+03:00,0.18476648849566035,-0.3334101392774136
2026-05-11 13:00:00+03:00,0.30646964446311714,-0.012919629856614379
2026-05-11 13:05:00+03:00,0.25209407026585495,-0.14289966102302254
2026-05-11 13:10:00+03:00,0.21647158192232752,-0.2383563576650196
2026-05-11 13:15:00+03:00,0.1942271845740453,-0.30383881931342727
2026-05-11 13:20:00+03:00,0.2646234519022059,-0.11150841067706113
2026-05-11 13:25:00+03:00,0.22753822169420124,-0.207596934318037
2026-05-11 13:30:00+03:00,0.14513343838387244,-0.47208343290742005
2026-05-11 13:35:00+03:00,0.3362300733981657,0.052616168193714626
2026-05-11 13:40:00+03:00,0.3556467416383417,0.09381388450147382
2026-05-11 13:45:00+03:00,0.1455137323240111,-0.47061378932388187
2026-05-11 13:50:00+03:00,0.4160209713862819,0.21629707057050496
2026-05-11 13:55:00+03:00,0.29994404055271295,-0.027745517572449058
2026-05-11 14:00:00+03:00,0.629727549014239,0.6339717195083983
2026-05-11 14:05:00+03:00,0.2414950516586509,-0.17027118059925872
2026-05-11 14:10:00+03:00,0.2668473897285585,-0.10603758603744326
2026-05-11 14:15:00+03:00,0.25761454996869393,-0.1289460365822901
2026-05-11 14:20:00+03:00,0.4288677272504186,0.2415718430130596
2026-05-11 14:25:00+03:00,0.37157477382490883,0.12685732417021098
2026-05-11 14:30:00+03:00,0.4074905747969316,0.19939210261294948
2026-05-11 14:35:00+03:00,0.38849785301826434,0.16133778149822792
2026-05-11 14:40:00+03:00,0.389147168731655,0.1626492790024198
2026-05-11 14:45:00+03:00,0.47182788701604045,0.32492862341988804
2026-05-11 14:50:00+03:00,0.4665643058870054,0.31478420535508067
2026-05-11 14:55:00+03:00,0.4683516520384863,0.3182304246609934
2026-05-11 15:00:00+03:00,0.38196128837028565,0.14808963307242418
2026-05-11 15:05:00+03:00,0.34652810551375984,0.07460168875812145
2026-05-11 15:10:00+03:00,0.3147956233462166,0.005743621235368784
2026-05-11 15:15:00+03:00,0.2441582287866214,-0.1633186640829164
2026-05-11 15:20:00+03:00,0.32679507928675827,0.03217994672568045
2026-05-11 15:25:00+03:00,0.2972176169958604,-0.033994168768718136
2026-05-11 15:30:00+03:00,0.446599425583407,0.27615604078249045
2026-05-11 15:35:00+03:00,0.3431835020037037,0.06749605224135771
2026-05-11 15:40:00+03:00,0.3764268230517145,0.13680481951335383
2026-05-11 15:45:00+03:00,0.45891470403216733,0.300015028758196
2026-05-11 15:50:00+03:00,0.6421451930367942,0.6597177500051256
2026-05-11 15:55:00+03:00,0.5995093263587689,0.5727122531253547
2026-05-11 16:00:00+03:00,0.5715962001152625,0.5174875112614119
2026-05-11 16:05:00+03:00,0.37822266806853283,0.1404736091583298
2026-05-11 16:10:00+03:00,0.32452739424956595,0.02722350406258575
2026-05-11 16:15:00+03:00,0.3322675477995144,0.044068959608528815
2026-05-11 16:20:00+03:00,0.35707281272745084,0.09679816736417236
2026-05-11 16:25:00+03:00,0.27687986125188374,-0.08170926754129798
2026-05-11 16:30:00+03:00,0.270427372900643,-0.09729143559991846
2026-05-11 16:35:00+03:00,0.6964349788192297,0.7776466857573432
2026-05-11 16:40:00+03:00,0.4140686953387697,0.21243736215475884
2026-05-11 16:45:00+03:00,0.3714753070661756,0.1266528529787716
2026-05-11 16:50:00+03:00,0.7172195276398325,0.8258050549280485
2026-05-11 16:55:00+03:00,0.554868738441474,0.48484631321601096
2026-05-11 17:00:00+03:00,0.6483022839068747,0.6726284296231639
2026-05-11 17:05:00+03:00,0.6524799038797595,0.6814471580591651
2026-05-11 17:10:00+03:00,0.7242194236141324,0.8424979723818924
2026-05-11 17:15:00+03:00,0.7826108450572417,0.9939137810688651
2026-05-11 17:20:00+03:00,0.8006990259789543,1.0465792628115824
2026-05-11 17:25:00+03:00,0.8983723079219681,1.4250974310145699
2026-05-11 17:30:00+03:00,0.7342918080037937,0.8669864441704046
2026-05-11 17:35:00+03:00,0.7162843592139029,0.823594076292854
2026-05-11 17:40:00+03:00,0.8638381899290123,1.2658725031038742
2026-05-11 17:45:00+03:00,0.8931595406807976,1.3982949167732288
2026-05-11 17:50:00+03:00,0.9162677632751248,1.527534547504005
2026-05-11 17:55:00+03:00,0.8664751524318389,1.2767223091955224
2026-05-12 09:55:00+03:00,0.45754592208057093,0.29736856310418386
2026-05-12 10:00:00+03:00,0.9014202663475759,1.4413389580606262
2026-05-12 10:05:00+03:00,0.8308070228904001,1.1429073446599616
2026-05-12 10:10:00+03:00,0.2330905027408696,-0.19256261086586768
2026-05-12 10:15:00+03:00,0.6645163411167367,0.7071401266620654
2026-05-12 10:20:00+03:00,0.7060469554165938,0.7996700120125099
2026-05-12 10:25:00+03:00,0.5237698538726101,0.4247464463275475
2026-05-12 10:30:00+03:00,0.2223565607377784,-0.22186293783113115
2026-05-12 10:35:00+03:00,0.10689603501662134,-0.6398653229169229
2026-05-12 10:40:00+03:00,0.07417221943292497,-0.8325575359640924
2026-05-12 10:45:00+03:00,0.07251785379052449,-0.8442414947534395
2026-05-12 10:50:00+03:00,0.15943258369293667,-0.4188835949865146
2026-05-12 10:55:00+03:00,0.19883025763286227,-0.2898462361138799
2026-05-12 11:00:00+03:00,0.20797205095528398,-0.26276130339908393
2026-05-12 11:05:00+03:00,0.24231746166169535,-0.16811865201962578
2026-05-12 11:10:00+03:00,0.12302973360050198,-0.5636436178752308
2026-05-12 11:15:00+03:00,0.25583012390374904,-0.13343468304724834
2026-05-12 11:20:00+03:00,0.2821162633869921,-0.06922799253124368
2026-05-12 11:25:00+03:00,0.2926023103806449,-0.04464794254835952
2026-05-12 11:30:00+03:00,0.3466478939271459,0.0748555780687708
2026-05-12 11:35:00+03:00,0.40044894352475247,0.18535443506472649
2026-05-12 11:40:00+03:00,0.29161381201005,-0.046942484440668925
2026-05-12 11:45:00+03:00,0.4006238640747261,0.18570411141372753
2026-05-12 11:50:00+03:00,0.2976502186815727,-0.033000501870639465
2026-05-12 11:55:00+03:00,0.4356389592645809,0.25481563175304
2026-05-12 12:00:00+03:00,0.26976779369320464,-0.0988973110189415
2026-05-12 12:05:00+03:00,0.2089472250448946,-0.25992457356733095
2026-05-12 12:10:00+03:00,0.32653357189639,0.03160928219595159
2026-05-12 12:15:00+03:00,0.3464628885141962,0.07446344521237966
2026-05-12 12:20:00+03:00,0.36992232097259115,0.1234575022826056
2026-05-12 12:25:00+03:00,0.3355912870783762,0.051241697054250045
2026-05-12 12:30:00+03:00,0.396215804305316,0.17687642936053427
2026-05-12 12:35:00+03:00,0.36948816944443813,0.12256322480122343
2026-05-12 12:40:00+03:00,0.2596939230733605,-0.12374099681198583
2026-05-12 12:45:00+03:00,0.2939543199828476,-0.041516948681651705
2026-05-12 12:50:00+03:00,0.4108013669203532,0.2059657367110167
2026-05-12 12:55:00+03:00,0.49664132331928024,0.3726264641060011
2026-05-12 13:00:00+03:00,0.47456009543090694,0.3301894648073398
2026-05-12 13:05:00+03:00,0.3731082035981046,0.1300067380139404
2026-05-12 13:10:00+03:00,0.3550945871462615,0.0926569753292211
2026-05-12 13:15:00+03:00,0.2558154627070015,-0.133471647480319
2026-05-12 13:20:00+03:00,0.2560387972150208,-0.13290871762054823
2026-05-12 13:25:00+03:00,0.1782050345629399,-0.3546133028838208
2026-05-12 13:30:00+03:00,0.4419444478969441,0.26710622042012533
2026-05-12 13:35:00+03:00,0.3990200458072188,0.1824960764412425
2026-05-12 13:40:00+03:00,0.3992334426025757,0.18292317138080688
2026-05-12 13:45:00+03:00,0.30130204284893314,-0.02464526050933505
2026-05-12 13:50:00+03:00,0.3440286453124599,0.06929465545207873
2026-05-12 13:55:00+03:00,0.23104539263560667,-0.19807082968527762
2026-05-12 14:00:00+03:00,0.27012911732327194,-0.09801729156728614
2026-05-12 14:05:00+03:00,0.44049449529535384,0.26428336636207184
2026-05-12 14:10:00+03:00,0.25945329020344526,-0.1243419529570298
2026-05-12 14:15:00+03:00,0.3097820625554683,-0.005461614319235988
2026-05-12 14:20:00+03:00,0.32942100339192426,0.03789733674897694
2026-05-12 14:25:00+03:00,0.3401353050133283,0.06099129033119288
2026-05-12 14:30:00+03:00,0.48771371499148236,0.35548123811267074
2026-05-12 14:35:00+03:00,0.3289606150522822,0.03689662755160174
2026-05-12 14:40:00+03:00,0.34564414796645143,0.07272687957502312
2026-05-12 14:45:00+03:00,0.21505827080923418,-0.24236541377408377
2026-05-12 14:50:00+03:00,0.24238147849884728,-0.16795130675101239
2026-05-12 14:55:00+03:00,0.39237500634013545,0.16915723882944816
2026-05-12 15:00:00+03:00,0.2763959507374389,-0.08286998879321758
2026-05-12 15:05:00+03:00,0.5115798459570943,0.40131177379240146
2026-05-12 15:10:00+03:00,0.4390681712912447,0.2615045850543912
2026-05-12 15:15:00+03:00,0.32929807270233513,0.03763020189667553
2026-05-12 15:20:00+03:00,0.44070013543575765,0.2646838379721177
2026-05-12 15:25:00+03:00,0.5210400376323812,0.4194947738840721
2026-05-12 15:30:00+03:00,0.4206791774477662,0.22548570509966703
2026-05-12 15:35:00+03:00,0.5355504454167886,0.44744554951329873
2026-05-12 15:40:00+03:00,0.46141988238317505,0.30485558059121565
2026-05-12 15:45:00+03:00,0.4486586970071286,0.280153604306602
2026-05-12 15:50:00+03:00,0.45845969449358576,0.29913542749790634
2026-05-12 15:55:00+03:00,0.34023277383983563,0.06119971984598282
2026-05-12 16:00:00+03:00,0.5995867102267173,0.5728669588000215
2026-05-12 16:05:00+03:00,0.472470454778497,0.3261661621026556
2026-05-12 16:10:00+03:00,0.5924854079306193,0.5587102650994429
2026-05-12 16:15:00+03:00,0.5490141827289683,0.4734830876106373
2026-05-12 16:20:00+03:00,0.4537271155884717,0.2899784247642322
2026-05-12 16:25:00+03:00,0.47509272792279433,0.33121469215206395
2026-05-12 16:30:00+03:00,0.5730199985888101,0.5202795289066944
2026-05-12 16:35:00+03:00,0.6659272911110409,0.7101811426262172
2026-05-12 16:40:00+03:00,0.6534801618705071,0.6835659490516923
2026-05-12 16:45:00+03:00,0.5735724297037765,0.521363462907024
2026-05-12 16:50:00+03:00,0.45863357546293787,0.29947158106001837
2026-05-12 16:55:00+03:00,0.6244806712164886,0.6232018765100443
2026-05-12 17:00:00+03:00,0.720615612653121,0.8338718311582163
2026-05-12 17:05:00+03:00,0.6080291040489418,0.5898065904417474
2026-05-12 17:10:00+03:00,0.7255680270819242,0.8457439111943994
2026-05-12 17:15:00+03:00,0.5728051240450134,0.5198580167924935
2026-05-12 17:20:00+03:00,0.7191766954215237,0.8304466949680995
2026-05-12 17:25:00+03:00,0.7460471518007239,0.8963292367190951
2026-05-12 17:30:00+03:00,0.44199503843355537,0.2672046780163187
2026-05-12 17:35:00+03:00,0.4230773249408095,0.2302052553266233
2026-05-12 17:40:00+03:00,0.43812065563681457,0.2596575423494145
2026-05-12 17:45:00+03:00,0.7591069694143219,0.9300001585734906
2026-05-12 17:50:00+03:00,0.8520195608976495,1.219307863931791
2026-05-12 17:55:00+03:00,0.7864798608038285,1.0049004528822092
2026-05-13 09:55:00+03:00,0.7510757419636596,0.9091533808951321
2026-05-13 10:00:00+03:00,0.26333918200138867,-0.11468108257926174
2026-05-13 10:05:00+03:00,0.22843994086909958,-0.20513790056225722
2026-05-13 10:10:00+03:00,0.2200910706665959,-0.22817470360974423
2026-05-13 10:15:00+03:00,0.060830448544648454,-0.9346063141216898
2026-05-13 10:20:00+03:00,0.09055778676242665,-0.7281816512999154
2026-05-13 10:25:00+03:00,0.1353295085288108,-0.5111276047712344
2026-05-13 10:30:00+03:00,0.22752992168382669,-0.2076196007464144
2026-05-13 10:35:00+03:00,0.13738320972940216,-0.5027568498361714
2026-05-13 10:40:00+03:00,0.2322037289975877,-0.19494685468743383
2026-05-13 10:45:00+03:00,0.2158076392247486,-0.24023735429194
2026-05-13 10:50:00+03:00,0.46593055311008,0.3135618605443771
2026-05-13 10:55:00+03:00,0.6100308151437963,0.5938416525057686
2026-05-13 11:00:00+03:00,0.5698101705717794,0.5139884510655086
2026-05-13 11:05:00+03:00,0.43484213252366866,0.25325966120444027
2026-05-13 11:10:00+03:00,0.5152266166652051,0.4083184621258646
2026-05-13 11:15:00+03:00,0.5108060195535358,0.39982531955986966
2026-05-13 11:20:00+03:00,0.5444660653653812,0.4646738809930476
2026-05-13 11:25:00+03:00,0.43769112360126583,0.2588199436462286
2026-05-13 11:30:00+03:00,0.5399404465079732,0.45592250274818635
2026-05-13 11:35:00+03:00,0.7571292729276444,0.9248234757885334
2026-05-13 11:40:00+03:00,0.647529903984993,0.6710032686161914
2026-05-13 11:45:00+03:00,0.6875758888654678,0.7576945527950669
2026-05-13 11:50:00+03:00,0.6398732163779868,0.6549787402024404
2026-05-13 11:55:00+03:00,0.5427615320156554,0.46137616545331595
2026-05-13 12:00:00+03:00,0.5723402771632593,0.518946326583605
2026-05-13 12:05:00+03:00,0.5925494810360331,0.5588376435143394
2026-05-13 12:10:00+03:00,0.7028558922697098,0.7923132129247011
2026-05-13 12:15:00+03:00,0.6872141120015054,0.7568864459861948
2026-05-13 12:20:00+03:00,0.7466687846828686,0.8979053810304719
2026-05-13 12:25:00+03:00,0.5969192470232496,0.567539840098131
2026-05-13 12:30:00+03:00,0.7266522723382496,0.8483607667242896
2026-05-13 12:35:00+03:00,0.4838190834264317,0.3479976325219494
2026-05-13 12:40:00+03:00,0.4808832718759799,0.34235396936120743
2026-05-13 12:45:00+03:00,0.39048874525370625,0.1653565064455005
2026-05-13 12:50:00+03:00,0.45662285033095407,0.2955831566597953
2026-05-13 12:55:00+03:00,0.38564211337205595,0.15556014829661208
2026-05-13 13:00:00+03:00,0.3886721113705714,0.16168982936996731
2026-05-13 13:05:00+03:00,0.5064149940178222,0.3913922090255953
2026-05-13 13:10:00+03:00,0.39509468265302566,0.17462591644615083
2026-05-13 13:15:00+03:00,0.4413715147167901,0.26599103300983484
2026-05-13 13:20:00+03:00,0.47354717325681744,0.3282394517541049
2026-05-13 13:25:00+03:00,0.5875923307154859,0.5490008502885659
2026-05-13 13:30:00+03:00,0.5091959330979772,0.39673279199844536
2026-05-13 13:35:00+03:00,0.38129784949641105,0.14674023372494216
2026-05-13 13:40:00+03:00,0.3973746780736044,0.1792004254129176
2026-05-13 13:45:00+03:00,0.5698444951476532,0.5140556634524394
2026-05-13 13:50:00+03:00,0.5402517011556252,0.4565239644108903
2026-05-13 13:55:00+03:00,0.4987525509396783,0.3766800104090804
2026-05-13 14:00:00+03:00,0.3738270538874212,0.13148133147285634
2026-05-13 14:05:00+03:00,0.25356143151556426,-0.13917125890561854
2026-05-13 14:10:00+03:00,0.21850284621917612,-0.23262742108931628
2026-05-13 14:15:00+03:00,0.19641359889800367,-0.2971615973803861
2026-05-13 14:20:00+03:00,0.2750909347690352,-0.08600651589292055
2026-05-13 14:25:00+03:00,0.27650854627323435,-0.082599802022884
2026-05-13 14:30:00+03:00,0.4157550509184743,0.21577164708027669
2026-05-13 14:35:00+03:00,0.4353076212745758,0.2541687044783578
2026-05-13 14:40:00+03:00,0.3968949030898978,0.17823857018009903
2026-05-13 14:45:00+03:00,0.48913170183814875,0.35820516606718855
2026-05-13 14:50:00+03:00,0.5159581416527242,0.4097243219339511
2026-05-13 14:55:00+03:00,0.5414250553162755,0.45879187782153347
2026-05-13 15:00:00+03:00,0.4158849545653948,0.2160283315041222
2026-05-13 15:05:00+03:00,0.3839464029670034,0.15212192967218482
2026-05-13 15:10:00+03:00,0.32614011859753966,0.030750239888397812
2026-05-13 15:15:00+03:00,0.45649993921110527,0.2953453786251897
2026-05-13 15:20:00+03:00,0.5094771051359575,0.3972728169382253
2026-05-13 15:25:00+03:00,0.31757856938365286,0.011921731942812444
2026-05-13 15:30:00+03:00,0.614864913354283,0.6036174176900752
2026-05-13 15:35:00+03:00,0.5198867347852458,0.4172767724044638
2026-05-13 15:40:00+03:00,0.5432451875877174,0.46231168084050644
2026-05-13 15:45:00+03:00,0.48146563783570806,0.3434736710819132
2026-05-13 15:50:00+03:00,0.3868403371166994,0.15798626717217945
2026-05-13 15:55:00+03:00,0.4113238062021824,0.20700156794648109
2026-05-13 16:00:00+03:00,0.4575978704527826,0.29746902483291837
2026-05-13 16:05:00+03:00,0.46829730064651415,0.31812565214424426
2026-05-13 16:10:00+03:00,0.2924827371845512,-0.0449252584201251
2026-05-13 16:15:00+03:00,0.3901336087236745,0.1646401876001739
2026-05-13 16:20:00+03:00,0.3724760654675607,0.12870906862980952
2026-05-13 16:25:00+03:00,0.44057219207081433,0.26443468075194565
2026-05-13 16:30:00+03:00,0.45281524949086943,0.28821225946056306
2026-05-13 16:35:00+03:00,0.39432793851251075,0.17308549814501073
2026-05-13 16:40:00+03:00,0.46455667420595076,0.3109112704957667
2026-05-13 16:45:00+03:00,0.3139580781937125,0.0038785191007532915
2026-05-13 16:50:00+03:00,0.30670294414578114,-0.012392886296608202
2026-05-13 16:55:00+03:00,0.4841405906292642,0.3486155450632961
2026-05-13 17:00:00+03:00,0.396079119220153,0.17660216865704642
2026-05-13 17:05:00+03:00,0.6120197703715621,0.5978584081482912
2026-05-13 17:10:00+03:00,0.6363531389964475,0.6476620521333271
2026-05-13 17:15:00+03:00,0.585404367065164,0.5446704594860137
2026-05-13 17:20:00+03:00,0.5698226591443405,0.5140129053094051
2026-05-13 17:25:00+03:00,0.5352183714055979,0.4468047744035287
2026-05-13 17:30:00+03:00,0.49972766671864494,0.37855219016373126
2026-05-13 17:35:00+03:00,0.6009205736498123,0.5755351846406151
2026-05-13 17:40:00+03:00,0.49398124074229227,0.3675187738205604
2026-05-13 17:45:00+03:00,0.6449997108925359,0.6656907983678887
2026-05-13 17:50:00+03:00,0.5016398356511004,0.38222347278944846
2026-05-13 17:55:00+03:00,0.6326368740418844,0.6399704253545083
2026-05-14 09:55:00+03:00,0.2380463443492494,-0.17935255799790417
2026-05-14 10:00:00+03:00,0.49328670048458706,0.3661850739143977
2026-05-14 10:05:00+03:00,0.3640610415591732,0.11134694861152598
2026-05-14 10:10:00+03:00,0.44685783861090156,0.2766578777595301
2026-05-14 10:15:00+03:00,0.3601352440877153,0.10318899623894125
2026-05-14 10:20:00+03:00,0.45504090442440964,0.2925220078393991
2026-05-14 10:25:00+03:00,0.519399848928761,0.41634053015249056
2026-05-14 10:30:00+03:00,0.2485080546337579,-0.15207239069971723
2026-05-14 10:35:00+03:00,0.2790980118266663,-0.07640467968654033
2026-05-14 10:40:00+03:00,0.3315217567407363,0.042454592372053776
2026-05-14 10:45:00+03:00,0.35216101779693354,0.08649671038169511
2026-05-14 10:50:00+03:00,0.43930678649256133,0.2619695933422061
2026-05-14 10:55:00+03:00,0.5395513582080843,0.45517072164535555
2026-05-14 11:00:00+03:00,0.5394828267704157,0.4550383175710981
2026-05-14 11:05:00+03:00,0.4700442586967361,0.3214925301272611
2026-05-14 11:10:00+03:00,0.46052882050249266,0.3031342986229755
2026-05-14 11:15:00+03:00,0.4742232274181244,0.329540993557204
2026-05-14 11:20:00+03:00,0.44725693219672163,0.27743280631590506
2026-05-14 11:25:00+03:00,0.5131618979149142,0.4043510996304493
2026-05-14 11:30:00+03:00,0.33979610025913487,0.06026570152013626
2026-05-14 11:35:00+03:00,0.5038610784403975,0.3864882869061075
2026-05-14 11:40:00+03:00,0.35409758500166244,0.09056594176611171
2026-05-14 11:45:00+03:00,0.3755231673813458,0.13495609410224682
2026-05-14 11:50:00+03:00,0.38817967295971806,0.16069482512897043
2026-05-14 11:55:00+03:00,0.32486158257384595,0.027955057943906264
2026-05-14 12:00:00+03:00,0.2764325490364624,-0.08278215923541002
2026-05-14 12:05:00+03:00,0.26583875762807657,-0.10851517343835682
2026-05-14 12:10:00+03:00,0.2802630466600512,-0.07362891765622223
2026-05-14 12:15:00+03:00,0.2804937974726658,-0.07307997785376771
2026-05-14 12:20:00+03:00,0.25376949929502407,-0.13864373736723415
2026-05-14 12:25:00+03:00,0.2538926631074048,-0.13833161031992927
2026-05-14 12:30:00+03:00,0.2896459986294165,-0.05152392672156078
2026-05-14 12:35:00+03:00,0.27558589702188047,-0.08481582138888341
2026-05-14 12:40:00+03:00,0.23453281840029033,-0.18869814097667026
2026-05-14 12:45:00+03:00,0.33362185826582547,0.04699590732784847
2026-05-14 12:50:00+03:00,0.2593411909847545,-0.1246220329852828
2026-05-14 12:55:00+03:00,0.3271644467688841,0.032985584691212724
2026-05-14 13:00:00+03:00,0.25423290676675475,-0.1374698688559303
2026-05-14 13:05:00+03:00,0.08736464294067928,-0.7470943568794669
2026-05-14 13:10:00+03:00,0.06480159786143423,-0.9022181143418726
2026-05-14 13:15:00+03:00,0.03508002632495204,-1.211802975799646
2026-05-14 13:20:00+03:00,0.03694346579924596,-1.1860324638725994
2026-05-14 13:25:00+03:00,0.060881495782711646,-0.9341776006843954
2026-05-14 13:30:00+03:00,0.05892605927739358,-0.9508456085639998
2026-05-14 13:35:00+03:00,0.040548037998084936,-1.1395463767932543
2026-05-14 13:40:00+03:00,0.03989190576403195,-1.1477050093951142
2026-05-14 13:45:00+03:00,0.03943325664591551,-1.1534847801572037
2026-05-14 13:50:00+03:00,0.04202829687331945,-1.1215949564982564
2026-05-14 13:55:00+03:00,0.056631187887041703,-0.9710814958522132
2026-05-14 14:00:00+03:00,0.06499245029900069,-0.9007085764779823
2026-05-14 14:05:00+03:00,0.06693929119617889,-0.8855412826248437
2026-05-14 14:10:00+03:00,0.046583434235692084,-1.0699155377770648
2026-05-14 14:15:00+03:00,0.07035044684561799,-0.8599264416634881
2026-05-14 14:20:00+03:00,0.06918111132868134,-0.8685750070048966
2026-05-14 14:25:00+03:00,0.07050570334878414,-0.8587881557142488
2026-05-14 14:30:00+03:00,0.05660408793204908,-0.9713250296867624
2026-05-14 14:35:00+03:00,0.07829201223531554,-0.8044707206070426
2026-05-14 14:40:00+03:00,0.2274290691832535,-0.20789506460905038
2026-05-14 14:45:00+03:00,0.2053768595805346,-0.27035872075418804
2026-05-14 14:50:00+03:00,0.33517783013265207,0.0503513751238744
2026-05-14 14:55:00+03:00,0.34822852033576224,0.07820184673578243
2026-05-14 15:00:00+03:00,0.250780482029838,-0.14624956521437993
2026-05-14 15:05:00+03:00,0.36082678060132534,0.10462882089886383
2026-05-14 15:10:00+03:00,0.30019281346735277,-0.027176982245506437
2026-05-14 15:15:00+03:00,0.38954563459401287,0.16345371276852255
2026-05-14 15:20:00+03:00,0.30412002989157655,-0.018237141927401918
2026-05-14 15:25:00+03:00,0.2610132548395161,-0.12045250138710026
2026-05-14 15:30:00+03:00,0.24440529321818077,-0.16267628774040677
2026-05-14 15:35:00+03:00,0.21097782603344625,-0.2540487592086275
2026-05-14 15:40:00+03:00,0.301652113628527,-0.02384735554454545
2026-05-14 15:45:00+03:00,0.34964974584001113,0.08120461904288803
2026-05-14 15:50:00+03:00,0.3693967951947256,0.12237495419869053
2026-05-14 15:55:00+03:00,0.43070458360944597,0.24516946711141696
2026-05-14 16:00:00+03:00,0.47367027487207036,0.32847646117299634
2026-05-14 16:05:00+03:00,0.47584658251511075,0.3326655486979089
2026-05-14 16:10:00+03:00,0.5422655694599167,0.4604170070645708
2026-05-14 16:15:00+03:00,0.5187392090512039,0.415070285873099
2026-05-14 16:20:00+03:00,0.5786214516563962,0.5312872971997307
2026-05-14 16:25:00+03:00,0.6186371498847267,0.6112776324773405
2026-05-14 16:30:00+03:00,0.4263263181885506,0.23658794343835143
2026-05-14 16:35:00+03:00,0.329180219473525,0.037374052969284824
2026-05-14 16:40:00+03:00,0.5020417870401407,0.3829952103955102
2026-05-14 16:45:00+03:00,0.3909788439161005,0.166344662930076
2026-05-14 16:50:00+03:00,0.4949553903146071,0.36938932313155487
2026-05-14 16:55:00+03:00,0.5063812376105135,0.3913273877523877
2026-05-14 17:00:00+03:00,0.6044226893182297,0.5825551112418967
2026-05-14 17:05:00+03:00,0.7545291620713903,0.9180609656630122
2026-05-14 17:10:00+03:00,0.7101367870039973,0.8091674231442796
2026-05-14 17:15:00+03:00,0.636374118292527,0.647705568083988
2026-05-14 17:20:00+03:00,0.715919473955274,0.8227325881678809
2026-05-14 17:25:00+03:00,0.6796948307626711,0.7402033699419863
2026-05-14 17:30:00+03:00,0.582752980992849,0.5394317799812264
2026-05-14 17:35:00+03:00,0.5110125830603862,0.4002221003333409
2026-05-14 17:40:00+03:00,0.6579072041395246,0.6929783928893386
2026-05-14 17:45:00+03:00,0.6970866607844014,0.779127146928806
2026-05-14 17:50:00+03:00,0.7049403470671924,0.7971135650534679
2026-05-14 17:55:00+03:00,0.6751389288815163,0.7301961750797937
2026-05-15 09:55:00+03:00,0.9465873715613408,1.7589517917858997
2026-05-15 10:00:00+03:00,0.8875682769905521,1.3707967905678042
2026-05-15 10:05:00+03:00,0.8636103005774575,1.2649431930361517
2026-05-15 10:10:00+03:00,0.8004275123787199,1.045763016814374
2026-05-15 10:15:00+03:00,0.7250822877704785,0.8445736523216616
2026-05-15 10:20:00+03:00,0.509328512465563,0.39698742531182046
2026-05-15 10:25:00+03:00,0.430411765093071,0.24459621247499252
2026-05-15 10:30:00+03:00,0.371012784591619,0.12570176322329657
2026-05-15 10:35:00+03:00,0.3298901231109268,0.03891629303556875
2026-05-15 10:40:00+03:00,0.2200432960254245,-0.22830830629419857
2026-05-15 10:45:00+03:00,0.27203657892265287,-0.09338381260137935
2026-05-15 10:50:00+03:00,0.32402000947258597,0.026112066226496033
2026-05-15 10:55:00+03:00,0.30179638635514583,-0.023518672502455873
2026-05-15 11:00:00+03:00,0.32591008924463755,0.03024775993840126
2026-05-15 11:05:00+03:00,0.3022428376102404,-0.022502128994572518
2026-05-15 11:10:00+03:00,0.3387968072134615,0.05812607796402714
2026-05-15 11:15:00+03:00,0.4158177767122678,0.2158955936318216
2026-05-15 11:20:00+03:00,0.44263672302187773,0.2684533003271904
2026-05-15 11:25:00+03:00,0.3869992505440231,0.1583078201863299
2026-05-15 11:30:00+03:00,0.29713027512792795,-0.0341948903745419
2026-05-15 11:35:00+03:00,0.27926559815932656,-0.07600495958947234
2026-05-15 11:40:00+03:00,0.22245695835727367,-0.22158429158892856
2026-05-15 11:45:00+03:00,0.18115129412942405,-0.34501863985243897
2026-05-15 11:50:00+03:00,0.1259581013361984,-0.5507472882885253
2026-05-15 11:55:00+03:00,0.08633751501391895,-0.7533108085785144
2026-05-15 12:00:00+03:00,0.07166535985279744,-0.850358465694972
2026-05-15 12:05:00+03:00,0.07466287138139907,-0.829138412695591
2026-05-15 12:10:00+03:00,0.06727221215468063,-0.8829886986692531
2026-05-15 12:15:00+03:00,0.06541100406320091,-0.8974124347787822
2026-05-15 12:20:00+03:00,0.04245514267722642,-1.116530798137806
2026-05-15 12:25:00+03:00,0.042547763412617734,-1.115438360344624
2026-05-15 12:30:00+03:00,0.05185310879109094,-1.015814966726585
2026-05-15 12:35:00+03:00,0.06440325226051967,-0.9053821872400027
2026-05-15 12:40:00+03:00,0.06273820975715536,-0.9188081867235363
2026-05-15 12:45:00+03:00,0.08690058138558295,-0.7498947456737928
2026-05-15 12:50:00+03:00,0.08514203189246992,-0.7606310930248383
2026-05-15 12:55:00+03:00,0.20885526592194104,-0.26019166092069457
2026-05-15 13:00:00+03:00,0.2132826317759148,-0.2474294756016608
2026-05-15 13:05:00+03:00,0.23001926457022728,-0.20084740939668677
2026-05-15 13:10:00+03:00,0.21874636237223616,-0.23194319556609339
2026-05-15 13:15:00+03:00,0.39471503341892183,0.17386331672914826
2026-05-15 13:20:00+03:00,0.49543162018070325,0.3703037458670526
2026-05-15 13:25:00+03:00,0.15337627935545511,-0.4409179657536285
2026-05-15 13:30:00+03:00,0.5170047127927108,0.41173587397544475
2026-05-15 13:35:00+03:00,0.5497108010625703,0.47483372528950757
2026-05-15 13:40:00+03:00,0.43673301167814754,0.2569509419316937
2026-05-15 13:45:00+03:00,0.2588545579596685,-0.12583879940296297
2026-05-15 13:50:00+03:00,0.207569396489654,-0.26393546430970216
2026-05-15 13:55:00+03:00,0.0954274299499897,-0.7004638835171341
2026-05-15 14:00:00+03:00,0.05506805179538679,-0.9853110862899541
2026-05-15 14:05:00+03:00,0.03960504580131162,-1.1513124275897786
2026-05-15 14:10:00+03:00,0.047501670027837437,-1.0600837339510036
2026-05-15 14:15:00+03:00,0.04845679236225499,-1.0500467511976463
2026-05-15 14:20:00+03:00,0.0674544053508097,-0.8815967387761937
2026-05-15 14:25:00+03:00,0.06424015984154827,-0.9066828961362183
2026-05-15 14:30:00+03:00,0.09144917313028107,-0.7230094055021891
2026-05-15 14:35:00+03:00,0.14040027598645002,-0.49064820160342804
2026-05-15 14:40:00+03:00,0.12400973252514214,-0.5592987223052633
2026-05-15 14:45:00+03:00,0.09050462629209338,-0.7284915594119717
2026-05-15 14:50:00+03:00,0.09229423565702974,-0.7181476526819046
2026-05-15 14:55:00+03:00,0.13392498179644335,-0.5169142583344132
2026-05-15 15:00:00+03:00,0.15845149457511387,-0.4224062908400107
2026-05-15 15:05:00+03:00,0.17020373580367454,-0.3813140071068477
2026-05-15 15:10:00+03:00,0.31842975655655054,0.01380555871426059
2026-05-15 15:15:00+03:00,0.40189304398549053,0.188239766100805
2026-05-15 15:20:00+03:00,0.30127244687495097,-0.02471274181050817
2026-05-15 15:25:00+03:00,0.27108210545074923,-0.09569979634912462
2026-05-15 15:30:00+03:00,0.19381147425341966,-0.30511482187177974
2026-05-15 15:35:00+03:00,0.48325238169834983,0.3469084116385557
2026-05-15 15:40:00+03:00,0.3019107631192816,-0.02325816202436312
2026-05-15 15:45:00+03:00,0.3686816746055568,0.12090082782005017
2026-05-15 15:50:00+03:00,0.4077942123283286,0.19999566530022667
2026-05-15 15:55:00+03:00,0.4134302775453796,0.2111740386527474
2026-05-15 16:00:00+03:00,0.3507022559032096,0.0834247296194409
2026-05-15 16:05:00+03:00,0.4344022402412389,0.25240039852910423
2026-05-15 16:10:00+03:00,0.4419838425649978,0.2671828891964604
2026-05-15 16:15:00+03:00,0.3562176426801693,0.09500922675682331
2026-05-15 16:20:00+03:00,0.12611450108547675,-0.5500657703582963
2026-05-15 16:25:00+03:00,0.18733365966367752,-0.3252731602744477
2026-05-15 16:30:00+03:00,0.21490631594290124,-0.24279759182998256
2026-05-15 16:35:00+03:00,0.3623148334500086,0.10772298220217655
2026-05-15 16:40:00+03:00,0.5249589888313761,0.42703496274496666
2026-05-15 16:45:00+03:00,0.46344494973682815,0.30876569053522485
2026-05-15 16:50:00+03:00,0.3319606595762014,0.04340487887133232
2026-05-15 16:55:00+03:00,0.4690281389480154,0.31953435991392753
2026-05-15 17:00:00+03:00,0.4584009490303102,0.2990218540302686
2026-05-15 17:05:00+03:00,0.4816656160026767,0.3438581420478587
2026-05-15 17:10:00+03:00,0.34170934315858487,0.06435372626371866
2026-05-15 17:15:00+03:00,0.3737705797775451,0.1313655263378456
2026-05-15 17:20:00+03:00,0.5122818530391683,0.4026603613052141
2026-05-15 17:25:00+03:00,0.3358000681018983,0.05169107156369608
2026-05-15 17:30:00+03:00,0.29013174709063017,-0.05039130763648689
2026-05-15 17:35:00+03:00,0.30144678060547786,-0.024315300575816157
2026-05-15 17:40:00+03:00,0.611148865275738,0.5960986697809509
2026-05-15 17:45:00+03:00,0.5370745941807068,0.45038735955867093
2026-05-15 17:50:00+03:00,0.5938577198063604,0.5614398194649871
2026-05-15 17:55:00+03:00,0.7058935904996857,0.7993153794545558
2026-05-18 09:55:00+03:00,0.2261369412032543,-0.21143198099991356
2026-05-18 10:00:00+03:00,0.859910794242223,1.2500366196947972
2026-05-18 10:05:00+03:00,0.8773903342447003,1.323665245850687
2026-05-18 10:10:00+03:00,0.8767746971443713,1.320924292185207
2026-05-18 10:15:00+03:00,0.8676542375181141,1.2816323603045041
2026-05-18 10:20:00+03:00,0.8796048055418219,1.3336235490461046
2026-05-18 10:25:00+03:00,0.8579114006312137,1.2421171932520305
2026-05-18 10:30:00+03:00,0.9090668550213405,1.4841481990965815
2026-05-18 10:35:00+03:00,0.8927428207786282,1.3962024172674088
2026-05-18 10:40:00+03:00,0.8258114620146522,1.1260456714918603
2026-05-18 10:45:00+03:00,0.8335095301340071,1.1521948505035193
2026-05-18 10:50:00+03:00,0.7775232626007454,0.9796795206152985
2026-05-18 10:55:00+03:00,0.7955211832012345,1.0311544108943194
2026-05-18 11:00:00+03:00,0.7815736517918663,0.9909925903599527
2026-05-18 11:05:00+03:00,0.8476748299656094,1.2029643771420535
2026-05-18 11:10:00+03:00,0.7962024779433544,1.0331672251489583
2026-05-18 11:15:00+03:00,0.7684606708438735,0.9548874864227002
2026-05-18 11:20:00+03:00,0.7745736031827603,0.9715331501001362
2026-05-18 11:25:00+03:00,0.7655760507480435,0.947139376540582
2026-05-18 11:30:00+03:00,0.6754426642295026,0.7308610503197073
2026-05-18 11:35:00+03:00,0.7293740250298418,0.8549584966335144
2026-05-18 11:40:00+03:00,0.689453490070139,0.7618968212400324
2026-05-18 11:45:00+03:00,0.6071039672445507,0.5879441754336479
2026-05-18 11:50:00+03:00,0.6010966368629312,0.5758875998456071
2026-05-18 11:55:00+03:00,0.5235207883349043,0.42426718077530057
2026-05-18 12:00:00+03:00,0.6274732366667523,0.6293369382614068
2026-05-18 12:05:00+03:00,0.6829453792391591,0.7473893140256525
2026-05-18 12:10:00+03:00,0.5152092316607971,0.4082850528151112
2026-05-18 12:15:00+03:00,0.5333009102555087,0.44310597222240816
2026-05-18 12:20:00+03:00,0.6148559629406266,0.6035992759619804
2026-05-18 12:25:00+03:00,0.5978700688034786,0.5694373700485633
2026-05-18 12:30:00+03:00,0.657234602289863,0.6915446372396521
2026-05-18 12:35:00+03:00,0.5053790143192217,0.38940290100301617
2026-05-18 12:40:00+03:00,0.5380329943862447,0.4522378809562096
2026-05-18 12:45:00+03:00,0.46900687310174427,0.31949337314885184
2026-05-18 12:50:00+03:00,0.5805200395480844,0.5350272157389068
2026-05-18 12:55:00+03:00,0.5011672019241946,0.3813160318190211
2026-05-18 13:00:00+03:00,0.5539014800908036,0.48296698943949634
2026-05-18 13:05:00+03:00,0.472085259002513,0.32542432446299313
2026-05-18 13:10:00+03:00,0.6129531408342518,0.5997459694582143
2026-05-18 13:15:00+03:00,0.48450496519925984,0.34931581497096104
2026-05-18 13:20:00+03:00,0.3576794241954114,0.09806599009718017
2026-05-18 13:25:00+03:00,0.3933833882424144,0.17118642225910466
2026-05-18 13:30:00+03:00,0.3898938153829732,0.16415638587975392
2026-05-18 13:35:00+03:00,0.27209505662487826,-0.09324208500065673
2026-05-18 13:40:00+03:00,0.32706310619542023,0.03276459443937392
2026-05-18 13:45:00+03:00,0.41837359307583044,0.2209413699015169
2026-05-18 13:50:00+03:00,0.38624897207040904,0.1567892419055503
2026-05-18 13:55:00+03:00,0.32081889568556055,0.019078884284973632
2026-05-18 14:00:00+03:00,0.3984568106562427,0.1813684415769931
2026-05-18 14:05:00+03:00,0.4114873808293862,0.20732580291348707
2026-05-18 14:10:00+03:00,0.47238701737320277,0.32600547775234445
2026-05-18 14:15:00+03:00,0.4533361794163736,0.28922130689863845
2026-05-18 14:20:00+03:00,0.41915103936499665,0.22247450125828702
2026-05-18 14:25:00+03:00,0.39815424915776976,0.1807624709812302
2026-05-18 14:30:00+03:00,0.3124958042506112,0.0006157435208301726
2026-05-18 14:35:00+03:00,0.28261335636499463,-0.06805051224659403
2026-05-18 14:40:00+03:00,0.14342135406863024,-0.4787396650357174
2026-05-18 14:45:00+03:00,0.12228791099446805,-0.5669523693879376
2026-05-18 14:50:00+03:00,0.21473586809791143,-0.24328263033500452
2026-05-18 14:55:00+03:00,0.15846673742407064,-0.4223514247607931
2026-05-18 15:00:00+03:00,0.16878871606656945,-0.38613896131273195
2026-05-18 15:05:00+03:00,0.11427612412298371,-0.6038380692410009
2026-05-18 15:10:00+03:00,0.1360007525713547,-0.5083799562919583
2026-05-18 15:15:00+03:00,0.2795667094764975,-0.07528713008184806
2026-05-18 15:20:00+03:00,0.16039473591240136,-0.4154459134880396
2026-05-18 15:25:00+03:00,0.24491136737893304,-0.16136184684845212
2026-05-18 15:30:00+03:00,0.15291367801449665,-0.4426300517234705
2026-05-18 15:35:00+03:00,0.12578464659342042,-0.5515039715939563
2026-05-18 15:40:00+03:00,0.09865515028704634,-0.6827816192623306
2026-05-18 15:45:00+03:00,0.04545906748551692,-1.0822086462937823
2026-05-18 15:50:00+03:00,0.08373661935734626,-0.7693570155238011
2026-05-18 15:55:00+03:00,0.04312642848235404,-1.108664161534946
2026-05-18 16:00:00+03:00,0.06980523794541554,-0.8639422029186599
2026-05-18 16:05:00+03:00,0.07025068659482851,-0.8606590745950817
2026-05-18 16:10:00+03:00,0.03652101083342084,-1.191763337612388
2026-05-18 16:15:00+03:00,0.14884021187862098,-0.4578924700215954
2026-05-18 16:20:00+03:00,0.09670962229450243,-0.6933767174971737
2026-05-18 16:25:00+03:00,0.12864558456613445,-0.5391357071245653
2026-05-18 16:30:00+03:00,0.14161808507640017,-0.48582232894598865
2026-05-18 16:35:00+03:00,0.12786318722437195,-0.5424946048160345
2026-05-18 16:40:00+03:00,0.2337444850913268,-0.19080830961090434
2026-05-18 16:45:00+03:00,0.15494628731659915,-0.4351387035333567
2026-05-18 16:50:00+03:00,0.10977559337584969,-0.6255564449550792
2026-05-18 16:55:00+03:00,0.1672184262829548,-0.39153124472544826
2026-05-18 17:00:00+03:00,0.23379005935143857,-0.1906861843655862
2026-05-18 17:05:00+03:00,0.20055037018694064,-0.28468000056361115
2026-05-18 17:10:00+03:00,0.20521629677863934,-0.27083109737027383
2026-05-18 17:15:00+03:00,0.19878094409633143,-0.2899948398948027
2026-05-18 17:20:00+03:00,0.2554330305626482,-0.13443634334307444
2026-05-18 17:25:00+03:00,0.27797873230228876,-0.07907812289505692
2026-05-18 17:30:00+03:00,0.23483778849381942,-0.18788313351987773
2026-05-18 17:35:00+03:00,0.18712068054115508,-0.32594494364655624
2026-05-18 17:40:00+03:00,0.20165235279447452,-0.2813877024080644
2026-05-18 17:45:00+03:00,0.3761270448549195,0.13619172011897096
2026-05-18 17:50:00+03:00,0.3556930206683208,0.09391081466687597
2026-05-18 17:55:00+03:00,0.417469970598708,0.21915841222664667
2026-05-20 09:55:00+03:00,0.39355174545706,0.17152503164876737
2026-05-20 10:00:00+03:00,0.8890442132332539,1.3779370146920262
2026-05-20 10:05:00+03:00,0.8233550239833785,1.1178941933779276
2026-05-20 10:10:00+03:00,0.8081716662076752,1.0693808940887906
2026-05-20 10:15:00+03:00,0.7423584375933732,0.8870283581710431
2026-05-20 10:20:00+03:00,0.8822049297309146,1.3455199757510803
2026-05-20 10:25:00+03:00,0.7839614013716045,0.9977326688484704
2026-05-20 10:30:00+03:00,0.7707571925432586,0.9611043005901004
2026-05-20 10:35:00+03:00,0.7971827910643978,1.0360722631019046
2026-05-20 10:40:00+03:00,0.8947454505399604,1.4063246493436823
2026-05-20 10:45:00+03:00,0.6277213799199074,0.6298465493021744
2026-05-20 10:50:00+03:00,0.45887006199281166,0.2999287349255291
2026-05-20 10:55:00+03:00,0.35606229201861644,0.09468404126687696
2026-05-20 11:00:00+03:00,0.13569124235768404,-0.5096454715439146
2026-05-20 11:05:00+03:00,0.2768426975613468,-0.08179836498131682
2026-05-20 11:10:00+03:00,0.2704773993472861,-0.09716973704347812
2026-05-20 11:15:00+03:00,0.21830214703476816,-0.23319175363643713
2026-05-20 11:20:00+03:00,0.18011045950943036,-0.34839416516097704
2026-05-20 11:25:00+03:00,0.2494537802432472,-0.14964478164104628
2026-05-20 11:30:00+03:00,0.31746577495604267,0.01167189579617292
2026-05-20 11:35:00+03:00,0.22469082444152408,-0.21540741366383964
2026-05-20 11:40:00+03:00,0.22836051952093525,-0.2053542116892571
2026-05-20 11:45:00+03:00,0.28805921557618824,-0.05523169595796687
2026-05-20 11:50:00+03:00,0.2973273896473829,-0.03374194692314986
2026-05-20 11:55:00+03:00,0.34262115266793364,0.06629810931842989
2026-05-20 12:00:00+03:00,0.4180772530961794,0.22035677459880443
2026-05-20 12:05:00+03:00,0.41013282905377485,0.20463965612768398
2026-05-20 12:10:00+03:00,0.33702342039657934,0.054321413979652164
2026-05-20 12:15:00+03:00,0.39044258423576855,0.16526341182607202
2026-05-20 12:20:00+03:00,0.4685494550486734,0.3186117149144042
2026-05-20 12:25:00+03:00,0.46999325255924407,0.32139424745027334
2026-05-20 12:30:00+03:00,0.363792481790638,0.11079008340905018
2026-05-20 12:35:00+03:00,0.3335918238817631,0.04693106128473936
2026-05-20 12:40:00+03:00,0.3294040133707034,0.037860419560792946
2026-05-20 12:45:00+03:00,0.3062067818642731,-0.013513388713177615
2026-05-20 12:50:00+03:00,0.3178993015976246,0.012631884760429174
2026-05-20 12:55:00+03:00,0.4246177835244407,0.23323309969572578
2026-05-20 13:00:00+03:00,0.3910210000474137,0.16642963906200586
2026-05-20 13:05:00+03:00,0.41686442944874436,0.21796299417027548
2026-05-20 13:10:00+03:00,0.40286078589532637,0.19017142090883227
2026-05-20 13:15:00+03:00,0.30217070453571204,-0.022666314090811324
2026-05-20 13:20:00+03:00,0.32415920329091347,0.02641706349771268
2026-05-20 13:25:00+03:00,0.3613974064306645,0.10581599666332331
2026-05-20 13:30:00+03:00,0.34105479430375313,0.06295639897911454
2026-05-20 13:35:00+03:00,0.4649269436152982,0.3116257224293292
2026-05-20 13:40:00+03:00,0.46619388103618914,0.3140697773781747
2026-05-20 13:45:00+03:00,0.410551199027289,0.2054695921121339
2026-05-20 13:50:00+03:00,0.3330953743489991,0.045858773838927336
2026-05-20 13:55:00+03:00,0.2469963019121684,-0.1559658318708541
2026-05-20 14:00:00+03:00,0.17341700517384565,-0.3704745188722409
2026-05-20 14:05:00+03:00,0.2084788594880574,-0.2612858042480746
2026-05-20 14:10:00+03:00,0.20522340693092544,-0.2708101734647509
2026-05-20 14:15:00+03:00,0.19141736683856084,-0.3125042129007551
2026-05-20 14:20:00+03:00,0.23081462464009248,-0.19869450649667797
2026-05-20 14:25:00+03:00,0.26242827590515844,-0.11693742218882947
2026-05-20 14:30:00+03:00,0.28348754585873437,-0.0659828308199667
2026-05-20 14:35:00+03:00,0.29033373163562903,-0.049920670689350605
2026-05-20 14:40:00+03:00,0.3252993831510147,0.028912833445169706
2026-05-20 14:45:00+03:00,0.30082911313454336,-0.02572403176046867
2026-05-20 14:50:00+03:00,0.37698291439761866,0.13794161268715396
2026-05-20 14:55:00+03:00,0.40037620538309027,0.1852090123636776
2026-05-20 15:00:00+03:00,0.28336577731670604,-0.0662706130627865
2026-05-20 15:05:00+03:00,0.29196001885196976,-0.04613833612966681
2026-05-20 15:10:00+03:00,0.257596613098481,-0.1289910546580305
2026-05-20 15:15:00+03:00,0.2428486742711102,-0.16673092755183
2026-05-20 15:20:00+03:00,0.13732853405089465,-0.5029783354455849
2026-05-20 15:25:00+03:00,0.1061520243112738,-0.6436174758323349
2026-05-20 15:30:00+03:00,0.2492264601139575,-0.1502277336143913
2026-05-20 15:35:00+03:00,0.2517832188070018,-0.14369134375582332
2026-05-20 15:40:00+03:00,0.21508076763084313,-0.24230144893158428
2026-05-20 15:45:00+03:00,0.1793559124914652,-0.35085076064964277
2026-05-20 15:50:00+03:00,0.2621020540845701,-0.1177467088418947
2026-05-20 15:55:00+03:00,0.3431489429905633,0.06742246008158143
2026-05-20 16:00:00+03:00,0.28091210032064867,-0.0720855669993721
2026-05-20 16:05:00+03:00,0.2674607597866604,-0.10453382625073723
2026-05-20 16:10:00+03:00,0.2307629547506315,-0.1988342100484881
2026-05-20 16:15:00+03:00,0.2381697726186687,-0.17902598715896512
2026-05-20 16:20:00+03:00,0.3584954245142511,0.09976993577445231
2026-05-20 16:25:00+03:00,0.4042915675045821,0.19302456318470548
2026-05-20 16:30:00+03:00,0.3472688958862256,0.07617112102848045
2026-05-20 16:35:00+03:00,0.6203832136221585,0.6148331220939256
2026-05-20 16:40:00+03:00,0.6332313045248531,0.6411985114998903
2026-05-20 16:45:00+03:00,0.6549721317481411,0.686731656241047
2026-05-20 16:50:00+03:00,0.7270375918594919,0.8492923040608478
2026-05-20 16:55:00+03:00,0.6829226366513789,0.7473389011227917
2026-05-20 17:00:00+03:00,0.6608286020160637,0.6992216261910782
2026-05-20 17:05:00+03:00,0.44752591531686436,0.277955022096104
2026-05-20 17:10:00+03:00,0.4834598054938789,0.3473070970111405
2026-05-20 17:15:00+03:00,0.9794879050500639,2.2347153035603706
2026-05-20 17:20:00+03:00,0.9759365416171545,2.156327504637539
2026-05-20 17:25:00+03:00,0.9264466866374912,1.5950503155157507
2026-05-20 17:30:00+03:00,0.636413068483565,0.6477863627137468
2026-05-20 17:35:00+03:00,0.7117908231754454,0.8130308830327109
2026-05-20 17:40:00+03:00,0.712426061144606,0.8145181596380706
2026-05-20 17:45:00+03:00,0.7002952563197481,0.7864427648236033
2026-05-20 17:50:00+03:00,0.48717216851838874,0.3544408389399114
2026-05-20 17:55:00+03:00,0.7133022472861467,0.8165727851393686
2026-05-21 09:55:00+03:00,0.22172722774492162,-0.2236116560159706
2026-05-21 10:00:00+03:00,0.731011448566141,0.8589478373912218
2026-05-21 10:05:00+03:00,0.5006384816356727,0.3803009111933373
2026-05-21 10:10:00+03:00,0.4985693705559858,0.3763283104613648
2026-05-21 10:15:00+03:00,0.7261935161897504,0.8472527586367947
2026-05-21 10:20:00+03:00,0.7032965993076377,0.7933265009415015
2026-05-21 10:25:00+03:00,0.48849000711849144,0.35697252597576057
2026-05-21 10:30:00+03:00,0.37365840971701564,0.13113549082790144
2026-05-21 10:35:00+03:00,0.28286613201500144,-0.06745223586445195
2026-05-21 10:40:00+03:00,0.20217722694325693,-0.27982430921748347
2026-05-21 10:45:00+03:00,0.21469425665337527,-0.24340108529300686
2026-05-21 10:50:00+03:00,0.19789212156201444,-0.29267802767237877
2026-05-21 10:55:00+03:00,0.18905701800785774,-0.31985879052314914
2026-05-21 11:00:00+03:00,0.2974776429452739,-0.033396800784037145
2026-05-21 11:05:00+03:00,0.26751710451229366,-0.10439579942829824
2026-05-21 11:10:00+03:00,0.3107549498509976,-0.0032795111662048265
2026-05-21 11:15:00+03:00,0.40453431009458624,0.19350829641633188
2026-05-21 11:20:00+03:00,0.3120376190237908,-0.000408317022586549
2026-05-21 11:25:00+03:00,0.24368673309598762,-0.1645457922026211
2026-05-21 11:30:00+03:00,0.18472620383811897,-0.3335385204370064
2026-05-21 11:35:00+03:00,0.2880479053439852,-0.05525816761817545
2026-05-21 11:40:00+03:00,0.346661424256327,0.07488425276007121
2026-05-21 11:45:00+03:00,0.21195170757848983,-0.25124540573978016
2026-05-21 11:50:00+03:00,0.20786423057475753,-0.2630755485946562
2026-05-21 11:55:00+03:00,0.22695273917615583,-0.20919725693268754
2026-05-21 12:00:00+03:00,0.13161942322233186,-0.5265254123609846
2026-05-21 12:05:00+03:00,0.0651603970843398,-0.899383617721961
2026-05-21 12:10:00+03:00,0.12510574906034733,-0.554474230584917
2026-05-21 12:15:00+03:00,0.10071248668146503,-0.6717781479826413
2026-05-21 12:20:00+03:00,0.07647199357251772,-0.8167073741660168
2026-05-21 12:25:00+03:00,0.07342371696661493,-0.837813795242592
2026-05-21 12:30:00+03:00,0.09027658130551093,-0.7298228496325244
2026-05-21 12:35:00+03:00,0.07018551995593454,-0.8611381737437279
2026-05-21 12:40:00+03:00,0.07485848359841607,-0.8277810399564832
2026-05-21 12:45:00+03:00,0.0943286897738881,-0.7066051330483918
2026-05-21 12:50:00+03:00,0.07654043554367866,-0.8162424072282711
2026-05-21 12:55:00+03:00,0.06302615372511444,-0.9164627856057586
2026-05-21 13:00:00+03:00,0.052957357096237265,-1.0051412692276236
2026-05-21 13:05:00+03:00,0.0467743387502105,-1.067856390996921
2026-05-21 13:10:00+03:00,0.03216288191747118,-1.254923884331113
2026-05-21 13:15:00+03:00,0.038884481246500235,-1.1604856171854925
2026-05-21 13:20:00+03:00,0.0341167976308477,-1.2256457313406213
2026-05-21 13:25:00+03:00,0.03350135236943379,-1.2346891993332334
2026-05-21 13:30:00+03:00,0.02738045980942558,-1.334559923480923
2026-05-21 13:35:00+03:00,0.0072334037489427796,-1.9833222803595212
2026-05-21 13:40:00+03:00,0.013162374594090913,-1.6931011327221366
2026-05-21 13:45:00+03:00,0.008774026406274909,-1.8898978523940548
2026-05-21 13:50:00+03:00,0.00438241160780437,-2.2252256782837927
2026-05-21 13:55:00+03:00,0.0024190225185859175,-2.511397168184606
2026-05-21 14:00:00+03:00,0.0035380562559288874,-2.328360368531087
2026-05-21 14:05:00+03:00,0.002886892104108637,-2.4263019970747477
2026-05-21 14:10:00+03:00,0.004711839466545429,-2.190277696468788
2026-05-21 14:15:00+03:00,0.008308662549487315,-1.916281119950253
2026-05-21 14:20:00+03:00,0.0119721336871736,-1.7391732365664239
2026-05-21 14:25:00+03:00,0.015496096827191757,-1.6136182797366305
2026-05-21 14:30:00+03:00,0.026921943195774074,-1.3428921476676352
2026-05-21 14:35:00+03:00,0.03522070375074697,-1.2098120011789713
2026-05-21 14:40:00+03:00,0.03200932403662373,-1.257297166861634
2026-05-21 14:45:00+03:00,0.029568314863947398,-1.2965805451545667
2026-05-21 14:50:00+03:00,0.024713187588460486,-1.3850696227344461
2026-05-21 14:55:00+03:00,0.03112311969967836,-1.2712126789788734
2026-05-21 15:00:00+03:00,0.027239624075301547,-1.337104685809787
2026-05-21 15:05:00+03:00,0.023716659296287742,-1.4053157709056836
2026-05-21 15:10:00+03:00,0.0190683632803878,-1.5123036445119857
2026-05-21 15:15:00+03:00,0.00861116050393614,-1.8989701079090402
2026-05-21 15:20:00+03:00,0.010996179597814786,-1.7804623398883528
2026-05-21 15:25:00+03:00,0.010519978328890863,-1.8019433005749554
2026-05-21 15:30:00+03:00,0.010118646810059547,-1.820807649409652
2026-05-21 15:35:00+03:00,0.011192306342365921,-1.7718815818600127
2026-05-21 15:40:00+03:00,0.023584936941464442,-1.4080538111925527
2026-05-21 15:45:00+03:00,0.023147122831569104,-1.4172628783082792
2026-05-21 15:50:00+03:00,0.018626395537644194,-1.5237760050726807
2026-05-21 15:55:00+03:00,0.014610927554181712,-1.6422817904769538
2026-05-21 16:00:00+03:00,0.024818603561784173,-1.3829746693048754
2026-05-21 16:05:00+03:00,0.026732826474889834,-1.3463690595879734
2026-05-21 16:10:00+03:00,0.0215758460932293,-1.4517755650304272
2026-05-21 16:15:00+03:00,0.021906007838424526,-1.444324245223428
2026-05-21 16:20:00+03:00,0.02589363534771865,-1.362091990757859
2026-05-21 16:25:00+03:00,0.026186050287108496,-1.3565577929141392
2026-05-21 16:30:00+03:00,0.045831064199430685,-1.0781097411777956
2026-05-21 16:35:00+03:00,0.03168934292556994,-1.2622781470036488
2026-05-21 16:40:00+03:00,0.09397490152585686,-0.708596219235132
2026-05-21 16:45:00+03:00,0.15507234309468446,-0.434676765961443
2026-05-21 16:50:00+03:00,0.18660168814326417,-0.3275844294658794
2026-05-21 16:55:00+03:00,0.3940357560579898,0.1724982177893813
2026-05-21 17:00:00+03:00,0.5335049271278899,0.4434994307065424
2026-05-21 17:05:00+03:00,0.7818894804881908,0.991881040980972
2026-05-21 17:10:00+03:00,0.7503323241314344,0.907246693693847
2026-05-21 17:15:00+03:00,0.8015771272794219,1.0492248154903057
2026-05-21 17:25:00+03:00,0.5961636461932852,0.5660329443628629
2026-05-21 17:30:00+03:00,0.488679514595478,0.35733656085883836
2026-05-21 17:35:00+03:00,0.8793882089978788,1.332642596270938
2026-05-21 17:40:00+03:00,0.9603174682590729,1.9084856510919415
2026-05-22 09:55:00+03:00,0.7476506412693186,0.9004000848300003
2026-05-22 10:00:00+03:00,0.739059985588648,0.8787848876762829
2026-05-22 10:05:00+03:00,0.19136544368544472,-0.3126652516927257
2026-05-22 10:10:00+03:00,0.5757650158725989,0.525669153264857
2026-05-22 10:15:00+03:00,0.4635029127723278,0.30887757382046277
2026-05-22 10:20:00+03:00,0.46140283951900224,0.3048226630536812
2026-05-22 10:25:00+03:00,0.5229976565080098,0.42326061486159766
2026-05-22 10:30:00+03:00,0.5109348539858873,0.40007279237290305
2026-05-22 10:35:00+03:00,0.45267282409695386,0.2879363450272714
2026-05-22 10:40:00+03:00,0.39700517140644875,0.17845967175337485
2026-05-22 10:45:00+03:00,0.45590403086367975,0.2941924167090233
2026-05-22 10:50:00+03:00,0.35550383535769037,0.09351453551495159
2026-05-22 10:55:00+03:00,0.3621009834603388,0.10727865550006532
2026-05-22 11:00:00+03:00,0.3217276299174111,0.021079196523980506
2026-05-22 11:05:00+03:00,0.279787003740156,-0.07476226275855133
2026-05-22 11:10:00+03:00,0.8449847489241534,1.1930360581811623
2026-05-22 11:15:00+03:00,0.8456914635789995,1.1956306031248893
2026-05-22 11:20:00+03:00,0.852675963874576,1.221811346230114
2026-05-22 11:25:00+03:00,0.8155368248568867,1.0925273998951306
2026-05-22 11:30:00+03:00,0.7911295359198073,1.0182976269323354
2026-05-22 11:35:00+03:00,0.7465632784173201,0.8976376910969851
2026-05-22 11:40:00+03:00,0.8996359677819993,1.4317777968773602
2026-05-22 11:45:00+03:00,0.954032787357345,1.8347675952689282
2026-05-22 11:50:00+03:00,0.9767148562577281,2.172491612377306
2026-05-22 11:55:00+03:00,0.9780491269727617,2.2014702947048868
2026-05-22 12:00:00+03:00,0.9833161213392595,2.3357395780614447
2026-05-22 12:05:00+03:00,0.9790641245886877,2.2246920760578472
2026-05-22 12:10:00+03:00,0.9359980089632577,1.6667380104202894
2026-05-22 12:15:00+03:00,0.966649478666479,1.9950801121947712
2026-05-22 12:20:00+03:00,0.972567410158587,2.091771323786144
2026-05-22 12:25:00+03:00,0.9825643563433835,2.314217640759369
2026-05-22 12:30:00+03:00,0.9895527104742083,2.563456706795431
2026-05-22 12:35:00+03:00,0.9875471372931361,2.478193219847073
2026-05-22 12:40:00+03:00,0.9841155452613938,2.359697988017394
2026-05-22 12:45:00+03:00,0.9853459490590196,2.398996325692443
2026-05-22 12:50:00+03:00,0.9839830929473004,2.3556476045423143
2026-05-22 12:55:00+03:00,0.9642486201193482,1.9605199119066818
2026-05-22 13:00:00+03:00,0.9476423228318449,1.7690615288894243
2026-05-22 13:05:00+03:00,0.8872721698035689,1.3693741679949711
2026-05-22 13:10:00+03:00,0.886510203875646,1.3657283040713322
2026-05-22 13:15:00+03:00,0.8955024422806632,1.4101951179357632
2026-05-22 13:20:00+03:00,0.8976144707119196,1.4211263706126223
2026-05-22 13:25:00+03:00,0.9304323719216436,1.6238515258985455
2026-05-22 13:30:00+03:00,0.9515546419240334,1.8083159081632711
2026-05-22 13:35:00+03:00,0.9490517247514344,1.7828726206531287
2026-05-22 13:40:00+03:00,0.9723090046590566,2.0871436194934683
2026-05-22 13:45:00+03:00,0.9544359161653452,1.8391983945610884
2026-05-22 13:50:00+03:00,0.9409370316131973,1.7078119750576948
2026-05-22 13:55:00+03:00,0.938233594942338,1.6849488387728808
2026-05-22 14:00:00+03:00,0.9394165308558902,1.69483541564714
2026-05-22 14:05:00+03:00,0.9404534957054934,1.7036516919443794
2026-05-22 14:10:00+03:00,0.9495869358633517,1.7882121688748458
2026-05-22 14:15:00+03:00,0.954408470301825,1.8388955545955832
2026-05-22 14:20:00+03:00,0.9580235746193619,1.8803638283014492
2026-05-22 14:25:00+03:00,0.9747759504408338,2.133147278414489
2026-05-22 14:30:00+03:00,0.9812311493773656,2.2781994483034738
2026-05-22 14:35:00+03:00,0.9816949779403439,2.2904370986372524
2026-05-22 14:40:00+03:00,0.9804338976952738,2.2578418143756678
2026-05-22 14:45:00+03:00,0.9831063429887696,2.3296395645697268
2026-05-22 14:50:00+03:00,0.9855511479594458,2.405864986651489
2026-05-22 14:55:00+03:00,0.992840588546272,2.7464433674053628
2026-05-22 15:00:00+03:00,0.9946192637250384,2.8843882503948306
2026-05-22 15:05:00+03:00,0.9982594316551167,3.42786249139251
2026-05-22 15:10:00+03:00,0.9961510989215324,3.0459408669247447
2026-05-22 15:15:00+03:00,0.9957734908682169,3.000837440590005
2026-05-22 15:20:00+03:00,0.9941421327349246,2.843377995035427
2026-05-22 15:25:00+03:00,0.9932079629778902,2.77190520213784
2026-05-22 15:30:00+03:00,0.9944962280805789,2.8734770946403057
2026-05-22 15:35:00+03:00,0.9913476605810407,2.654810433809713
2026-05-22 15:40:00+03:00,0.9914790786227592,2.662220397568386
2026-05-22 15:45:00+03:00,0.9931770843834898,2.7697130589921333
2026-05-22 15:50:00+03:00,0.9940274747208996,2.8340184321375936
2026-05-22 15:55:00+03:00,0.9950484746848584,2.9244965065428095
2026-05-22 16:00:00+03:00,0.9935536948565598,2.797148633302878
2026-05-22 16:05:00+03:00,0.9937675796992503,2.8134478784122274
2026-05-22 16:10:00+03:00,0.9983027131829403,3.439969735578931
2026-05-22 16:15:00+03:00,0.9991505583826173,3.7726281725418955
2026-05-22 16:20:00+03:00,0.9993582490792978,3.9073064245060416
2026-05-22 16:25:00+03:00,0.9997043008480113,4.279394868795085
2026-05-22 16:30:00+03:00,0.9997922233467231,4.448814630043491
2026-05-22 16:35:00+03:00,0.9998076667823321,4.485893589565104
2026-05-22 16:40:00+03:00,0.9922945043445487,2.7108972969292204
2026-05-22 16:45:00+03:00,0.9739021068284038,2.1163699946267815
2026-05-22 16:50:00+03:00,0.9486121143173116,1.7785263942678222
2026-05-22 16:55:00+03:00,0.9379629326338977,1.6827116249356562
2026-05-22 17:00:00+03:00,0.9339201058564363,1.65033548752384
2026-05-22 17:05:00+03:00,0.9415916165787813,1.713495096252388
2026-05-22 17:10:00+03:00,0.9692085108949209,2.0346689826538293
2026-05-22 17:15:00+03:00,0.9790577055040077,2.224541784036957
2026-05-22 17:20:00+03:00,0.9667473081024724,1.996538738014679
2026-05-22 17:25:00+03:00,0.900677325939769,1.437339357174264
2026-05-22 17:30:00+03:00,0.9291530359808423,1.6144443854717778
2026-05-22 17:35:00+03:00,0.9557512953145139,1.8539200525011807
2026-05-22 17:40:00+03:00,0.9549035111275405,1.844384748136504
2026-05-22 17:45:00+03:00,0.9504044504455537,1.7964726602064056
2026-05-22 17:50:00+03:00,0.95348852337544,1.8288438887617118
2026-05-22 17:55:00+03:00,0.9552961908593123,1.8487799092395354
2026-05-25 09:55:00+03:00,0.20782544216381676,-0.2631886277928723
2026-05-25 10:00:00+03:00,0.1636686743182855,-0.4038718565334767
2026-05-25 10:05:00+03:00,0.22319741299192425,-0.2195319803356643
2026-05-25 10:10:00+03:00,0.37553100338468437,0.13497213283192977
2026-05-25 10:15:00+03:00,0.5178434978037701,0.4133482588298203
2026-05-25 10:20:00+03:00,0.26485783710608574,-0.1109304487085982
2026-05-25 10:25:00+03:00,0.3014455833853091,-0.024318029519633216
2026-05-25 10:30:00+03:00,0.421061841494558,0.22623927533449706
2026-05-25 10:35:00+03:00,0.3996933110410303,0.18384329759399365
2026-05-25 10:40:00+03:00,0.4469763290224317,0.2768879669616242
2026-05-25 10:45:00+03:00,0.6267433212545804,0.6278387113558241
2026-05-25 10:50:00+03:00,0.7553604855751676,0.9202178235002061
2026-05-25 10:55:00+03:00,0.7382786797031289,0.8768421635775341
2026-05-25 11:00:00+03:00,0.7750956224750303,0.9729693215619261
2026-05-25 11:05:00+03:00,0.8961735217380353,1.413647085163449
2026-05-25 11:10:00+03:00,0.3625189640771461,0.10814700886831528
2026-05-25 11:15:00+03:00,0.4557440624876969,0.29388286886113696
2026-05-25 11:20:00+03:00,0.3763867491215388,0.13672287246019105
2026-05-25 11:25:00+03:00,0.3088555486148331,-0.007543220051483057
2026-05-25 11:30:00+03:00,0.39448353513265555,0.17339818197006723
2026-05-25 11:35:00+03:00,0.8836901445391814,1.3524177535529422
2026-05-25 11:40:00+03:00,0.855245933719075,1.2317028167565187
2026-05-25 11:45:00+03:00,0.8161876689929306,1.0946068472089896
2026-05-25 11:50:00+03:00,0.8391471679275536,1.1719651524315702
2026-05-25 11:55:00+03:00,0.8453704068096068,1.194450714066209
2026-05-25 12:00:00+03:00,0.7617450048293523,0.9369506839553171
2026-05-25 12:05:00+03:00,0.8415393312497015,1.1805233819400736
2026-05-25 12:10:00+03:00,0.7282874046941262,0.85231948478984
2026-05-25 12:15:00+03:00,0.7373483434986562,0.8745337501562093
2026-05-25 12:20:00+03:00,0.7440725519607985,0.8913394542510485
2026-05-25 12:25:00+03:00,0.732916950825056,0.8636096891142432
2026-05-25 12:30:00+03:00,0.8525146516092773,1.2211952572950497
2026-05-25 12:35:00+03:00,0.8114313716427844,1.0795394429512561
2026-05-25 12:40:00+03:00,0.8849526021889559,1.3583413794277006
2026-05-25 12:45:00+03:00,0.900144701073597,1.434488335698433
2026-05-25 12:50:00+03:00,0.8977496453370111,1.421832771307414
2026-05-25 12:55:00+03:00,0.9190808688292987,1.5454089339863866
2026-05-25 13:00:00+03:00,0.9287330422498955,1.6113903189110073
2026-05-25 13:05:00+03:00,0.9435102443352499,1.730503798807755
2026-05-25 13:10:00+03:00,0.9291429218675624,1.614370642452872
2026-05-25 13:15:00+03:00,0.8763095755593909,1.3188612618270983
2026-05-25 13:20:00+03:00,0.7811304580053506,0.9897474111772472
2026-05-25 13:25:00+03:00,0.7995327040064375,1.043078856323496
2026-05-25 13:30:00+03:00,0.788332942216075,1.0102139177281586
2026-05-25 13:35:00+03:00,0.7964352864363506,1.033856180857169
2026-05-25 13:40:00+03:00,0.6945491459219957,0.7733725955240163
2026-05-25 13:45:00+03:00,0.6969136942406414,0.7787340342221014
2026-05-25 13:50:00+03:00,0.6843836425325474,0.7505814268555085
2026-05-25 13:55:00+03:00,0.6837025463303004,0.7490688150043184
2026-05-25 14:00:00+03:00,0.19360544242555602,-0.30574799706087097
2026-05-25 14:05:00+03:00,0.1652560340436813,-0.39832718403429845
2026-05-25 14:10:00+03:00,0.20370052136030595,-0.2753040966762706
2026-05-25 14:15:00+03:00,0.11972731563008822,-0.5785078405185168
2026-05-25 14:20:00+03:00,0.13709096510149635,-0.5039415649988102
2026-05-25 14:25:00+03:00,0.18892741105765465,-0.32026466299493717
2026-05-25 14:30:00+03:00,0.27673431980562235,-0.08205823549936533
2026-05-25 14:35:00+03:00,0.2951608229754043,-0.03873001057263972
2026-05-25 14:40:00+03:00,0.19353834981583048,-0.3059542959827841
2026-05-25 14:45:00+03:00,0.15750100561095232,-0.42583603934636727
2026-05-25 14:50:00+03:00,0.2357770530293024,-0.1853776237090735
2026-05-25 14:55:00+03:00,0.265103158392411,-0.11032587019076842
2026-05-25 15:00:00+03:00,0.21822076965049733,-0.23342067977434305
2026-05-25 15:05:00+03:00,0.28061120023894076,-0.07280079077572155
2026-05-25 15:10:00+03:00,0.18775310310987445,-0.323951858959453
2026-05-25 15:15:00+03:00,0.1258819725140241,-0.5510792846648259
2026-05-25 15:20:00+03:00,0.09709122239905305,-0.691283675648531
2026-05-25 15:25:00+03:00,0.3846832855581679,0.15361672862295578
2026-05-25 15:30:00+03:00,0.6352027529375683,0.6452775242075243
2026-05-25 15:35:00+03:00,0.6242367632042499,0.6227027061241028
2026-05-25 15:40:00+03:00,0.6596792443219648,0.6967622763817183
2026-05-25 15:45:00+03:00,0.775337452308725,0.9736354419911141
2026-05-25 15:50:00+03:00,0.7633852626558483,0.9412990116541008
2026-05-25 15:55:00+03:00,0.8444693576264536,1.1911499984161193
2026-05-25 16:00:00+03:00,0.8954433710344014,1.4098921999585854
2026-05-25 16:05:00+03:00,0.8511157514818641,1.215875759173004
2026-05-25 16:10:00+03:00,0.844297012825767,1.190520445334477
2026-05-25 16:15:00+03:00,0.7983035880093922,1.0394064643399379
2026-05-25 16:20:00+03:00,0.7865932217194685,1.0052245320654483
2026-05-25 16:25:00+03:00,0.9047278150816824,1.4594778655150171
2026-05-25 16:30:00+03:00,0.6266873081498578,0.6277237877101074
2026-05-25 16:35:00+03:00,0.12892119488179068,-0.537956636436601
2026-05-25 16:40:00+03:00,0.30819008751309507,-0.009040447867123047
2026-05-25 16:45:00+03:00,0.24476233968612737,-0.16174872984219735
2026-05-25 16:50:00+03:00,0.12678355921925427,-0.5471584611887137
2026-05-25 16:55:00+03:00,0.16391887441756675,-0.4029950435137739
2026-05-25 17:00:00+03:00,0.05414382069016366,-0.9939045428163416
2026-05-25 17:05:00+03:00,0.09236657363205801,-0.7177333439666469
2026-05-25 17:10:00+03:00,0.30607488818800266,-0.013811419833529917
2026-05-25 17:15:00+03:00,0.2911990620796452,-0.04790658039867965
2026-05-25 17:20:00+03:00,0.39547388401590083,0.175387362851178
2026-05-25 17:25:00+03:00,0.23252256546013259,-0.19408887857231244
2026-05-25 17:30:00+03:00,0.17625520701065475,-0.36103151629752056
2026-05-25 17:35:00+03:00,0.5561714543063,0.4873786897894622
2026-05-25 17:40:00+03:00,0.2946165329069963,-0.03998645980370402
2026-05-25 17:45:00+03:00,0.29116493854327713,-0.04798593735433432
2026-05-25 17:50:00+03:00,0.395531730450465,0.17550349780886454
2026-05-25 17:55:00+03:00,0.4988644857093131,0.3768949209402164
2026-05-26 09:55:00+03:00,0.12614217433308506,-0.5499452584314201
2026-05-26 10:00:00+03:00,0.8270676831636783,1.130249413891374
2026-05-26 10:05:00+03:00,0.855863327459134,1.2341007751772186
2026-05-26 10:10:00+03:00,0.7309565977814739,0.8588139538731105
2026-05-26 10:15:00+03:00,0.7011264116058448,0.788345081355297
2026-05-26 10:20:00+03:00,0.7316402725654383,0.8604839487181056
2026-05-26 10:25:00+03:00,0.8680217220338713,1.2831702464886101
2026-05-26 10:30:00+03:00,0.8187832530689247,1.1029569895069724
2026-05-26 10:35:00+03:00,0.787415501590303,1.0075790525371984
2026-05-26 10:40:00+03:00,0.7497914286449796,0.9058618073888418
2026-05-26 10:45:00+03:00,0.7194710310356338,0.8311464453023272
2026-05-26 10:50:00+03:00,0.7928189923334104,1.0232197334625543
2026-05-26 10:55:00+03:00,0.7278020470856355,0.8511428637418728
2026-05-26 11:00:00+03:00,0.7074105891063529,0.8028279697476397
2026-05-26 11:05:00+03:00,0.6993814457586734,0.7843547493439322
2026-05-26 11:10:00+03:00,0.5836805402921348,0.54126338494887
2026-05-26 11:15:00+03:00,0.6823758595751415,0.7461274567982994
2026-05-26 11:20:00+03:00,0.6569804578585344,0.6910032394859331
2026-05-26 11:25:00+03:00,0.6851619963633703,0.7523121886115776
2026-05-26 11:30:00+03:00,0.6215266846777341,0.6171649942244982
2026-05-26 11:35:00+03:00,0.6938503238131148,0.7717925314224843
2026-05-26 11:40:00+03:00,0.6366432638239203,0.64826393418977
2026-05-26 11:45:00+03:00,0.6664822087353487,0.7113789057678782
2026-05-26 11:50:00+03:00,0.723399552191848,0.8405294371415507
2026-05-26 11:55:00+03:00,0.664088676083403,0.7062196346435905
2026-05-26 12:00:00+03:00,0.6612843388146699,0.7001979153495906
2026-05-26 12:05:00+03:00,0.5399635984335946,0.45596723894382796
2026-05-26 12:10:00+03:00,0.6793192467404655,0.7393755709015629
2026-05-26 12:15:00+03:00,0.693553818889449,0.7711227314701561
2026-05-26 12:20:00+03:00,0.6710177534526172,0.7212064515582803
2026-05-26 12:25:00+03:00,0.5490047326158836,0.4734647678424695
2026-05-26 12:35:00+03:00,0.5897665514666006,0.5533108315007591
2026-06-01 09:55:00+03:00,0.625351073904718,0.6249842567473716
2026-06-01 10:00:00+03:00,0.2475813209279768,-0.15445725470316818
2026-06-01 10:05:00+03:00,0.07665866752699768,-0.8154400847223067
2026-06-01 10:10:00+03:00,0.1579112225516902,-0.42435375388658414
2026-06-01 10:15:00+03:00,0.29798827610788187,-0.03222457809123769
2026-06-01 10:20:00+03:00,0.20050170117560173,-0.28482571670453055
2026-06-01 10:25:00+03:00,0.15608870081340673,-0.43096342640603424
2026-06-01 10:30:00+03:00,0.24709870951173277,-0.15570158225181052
2026-06-01 10:35:00+03:00,0.24397797326639925,-0.16378761255276308
2026-06-01 10:40:00+03:00,0.1754675299736511,-0.3636401211437441
2026-06-01 10:45:00+03:00,0.18005047000945712,-0.3485891799901563
2026-06-01 10:50:00+03:00,0.17484331429077452,-0.3657139340695844
2026-06-01 10:55:00+03:00,0.2015500251603441,-0.2816928501766119
2026-06-01 11:00:00+03:00,0.22110867567545384,-0.22533387948328154
2026-06-01 11:05:00+03:00,0.19087207906760453,-0.3141970808857801
2026-06-01 11:10:00+03:00,0.16524924131948776,-0.3983508198586567
2026-06-01 11:15:00+03:00,0.22026053067249188,-0.22770097330204364
2026-06-01 11:20:00+03:00,0.22424736667040268,-0.21663013346358861
2026-06-01 11:25:00+03:00,0.3162871392235753,0.009058404962054525
2026-06-01 11:30:00+03:00,0.2996320467076884,-0.028458916503330073
2026-06-01 11:35:00+03:00,0.19490260327611017,-0.30177006636609577
2026-06-01 11:40:00+03:00,0.28813138532439525,-0.05506279683812712
2026-06-01 11:45:00+03:00,0.3533037116868498,0.08889903237538105
2026-06-01 11:50:00+03:00,0.277911890227278,-0.07923798690734737
2026-06-01 11:55:00+03:00,0.2821487247760891,-0.06915106178849875
2026-06-01 12:00:00+03:00,0.24325236204123965,-0.16567772366872974
2026-06-01 12:05:00+03:00,0.25385990720451895,-0.13841461198887425
2026-06-01 12:10:00+03:00,0.19799501472705774,-0.29236694885273845
2026-06-01 12:15:00+03:00,0.19739732153228215,-0.29417567031006375
2026-06-01 12:20:00+03:00,0.2007570167179371,-0.2840615909279987
2026-06-01 12:25:00+03:00,0.1595892224115766,-0.41832279638500547
2026-06-01 12:30:00+03:00,0.20372406056900275,-0.2752344444755456
2026-06-01 12:35:00+03:00,0.16232012417662964,-0.4086164430535306
2026-06-01 12:40:00+03:00,0.1790388410661097,-0.35188546683129773
2026-06-01 12:45:00+03:00,0.1410820054833309,-0.48794238746789176
2026-06-01 12:50:00+03:00,0.2313633994289233,-0.19721209362292924
2026-06-01 12:55:00+03:00,0.18988691856250584,-0.31726494655805004
2026-06-01 13:00:00+03:00,0.260173108724147,-0.1225453549551015
2026-06-01 13:05:00+03:00,0.22198348955763503,-0.22289915759432183
2026-06-01 13:10:00+03:00,0.3085758293502226,-0.008172345462436767
2026-06-01 13:15:00+03:00,0.22334429521331595,-0.2191254454332094
2026-06-01 13:20:00+03:00,0.264386164396822,-0.11209386324117795
2026-06-01 13:25:00+03:00,0.22583221421907787,-0.21226818603499398
2026-06-01 13:30:00+03:00,0.24525062986070786,-0.16048169801186274
2026-06-01 13:35:00+03:00,0.23138093922965888,-0.19716475368766084
2026-06-01 13:40:00+03:00,0.2404156957476671,-0.1731038216537863
2026-06-01 13:45:00+03:00,0.3245001632181773,0.027163876825900157
2026-06-01 13:50:00+03:00,0.3855294773367695,0.15533194321452348
2026-06-01 13:55:00+03:00,0.22525136399640883,-0.21386432084553125
2026-06-01 14:00:00+03:00,0.26507547811489063,-0.11039406854285286
2026-06-01 14:05:00+03:00,0.15600393972059723,-0.43127235253445506
2026-06-01 14:10:00+03:00,0.15807368739689331,-0.423767565336296
2026-06-01 14:15:00+03:00,0.15705448066813132,-0.4274530931365629
2026-06-01 14:20:00+03:00,0.28085975066015906,-0.07220996583965131
2026-06-01 14:25:00+03:00,0.3728136852838604,0.12940225430133545
2026-06-01 14:30:00+03:00,0.3029348818886928,-0.02092806480599163
2026-06-01 14:35:00+03:00,0.22705513647732714,-0.20891716018113116
2026-06-01 14:40:00+03:00,0.30420189321518226,-0.018051486632225625
2026-06-01 14:45:00+03:00,0.24874494480878684,-0.15146373174919342
2026-06-01 14:50:00+03:00,0.27084533505657155,-0.09627510030358913
2026-06-01 14:55:00+03:00,0.2979358814684551,-0.032344803293962304
2026-06-01 15:00:00+03:00,0.38141157548816845,0.14697161016627897
2026-06-01 15:05:00+03:00,0.36348407175105263,0.11015037049964006
2026-06-01 15:10:00+03:00,0.39611269445708586,0.1766695408970262
2026-06-01 15:15:00+03:00,0.3066584570743968,-0.012493311867561877
2026-06-01 15:20:00+03:00,0.4507541982995463,0.2842179935305151
2026-06-01 15:25:00+03:00,0.6330729621583051,0.640871296433213
2026-06-01 15:30:00+03:00,0.5842462806173446,0.5423810978235835
2026-06-01 15:35:00+03:00,0.6244567807668325,0.6231529777610493
2026-06-01 15:40:00+03:00,0.487204535810386,0.3545030233926677
2026-06-01 15:45:00+03:00,0.317497916657855,0.011743093500755517
2026-06-01 15:50:00+03:00,0.4212095416042758,0.22653008727037277
2026-06-01 15:55:00+03:00,0.4790951954939873,0.33891543847057953
2026-06-01 16:00:00+03:00,0.5458347620695015,0.467323317902645
2026-06-01 16:05:00+03:00,0.3592617101408755,0.1013685115008434
2026-06-01 16:10:00+03:00,0.7629117282718306,0.9400415444671397
2026-06-01 16:15:00+03:00,0.7819403990444371,0.9920243656291537
2026-06-01 16:20:00+03:00,0.7928266536188263,1.023242121386125
2026-06-01 16:25:00+03:00,0.8856598445423014,1.3616846100753488
2026-06-01 16:30:00+03:00,0.9434466601385623,1.729931486047977
2026-06-01 16:35:00+03:00,0.9319050770425203,1.6348808084155269
2026-06-01 16:40:00+03:00,0.9263136409415265,1.594113946415795
2026-06-01 16:45:00+03:00,0.8897264972753239,1.3812658634666526
2026-06-01 16:50:00+03:00,0.9153339231064272,1.5217215775515183
2026-06-01 16:55:00+03:00,0.9358679930951448,1.6656972576249531
2026-06-01 17:00:00+03:00,0.9284013993250824,1.608990431908509
2026-06-01 17:05:00+03:00,0.9360708521405409,1.6673219676755382
2026-06-01 17:10:00+03:00,0.9548502641760637,1.843791578931611
2026-06-01 17:15:00+03:00,0.9732940815187087,2.1050158196586297
2026-06-01 17:20:00+03:00,0.9664416606032618,1.9919952277730677
2026-06-01 17:25:00+03:00,0.9263686251108363,1.5945007334722208
2026-06-01 17:30:00+03:00,0.9549030857992463,1.8443800073507248
2026-06-01 17:35:00+03:00,0.909707981614291,1.4878827486226127
2026-06-01 17:40:00+03:00,0.8264447813800758,1.1281619686317577
2026-06-01 17:45:00+03:00,0.7955383052336181,1.0312049350401773
2026-06-01 17:50:00+03:00,0.7267468082413858,0.8485892380814934
2026-06-01 17:55:00+03:00,0.8010770946055196,1.047717235533214
2026-06-02 09:55:00+03:00,0.8605991221731653,1.2527849111485463
2026-06-02 10:00:00+03:00,0.9176390722775434,1.5361783646995537
2026-06-02 10:05:00+03:00,0.7325903075670633,0.86280905484654
2026-06-02 10:10:00+03:00,0.5980834033002971,0.5698633173298766
2026-06-02 10:15:00+03:00,0.7899354640760831,1.014836438412157
2026-06-02 10:20:00+03:00,0.7497479945107857,0.9057506870315123
2026-06-02 10:25:00+03:00,0.7045811477798396,0.7962849555106755
2026-06-02 10:30:00+03:00,0.7256160331608403,0.845859638872387
2026-06-02 10:35:00+03:00,0.6613426764015432,0.70032293360094
2026-06-02 10:40:00+03:00,0.7418476852291608,0.8857474136696771
2026-06-02 10:45:00+03:00,0.721952097520668,0.8370628294478455
2026-06-02 10:50:00+03:00,0.7884361020561211,1.0105107119054861
2026-06-02 10:55:00+03:00,0.7559275562907801,0.9216919249742325
2026-06-02 11:00:00+03:00,0.7545894521960453,0.9182172215769292
2026-06-02 11:05:00+03:00,0.7390650959467328,0.8787976069976612
2026-06-02 11:10:00+03:00,0.5707932202978602,0.5159139246562219
2026-06-02 11:15:00+03:00,0.6333011425268759,0.6413428508681819
2026-06-02 11:20:00+03:00,0.5304610709958604,0.4376313465157366
2026-06-02 11:25:00+03:00,0.4802853290048524,0.34120421432267684
2026-06-02 11:30:00+03:00,0.4425518747829192,0.26828821980248063
2026-06-02 11:35:00+03:00,0.5586866978792974,0.4922724057397065
2026-06-02 11:40:00+03:00,0.4766332687886166,0.3341793668207544
2026-06-02 11:45:00+03:00,0.43096328453952615,0.2456758503561595
2026-06-02 11:50:00+03:00,0.39811595107303943,0.18068575642085866
2026-06-02 11:55:00+03:00,0.46583034720893424,0.3133685700187341
2026-06-02 12:00:00+03:00,0.5005852458942461,0.3801987010076092
2026-06-02 12:05:00+03:00,0.48690849309986917,0.35393425462811745
2026-06-02 12:10:00+03:00,0.6178667379625673,0.6097108416834159
2026-06-02 12:15:00+03:00,0.5359893594502235,0.4482925781962806
2026-06-02 12:20:00+03:00,0.4421672655704133,0.26753984311018353
2026-06-02 12:25:00+03:00,0.477524935125245,0.3358949284501882
2026-06-02 12:30:00+03:00,0.4243014077578965,0.23261148498816425
2026-06-02 12:35:00+03:00,0.4032300540973494,0.19090809752564275
2026-06-02 12:40:00+03:00,0.37864942234594673,0.14134443203530014
2026-06-02 12:45:00+03:00,0.3756704849979437,0.13525760145032859
2026-06-02 12:50:00+03:00,0.3895653141744524,0.16349343471742983
2026-06-02 12:55:00+03:00,0.4659073332112718,0.31351707137497914
2026-06-02 13:00:00+03:00,0.4189827277785428,0.2221426566469118
2026-06-02 13:05:00+03:00,0.40637734891227795,0.1971780560748705
2026-06-02 13:10:00+03:00,0.458529466921477,0.2992703166580115
2026-06-02 13:15:00+03:00,0.4472243735672825,0.27736959148574236
2026-06-02 13:20:00+03:00,0.48919731355286167,0.3583311965542114
2026-06-02 13:25:00+03:00,0.36555450866757605,0.1144404982547137
2026-06-02 13:30:00+03:00,0.3894832389560564,0.16332776644297653
2026-06-02 13:35:00+03:00,0.3567417100440773,0.09610575635801212
2026-06-02 13:40:00+03:00,0.41341923590446433,0.21115218401365948
2026-06-02 13:45:00+03:00,0.4071632974642634,0.19874139205464486
2026-06-02 13:50:00+03:00,0.5380825994936013,0.4523336753409276
2026-06-02 13:55:00+03:00,0.6321654716018886,0.6389971060978916
2026-06-02 14:00:00+03:00,0.1816358760953586,-0.34345224725649304
2026-06-02 14:05:00+03:00,0.17220485871234675,-0.37454467261495494
2026-06-02 14:10:00+03:00,0.11149713680737557,-0.6171583891895478
2026-06-02 14:15:00+03:00,0.13489313320823315,-0.512920020658999
2026-06-02 14:20:00+03:00,0.12038970619806738,-0.5754983111039035
2026-06-02 14:25:00+03:00,0.12198800963222739,-0.568294923892552
2026-06-02 14:30:00+03:00,0.10319681748279504,-0.6587538697563178
2026-06-02 14:35:00+03:00,0.08923097556631496,-0.7359659984563259
2026-06-02 14:40:00+03:00,0.09093324076749358,-0.7259975291793341
2026-06-02 14:45:00+03:00,0.10977942321970699,-0.6255376344972989
2026-06-02 14:50:00+03:00,0.13995420222848615,-0.4924246425720332
2026-06-02 14:55:00+03:00,0.19757110908800776,-0.293649334457164
2026-06-02 15:00:00+03:00,0.4269793756328374,0.23786935716874721
2026-06-02 15:05:00+03:00,0.3064084054536256,-0.013057932240748402
2026-06-02 15:10:00+03:00,0.35162498674436365,0.08536857063738428
2026-06-02 15:15:00+03:00,0.2213265304569598,-0.22472691742491674
2026-06-02 15:20:00+03:00,0.2243300930012604,-0.2164019067681031
2026-06-02 15:25:00+03:00,0.24926889784067927,-0.15011887707225435
2026-06-02 15:30:00+03:00,0.2860215514328707,-0.060010907828999066
2026-06-02 15:35:00+03:00,0.21932918246224556,-0.23030782603006766
2026-06-02 15:40:00+03:00,0.36574521731982207,0.11483514286844962
2026-06-02 15:45:00+03:00,0.32934243667615765,0.037726612996215075
2026-06-02 15:50:00+03:00,0.30771671221114305,-0.010106591077243321
2026-06-02 15:55:00+03:00,0.3980163024801617,0.18048613948077677
2026-06-02 16:00:00+03:00,0.4333984004832471,0.2504387919933121
2026-06-02 16:05:00+03:00,0.5767558680420175,0.5276168504431767
2026-06-02 16:10:00+03:00,0.5311800016665459,0.43901692332356196
2026-06-02 16:15:00+03:00,0.6017101628488482,0.5771160676754976
2026-06-02 16:20:00+03:00,0.4413291366891378,0.26590853414603244
2026-06-02 16:25:00+03:00,0.41983083852977965,0.22381442272096258
2026-06-02 16:30:00+03:00,0.23325893826731328,-0.19211045720120928
2026-06-02 16:35:00+03:00,0.19384484108149289,-0.30501232734849304
2026-06-02 16:40:00+03:00,0.07710716265526667,-0.8124068748188702
2026-06-02 16:45:00+03:00,0.15804940684148217,-0.423855140765098
2026-06-02 16:50:00+03:00,0.12086632697087775,-0.5733416451569916
2026-06-02 16:55:00+03:00,0.14026897939865685,-0.49117058506026656
2026-06-02 17:00:00+03:00,0.13536663004786934,-0.5109753529171962
2026-06-02 17:05:00+03:00,0.165305227803409,-0.3981560336835175
2026-06-02 17:10:00+03:00,0.12341111058230833,-0.5619492336756345
2026-06-02 17:15:00+03:00,0.10315947993973573,-0.658947548543318
2026-06-02 17:20:00+03:00,0.22248947081385312,-0.22149407489147638
2026-06-02 17:25:00+03:00,0.11886182077698176,-0.582461916909521
2026-06-02 17:30:00+03:00,0.11069520244250476,-0.6210561651177423
2026-06-02 17:35:00+03:00,0.09574861985447279,-0.6986805905678043
2026-06-02 17:40:00+03:00,0.11469804860730973,-0.6018404441194861
2026-06-02 17:45:00+03:00,0.12710426787767257,-0.5457695096655107
2026-06-02 17:50:00+03:00,0.19453944488665104,-0.3028817141509211
2026-06-02 17:55:00+03:00,0.32788877701092833,0.034564087227462056
2026-06-03 09:55:00+03:00,0.6184743761298495,0.6109464977722544
2026-06-03 10:00:00+03:00,0.44126309927939883,0.26577997337655346
2026-06-03 10:05:00+03:00,0.4981281829451525,0.37548124242782305
2026-06-03 10:10:00+03:00,0.3754119050426113,0.13472834797315622
2026-06-03 10:15:00+03:00,0.3979466817960847,0.18034666466497068
2026-06-03 10:20:00+03:00,0.46977142361051105,0.320966795737357
2026-06-03 10:25:00+03:00,0.414890361009863,0.21406246299507603
2026-06-03 10:30:00+03:00,0.5178567710746214,0.41337377538493403
2026-06-03 10:35:00+03:00,0.5313293131169622,0.4393047185789234
2026-06-03 10:40:00+03:00,0.5598224244149377,0.4944840070579711
2026-06-03 10:45:00+03:00,0.596041305913413,0.5657890467306765
2026-06-03 10:50:00+03:00,0.555674036116835,0.48641157292611775
2026-06-03 10:55:00+03:00,0.6891934484718368,0.7613139916907556
2026-06-03 11:00:00+03:00,0.8015624588992027,1.049180550205839
2026-06-03 11:05:00+03:00,0.72274381518363,0.8389575862034329
2026-06-03 11:10:00+03:00,0.7279053972879971,0.851393298761038
2026-06-03 11:15:00+03:00,0.6576275686674358,0.6923821423601125
2026-06-03 11:20:00+03:00,0.6112068525072339,0.5962157932705738
2026-06-03 11:25:00+03:00,0.6429389714381607,0.6613765848249896
2026-06-03 11:30:00+03:00,0.700539482555181,0.7870014266854026
2026-06-03 11:35:00+03:00,0.5313535390309098,0.43935141462996335
2026-06-03 11:40:00+03:00,0.3980812044398964,0.18061615358060862
2026-06-03 11:45:00+03:00,0.4185825505462452,0.22135351423762742
2026-06-03 11:50:00+03:00,0.42643492561737856,0.23680108516988702
2026-06-03 11:55:00+03:00,0.32102209297930795,0.019526422455810738
2026-06-03 12:00:00+03:00,0.3131184893526178,0.002006155530265716
2026-06-03 12:05:00+03:00,0.29949647637903065,-0.02876904136650521
2026-06-03 12:10:00+03:00,0.37382023971728867,0.1314673587910838
2026-06-03 12:15:00+03:00,0.31495121591148034,0.006089809433666271
2026-06-03 12:20:00+03:00,0.26828938776300243,-0.1025058045894546
2026-06-03 12:25:00+03:00,0.25276285774760726,-0.14119857028775937
2026-06-03 12:30:00+03:00,0.15770224226437032,-0.4251084955270087
2026-06-03 12:35:00+03:00,0.2307392502871445,-0.19889830881786968
2026-06-03 12:40:00+03:00,0.19322041917286986,-0.30693262110465175
2026-06-03 12:45:00+03:00,0.25497218661142906,-0.13560009672269
2026-06-03 12:50:00+03:00,0.27927314444195256,-0.07598696396138699
2026-06-03 12:55:00+03:00,0.3209807930034836,0.019435472144431837
2026-06-03 13:00:00+03:00,0.4004743208960602,0.18540516904879706
2026-06-03 13:05:00+03:00,0.3333414944629314,0.04639047149605062
2026-06-03 13:10:00+03:00,0.06147677165498711,-0.9292029147326584
2026-06-03 13:15:00+03:00,0.09408793663606253,-0.7079593393816647
2026-06-03 13:20:00+03:00,0.11540670405977811,-0.5984996214915435
2026-06-03 13:25:00+03:00,0.06629783573977543,-0.890492881349593
2026-06-03 13:30:00+03:00,0.1221842134511511,-0.5674162664626552
2026-06-03 13:35:00+03:00,0.07979994788515678,-0.7945279495718355
2026-06-03 13:40:00+03:00,0.07138518036410837,-0.8523835237953304
2026-06-03 13:45:00+03:00,0.14890423184081128,-0.45764995579951717
2026-06-03 13:50:00+03:00,0.10406868923252811,-0.6542487937939111
2026-06-03 13:55:00+03:00,0.10174269376696204,-0.6663430233878848
2026-06-03 14:00:00+03:00,0.12396959071831305,-0.5594761136565695
2026-06-03 14:05:00+03:00,0.13836987425911934,-0.4987726464182304
2026-06-03 14:10:00+03:00,0.16650817280747102,-0.39398350777107416
2026-06-03 14:15:00+03:00,0.14643358500752127,-0.4670721528459256
2026-06-03 14:20:00+03:00,0.12588887100013532,-0.5510491934154291
2026-06-03 14:25:00+03:00,0.1638733147244332,-0.40315462487450604
2026-06-03 14:30:00+03:00,0.1574314047170645,-0.4260878478315616
2026-06-03 14:35:00+03:00,0.1520395567286449,-0.445876795379036
2026-06-03 14:40:00+03:00,0.14748371030049415,-0.46305139701722287
2026-06-03 14:45:00+03:00,0.13749964793603728,-0.5022854173542918
2026-06-03 14:50:00+03:00,0.14335709776084038,-0.4789907645941789
2026-06-03 14:55:00+03:00,0.09540594271673697,-0.7005833752408123
2026-06-03 15:00:00+03:00,0.1599493891914585,-0.417035014990468
2026-06-03 15:05:00+03:00,0.13247203934140658,-0.5229546259604646
2026-06-03 15:10:00+03:00,0.14868455788918403,-0.4584824626427021
2026-06-03 15:15:00+03:00,0.15540267417748435,-0.4334677040999829
2026-06-03 15:20:00+03:00,0.19205892504882574,-0.310517175593719
2026-06-03 15:25:00+03:00,0.12855986773003392,-0.5395028456869174
2026-06-03 15:30:00+03:00,0.13256103568532518,-0.5225830298802385
2026-06-03 15:35:00+03:00,0.15552376868372153,-0.43302500518482234
2026-06-03 15:40:00+03:00,0.12030116881018951,-0.575899746035571
2026-06-03 15:45:00+03:00,0.1813695021077049,-0.34431288776660596
2026-06-03 15:50:00+03:00,0.10672973653313943,-0.6407019896439214
2026-06-03 15:55:00+03:00,0.1600533050165603,-0.4166638989697058
2026-06-03 16:00:00+03:00,0.1404673244782589,-0.49038159661523384
2026-06-03 16:05:00+03:00,0.11591330560459559,-0.5961222618783469
2026-06-03 16:10:00+03:00,0.13645565089340386,-0.5065243797695946
2026-06-03 16:15:00+03:00,0.15208450319921205,-0.4457094780363746
2026-06-03 16:20:00+03:00,0.13250436866668333,-0.5228196133702125
2026-06-03 16:25:00+03:00,0.15616485417694975,-0.4306859891862844
2026-06-03 16:30:00+03:00,0.18687735240505063,-0.32671317533091804
2026-06-03 16:35:00+03:00,0.3565947752219214,0.095798390565381
2026-06-03 16:40:00+03:00,0.2948220802949559,-0.039511811840312244
2026-06-03 16:45:00+03:00,0.32472269313414553,0.02765106992938353
2026-06-03 16:50:00+03:00,0.26245253751555137,-0.11687726022078657
2026-06-03 16:55:00+03:00,0.3127374900978253,0.0011555900991770257
2026-06-03 17:00:00+03:00,0.34914372095999974,0.08013613737287484
2026-06-03 17:05:00+03:00,0.37759870706900944,0.13919967836866456
2026-06-03 17:10:00+03:00,0.4549230304357404,0.2922938459239798
2026-06-03 17:15:00+03:00,0.42671083960475703,0.23734250291710932
2026-06-03 17:20:00+03:00,0.44017943156504985,0.26366972180451104
2026-06-03 17:25:00+03:00,0.4491627032692859,0.28113148137896216
2026-06-03 17:30:00+03:00,0.46544769102685407,0.3126304025869368
2026-06-03 17:35:00+03:00,0.4654487287575904,0.3126324045393776
2026-06-03 17:40:00+03:00,0.5008319236852294,0.3806723113213512
2026-06-03 17:45:00+03:00,0.6139382276102343,0.6017399377867672
2026-06-03 17:50:00+03:00,0.5041108208921119,0.3869678107427832
2026-06-03 17:55:00+03:00,0.5648600460104622,0.5043088174381005
2026-06-04 09:55:00+03:00,0.7636316957017766,0.9419540998375147
2026-06-04 10:00:00+03:00,0.8905505369028165,1.3853104775597755
2026-06-04 10:05:00+03:00,0.24068223166511865,-0.17240352389703206
2026-06-04 10:10:00+03:00,0.1756798552185623,-0.36293604339173396
2026-06-04 10:15:00+03:00,0.23145686173414912,-0.19695986771246327
2026-06-04 10:20:00+03:00,0.22279242717496905,-0.2206538730028787
2026-06-04 10:25:00+03:00,0.1519461562811705,-0.4462246169475096
2026-06-04 10:30:00+03:00,0.22453004832282755,-0.21585051381717946
2026-06-04 10:35:00+03:00,0.25130391261499524,-0.1449133224416746
2026-06-04 10:40:00+03:00,0.23216565456993718,-0.19504936634676306
2026-06-04 10:45:00+03:00,0.23615621032352802,-0.18436816909446535
2026-06-04 10:50:00+03:00,0.3686281743136555,0.12079049631470905
2026-06-04 10:55:00+03:00,0.40499050863708635,0.1944171493957646
2026-06-04 11:00:00+03:00,0.47802705027687037,0.33686087353154903
2026-06-04 11:05:00+03:00,0.4686778624403767,0.31885922615398743
2026-06-04 11:10:00+03:00,0.5167685590356378,0.4112819524886918
2026-06-04 11:15:00+03:00,0.601257274394564,0.5762091840330151
2026-06-04 11:20:00+03:00,0.3408354060809032,0.062487760976704707
2026-06-04 11:25:00+03:00,0.36464111570109337,0.11254914779875648
2026-06-04 11:30:00+03:00,0.5230574383363404,0.42337563703284586
2026-06-04 11:35:00+03:00,0.6122656530396431,0.5983554964202611
2026-06-04 11:40:00+03:00,0.439960297614062,0.2632428628134822
2026-06-04 11:45:00+03:00,0.4116170748294072,0.2075828526933351
2026-06-04 11:50:00+03:00,0.452388591172675,0.287385668196137
2026-06-04 11:55:00+03:00,0.45939842840762757,0.30094999488113444
2026-06-04 12:00:00+03:00,0.3843829159385249,0.15300754556160845
2026-06-04 12:05:00+03:00,0.37457548586939154,0.13301539286918956
2026-06-04 12:10:00+03:00,0.34826903079096183,0.07828751616987505
2026-06-04 12:15:00+03:00,0.25380705904432804,-0.138548541238723
2026-06-04 12:20:00+03:00,0.33820074354281227,0.05684835938113817
2026-06-04 12:25:00+03:00,0.23495948246351195,-0.1875581211999312
2026-06-04 12:30:00+03:00,0.25773725488571964,-0.12863812584322237
2026-06-04 12:35:00+03:00,0.23894905549224713,-0.17696681298727795
2026-06-04 12:40:00+03:00,0.23839683952738377,-0.17842550928306272
2026-06-04 12:45:00+03:00,0.2248241547047584,-0.21504012525463484
2026-06-04 12:50:00+03:00,0.21280757328275365,-0.24878952931990456
2026-06-04 12:55:00+03:00,0.26379036791907395,-0.11356534020890166
2026-06-04 13:00:00+03:00,0.2514431783139258,-0.1445581087808261
2026-06-04 13:05:00+03:00,0.2297315274178038,-0.2016275497194444
2026-06-04 13:10:00+03:00,0.2324400656664336,-0.19431080349806967
2026-06-04 13:15:00+03:00,0.1893641303949693,-0.3188978994457785
2026-06-04 13:20:00+03:00,0.19476443020803202,-0.30219283648735074
2026-06-04 13:25:00+03:00,0.18209934454534568,-0.3419571424031766
2026-06-04 13:30:00+03:00,0.19017116892172733,-0.3163785217790225
2026-06-04 13:35:00+03:00,0.1874744189722554,-0.32482949671064426
2026-06-04 13:40:00+03:00,0.14745766119620066,-0.4631508477535573
2026-06-04 13:45:00+03:00,0.17644154927373137,-0.36041573485058587
2026-06-04 13:50:00+03:00,0.15636709506587287,-0.4299497324911262
2026-06-04 13:55:00+03:00,0.1609286607012948,-0.413545442450167
2026-06-04 14:00:00+03:00,0.17442598571785026,-0.36710366866914484
2026-06-04 14:05:00+03:00,0.164903159107114,-0.3995560731776542
2026-06-04 14:10:00+03:00,0.1658565284597164,-0.39624078732270973
2026-06-04 14:15:00+03:00,0.19829098740685489,-0.29147280734102227
2026-06-04 14:20:00+03:00,0.16436684489598952,-0.40142783855218
2026-06-04 14:25:00+03:00,0.10349706633481033,-0.6571986570561512
2026-06-04 14:30:00+03:00,0.1469795816372062,-0.464978654498553
2026-06-04 14:35:00+03:00,0.12542365788022153,-0.5530816265666276
2026-06-04 14:40:00+03:00,0.08719707425807083,-0.7481039980163053
2026-06-04 14:45:00+03:00,0.09678045546829167,-0.6929876473687694
2026-06-04 14:50:00+03:00,0.1265805801226748,-0.5480390924495442
2026-06-04 14:55:00+03:00,0.04532620168454481,-1.0836803946641467
2026-06-04 15:00:00+03:00,0.050175790029718156,-1.0324464187846978
2026-06-04 15:05:00+03:00,0.04332324427533072,-1.106379890464931
2026-06-04 15:10:00+03:00,0.051361164272218894,-1.0206394569886332
2026-06-04 15:15:00+03:00,0.07068915467578316,-0.8574461370425124
2026-06-04 15:20:00+03:00,0.05983940388058537,-0.9429968705633367
2026-06-04 15:25:00+03:00,0.08508763729533075,-0.760966378053367
2026-06-04 15:30:00+03:00,0.08338765922379693,-0.7715442434835192
2026-06-04 15:35:00+03:00,0.054461393980654714,-0.9909362790288134
2026-06-04 15:40:00+03:00,0.09467759265558351,-0.7046480825160214
2026-06-04 15:45:00+03:00,0.10368802996485241,-0.6562115891613591
2026-06-04 15:50:00+03:00,0.12913787184441067,-0.5370311916760616
2026-06-04 15:55:00+03:00,0.16887150221120953,-0.38585579069391784
2026-06-04 16:00:00+03:00,0.15752933188399548,-0.4257335838661025
2026-06-04 16:05:00+03:00,0.1851295257111443,-0.33225416938941
2026-06-04 16:10:00+03:00,0.17945002478463362,-0.3505439170805486
2026-06-04 16:15:00+03:00,0.265574905631772,-0.10916428363561853
2026-06-04 16:20:00+03:00,0.25584526686749487,-0.1333965054220807
2026-06-04 16:25:00+03:00,0.21440319642928585,-0.24423011091260394
2026-06-04 16:30:00+03:00,0.39385004970211773,0.17212487292613377
2026-06-04 16:35:00+03:00,0.2757365312890854,-0.08445371464746698
2026-06-04 16:40:00+03:00,0.168564418682905,-0.3869067287931779
2026-06-04 16:45:00+03:00,0.16979909287487563,-0.3826904952303332
2026-06-04 16:50:00+03:00,0.1729895420348856,-0.3719072814787048
2026-06-04 16:55:00+03:00,0.20860646794894747,-0.26091470738404254
2026-06-04 17:00:00+03:00,0.2241638185477207,-0.2168606880904227
2026-06-04 17:05:00+03:00,0.2138504262400806,-0.24580681979131003
2026-06-04 17:10:00+03:00,0.20076410385022272,-0.28404039045932383
2026-06-04 17:15:00+03:00,0.15155541384461746,-0.44768164059526805
2026-06-04 17:20:00+03:00,0.14506253577838457,-0.4723577890595738
2026-06-04 17:25:00+03:00,0.21242938237687328,-0.24987384360243664
2026-06-04 17:30:00+03:00,0.2122661376519928,-0.250342319449703
2026-06-04 17:35:00+03:00,0.16417265048229795,-0.40210679714669273
2026-06-04 17:40:00+03:00,0.23858416516557585,-0.17793042281732047
2026-06-04 17:45:00+03:00,0.23436503418922874,-0.1891468439165947
2026-06-04 17:50:00+03:00,0.19847304359356385,-0.2909233095578419
2026-06-04 17:55:00+03:00,0.20304572490370587,-0.2772440368647371
2026-06-05 09:55:00+03:00,0.07526843182317275,-0.8249469101746988
2026-06-05 10:00:00+03:00,0.46603041231296866,0.31375447703595094
2026-06-05 10:05:00+03:00,0.359150887306321,0.10113741290462473
2026-06-05 10:10:00+03:00,0.4438831300385226,0.2708775614715756
2026-06-05 10:15:00+03:00,0.41707912178514983,0.21838688160189793
2026-06-05 10:20:00+03:00,0.46875418197869684,0.3190063318352306
2026-06-05 10:25:00+03:00,0.41011139789388223,0.2045971354083836
2026-06-05 10:30:00+03:00,0.5502899472472234,0.47595688972021355
2026-06-05 10:35:00+03:00,0.623043208327381,0.6202618877290303
2026-06-05 10:40:00+03:00,0.48474055999261373,0.3497685737526124
2026-06-05 10:45:00+03:00,0.4999156183785721,0.37891304825340516
2026-06-05 10:50:00+03:00,0.5090479365451548,0.3964485512115415
2026-06-05 10:55:00+03:00,0.5378609968508464,0.45190574096351577
2026-06-05 11:00:00+03:00,0.44706715000541114,0.2770643186920656
2026-06-05 11:05:00+03:00,0.49889426291219513,0.3769520920077011
2026-06-05 11:10:00+03:00,0.5029594618193738,0.3847571458737052
2026-06-05 11:15:00+03:00,0.49849616883125253,0.37618776550209154
2026-06-05 11:20:00+03:00,0.5545067029416106,0.4841428066036288
2026-06-05 11:25:00+03:00,0.4600440795106221,0.30219771081759816
2026-06-05 11:30:00+03:00,0.5426144243291838,0.4610916520191031
2026-06-05 11:35:00+03:00,0.5278659415003305,0.43263180416679636
2026-06-05 11:40:00+03:00,0.4950869174275868,0.36964187383037106
2026-06-05 11:45:00+03:00,0.4859255596544819,0.35204567589229585
2026-06-05 11:50:00+03:00,0.443081127872482,0.2693178271455826
2026-06-05 11:55:00+03:00,0.30610153823587233,-0.013751194758270135
2026-06-05 12:00:00+03:00,0.3573320896751094,0.09734017512566082
2026-06-05 12:05:00+03:00,0.4425852451466013,0.2683531458776024
2026-06-05 12:10:00+03:00,0.3926234162339524,0.16965728890158474
2026-06-05 12:15:00+03:00,0.5532384375671582,0.48167919735030573
2026-06-05 12:20:00+03:00,0.5137212932323459,0.40542588828291404
2026-06-05 12:25:00+03:00,0.5586867841683848,0.49227257372480715
2026-06-05 12:30:00+03:00,0.6009990366849254,0.5756922329493144
2026-06-05 12:35:00+03:00,0.4437120688280891,0.2705449295183517
2026-06-05 12:40:00+03:00,0.6720103264131532,0.7233662887090685
2026-06-05 12:45:00+03:00,0.4890010969316886,0.35795429103982107
2026-06-05 12:50:00+03:00,0.5665129977181212,0.5075381419287842
2026-06-05 12:55:00+03:00,0.5484502714270152,0.47239002185477613
2026-06-05 13:00:00+03:00,0.4420083324809505,0.26723055005421037
2026-06-05 13:05:00+03:00,0.36690021112235244,0.117223383956739
2026-06-05 13:10:00+03:00,0.598090433951449,0.5698773561087225
2026-06-05 13:15:00+03:00,0.4280193398772382,0.23990892129723035
2026-06-05 13:20:00+03:00,0.6072808345155782,0.5883001110934258
2026-06-05 13:25:00+03:00,0.54170441728496,0.45933197154201477
2026-06-05 13:30:00+03:00,0.5137197761412031,0.40542297334677363
2026-06-05 13:35:00+03:00,0.6001717571335957,0.5740369054447594
2026-06-05 13:40:00+03:00,0.40086945940047597,0.18619498533571774
2026-06-05 13:45:00+03:00,0.5149054412144196,0.4077012604879557
2026-06-05 13:50:00+03:00,0.40741524313771627,0.19924233859974094
2026-06-05 13:55:00+03:00,0.4288941940133129,0.24162370720905227
2026-06-05 14:00:00+03:00,0.47779725823601676,0.33641882132796647
2026-06-05 14:05:00+03:00,0.334081496820204,0.04798793144062415
2026-06-05 14:10:00+03:00,0.3760816454844303,0.1360988534757185
2026-06-05 14:15:00+03:00,0.3645515777924184,0.11236363445376446
2026-06-05 14:20:00+03:00,0.37539651168389115,0.13469683673790867
2026-06-05 14:25:00+03:00,0.279633718060004,-0.0751274504241077
2026-06-05 14:30:00+03:00,0.47796337210774487,0.33673837728988054
2026-06-05 14:35:00+03:00,0.3648832321959148,0.11305069114377023
2026-06-05 14:40:00+03:00,0.5002514758418192,0.37955787827900306
2026-06-05 14:45:00+03:00,0.570315107851021,0.5149773227453188
2026-06-05 14:50:00+03:00,0.49208722069339317,0.36388163723180367
2026-06-05 14:55:00+03:00,0.4881650751391027,0.3563483321912997
2026-06-05 15:00:00+03:00,0.706241036730427,0.8001189497613211
2026-06-05 15:05:00+03:00,0.6408947349363733,0.6571078458800956
2026-06-05 15:10:00+03:00,0.7018885790355415,0.7900921704247456
2026-06-05 15:15:00+03:00,0.7174758167478135,0.8264117607196411
2026-06-05 15:20:00+03:00,0.843898696473111,1.1890676190865124
2026-06-05 15:25:00+03:00,0.8567807577768553,1.2376799038943667
2026-06-05 15:30:00+03:00,0.8966450250550703,1.4160842698119935
2026-06-05 15:35:00+03:00,0.8741090184435399,1.3091901011570175
2026-06-05 15:40:00+03:00,0.8376598009337272,1.1666956951202514
2026-06-05 15:45:00+03:00,0.8058298304782088,1.0621638151982977
2026-06-05 15:50:00+03:00,0.8331556078680319,1.150971730259127
2026-06-05 15:55:00+03:00,0.8554653434422276,1.2325540291501036
2026-06-05 16:00:00+03:00,0.8072355861826348,1.0664880782873927
2026-06-05 16:05:00+03:00,0.8113490950550413,1.0792813877883813
2026-06-05 16:10:00+03:00,0.7650846618058134,0.9458261190730739
2026-06-05 16:15:00+03:00,0.7055771276954942,0.7985839491081148
2026-06-05 16:20:00+03:00,0.8114155374643989,1.079489773366493
2026-06-05 16:25:00+03:00,0.7939109488328723,1.0264168569751773
2026-06-05 16:30:00+03:00,0.7677989109194459,0.9531040757491052
2026-06-05 16:35:00+03:00,0.7442794623569832,0.891861123962622
2026-06-05 16:40:00+03:00,0.7345043033671257,0.8675093421165859
2026-06-05 16:45:00+03:00,0.7761067795088898,0.9757579484997255
2026-06-05 16:50:00+03:00,0.7682978173023643,0.9544482742678588
2026-06-05 16:55:00+03:00,0.7558921960044661,0.9215999381184234
2026-06-05 17:00:00+03:00,0.7400285027240777,0.8811983459949045
2026-06-05 17:05:00+03:00,0.753316017863071,0.9149223015612156
2026-06-05 17:10:00+03:00,0.7125813744707779,0.8148820910893206
2026-06-05 17:15:00+03:00,0.6333243144218682,0.6413907444952988
2026-06-05 17:20:00+03:00,0.7530157023772321,0.9141469259360488
2026-06-05 17:25:00+03:00,0.602608131418458,0.5789152320466677
2026-06-05 17:30:00+03:00,0.5909285969478691,0.5556172083498138
2026-06-05 17:35:00+03:00,0.5774314782848596,0.5289455782766126
2026-06-05 17:40:00+03:00,0.5886566902302371,0.5511098840831109
2026-06-05 17:45:00+03:00,0.5476195353316575,0.47078019081211536
2026-06-05 17:50:00+03:00,0.42712229752483466,0.2381497283179891
2026-06-05 17:55:00+03:00,0.49393049317406795,0.36742132671978345
2026-06-08 09:55:00+03:00,0.893899012113181,1.4020258218472696
2026-06-08 10:00:00+03:00,0.9697996543186143,2.0442661911835334
2026-06-08 10:05:00+03:00,0.9763582955499496,2.1650221048592844
2026-06-08 10:10:00+03:00,0.9434817285501611,1.7302470572242024
2026-06-08 10:15:00+03:00,0.9303942683670251,1.623569042001728
2026-06-08 10:20:00+03:00,0.9616201327202629,1.9251573690366468
2026-06-08 10:25:00+03:00,0.9605730674208155,1.9117150376700072
2026-06-08 10:30:00+03:00,0.9567215983364539,1.8650495808237455
2026-06-08 10:35:00+03:00,0.9470687967007363,1.763541746099055
2026-06-08 10:40:00+03:00,0.9570402780072947,1.8687568939929309
2026-06-08 10:45:00+03:00,0.6844539742158282,0.7507377229744291
2026-06-08 10:50:00+03:00,0.6231279930461306,0.6204351712921495
2026-06-08 10:55:00+03:00,0.6177726102426964,0.6095194964235039
2026-06-08 11:00:00+03:00,0.5526155572299413,0.48046974526159525
2026-06-08 11:05:00+03:00,0.5967063741344436,0.5671152149330677
2026-06-08 11:10:00+03:00,0.6124474295382969,0.5987230588782364
2026-06-08 11:15:00+03:00,0.524410782928963,0.4259798623118806
2026-06-08 11:20:00+03:00,0.5186469007595617,0.4148928103840024
2026-06-08 11:25:00+03:00,0.5421994450222507,0.4602891391090174
2026-06-08 11:30:00+03:00,0.5313876713155579,0.4394172059401318
2026-06-08 11:35:00+03:00,0.44012334860788616,0.2635604801039672
2026-06-08 11:40:00+03:00,0.6367491299831383,0.6484836114928301
2026-06-08 11:45:00+03:00,0.7631998533569737,0.9408064520208996
2026-06-08 11:50:00+03:00,0.7906188755270062,1.0168156291204946
2026-06-08 11:55:00+03:00,0.7939931047901662,1.0266579067248975
2026-06-08 12:00:00+03:00,0.7767542383724251,0.9775482555419456
2026-06-08 12:05:00+03:00,0.9049807917864391,1.4608882683920934
2026-06-08 12:10:00+03:00,0.8825506438386352,1.3471188109240875
2026-06-08 12:15:00+03:00,0.8680240493446064,1.283179997615262
2026-06-08 12:20:00+03:00,0.9168299795462721,1.5310626996415806
2026-06-08 12:25:00+03:00,0.851131086524793,1.215933848493701
2026-06-08 12:30:00+03:00,0.8641951406368809,1.2673307494126131
2026-06-08 12:35:00+03:00,0.674950437670354,0.7297837309047213
2026-06-08 12:40:00+03:00,0.7551503922683535,0.9196722722501995
2026-06-08 12:45:00+03:00,0.723906242104399,0.8417455877417793
2026-06-08 12:50:00+03:00,0.700892845363321,0.7878101979388007
2026-06-08 12:55:00+03:00,0.7587186585001429,0.9289814642513357
2026-06-08 13:00:00+03:00,0.7270392013888869,0.8492961969338234
2026-06-08 13:05:00+03:00,0.7222382666655799,0.8377473122489419
2026-06-08 13:10:00+03:00,0.643319195763745,0.6621717564088689
2026-06-08 13:15:00+03:00,0.6228758675025806,0.6199199206171634
2026-06-08 13:20:00+03:00,0.5500931069323134,0.4755751188783975
2026-06-08 13:25:00+03:00,0.3954886118683464,0.1754169316702449
2026-06-08 13:30:00+03:00,0.4082586990610861,0.2009186892243646
2026-06-08 13:35:00+03:00,0.4794903767536124,0.3396754708687736
2026-06-08 13:40:00+03:00,0.46503036668137665,0.3118252686528129
2026-06-08 13:45:00+03:00,0.42611931168753503,0.23618165519878223
2026-06-08 13:50:00+03:00,0.3409675805176369,0.06277011791854571
2026-06-08 13:55:00+03:00,0.39452142627762987,0.17347432073903224
2026-06-08 14:00:00+03:00,0.3344912884871479,0.048871799132111586
2026-06-08 14:05:00+03:00,0.39576349567091174,0.17596874066259655
2026-06-08 14:10:00+03:00,0.33240979361432715,0.04437666324548282
2026-06-08 14:15:00+03:00,0.2465759861269055,-0.1570511746917176
2026-06-08 14:20:00+03:00,0.23228106706015195,-0.1947386656356273
2026-06-08 14:25:00+03:00,0.22329917841001065,-0.21925029769165577
2026-06-08 14:30:00+03:00,0.17725544470197327,-0.3577321314967653
2026-06-08 14:35:00+03:00,0.20658280203872909,-0.26681954944104364
2026-06-08 14:40:00+03:00,0.2610780236743776,-0.12029133953285362
2026-06-08 14:45:00+03:00,0.24315044416102552,-0.1659435109661453
2026-06-08 14:50:00+03:00,0.18278119757984587,-0.33976291707393497
2026-06-08 14:55:00+03:00,0.2172712301499253,-0.236096431635482
2026-06-08 15:00:00+03:00,0.25234876446519333,-0.14225148296256024
2026-06-08 15:05:00+03:00,0.238114812786461,-0.17917138743538874
2026-06-08 15:10:00+03:00,0.27102260982178766,-0.09584432893237735
2026-06-08 15:15:00+03:00,0.18922558838404477,-0.31933122069289843
2026-06-08 15:20:00+03:00,0.21191981478716543,-0.2513370608947431
2026-06-08 15:25:00+03:00,0.18202825355840002,-0.3421862828447721
2026-06-08 15:30:00+03:00,0.17979002523622345,-0.34943642653786267
2026-06-08 15:35:00+03:00,0.2126163394822177,-0.2493376413701549
2026-06-08 15:40:00+03:00,0.15922936232373283,-0.41961183476249886
2026-06-08 15:45:00+03:00,0.2074810817312906,-0.26419321934392614
2026-06-08 15:50:00+03:00,0.14960443682298263,-0.4550031053166972
2026-06-08 15:55:00+03:00,0.20903185540006913,-0.25967884841112854
2026-06-08 16:00:00+03:00,0.1660672972825559,-0.3955099136266669
2026-06-08 16:05:00+03:00,0.16639355517047005,-0.3943800271652691
2026-06-08 16:10:00+03:00,0.17337004381217613,-0.3706317864631266
2026-06-08 16:15:00+03:00,0.18148161031309418,-0.3439505521755756
2026-06-08 16:20:00+03:00,0.12653824950765646,-0.5482228973069497
2026-06-08 16:25:00+03:00,0.20835952263885382,-0.26163299795324363
2026-06-08 16:30:00+03:00,0.2464008483274729,-0.15750378420972838
2026-06-08 16:35:00+03:00,0.4597184287444758,0.3015684258015092
2026-06-08 16:40:00+03:00,0.36802835423528557,0.1195530544378522
2026-06-08 16:45:00+03:00,0.41024904544928065,0.20487022471033986
2026-06-08 16:50:00+03:00,0.4046587146360359,0.19375617154736113
2026-06-08 16:55:00+03:00,0.3291764183487635,0.03736579061070433
2026-06-08 17:00:00+03:00,0.36455872001337286,0.11237843311431209
2026-06-08 17:05:00+03:00,0.3610774833534449,0.10515050348655348
2026-06-08 17:10:00+03:00,0.4495659515438858,0.2819137210447065
2026-06-08 17:15:00+03:00,0.3628585675062615,0.1088522159121097
2026-06-08 17:20:00+03:00,0.33177170145422386,0.042995835509849395
2026-06-08 17:25:00+03:00,0.2732597662071888,-0.09042323384574591
2026-06-08 17:30:00+03:00,0.3175940177972299,0.011955946003714649
2026-06-08 17:35:00+03:00,0.3683075144099818,0.12012907247381448
2026-06-08 17:40:00+03:00,0.32641561901815175,0.03135180699786437
2026-06-08 17:45:00+03:00,0.379846892702523,0.14378591544684127
2026-06-08 17:50:00+03:00,0.3996384678465562,0.18373358338707124
2026-06-08 17:55:00+03:00,0.38068730282465946,0.1454976181391212
2026-06-09 09:55:00+03:00,0.06427193857528773,-0.906429210558827
2026-06-09 10:00:00+03:00,0.28285384815019654,-0.06748130216646317
2026-06-09 10:05:00+03:00,0.27035524504348246,-0.0974669248562145
2026-06-09 10:10:00+03:00,0.3199929367580007,0.017258182807728464
2026-06-09 10:15:00+03:00,0.3902978696678999,0.16497153499108042
2026-06-09 10:20:00+03:00,0.3052505655989521,-0.015675714963412732
2026-06-09 10:25:00+03:00,0.30213414519002396,-0.022749536826071975
2026-06-09 10:30:00+03:00,0.2880346029717175,-0.05528930268508153
2026-06-09 10:35:00+03:00,0.2931201848866614,-0.04344764671091336
2026-06-09 10:40:00+03:00,0.34917076033368716,0.08019324968284784
2026-06-09 10:45:00+03:00,0.44999268948153925,0.28274138704891083
2026-06-09 10:50:00+03:00,0.374989398169387,0.13386326076607458
2026-06-09 10:55:00+03:00,0.5600551522861222,0.4949373480497044
2026-06-09 11:00:00+03:00,0.5169373567194511,0.41160640443558333
2026-06-09 11:05:00+03:00,0.5472207913309994,0.4700076731400827
2026-06-09 11:10:00+03:00,0.4849421004930417,0.3501558776967427
2026-06-09 11:15:00+03:00,0.2947539343102788,-0.03966915251224398
2026-06-09 11:20:00+03:00,0.44044864087730007,0.2641940622668778
2026-06-09 11:25:00+03:00,0.3584970445915501,0.09977331706240095
2026-06-09 11:30:00+03:00,0.4010977868232786,0.18665125645562955
2026-06-09 11:35:00+03:00,0.3920355702532655,0.16847377128038007
2026-06-09 11:40:00+03:00,0.48881570245071065,0.3575981674089103
2026-06-09 11:45:00+03:00,0.3197322374963497,0.016682994648777053
2026-06-09 11:50:00+03:00,0.4955525165229597,0.37053587983051905
2026-06-09 11:55:00+03:00,0.4646259022109065,0.3110448548360167
2026-06-09 12:00:00+03:00,0.4288433962306044,0.2415241633099912
2026-06-09 12:05:00+03:00,0.43651761848551,0.25653064524244096
2026-06-09 12:10:00+03:00,0.49760235305608247,0.374471656136677
2026-06-09 12:15:00+03:00,0.5115651101127104,0.4012834665244799
2026-06-09 12:20:00+03:00,0.510647781166993,0.3995213696589096
2026-06-09 12:25:00+03:00,0.5489302447999362,0.4733203699027188
2026-06-09 12:30:00+03:00,0.5159273334427203,0.4096651114718505
2026-06-09 12:35:00+03:00,0.33750492750718203,0.05535541824411572
2026-06-09 12:40:00+03:00,0.3360633849502736,0.052257630559400935
2026-06-09 12:45:00+03:00,0.40770353659464065,0.19981543714290492
2026-06-09 12:50:00+03:00,0.23968119658450798,-0.17503639948269512
2026-06-09 12:55:00+03:00,0.18917895951517993,-0.31947711765090525
2026-06-09 13:00:00+03:00,0.15923000938525025,-0.419609514835107
2026-06-09 13:05:00+03:00,0.2578744128239292,-0.12829406051758308
2026-06-09 13:10:00+03:00,0.2721220252148808,-0.09317672987222722
2026-06-09 13:15:00+03:00,0.24142325791473274,-0.17045932625076515
2026-06-09 13:20:00+03:00,0.27905923268025506,-0.07649719507995503
2026-06-09 13:25:00+03:00,0.2443487662073945,-0.16282322120411902
2026-06-09 13:30:00+03:00,0.2188415957611711,-0.23167576039328602
2026-06-09 13:35:00+03:00,0.22157258678589595,-0.22404189745884767
2026-06-09 13:40:00+03:00,0.1905068229429596,-0.31533310087844785
2026-06-09 13:45:00+03:00,0.19400164289144453,-0.30453085089047066
2026-06-09 13:50:00+03:00,0.1673227159322674,-0.3911718696157832
2026-06-09 13:55:00+03:00,0.26506065377924015,-0.11043059444406667
2026-06-09 14:00:00+03:00,0.29942641488626803,-0.028929342523757395
2026-06-09 14:05:00+03:00,0.21137966230367453,-0.2528909135802746
2026-06-09 14:10:00+03:00,0.21513655025850636,-0.24214286405532542
2026-06-09 14:15:00+03:00,0.30251399168311977,-0.021885142458416995
2026-06-09 14:20:00+03:00,0.20235522897094368,-0.27929479960690107
2026-06-09 14:25:00+03:00,0.28693060337240134,-0.05787627933100303
2026-06-09 14:30:00+03:00,0.3224027022743002,0.022563248009264028
2026-06-09 14:35:00+03:00,0.26538809464344365,-0.10962411189580501
2026-06-09 14:40:00+03:00,0.34996891285188525,0.08187817879301985
2026-06-09 14:45:00+03:00,0.3826876665790394,0.14956602152656
2026-06-09 14:50:00+03:00,0.3317121699632297,0.04286694159746318
2026-06-09 14:55:00+03:00,0.5083771040039019,0.3951601940015415
2026-06-09 15:00:00+03:00,0.4443899900244509,0.2718630093070332
2026-06-09 15:05:00+03:00,0.5049846389199057,0.3886456380571297
2026-06-09 15:10:00+03:00,0.5499366101144972,0.47527161576704285
2026-06-09 15:15:00+03:00,0.533404869255496,0.44330646054855416
2026-06-09 15:20:00+03:00,0.5936354018682962,0.5609974281573655
2026-06-09 15:25:00+03:00,0.5147500160942844,0.4074025891540241
2026-06-09 15:30:00+03:00,0.5264660038704917,0.4299360324591034
2026-06-09 15:35:00+03:00,0.6004046192047042,0.5745027298237606
2026-06-09 15:40:00+03:00,0.5256645594411501,0.4283931047733502
2026-06-09 15:45:00+03:00,0.5733948429394138,0.5210149778987073
2026-06-09 15:50:00+03:00,0.47435381125271814,0.3297923728932357
2026-06-09 15:55:00+03:00,0.599038439250588,0.571771070137469
2026-06-09 16:00:00+03:00,0.5438390991806856,0.46346067593580764
2026-06-09 16:05:00+03:00,0.5924431386243667,0.5586262364284533
2026-06-09 16:10:00+03:00,0.6024192734689354,0.5785367228685303
2026-06-09 16:15:00+03:00,0.6681009831780175,0.7148786619044667
2026-06-09 16:20:00+03:00,0.6116896218979178,0.597191145356008
2026-06-09 16:25:00+03:00,0.6302553908851005,0.6350586148221565
2026-06-09 16:30:00+03:00,0.6263776729877495,0.6270886263097025
2026-06-09 16:35:00+03:00,0.6008276544087725,0.5753492148109074
2026-06-09 16:40:00+03:00,0.6255644554388143,0.625421464932537
2026-06-09 16:45:00+03:00,0.8869175391238487,1.3676746606135344
2026-06-09 16:50:00+03:00,0.544031438424054,0.46383283142535514
2026-06-09 16:55:00+03:00,0.6701367135622788,0.7192920916966178
2026-06-09 17:00:00+03:00,0.5800987464464816,0.5341969334846475
2026-06-09 17:05:00+03:00,0.5857934776191406,0.545440089718435
2026-06-09 17:10:00+03:00,0.596688639837735,0.5670798429776673
2026-06-09 17:15:00+03:00,0.6060350946451605,0.5857943272273209
2026-06-09 17:20:00+03:00,0.648092135378361,0.6721860957944403
2026-06-09 17:25:00+03:00,0.6125850567507606,0.5990013910662239
2026-06-09 17:30:00+03:00,0.5582821583951747,0.49148493563341383
2026-06-09 17:35:00+03:00,0.6463006566892164,0.6684201551273106
2026-06-09 17:40:00+03:00,0.7508650499290065,0.908612620881116
2026-06-09 17:45:00+03:00,0.7103476323433708,0.8096591825197957
2026-06-09 17:50:00+03:00,0.6974216183374414,0.7798887886435928
2026-06-09 17:55:00+03:00,0.6350080386674447,0.6448742366961796
2026-06-10 09:55:00+03:00,0.2460862220149719,-0.15831741884438805
2026-06-10 10:00:00+03:00,0.7212207886428724,0.8353155896208437
2026-06-10 10:05:00+03:00,0.5808890450665836,0.5357546399155275
2026-06-10 10:10:00+03:00,0.5601602083071697,0.4951420081915766
2026-06-10 10:15:00+03:00,0.40069963766250294,0.18585557150041637
2026-06-10 10:20:00+03:00,0.3654507509617905,0.1142257496956324
2026-06-10 10:25:00+03:00,0.3831645541769439,0.15053473234231626
2026-06-10 10:30:00+03:00,0.4776706337862199,0.3361752254687663
2026-06-10 10:35:00+03:00,0.48602538009797336,0.3522374771858319
2026-06-10 10:40:00+03:00,0.45572278928507026,0.29384170268206533
2026-06-10 10:45:00+03:00,0.41336140747097627,0.21103772180332836
2026-06-10 10:50:00+03:00,0.3041252008321899,-0.018225414079114377
2026-06-10 10:55:00+03:00,0.3692227679734687,0.12201632923754344
2026-06-10 11:00:00+03:00,0.5237661548332114,0.42473932826745125
2026-06-10 11:05:00+03:00,0.37803197511770964,0.14008436209982084
2026-06-10 11:10:00+03:00,0.384740378034754,0.15373249834868818
2026-06-10 11:15:00+03:00,0.39541785256201895,0.17527486612485993
2026-06-10 11:20:00+03:00,0.35220604700946173,0.08659144387497844
2026-06-10 11:25:00+03:00,0.3987508832332498,0.1819572616944211
2026-06-10 11:30:00+03:00,0.34280521039150114,0.06669030115627153
2026-06-10 11:35:00+03:00,0.27378667355455166,-0.08915046760437184
2026-06-10 11:40:00+03:00,0.4624718373364655,0.30688705090149343
2026-06-10 11:45:00+03:00,0.2386871919271587,-0.1776582452140173
2026-06-10 11:50:00+03:00,0.16503405288377682,-0.39909998886155595
2026-06-10 11:55:00+03:00,0.27165792225563745,-0.09430199391793215
2026-06-10 12:00:00+03:00,0.19982918659851562,-0.28684196027322395
2026-06-10 12:05:00+03:00,0.23874486671987616,-0.17750591431512613
2026-06-10 12:10:00+03:00,0.27727250416400273,-0.08076838303472711
2026-06-10 12:15:00+03:00,0.21202132217191194,-0.25104537873215516
2026-06-10 12:20:00+03:00,0.2961506377820356,-0.03644854880758075
2026-06-10 12:25:00+03:00,0.2567698700458054,-0.13106824699986183
2026-06-10 12:30:00+03:00,0.22515916259309662,-0.21411795198114986
2026-06-10 12:35:00+03:00,0.19001247296500298,-0.3168732844156189
2026-06-10 12:40:00+03:00,0.19781264687544928,-0.2929183883788711
2026-06-10 12:45:00+03:00,0.13297290241003204,-0.5208660651025477
2026-06-10 12:50:00+03:00,0.1885657637391244,-0.3213983154737341
2026-06-10 12:55:00+03:00,0.22405788047215722,-0.21715311662867376
2026-06-10 13:00:00+03:00,0.23696065681008444,-0.18223014064897197
2026-06-10 13:05:00+03:00,0.15934241840823798,-0.4192066076074835
2026-06-10 13:10:00+03:00,0.29500730592798796,-0.03908425559753914
2026-06-10 13:15:00+03:00,0.23028541704873307,-0.2001264005532123
2026-06-10 13:20:00+03:00,0.1784996301923571,-0.3536483809248655
2026-06-10 13:25:00+03:00,0.31525538814502324,0.006766315653548308
2026-06-10 13:30:00+03:00,0.12777621630342156,-0.5428690603385053
2026-06-10 13:35:00+03:00,0.22931733674832744,-0.20275174780078392
2026-06-10 13:40:00+03:00,0.08017065336022049,-0.7921099568088855
2026-06-10 13:45:00+03:00,0.14067058856804648,-0.48957400742803137
2026-06-10 13:50:00+03:00,0.08683649117431655,-0.7502825620449487
2026-06-10 13:55:00+03:00,0.0945702109061134,-0.7052497144343916
2026-06-10 14:00:00+03:00,0.34355779442383505,0.06829286784938401
2026-06-10 14:05:00+03:00,0.39620856388749565,0.1768619021682335
2026-06-10 14:10:00+03:00,0.5920889786514412,0.5579222958263168
2026-06-10 14:15:00+03:00,0.5444378957090038,0.46461936573990836
2026-06-10 14:20:00+03:00,0.4234003839179986,0.2308404846432693
2026-06-10 14:25:00+03:00,0.562707792275959,0.5001082296120951
2026-06-10 14:30:00+03:00,0.696664360172663,0.778167578911267
2026-06-10 14:35:00+03:00,0.6708233661840199,0.7207838547577127
2026-06-10 14:40:00+03:00,0.634853522842103,0.6445542723402444
2026-06-10 14:45:00+03:00,0.628439112670238,0.6313213343099338
2026-06-10 14:50:00+03:00,0.5600823385881153,0.49499030880993283
2026-06-10 14:55:00+03:00,0.5748756391866083,0.5239219440786664
2026-06-10 15:00:00+03:00,0.5273883248335903,0.4317119951331169
2026-06-10 15:05:00+03:00,0.6410413730257455,0.6574136952207025
2026-06-10 15:10:00+03:00,0.5478688346052382,0.47126323773014905
2026-06-10 15:15:00+03:00,0.5283846514668803,0.43363086330003264
2026-06-10 15:20:00+03:00,0.5915296688995109,0.5568109792561943
2026-06-10 15:25:00+03:00,0.6864358080342674,0.7551496595067414
2026-06-10 15:30:00+03:00,0.5747223346030813,0.523620868806776
2026-06-10 15:35:00+03:00,0.5009187747553095,0.3808390616603884
2026-06-10 15:40:00+03:00,0.5859533911823221,0.5457564475836405
2026-06-10 15:45:00+03:00,0.6575047683799711,0.6921203762078384
2026-06-10 15:50:00+03:00,0.6608823989505452,0.6993368378608963
2026-06-10 15:55:00+03:00,0.576530723492264,0.5271741825883516
2026-06-10 16:00:00+03:00,0.6820725038469678,0.7454558199757407
2026-06-10 16:05:00+03:00,0.7059208586552123,0.7993784249422202
2026-06-10 16:10:00+03:00,0.6184930964373262,0.6109845782042015
2026-06-10 16:15:00+03:00,0.599137755654537,0.5719695477718663
2026-06-10 16:20:00+03:00,0.5447771192549988,0.46527588390170727
2026-06-10 16:25:00+03:00,0.5865557281835625,0.5469483765589831
2026-06-10 16:30:00+03:00,0.5683017547783489,0.5110360469174191
2026-06-10 16:35:00+03:00,0.6703784900813888,0.7198171745337886
2026-06-10 16:40:00+03:00,0.6226585574802576,0.6194759289478606
2026-06-10 16:45:00+03:00,0.48755381165806266,0.3551740435828984
2026-06-10 16:50:00+03:00,0.5629194984896027,0.5005212130388987
2026-06-10 16:55:00+03:00,0.46678522478515866,0.31521025151301363
2026-06-10 17:00:00+03:00,0.5136968982686843,0.40537901590332004
2026-06-10 17:05:00+03:00,0.5396911833523085,0.45544087551775103
2026-06-10 17:10:00+03:00,0.5254641513167592,0.4280073224321035
2026-06-10 17:15:00+03:00,0.6089356102429583,0.5916330153698572
2026-06-10 17:20:00+03:00,0.5167758988934416,0.4112960605332511
2026-06-10 17:25:00+03:00,0.5543207150362848,0.4837814390500351
2026-06-10 17:30:00+03:00,0.4355097143030547,0.2545632983082432
2026-06-10 17:35:00+03:00,0.5623042111644677,0.4993210717712299
2026-06-10 17:40:00+03:00,0.565638943110675,0.5058301709195264
2026-06-10 17:45:00+03:00,0.42086408524239116,0.22584986253107436
2026-06-10 17:50:00+03:00,0.4635098289046405,0.30889092357390113
2026-06-10 17:55:00+03:00,0.5546240645386107,0.48437085106003147
2026-06-11 09:55:00+03:00,0.0670574514455052,-0.8846339739048665
2026-06-11 10:00:00+03:00,0.48532205453758603,0.3508860166090506
2026-06-11 10:05:00+03:00,0.5935668225444731,0.5608609773180974
2026-06-11 10:10:00+03:00,0.5069980816840424,0.39251191053918777
2026-06-11 10:15:00+03:00,0.4625140474230562,0.3069685508230783
2026-06-11 10:20:00+03:00,0.4496499009597022,0.2820765538023585
2026-06-11 10:25:00+03:00,0.3436030259380238,0.06838913130068267
2026-06-11 10:30:00+03:00,0.44932146903854303,0.28143947797919877
2026-06-11 10:35:00+03:00,0.4412668900028836,0.26578735321707136
2026-06-11 10:40:00+03:00,0.4455884324474577,0.27419215532559843
2026-06-11 10:45:00+03:00,0.49697641329100045,0.3732698467741465
2026-06-11 10:50:00+03:00,0.3796013625310244,0.14328555608971544
2026-06-11 10:55:00+03:00,0.40472394743227047,0.1938861376560811
2026-06-11 11:00:00+03:00,0.4209173308012147,0.2259547162278858
2026-06-11 11:05:00+03:00,0.4428657879364302,0.2688989359611444
2026-06-11 11:10:00+03:00,0.31997742287817943,0.01722396104237446
2026-06-11 11:15:00+03:00,0.33758287627644523,0.05552273988836152
2026-06-11 11:20:00+03:00,0.2893043685180616,-0.052321179093567594
2026-06-11 11:25:00+03:00,0.3859745808417537,0.15623359600228703
2026-06-11 11:30:00+03:00,0.30123847360903544,-0.02479020835298837
2026-06-11 11:35:00+03:00,0.42058518737018113,0.2253005842337668
2026-06-11 11:40:00+03:00,0.310290776324205,-0.004320143235847007
2026-06-11 11:45:00+03:00,0.19081941468526148,-0.3143607751335862
2026-06-11 11:50:00+03:00,0.25598890504002775,-0.13303444629985706
2026-06-11 11:55:00+03:00,0.3009484054520877,-0.02545183029435555
2026-06-11 12:00:00+03:00,0.2970111268800348,-0.03446876161345111
2026-06-11 12:05:00+03:00,0.19254101786104505,-0.30902736261632174
2026-06-11 12:10:00+03:00,0.2651715610345075,-0.11015736006172111
2026-06-11 12:15:00+03:00,0.261804979992486,-0.11848425141484537
2026-06-11 12:20:00+03:00,0.2601491489131144,-0.12260510442594497
2026-06-11 12:25:00+03:00,0.2762673693785149,-0.08317861871355384
2026-06-11 12:30:00+03:00,0.25365708527103203,-0.13892870911158534
2026-06-11 12:35:00+03:00,0.278657532166285,-0.07745599592812247
2026-06-11 12:40:00+03:00,0.15475008209384952,-0.4358583181802632
2026-06-11 12:45:00+03:00,0.17890451790009002,-0.35232423863726625
2026-06-11 12:50:00+03:00,0.21931310109657356,-0.23035290772538702
2026-06-11 12:55:00+03:00,0.20330128708825435,-0.27648633906520703
2026-06-11 13:00:00+03:00,0.2061308386664778,-0.26814416390564044
2026-06-11 13:05:00+03:00,0.32778911653936305,0.03434700749475107
2026-06-11 13:10:00+03:00,0.3199959013421803,0.017264722226265378
2026-06-11 13:15:00+03:00,0.34104224601564476,0.06292959834295471
2026-06-11 13:20:00+03:00,0.2855259562165521,-0.061176372925593
2026-06-11 13:25:00+03:00,0.2575739543836643,-0.12904792657702116
2026-06-11 13:30:00+03:00,0.300929562215446,-0.025494822744528384
2026-06-11 13:35:00+03:00,0.18019525601457864,-0.34811859375913734
2026-06-11 13:40:00+03:00,0.2997335829822969,-0.028226699063038013
2026-06-11 13:45:00+03:00,0.39764350276831256,0.17973919347011874
2026-06-11 13:50:00+03:00,0.23845010693738605,-0.17828470066036106
2026-06-11 13:55:00+03:00,0.28932538954668274,-0.052272106817750935
2026-06-11 14:00:00+03:00,0.3309687283157682,0.04125630433379286
2026-06-11 14:05:00+03:00,0.42706178588618526,0.23803102501363302
2026-06-11 14:10:00+03:00,0.43294774228347194,0.2495578128777548
2026-06-11 14:15:00+03:00,0.41817437121024276,0.2205483741111402
2026-06-11 14:20:00+03:00,0.28130482278323204,-0.07115278805469485
2026-06-11 14:25:00+03:00,0.14329025868846013,-0.47925205649034774
2026-06-11 14:30:00+03:00,0.18821879382007536,-0.3224875286456673
2026-06-11 14:35:00+03:00,0.3175427353348683,0.01184236578344143
2026-06-11 14:40:00+03:00,0.40987704594521057,0.2041321227173155
2026-06-11 14:45:00+03:00,0.45092575618369624,0.2845505914901843
2026-06-11 14:50:00+03:00,0.35569087790449694,0.09390632683126324
2026-06-11 14:55:00+03:00,0.38615950691441786,0.15660808986430502
2026-06-11 15:00:00+03:00,0.3108128367903249,-0.0031497941662894796
2026-06-11 15:05:00+03:00,0.4141307226904886,0.21256007353166045
2026-06-11 15:10:00+03:00,0.3622045024091381,0.10749375609555285
2026-06-11 15:15:00+03:00,0.4153737707952911,0.21501811904289742
2026-06-11 15:20:00+03:00,0.7016392480589365,0.7895203557957559
2026-06-11 15:25:00+03:00,0.8581821563112996,1.243184162002901
2026-06-11 15:30:00+03:00,0.8695492054007231,1.289601809044269
2026-06-11 15:35:00+03:00,0.8793774110228152,1.3325937326810406
2026-06-11 15:40:00+03:00,0.8156192294124794,1.092790368120517
2026-06-11 15:45:00+03:00,0.9009340313468819,1.438718304058054
2026-06-11 15:50:00+03:00,0.8773613847859775,1.3235360915057606
2026-06-11 15:55:00+03:00,0.8369762956034107,1.1642872162173863
2026-06-11 16:00:00+03:00,0.8232682993821254,1.1176080390004386
2026-06-11 16:05:00+03:00,0.8836246935562402,1.3521121743529134
2026-06-11 16:10:00+03:00,0.808328430653987,1.0698664025677278
2026-06-11 16:15:00+03:00,0.8570469345057142,1.238721898928987
2026-06-11 16:20:00+03:00,0.8388655105773436,1.1709642830737843
2026-06-11 16:25:00+03:00,0.8343936774844659,1.1552594957356204
2026-06-11 16:30:00+03:00,0.8733264619605752,1.305785755563437
2026-06-11 16:35:00+03:00,0.8657576790121704,1.2737524671759763
2026-06-11 16:40:00+03:00,0.8201039153793583,1.1072414054989728
2026-06-11 16:45:00+03:00,0.8327555379517256,1.149591624181148
2026-06-11 16:50:00+03:00,0.779872526750544,0.986223030796461
2026-06-11 16:55:00+03:00,0.8300836396102718,1.1404414277088701
2026-06-11 17:00:00+03:00,0.6866438756317713,0.755613732824316
2026-06-11 17:05:00+03:00,0.7322100703020544,0.8618778382407631
2026-06-11 17:10:00+03:00,0.6851569028468721,0.7523008550702965
2026-06-11 17:15:00+03:00,0.5814582367196688,0.5368770430978982
2026-06-11 17:20:00+03:00,0.6537009245711782,0.6840339647693118
2026-06-11 17:25:00+03:00,0.6460980923624945,0.6679948818710739
2026-06-11 17:30:00+03:00,0.5881231989988575,0.5500525643343619
2026-06-11 17:35:00+03:00,0.6669454930488411,0.7123796454781823
2026-06-11 17:40:00+03:00,0.7204591562450584,0.8334988873901956
2026-06-11 17:45:00+03:00,0.7078939716329441,0.8039494758206006
2026-06-11 17:50:00+03:00,0.6988001991860319,0.7830285106307261
2026-06-11 17:55:00+03:00,0.6656992063189126,0.7096891201878942
2026-06-12 09:55:00+03:00,0.34860980645981526,0.0790079875782479
2026-06-12 10:00:00+03:00,0.6494425782382249,0.675030707426796
2026-06-12 10:05:00+03:00,0.6446786351419338,0.6650178816992065
2026-06-12 10:10:00+03:00,0.41518570705392144,0.21464637294339806
2026-06-12 10:15:00+03:00,0.6357958203641542,0.6465064365963809
2026-06-12 10:20:00+03:00,0.49293406513717525,0.36550790260925003
2026-06-12 10:25:00+03:00,0.30011102235902837,-0.027363874552122275
2026-06-12 10:30:00+03:00,0.3459896354943107,0.07345990172911199
2026-06-12 10:35:00+03:00,0.28896153650843415,-0.053121797660638154
2026-06-12 10:40:00+03:00,0.30928656071548055,-0.006574433674263899
2026-06-12 10:45:00+03:00,0.4524204954275607,0.2874474829352819
2026-06-12 10:50:00+03:00,0.4114103458860698,0.20717311033568425
2026-06-12 10:55:00+03:00,0.5857645462873436,0.5453828585322724
2026-06-12 11:00:00+03:00,0.5454311394043658,0.46654187296786653
2026-06-12 11:05:00+03:00,0.1608127957096006,-0.4139574228742209
2026-06-12 11:10:00+03:00,0.11851213758823242,-0.5840665361553651
2026-06-12 11:15:00+03:00,0.10002999302057064,-0.6754060682854243
2026-06-12 11:20:00+03:00,0.05590158429490033,-0.9776766430058059
2026-06-12 11:25:00+03:00,0.08413954934867454,-0.7668417913070682
2026-06-12 11:30:00+03:00,0.444607669789376,0.2722861576994755
2026-06-12 11:35:00+03:00,0.6529484977476621,0.6824393982000831
2026-06-12 11:40:00+03:00,0.6574792052734236,0.6920658904923903
2026-06-12 11:45:00+03:00,0.705016680516668,0.7972897284159807
2026-06-12 11:50:00+03:00,0.7371638792948795,0.8740766710817595
2026-06-12 11:55:00+03:00,0.8021557410042616,1.050972886701274
2026-06-12 12:00:00+03:00,0.7691773809110286,0.9568230070151693
2026-06-12 12:05:00+03:00,0.7762177872401795,0.9760646371191423
2026-06-12 12:10:00+03:00,0.8119947081076658,1.0813086374981487
2026-06-12 12:15:00+03:00,0.3304941058947932,0.04022709754030823
2026-06-12 12:20:00+03:00,0.20223387729826306,-0.2796557514460431
2026-06-12 12:25:00+03:00,0.2384657606444504,-0.17824332530313586
2026-06-12 12:30:00+03:00,0.26447514317130616,-0.11187428908102948
2026-06-12 12:35:00+03:00,0.4688613200350143,0.3192128353655075
2026-06-12 12:40:00+03:00,0.5152229186996066,0.4083113556229279
2026-06-12 12:45:00+03:00,0.3725702798539168,0.12890253098427404
2026-06-12 12:50:00+03:00,0.5327028167907554,0.4419526372446036
2026-06-12 12:55:00+03:00,0.5471228519276001,0.46981794553878126
2026-06-12 13:00:00+03:00,0.48644085501521755,0.35303577404737324
2026-06-12 13:05:00+03:00,0.433928360415169,0.2514745204611127
2026-06-12 13:10:00+03:00,0.6127313055772302,0.5992971991222986
2026-06-12 13:15:00+03:00,0.41878891855887374,0.22176049461738878
2026-06-12 13:20:00+03:00,0.5586433456863859,0.4921880098162971
2026-06-12 13:25:00+03:00,0.11041687897749997,-0.622414726258746
2026-06-12 13:30:00+03:00,0.2306102184471034,-0.19924730212895542
2026-06-12 13:35:00+03:00,0.23724380318885463,-0.18147879582899734
2026-06-12 13:40:00+03:00,0.2601484148301661,-0.12260693509219361
2026-06-12 13:45:00+03:00,0.33820861232869404,0.056865234026440795
2026-06-12 13:50:00+03:00,0.4481949317273828,0.2792536224096013
2026-06-12 13:55:00+03:00,0.6328474571301015,0.6404053919267887
2026-06-12 14:00:00+03:00,0.6723768274727369,0.7241646393525359
2026-06-12 14:05:00+03:00,0.7522055087094748,0.9120582649054554
2026-06-12 14:10:00+03:00,0.8695441943716984,1.2895806054656207
2026-06-12 14:15:00+03:00,0.8508126267584697,1.2147285310172438
2026-06-12 14:20:00+03:00,0.8659520449737602,1.2745556796954973
2026-06-12 14:25:00+03:00,0.8733045814937233,1.3056908280233008
2026-06-12 14:30:00+03:00,0.8772068380667011,1.3228470442476914
2026-06-12 14:35:00+03:00,0.7702029845017683,0.9596000457040107
2026-06-12 14:40:00+03:00,0.7987740423642063,1.04081011962972
2026-06-12 14:45:00+03:00,0.8108822037396333,1.0778186467441473
2026-06-12 14:50:00+03:00,0.9186919008805354,1.542904040659536
2026-06-12 14:55:00+03:00,0.9345806472298956,1.6554970015963066
2026-06-12 15:00:00+03:00,0.9364523885617613,1.670390772053228
2026-06-12 15:05:00+03:00,0.9104540513962616,1.492258780772693
2026-06-12 15:10:00+03:00,0.9220066399446009,1.5646107944060816
2026-06-12 15:15:00+03:00,0.9592428362748177,1.8951226930275415
2026-06-12 15:20:00+03:00,0.9693493687668207,2.0369395119665796
2026-06-12 15:25:00+03:00,0.9687058690718825,2.0266479104070783
2026-06-12 15:30:00+03:00,0.985096707196285,2.390779725656034
2026-06-12 15:35:00+03:00,0.9815277856354605,2.2859911875940644
2026-06-12 15:40:00+03:00,0.9903788840492391,2.603399785015876
2026-06-12 15:45:00+03:00,0.9907658479559686,2.6232914975611394
2026-06-12 15:50:00+03:00,0.9936518686061632,2.8045622496648988
2026-06-12 15:55:00+03:00,0.9935622021560331,2.797786609709509
2026-06-12 16:00:00+03:00,0.9945839507978471,2.8812314156041383
2026-06-12 16:05:00+03:00,0.9962771081458489,3.061978899596741
2026-06-12 16:10:00+03:00,0.9975870403262975,3.2707547123028147
2026-06-12 16:15:00+03:00,0.998622383254855,3.540285339131341
2026-06-12 16:20:00+03:00,0.9988125042760458,3.6116589149975002
2026-06-12 16:25:00+03:00,0.9992423302342168,3.8275500281557915
2026-06-12 16:30:00+03:00,0.998367522477118,3.4586878642723806
2026-06-12 16:35:00+03:00,0.9984407448712525,3.480749990124871
2026-06-12 16:40:00+03:00,0.9971892319904418,3.197315357297675
2026-06-12 16:45:00+03:00,0.9903323668322211,2.6010621347082217
2026-06-12 16:50:00+03:00,0.992658915346992,2.734327597957665
2026-06-12 16:55:00+03:00,0.9860315352344133,2.4223285726818085
2026-06-12 17:00:00+03:00,0.9867209431900276,2.4469582286527447
2026-06-12 17:05:00+03:00,0.9964176501853895,3.0805173956438128
2026-06-12 17:10:00+03:00,0.9866782823841511,2.445397920389691
2026-06-12 17:15:00+03:00,0.9891919243920001,2.5469855938292705
2026-06-12 17:20:00+03:00,0.992815287021809,2.744737837547761
2026-06-12 17:25:00+03:00,0.9864942903822411,2.4387244492460325
2026-06-12 17:30:00+03:00,0.9952235602663466,2.9418606287192497
2026-06-12 17:35:00+03:00,0.9928537104060763,2.7473302460549047
2026-06-12 17:40:00+03:00,0.9282890830202347,1.6081799962081444
2026-06-12 17:45:00+03:00,0.9731390044025076,2.1021601825910223
2026-06-12 17:50:00+03:00,0.9561963297953887,1.8589954533865862
2026-06-12 17:55:00+03:00,0.9573972673641356,1.8729412002366705
2026-06-15 09:55:00+03:00,0.9893779220262232,2.5554079142342374
2026-06-15 10:00:00+03:00,0.5289243892984755,0.43467054843518144
2026-06-15 10:05:00+03:00,0.9036037368083885,1.4532510988133491
2026-06-15 10:10:00+03:00,0.9633753627369888,1.948501812315941
2026-06-15 10:15:00+03:00,0.9734776295497047,2.1084166431578786
2026-06-15 10:20:00+03:00,0.7493137599826567,0.9046404621833026
2026-06-15 10:25:00+03:00,0.822534166264295,1.1151901168685285
2026-06-15 10:30:00+03:00,0.8761684797710158,1.318236753814668
2026-06-15 10:35:00+03:00,0.9025497320423009,1.4474711501514503
2026-06-15 10:40:00+03:00,0.6876575323624978,0.7578769917654694
2026-06-15 10:45:00+03:00,0.6237343906275897,0.6216749805904369
2026-06-15 10:50:00+03:00,0.5057882848366928,0.3901887785270457
2026-06-15 10:55:00+03:00,0.527119137869565,0.43119362915253096
2026-06-15 11:00:00+03:00,0.7267115047651643,0.8485039119967549
2026-06-15 11:05:00+03:00,0.580920668058861,0.5358169869146682
2026-06-15 11:10:00+03:00,0.0759884886959917,-0.8200030265585553
2026-06-15 11:15:00+03:00,0.052976008010995744,-1.0049628004130546
2026-06-15 11:20:00+03:00,0.05704079572169116,-0.967413831415622
2026-06-15 11:25:00+03:00,0.07126901151049297,-0.8532253117455136
2026-06-15 11:30:00+03:00,0.7421255095792243,0.8864439796195868
2026-06-15 11:35:00+03:00,0.9445240299773603,1.739711529089506
2026-06-15 11:40:00+03:00,0.769720333563306,0.9582920865464796
2026-06-15 11:45:00+03:00,0.7775677338205753,0.9798029283162152
2026-06-15 11:50:00+03:00,0.3943262156091237,0.17308203559228774
2026-06-15 11:55:00+03:00,0.3301469475166912,0.039473819409143435
2026-06-15 12:00:00+03:00,0.3193866006475031,0.015920022881897783
2026-06-15 12:05:00+03:00,0.27412940949932413,-0.08832339401451869
2026-06-15 12:10:00+03:00,0.07715642315920787,-0.8120747082035801
2026-06-15 12:15:00+03:00,0.05635459963723446,-0.9735722208321993
2026-06-15 12:20:00+03:00,0.04335481426512786,-1.106014407236506
2026-06-15 12:25:00+03:00,0.05279910213736729,-1.0066579882622009
2026-06-15 12:30:00+03:00,0.018272807657849145,-1.533148194345302
2026-06-15 12:35:00+03:00,0.03380887493658694,-1.2301505469039722
2026-06-15 12:40:00+03:00,0.020734797852464598,-1.4712728308671739
2026-06-15 12:45:00+03:00,0.02093920132493678,-1.4664640860593199
2026-06-15 12:50:00+03:00,0.02374217731187212,-1.4047870580473116
2026-06-15 12:55:00+03:00,0.019994173558868206,-1.4890940378894386
2026-06-15 13:00:00+03:00,0.03055819896678091,-1.280284838368335
2026-06-15 13:05:00+03:00,0.02393226076630545,-1.400866038939264
2026-06-15 13:10:00+03:00,0.024745086413391886,-1.384434773263351
2026-06-15 13:15:00+03:00,0.005187443279857056,-2.1438914110263174
2026-06-15 13:20:00+03:00,0.004578992158323731,-2.2040691498435208
2026-06-15 13:25:00+03:00,0.004401716840783978,-2.2231065905384004
2026-06-15 13:30:00+03:00,0.006734185815501007,-2.017888854493232
2026-06-15 13:35:00+03:00,0.010818311141133373,-1.7883761674171315
2026-06-15 13:40:00+03:00,0.004313374630054512,-2.2328804916701923
2026-06-15 13:45:00+03:00,0.006742433364505088,-2.017297373843926
2026-06-15 13:50:00+03:00,0.030111446285981162,-1.2875750770658425
2026-06-15 13:55:00+03:00,0.15871585359690465,-0.4214553466267059
2026-06-15 14:00:00+03:00,0.2201595556961106,-0.22798322023748274
2026-06-15 14:05:00+03:00,0.23768493908242688,-0.1803094468945523
2026-06-15 14:10:00+03:00,0.1673681568402698,-0.3910153392891607
2026-06-15 14:15:00+03:00,0.24570043279917406,-0.15931604021060153
2026-06-15 14:20:00+03:00,0.13032501317620715,-0.5319841515188154
2026-06-15 14:25:00+03:00,0.16153443617020957,-0.4113953841786595
2026-06-15 14:30:00+03:00,0.2655240845741124,-0.10928935731177084
2026-06-15 14:35:00+03:00,0.17625728313725958,-0.36102465276946344
2026-06-15 14:40:00+03:00,0.18351128426956598,-0.33742050761479725
2026-06-15 14:45:00+03:00,0.27009438092863974,-0.09810186133171975
2026-06-15 14:50:00+03:00,0.28239667712841143,-0.06856361282958559
2026-06-15 14:55:00+03:00,0.2937199621496264,-0.04205907208763157
2026-06-15 15:00:00+03:00,0.2815757997565641,-0.07050963625454229
2026-06-15 15:05:00+03:00,0.23659202373642033,-0.1832092573674317
2026-06-15 15:10:00+03:00,0.2786421565346242,-0.07749271217321999
2026-06-15 15:15:00+03:00,0.3166026544549083,0.009758535399428309
2026-06-15 15:20:00+03:00,0.38333430993607914,0.15087945011331616
2026-06-15 15:25:00+03:00,0.5210075164689902,0.41943222424557386
2026-06-15 15:30:00+03:00,0.598300251683592,0.570296356502271
2026-06-15 15:35:00+03:00,0.7015935107407758,0.7894154918424519
2026-06-15 15:40:00+03:00,0.680797298503397,0.7426362153081845
2026-06-15 15:45:00+03:00,0.7615204517437263,0.9363569976143916
2026-06-15 15:50:00+03:00,0.6847176529040285,0.7513238559548596
2026-06-15 15:55:00+03:00,0.7323475869040935,0.8622145251056424
2026-06-15 16:00:00+03:00,0.8659600015051105,1.2745885808293969
2026-06-15 16:05:00+03:00,0.8470268091360988,1.2005596709637265
2026-06-15 16:10:00+03:00,0.886509996150215,1.3657273130591439
2026-06-15 16:15:00+03:00,0.9246731079714293,1.582694021955476
2026-06-15 16:20:00+03:00,0.9497558995878985,1.7899089898582126
2026-06-15 16:25:00+03:00,0.8935978587202226,1.4005036362065046
2026-06-15 16:30:00+03:00,0.9164635850488971,1.528760964095639
2026-06-15 16:35:00+03:00,0.4847817861865383,0.34984779963044366
2026-06-15 16:40:00+03:00,0.719047099678292,0.830138737207677
2026-06-15 16:45:00+03:00,0.5393312154042048,0.4547454116948178
2026-06-15 16:50:00+03:00,0.6347433548053216,0.6443261764997031
2026-06-15 16:55:00+03:00,0.3740406613111519,0.1319192885733236
2026-06-15 17:00:00+03:00,0.6491756299276189,0.6744680015678374
2026-06-15 17:05:00+03:00,0.5129108173224757,0.4038687091803171
2026-06-15 17:10:00+03:00,0.5583736823025984,0.4916630813934989
2026-06-15 17:15:00+03:00,0.32109413982796664,0.019685068396747357
2026-06-15 17:20:00+03:00,0.2850803693395554,-0.0622252733015686
2026-06-15 17:25:00+03:00,0.306221152948117,-0.013480919691515672
2026-06-15 17:30:00+03:00,0.1826296148423806,-0.34025016496763616
2026-06-15 17:35:00+03:00,0.1625798666898808,-0.4077001320621576
2026-06-15 17:40:00+03:00,0.15219270109762023,-0.4453068678257457
2026-06-15 17:45:00+03:00,0.2241982572751775,-0.2167656455450343
2026-06-15 17:50:00+03:00,0.1824288476785332,-0.340895995081881
2026-06-15 17:55:00+03:00,0.4304941683068836,0.24475754394094815
2026-06-16 09:55:00+03:00,0.20843604497344315,-0.2614103501851155
2026-06-16 10:00:00+03:00,0.5518386689440861,0.4789617034774748
2026-06-16 10:05:00+03:00,0.6053271644647042,0.5843715754333105
2026-06-16 10:10:00+03:00,0.6226219079142085,0.6194010592138539
2026-06-16 10:15:00+03:00,0.3506308439441963,0.08327419407412259
2026-06-16 10:20:00+03:00,0.32972533132437354,0.03855843930061409
2026-06-16 10:25:00+03:00,0.17329473170169482,-0.37088406738514773
2026-06-16 10:30:00+03:00,0.6067671768884682,0.5872665595745161
2026-06-16 10:35:00+03:00,0.6912628795142015,0.7659596557052618
2026-06-16 10:40:00+03:00,0.6244012699424031,0.6230393635118131
2026-06-16 10:45:00+03:00,0.6213548335093906,0.6168143641720556
2026-06-16 10:50:00+03:00,0.43894425045943525,0.26126306909564245
2026-06-16 10:55:00+03:00,0.7437466592185484,0.8905183628443498
2026-06-16 11:00:00+03:00,0.617479251604205,0.6089232645734418
2026-06-16 11:05:00+03:00,0.44443742423625304,0.27195522035318
2026-06-16 11:10:00+03:00,0.42227521968853665,0.22862751902724815
2026-06-16 11:15:00+03:00,0.49468746319073875,0.36887486089473515
2026-06-16 11:20:00+03:00,0.32684919909673343,0.032298018257922514
2026-06-16 11:25:00+03:00,0.5469396637475841,0.46946309350019827
2026-06-16 11:30:00+03:00,0.4537479945455785,0.29001885748437484
2026-06-16 11:35:00+03:00,0.2965572317532997,-0.03551265569012865
2026-06-16 11:40:00+03:00,0.15184811451012684,-0.44658991156689687
2026-06-16 11:45:00+03:00,0.14091903106274228,-0.488588244072397
2026-06-16 11:50:00+03:00,0.07760256323900909,-0.8090751755412885
2026-06-16 11:55:00+03:00,0.11282131465971582,-0.610775593438452
2026-06-16 12:00:00+03:00,0.10042975356584845,-0.6732784097765837
2026-06-16 12:05:00+03:00,0.15755658002994977,-0.42563504207982905
2026-06-16 12:10:00+03:00,0.05020590460461976,-1.0321432069836727
2026-06-16 12:15:00+03:00,0.10626789310772193,-0.6430316129128624
2026-06-16 12:20:00+03:00,0.057236539884165986,-0.9656698513658271
2026-06-16 12:25:00+03:00,0.14855851466976788,-0.4589605919134645
2026-06-16 12:30:00+03:00,0.29270620350198384,-0.04440704607828416
2026-06-16 12:35:00+03:00,0.1904229410258305,-0.3155942255919827
2026-06-16 12:40:00+03:00,0.25430996764101466,-0.13727480095652594
2026-06-16 12:45:00+03:00,0.42282260223671325,0.22970430411568163
2026-06-16 12:50:00+03:00,0.40657297586940117,0.19756726789728718
2026-06-16 12:55:00+03:00,0.3456755052604473,0.07279342471055605
2026-06-16 13:00:00+03:00,0.515765325824723,0.40935375199028595
2026-06-16 13:05:00+03:00,0.4231507974793948,0.2303497353699162
2026-06-16 13:10:00+03:00,0.4808024778850864,0.34219862078168944
2026-06-16 13:15:00+03:00,0.3653908439514532,0.11410174766985537
2026-06-16 13:20:00+03:00,0.31492555123009464,0.006032712750971073
2026-06-16 13:25:00+03:00,0.23653514347859103,-0.18336042925074936
2026-06-16 13:30:00+03:00,0.32889837470447747,0.03676128596263341
2026-06-16 13:35:00+03:00,0.42623826193849196,0.23641512309247828
2026-06-16 13:40:00+03:00,0.4515364078208763,0.2857342741846559
2026-06-16 13:45:00+03:00,0.5726436091238738,0.5195412139314664
2026-06-16 13:50:00+03:00,0.5284045566255159,0.4336692038847681
2026-06-16 13:55:00+03:00,0.546759247516296,0.46911363504742104
2026-06-16 14:00:00+03:00,0.3564197676826909,0.09543222714422572
2026-06-16 14:05:00+03:00,0.46499469904960344,0.3117564515734731
2026-06-16 14:10:00+03:00,0.5877436305920998,0.5493005523405937
2026-06-16 14:15:00+03:00,0.33746300485843744,0.055265420959647225
2026-06-16 14:20:00+03:00,0.4646483613793788,0.3110881921251548
2026-06-16 14:25:00+03:00,0.42074643723079397,0.22561817159039554
2026-06-16 14:30:00+03:00,0.3415680253189828,0.0640521508880704
2026-06-16 14:35:00+03:00,0.3863274548946259,0.15694814374739224
2026-06-16 14:40:00+03:00,0.43462368318080197,0.25283297877489685
2026-06-16 14:45:00+03:00,0.35881712042411934,0.10044122010129015
2026-06-16 14:50:00+03:00,0.36862986958448296,0.12079399250593091
2026-06-16 14:55:00+03:00,0.3731440412060479,0.13008027967163846
2026-06-16 15:00:00+03:00,0.3567664482792795,0.0961574995187893
2026-06-16 15:05:00+03:00,0.3096384473188896,-0.005784050482665004
2026-06-16 15:10:00+03:00,0.29272050886837564,-0.0443738802217605
2026-06-16 15:15:00+03:00,0.3660526584695761,0.11547116556509893
2026-06-16 15:20:00+03:00,0.24745044719265302,-0.15479452828341406
2026-06-16 15:25:00+03:00,0.34260705246254164,0.06626806031668633
2026-06-16 15:30:00+03:00,0.35494612532991765,0.09234577092166027
2026-06-16 15:35:00+03:00,0.3607772525217714,0.10452574019743563
2026-06-16 15:40:00+03:00,0.35166408119974346,0.0854508760409119
2026-06-16 15:45:00+03:00,0.3413098047868296,0.06350094742971435
2026-06-16 15:50:00+03:00,0.26609702642150623,-0.10788019654777314
2026-06-16 15:55:00+03:00,0.2809086167900112,-0.07209384449721123
2026-06-16 16:00:00+03:00,0.24890245971761152,-0.1510592319762304
2026-06-16 16:05:00+03:00,0.24399366212702764,-0.1637467874667649
2026-06-16 16:10:00+03:00,0.22742757908446432,-0.20789913524212617
2026-06-16 16:15:00+03:00,0.2944071648322465,-0.04047012875102465
2026-06-16 16:20:00+03:00,0.38227589085944946,0.14872920457746497
2026-06-16 16:25:00+03:00,0.37459077979883837,0.13304672799938524
2026-06-16 16:30:00+03:00,0.28538661965751516,-0.061504261965787704
2026-06-16 16:35:00+03:00,0.37514514631436513,0.13418220200478173
2026-06-16 16:40:00+03:00,0.5488003267019251,0.47306852806814137
2026-06-16 16:45:00+03:00,0.4309065712737157,0.24556484568376716
2026-06-16 16:50:00+03:00,0.4919050062227698,0.36353170464285006
2026-06-16 16:55:00+03:00,0.5056065321067468,0.38983977681252796
2026-06-16 17:00:00+03:00,0.5058789430687048,0.39036286161759876
2026-06-16 17:05:00+03:00,0.5357011124671163,0.44773629899169637
2026-06-16 17:10:00+03:00,0.570829406474456,0.5159848223468908
2026-06-16 17:15:00+03:00,0.5009717315145322,0.38094073642418774
2026-06-16 17:20:00+03:00,0.5050692934273283,0.3888081870223615
2026-06-16 17:25:00+03:00,0.49268924632354016,0.36503776522062314
2026-06-16 17:30:00+03:00,0.49351263925820016,0.3666189409753073
2026-06-16 17:35:00+03:00,0.5356587370010196,0.44765452374091136
2026-06-16 17:40:00+03:00,0.5528162866990768,0.4808594681892066
2026-06-16 17:45:00+03:00,0.5792879135905475,0.5325995945067551
2026-06-16 17:50:00+03:00,0.5298945268106724,0.43653963224042414
2026-06-16 17:55:00+03:00,0.49753197230027135,0.37433652531151373
2026-06-17 09:55:00+03:00,0.20122727392594747,-0.28265607518047603
2026-06-17 10:00:00+03:00,0.36124566393872154,0.10550037898158521
2026-06-17 10:05:00+03:00,0.3271584745360075,0.03297256220325519
2026-06-17 10:10:00+03:00,0.28267160945315933,-0.06791260849218597
2026-06-17 10:15:00+03:00,0.3784991252898191,0.1410377838630779
2026-06-17 10:20:00+03:00,0.34182286532448153,0.06459594161760848
2026-06-17 10:25:00+03:00,0.30607952375176867,-0.013800943950364367
2026-06-17 10:30:00+03:00,0.3566256036572904,0.09586288374448332
2026-06-17 10:35:00+03:00,0.3032591193440525,-0.020191282021593676
2026-06-17 10:40:00+03:00,0.3696805927564431,0.12295963730752774
2026-06-17 10:45:00+03:00,0.3141312730473922,0.0042644219221397855
2026-06-17 10:50:00+03:00,0.41845513906714477,0.22110221676198427
2026-06-17 10:55:00+03:00,0.3869543656433699,0.15821700287217452
2026-06-17 11:00:00+03:00,0.43131105582168344,0.24635646445292095
2026-06-17 11:05:00+03:00,0.33210819924278945,0.04372418101520396
2026-06-17 11:10:00+03:00,0.25094282045360283,-0.14583494042966239
2026-06-17 11:15:00+03:00,0.28830576911775424,-0.05465478971972612
2026-06-17 11:20:00+03:00,0.3244814195423705,0.0271228326687135
2026-06-17 11:25:00+03:00,0.24975805795302067,-0.14886503030165288
2026-06-17 11:30:00+03:00,0.2208327985425176,-0.2261031116582719
2026-06-17 11:35:00+03:00,0.2455273903626405,-0.15976430665601976
2026-06-17 11:40:00+03:00,0.39471247154971206,0.1738581698482602
2026-06-17 11:45:00+03:00,0.31705011029004004,0.01075080122332886
2026-06-17 11:50:00+03:00,0.26862918428901117,-0.10167531866789473
2026-06-17 11:55:00+03:00,0.2243861871675185,-0.2162471873378765
2026-06-17 12:00:00+03:00,0.22866667441092836,-0.20452066264564905
2026-06-17 12:05:00+03:00,0.30036410973072625,-0.026785665257367586
2026-06-17 12:10:00+03:00,0.23290972629286422,-0.19304814599912107
2026-06-17 12:15:00+03:00,0.24148018972807142,-0.17031012525877198
2026-06-17 12:20:00+03:00,0.25856079345423294,-0.12657404218102486
2026-06-17 12:25:00+03:00,0.2418863149959717,-0.1692464890460676
2026-06-17 12:30:00+03:00,0.25873217441285795,-0.12614503863909646
2026-06-17 12:35:00+03:00,0.317980350816382,0.012811280216801862
2026-06-17 12:40:00+03:00,0.2666476624588853,-0.10652771873036385
2026-06-17 12:45:00+03:00,0.27943750516920773,-0.07559508661702805
2026-06-17 12:50:00+03:00,0.3747745314912844,0.13342316951934288
2026-06-17 12:55:00+03:00,0.4320962119188826,0.24789258659928184
2026-06-17 13:00:00+03:00,0.5537231811236609,0.48262065245172264
2026-06-17 13:05:00+03:00,0.3964200901899535,0.1772862714820998
2026-06-17 13:10:00+03:00,0.4380379127020238,0.25949620556744424
2026-06-17 13:15:00+03:00,0.3751173616091082,0.13412530833199363
2026-06-17 13:20:00+03:00,0.3850473052674489,0.15435476228545314
2026-06-17 13:25:00+03:00,0.32085878439433785,0.019166750198369942
2026-06-17 13:30:00+03:00,0.3389596058667054,0.05847486146195452
2026-06-17 13:35:00+03:00,0.43778107125481397,0.25899535895964965
2026-06-17 13:40:00+03:00,0.40487881333179465,0.19419465681011813
2026-06-17 13:45:00+03:00,0.4689590145439852,0.3194011320822042
2026-06-17 13:50:00+03:00,0.47925278112942016,0.33921852103872485
2026-06-17 13:55:00+03:00,0.4705632514711856,0.3224924984421085
2026-06-17 14:00:00+03:00,0.4936240099808607,0.36683280273012425
2026-06-17 14:05:00+03:00,0.36001630494272063,0.10294123544241038
2026-06-17 14:10:00+03:00,0.5590541681120795,0.4929878488606788
2026-06-17 14:15:00+03:00,0.570126879472642,0.5146086619677388
2026-06-17 14:20:00+03:00,0.5057520497137039,0.3901191995879536
2026-06-17 14:25:00+03:00,0.5254057663037089,0.4278949352186546
2026-06-17 14:30:00+03:00,0.7091716740698619,0.8069191639974699
2026-06-17 14:35:00+03:00,0.6003447530640684,0.5743829631115553
2026-06-17 14:40:00+03:00,0.5557912647721528,0.48663947784766887
2026-06-17 14:45:00+03:00,0.5314293321788888,0.4394975096466448
2026-06-17 14:50:00+03:00,0.648368050970487,0.6727668851070332
2026-06-17 14:55:00+03:00,0.5589103031350778,0.49270773717791294
2026-06-17 15:00:00+03:00,0.45419628905542536,0.29088691734560657
2026-06-17 15:05:00+03:00,0.4274787309209755,0.23884884300970396
2026-06-17 15:10:00+03:00,0.4243248273676822,0.23265750397906215
2026-06-17 15:15:00+03:00,0.320104551060148,0.01750436473792727
2026-06-17 15:20:00+03:00,0.5429768839151092,0.4617926925480979
2026-06-17 15:25:00+03:00,0.37230549617279063,0.1283587664395144
2026-06-17 15:30:00+03:00,0.5074386160581521,0.3933578914694278
2026-06-17 15:35:00+03:00,0.49504620855605985,0.3695637071683539
2026-06-17 15:40:00+03:00,0.5726393072381247,0.5195327764287688
2026-06-17 15:45:00+03:00,0.4676366081316411,0.3168519265219946
2026-06-17 15:50:00+03:00,0.5072730403430771,0.393039925333786
2026-06-17 15:55:00+03:00,0.5130348036768354,0.4041069173033441
2026-06-17 16:00:00+03:00,0.5260412969185442,0.4291183613993078
2026-06-17 16:05:00+03:00,0.6493731057780476,0.6748842460266365
2026-06-17 16:10:00+03:00,0.5074705711972385,0.3934192574219083
2026-06-17 16:15:00+03:00,0.5360817426747215,0.448470875611808
2026-06-17 16:20:00+03:00,0.5872202284039533,0.54826391149206
2026-06-17 16:25:00+03:00,0.5692973943545625,0.5129845185783435
2026-06-17 16:30:00+03:00,0.45437362272604337,0.2912302595216761
2026-06-17 16:35:00+03:00,0.42409438786638337,0.232204666619527
2026-06-17 16:40:00+03:00,0.4232730477922738,0.23059011963774256
2026-06-17 16:45:00+03:00,0.36011165994642047,0.10313987122361186
2026-06-17 16:50:00+03:00,0.3903054061563638,0.1649867364008132
2026-06-17 16:55:00+03:00,0.36123296043683345,0.10547395364678804
2026-06-17 17:00:00+03:00,0.29879045414183053,-0.030385408880911208
2026-06-17 17:05:00+03:00,0.3996472114229421,0.18375107531204757
2026-06-17 17:10:00+03:00,0.4375146123283622,0.258475689306954
2026-06-17 17:15:00+03:00,0.4940190072472876,0.3675912941145918
2026-06-17 17:20:00+03:00,0.4608770835124065,0.30380710261174415
2026-06-17 17:25:00+03:00,0.4127193801964252,0.2097666120973953
2026-06-17 17:30:00+03:00,0.33362997290581836,0.04701342682383786
2026-06-17 17:35:00+03:00,0.4236370603262629,0.2313057785726198
2026-06-17 17:40:00+03:00,0.5039578229738424,0.3866740430586159
2026-06-17 17:45:00+03:00,0.3707326519265509,0.1251254871462158
2026-06-17 17:50:00+03:00,0.36938639128267653,0.12235351640253257
2026-06-17 17:55:00+03:00,0.3542651889522464,0.09091764648368217
2026-06-18 09:55:00+03:00,0.5645981968927617,0.5037975106500275
2026-06-18 10:00:00+03:00,0.7428861852964196,0.888353669189073
2026-06-18 10:05:00+03:00,0.20928723912413932,-0.25893778235993875
2026-06-18 10:10:00+03:00,0.1293976381442604,-0.5359234504208266
2026-06-18 10:15:00+03:00,0.2510357528025871,-0.14559766436373955
2026-06-18 10:20:00+03:00,0.2100986642838025,-0.2565876114511235
2026-06-18 10:25:00+03:00,0.22006578407178204,-0.22824541545512173
2026-06-18 10:30:00+03:00,0.2559583909465353,-0.13311134998049765
2026-06-18 10:35:00+03:00,0.2234590595520889,-0.2188079376930226
2026-06-18 10:40:00+03:00,0.13742402131031306,-0.5025915745737412
2026-06-18 10:45:00+03:00,0.14543967371182076,-0.47089973823587905
2026-06-18 10:50:00+03:00,0.12428625727904022,-0.5580780644161266
2026-06-18 10:55:00+03:00,0.15145632978926032,-0.44805160139434963
2026-06-18 11:00:00+03:00,0.10594910802884895,-0.6446448326305348
2026-06-18 11:05:00+03:00,0.12586135145521,-0.5511692422987184
2026-06-18 11:10:00+03:00,0.24821002316347512,-0.15283869627368424
2026-06-18 11:15:00+03:00,0.17326922364456235,-0.3709695340602264
2026-06-18 11:20:00+03:00,0.2602174279444088,-0.12243484387060666
2026-06-18 11:25:00+03:00,0.13889704158573768,-0.49665368469466376
2026-06-18 11:30:00+03:00,0.20840156512756508,-0.26151066456090527
2026-06-18 11:35:00+03:00,0.3905811750909161,0.1655429012067424
2026-06-18 11:40:00+03:00,0.29412479369297156,-0.041122762383612926
2026-06-18 11:45:00+03:00,0.29548845217161346,-0.037974354648846936
2026-06-18 11:50:00+03:00,0.3421101403867919,0.06520871036349771
2026-06-18 11:55:00+03:00,0.4261426426882818,0.23622744910682542
2026-06-18 12:00:00+03:00,0.38426737939011113,0.15277317697423004
2026-06-18 12:05:00+03:00,0.31757926280154447,0.011923267695108264
2026-06-18 12:10:00+03:00,0.3314263277033103,0.04224789118317483
2026-06-18 12:15:00+03:00,0.35466684121209313,0.09176017918087666
2026-06-18 12:20:00+03:00,0.26228506126877593,-0.11729262722381506
2026-06-18 12:25:00+03:00,0.3174506952798056,0.011638491185296043
2026-06-18 12:30:00+03:00,0.25652433069038966,-0.13168600725505572
2026-06-18 12:35:00+03:00,0.2584539492262628,-0.12684159007022403
2026-06-18 12:40:00+03:00,0.25101054683266244,-0.14566201479668567
2026-06-18 12:45:00+03:00,0.2519396723627823,-0.1432928037256573
2026-06-18 12:50:00+03:00,0.33016903039453366,0.03952174767393507
2026-06-18 12:55:00+03:00,0.36224093436678567,0.10756945123727818
2026-06-18 13:00:00+03:00,0.33584428500320707,0.05178622506872553
2026-06-18 13:05:00+03:00,0.4710224828730676,0.3233772193140519
2026-06-18 13:10:00+03:00,0.40260925611773063,0.18966950241369268
2026-06-18 13:15:00+03:00,0.39647704749794727,0.17740052735833373
2026-06-18 13:20:00+03:00,0.5785423824957587,0.5311316435405651
2026-06-18 13:25:00+03:00,0.49158110288393925,0.362909656336882
2026-06-18 13:30:00+03:00,0.40397636173897816,0.1923962872631224
2026-06-18 13:35:00+03:00,0.3627444660968515,0.1086153091742594
2026-06-18 13:40:00+03:00,0.393729295363746,0.17188207480552736
2026-06-18 13:45:00+03:00,0.3105005878516526,-0.0038496602278580427
2026-06-18 13:50:00+03:00,0.39711120381425574,0.17867226002252112
2026-06-18 13:55:00+03:00,0.40340802010883575,0.1912630550588821
2026-06-18 14:00:00+03:00,0.22392650071541625,-0.21751591031693862
2026-06-18 14:05:00+03:00,0.25312871543496407,-0.14026925538254886
2026-06-18 14:10:00+03:00,0.1760155581050085,-0.3618242061080367
2026-06-18 14:15:00+03:00,0.19425275794256355,-0.30376039082566286
2026-06-18 14:20:00+03:00,0.24303893774041452,-0.1662343904451941
2026-06-18 14:25:00+03:00,0.17688013579154524,-0.3589684079866574
2026-06-18 14:30:00+03:00,0.17954875501398015,-0.35022215230556736
2026-06-18 14:35:00+03:00,0.24066554562023484,-0.1724473493412142
2026-06-18 14:40:00+03:00,0.20544066184592674,-0.27017109018517427
2026-06-18 14:45:00+03:00,0.23588896346248772,-0.18507956079272347
2026-06-18 14:50:00+03:00,0.19463465940543276,-0.3025901051893605
2026-06-18 14:55:00+03:00,0.21789964016313582,-0.23432466377710875
2026-06-18 15:00:00+03:00,0.25325783892931647,-0.13994148091751918
2026-06-18 15:05:00+03:00,0.2912886544620363,-0.0476982523695883
2026-06-18 15:10:00+03:00,0.23123729481417618,-0.19755252395394962
2026-06-18 15:15:00+03:00,0.22885219689890593,-0.20401593403112683
2026-06-18 15:20:00+03:00,0.2856908729002214,-0.06078841243346822
2026-06-18 15:25:00+03:00,0.3061281701007696,-0.013691013701048721
2026-06-18 15:30:00+03:00,0.2952536602973728,-0.038515837732814556
2026-06-18 15:35:00+03:00,0.40637575703938417,0.19717488870393313
2026-06-18 15:40:00+03:00,0.3782200243690484,0.14046821330084736
2026-06-18 15:45:00+03:00,0.33620598412875313,0.05256435893156851
2026-06-18 15:50:00+03:00,0.3328317499954011,0.045289043291745434
2026-06-18 15:55:00+03:00,0.2986527372159541,-0.030700953274581305
2026-06-18 16:00:00+03:00,0.1274574223640555,-0.5442434987447612
2026-06-18 16:05:00+03:00,0.10795252386967237,-0.634576600673808
2026-06-18 16:10:00+03:00,0.2153197293747666,-0.24162231251648875
2026-06-18 16:15:00+03:00,0.15791363888172544,-0.42434503195038265
2026-06-18 16:20:00+03:00,0.20170066981693913,-0.2812436580788443
2026-06-18 16:25:00+03:00,0.24093343696333971,-0.17174399060255247
2026-06-18 16:30:00+03:00,0.07068575478422877,-0.8574709793051568
2026-06-18 16:35:00+03:00,0.11888450941329771,-0.5823579449164953
2026-06-18 16:40:00+03:00,0.10137925402854459,-0.6682548459889056
2026-06-18 16:45:00+03:00,0.07845880774940871,-0.8033623605498389
2026-06-18 16:50:00+03:00,0.14203318162163336,-0.484185326438492
2026-06-18 16:55:00+03:00,0.10032807195066586,-0.6738188785214618
2026-06-18 17:00:00+03:00,0.09351957015605435,-0.7111686918444398
2026-06-18 17:05:00+03:00,0.1250305790402515,-0.55480395713013
2026-06-18 17:10:00+03:00,0.12152931466771362,-0.5703538507116356
2026-06-18 17:15:00+03:00,0.10978432933893091,-0.6255135387030851
2026-06-18 17:20:00+03:00,0.11828099749365478,-0.5851294382249651
2026-06-18 17:25:00+03:00,0.08951728835982445,-0.7342774267756392
2026-06-18 17:30:00+03:00,0.10877315238221713,-0.6304998875372461
2026-06-18 17:35:00+03:00,0.15044592350849897,-0.4518356665112776
2026-06-18 17:40:00+03:00,0.11582763789994707,-0.5965236446301444
2026-06-18 17:45:00+03:00,0.17957893786109555,-0.35012381308915247
2026-06-18 17:50:00+03:00,0.25651701983951747,-0.13170440679157275
2026-06-18 17:55:00+03:00,0.19443253513785008,-0.30320927057865654
2026-06-19 09:55:00+03:00,0.1362050619944301,-0.5075459116785432
2026-06-19 10:00:00+03:00,0.4883530776475622,0.35670948700151084
2026-06-19 10:05:00+03:00,0.4424232988803,0.26803805040685835
2026-06-19 10:10:00+03:00,0.548743073128494,0.4729575480503189
2026-06-19 10:15:00+03:00,0.6331058162190153,0.6409391845838129
2026-06-19 10:20:00+03:00,0.6418970315614677,0.6591994778458525
2026-06-19 10:25:00+03:00,0.6783335962515182,0.737205595166187
2026-06-19 10:30:00+03:00,0.5694500106195178,0.5132832859044756
2026-06-19 10:35:00+03:00,0.5917227649571107,0.5571945967269316
2026-06-19 10:40:00+03:00,0.6089637879545643,0.5916898119130178
2026-06-19 10:45:00+03:00,0.8661141156856683,1.275226185838738
2026-06-19 10:50:00+03:00,0.8200914875389606,1.1072009736512465
2026-06-19 10:55:00+03:00,0.8484496265835881,1.2058505695098412
2026-06-19 11:00:00+03:00,0.8217497597559923,1.1126152683085881
2026-06-19 11:05:00+03:00,0.2194840760068483,-0.229873726858489
2026-06-19 11:10:00+03:00,0.19673447837048266,-0.2961863827220258
2026-06-19 11:15:00+03:00,0.2417254301601996,-0.16966769848240115
2026-06-19 11:20:00+03:00,0.2992177119035869,-0.02940698366214503
2026-06-19 11:25:00+03:00,0.29447627862018694,-0.040310444279374524
2026-06-19 11:30:00+03:00,0.313663461762995,0.003221806311291278
2026-06-19 11:35:00+03:00,0.27654818200116305,-0.08250470741892185
2026-06-19 11:40:00+03:00,0.3810209379588071,0.14617674417845672
2026-06-19 11:45:00+03:00,0.4809330109153,0.34244960533288593
2026-06-19 11:50:00+03:00,0.4947849923977057,0.369062132981201
2026-06-19 11:55:00+03:00,0.4696911617467283,0.32081213004937986
2026-06-19 12:00:00+03:00,0.5708529185000095,0.5160308890287384
2026-06-19 12:05:00+03:00,0.42751029802411133,0.2389107521479958
2026-06-19 12:10:00+03:00,0.6933838617418492,0.7707389640606874
2026-06-19 12:15:00+03:00,0.594572917074569,0.5628635135204929
2026-06-19 12:20:00+03:00,0.5848681328928641,0.5436101753337512
2026-06-19 12:25:00+03:00,0.6706147568020102,0.7203304805225319
2026-06-19 12:30:00+03:00,0.6068261187370398,0.5873851347010531
2026-06-19 12:35:00+03:00,0.5710697781897659,0.5164558078221434
2026-06-19 12:40:00+03:00,0.7217841599911295,0.8366613444024185
2026-06-19 12:45:00+03:00,0.6926585358390722,0.7691024917454564
2026-06-19 12:50:00+03:00,0.6780279946720784,0.7365335036660773
2026-06-19 12:55:00+03:00,0.7077146569961883,0.8035333171238743
2026-06-19 13:00:00+03:00,0.650367417729506,0.6769817241711887
2026-06-19 13:05:00+03:00,0.6873707398025353,0.7572362454404529
2026-06-19 13:10:00+03:00,0.7100658478247863,0.8090020176889567
2026-06-19 13:15:00+03:00,0.4049437934582917,0.1943240970114688
2026-06-19 13:20:00+03:00,0.477546837986096,0.3359370659334534
2026-06-19 13:25:00+03:00,0.5347487014704445,0.4458985948151308
2026-06-19 13:30:00+03:00,0.3593242089100661,0.10149882622542718
2026-06-19 13:35:00+03:00,0.3782313641775568,0.14049135803247112
2026-06-19 13:40:00+03:00,0.48902185658383657,0.35799416782169413
2026-06-19 13:45:00+03:00,0.48018184174023,0.34100521280213275
2026-06-19 13:50:00+03:00,0.3453165862548477,0.0720315714024903
2026-06-19 13:55:00+03:00,0.5357945215458481,0.447916561310703
2026-06-19 14:00:00+03:00,0.4540429507010077,0.29059001523889233
2026-06-19 14:05:00+03:00,0.4724545706210256,0.32613557250740893
2026-06-19 14:10:00+03:00,0.47268544286737363,0.3265801740728339
2026-06-19 14:15:00+03:00,0.42057406286762594,0.22527867289889827
2026-06-19 14:20:00+03:00,0.31605269088177335,0.008537919429127294
2026-06-19 14:25:00+03:00,0.2771020200687784,-0.0811768105965037
2026-06-19 14:30:00+03:00,0.22718309903150374,-0.20856725781419277
2026-06-19 14:35:00+03:00,0.17145983870373205,-0.37705757457076516
2026-06-19 14:40:00+03:00,0.29446295352910073,-0.040341229637010506
2026-06-19 14:45:00+03:00,0.22080986776920905,-0.22616708084784753
2026-06-19 14:50:00+03:00,0.23288624520821125,-0.19311123149589488
2026-06-19 14:55:00+03:00,0.35167056444175915,0.0854645247801204
2026-06-19 15:00:00+03:00,0.23612624392952047,-0.18444790975479408
2026-06-19 15:05:00+03:00,0.6720125314249402,0.7233710905279369
2026-06-19 15:10:00+03:00,0.39740546586206804,0.17926213539597768
2026-06-19 15:15:00+03:00,0.1973650947764134,-0.29427331119158195
2026-06-19 15:20:00+03:00,0.1521958459023218,-0.4452951693507552
2026-06-19 15:25:00+03:00,0.21926295121906209,-0.23049351064790707
2026-06-19 15:30:00+03:00,0.14880858691479693,-0.45801230040883323
2026-06-19 15:35:00+03:00,0.21845798196765037,-0.23275353943913452
2026-06-19 15:40:00+03:00,0.18196605290221932,-0.34238682505088663
2026-06-19 15:45:00+03:00,0.3549105772081741,0.09227124656407576
2026-06-19 15:50:00+03:00,0.5235929972821907,0.424406126859791
2026-06-19 15:55:00+03:00,0.33907769804458193,0.05872781372346547
2026-06-19 16:00:00+03:00,0.48794556390466987,0.35592664063791823
2026-06-19 16:05:00+03:00,0.4811266811964696,0.342821978870943
2026-06-19 16:10:00+03:00,0.5192509301768654,0.41605418562941776
2026-06-19 16:15:00+03:00,0.37809614328146546,0.14021535229615
2026-06-19 16:20:00+03:00,0.35436687533800515,0.0911309913687672
2026-06-19 16:25:00+03:00,0.363209537262637,0.10958072734068788
2026-06-19 16:30:00+03:00,0.3928837741229411,0.17018127028939253
2026-06-19 16:35:00+03:00,0.7473361170951243,0.8996002428721861
2026-06-19 16:40:00+03:00,0.4531543168181051,0.2888690594962417
2026-06-19 16:45:00+03:00,0.5880028099931502,0.5498140236818526
2026-06-19 16:50:00+03:00,0.44383965881727006,0.27079303326532767
2026-06-19 16:55:00+03:00,0.6891640352594108,0.7612480849096493
2026-06-19 17:00:00+03:00,0.07023276018407898,-0.8607908269426477
2026-06-19 17:05:00+03:00,0.069112323841607,-0.8690879710230295
2026-06-19 17:10:00+03:00,0.07409480913391175,-0.8330988709024074
2026-06-19 17:15:00+03:00,0.03992919887292752,-1.1472378561030978
2026-06-19 17:20:00+03:00,0.03980261621431255,-1.148825200800506
2026-06-19 17:25:00+03:00,0.08323627429737024,-0.772495689217288
2026-06-19 17:30:00+03:00,0.08523157575326187,-0.7600795729361219
2026-06-19 17:35:00+03:00,0.08996931761879336,-0.7316214047068197
2026-06-19 17:40:00+03:00,0.0298324574725182,-1.2921810432114602
2026-06-19 17:45:00+03:00,0.05452687380024024,-0.9903262875477385
2026-06-19 17:50:00+03:00,0.028975419040234696,-1.3065960995726644
2026-06-19 17:55:00+03:00,0.03266302511732608,-1.247269252925767
2026-06-22 09:55:00+03:00,0.003548169971730666,-2.326985384236976
2026-06-22 10:00:00+03:00,0.03985728277219601,-1.148139090227515
2026-06-22 10:05:00+03:00,0.04282429846897646,-1.1121901682408915
2026-06-22 10:10:00+03:00,0.03750474539824475,-1.1785150592170366
2026-06-22 10:15:00+03:00,0.027321939164155852,-1.3356157852450743
2026-06-22 10:20:00+03:00,0.03484682536565145,-1.2151204256158674
2026-06-22 10:25:00+03:00,0.03884675604007455,-1.1609703609018043
2026-06-22 10:30:00+03:00,0.037145103142376096,-1.1833193082714875
2026-06-22 10:35:00+03:00,0.032193800176749804,-1.254447358652767
2026-06-22 10:40:00+03:00,0.056081601444302444,-0.9760419139674947
2026-06-22 10:45:00+03:00,0.06348594124592753,-0.9127383004295033
2026-06-22 10:50:00+03:00,0.04664556529598873,-1.0692444961154155
2026-06-22 10:55:00+03:00,0.10338733187435546,-0.6577665902586889
2026-06-22 11:00:00+03:00,0.01906834635094521,-1.5123040789430955
2026-06-22 11:05:00+03:00,0.012195000933839224,-1.7302118901890016
2026-06-22 11:10:00+03:00,0.013622052477696002,-1.6764006506815046
2026-06-22 11:15:00+03:00,0.020071202086519694,-1.4872106857203933
2026-06-22 11:20:00+03:00,0.021202869354796556,-1.4603284979653515
2026-06-22 11:25:00+03:00,0.01929236810994333,-1.5065882473124415
2026-06-22 11:30:00+03:00,0.012511746348605276,-1.7177502013157622
2026-06-22 11:35:00+03:00,0.02277738024324289,-1.425173544533982
2026-06-22 11:40:00+03:00,0.02565262584902175,-1.366699223938395
2026-06-22 11:45:00+03:00,0.04738968590763009,-1.0612730586939478
2026-06-22 11:50:00+03:00,0.053305620366067376,-1.001818518855527
2026-06-22 11:55:00+03:00,0.04535736005152344,-1.0833348863972534
2026-06-22 12:00:00+03:00,0.04191790058480422,-1.1229127161445536
2026-06-22 12:05:00+03:00,0.0867428137218822,-0.7508498800478891
2026-06-22 12:10:00+03:00,0.13010678142800533,-0.5329090046583633
2026-06-22 12:15:00+03:00,0.1584360331973033,-0.42246194788289104
2026-06-22 12:20:00+03:00,0.21404645741486736,-0.24524732604768862
2026-06-22 12:25:00+03:00,0.17888956417956756,-0.3523731014781995
2026-06-22 12:30:00+03:00,0.2661755208005774,-0.10768728896655017
2026-06-22 12:35:00+03:00,0.32190800523024665,0.02147588617752695
2026-06-22 12:40:00+03:00,0.2569098709171434,-0.13071618744836402
2026-06-22 12:45:00+03:00,0.30335971903885683,-0.01996277420627668
2026-06-22 12:50:00+03:00,0.0586901297689008,-0.9528915714366322
2026-06-22 12:55:00+03:00,0.04928847228512983,-1.0414587517747325
2026-06-22 13:00:00+03:00,0.05650131328279756,-0.9722496115071253
2026-06-22 13:05:00+03:00,0.060890234278559996,-0.934104245290176
2026-06-22 13:10:00+03:00,0.06119673373261481,-0.9315375400466039
2026-06-22 13:15:00+03:00,0.07650039050634554,-0.8165144106296575
2026-06-22 13:20:00+03:00,0.06641714603854086,-0.8895685286845543
2026-06-22 13:25:00+03:00,0.0960544631635391,-0.6969874686621267
2026-06-22 13:30:00+03:00,0.1322014469312183,-0.5240857606517484
2026-06-22 13:35:00+03:00,0.1296922392522823,-0.5346694491890479
2026-06-22 13:40:00+03:00,0.049301076351523955,-1.041329661314506
2026-06-22 13:45:00+03:00,0.07773340947336455,-0.808198452898552
2026-06-22 13:50:00+03:00,0.08761599657226449,-0.7455831699749647
2026-06-22 13:55:00+03:00,0.1200740755645266,-0.5769305705757946
2026-06-22 14:00:00+03:00,0.28171698412424057,-0.07017469057597145
2026-06-22 14:05:00+03:00,0.23837785339406603,-0.1784757030054529
2026-06-22 14:10:00+03:00,0.17587538442656406,-0.362288253861457
2026-06-22 14:15:00+03:00,0.21423722364480413,-0.24470321687106167
2026-06-22 14:20:00+03:00,0.1684331375039652,-0.3873564807559702
2026-06-22 14:25:00+03:00,0.2365847693551872,-0.18322853609675294
2026-06-22 14:30:00+03:00,0.21622930046799366,-0.23904227338783052
2026-06-22 14:35:00+03:00,0.457154953717923,0.2966124211929371
2026-06-22 14:40:00+03:00,0.39066665971931686,0.16571527610475606
2026-06-22 14:45:00+03:00,0.49651491227493383,0.3723837496839096
2026-06-22 14:50:00+03:00,0.44204681694926734,0.2673054451913242
2026-06-22 14:55:00+03:00,0.42600900195550556,0.23596513136316818
2026-06-22 15:00:00+03:00,0.36041514388255075,0.10377191129527742
2026-06-22 15:05:00+03:00,0.3069137074539823,-0.011917217383575693
2026-06-22 15:10:00+03:00,0.2397809052771168,-0.17477381339510595
2026-06-22 15:15:00+03:00,0.23903562553122729,-0.17673834527403265
2026-06-22 15:20:00+03:00,0.25964864105714436,-0.12385405641771838
2026-06-22 15:25:00+03:00,0.179588641638443,-0.35009219979978823
2026-06-22 15:30:00+03:00,0.38905205040001795,0.16245720735714003
2026-06-22 15:35:00+03:00,0.35066881239047876,0.0833542328548387
2026-06-22 15:40:00+03:00,0.3213963666444722,0.02035036246302499
2026-06-22 15:45:00+03:00,0.34368997077108115,0.06857415368726058
2026-06-22 15:50:00+03:00,0.3948011490656796,0.17403631918362447
2026-06-22 15:55:00+03:00,0.43115874415159655,0.2460583956171748
2026-06-22 16:00:00+03:00,0.4260067692920239,0.23596074878235446
2026-06-22 16:05:00+03:00,0.4979334986967659,0.3751074523438089
2026-06-22 16:10:00+03:00,0.4829390439269557,0.34630612992787596
2026-06-22 16:15:00+03:00,0.46115567416698217,0.30434525449041006
2026-06-22 16:20:00+03:00,0.5673496884277409,0.509173858543124
2026-06-22 16:25:00+03:00,0.3296394770189814,0.03837196631653418
2026-06-22 16:30:00+03:00,0.4277440390882446,0.23936912718006717
2026-06-22 16:35:00+03:00,0.3616253255459102,0.10628995030310104
2026-06-22 16:40:00+03:00,0.552518436252224,0.4802811936197872
2026-06-22 16:45:00+03:00,0.3482636443320454,0.07827612543015766
2026-06-22 16:50:00+03:00,0.416551518821352,0.21734507352231308
2026-06-22 16:55:00+03:00,0.43541600528408086,0.25438033332432125
2026-06-22 17:00:00+03:00,0.4817079662712126,0.34393956172636997
2026-06-22 17:05:00+03:00,0.530551173337769,0.43780498499561554
2026-06-22 17:10:00+03:00,0.5312450549599678,0.4391423111030817
2026-06-22 17:15:00+03:00,0.6824311027342845,0.7462498033598324
2026-06-22 17:20:00+03:00,0.49475696195107727,0.3690083100012361
2026-06-22 17:25:00+03:00,0.4065335916874453,0.19748891539810676
2026-06-22 17:30:00+03:00,0.49946982925630046,0.37805715445512544
2026-06-22 17:35:00+03:00,0.5226949128024934,0.42267814557779715
2026-06-22 17:40:00+03:00,0.5677656067551551,0.5099872509475696
2026-06-22 17:45:00+03:00,0.7135950955675603,0.8172603406653067
2026-06-22 17:50:00+03:00,0.7189434981031304,0.8298926115133629
2026-06-22 17:55:00+03:00,0.6752053817190885,0.730341612440946
2026-06-23 09:55:00+03:00,0.8325197008442619,1.148779301546334
2026-06-23 10:00:00+03:00,0.7683014722026865,0.9544581290818984
2026-06-23 10:05:00+03:00,0.8205895661581689,1.1088230977235205
2026-06-23 10:10:00+03:00,0.7551599571014671,0.9196971024659263
2026-06-23 10:15:00+03:00,0.7773681616961701,0.9792492531239734
2026-06-23 10:20:00+03:00,0.7102017909998788,0.8093190108549682
2026-06-23 10:25:00+03:00,0.6519516755932431,0.6803293923668409
2026-06-23 10:30:00+03:00,0.6012568401175288,0.5762083145844482
2026-06-23 10:35:00+03:00,0.6712818170836021,0.721780728331209
2026-06-23 10:40:00+03:00,0.5777707851818411,0.5296131103743321
2026-06-23 10:45:00+03:00,0.5790648165611303,0.532160242039215
2026-06-23 10:50:00+03:00,0.6200741003734423,0.614203218846558
2026-06-23 10:55:00+03:00,0.6012116397828977,0.57611782255822
2026-06-23 11:00:00+03:00,0.5595118497371634,0.4938791045553422
2026-06-23 11:05:00+03:00,0.5738800381944626,0.5219671824683929
2026-06-23 11:10:00+03:00,0.5737019562118605,0.5216176609916456
2026-06-23 11:15:00+03:00,0.5984875922135767,0.5706705312964586
2026-06-23 11:20:00+03:00,0.6105895365275283,0.5949692546743244
2026-06-23 11:25:00+03:00,0.6259413817776818,0.6261940128682191
2026-06-23 11:30:00+03:00,0.6389077136663053,0.6529688119238
2026-06-23 11:35:00+03:00,0.5719987010709707,0.5182765634103147
2026-06-23 11:40:00+03:00,0.5244335056352603,0.4260235931335143
2026-06-23 11:45:00+03:00,0.545116423043548,0.46593263781711464
2026-06-23 11:50:00+03:00,0.546939571689611,0.46946291518179484
2026-06-23 11:55:00+03:00,0.5126365309705176,0.4033417487910871
2026-06-23 12:00:00+03:00,0.5375467674872683,0.4512989856469523
2026-06-23 12:05:00+03:00,0.4026060419045132,0.18966308790745495
2026-06-23 12:10:00+03:00,0.37948008549211354,0.14303836252951657
2026-06-23 12:15:00+03:00,0.2691613131473306,-0.10037609353094987
2026-06-23 12:20:00+03:00,0.38978825756419,0.16394338073692044
2026-06-23 12:25:00+03:00,0.37717693017832227,0.1383380746742365
2026-06-23 12:30:00+03:00,0.2611015656828143,-0.12023276724633808
2026-06-23 12:35:00+03:00,0.29185055855295605,-0.04639252325416432
2026-06-23 12:40:00+03:00,0.2648584426177865,-0.11092895602317865
2026-06-23 12:45:00+03:00,0.290301375593293,-0.04999604932367119
2026-06-23 12:50:00+03:00,0.23613473856749867,-0.18442530478879893
2026-06-23 12:55:00+03:00,0.22534496866614845,-0.2136069048632142
2026-06-23 13:00:00+03:00,0.24652712140431696,-0.15717743428373432
2026-06-23 13:05:00+03:00,0.18639515373216078,-0.32823784450537224
2026-06-23 13:10:00+03:00,0.28424593762936934,-0.06419216031439462
2026-06-23 13:15:00+03:00,0.28885533029512933,-0.05336993630739695
2026-06-23 13:20:00+03:00,0.3266687506158431,0.03190430016803786
2026-06-23 13:25:00+03:00,0.4125820148470143,0.20949457484118703
2026-06-23 13:30:00+03:00,0.40341643078329753,0.1912798290978397
2026-06-23 13:35:00+03:00,0.4116998369586563,0.20774687213464516
2026-06-23 13:40:00+03:00,0.45539720785831933,0.29321162476759577
2026-06-23 13:45:00+03:00,0.32616279369303053,0.030799761838375295
2026-06-23 13:50:00+03:00,0.42821230334691157,0.24028722097748662
2026-06-23 13:55:00+03:00,0.3348431249415202,0.049630235247586967
2026-06-23 14:00:00+03:00,0.2860400052321064,-0.05996753439959707
2026-06-23 14:05:00+03:00,0.22959695005836567,-0.2019926639879695
2026-06-23 14:10:00+03:00,0.27222514913877544,-0.09292685886194826
2026-06-23 14:15:00+03:00,0.2898907008802458,-0.05095321440833797
2026-06-23 14:20:00+03:00,0.3138172414090345,0.0035646295469088374
2026-06-23 14:25:00+03:00,0.33005900082871514,0.03928292542938719
2026-06-23 14:30:00+03:00,0.2961436345798313,-0.03646467520933555
2026-06-23 14:35:00+03:00,0.33812492663390725,0.05668575985448826
2026-06-23 14:40:00+03:00,0.44208333059435845,0.2673765036308346
2026-06-23 14:45:00+03:00,0.3648117022288407,0.11290253185497567
2026-06-23 14:50:00+03:00,0.34265913367852063,0.06637904785031465
2026-06-23 14:55:00+03:00,0.1751702765225348,-0.36462695135230516
2026-06-23 15:00:00+03:00,0.27811886742489944,-0.07874304300391233
2026-06-23 15:05:00+03:00,0.3602923661650354,0.10351624064247504
2026-06-23 15:10:00+03:00,0.2641265258353332,-0.1127348477004417
2026-06-23 15:15:00+03:00,0.3308570836097582,0.04101427276958744
2026-06-23 15:20:00+03:00,0.2812684076861391,-0.071239246396331
2026-06-23 15:25:00+03:00,0.17607022014990625,-0.3616433250822127
2026-06-23 15:30:00+03:00,0.12366080288861331,-0.5608423345812349
2026-06-23 15:35:00+03:00,0.15785460322803518,-0.4245581569025767
2026-06-23 15:40:00+03:00,0.13820883470743603,-0.4994212996946278
2026-06-23 15:45:00+03:00,0.16131679188137668,-0.41216711086680224
2026-06-23 15:50:00+03:00,0.20720727075515377,-0.2649928779882852
2026-06-23 15:55:00+03:00,0.2946621265380577,-0.039881158814415285
2026-06-23 16:00:00+03:00,0.30984432430965225,-0.005321853634256926
2026-06-23 16:05:00+03:00,0.3212062672231454,0.019931933709532612
2026-06-23 16:10:00+03:00,0.3209240857339418,0.019310582021970807
2026-06-23 16:15:00+03:00,0.21896454032283655,-0.2313306303388331
2026-06-23 16:20:00+03:00,0.2481955428299068,-0.15287594414295436
2026-06-23 16:25:00+03:00,0.20289381605640217,-0.2776947572065401
2026-06-23 16:30:00+03:00,0.1824182873518978,-0.34092998094244015
2026-06-23 16:35:00+03:00,0.25227201016771683,-0.14244677136581296
2026-06-23 16:40:00+03:00,0.29015330882283547,-0.050341058184750986
2026-06-23 16:45:00+03:00,0.39538360475041456,0.1752061026255124
2026-06-23 16:50:00+03:00,0.4366228457499482,0.256735981008255
2026-06-23 16:55:00+03:00,0.4352546837580324,0.2540653351613259
2026-06-23 17:00:00+03:00,0.4574279446524847,0.2971404027104577
2026-06-23 17:05:00+03:00,0.47573203078153264,0.33244509806835354
2026-06-23 17:10:00+03:00,0.47949756428302187,0.33968929382548585
2026-06-23 17:15:00+03:00,0.435279484361864,0.2541137628292467
2026-06-23 17:20:00+03:00,0.4609826045797889,0.30401094255421907
2026-06-23 17:25:00+03:00,0.40717225392330025,0.19875920195011448
2026-06-23 17:30:00+03:00,0.4469445866521311,0.2768263295639264
2026-06-23 17:35:00+03:00,0.5452577028256003,0.46620612180016857
2026-06-23 17:40:00+03:00,0.5612028128294222,0.49717368342093016
2026-06-23 17:45:00+03:00,0.5246705978063075,0.42647989882154563
2026-06-23 17:50:00+03:00,0.4810567268240075,0.3426874775306101
2026-06-23 17:55:00+03:00,0.5296707438145909,0.4361084499280017
2026-06-24 09:55:00+03:00,0.10675309921615896,-0.6405843800415312
2026-06-24 10:00:00+03:00,0.5135371587483456,0.4050720961556351
2026-06-24 10:05:00+03:00,0.5288663080994881,0.4345586616843719
2026-06-24 10:10:00+03:00,0.48493122663571286,0.35013498145412525
2026-06-24 10:15:00+03:00,0.290508773995831,-0.04951296722193624
2026-06-24 10:20:00+03:00,0.2774193185501782,-0.08041678485519452
2026-06-24 10:25:00+03:00,0.2603035429587918,-0.12222014880827273
2026-06-24 10:30:00+03:00,0.1867208603935073,-0.32720765652661676
2026-06-24 10:35:00+03:00,0.11240908132042156,-0.6127555915718635
2026-06-24 10:40:00+03:00,0.09001385484735877,-0.7313603652781233
2026-06-24 10:45:00+03:00,0.0796520703033552,-0.7954953705713812
2026-06-24 10:50:00+03:00,0.14767750996926582,-0.4623119608467514
2026-06-24 10:55:00+03:00,0.2014758401451158,-0.2819141472204998
2026-06-24 11:00:00+03:00,0.19600000187490052,-0.29842037606591043
2026-06-24 11:05:00+03:00,0.18150448983608608,-0.3438766265813675
2026-06-24 11:10:00+03:00,0.1920992377557402,-0.3103924879931287
2026-06-24 11:15:00+03:00,0.2902210221424692,-0.050183267163415785
2026-06-24 11:20:00+03:00,0.28361704869694626,-0.06567685165428755
2026-06-24 11:25:00+03:00,0.3117828923383289,-0.0009779956829168435
2026-06-24 11:30:00+03:00,0.2868382112168088,-0.05809304896988654
2026-06-24 11:35:00+03:00,0.24692275778231837,-0.15615564844823554
2026-06-24 11:40:00+03:00,0.21038694290384208,-0.25575426040219107
2026-06-24 11:45:00+03:00,0.26769469024719594,-0.10396089102530312
2026-06-24 11:50:00+03:00,0.20971083635640198,-0.25771006322166284
2026-06-24 11:55:00+03:00,0.13651454196018742,-0.5062845381284637
2026-06-24 12:00:00+03:00,0.13483304010343192,-0.5131672368664831
2026-06-24 12:05:00+03:00,0.19906621783693187,-0.28913556550270236
2026-06-24 12:10:00+03:00,0.17782858436965124,-0.3558481521210853
2026-06-24 12:15:00+03:00,0.20635469637868914,-0.2674878132844123
2026-06-24 12:20:00+03:00,0.2741881279376358,-0.08818176215713788
2026-06-24 12:25:00+03:00,0.18900972483137166,-0.32000686740193846
2026-06-24 12:30:00+03:00,0.2068413064894898,-0.2660628879341944
2026-06-24 12:35:00+03:00,0.14514420952334542,-0.4720417639451817
2026-06-24 12:40:00+03:00,0.29602926320627204,-0.036728071534853995
2026-06-24 12:45:00+03:00,0.21909617625598013,-0.23096125641782284
2026-06-24 12:50:00+03:00,0.21370523458755233,-0.24622145286309127
2026-06-24 12:55:00+03:00,0.20448490834060357,-0.2729863228471569
2026-06-24 13:00:00+03:00,0.2179302385187512,-0.23423848758063565
2026-06-24 13:05:00+03:00,0.18373971429997343,-0.3366890973494314
2026-06-24 13:10:00+03:00,0.1334543044924366,-0.5188649229456695
2026-06-24 13:15:00+03:00,0.1544900999505204,-0.43681299414406105
2026-06-24 13:20:00+03:00,0.1587312139785565,-0.4214001322503651
2026-06-24 13:25:00+03:00,0.14020420640728545,-0.49142844500220717
2026-06-24 13:30:00+03:00,0.112417885558769,-0.6127132377195621
2026-06-24 13:35:00+03:00,0.14763761019950558,-0.46246413146989096
2026-06-24 13:40:00+03:00,0.11798232892229349,-0.5865055378902898
2026-06-24 13:45:00+03:00,0.13207182769651593,-0.5246282923360922
2026-06-24 13:50:00+03:00,0.13603325404626626,-0.5082472061782108
2026-06-24 13:55:00+03:00,0.11163250283920959,-0.6165028676628088
2026-06-24 14:00:00+03:00,0.12298237502500259,-0.5638543378864999
2026-06-24 14:05:00+03:00,0.12304758261653659,-0.5635642175148634
2026-06-24 14:10:00+03:00,0.162164913680682,-0.4091645538387607
2026-06-24 14:15:00+03:00,0.1486903030303955,-0.45846067713756933
2026-06-24 14:20:00+03:00,0.14764604460636935,-0.4624319613089303
2026-06-24 14:25:00+03:00,0.3467372430204706,0.07504492499054899
2026-06-24 14:30:00+03:00,0.30271782741491676,-0.021421538894930092
2026-06-24 14:35:00+03:00,0.3612076780965927,0.10542136109600186
2026-06-24 14:40:00+03:00,0.2609185400368069,-0.12068822324397346
2026-06-24 14:45:00+03:00,0.4512814397457578,0.28524008053044014
2026-06-24 14:50:00+03:00,0.27514402599786,-0.08587873462460865
2026-06-24 14:55:00+03:00,0.2432546426067222,-0.16567177714366715
2026-06-24 15:00:00+03:00,0.30434187196043166,-0.01773409830282481
2026-06-24 15:05:00+03:00,0.5040928241321548,0.38693325551399926
2026-06-24 15:10:00+03:00,0.6485452185130529,0.6731399243770436
2026-06-24 15:15:00+03:00,0.4638683987942165,0.30958301035224023
2026-06-24 15:20:00+03:00,0.47334255917851187,0.3278454914326222
2026-06-24 15:25:00+03:00,0.6454975752928983,0.6667347735874398
2026-06-24 15:30:00+03:00,0.6277555731994703,0.6299167827657549
2026-06-24 15:35:00+03:00,0.6872700802776277,0.7570114298976576
2026-06-24 15:40:00+03:00,0.7689520367612449,0.9562139985148116
2026-06-24 15:45:00+03:00,0.5954663641898533,0.5646431608795182
2026-06-24 15:50:00+03:00,0.6855386740471335,0.7531506059591538
2026-06-24 15:55:00+03:00,0.5875459252400332,0.5489089346687928
2026-06-24 16:00:00+03:00,0.6633978275895163,0.7047338973298032
2026-06-24 16:05:00+03:00,0.648706231263872,0.673479023270147
2026-06-24 16:10:00+03:00,0.5684801516090356,0.5113850905115971
2026-06-24 16:15:00+03:00,0.1815981909133146,-0.3435739464465636
2026-06-24 16:20:00+03:00,0.1686620760488561,-0.3865723486711607
2026-06-24 16:25:00+03:00,0.22135200992826437,-0.2246559573778542
2026-06-24 16:30:00+03:00,0.1401918410683153,-0.4914776824942918
2026-06-24 16:35:00+03:00,0.2456293951017849,-0.15950003760102271
2026-06-24 16:40:00+03:00,0.47701756391925804,0.3349187832526467
2026-06-24 16:45:00+03:00,0.41421262269304826,0.21272209157576544
2026-06-24 16:50:00+03:00,0.1765217211807752,-0.360150958226161
2026-06-24 16:55:00+03:00,0.0968783314622974,-0.692450455486913
2026-06-24 17:00:00+03:00,0.21489545951681413,-0.24282847731406287
2026-06-24 17:05:00+03:00,0.27625729008400185,-0.08320281549020506
2026-06-24 17:10:00+03:00,0.1230775213153066,-0.5634310590996433
2026-06-24 17:15:00+03:00,0.10931122195816567,-0.6278415032771332
2026-06-24 17:20:00+03:00,0.3059582733768603,-0.014074986141455206
2026-06-24 17:25:00+03:00,0.26290824147424247,-0.11574790730604934
2026-06-24 17:30:00+03:00,0.2038144523810894,-0.27496703196339417
2026-06-24 17:35:00+03:00,0.5127404120300189,0.4035413238944062
2026-06-24 17:40:00+03:00,0.23559457986553722,-0.1858638337025469
2026-06-24 17:45:00+03:00,0.16003701275915375,-0.4167220708380118
2026-06-24 17:50:00+03:00,0.3217543820924295,0.021138038513560997
2026-06-24 17:55:00+03:00,0.17686662461317618,-0.35901295251177895
2026-06-25 09:55:00+03:00,0.07676793055928981,-0.8146996337542217
2026-06-25 10:00:00+03:00,0.5783423387338751,0.53073787755847
2026-06-25 10:05:00+03:00,0.587024876358202,0.5478771009743699
2026-06-25 10:10:00+03:00,0.34102340112963797,0.06288934853803707
2026-06-25 10:15:00+03:00,0.3406070497913092,0.06199981141308078
2026-06-25 10:20:00+03:00,0.3845414787342824,0.15332915082967125
2026-06-25 10:25:00+03:00,0.31392512028503544,0.0038050711096429962
2026-06-25 10:30:00+03:00,0.33654695192442485,0.053297514663701875
2026-06-25 10:35:00+03:00,0.24647107101284615,-0.15732228137259807
2026-06-25 10:40:00+03:00,0.15639807745071327,-0.4298370098523715
2026-06-25 10:45:00+03:00,0.029045195698733445,-1.3054071220360244
2026-06-25 10:50:00+03:00,0.01646334681478866,-1.5840840103658773
2026-06-25 10:55:00+03:00,0.011401082550269037,-1.762909234323733
2026-06-25 11:00:00+03:00,0.015634030285237455,-1.6092974740653878
2026-06-25 11:05:00+03:00,0.021243359390373383,-1.4593929076955185
2026-06-25 11:10:00+03:00,0.034283095520670576,-1.2232291292849746
2026-06-25 11:15:00+03:00,0.04899033428390579,-1.0445214351540255
2026-06-25 11:20:00+03:00,0.0971192512343966,-0.6911302296747637
2026-06-25 11:25:00+03:00,0.12878480091016656,-0.5385398659139378
2026-06-25 11:30:00+03:00,0.2114314156607877,-0.25274190932455143
2026-06-25 11:35:00+03:00,0.2544038638545242,-0.13703716958921286
2026-06-25 11:40:00+03:00,0.24424554113749325,-0.16309159861209316
2026-06-25 11:45:00+03:00,0.30634005826409555,-0.013212305984495132
2026-06-25 11:50:00+03:00,0.23703247056283536,-0.18203952027808534
2026-06-25 11:55:00+03:00,0.21986121291722965,-0.22881769616250802
2026-06-25 12:00:00+03:00,0.2248557461809151,-0.21495312204275957
2026-06-25 12:05:00+03:00,0.2757215313488096,-0.08448976721389675
2026-06-25 12:10:00+03:00,0.34505000242945677,0.07146546962249933
2026-06-25 12:15:00+03:00,0.21521844910705956,-0.24191008723785362
2026-06-25 12:20:00+03:00,0.1746694300990635,-0.3662926629546117
2026-06-25 12:25:00+03:00,0.0635988461443463,-0.9118275666873823
2026-06-25 12:30:00+03:00,0.08398800806059814,-0.7677864766319406
2026-06-25 12:35:00+03:00,0.0811375597171975,-0.7858508263445199
2026-06-25 12:40:00+03:00,0.0674493790868569,-0.8816350927297213
2026-06-25 12:45:00+03:00,0.0833100432516601,-0.7720318591528046
2026-06-25 12:50:00+03:00,0.09200516137646864,-0.7198062151930112
2026-06-25 12:55:00+03:00,0.07019577546033122,-0.861062748956434
2026-06-25 13:00:00+03:00,0.0793065421934903,-0.7977622405930845
2026-06-25 13:05:00+03:00,0.09552876999707034,-0.6999006499718461
2026-06-25 13:10:00+03:00,0.11835941965977208,-0.5847686110292287
2026-06-25 13:15:00+03:00,0.12902148154587945,-0.5375281394415371
2026-06-25 13:20:00+03:00,0.128168738119012,-0.541180768363577
2026-06-25 13:25:00+03:00,0.16809751926685348,-0.388507536768612
2026-06-25 13:30:00+03:00,0.17055429228044494,-0.3801236081930434
2026-06-25 13:35:00+03:00,0.22357409870590444,-0.21848978618565856
2026-06-25 13:40:00+03:00,0.31766818615220066,0.01212019647767855
2026-06-25 13:45:00+03:00,0.2633784378927306,-0.11458395753681949
2026-06-25 13:50:00+03:00,0.28418542844273464,-0.06433492517562525
2026-06-25 13:55:00+03:00,0.2476935390766642,-0.15416815352313729
2026-06-25 14:00:00+03:00,0.20897399543269804,-0.259846837537959
2026-06-25 14:05:00+03:00,0.18051596078964266,-0.34707728235165297
2026-06-25 14:10:00+03:00,0.10281958496768133,-0.6607135242508673
2026-06-25 14:15:00+03:00,0.1642238504736049,-0.40192772488563167
2026-06-25 14:20:00+03:00,0.15390834344832938,-0.43895401871121875
2026-06-25 14:25:00+03:00,0.21680178702318434,-0.23742241795148855
2026-06-25 14:30:00+03:00,0.17411072547075124,-0.3681552480869202
2026-06-25 14:35:00+03:00,0.20572098853583065,-0.26934721312889887
2026-06-25 14:40:00+03:00,0.23188018689564688,-0.1958183339806448
2026-06-25 14:45:00+03:00,0.2494150250474617,-0.14974414245890505
2026-06-25 14:50:00+03:00,0.2213698208701561,-0.22460635757235436
2026-06-25 14:55:00+03:00,0.24524993478915325,-0.16048350039563597
2026-06-25 15:00:00+03:00,0.31558125632417255,0.007490684931328193
2026-06-25 15:05:00+03:00,0.2696826209489207,-0.09910486115671319
2026-06-25 15:10:00+03:00,0.35270609279856163,0.08764308079980429
2026-06-25 15:15:00+03:00,0.3743548163238976,0.13256321456389142
2026-06-25 15:20:00+03:00,0.3680989348188367,0.11969870736294293
2026-06-25 15:25:00+03:00,0.3122528969959603,7.293920002288123e-05
2026-06-25 15:30:00+03:00,0.38942247780784917,0.16320511233363133
2026-06-25 15:35:00+03:00,0.34206369883001947,0.06510966548834514
2026-06-25 15:40:00+03:00,0.44701264856060907,0.27695849128338157
2026-06-25 15:45:00+03:00,0.5428595079436486,0.4615656636715556
2026-06-25 15:50:00+03:00,0.4712474598788731,0.3238106086053243
2026-06-25 15:55:00+03:00,0.4040311888449519,0.1925055813381989
2026-06-25 16:00:00+03:00,0.40672208248534886,0.1978638850440309
2026-06-25 16:05:00+03:00,0.5510551720330327,0.47744133081434853
2026-06-25 16:10:00+03:00,0.5287178414568603,0.4342726646067122
2026-06-25 16:15:00+03:00,0.5944907616674682,0.5626999318996742
2026-06-25 16:20:00+03:00,0.47707580471848837,0.3350308389009139
2026-06-25 16:25:00+03:00,0.6028173753844378,0.5793346704331322
2026-06-25 16:30:00+03:00,0.591965021387703,0.5576759590372065
2026-06-25 16:35:00+03:00,0.4966507985053182,0.3726446568206324
2026-06-25 16:40:00+03:00,0.34959441589943796,0.08108782362864121
2026-06-25 16:45:00+03:00,0.36873187145447894,0.12100434071123536
2026-06-25 16:50:00+03:00,0.4038448169709083,0.19213404229434083
2026-06-25 16:55:00+03:00,0.3946118251413349,0.17365595864897904
2026-06-25 17:00:00+03:00,0.395904369387333,0.1762514830059685
2026-06-25 17:05:00+03:00,0.4818110659299984,0.3441377718442321
2026-06-25 17:10:00+03:00,0.3755221272954653,0.13495396524469558
2026-06-25 17:15:00+03:00,0.32080135455420794,0.019040243266962575
2026-06-25 17:20:00+03:00,0.35891264581612836,0.10064050231158281
2026-06-25 17:25:00+03:00,0.2716159465365869,-0.0944038276447085
2026-06-25 17:30:00+03:00,0.2597483705276267,-0.12360506999313231
2026-06-25 17:35:00+03:00,0.32831416167320826,0.03549027754011928
2026-06-25 17:40:00+03:00,0.3995484939207239,0.18355357899297675
2026-06-25 17:45:00+03:00,0.25171421893373286,-0.14386716193794524
2026-06-25 17:50:00+03:00,0.30238934319897254,-0.022168729868518505
2026-06-25 17:55:00+03:00,0.24323958441518811,-0.16571104175146706
2026-06-26 09:55:00+03:00,0.06488337067672217,-0.9015708304218855
2026-06-26 10:00:00+03:00,0.2606627893164642,-0.12132500063722523
2026-06-26 10:05:00+03:00,0.09380510115673558,-0.7095542262689919
2026-06-26 10:10:00+03:00,0.04866297860053573,-1.0479046922772206
2026-06-26 10:15:00+03:00,0.07005623766520454,-0.862089863806642
2026-06-26 10:20:00+03:00,0.05989648913494826,-0.9425100476871564
2026-06-26 10:25:00+03:00,0.11440489290525713,-0.6032277262561638
2026-06-26 10:30:00+03:00,0.08539982648512903,-0.7590446997582957
2026-06-26 10:35:00+03:00,0.12756168293563638,-0.5437936702649413
2026-06-26 10:40:00+03:00,0.14949559355059125,-0.4554138733096619
2026-06-26 10:45:00+03:00,0.16553553666195253,-0.39735530730432733
2026-06-26 10:50:00+03:00,0.14480262830621204,-0.4733644488141223
2026-06-26 10:55:00+03:00,0.18913948101696454,-0.3196006633853348
2026-06-26 11:00:00+03:00,0.253761397454215,-0.13866427290547792
2026-06-26 11:05:00+03:00,0.21814373139601514,-0.23363745603623348
2026-06-26 11:10:00+03:00,0.21717797681948778,-0.23635966952777987
2026-06-26 11:15:00+03:00,0.27404553839989376,-0.08852572811743328
2026-06-26 11:20:00+03:00,0.1574297058328069,-0.42609399534217973
2026-06-26 11:25:00+03:00,0.06085097856738877,-0.934433855025177
2026-06-26 11:30:00+03:00,0.08248355287557227,-0.7772499948091945
2026-06-26 11:35:00+03:00,0.045022079844183854,-1.0870646672151334
2026-06-26 11:40:00+03:00,0.06293036501970106,-0.917241905493102
2026-06-26 11:45:00+03:00,0.0861094505287967,-0.7547001934532623
2026-06-26 11:50:00+03:00,0.06576252192266166,-0.894659325716094
2026-06-26 11:55:00+03:00,0.08073423934463055,-0.7884533471750058
2026-06-26 12:00:00+03:00,0.07586463059150758,-0.8208503603709668
2026-06-26 12:05:00+03:00,0.06659433949119689,-0.8881985704092655
2026-06-26 12:10:00+03:00,0.04675056224107094,-1.0681124145534715
2026-06-26 12:15:00+03:00,0.04206299467584643,-1.1211814651946197
2026-06-26 12:20:00+03:00,0.03394165811561065,-1.2282031346145512
2026-06-26 12:25:00+03:00,0.05149815651868667,-1.0192916017150881
2026-06-26 12:30:00+03:00,0.06285181908977669,-0.9178816031572641
2026-06-26 12:35:00+03:00,0.09085543426483882,-0.7264494839297969
2026-06-26 12:40:00+03:00,0.08759431705248763,-0.7457133569077132
2026-06-26 12:45:00+03:00,0.13015880208799696,-0.5326884245300418
2026-06-26 12:50:00+03:00,0.15447090853552603,-0.43688351862871644
2026-06-26 12:55:00+03:00,0.11968487641665512,-0.5787011501962175
2026-06-26 13:00:00+03:00,0.1086182850777093,-0.631267163516653
2026-06-26 13:05:00+03:00,0.12293575786770773,-0.5640618271357081
2026-06-26 13:10:00+03:00,0.11341550136939652,-0.6079327357206288
2026-06-26 13:15:00+03:00,0.11313779858936496,-0.6092597698958157
2026-06-26 13:20:00+03:00,0.09536971225240327,-0.7007849094373267
2026-06-26 13:25:00+03:00,0.06902808053614841,-0.8697168368832452
2026-06-26 13:30:00+03:00,0.1157417283878648,-0.5969264194882481
2026-06-26 13:35:00+03:00,0.09609525768522106,-0.6967619980974553
2026-06-26 13:40:00+03:00,0.08198654136971559,-0.7804108854506079
2026-06-26 13:45:00+03:00,0.1047839682077939,-0.6505776965911587
2026-06-26 13:50:00+03:00,0.10909950768662847,-0.6288861246746298
2026-06-26 13:55:00+03:00,0.11441435227885602,-0.603182913963362
2026-06-26 14:00:00+03:00,0.15310859493474108,-0.44190814833848224
2026-06-26 14:05:00+03:00,0.13027920559365916,-0.5321781720736332
2026-06-26 14:10:00+03:00,0.12095986524511591,-0.5729192543589394
2026-06-26 14:15:00+03:00,0.18110979636834024,-0.3451529313540477
2026-06-26 14:20:00+03:00,0.12634010498891798,-0.5490839655242797
2026-06-26 14:25:00+03:00,0.13415796581698405,-0.5159508283202212
2026-06-26 14:30:00+03:00,0.1636502914471949,-0.4039363208316603
2026-06-26 14:35:00+03:00,0.1442808781905607,-0.47538980332764125
2026-06-26 14:40:00+03:00,0.19272482699165194,-0.30846008481786524
2026-06-26 14:45:00+03:00,0.09983436890167034,-0.6764500001456593
2026-06-26 14:50:00+03:00,0.09703664116797828,-0.6915825982029377
2026-06-26 14:55:00+03:00,0.08851121642275625,-0.740232571879834
2026-06-26 15:00:00+03:00,0.0708540651503339,-0.8562424956695309
2026-06-26 15:05:00+03:00,0.10157461961653651,-0.6672263991687568
2026-06-26 15:10:00+03:00,0.06594384979072365,-0.8932444994526108
2026-06-26 15:15:00+03:00,0.10285681942630948,-0.6605198151487272
2026-06-26 15:20:00+03:00,0.12811153869733694,-0.541426516367814
2026-06-26 15:25:00+03:00,0.166305808496515,-0.39468373430767156
2026-06-26 15:30:00+03:00,0.18286204237154494,-0.3395031776579545
2026-06-26 15:35:00+03:00,0.14410440947651057,-0.47607620585809085
2026-06-26 15:40:00+03:00,0.1892543217824162,-0.31924133055455106
2026-06-26 15:45:00+03:00,0.1854364796606941,-0.3312781438570117
2026-06-26 15:50:00+03:00,0.16799727163244066,-0.38885170755242804
2026-06-26 15:55:00+03:00,0.14443272454813708,-0.47479973176047774
2026-06-26 16:00:00+03:00,0.24595611157837244,-0.15865409374664174
2026-06-26 16:05:00+03:00,0.2201240321504898,-0.2280825383341067
2026-06-26 16:10:00+03:00,0.17942357007265725,-0.3506301572735302
2026-06-26 16:15:00+03:00,0.45095859524111115,0.28461425373829935
2026-06-26 16:20:00+03:00,0.3233217672608722,0.024581067837264436
2026-06-26 16:25:00+03:00,0.31488085006301736,0.005933259249589373
2026-06-26 16:30:00+03:00,0.4276804630207557,0.23924445838814729
2026-06-26 16:35:00+03:00,0.4480356656322286,0.2789445107133801
2026-06-26 16:40:00+03:00,0.4105117974904056,0.2053914407947916
2026-06-26 16:45:00+03:00,0.39898851839516125,0.18243297059175287
2026-06-26 16:50:00+03:00,0.2953824172266585,-0.03821886422124088
2026-06-26 16:55:00+03:00,0.3579276566542222,0.09858452294139439
2026-06-26 17:00:00+03:00,0.4573814845552743,0.2970505494811234
2026-06-26 17:05:00+03:00,0.4808369306711092,0.34226486593613414
2026-06-26 17:10:00+03:00,0.44838666081116313,0.27962571256458213
2026-06-26 17:15:00+03:00,0.49309283139427185,0.3658127856260149
2026-06-26 17:20:00+03:00,0.4409387654900149,0.26514850576519877
2026-06-26 17:25:00+03:00,0.4752611416299633,0.3315388372090029
2026-06-26 17:30:00+03:00,0.45946732871539886,0.30108315669186936
2026-06-26 17:35:00+03:00,0.4584643915561113,0.29914450830149275
2026-06-26 17:40:00+03:00,0.4847207655038386,0.3497305338211061
2026-06-26 17:45:00+03:00,0.4640264423486802,0.3098880321427108
2026-06-26 17:50:00+03:00,0.44566363891543276,0.27433827612505957
2026-06-26 17:55:00+03:00,0.4083009932027567,0.20100271956817128
2026-06-29 09:55:00+03:00,0.0583857843447181,-0.9555422529503368
2026-06-29 10:00:00+03:00,0.41074836801453096,0.20586063446293362
2026-06-29 10:05:00+03:00,0.358179267768701,0.09910995107719213
2026-06-29 10:10:00+03:00,0.4949105211126749,0.36930316759940646
2026-06-29 10:15:00+03:00,0.4129890777714107,0.21030064080925764
2026-06-29 10:20:00+03:00,0.37630243462362484,0.13655044671339361
2026-06-29 10:25:00+03:00,0.4830964026625182,0.3466085999707451
2026-06-29 10:30:00+03:00,0.6206873396725907,0.6154530568483437
2026-06-29 10:35:00+03:00,0.5516341742296736,0.47856483444310854
2026-06-29 10:40:00+03:00,0.5539019604008109,0.482967922454443
2026-06-29 10:45:00+03:00,0.49995424491497226,0.378987209324644
2026-06-29 10:50:00+03:00,0.5698553604001344,0.514076939431458
2026-06-29 10:55:00+03:00,0.5305062361243396,0.43771838488702036
2026-06-29 11:00:00+03:00,0.5241715713078575,0.42551950106746356
2026-06-29 11:05:00+03:00,0.6075402412400028,0.5888222553558607
2026-06-29 11:10:00+03:00,0.5869960358523265,0.5478199993833828
2026-06-29 11:15:00+03:00,0.5793595970013189,0.5327407765831784
2026-06-29 11:20:00+03:00,0.585388868611177,0.5446398091276119
2026-06-29 11:25:00+03:00,0.5475732062768154,0.4706904278805819
2026-06-29 11:30:00+03:00,0.5497828720661503,0.4749734815549708
2026-06-29 11:35:00+03:00,0.5939237529180585,0.561571233740463
2026-06-29 11:40:00+03:00,0.17819490568011567,-0.35464650134822917
2026-06-29 11:45:00+03:00,0.14306898338506538,-0.48011780599492393
2026-06-29 11:50:00+03:00,0.3064684267695063,-0.012922379749630328
2026-06-29 11:55:00+03:00,0.3185668942140402,0.014108817142459748
2026-06-29 12:00:00+03:00,0.31954722527039575,0.016274646148540656
2026-06-29 12:05:00+03:00,0.31334814815664985,0.002518587448248538
2026-06-29 12:10:00+03:00,0.27919701268432157,-0.0761685291017263
2026-06-29 12:15:00+03:00,0.26473680752211026,-0.1112288502797204
2026-06-29 12:20:00+03:00,0.28392757335762925,-0.06494351189175068
2026-06-29 12:25:00+03:00,0.2802494619921318,-0.07366124321508247
2026-06-29 12:30:00+03:00,0.2715611113465867,-0.09453687351016213
2026-06-29 12:35:00+03:00,0.19935347001735917,-0.2882712663196927
2026-06-29 12:40:00+03:00,0.28511434201985386,-0.06214526778229659
2026-06-29 12:45:00+03:00,0.27603610589236266,-0.08373393703132032
2026-06-29 12:50:00+03:00,0.305497197895437,-0.015117634018274637
2026-06-29 12:55:00+03:00,0.30234723687539006,-0.02226454080740392
2026-06-29 13:00:00+03:00,0.31841387717256453,0.013770439452131952
2026-06-29 13:05:00+03:00,0.35759978270904763,0.09789959319977316
2026-06-29 13:10:00+03:00,0.40374337825090595,0.19193179731323573
2026-06-29 13:15:00+03:00,0.36354604079381936,0.1102789271294787
2026-06-29 13:20:00+03:00,0.25964584971890403,-0.1238610262171006
2026-06-29 13:25:00+03:00,0.23056934507391597,-0.1993578811400762
2026-06-29 13:30:00+03:00,0.32836118321583424,0.03559261989280402
2026-06-29 13:35:00+03:00,0.2201141220497422,-0.22811024742758929
2026-06-29 13:40:00+03:00,0.33758940156825645,0.05553674595371647
2026-06-29 13:45:00+03:00,0.20516637008049185,-0.27097803785486546
2026-06-29 13:50:00+03:00,0.18873953219151893,-0.3208533970918445
2026-06-29 13:55:00+03:00,0.14624453607995308,-0.46779852439561664
2026-06-29 14:00:00+03:00,0.1636497032839427,-0.4039383834745779
2026-06-29 14:05:00+03:00,0.16343056445578813,-0.40470730171082514
2026-06-29 14:10:00+03:00,0.31055305325548627,-0.0037320387164154756
2026-06-29 14:15:00+03:00,0.38465828750408215,0.15356603659190826
2026-06-29 14:20:00+03:00,0.3357696920277874,0.05162569953265019
2026-06-29 14:25:00+03:00,0.3728913666774135,0.12956171015629137
2026-06-29 14:30:00+03:00,0.25897037865552863,-0.125549069092203
2026-06-29 14:35:00+03:00,0.20624684535547722,-0.26780396656803596
2026-06-29 14:40:00+03:00,0.23761627335407468,-0.1804913655661604
2026-06-29 14:45:00+03:00,0.2579566021686303,-0.12808794298378448
2026-06-29 14:50:00+03:00,0.40245896816974336,0.18936955951605677
2026-06-29 14:55:00+03:00,0.38737055152839744,0.1590589387307661
2026-06-29 15:00:00+03:00,0.24002121430881496,-0.1741412587390091
2026-06-29 15:05:00+03:00,0.20714297855644315,-0.2651807549951938
2026-06-29 15:10:00+03:00,0.3155596746226445,0.007442723645472701
2026-06-29 15:15:00+03:00,0.330707730464781,0.04069042951657362
2026-06-29 15:20:00+03:00,0.22380922830346925,-0.2178398757483932
2026-06-29 15:25:00+03:00,0.1909998013130255,-0.3138002310606714
2026-06-29 15:30:00+03:00,0.15690685703159193,-0.42798852282272426
2026-06-29 15:35:00+03:00,0.25876976116970835,-0.12605097560975062
2026-06-29 15:40:00+03:00,0.29857948971181075,-0.030868815910322367
2026-06-29 15:45:00+03:00,0.4173288067150638,0.21887978016715495
2026-06-29 15:50:00+03:00,0.24553849402829536,-0.15973553621265096
2026-06-29 15:55:00+03:00,0.21106503867054938,-0.2537973287546038
2026-06-29 16:00:00+03:00,0.30285016655332386,-0.021120641607969087
2026-06-29 16:05:00+03:00,0.21640155754889898,-0.2385545444359956
2026-06-29 16:10:00+03:00,0.30759382644933053,-0.010383505164512516
2026-06-29 16:15:00+03:00,0.18578482500774282,-0.3301720159082718
2026-06-29 16:20:00+03:00,0.25533242563455005,-0.13469027968555858
2026-06-29 16:25:00+03:00,0.09418721096483496,-0.7074005579359339
2026-06-29 16:30:00+03:00,0.0589315328838363,-0.9507982330708584
2026-06-29 16:35:00+03:00,0.07106116936311731,-0.8547345527665144
2026-06-29 16:40:00+03:00,0.06070573142392866,-0.9356551511763991
2026-06-29 16:45:00+03:00,0.08821030166307743,-0.7420256187937158
2026-06-29 16:50:00+03:00,0.08245910151223602,-0.7774050944106837
2026-06-29 16:55:00+03:00,0.15292608434155275,-0.44258408061098
2026-06-29 17:00:00+03:00,0.08614493934009473,-0.7544837743316294
2026-06-29 17:05:00+03:00,0.15749164139250013,-0.4258699128048168
2026-06-29 17:10:00+03:00,0.15063607979427565,-0.45112192042297405
2026-06-29 17:15:00+03:00,0.2725251918763342,-0.09220018698027196
2026-06-29 17:20:00+03:00,0.1712595706438667,-0.37773454111568866
2026-06-29 17:25:00+03:00,0.27428806490792784,-0.08794075249277589
2026-06-29 17:30:00+03:00,0.24953036683273463,-0.1494484587569933
2026-06-29 17:35:00+03:00,0.15505344953357147,-0.43474598280303445
2026-06-29 17:40:00+03:00,0.2785466777283152,-0.07772073866428922
2026-06-29 17:45:00+03:00,0.295331633023731,-0.03833598728871007
2026-06-29 17:50:00+03:00,0.23350666813724502,-0.19144585584054635
2026-06-29 17:55:00+03:00,0.3869708402719433,0.1582503370613849
2026-06-30 09:55:00+03:00,0.21096240221576937,-0.2540932333651715
2026-06-30 10:00:00+03:00,0.17850829686213282,-0.35362001289722506
2026-06-30 10:05:00+03:00,0.15188252634598995,-0.44646167418573535
2026-06-30 10:10:00+03:00,0.1426716241099297,-0.48167529616430826
2026-06-30 10:15:00+03:00,0.13963701860621472,-0.49369067827917823
2026-06-30 10:20:00+03:00,0.09824423270139411,-0.6850038093161271
2026-06-30 10:25:00+03:00,0.17269951248012755,-0.3728809918339488
2026-06-30 10:30:00+03:00,0.20068801151052326,-0.28426804261192107
2026-06-30 10:35:00+03:00,0.19262512840886087,-0.3087677267218752
2026-06-30 10:40:00+03:00,0.28429096147995647,-0.06408594331198283
2026-06-30 10:45:00+03:00,0.1085018492707107,-0.6318446670356821
2026-06-30 10:50:00+03:00,0.06615829670561016,-0.8915759181168897
2026-06-30 10:55:00+03:00,0.03145848723899878,-1.2659020600086577
2026-06-30 11:00:00+03:00,0.04853345962309524,-1.0492492503518587
2026-06-30 11:05:00+03:00,0.047674773622708236,-1.0582505226041359
2026-06-30 11:10:00+03:00,0.07099328724382074,-0.8552283604001317
2026-06-30 11:15:00+03:00,0.03862082309253015,-1.1638829372260926
2026-06-30 11:20:00+03:00,0.03237423784003949,-1.2516751685462821
2026-06-30 11:25:00+03:00,0.03506160759987946,-1.2120642210957568
2026-06-30 11:30:00+03:00,0.05772005830953263,-0.9613858420667643
2026-06-30 11:35:00+03:00,0.0826481012910827,-0.7762073201553489
2026-06-30 11:40:00+03:00,0.050459131175411,-1.0296003604622426
2026-06-30 11:45:00+03:00,0.14923498230190466,-0.4563984072632411
2026-06-30 11:50:00+03:00,0.10030020894458025,-0.6739670638303684
2026-06-30 11:55:00+03:00,0.19029031306104763,-0.31600727650051164
2026-06-30 12:00:00+03:00,0.22265621618793296,-0.22103153184369362
2026-06-30 12:05:00+03:00,0.14464644980500374,-0.47397007316462014
2026-06-30 12:10:00+03:00,0.17352541033332303,-0.37011161232469175
2026-06-30 12:15:00+03:00,0.30740571927546795,-0.01080751006661683
2026-06-30 12:20:00+03:00,0.23801290767365071,-0.1794410459655344
2026-06-30 12:25:00+03:00,0.29081764223149914,-0.04879391413081202
2026-06-30 12:30:00+03:00,0.31203207726673304,-0.00042070807438628066
2026-06-30 12:35:00+03:00,0.39886121481719145,0.18217814034702928
2026-06-30 12:40:00+03:00,0.40827988217839123,0.20096077635100923
2026-06-30 12:45:00+03:00,0.27963656424970723,-0.07512066854872307
2026-06-30 12:50:00+03:00,0.3948849549023967,0.17420466873832033
2026-06-30 12:55:00+03:00,0.40566171204409096,0.19575374801135365
2026-06-30 13:00:00+03:00,0.2596659771668895,-0.12381077031049509
2026-06-30 13:05:00+03:00,0.27600903992600806,-0.08379894762633303
2026-06-30 13:10:00+03:00,0.3361476817594141,0.05243895930387418
2026-06-30 13:15:00+03:00,0.31336231613016124,0.00255019340190335
2026-06-30 13:20:00+03:00,0.4000277656871724,0.1845122677611587
2026-06-30 13:25:00+03:00,0.49386316974205535,0.3672920497451561
2026-06-30 13:30:00+03:00,0.42442459001785277,0.2328535277983831
2026-06-30 13:35:00+03:00,0.40058235096493544,0.1856211288790965
2026-06-30 13:40:00+03:00,0.35652355555812565,0.09564938931081084
2026-06-30 13:45:00+03:00,0.36636819321442643,0.11612369730607239
2026-06-30 13:50:00+03:00,0.46127355490168936,0.30457294985905814
2026-06-30 13:55:00+03:00,0.4586161377520976,0.2994378706682753
2026-06-30 14:00:00+03:00,0.43803524753494627,0.25949100876458914
2026-06-30 14:05:00+03:00,0.4332496858845981,0.2501480978634463
2026-06-30 14:10:00+03:00,0.4373867382227251,0.25822627397817
2026-06-30 14:15:00+03:00,0.3485318335405234,0.07884316534749324
2026-06-30 14:20:00+03:00,0.3436813768086901,0.06855586635466482
2026-06-30 14:25:00+03:00,0.2682503282921042,-0.10260131127209005
2026-06-30 14:30:00+03:00,0.2487145964182644,-0.15154168638447718
2026-06-30 14:35:00+03:00,0.3673685637009712,0.11819091882640376
2026-06-30 14:40:00+03:00,0.44075933482767937,0.26479911781948434
2026-06-30 14:45:00+03:00,0.45844795351895257,0.2991127286776906
2026-06-30 14:50:00+03:00,0.3890539720305141,0.16246108785815241
2026-06-30 14:55:00+03:00,0.4746384069017453,0.3303402080572624
2026-06-30 15:00:00+03:00,0.618690022752768,0.6113852047304851
2026-06-30 15:05:00+03:00,0.5715743347054296,0.5174446522226158
2026-06-30 15:10:00+03:00,0.6009126355313316,0.5755192966146132
2026-06-30 15:15:00+03:00,0.44949962219547046,0.281785061168043
2026-06-30 15:20:00+03:00,0.46437706751544594,0.31056468398254616
2026-06-30 15:25:00+03:00,0.4766944733263243,0.33429713308470654
2026-06-30 15:30:00+03:00,0.42395628282482084,0.23193324491250503
2026-06-30 15:35:00+03:00,0.4197236810595949,0.22360324941043663
2026-06-30 15:40:00+03:00,0.4437012551593961,0.2705239012515027
2026-06-30 15:45:00+03:00,0.5382242644227627,0.4526072581126584
2026-06-30 15:50:00+03:00,0.4977975889818066,0.3748465075488098
2026-06-30 15:55:00+03:00,0.5767597710094039,0.5276245248128675
2026-06-30 16:00:00+03:00,0.5075411013793012,0.39355470246159197
2026-06-30 16:05:00+03:00,0.4918473367978586,0.363420952916707
2026-06-30 16:10:00+03:00,0.5506149750145667,0.4765873464237877
2026-06-30 16:15:00+03:00,0.5156149639562994,0.40906477996151125
2026-06-30 16:20:00+03:00,0.5668055820765541,0.5081100547638305
2026-06-30 16:25:00+03:00,0.5594572999715546,0.4937728680245979
2026-06-30 16:30:00+03:00,0.6563909835414751,0.6897482336181606
2026-06-30 16:35:00+03:00,0.7906439087977434,1.016888216681787
2026-06-30 16:40:00+03:00,0.7949405316010121,1.0294428657627197
2026-06-30 16:45:00+03:00,0.6904866004209227,0.7642149809329792
2026-06-30 16:50:00+03:00,0.6813231718459629,0.7437982451061577
2026-06-30 16:55:00+03:00,0.5417118166043876,0.45934627741932277
2026-06-30 17:00:00+03:00,0.49223081746480746,0.36415740386361606
2026-06-30 17:05:00+03:00,0.46141119601358993,0.304838803274743
2026-06-30 17:10:00+03:00,0.5772910963979302,0.5286694414231855
2026-06-30 17:15:00+03:00,0.5765123931092784,0.5271381450672841
2026-06-30 17:20:00+03:00,0.40989252318706276,0.20416283592580528
2026-06-30 17:25:00+03:00,0.49563198293862765,0.3706884633390449
2026-06-30 17:30:00+03:00,0.41305772384390294,0.21043655051674348
2026-06-30 17:35:00+03:00,0.4072092667264138,0.19883280051175367
2026-06-30 17:40:00+03:00,0.398035901555396,0.18052540185830201
2026-06-30 17:45:00+03:00,0.3899766224678235,0.16432346774279905
2026-06-30 17:50:00+03:00,0.4194924776172869,0.22314757007620634
2026-06-30 17:55:00+03:00,0.37212955976610984,0.1279973732650447
2026-07-01 09:55:00+03:00,0.07373633728924323,-0.8356124904062978
2026-07-01 10:00:00+03:00,0.5283141119810645,0.43349499413480586
2026-07-01 10:05:00+03:00,0.3146136326879337,0.005338580777956348
2026-07-01 10:10:00+03:00,0.3603652879829088,0.10366809663291346
2026-07-01 10:15:00+03:00,0.22392565921379168,-0.21751823453793673
2026-07-01 10:20:00+03:00,0.11224894476599294,-0.6135264538694613
2026-07-01 10:25:00+03:00,0.02234833298937457,-1.4345117886929413
2026-07-01 10:30:00+03:00,0.07857338026143137,-0.8026022718188318
2026-07-01 10:35:00+03:00,0.03783361701841121,-1.17416045482374
2026-07-01 10:40:00+03:00,0.0282193973918101,-1.3196597063828124
2026-07-01 10:45:00+03:00,0.04766366904955514,-1.0583679329104618
2026-07-01 10:50:00+03:00,0.044136715682975364,-1.0970425180717787
2026-07-01 10:55:00+03:00,0.048380486375145214,-1.0508416840054629
2026-07-01 11:00:00+03:00,0.038733998434252855,-1.1624219184391635
2026-07-01 11:05:00+03:00,0.03609509530026134,-1.1976060877701913
2026-07-01 11:10:00+03:00,0.0216213233012158,-1.4507426090528481
2026-07-01 11:15:00+03:00,0.037391845512031945,-1.1800184363053625
2026-07-01 11:20:00+03:00,0.03588202593235487,-1.2005539406441128
2026-07-01 11:25:00+03:00,0.048173709180025184,-1.053001823641663
2026-07-01 11:30:00+03:00,0.05423816998216401,-0.9930209780172026
2026-07-01 11:35:00+03:00,0.06871119437734456,-0.8720887344361937
2026-07-01 11:40:00+03:00,0.07448189774283627,-0.830397121466304
2026-07-01 11:45:00+03:00,0.08642342033301001,-0.7527883289167434
2026-07-01 11:50:00+03:00,0.05934962625239193,-0.9471916586690934
2026-07-01 11:55:00+03:00,0.05640379481952403,-0.9731283706176321
2026-07-01 12:00:00+03:00,0.10924504270457536,-0.6281678480991919
2026-07-01 12:05:00+03:00,0.16593961844544655,-0.39595257107921455
2026-07-01 12:10:00+03:00,0.11043132623218518,-0.6223441321154953
2026-07-01 12:15:00+03:00,0.19673790131392233,-0.2961759862139749
2026-07-01 12:20:00+03:00,0.18279798285866897,-0.33970898173166664
2026-07-01 12:25:00+03:00,0.14348633382178758,-0.47848583364360575
2026-07-01 12:30:00+03:00,0.22419536462319797,-0.21677362816443285
2026-07-01 12:35:00+03:00,0.22562519281590643,-0.2128367319633312
2026-07-01 12:40:00+03:00,0.2323772311343857,-0.19447986559743702
2026-07-01 12:45:00+03:00,0.15157405361556234,-0.4476120654812069
2026-07-01 12:50:00+03:00,0.1891561060803826,-0.31954863377696857
2026-07-01 12:55:00+03:00,0.1906280291987546,-0.31495594061525395
2026-07-01 13:00:00+03:00,0.17586164782853092,-0.3623337447912601
2026-07-01 13:05:00+03:00,0.1711497369120048,-0.3781060790065325
2026-07-01 13:10:00+03:00,0.34393539866139966,0.06909631468559407
2026-07-01 13:15:00+03:00,0.3087935893690966,-0.007682547349762578
2026-07-01 13:20:00+03:00,0.2571173088529018,-0.13019477490959114
2026-07-01 13:25:00+03:00,0.2851513816648592,-0.06205804610418145
2026-07-01 13:30:00+03:00,0.24993588900985683,-0.14840960841997308
2026-07-01 13:35:00+03:00,0.4060317019132092,0.1964902256237175
2026-07-01 13:40:00+03:00,0.27892822105497345,-0.07680980775820082
2026-07-01 13:45:00+03:00,0.37248527722210617,0.12872798517128578
2026-07-01 13:50:00+03:00,0.44874743914650483,0.28032579731326773
2026-07-01 13:55:00+03:00,0.23053114901729915,-0.19946122933629856
2026-07-01 14:00:00+03:00,0.2871296530950766,-0.05740941235469421
2026-07-01 14:05:00+03:00,0.31807365573490315,0.013017772389056367
2026-07-01 14:10:00+03:00,0.2142938781267827,-0.24454169313285018
2026-07-01 14:15:00+03:00,0.27679395405152096,-0.08191523544765433
2026-07-01 14:20:00+03:00,0.3117245911362232,-0.0011084180881667932
2026-07-01 14:25:00+03:00,0.41522889817716097,0.2147317532683412
2026-07-01 14:30:00+03:00,0.401178936577821,0.18681339891255666
2026-07-01 14:35:00+03:00,0.41573622240015295,0.21573444076093024
2026-07-01 14:40:00+03:00,0.4196479314049882,0.22345396192200984
2026-07-01 14:45:00+03:00,0.5296937530715738,0.43615278281702524
2026-07-01 14:50:00+03:00,0.45283583669614214,0.28825214090608187
2026-07-01 14:55:00+03:00,0.45003340223167154,0.28282034269220147
2026-07-01 15:00:00+03:00,0.42901417741031106,0.24185881635385365
2026-07-01 15:05:00+03:00,0.3089213720849221,-0.007395220235684646
2026-07-01 15:10:00+03:00,0.41670417993294556,0.2176465577960552
2026-07-01 15:15:00+03:00,0.4046384741902766,0.19371584427189514
2026-07-01 15:20:00+03:00,0.3946702746603768,0.17377339321448415
2026-07-01 15:25:00+03:00,0.374459374594596,0.13277748030504366
2026-07-01 15:30:00+03:00,0.40454341168947555,0.1935264321052826
2026-07-01 15:35:00+03:00,0.253000509039966,-0.14059481120690898
2026-07-01 15:40:00+03:00,0.39553479460560176,0.17550964937303795
2026-07-01 15:45:00+03:00,0.22777797783925235,-0.20694243785420063
2026-07-01 15:50:00+03:00,0.3140169962442514,0.004009809866684283
2026-07-01 15:55:00+03:00,0.3185574797141164,0.0140880006750186
2026-07-01 16:00:00+03:00,0.2615583767503871,-0.11909690089991803
2026-07-01 16:05:00+03:00,0.22538290868590632,-0.21350259013110773
2026-07-01 16:10:00+03:00,0.2961346615061958,-0.0364853379929001
2026-07-01 16:15:00+03:00,0.302772288502114,-0.02129770262204078
2026-07-01 16:20:00+03:00,0.3601500513242273,0.10321983852238502
2026-07-01 16:25:00+03:00,0.3761344445003608,0.13620685603541066
2026-07-01 16:30:00+03:00,0.46315007200683944,0.3081964725161709
2026-07-01 16:35:00+03:00,0.5345471190867378,0.44550969900101195
2026-07-01 16:40:00+03:00,0.5785054821086125,0.5310590050347229
2026-07-01 16:45:00+03:00,0.5280129848876219,0.4329150045963347
2026-07-01 16:50:00+03:00,0.6008347410156151,0.5753633975300163
2026-07-01 16:55:00+03:00,0.5970329691720747,0.5677667155696486
2026-07-01 17:00:00+03:00,0.32420800619430207,0.02652398280054978
2026-07-01 17:05:00+03:00,0.32168099624476504,0.020976618598979313
2026-07-01 17:10:00+03:00,0.43234954272399023,0.24838807398457657
2026-07-01 17:15:00+03:00,0.3235441331042379,0.02506882450395874
2026-07-01 17:20:00+03:00,0.2587515515332521,-0.12609654516574875
2026-07-01 17:25:00+03:00,0.3362365049685834,0.052630000388001155
2026-07-01 17:30:00+03:00,0.3407159050599575,0.06223243203307808
2026-07-01 17:35:00+03:00,0.4366080653812496,0.25670713993202166
2026-07-01 17:40:00+03:00,0.39320079067421265,0.17081911428649324
2026-07-01 17:45:00+03:00,0.30747059446344216,-0.010661261192734653
2026-07-01 17:50:00+03:00,0.38448918590462133,0.15322309330872924
2026-07-01 17:55:00+03:00,0.46006686515525763,0.3022417391466299
2026-07-02 09:55:00+03:00,0.4887833669703688,0.3575360536916222
2026-07-02 10:00:00+03:00,0.1592173411283213,-0.4196549360737406
2026-07-02 10:05:00+03:00,0.049817068871063935,-1.0360715586307405
2026-07-02 10:10:00+03:00,0.10600280432651579,-0.644372801856981
2026-07-02 10:15:00+03:00,0.1041040049922288,-0.6540670168226536
2026-07-02 10:20:00+03:00,0.3108119864434808,-0.0031516995854669883
2026-07-02 10:25:00+03:00,0.21436488709109733,-0.24433928815675227
2026-07-02 10:30:00+03:00,0.22293214080806492,-0.22026667379322173
2026-07-02 10:35:00+03:00,0.2160167009786775,-0.23964461596549458
2026-07-02 10:40:00+03:00,0.2578065149139659,-0.12846436978873974
2026-07-02 10:45:00+03:00,0.2660773836689906,-0.10792847619881957
2026-07-02 10:50:00+03:00,0.31227823447555664,0.000129569488600767
2026-07-02 10:55:00+03:00,0.28910426984644955,-0.05278840282353642
2026-07-02 11:00:00+03:00,0.35637412783684264,0.09533672297597065
2026-07-02 11:05:00+03:00,0.3511171147320188,0.08429896850414419
2026-07-02 11:10:00+03:00,0.09246493884463519,-0.7171704341387222
2026-07-02 11:15:00+03:00,0.059242942753210924,-0.9481096683261934
2026-07-02 11:20:00+03:00,0.02965169230650612,-1.2951877273623773
2026-07-02 11:25:00+03:00,0.03739228146689108,-1.180012622735704
2026-07-02 11:30:00+03:00,0.03545858909053314,-1.2064626332385295
2026-07-02 11:35:00+03:00,0.08456731784172689,-0.7641834591876114
2026-07-02 11:40:00+03:00,0.110683185139848,-0.6211147625295425
2026-07-02 11:45:00+03:00,0.16841927607842117,-0.38740398448063873
2026-07-02 11:50:00+03:00,0.1368414797278438,-0.5049546226261318
2026-07-02 11:55:00+03:00,0.19078357447172445,-0.3144721953438595
2026-07-02 12:00:00+03:00,0.14273478462457567,-0.48142749064850976
2026-07-02 12:05:00+03:00,0.11964586790397104,-0.578878885353448
2026-07-02 12:10:00+03:00,0.07939846411480019,-0.7971582984181731
2026-07-02 12:15:00+03:00,0.10293351824951587,-0.6601209916239448
2026-07-02 12:20:00+03:00,0.09386956708259654,-0.709190329129306
2026-07-02 12:25:00+03:00,0.12623861264219705,-0.549525463950559
2026-07-02 12:30:00+03:00,0.16986876155123873,-0.38245331506908414
2026-07-02 12:35:00+03:00,0.13659868571699485,-0.505942002672442
2026-07-02 12:40:00+03:00,0.14664525640663775,-0.46625978161122794
2026-07-02 12:45:00+03:00,0.14452498367521702,-0.4744414666263532
2026-07-02 12:50:00+03:00,0.13165351608355136,-0.5263822542763908
2026-07-02 12:55:00+03:00,0.16165905720897122,-0.4109538787525374
2026-07-02 13:00:00+03:00,0.27055749418639313,-0.09697492106464792
2026-07-02 13:05:00+03:00,0.1840980238418167,-0.33554324386098283
2026-07-02 13:10:00+03:00,0.21077249911898852,-0.25464100910520704
2026-07-02 13:15:00+03:00,0.19283449251860774,-0.30812182760844464
2026-07-02 13:20:00+03:00,0.19077188926692773,-0.31450852581671723
2026-07-02 13:25:00+03:00,0.07087681357623617,-0.8560766636140765
2026-07-02 13:30:00+03:00,0.10054746039217254,-0.672653368887552
2026-07-02 13:35:00+03:00,0.11172919970484348,-0.6160350302923792
2026-07-02 13:40:00+03:00,0.13890849390140275,-0.49660772676607634
2026-07-02 13:45:00+03:00,0.1385416523814222,-0.4980814372214759
2026-07-02 13:50:00+03:00,0.16578457350611323,-0.39649047268999926
2026-07-02 13:55:00+03:00,0.21153742028576764,-0.2524367923317765
2026-07-02 14:00:00+03:00,0.18733561724586328,-0.3252669883529
2026-07-02 14:05:00+03:00,0.17315303277469096,-0.37135896623684383
2026-07-02 14:10:00+03:00,0.1795979137179003,-0.3500619941567149
2026-07-02 14:15:00+03:00,0.19442767839950253,-0.3032241541856487
2026-07-02 14:20:00+03:00,0.20910721760937676,-0.25946009501996886
2026-07-02 14:25:00+03:00,0.20637781662106108,-0.2674200547817338
2026-07-02 14:30:00+03:00,0.1846724951191209,-0.3337097157500308
2026-07-02 14:35:00+03:00,0.18027903075096385,-0.34784644223387157
2026-07-02 14:40:00+03:00,0.2132546535952284,-0.247509513602787
2026-07-02 14:45:00+03:00,0.17043959711189563,-0.3805128690865591
2026-07-02 14:50:00+03:00,0.26916818278775334,-0.10035933150279405
2026-07-02 14:55:00+03:00,0.3371974139444949,0.05469513713961909
2026-07-02 15:00:00+03:00,0.24684292522809553,-0.156361738394654
2026-07-02 15:05:00+03:00,0.26744154498763495,-0.10458090067443276
2026-07-02 15:10:00+03:00,0.20023377000314674,-0.28562838373773736
2026-07-02 15:15:00+03:00,0.19004088723761325,-0.31678467467256655
2026-07-02 15:20:00+03:00,0.3103978319643874,-0.004080058981622253
2026-07-02 15:25:00+03:00,0.30860090446033134,-0.008115935365648322
2026-07-02 15:30:00+03:00,0.3618011321449038,0.10665544844329722
2026-07-02 15:35:00+03:00,0.41065822485560993,0.20568186192627191
2026-07-02 15:40:00+03:00,0.3912797123614492,0.16695106610896143
2026-07-02 15:45:00+03:00,0.31760612708803465,0.011982764188104372
2026-07-02 15:50:00+03:00,0.3219381418359777,0.021542152595134034
2026-07-02 15:55:00+03:00,0.2893537060563502,-0.0522060070394387
2026-07-02 16:00:00+03:00,0.42830814249373905,0.24047509512460247
2026-07-02 16:05:00+03:00,0.48428456739334674,0.3488922493109593
2026-07-02 16:10:00+03:00,0.5296864356907721,0.43613868408981216
2026-07-02 16:15:00+03:00,0.6555465028317122,0.6879520981959776
2026-07-02 16:20:00+03:00,0.7519498335109989,0.911400091208284
2026-07-02 16:25:00+03:00,0.7500301864609091,0.9064728666276358
2026-07-02 16:30:00+03:00,0.483772004330135,0.3479071479089282
2026-07-02 16:35:00+03:00,0.5065582183046988,0.39166723897630185
2026-07-02 16:40:00+03:00,0.32322995321340575,0.024379623799081845
2026-07-02 16:45:00+03:00,0.16671361753284586,-0.3932733185868799
2026-07-02 16:50:00+03:00,0.22952795536592038,-0.20217990786192142
2026-07-02 16:55:00+03:00,0.32247557008673694,0.022723340108536688
2026-07-02 17:00:00+03:00,0.21516662815511464,-0.24205736774956899
2026-07-02 17:05:00+03:00,0.18558332468756134,-0.3308116600368357
2026-07-02 17:10:00+03:00,0.29242912670115145,-0.04504961421379039
2026-07-02 17:15:00+03:00,0.3287359643776249,0.03640806330769572
2026-07-02 17:20:00+03:00,0.3128325477118517,0.0013678551908872655
2026-07-02 17:25:00+03:00,0.33436433152716155,0.04859802702741688
2026-07-02 17:30:00+03:00,0.46132488609452815,0.3046720972432345
2026-07-02 17:35:00+03:00,0.5887623961810123,0.5513194303646316
2026-07-02 17:40:00+03:00,0.32700932524728704,0.03264730169670217
2026-07-02 17:45:00+03:00,0.3599299387094866,0.10276130447228116
2026-07-02 17:50:00+03:00,0.45009914362185044,0.28294783450256267
2026-07-02 17:55:00+03:00,0.36637921998321177,0.11614649657952887
2026-07-03 09:55:00+03:00,0.3435884139046138,0.06835803406855595
2026-07-03 10:00:00+03:00,0.2040422596239261,-0.27429348478684146
2026-07-03 10:05:00+03:00,0.14401343063828603,-0.4764303553331505
2026-07-03 10:10:00+03:00,0.16437598903757544,-0.40139588393752945
2026-07-03 10:15:00+03:00,0.3165622472127716,0.009668892380196595
2026-07-03 10:20:00+03:00,0.19927988090814755,-0.28849259584870746
2026-07-03 10:25:00+03:00,0.25783122446063017,-0.1284023871019493
2026-07-03 10:30:00+03:00,0.2671629410479929,-0.10526369522580054
2026-07-03 10:35:00+03:00,0.2598356580948363,-0.12338719717166491
2026-07-03 10:40:00+03:00,0.2699365018660398,-0.09848632251877726
2026-07-03 10:45:00+03:00,0.21271878523877602,-0.24904396783473526
2026-07-03 10:50:00+03:00,0.1750841390142961,-0.3649131594636562
2026-07-03 10:55:00+03:00,0.18592436261780493,-0.32972938040151045
2026-07-03 11:00:00+03:00,0.1373492143452409,-0.5028945529612335
2026-07-03 11:05:00+03:00,0.1713253798627398,-0.3775120168373128
2026-07-03 11:10:00+03:00,0.1646529271110065,-0.40042878708171714
2026-07-03 11:15:00+03:00,0.22579681401985002,-0.21236537994588855
2026-07-03 11:20:00+03:00,0.19279190103869184,-0.30825318126059287
2026-07-03 11:25:00+03:00,0.2088656449825227,-0.2601615115007031
2026-07-03 11:30:00+03:00,0.260185706173278,-0.12251394165914356
2026-07-03 11:35:00+03:00,0.3887709009167826,0.16188938479337917
2026-07-03 11:40:00+03:00,0.24870240862258047,-0.1515729944538221
2026-07-03 11:45:00+03:00,0.2766796662184866,-0.08218930887976222
2026-07-03 11:50:00+03:00,0.2236474396837688,-0.21828701571491776
2026-07-03 11:55:00+03:00,0.3461595023476597,0.07382018240007887
2026-07-03 12:00:00+03:00,0.436086779865059,0.25568980954440135
2026-07-03 12:05:00+03:00,0.48845148601102595,0.35689852797985616
2026-07-03 12:10:00+03:00,0.28567017920062343,-0.06083708623218717
2026-07-03 12:15:00+03:00,0.516822392678095,0.41138542721816423
2026-07-03 12:20:00+03:00,0.3352369354832911,0.05047868358377179
2026-07-03 12:25:00+03:00,0.5164872047973712,0.4107411679519148
2026-07-03 12:30:00+03:00,0.5794253403724372,0.5328702654136012
2026-07-03 12:35:00+03:00,0.5185504220981119,0.41470731939612454
2026-07-03 12:40:00+03:00,0.5957828496712703,0.5652738664779249
2026-07-03 12:45:00+03:00,0.35470906440670025,0.09184872439798203
2026-07-03 12:50:00+03:00,0.42976878400263563,0.24333710499260838
2026-07-03 12:55:00+03:00,0.42883846571254963,0.24151450125567345
2026-07-03 13:00:00+03:00,0.34399412813443553,0.0692212384929668
2026-07-03 13:05:00+03:00,0.3870673807243267,0.15844566313235703
2026-07-03 13:10:00+03:00,0.4093967151521735,0.2031787725925837
2026-07-03 13:15:00+03:00,0.4456323014664851,0.27427739028631126
2026-07-03 13:20:00+03:00,0.30833123781931343,-0.008722722801870211
2026-07-03 13:25:00+03:00,0.3004064910057778,-0.026688867199184785
2026-07-03 13:30:00+03:00,0.36597477517988697,0.11531006491468421
2026-07-03 13:35:00+03:00,0.28627290624115004,-0.05942027272839506
2026-07-03 13:40:00+03:00,0.4388217861355791,0.2610243772237698
2026-07-03 13:45:00+03:00,0.3332803538143086,0.04625840660290732
2026-07-03 13:50:00+03:00,0.3240892018487872,0.02626368698448761
2026-07-03 13:55:00+03:00,0.24266233071731722,-0.16721749092074345
2026-07-03 14:00:00+03:00,0.2087666006307742,-0.2604492635945406
2026-07-03 14:05:00+03:00,0.2959261106352001,-0.036965681632798536
2026-07-03 14:10:00+03:00,0.4245479666516512,0.233095934045985
2026-07-03 14:15:00+03:00,0.274769773019933,-0.08677982240083168
2026-07-03 14:20:00+03:00,0.27065677771656055,-0.09673348247367744
2026-07-03 14:25:00+03:00,0.20363717232594272,-0.27549157537048274
2026-07-03 14:30:00+03:00,0.15434875883632757,-0.43733256146312993
2026-07-03 14:35:00+03:00,0.1310094752452691,-0.5290919556283021
2026-07-03 14:40:00+03:00,0.3090601972480914,-0.007083137991686542
2026-07-03 14:45:00+03:00,0.2389626755361517,-0.1769308644521842
2026-07-03 14:50:00+03:00,0.15614145232777987,-0.4307712336169629
2026-07-03 14:55:00+03:00,0.17173360385449823,-0.37613317938689966
2026-07-03 15:00:00+03:00,0.250168652726397,-0.14781383141295934
2026-07-03 15:05:00+03:00,0.27191197027910285,-0.09368587999606151
2026-07-03 15:10:00+03:00,0.21831318286436646,-0.23316071301719266
2026-07-03 15:15:00+03:00,0.41529959835520563,0.2148715080081406
2026-07-03 15:20:00+03:00,0.450507586219992,0.28373984878464953
2026-07-03 15:25:00+03:00,0.4507318185314739,0.28417460437304054
2026-07-03 15:30:00+03:00,0.6736619904721937,0.7269677439127451
2026-07-03 15:35:00+03:00,0.5717877109014202,0.5178629206769131
2026-07-03 15:40:00+03:00,0.6846031938673156,0.7510693917999852
2026-07-03 15:45:00+03:00,0.5192581034155519,0.4160679783524354
2026-07-03 15:50:00+03:00,0.4922922911622915,0.36427545864918165
2026-07-03 15:55:00+03:00,0.4085312440656439,0.20146013656447442
2026-07-03 16:00:00+03:00,0.4204958123100226,0.22512454248957903
2026-07-03 16:05:00+03:00,0.4772460446752982,0.3353583747370241
2026-07-03 16:10:00+03:00,0.3763804687449886,0.13671002942454416
2026-07-03 16:15:00+03:00,0.2980950511071969,-0.03197960888538279
2026-07-03 16:20:00+03:00,0.36613056482865475,0.1156322994438047
2026-07-03 16:25:00+03:00,0.37103307737812957,0.12574350167651696
2026-07-03 16:30:00+03:00,0.3147590526964884,0.005662239353365586
2026-07-03 16:35:00+03:00,0.2624439279140702,-0.11689860920013986
2026-07-03 16:40:00+03:00,0.3239688447918088,0.02599993858647759
2026-07-03 16:45:00+03:00,0.28584996362170956,-0.060414284630026904
2026-07-03 16:50:00+03:00,0.3229531617149691,0.02377215013516301
2026-07-03 16:55:00+03:00,0.4629982642286196,0.30790341058837606
2026-07-03 17:00:00+03:00,0.4681029533694741,0.3177509993830322
2026-07-03 17:05:00+03:00,0.4954096065834355,0.37026147728606645
2026-07-03 17:10:00+03:00,0.4736566977622535,0.3284503212591134
2026-07-03 17:15:00+03:00,0.4299337313054634,0.24366015449677483
2026-07-03 17:20:00+03:00,0.4299720528621272,0.24373520295068313
2026-07-03 17:25:00+03:00,0.5049451016682256,0.3885697209727256
2026-07-03 17:30:00+03:00,0.42108055052113924,0.22627611373189857
2026-07-03 17:35:00+03:00,0.26061673134789176,-0.1214397204022552
2026-07-03 17:40:00+03:00,0.3601973798552092,0.10331841633116824
2026-07-03 17:45:00+03:00,0.23876017086806914,-0.17746549717684423
2026-07-03 17:50:00+03:00,0.2632504620552742,-0.11490062348937913
2026-07-03 17:55:00+03:00,0.3324994104022283,0.04457048675307382
2026-07-06 09:55:00+03:00,0.11952856350743707,-0.5794136632565557
2026-07-06 10:00:00+03:00,0.30721916575999064,-0.011228155467433595
2026-07-06 10:05:00+03:00,0.28681556601571284,-0.05814618530383239
2026-07-06 10:10:00+03:00,0.21207645848466541,-0.2508869869395303
2026-07-06 10:15:00+03:00,0.13637701585039438,-0.5068447672783238
2026-07-06 10:20:00+03:00,0.04192663734960314,-1.122808307766703
2026-07-06 10:25:00+03:00,0.05437338737482061,-0.9917572133257617
2026-07-06 10:30:00+03:00,0.029523622532211,-1.2973286976358778
2026-07-06 10:35:00+03:00,0.016005216534216295,-1.5978536578133677
2026-07-06 10:40:00+03:00,0.010950480618603828,-1.7824834543118766
2026-07-06 10:45:00+03:00,0.057444904358181594,-0.9638195756505554
2026-07-06 10:50:00+03:00,0.02065320085233633,-1.4732054315340963
2026-07-06 10:55:00+03:00,0.01551163045374841,-1.6131297970583576
2026-07-06 11:00:00+03:00,0.010292552566953704,-1.812544015531058
2026-07-06 11:05:00+03:00,0.017625374007922825,-1.550779939024366
2026-07-06 11:10:00+03:00,0.011810749346809883,-1.745765871711401
2026-07-06 11:15:00+03:00,0.013776405697486812,-1.6709173134988864
2026-07-06 11:20:00+03:00,0.021829291078810677,-1.4460458013585034
2026-07-06 11:25:00+03:00,0.04518442641042665,-1.0852553717163294
2026-07-06 11:30:00+03:00,0.12606084342618404,-0.5502995041286899
2026-07-06 11:35:00+03:00,0.21739883562300055,-0.2357363558569917
2026-07-06 11:40:00+03:00,0.3563084782521066,0.09519933763144618
2026-07-06 11:45:00+03:00,0.12454436313135635,-0.5569408136677294
2026-07-06 11:50:00+03:00,0.045675997391281614,-1.0798145053001735
2026-07-06 11:55:00+03:00,0.03268459314347609,-1.2469417102212594
2026-07-06 12:00:00+03:00,0.03979096361087955,-1.1489715674063712
2026-07-06 12:05:00+03:00,0.09520725385342384,-0.7016894373234835
2026-07-06 12:10:00+03:00,0.16927540125032986,-0.38447583492200155
2026-07-06 12:15:00+03:00,0.10775896838679892,-0.6355421121506851
2026-07-06 12:20:00+03:00,0.09236495388876867,-0.7177426176982548
2026-07-06 12:25:00+03:00,0.1100835431168077,-0.6240457686111365
2026-07-06 12:30:00+03:00,0.08298286768181853,-0.7740918623849331
2026-07-06 12:35:00+03:00,0.03943190129593307,-1.153501955232445
2026-07-06 12:40:00+03:00,0.05953075317446947,-0.9456365993965705
2026-07-06 12:45:00+03:00,0.0837505694090837,-0.7692697510596302
2026-07-06 12:50:00+03:00,0.057924039257332235,-0.9595886526776678
2026-07-06 12:55:00+03:00,0.03296339187213688,-1.2427264283238424
2026-07-06 13:00:00+03:00,0.0848450047893863,-0.7624643220925138
2026-07-06 13:05:00+03:00,0.11238576587472239,-0.6128677673371677
2026-07-06 13:10:00+03:00,0.1614670192840933,-0.4116343422747354
2026-07-06 13:15:00+03:00,0.2629213829945939,-0.11571535789744092
2026-07-06 13:20:00+03:00,0.3086712463571563,-0.007957704609722754
2026-07-06 13:25:00+03:00,0.5390877356466333,0.4542750498959662
2026-07-06 13:30:00+03:00,0.5517515622095459,0.4787926486698518
2026-07-06 13:35:00+03:00,0.6584243564982694,0.6940817039343512
2026-07-06 13:40:00+03:00,0.4991389545090373,0.37742188979123253
2026-07-06 13:45:00+03:00,0.3975878880613356,0.17962774279197613
2026-07-06 13:50:00+03:00,0.3302031224175794,0.039595737171015805
2026-07-06 13:55:00+03:00,0.270604936188135,-0.0968595442225689
2026-07-06 14:00:00+03:00,0.8042110185368265,1.057213502364931
2026-07-06 14:05:00+03:00,0.831466178123144,1.1451616381608456
2026-07-06 14:10:00+03:00,0.6935135899968105,0.7710318829167516
2026-07-06 14:15:00+03:00,0.5662551679441772,0.5070342388045619
2026-07-06 14:20:00+03:00,0.47457830792176825,0.3302245225944607
2026-07-06 14:25:00+03:00,0.433347366828591,0.2503390385693949
2026-07-06 14:30:00+03:00,0.22367369456992897,-0.2182144386667787
2026-07-06 14:35:00+03:00,0.3484867768203779,0.07874791485978533
2026-07-06 14:40:00+03:00,0.4558505119734741,0.2940888565948672
2026-07-06 14:45:00+03:00,0.5192799720607557,0.4161100275376391
2026-07-06 14:50:00+03:00,0.49383609406292217,0.3672400578921841
2026-07-06 14:55:00+03:00,0.7228558880239837,0.8392260706293659
2026-07-06 15:00:00+03:00,0.7956039085209754,1.0313985480579695
2026-07-06 15:05:00+03:00,0.7439370445084557,0.890997958067215
2026-07-06 15:10:00+03:00,0.6137320967329473,0.601322541290781
2026-07-06 15:15:00+03:00,0.5534825345053588,0.48215325076920695
2026-07-06 15:20:00+03:00,0.5447659465584934,0.4652542594844618
2026-07-06 15:25:00+03:00,0.5597890902899779,0.49441907822918635
2026-07-06 15:30:00+03:00,0.6011292892370889,0.5759529638990566
2026-07-06 15:35:00+03:00,0.9291153443575872,1.6141696214380774
2026-07-06 15:40:00+03:00,0.9820976416909931,2.3013103044183363
2026-07-06 15:45:00+03:00,0.9846653494530472,2.3768740908710755
2026-07-06 15:50:00+03:00,0.9858597245764122,2.4163771429525474
2026-07-06 15:55:00+03:00,0.9847626330657545,2.3799762719867443
2026-07-06 16:00:00+03:00,0.9901292161035958,2.5909819543202492
2026-07-06 16:05:00+03:00,0.9838736701743055,2.3523262403870673
2026-07-06 16:10:00+03:00,0.97897695056423,2.2226548849207006
2026-07-06 16:15:00+03:00,0.9889888391035114,2.5379516878817268
2026-07-06 16:20:00+03:00,0.9906962074154356,2.6196514501827366
2026-07-06 16:25:00+03:00,0.9899254741734846,2.5810766546050803
2026-07-06 16:30:00+03:00,0.9701062850761976,2.0493162608383093
2026-07-06 16:35:00+03:00,0.9707211815199273,2.059596430421359
2026-07-06 16:40:00+03:00,0.966781545456432,1.9970501920660066
2026-07-06 16:45:00+03:00,0.8261491633901208,1.1271733754158648
2026-07-06 16:50:00+03:00,0.45118135631792616,0.2850460795902242
2026-07-06 16:55:00+03:00,0.29450635023241767,-0.04024097191397119
2026-07-06 17:00:00+03:00,0.06074796241514013,-0.9352997745351346
2026-07-06 17:05:00+03:00,0.08024463217240317,-0.7916286388558363
2026-07-06 17:10:00+03:00,0.045307832004281505,-1.0838841980226868
2026-07-06 17:15:00+03:00,0.055893077731919934,-0.9777540132653741
2026-07-06 17:20:00+03:00,0.047065485452304004,-1.0647313418935742
2026-07-06 17:25:00+03:00,0.022588387708796294,-1.4292656192696978
2026-07-06 17:30:00+03:00,0.07988846782866103,-0.793949631695941
2026-07-06 17:35:00+03:00,0.06941158319226792,-0.8668597596687756
2026-07-06 17:40:00+03:00,0.08628223719640875,-0.7536472594874755
2026-07-06 17:45:00+03:00,0.06795286401312949,-0.8778062498682401
2026-07-06 17:50:00+03:00,0.08874859608597896,-0.7388219880164446
2026-07-06 17:55:00+03:00,0.17985328725000035,-0.3492305423691305
2026-07-07 09:55:00+03:00,0.3686470930746274,0.12082951247777432
2026-07-07 10:00:00+03:00,0.5937033464193183,0.561132623166624
2026-07-07 10:05:00+03:00,0.6267117009502827,0.6277738342403947
2026-07-07 10:10:00+03:00,0.788822665426741,1.0116238100453452
2026-07-07 10:15:00+03:00,0.7241118440319539,0.8422394644930592
2026-07-07 10:20:00+03:00,0.7618438973859298,0.9372122637284791
2026-07-07 10:25:00+03:00,0.7575343733423802,0.9258814959934232
2026-07-07 10:30:00+03:00,0.559902156721697,0.49463931539258543
2026-07-07 10:35:00+03:00,0.7662586744340453,0.948966890519983
2026-07-07 10:40:00+03:00,0.7759642151122522,0.9753642347852453
2026-07-07 10:45:00+03:00,0.3041824517242993,-0.018095574840529816
2026-07-07 10:50:00+03:00,0.2629418325570358,-0.11566470973846771
2026-07-07 10:55:00+03:00,0.07489136350210765,-0.8275532031280072
2026-07-07 11:00:00+03:00,0.1401030598349507,-0.4918313068995944
2026-07-07 11:05:00+03:00,0.3664311601453021,0.11625388570401414
2026-07-07 11:10:00+03:00,0.24344996533191224,-0.16516261765072066
2026-07-07 11:15:00+03:00,0.25334529530234223,-0.13971953938650097
2026-07-07 11:20:00+03:00,0.12064005531350001,-0.5743645873234632
2026-07-07 11:25:00+03:00,0.36510821031201274,0.1135166054967711
2026-07-07 11:30:00+03:00,0.434307256624632,0.25221483603024436
2026-07-07 11:35:00+03:00,0.18758954752802,-0.32446680997220473
2026-07-07 11:40:00+03:00,0.3269591356577294,0.03253783252691239
2026-07-07 11:45:00+03:00,0.39699141925332565,0.17843209813592825
2026-07-07 11:50:00+03:00,0.37497189591418917,0.1338274163160431
2026-07-07 11:55:00+03:00,0.40474478354738597,0.19392764893219522
2026-07-07 12:00:00+03:00,0.4219540614407756,0.22799557703112044
2026-07-07 12:05:00+03:00,0.3180448908335074,0.012954116523491599
2026-07-07 12:10:00+03:00,0.4048433278989445,0.19412396713965302
2026-07-07 12:15:00+03:00,0.25337264535676346,-0.1396501424520271
2026-07-07 12:20:00+03:00,0.17720241089106054,-0.357906701428831
2026-07-07 12:25:00+03:00,0.11997078122668274,-0.5774000026452296
2026-07-07 12:30:00+03:00,0.12319901547342718,-0.5628909748696762
2026-07-07 12:35:00+03:00,0.19344709603668603,-0.3062349738498239
2026-07-07 12:40:00+03:00,0.16702597949219264,-0.39219487395383534
2026-07-07 12:45:00+03:00,0.1803789399427251,-0.3475220050922995
2026-07-07 12:50:00+03:00,0.182462674406459,-0.3407871422159891
2026-07-07 12:55:00+03:00,0.1756579092234902,-0.36300878601755615
2026-07-07 13:00:00+03:00,0.1777323177079189,-0.3561642592914086
2026-07-07 13:05:00+03:00,0.11346667131720851,-0.6076885235906241
2026-07-07 13:10:00+03:00,0.24395021723509963,-0.16385984282660793
2026-07-07 13:15:00+03:00,0.05764350269324305,-0.9620618800534912
2026-07-07 13:20:00+03:00,0.03194516354216094,-1.2582920486406488
2026-07-07 13:25:00+03:00,0.023638967974638544,-1.406928897168429
2026-07-07 13:30:00+03:00,0.01611136011040562,-1.5946291986808352
2026-07-07 13:35:00+03:00,0.016206673174663098,-1.5917515083254066
2026-07-07 13:40:00+03:00,0.024869296050843027,-1.3819703328456088
2026-07-07 13:45:00+03:00,0.03154012543218521,-1.2646175930943735
2026-07-07 13:50:00+03:00,0.24979351699700703,-0.14877420312004142
2026-07-07 13:55:00+03:00,0.34203066008658733,0.0650392005650618
2026-07-07 14:00:00+03:00,0.3940167151756668,0.17245994075025822
2026-07-07 14:05:00+03:00,0.4278719022022944,0.23961984478632986
2026-07-07 14:10:00+03:00,0.42472872822863217,0.23345105494463972
2026-07-07 14:15:00+03:00,0.39379311326151545,0.17201039531441545
2026-07-07 14:20:00+03:00,0.5621421912186775,0.49900510805716203
2026-07-07 14:25:00+03:00,0.5303103925885848,0.4373409789279196
2026-07-07 14:30:00+03:00,0.5792311347074091,0.5324877719037602
2026-07-07 14:35:00+03:00,0.6852688356216794,0.7525499386059601
2026-07-07 14:40:00+03:00,0.43089996617442133,0.24555191731595058
2026-07-07 14:45:00+03:00,0.2670422482008297,-0.10555962623527529
2026-07-07 14:50:00+03:00,0.16779626977082454,-0.38954228247136136
2026-07-07 14:55:00+03:00,0.19654621312652437,-0.2967584113451858
2026-07-07 15:00:00+03:00,0.11748907081015923,-0.5887848203609737
2026-07-07 15:05:00+03:00,0.07283871239829652,-0.8419563722474535
2026-07-07 15:10:00+03:00,0.09446450140433715,-0.7058425750492777
2026-07-07 15:15:00+03:00,0.15301998703363867,-0.44223622728346423
2026-07-07 15:20:00+03:00,0.1405864510451179,-0.48990817601261516
2026-07-07 15:25:00+03:00,0.12406969874642607,-0.5590338163381805
2026-07-07 15:30:00+03:00,0.1299408073912282,-0.5336132763409236
2026-07-07 15:35:00+03:00,0.15590550254088226,-0.4316312952396577
2026-07-07 15:40:00+03:00,0.17017142207458302,-0.3814238342072494
2026-07-07 15:45:00+03:00,0.2149568137979883,-0.2426539451989882
2026-07-07 15:50:00+03:00,0.16353770883691413,-0.404331248030934
2026-07-07 15:55:00+03:00,0.1964114242841978,-0.29716821055597287
2026-07-07 16:00:00+03:00,0.17290627202413109,-0.37218670996649766
2026-07-07 16:05:00+03:00,0.16465756942163687,-0.4004125867801517
2026-07-07 16:10:00+03:00,0.18307149557380772,-0.3388306574596709
2026-07-07 16:15:00+03:00,0.07187642967123278,-0.8488377321946093
2026-07-07 16:20:00+03:00,0.11473897555330424,-0.601647013740556
2026-07-07 16:25:00+03:00,0.1672563051803094,-0.3914006958876585
2026-07-07 16:30:00+03:00,0.23552686453641924,-0.18604433127014508
2026-07-07 16:35:00+03:00,0.34905689946072593,0.07995273995703873
2026-07-07 16:40:00+03:00,0.19054321626865012,-0.31521983566999606
2026-07-07 16:45:00+03:00,0.20178956047309013,-0.28097872161630444
2026-07-07 16:50:00+03:00,0.2269449308789109,-0.20921861934875025
2026-07-07 16:55:00+03:00,0.2306812057520135,-0.1990552853609175
2026-07-07 17:00:00+03:00,0.27949019401824815,-0.07546949301127823
2026-07-07 17:05:00+03:00,0.3325476435910338,0.04467479481190602
2026-07-07 17:10:00+03:00,0.18442745777516814,-0.33449125575562394
2026-07-07 17:15:00+03:00,0.1683818357686477,-0.38753230968130126
2026-07-07 17:20:00+03:00,0.0930798711490088,-0.713663529841799
2026-07-07 17:25:00+03:00,0.17661133375489355,-0.3598551145463001
2026-07-07 17:30:00+03:00,0.20685570482020954,-0.26602076352345494
2026-07-07 17:35:00+03:00,0.039311505103519995,-1.1550298861820774
2026-07-07 17:40:00+03:00,0.037231875427945725,-1.182156088849422
2026-07-07 17:45:00+03:00,0.034386851631536416,-1.2217270909675921
2026-07-07 17:50:00+03:00,0.0415626403192733,-1.1271759669302674
2026-07-07 17:55:00+03:00,0.039563207215544106,-1.1518406622182067
2026-07-08 09:55:00+03:00,0.03125097479977078,-1.269181563202736
2026-07-08 10:00:00+03:00,0.25263549934616847,-0.14152228209846224
2026-07-08 10:05:00+03:00,0.19573667057729802,-0.2992228692699867
2026-07-08 10:10:00+03:00,0.10346590281348302,-0.6573598903930946
2026-07-08 10:15:00+03:00,0.06648352291136285,-0.8890549435426792
2026-07-08 10:20:00+03:00,0.10765858116791853,-0.6360434736395462
2026-07-08 10:25:00+03:00,0.1202217182989965,-0.5762601975871519
2026-07-08 10:30:00+03:00,0.14201286341341546,-0.4842653616782431
2026-07-08 10:35:00+03:00,0.1520647438644315,-0.4457830289658742
2026-07-08 10:40:00+03:00,0.12693636115835857,-0.5464963199072663
2026-07-08 10:45:00+03:00,0.22584935510969517,-0.21222112830753126
2026-07-08 10:50:00+03:00,0.18710511899893909,-0.3259940512683931
2026-07-08 10:55:00+03:00,0.12819244073814004,-0.5410789613333424
2026-07-08 11:00:00+03:00,0.30315881447667703,-0.020419162774431288
2026-07-08 11:05:00+03:00,0.43350104297974384,0.25063941477646623
2026-07-08 11:10:00+03:00,0.5730297231039461,0.5202986064361126
2026-07-08 11:15:00+03:00,0.013110340490725823,-1.695027711422006
2026-07-08 11:20:00+03:00,0.26934585607112194,-0.09992589979176508
2026-07-08 11:25:00+03:00,0.2998105284439646,-0.028050751743315255
2026-07-08 11:30:00+03:00,0.09524418311345063,-0.7014837031986074
2026-07-08 11:35:00+03:00,0.24439953359261188,-0.16269125796883416
2026-07-08 11:40:00+03:00,0.7749902415888451,0.972679208903902
2026-07-08 11:45:00+03:00,0.5022591801353123,0.3834126022854043
2026-07-08 11:50:00+03:00,0.5828696039191716,0.5396620056073838
2026-07-08 11:55:00+03:00,0.24886214021899075,-0.1511627565245512
2026-07-08 12:00:00+03:00,0.44602953714000554,0.275049121418268
2026-07-08 12:05:00+03:00,0.7246213430263982,0.843464315852183
2026-07-08 12:10:00+03:00,0.7674622379107234,0.9521981192604303
2026-07-08 12:15:00+03:00,0.6873543019257793,0.7571995299731543
2026-07-08 12:20:00+03:00,0.6760366865386859,0.7321622976253208
2026-07-08 12:25:00+03:00,0.17105050252501602,-0.37844192489775974
2026-07-08 12:30:00+03:00,0.1260169333690386,-0.5504908405125941
2026-07-08 12:35:00+03:00,0.18596515204392172,-0.32960003827130596
2026-07-08 12:40:00+03:00,0.4000403226093696,0.18453738025662547
2026-07-08 12:45:00+03:00,0.5918453677183382,0.557438196714803
2026-07-08 12:50:00+03:00,0.7143907568031849,0.8191305402549662
2026-07-08 12:55:00+03:00,0.6174097565489001,0.6087820460197434
2026-07-08 13:00:00+03:00,0.08227693096603747,-0.7785619560024095
2026-07-08 13:05:00+03:00,0.11062139337536,-0.6214161525308808
2026-07-08 13:10:00+03:00,0.044314799528039,-1.0950203152607434
2026-07-08 13:15:00+03:00,0.04662010842685975,-1.0695193381804888
2026-07-08 13:20:00+03:00,0.03531309132480573,-1.2085086255538549
2026-07-08 13:25:00+03:00,0.020062433298450977,-1.48742472566995
2026-07-08 13:30:00+03:00,0.02843890071500966,-1.3158321575929872
2026-07-08 13:35:00+03:00,0.06683202592044545,-0.8863662211709086
2026-07-08 13:40:00+03:00,0.04589589716254447,-1.0773986117703063
2026-07-08 13:45:00+03:00,0.02884047189743193,-1.308903468610063
2026-07-08 13:50:00+03:00,0.05999323994972432,-0.9416859482098865
2026-07-08 13:55:00+03:00,0.06345787349840469,-0.9129649398430344
2026-07-08 14:00:00+03:00,0.026896505295633692,-1.3433584386152944
2026-07-08 14:05:00+03:00,0.08819201197637484,-0.7421347787059673
2026-07-08 14:10:00+03:00,0.0479271398952229,-1.0555891960201016
2026-07-08 14:15:00+03:00,0.04658102519894577,-1.0699415735297817
2026-07-08 14:20:00+03:00,0.03947305518215872,-1.1529807029447932
2026-07-08 14:25:00+03:00,0.022762573068190087,-1.4254929505320366
2026-07-08 14:30:00+03:00,0.01792720906321182,-1.5424822228007125
2026-07-08 14:35:00+03:00,0.013322971231379127,-1.6872020305827118
2026-07-08 14:40:00+03:00,0.0027151835284091354,-2.455817969892599
2026-07-08 14:45:00+03:00,0.0008920314690774551,-2.990975538465743
2026-07-08 14:50:00+03:00,0.0017063066181060341,-2.679271265078982
2026-07-08 14:55:00+03:00,0.0015235575428797438,-2.7337336210977226
2026-07-08 15:00:00+03:00,0.0012761466937420115,-2.8189078001531387
2026-07-08 15:05:00+03:00,0.0013990283033490133,-2.774722121480745
2026-07-08 15:10:00+03:00,0.000424056339056867,-3.3481361036542534
2026-07-08 15:15:00+03:00,0.0002294280071753969,-3.64307505627639
2026-07-08 15:20:00+03:00,0.0003275452947318138,-3.472134489401281
2026-07-08 15:25:00+03:00,0.001687030904628883,-2.684733693634443
2026-07-08 15:30:00+03:00,0.0037598602275196224,-2.299068197454396
2026-07-08 15:35:00+03:00,0.004277409497150177,-2.2369167699131833
2026-07-08 15:40:00+03:00,0.006376206298814077,-2.044280485862693
2026-07-08 15:45:00+03:00,0.018482201845401943,-1.5275767420432118
2026-07-08 15:50:00+03:00,0.032241062690940486,-1.2537197825668407
2026-07-08 15:55:00+03:00,0.03355143283373616,-1.2339473395506455
2026-07-08 16:00:00+03:00,0.035527737378940764,-1.205493102062437
2026-07-08 16:05:00+03:00,0.04160165277111214,-1.1267061034354278
2026-07-08 16:10:00+03:00,0.05377551897102513,-0.9973675758571978
2026-07-08 16:15:00+03:00,0.05104754507046758,-1.023737978973849
2026-07-08 16:20:00+03:00,0.08537873649906219,-0.7591743182242897
2026-07-08 16:25:00+03:00,0.06768522616945265,-0.8798382623902231
2026-07-08 16:30:00+03:00,0.05846202220311306,-0.9548770487527964
2026-07-08 16:35:00+03:00,0.060872801770806034,-0.9342505924296274
2026-07-08 16:40:00+03:00,0.07310493882448238,-0.8400673647034046
2026-07-08 16:45:00+03:00,0.07270374470340286,-0.8429164658338234
2026-07-08 16:50:00+03:00,0.103120469686467,-0.6591499703584325
2026-07-08 16:55:00+03:00,0.08214246193582998,-0.779417389160723
2026-07-08 17:00:00+03:00,0.04638154726658822,-1.0721018949097356
2026-07-08 17:05:00+03:00,0.07358743584262292,-0.8366599008790115
2026-07-08 17:10:00+03:00,0.020032014261139052,-1.4881679439616402
2026-07-08 17:15:00+03:00,0.013138650411449041,-1.6939785940904324
2026-07-08 17:20:00+03:00,0.010972782671405007,-1.7814960685223713
2026-07-08 17:25:00+03:00,0.009074876347367474,-1.873569865761763
2026-07-08 17:30:00+03:00,0.01153666216655074,-1.7571691461988739
2026-07-08 17:35:00+03:00,0.013745174607259313,-1.672021880133512
2026-07-08 17:40:00+03:00,0.006622905048435557,-2.025940573675338
2026-07-08 17:45:00+03:00,0.008377898708388967,-1.9122644379005762
2026-07-08 17:50:00+03:00,0.007412541937641411,-1.9714933762241151
2026-07-08 17:55:00+03:00,0.14199283454726688,-0.4843442665266482
2026-07-09 09:55:00+03:00,0.2498724343137382,-0.14857208985811537
2026-07-09 10:00:00+03:00,0.707034423718822,0.8019559720386381
2026-07-09 10:05:00+03:00,0.4395382053391551,0.2624205252939969
2026-07-09 10:10:00+03:00,0.7455119233864148,0.8949742078546519
2026-07-09 10:15:00+03:00,0.8498209859640424,1.2109888706010588
2026-07-09 10:20:00+03:00,0.74469213590447,0.8929023990370054
2026-07-09 10:25:00+03:00,0.7136272385457626,0.8173358322644725
2026-07-09 10:30:00+03:00,0.7609506721149757,0.9348523022029175
2026-07-09 10:35:00+03:00,0.6496667857389745,0.6755034714256786
2026-07-09 10:40:00+03:00,0.6879578643797962,0.7585483319828017
2026-07-09 10:45:00+03:00,0.33762062672618354,0.05560376665189251
2026-07-09 10:50:00+03:00,0.28522400569125805,-0.06188704939535766
2026-07-09 10:55:00+03:00,0.28515880049905107,-0.062040576907478384
2026-07-09 11:00:00+03:00,0.195750995819071,-0.2991791925817635
2026-07-09 11:05:00+03:00,0.14458016838452148,-0.47422726151302697
2026-07-09 11:10:00+03:00,0.19564566778549763,-0.29950038709659477
2026-07-09 11:15:00+03:00,0.2817071629348372,-0.07019798705502114
2026-07-09 11:20:00+03:00,0.20825411150073667,-0.26193979865592487
2026-07-09 11:25:00+03:00,0.21951688258894445,-0.22978181255471852
2026-07-09 11:30:00+03:00,0.3118379234570827,-0.0008549008385724255
2026-07-09 11:35:00+03:00,0.3575249953469849,0.09774332318411195
2026-07-09 11:40:00+03:00,0.2891712302047218,-0.05263203127046667
2026-07-09 11:45:00+03:00,0.22033600756480098,-0.22749005966602126
2026-07-09 11:50:00+03:00,0.2921669428253362,-0.04565797320724935
2026-07-09 11:55:00+03:00,0.2395262060951613,-0.17544472053586285
2026-07-09 12:00:00+03:00,0.2720084091529704,-0.09345209216654099
2026-07-09 12:05:00+03:00,0.27371590928999984,-0.08932131276360375
2026-07-09 12:10:00+03:00,0.33141520056547474,0.0422237876283624
2026-07-09 12:15:00+03:00,0.2540040321285648,-0.13804946012901986
2026-07-09 12:20:00+03:00,0.2711291829894023,-0.09558544512153963
2026-07-09 12:25:00+03:00,0.23993144953530401,-0.17437749178188017
2026-07-09 12:30:00+03:00,0.2913671025865771,-0.04751586893030754
2026-07-09 12:35:00+03:00,0.17734622966692495,-0.35743339222025255
2026-07-09 12:40:00+03:00,0.17172641284796822,-0.3761574455880587
2026-07-09 12:45:00+03:00,0.11239839529272902,-0.6128070018915399
2026-07-09 12:50:00+03:00,0.05389249200333495,-0.996265295397528
2026-07-09 12:55:00+03:00,0.054026543448277835,-0.9950048496449779
2026-07-09 13:00:00+03:00,0.046626070957221016,-1.0694549516309175
2026-07-09 13:05:00+03:00,0.02834581775957047,-1.3174517598283269
2026-07-09 13:10:00+03:00,0.05103982676682259,-1.0238144617849219
2026-07-09 13:15:00+03:00,0.03579426186379115,-1.201773075450915
2026-07-09 13:20:00+03:00,0.0249912479583661,-1.3795623300870767
2026-07-09 13:25:00+03:00,0.03349286859715944,-1.2348149785049967
2026-07-09 13:30:00+03:00,0.031051778842387114,-1.272349518245568
2026-07-09 13:35:00+03:00,0.044673085818192376,-1.0909752239858581
2026-07-09 13:40:00+03:00,0.04083755345888607,-1.1359865529085464
2026-07-09 13:45:00+03:00,0.04882995398082914,-1.0461762946872288
2026-07-09 13:50:00+03:00,0.05228691201741019,-1.0115964336375316
2026-07-09 13:55:00+03:00,0.08243949824791028,-0.777529471841902
2026-07-09 14:00:00+03:00,0.09339656078341521,-0.7118655811555569
2026-07-09 14:05:00+03:00,0.06721823810146868,-0.8834017331894557
2026-07-09 14:10:00+03:00,0.06853079438866579,-0.8734435604163813
2026-07-09 14:15:00+03:00,0.0490214613920472,-1.0442008504162144
2026-07-09 14:20:00+03:00,0.06317486577330299,-0.9152553869121733
2026-07-09 14:25:00+03:00,0.08895648851442758,-0.7375894209621993
2026-07-09 14:30:00+03:00,0.07848272893057244,-0.8032035805377424
2026-07-09 14:35:00+03:00,0.09109920036013981,-0.7250346811029493
2026-07-09 14:40:00+03:00,0.08010403828851798,-0.7925437121240466
2026-07-09 14:45:00+03:00,0.0504565205107242,-1.029626514487027
2026-07-09 14:50:00+03:00,0.05587569102848633,-0.9779121860739042
2026-07-09 14:55:00+03:00,0.04359678228132958,-1.103221569288858
2026-07-09 15:00:00+03:00,0.06286300855967458,-0.9177904277820363
2026-07-09 15:05:00+03:00,0.10315187974239629,-0.6589869801878268
2026-07-09 15:10:00+03:00,0.08766233980844411,-0.7453049734403545
2026-07-09 15:15:00+03:00,0.07179500193031417,-0.8494239208124457
2026-07-09 15:20:00+03:00,0.1747916979600671,-0.3658856784093924
2026-07-09 15:25:00+03:00,0.14708508293058448,-0.4645748765356049
2026-07-09 15:30:00+03:00,0.16881413961924213,-0.38605198808992897
2026-07-09 15:35:00+03:00,0.09826405902477378,-0.6848964011315087
2026-07-09 15:40:00+03:00,0.09851721404636739,-0.6835266400973007
2026-07-09 15:45:00+03:00,0.09633234180035717,-0.6954533291070242
2026-07-09 15:50:00+03:00,0.1276462673136363,-0.543428964590488
2026-07-09 15:55:00+03:00,0.09302553558840684,-0.7139725617662461
2026-07-09 16:00:00+03:00,0.10256533464611518,-0.6620379025768566
2026-07-09 16:05:00+03:00,0.16560449633540641,-0.3971157254970151
2026-07-09 16:10:00+03:00,0.10677056376371684,-0.6404964769234551
2026-07-09 16:15:00+03:00,0.10013099708727788,-0.6748677786572717
2026-07-09 16:20:00+03:00,0.11697202241412608,-0.5911829571957022
2026-07-09 16:25:00+03:00,0.10831082737120941,-0.6327932860823601
2026-07-09 16:30:00+03:00,0.0975567378240066,-0.6887402837352907
2026-07-09 16:35:00+03:00,0.1080219726397164,-0.6342305407857147
2026-07-09 16:40:00+03:00,0.13908886996017267,-0.4958842998286075
2026-07-09 16:45:00+03:00,0.1919797206765942,-0.31076221361733375
2026-07-09 16:50:00+03:00,0.17711836336135772,-0.35818344234646876
2026-07-09 16:55:00+03:00,0.15743315315252251,-0.42608152107339514
2026-07-09 17:00:00+03:00,0.14515702184323565,-0.4719922018660906
2026-07-09 17:05:00+03:00,0.11954623450469193,-0.5793330741069044
2026-07-09 17:10:00+03:00,0.10656651182773358,-0.6415243088295165
2026-07-09 17:15:00+03:00,0.12622451190930398,-0.5495868270947631
2026-07-09 17:20:00+03:00,0.1182693643694293,-0.5851829808806038
2026-07-09 17:25:00+03:00,0.1092740859200297,-0.6280246081048754
2026-07-09 17:30:00+03:00,0.15297920467933973,-0.44238728002873595
2026-07-09 17:35:00+03:00,0.19506245650257967,-0.30128124447329785
2026-07-09 17:40:00+03:00,0.2073433461897998,-0.2645953753501117
2026-07-09 17:45:00+03:00,0.1527129244579995,-0.4433743606765722
2026-07-09 17:50:00+03:00,0.20944176324657882,-0.2584897110122064
2026-07-09 17:55:00+03:00,0.24250744740191102,-0.16762210143714085
2026-07-10 09:55:00+03:00,0.1261779317849484,-0.5497895747702048
2026-07-10 10:00:00+03:00,0.9445014179824914,1.7395044349092987
2026-07-10 10:05:00+03:00,0.8650048437701081,1.270650636054416
2026-07-10 10:10:00+03:00,0.8417656847771648,1.1813385995394623
2026-07-10 10:15:00+03:00,0.8041224752689173,1.0569436332205258
2026-07-10 10:20:00+03:00,0.6696619748104893,0.7182616367026288
2026-07-10 10:25:00+03:00,0.5523272548893111,0.47991005491667243
2026-07-10 10:30:00+03:00,0.6039965588768123,0.5816998083261344
2026-07-10 10:35:00+03:00,0.6220220448989457,0.6181760325782285
2026-07-10 10:40:00+03:00,0.3769083486845377,0.13778921978319575
2026-07-10 10:45:00+03:00,0.5141226973079474,0.4061971625729552
2026-07-10 10:50:00+03:00,0.5326339399390826,0.4418198301020758
2026-07-10 10:55:00+03:00,0.5514630471312892,0.47823274899096074
2026-07-10 11:00:00+03:00,0.5425358786434786,0.4609397467244288
2026-07-10 11:05:00+03:00,0.42553294798804464,0.23503053247234357
2026-07-10 11:10:00+03:00,0.06995843470377035,-0.8628109035838291
2026-07-10 11:15:00+03:00,0.05567126136427981,-0.9797754342012248
2026-07-10 11:20:00+03:00,0.04744616105851836,-1.0606729322830517
2026-07-10 11:25:00+03:00,0.045163091131701444,-1.0854927920890793
2026-07-10 11:30:00+03:00,0.03936828538283813,-1.1543087374055394
2026-07-10 11:35:00+03:00,0.031173846994370025,-1.2704058566766137
2026-07-10 11:40:00+03:00,0.037508496663537866,-1.178465181988145
2026-07-10 11:45:00+03:00,0.09468590593866195,-0.7046015308477974
2026-07-10 11:50:00+03:00,0.07896829687140705,-0.7999900904874707
2026-07-10 11:55:00+03:00,0.12842198612474948,-0.5400938521373617
2026-07-10 12:00:00+03:00,0.14520188554448943,-0.4718186835912014
2026-07-10 12:05:00+03:00,0.11970944624279595,-0.5785892279649139
2026-07-10 12:10:00+03:00,0.11176832566805528,-0.6158458322100129
2026-07-10 12:15:00+03:00,0.13553916518647088,-0.5102681714399657
2026-07-10 12:20:00+03:00,0.15532983950555834,-0.4337341096531325
2026-07-10 12:25:00+03:00,0.1507724951238459,-0.4506103459203442
2026-07-10 12:30:00+03:00,0.0813751038784396,-0.7843235300398702
2026-07-10 12:35:00+03:00,0.0614061902748776,-0.9297904005518696
2026-07-10 12:40:00+03:00,0.10316719574611351,-0.6589075197212308
2026-07-10 12:45:00+03:00,0.15298420124138834,-0.44236877161366894
2026-07-10 12:50:00+03:00,0.26020420035189373,-0.12246782592594982
2026-07-10 12:55:00+03:00,0.2937070321509039,-0.04208898949115089
2026-07-10 13:00:00+03:00,0.23913006596599048,-0.17648917144901777
2026-07-10 13:05:00+03:00,0.24687930292803834,-0.15626782280075996
2026-07-10 13:10:00+03:00,0.2108586639304483,-0.2543924217884862
2026-07-10 13:15:00+03:00,0.21412637480659796,-0.24501934033769274
2026-07-10 13:20:00+03:00,0.34935545038173743,0.08058329546749969
2026-07-10 13:25:00+03:00,0.3768446904251907,0.1376591094493334
2026-07-10 13:30:00+03:00,0.27814007194347223,-0.07869234949830664
2026-07-10 13:35:00+03:00,0.22000540056217807,-0.22841429648176126
2026-07-10 13:40:00+03:00,0.28222763791253525,-0.06896406673852296
2026-07-10 13:45:00+03:00,0.36829013445936537,0.12009321606846625
2026-07-10 13:50:00+03:00,0.3860750504211103,0.1564370652464649
2026-07-10 13:55:00+03:00,0.3435953572636592,0.06837281095758828
2026-07-10 14:00:00+03:00,0.4142379268629727,0.21277214745568523
2026-07-10 14:05:00+03:00,0.41021449831045564,0.20480168667544274
2026-07-10 14:10:00+03:00,0.4008305026914489,0.18611712880540393
2026-07-10 14:15:00+03:00,0.476925386269117,0.3347414304401498
2026-07-10 14:20:00+03:00,0.3742475914997346,0.13234345942988718
2026-07-10 14:25:00+03:00,0.3732665301320433,0.13033161523618197
2026-07-10 14:30:00+03:00,0.23129995516376997,-0.1973833506936769
2026-07-10 14:35:00+03:00,0.3183417502969595,0.013610910014035707
2026-07-10 14:40:00+03:00,0.21788471462527206,-0.23436670273585497
2026-07-10 14:45:00+03:00,0.295015926290791,-0.039064361021216465
2026-07-10 14:50:00+03:00,0.2628448985875021,-0.11590481201817332
2026-07-10 14:55:00+03:00,0.18301702323524718,-0.3390055018123226
2026-07-10 15:00:00+03:00,0.23374603315018386,-0.19080416100948905
2026-07-10 15:05:00+03:00,0.19939434605747242,-0.2881483524235891
2026-07-10 15:10:00+03:00,0.21918935396198427,-0.23069989379966105
2026-07-10 15:15:00+03:00,0.23264256169311504,-0.19376618595252532
2026-07-10 15:20:00+03:00,0.2385283917199948,-0.17807779959073183
2026-07-10 15:25:00+03:00,0.2470052835438356,-0.15594265298252213
2026-07-10 15:30:00+03:00,0.27863423856968395,-0.07751162036544951
2026-07-10 15:35:00+03:00,0.2494727867878234,-0.14959605630760553
2026-07-10 15:40:00+03:00,0.18068356173235575,-0.3465336648212516
2026-07-10 15:45:00+03:00,0.1753287875215458,-0.3641005582150856
2026-07-10 15:50:00+03:00,0.25919552488150843,-0.12498609747921338
2026-07-10 15:55:00+03:00,0.23067193279639778,-0.19908036584797328
2026-07-10 16:00:00+03:00,0.3015737403639613,-0.024025943441956216
2026-07-10 16:05:00+03:00,0.2852594526646972,-0.06180359732056595
2026-07-10 16:10:00+03:00,0.18533518652657363,-0.3316000889014943
2026-07-10 16:15:00+03:00,0.15655098378697024,-0.42928095980446657
2026-07-10 16:20:00+03:00,0.09379966851040891,-0.7095849027024903
2026-07-10 16:25:00+03:00,0.10369300234771393,-0.6561859089992288
2026-07-10 16:30:00+03:00,0.1035344825768355,-0.6570051302136387
2026-07-10 16:35:00+03:00,0.12901424831607525,-0.5375590355224498
2026-07-10 16:40:00+03:00,0.053517216049933196,-0.999809693415874
2026-07-10 16:45:00+03:00,0.03674117643244573,-1.188768740238623
2026-07-10 16:50:00+03:00,0.04664758336822397,-1.0692227143413373
2026-07-10 16:55:00+03:00,0.04994045257186163,-1.0348218937927784
2026-07-10 17:00:00+03:00,0.055605166377114434,-0.9803792260069049
2026-07-10 17:05:00+03:00,0.04186555139820271,-1.1235387493593134
2026-07-10 17:10:00+03:00,0.04874190170547033,-1.0470870423972556
2026-07-10 17:15:00+03:00,0.053174548524155554,-1.0030666529327343
2026-07-10 17:20:00+03:00,0.05980129944696194,-0.943322067125071
2026-07-10 17:25:00+03:00,0.05594471987472417,-0.9772844797502016
2026-07-10 17:30:00+03:00,0.04902901910270276,-1.0441230410694287
2026-07-10 17:35:00+03:00,0.0853946772722596,-0.7590763439988593
2026-07-10 17:40:00+03:00,0.11569118720779592,-0.5971634962241494
2026-07-10 17:45:00+03:00,0.14492438061452773,-0.47289269760138497
2026-07-10 17:50:00+03:00,0.19128661261970417,-0.312909808699643
2026-07-10 17:55:00+03:00,0.20793409393987616,-0.2628719163632543
2026-07-13 09:55:00+03:00,0.11542579424556071,-0.5984098714888226
2026-07-13 10:00:00+03:00,0.6547147877514098,0.686185155590063
2026-07-13 10:05:00+03:00,0.69131194584954,0.7660700129540722
2026-07-13 10:10:00+03:00,0.6337065344463196,0.6421809331680614
2026-07-13 10:15:00+03:00,0.3129671100670059,0.0016682749065659724
2026-07-13 10:20:00+03:00,0.6548844727333337,0.6865454802319981
2026-07-13 10:25:00+03:00,0.637122342037653,0.6492582637665657
2026-07-13 10:30:00+03:00,0.5773047794128151,0.5286963553864399
2026-07-13 10:35:00+03:00,0.7482898492342737,0.9020276427343891
2026-07-13 10:40:00+03:00,0.6652533370799318,0.7087277773739301
2026-07-13 10:45:00+03:00,0.6814464253924917,0.7440707477524926
2026-07-13 10:50:00+03:00,0.6800512247903212,0.7409893483231398
2026-07-13 10:55:00+03:00,0.6922447484146735,0.7681698717910623
2026-07-13 11:00:00+03:00,0.7379741403373503,0.8760859381805125
2026-07-13 11:05:00+03:00,0.7197443066241154,0.8317965288551495
2026-07-13 11:10:00+03:00,0.7319290191238895,0.8611900713780999
2026-07-13 11:15:00+03:00,0.3330807874767218,0.045827255389990953
2026-07-13 11:20:00+03:00,0.22628300648770108,-0.21103144424762005
2026-07-13 11:25:00+03:00,0.3695488753985922,0.12268829475051508
2026-07-13 11:30:00+03:00,0.29720065751080477,-0.034033140942150486
2026-07-13 11:35:00+03:00,0.2945859410712821,-0.04005711864432707
2026-07-13 11:40:00+03:00,0.30639133543495745,-0.013096485977853942
2026-07-13 11:45:00+03:00,0.17720903939434232,-0.3578848803260948
2026-07-13 11:50:00+03:00,0.12671304340421952,-0.5474642595694496
2026-07-13 11:55:00+03:00,0.017553657098527162,-1.55277201325723
2026-07-13 12:00:00+03:00,0.01764842347150182,-1.5501413861725108
2026-07-13 12:05:00+03:00,0.06771196898182141,-0.8796348856409678
2026-07-13 12:10:00+03:00,0.09040225318418871,-0.7290888231336765
2026-07-13 12:15:00+03:00,0.09303446429572275,-0.7139217688822127
2026-07-13 12:20:00+03:00,0.1163282800306299,-0.5941816036367048
2026-07-13 12:25:00+03:00,0.07491284844135726,-0.8274043758152225
2026-07-13 12:30:00+03:00,0.11553896099300216,-0.5978780977498213
2026-07-13 12:35:00+03:00,0.07642198525280954,-0.8170473517550603
2026-07-13 12:40:00+03:00,0.06901003276272616,-0.8698516536943656
2026-07-13 12:45:00+03:00,0.08340299847071975,-0.7714479248136772
2026-07-13 12:50:00+03:00,0.07410159284009177,-0.8330514112376661
2026-07-13 12:55:00+03:00,0.05402920864652615,-0.9949798194914143
2026-07-13 13:00:00+03:00,0.08938192978048216,-0.7350751158788998
2026-07-13 13:05:00+03:00,0.0974650692163783,-0.689240267322252
2026-07-13 13:10:00+03:00,0.1104571606016655,-0.6222179168637886
2026-07-13 13:15:00+03:00,0.06148378504916307,-0.9291445730099241
2026-07-13 13:20:00+03:00,0.08125846326382825,-0.7850729652992557
2026-07-13 13:25:00+03:00,0.06054126765003767,-0.9370413324768896
2026-07-13 13:30:00+03:00,0.05398341264685577,-0.9954100736207601
2026-07-13 13:35:00+03:00,0.07779509233760186,-0.807785621391004
2026-07-13 13:40:00+03:00,0.055852764527325904,-0.9781208271255419
2026-07-13 13:45:00+03:00,0.06369124112521646,-0.9110833942553642
2026-07-13 13:50:00+03:00,0.044199475757033216,-1.096328969489229
2026-07-13 13:55:00+03:00,0.051604659425269254,-1.0182460692858837
2026-07-13 14:00:00+03:00,0.20767401982579817,-0.26363021585688234
2026-07-13 14:05:00+03:00,0.07714337637399354,-0.8121626645563053
2026-07-13 14:10:00+03:00,0.09607613856748244,-0.696867658453427
2026-07-13 14:15:00+03:00,0.23566035947472988,-0.1856885302260367
2026-07-13 14:20:00+03:00,0.09173298661771276,-0.7213721027002478
2026-07-13 14:25:00+03:00,0.3745074371811036,0.13287596436735288
2026-07-13 14:30:00+03:00,0.4049644013878964,0.19436514655422674
2026-07-13 14:35:00+03:00,0.4312469343915421,0.24623098406469837
2026-07-13 14:40:00+03:00,0.38429900891386093,0.1528373408341033
2026-07-13 14:45:00+03:00,0.2222233546651445,-0.22223278024303184
2026-07-13 14:50:00+03:00,0.3308921108130051,0.04109021174751758
2026-07-13 14:55:00+03:00,0.2880808213250224,-0.05518112930499536
2026-07-13 15:00:00+03:00,0.3101237858244051,-0.004694729120257521
2026-07-13 15:05:00+03:00,0.2607353723503196,-0.12114423969288896
2026-07-13 15:10:00+03:00,0.3030468038281759,-0.02067368802193678
2026-07-13 15:15:00+03:00,0.1930212781442935,-0.3075460346340976
2026-07-13 15:20:00+03:00,0.24307294335081314,-0.1661456726421549
2026-07-13 15:25:00+03:00,0.195581380966746,-0.2996964920342672
2026-07-13 15:30:00+03:00,0.15294669121925775,-0.44250772946350536
2026-07-13 15:35:00+03:00,0.1352226599928821,-0.5115660348380188
2026-07-13 15:40:00+03:00,0.20801297554078083,-0.2626420591263282
2026-07-13 15:45:00+03:00,0.3257602877245547,0.029920432516489084
2026-07-13 15:50:00+03:00,0.11002559397665154,-0.6243297603979263
2026-07-13 15:55:00+03:00,0.07852618213290384,-0.8029152673680073
2026-07-13 16:00:00+03:00,0.05722357156929355,-0.9657852189714886
2026-07-13 16:05:00+03:00,0.014995548457074173,-1.629622554781007
2026-07-13 16:10:00+03:00,0.007126234023572024,-1.9905387745493157
2026-07-13 16:15:00+03:00,0.00572133430150637,-2.096613610175748
2026-07-13 16:20:00+03:00,0.009561983832478374,-1.8482374738906104
2026-07-13 16:25:00+03:00,0.03334854885083656,-1.2369593671355248
2026-07-13 16:30:00+03:00,0.07033577860395247,-0.8600341040526494
2026-07-13 16:35:00+03:00,0.17114256320393115,-0.3781303523071661
2026-07-13 16:40:00+03:00,0.18285591907723375,-0.33952284755359446
2026-07-13 16:45:00+03:00,0.28186925278558944,-0.06981356286015417
2026-07-13 16:50:00+03:00,0.2759941564839643,-0.08383469831439797
2026-07-13 16:55:00+03:00,0.5304727775722516,0.4376539063357739
2026-07-13 17:00:00+03:00,0.5196941817453327,0.416906499847613
2026-07-13 17:05:00+03:00,0.4781611774496001,0.3371188864251858
2026-07-13 17:10:00+03:00,0.5059885052422552,0.3905732452889623
2026-07-13 17:15:00+03:00,0.3036699774599817,-0.01925830497286811
2026-07-13 17:20:00+03:00,0.36946502255493224,0.12251553398870277
2026-07-13 17:25:00+03:00,0.30158968286056675,-0.023989613395189485
2026-07-13 17:30:00+03:00,0.3327589306490991,0.04513163025467561
2026-07-13 17:35:00+03:00,0.3188314305289916,0.014693601438760306
2026-07-13 17:40:00+03:00,0.28305204893465286,-0.06701240918434509
2026-07-13 17:45:00+03:00,0.3278645012781163,0.03451121311234226
2026-07-13 17:50:00+03:00,0.3219393027382687,0.02154470520084706
2026-07-13 17:55:00+03:00,0.3764912133683845,0.13693648382786938
2026-07-14 09:55:00+03:00,0.30536292867948633,-0.015421427829785603
2026-07-14 10:00:00+03:00,0.5200577164891278,0.41760557357924677
2026-07-14 10:05:00+03:00,0.5769710757091642,0.5280400394893822
2026-07-14 10:10:00+03:00,0.5641863540977371,0.502993456877175
2026-07-14 10:15:00+03:00,0.5626239954037452,0.4999447761592524
2026-07-14 10:20:00+03:00,0.4319090749971433,0.24752652261988917
2026-07-14 10:25:00+03:00,0.6276935802048702,0.6297894502422284
2026-07-14 10:30:00+03:00,0.6653136243500033,0.7088577260805582
2026-07-14 10:35:00+03:00,0.7620825863276612,0.937843925375119
2026-07-14 10:40:00+03:00,0.6554397817922357,0.6877252610085245
2026-07-14 10:45:00+03:00,0.6800426355070481,0.7409704003836812
2026-07-14 10:50:00+03:00,0.33059328127988513,0.04044221864209653
2026-07-14 10:55:00+03:00,0.4396386014318515,0.26261613648634063
2026-07-14 11:00:00+03:00,0.2607244738638606,-0.1211713792285562
2026-07-14 11:05:00+03:00,0.2587251897514205,-0.12616251913768117
2026-07-14 11:10:00+03:00,0.22757286061654183,-0.20750234547276397
2026-07-14 11:15:00+03:00,0.1414889883845961,-0.48633225996074736
2026-07-14 11:20:00+03:00,0.18864217225761218,-0.32115865947324984
2026-07-14 11:25:00+03:00,0.33848773071551186,0.057463680541688156
2026-07-14 11:30:00+03:00,0.18602338542082758,-0.3294154197866949
2026-07-14 11:35:00+03:00,0.19647739291584632,-0.2969676192489575
2026-07-14 11:40:00+03:00,0.06945398126943847,-0.8665447933716305
2026-07-14 11:45:00+03:00,0.053479932619088365,-1.0001631065075984
2026-07-14 11:50:00+03:00,0.05152628218005267,-1.019015295292157
2026-07-14 11:55:00+03:00,0.04621892156968795,-1.073869661652394
2026-07-14 12:00:00+03:00,0.17380852497956514,-0.3691646770159088
2026-07-14 12:05:00+03:00,0.19986740977113873,-0.286727228376415
2026-07-14 12:10:00+03:00,0.2229211690629096,-0.22029707437735296
2026-07-14 12:15:00+03:00,0.316412946346355,0.009337616765844783
2026-07-14 12:20:00+03:00,0.1302107109373537,-0.5324683932192388
2026-07-14 12:25:00+03:00,0.21142837331621434,-0.25275066786876405
2026-07-14 12:30:00+03:00,0.2144519668520925,-0.24409114129063664
2026-07-14 12:35:00+03:00,0.2270057337260522,-0.20905228492688704
2026-07-14 12:40:00+03:00,0.3949175363922337,0.17427011523519448
2026-07-14 12:45:00+03:00,0.4400229651628561,0.26336493985716314
2026-07-14 12:50:00+03:00,0.40717776633774533,0.1987701633108901
2026-07-14 12:55:00+03:00,0.3894491258672352,0.16325890568553766
2026-07-14 13:00:00+03:00,0.4491372671266958,0.281082134836995
2026-07-14 13:05:00+03:00,0.5528789165551469,0.4809810729697362
2026-07-14 13:10:00+03:00,0.3141090550718321,0.004214923556170189
2026-07-14 13:15:00+03:00,0.2824255994981863,-0.06849511030257116
2026-07-14 13:20:00+03:00,0.2553689699463505,-0.13459803078883303
2026-07-14 13:25:00+03:00,0.34730411750110385,0.0762457021641466
2026-07-14 13:30:00+03:00,0.330232939735269,0.039660446152747705
2026-07-14 13:35:00+03:00,0.3268956005356839,0.032399242848249424
2026-07-14 13:40:00+03:00,0.24800752679214472,-0.15335971142331956
2026-07-14 13:45:00+03:00,0.22348235072382194,-0.2187435143699708
2026-07-14 13:50:00+03:00,0.2959434078379736,-0.036925834486660813
2026-07-14 13:55:00+03:00,0.2577870403648683,-0.12851322347280458
2026-07-14 14:00:00+03:00,0.356642555015928,0.09589834497870359
2026-07-14 14:05:00+03:00,0.3097037733878013,-0.005637374159599126
2026-07-14 14:10:00+03:00,0.4265272904584277,0.2369823399174547
2026-07-14 14:15:00+03:00,0.5907735116968316,0.5553092859529527
2026-07-14 14:20:00+03:00,0.33600622540060304,0.052134663312064816
2026-07-14 14:25:00+03:00,0.5192635513019038,0.41607845357345213
2026-07-14 14:30:00+03:00,0.4223359106280844,0.22874692583867517
2026-07-14 14:35:00+03:00,0.42739162101701733,0.23867799778612314
2026-07-14 14:40:00+03:00,0.4549695902043915,0.29238397016313
2026-07-14 14:45:00+03:00,0.5483047425664801,0.4721079731148187
2026-07-14 14:50:00+03:00,0.5953626287988686,0.5644364670762709
2026-07-14 14:55:00+03:00,0.3677038963842182,0.11888333997891934
2026-07-14 15:00:00+03:00,0.3291654764218719,0.037342006294133465
2026-07-14 15:05:00+03:00,0.29533809663578514,-0.03832107967924642
2026-07-14 15:10:00+03:00,0.3408288644136243,0.06247378500162507
2026-07-14 15:15:00+03:00,0.35602887922983256,0.09461409215194985
2026-07-14 15:20:00+03:00,0.24152003821348314,-0.17020570874516433
2026-07-14 15:25:00+03:00,0.22964412825178,-0.20186465038877388
2026-07-14 15:30:00+03:00,0.24115443452726665,-0.17116415497947302
2026-07-14 15:35:00+03:00,0.04996067572346717,-1.0346173470963773
2026-07-14 15:40:00+03:00,0.04061857244673685,-1.138676862103349
2026-07-14 15:45:00+03:00,0.01470689607515029,-1.6390926604011933
2026-07-14 15:50:00+03:00,0.011314375518629351,-1.7666156656137835
2026-07-14 15:55:00+03:00,0.013740968534756303,-1.6721708275967493
2026-07-14 16:00:00+03:00,0.014331351889129327,-1.651691383171561
2026-07-14 16:05:00+03:00,0.012234835776074855,-1.7286272134656138
2026-07-14 16:10:00+03:00,0.01360427945098801,-1.6770359600749702
2026-07-14 16:15:00+03:00,0.011358140425269695,-1.764741368482485
2026-07-14 16:20:00+03:00,0.009311573449820622,-1.8610963152485964
2026-07-14 16:25:00+03:00,0.007371043381412292,-1.9742081691568276
2026-07-14 16:30:00+03:00,0.026406250749302883,-1.3524298673081034
2026-07-14 16:35:00+03:00,0.04447524279061266,-1.0932050525197483
2026-07-14 16:40:00+03:00,0.14174242487707717,-0.4853315544494319
2026-07-14 16:45:00+03:00,0.17380482913534395,-0.3691770306788719
2026-07-14 16:50:00+03:00,0.19812083266688132,-0.291986726550293
2026-07-14 16:55:00+03:00,0.20382098567763862,-0.27494770746833763
2026-07-14 17:00:00+03:00,0.24891907054950063,-0.1510165851816525
2026-07-14 17:05:00+03:00,0.24638844587241565,-0.15753584414544525
2026-07-14 17:10:00+03:00,0.19122311187616167,-0.31310686252701314
2026-07-14 17:15:00+03:00,0.1449320532364411,-0.47286297967503244
2026-07-14 17:20:00+03:00,0.10285944647546154,-0.6605061504939049
2026-07-14 17:25:00+03:00,0.24328977552440464,-0.16558017360213023
2026-07-14 17:30:00+03:00,0.3208772158632314,0.019207348659702486
2026-07-14 17:35:00+03:00,0.23864428737605578,-0.17777158128094694
2026-07-14 17:40:00+03:00,0.2717725682732525,-0.09402391121143605
2026-07-14 17:45:00+03:00,0.20423891201940172,-0.27371250130900415
2026-07-14 17:50:00+03:00,0.21675713255881035,-0.237548656768435
2026-07-14 17:55:00+03:00,0.20492384683082604,-0.27169219165085146
2026-07-16 09:55:00+03:00,0.022125068966411556,-1.4394406710661516
2026-07-16 10:00:00+03:00,0.10807422942788213,-0.6339702766201778
2026-07-16 10:05:00+03:00,0.10315110015759882,-0.6589910250059057
2026-07-16 10:10:00+03:00,0.09433140608375556,-0.7065898718188187
2026-07-16 10:15:00+03:00,0.11245285032428995,-0.6125450640819223
2026-07-16 10:20:00+03:00,0.06261392686712366,-0.9198236173421113
2026-07-16 10:25:00+03:00,0.053438672411038154,-1.000554486916355
2026-07-16 10:30:00+03:00,0.07508236926050721,-0.8262314699192544
2026-07-16 10:35:00+03:00,0.04608603141655617,-1.0753185981438065
2026-07-16 10:40:00+03:00,0.04521856200410774,-1.0848757306483057
2026-07-16 10:45:00+03:00,0.044628110318781486,-1.0914813011506317
2026-07-16 10:50:00+03:00,0.07896423012229803,-0.8000169291260365
2026-07-16 10:55:00+03:00,0.06129321202225654,-0.9307320926426079
2026-07-16 11:00:00+03:00,0.037057239145415526,-1.1844998275998178
2026-07-16 11:05:00+03:00,0.06474680649361131,-0.9026522483864681
2026-07-16 11:10:00+03:00,0.06353737582902601,-0.9123232224963704
2026-07-16 11:15:00+03:00,0.051297527962471855,-1.0212667263426167
2026-07-16 11:20:00+03:00,0.07119761412628708,-0.8537433034333897
2026-07-16 11:25:00+03:00,0.07025322792857815,-0.8606403992673796
2026-07-16 11:30:00+03:00,0.04577683126262199,-1.0787053386883367
2026-07-16 11:35:00+03:00,0.05249682692952146,-1.0095669694282423
2026-07-16 11:40:00+03:00,0.040592896468516534,-1.1389932156825453
2026-07-16 11:45:00+03:00,0.03830404272882582,-1.167994319260141
2026-07-16 11:50:00+03:00,0.06400655256180315,-0.9085513492153232
2026-07-16 11:55:00+03:00,0.08054622805132572,-0.7896705895833708
2026-07-16 12:00:00+03:00,0.10864475183435157,-0.6311359683514511
2026-07-16 12:05:00+03:00,0.09467496139275322,-0.7046628174904606
2026-07-16 12:10:00+03:00,0.08557948261840921,-0.7579417131543694
2026-07-16 12:15:00+03:00,0.0935229562143199,-0.7111495203190149
2026-07-16 12:20:00+03:00,0.06526243345880263,-0.898580187241097
2026-07-16 12:25:00+03:00,0.07480426121057947,-0.8281569676129666
2026-07-16 12:30:00+03:00,0.1005834127756338,-0.6724625859182254
2026-07-16 12:35:00+03:00,0.11525526693320365,-0.5992120410351316
2026-07-16 12:40:00+03:00,0.11175088096798742,-0.6159301809042153
2026-07-16 12:45:00+03:00,0.09557855306836799,-0.6996241584714913
2026-07-16 12:50:00+03:00,0.12124762688740637,-0.5716215728353737
2026-07-16 12:55:00+03:00,0.1473592730776469,-0.46352660680646474
2026-07-16 13:00:00+03:00,0.15667877387044243,-0.4288165852132092
2026-07-16 13:05:00+03:00,0.24014460443531227,-0.1738166328230245
2026-07-16 13:10:00+03:00,0.23614522287163625,-0.18439740592373627
2026-07-16 13:15:00+03:00,0.30741982560779774,-0.010775708541089113
2026-07-16 13:20:00+03:00,0.21147114501182243,-0.25262754176593305
2026-07-16 13:25:00+03:00,0.18347834660985907,-0.3375260289366705
2026-07-16 13:30:00+03:00,0.24987899563829868,-0.14855528772296261
2026-07-16 13:35:00+03:00,0.18508049347602945,-0.3324101936384288
2026-07-16 13:40:00+03:00,0.2967484797720595,-0.03507270001660795
2026-07-16 13:45:00+03:00,0.3453567023713845,0.07211674174939266
2026-07-16 13:50:00+03:00,0.4266896316252219,0.23730089031458665
2026-07-16 13:55:00+03:00,0.3324076633123018,0.04437205550150971
2026-07-16 14:00:00+03:00,0.35560320600737766,0.09372269515151795
2026-07-16 14:05:00+03:00,0.2381802823156833,-0.1789981856098507
2026-07-16 14:10:00+03:00,0.20850713029516363,-0.26120357577881376
2026-07-16 14:15:00+03:00,0.1671310074408238,-0.3918326221999047
2026-07-16 14:20:00+03:00,0.15220778920361394,-0.4452507428306065
2026-07-16 14:25:00+03:00,0.13892421044271014,-0.4965446617523529
2026-07-16 14:30:00+03:00,0.17625007799576847,-0.36104847273123825
2026-07-16 14:35:00+03:00,0.224574991643251,-0.2157266270094278
2026-07-16 14:40:00+03:00,0.2640246243456505,-0.11298652805325052
2026-07-16 14:45:00+03:00,0.243745981973347,-0.16439150106901423
2026-07-16 14:50:00+03:00,0.3439054729647878,0.0690326556574013
2026-07-16 14:55:00+03:00,0.38170688904243927,0.14757230451846404
2026-07-16 15:00:00+03:00,0.2679807792310363,-0.10326064235971755
2026-07-16 15:05:00+03:00,0.31028098609285215,-0.004342101199016998
2026-07-16 15:10:00+03:00,0.23904706819885355,-0.17670815108117904
2026-07-16 15:15:00+03:00,0.206810788030818,-0.26615218129085777
2026-07-16 15:20:00+03:00,0.2556112772609139,-0.13398659310941435
2026-07-16 15:25:00+03:00,0.22949882467949015,-0.20225897714914215
2026-07-16 15:30:00+03:00,0.2866924528223438,-0.05843511088257966
2026-07-16 15:35:00+03:00,0.3403190858241993,0.06138426717860589
2026-07-16 15:40:00+03:00,0.34236860712723666,0.06575981880631318
2026-07-16 15:45:00+03:00,0.37248034673848684,0.12871786033789195
2026-07-16 15:50:00+03:00,0.4674765501568217,0.3165433236864311
2026-07-16 15:55:00+03:00,0.3522272969015693,0.08663614796739422
2026-07-16 16:00:00+03:00,0.44752451838031904,0.2779523101757184
2026-07-16 16:05:00+03:00,0.41129007228285497,0.20693469629059982
2026-07-16 16:10:00+03:00,0.44793682792724127,0.27875267109451285
2026-07-16 16:15:00+03:00,0.4446384736491787,0.2723460340797347
2026-07-16 16:20:00+03:00,0.4279280164781205,0.23972986927721057
2026-07-16 16:25:00+03:00,0.4082795598416316,0.20096013592965972
2026-07-16 16:30:00+03:00,0.4993306675771993,0.3777899704180588
2026-07-16 16:35:00+03:00,0.5132587285943203,0.404537139687941
2026-07-16 16:40:00+03:00,0.5796249291101028,0.5332634114935082
2026-07-16 16:45:00+03:00,0.4336411826145966,0.25091331064426486
2026-07-16 16:50:00+03:00,0.528340400147532,0.43354562865833673
2026-07-16 16:55:00+03:00,0.489782674056156,0.3594555571483765
2026-07-16 17:00:00+03:00,0.5028100034484674,0.3844701835214856
2026-07-16 17:05:00+03:00,0.3729724898673266,0.12972821658042388
2026-07-16 17:10:00+03:00,0.5328481291952077,0.4422328339756098
2026-07-16 17:15:00+03:00,0.41113371256679127,0.20662471862023407
2026-07-16 17:20:00+03:00,0.23861873683052448,-0.17783908189362985
2026-07-16 17:25:00+03:00,0.23457085757545543,-0.18859644431537087
2026-07-16 17:30:00+03:00,0.23447154854138616,-0.18886196827276325
2026-07-16 17:35:00+03:00,0.2536958807265046,-0.13883035245681236
2026-07-16 17:40:00+03:00,0.23357469440388157,-0.19126344307981263
2026-07-16 17:45:00+03:00,0.29199846656446177,-0.04604906669865527
2026-07-16 17:50:00+03:00,0.3161331217545995,0.008716502856541838
2026-07-16 17:55:00+03:00,0.28120618385678064,-0.07138699674595203
2026-07-17 09:55:00+03:00,0.06755448950253307,-0.8808335772647818
2026-07-17 10:00:00+03:00,0.3174669478580344,0.01167449398180831
2026-07-17 10:05:00+03:00,0.5575699600431602,0.4900989468690488
2026-07-17 10:10:00+03:00,0.6790658577326661,0.7388173826915195
2026-07-17 10:15:00+03:00,0.6761516370318572,0.7324142480582551
2026-07-17 10:20:00+03:00,0.6292670024055191,0.6330239153739191
2026-07-17 10:25:00+03:00,0.42013450568399846,0.22441277330939732
2026-07-17 10:30:00+03:00,0.31393855638453866,0.0038350144889076204
2026-07-17 10:35:00+03:00,0.33210940483654555,0.04372678984119391
2026-07-17 10:40:00+03:00,0.3337830100802617,0.047343794033852526
2026-07-17 10:45:00+03:00,0.34919128804891697,0.08023660676039855
2026-07-17 10:50:00+03:00,0.28977015154950375,-0.05123433263182184
2026-07-17 10:55:00+03:00,0.3293978541947912,0.03784703620369011
2026-07-17 11:00:00+03:00,0.32806146546190174,0.03494015600409171
2026-07-17 11:05:00+03:00,0.3732339449793601,0.1302647568763829
2026-07-17 11:10:00+03:00,0.24770026223217362,-0.15415083583311545
2026-07-17 11:15:00+03:00,0.3807839457474153,0.14569436176658238
2026-07-17 11:20:00+03:00,0.24203135425897518,-0.16886692807579823
2026-07-17 11:25:00+03:00,0.24030032319114505,-0.17340711661084512
2026-07-17 11:30:00+03:00,0.38196877307601745,0.14810485144825986
2026-07-17 11:35:00+03:00,0.3169244603324472,0.01047223917449168
2026-07-17 11:40:00+03:00,0.2342981825475189,-0.18932568640968128
2026-07-17 11:45:00+03:00,0.43801961191900823,0.25946052077433
2026-07-17 11:50:00+03:00,0.2328307457630735,-0.1932603567869049
2026-07-17 11:55:00+03:00,0.24795016119302887,-0.15350736265495807
2026-07-17 12:00:00+03:00,0.297879621775806,-0.03247391083291826
2026-07-17 12:05:00+03:00,0.24257828307716897,-0.16743703157364798
2026-07-17 12:10:00+03:00,0.18321422526485287,-0.33837271757539394
2026-07-17 12:15:00+03:00,0.23115844064707208,-0.1977654635750748
2026-07-17 12:20:00+03:00,0.18638902461684637,-0.3282572437751198
2026-07-17 12:25:00+03:00,0.245174928007778,-0.16067802007209753
2026-07-17 12:30:00+03:00,0.18873970702892848,-0.32085284901525846
2026-07-17 12:35:00+03:00,0.24502426405759037,-0.1610688675696157
2026-07-17 12:40:00+03:00,0.5651649535143091,0.5049042924235896
2026-07-17 12:45:00+03:00,0.4687422303280713,0.3189832952507221
2026-07-17 12:50:00+03:00,0.38174916519670865,0.14765828346017273
2026-07-17 12:55:00+03:00,0.3080303716045863,-0.0094000608684989
2026-07-17 13:00:00+03:00,0.2656870626398227,-0.10888831255613085
2026-07-17 13:05:00+03:00,0.30660218363726155,-0.012620355741562034
2026-07-17 13:10:00+03:00,0.37532518432878825,0.13455081813933614
2026-07-17 13:15:00+03:00,0.2591465863261584,-0.12510843986200282
2026-07-17 13:20:00+03:00,0.20120619370150583,-0.28271902759700385
2026-07-17 13:25:00+03:00,0.2542663664150471,-0.13738516605221746
2026-07-17 13:30:00+03:00,0.20541706272158125,-0.2702404857749245
2026-07-17 13:35:00+03:00,0.17374321287259833,-0.369383018663513
2026-07-17 13:40:00+03:00,0.21499460907620468,-0.24254644846066853
2026-07-17 13:45:00+03:00,0.3276976925376042,0.034147838640494865
2026-07-17 13:50:00+03:00,0.4836245334404201,0.3476237096851852
2026-07-17 13:55:00+03:00,0.368685525231424,0.12090876855429418
2026-07-17 14:00:00+03:00,0.7949440582090235,1.0294532500267333
2026-07-17 14:05:00+03:00,0.6737472237395566,0.7271538492842794
2026-07-17 14:10:00+03:00,0.8555231332879193,1.2327784067591474
2026-07-17 14:15:00+03:00,0.9351861170765124,1.6602709354662628
2026-07-17 14:20:00+03:00,0.814010623594943,1.0876733475813274
2026-07-17 14:25:00+03:00,0.7388093643355137,0.8781613066211692
2026-07-17 14:30:00+03:00,0.4252797985824268,0.23453343408510843
2026-07-17 14:35:00+03:00,0.5612601754087961,0.497285493619705
2026-07-17 14:40:00+03:00,0.7375431653030211,0.8750167185157857
2026-07-17 14:45:00+03:00,0.5272522784461056,0.43145001050872617
2026-07-17 14:50:00+03:00,0.5889685692345622,0.5517281844445057
2026-07-17 14:55:00+03:00,0.7583276362867056,0.927956786309259
2026-07-17 15:00:00+03:00,0.5821534278685242,0.5382484884281141
2026-07-17 15:05:00+03:00,0.7507749057867735,0.9083813511993923
2026-07-17 15:10:00+03:00,0.615063748369825,0.6040204800218372
2026-07-17 15:15:00+03:00,0.5520642860844822,0.47939960492101025
2026-07-17 15:20:00+03:00,0.5590741432975388,0.4930267429847759
2026-07-17 15:25:00+03:00,0.7574934002520832,0.925774430017763
2026-07-17 15:30:00+03:00,0.7358150058379812,0.8707405821285988
2026-07-17 15:35:00+03:00,0.5618003780588394,0.4983386047342385
2026-07-17 15:40:00+03:00,0.6541547413374067,0.6849964948636523
2026-07-17 15:45:00+03:00,0.5982140305257775,0.5701241664637957
2026-07-17 15:50:00+03:00,0.5937322426183022,0.5611901225359157
2026-07-17 15:55:00+03:00,0.5037725353035247,0.38631827848549544
2026-07-17 16:00:00+03:00,0.5075706174789563,0.3936113848806326
2026-07-17 16:05:00+03:00,0.45966496189439665,0.30146510053668035
2026-07-17 16:10:00+03:00,0.5907630432343789,0.5552885020708824
2026-07-17 16:15:00+03:00,0.43468225345649086,0.25294738501975916
2026-07-17 16:20:00+03:00,0.32955032093660974,0.0381782958425725
2026-07-17 16:25:00+03:00,0.3664964945446523,0.11638895903264959
2026-07-17 16:30:00+03:00,0.3663019294097062,0.1159866822055474
2026-07-17 16:35:00+03:00,0.3705137746436053,0.12467509833914467
2026-07-17 16:40:00+03:00,0.3869971387642327,0.15830354742961678
2026-07-17 16:45:00+03:00,0.4697255033166153,0.32087830708444487
2026-07-17 16:50:00+03:00,0.5143542985446342,0.4066421865708575
2026-07-17 16:55:00+03:00,0.6325395687329689,0.6397694732356086
2026-07-17 17:00:00+03:00,0.7695867951547959,0.9579305438001338
2026-07-17 17:05:00+03:00,0.7032884659594313,0.7933077926076445
2026-07-17 17:10:00+03:00,0.6456282138640421,0.6670088198682017
2026-07-17 17:15:00+03:00,0.5962927421829083,0.5662903360302605
2026-07-17 17:20:00+03:00,0.6039125461869915,0.5815312206459837
2026-07-17 17:25:00+03:00,0.6791056165080456,0.7389049515320373
2026-07-17 17:30:00+03:00,0.4368718843465857,0.25722189943996676
2026-07-17 17:35:00+03:00,0.43750897442969283,0.25846469306444975
2026-07-17 17:40:00+03:00,0.48532452683027366,0.35089076738406294
2026-07-17 17:45:00+03:00,0.4439668136558194,0.27104027651477053
2026-07-17 17:50:00+03:00,0.4395318358773748,0.2624081147448255
2026-07-17 17:55:00+03:00,0.2816917295979329,-0.07023459689838368
2026-07-20 09:55:00+03:00,0.038937589216580915,-1.1598039794593982
2026-07-20 10:00:00+03:00,0.27959590742869,-0.07521754926601659
2026-07-20 10:05:00+03:00,0.6625595501096766,0.7029331148231815
2026-07-20 10:10:00+03:00,0.6259525629234309,0.6262169345151983
2026-07-20 10:15:00+03:00,0.5848673186619101,0.5436085656754945
2026-07-20 10:20:00+03:00,0.5250195585267868,0.42715154481752526
2026-07-20 10:25:00+03:00,0.40780917873030814,0.20002541149705802
2026-07-20 10:30:00+03:00,0.5217671100507196,0.42089328048518765
2026-07-20 10:35:00+03:00,0.9793701871110715,2.2319108604899744
2026-07-20 10:40:00+03:00,0.963940509926883,1.95624763851649
2026-07-20 10:45:00+03:00,0.9332568898516211,1.645201086321794
2026-07-20 10:50:00+03:00,0.9334577128092594,1.6467507711800973
2026-07-20 10:55:00+03:00,0.9120826744666429,1.501926791977209
2026-07-20 11:00:00+03:00,0.8849793678943808,1.3584675784725253
2026-07-20 11:05:00+03:00,0.9173336420570241,1.534241865537377
2026-07-20 11:10:00+03:00,0.5689742934760776,0.5123520891369377
2026-07-20 11:15:00+03:00,0.6482015231780403,0.6724163270319304
2026-07-20 11:20:00+03:00,0.47091502513384026,0.32317020779566774
2026-07-20 11:25:00+03:00,0.5052076330093458,0.38907382034350346
2026-07-20 11:30:00+03:00,0.6612873020134153,0.7002042652720376
2026-07-20 11:35:00+03:00,0.6692669319338825,0.7174047393352707
2026-07-20 11:40:00+03:00,0.6504830395260418,0.6772258043337981
2026-07-20 11:45:00+03:00,0.6131763320331515,0.6001975785279274
2026-07-20 11:50:00+03:00,0.5676702159824744,0.5098006831180911
2026-07-20 11:55:00+03:00,0.5467971154419538,0.4691869816089736
2026-07-20 12:00:00+03:00,0.5616402539161708,0.4980264171849153
2026-07-20 12:05:00+03:00,0.5370453213721624,0.45033084672288515
2026-07-20 12:10:00+03:00,0.6154140300734279,0.6047307324961629
2026-07-20 12:15:00+03:00,0.5288192158541495,0.4344679449945782
2026-07-20 12:20:00+03:00,0.4567993545829805,0.29592459556551914
2026-07-20 12:25:00+03:00,0.35124322333609076,0.08456462525171543
2026-07-20 12:30:00+03:00,0.3925254264675599,0.16946004850042967
2026-07-20 12:35:00+03:00,0.41766282214313033,0.2195390232746613
2026-07-20 12:40:00+03:00,0.3423331496960297,0.06568422750762588
2026-07-20 12:45:00+03:00,0.4422077582936154,0.2676186406225973
2026-07-20 12:50:00+03:00,0.36883751386765085,0.1212221709338499
2026-07-20 12:55:00+03:00,0.3032337122545012,-0.02024899988671941
2026-07-20 13:00:00+03:00,0.3113520601526464,-0.0019421019913187926
2026-07-20 13:05:00+03:00,0.29535185773364786,-0.03828934185356361
2026-07-20 13:10:00+03:00,0.32260809376400607,0.023014448804948948
2026-07-20 13:15:00+03:00,0.4540301828364657,0.290565292640858
2026-07-20 13:20:00+03:00,0.2753876550644377,-0.08529255826531676
2026-07-20 13:25:00+03:00,0.3079203835890882,-0.009647767740213212
2026-07-20 13:30:00+03:00,0.30546415111088626,-0.015192397817427344
2026-07-20 13:35:00+03:00,0.2730118280067724,-0.0910226684254381
2026-07-20 13:40:00+03:00,0.29170116854701356,-0.04673952502690687
2026-07-20 13:45:00+03:00,0.36080923817106303,0.10459231128405128
2026-07-20 13:50:00+03:00,0.41852835161745805,0.2212466186876162
2026-07-20 13:55:00+03:00,0.40467078524417266,0.19378022084550867
2026-07-20 14:00:00+03:00,0.4616259828015116,0.305253640656717
2026-07-20 14:05:00+03:00,0.5183052561661,0.41423597247947036
2026-07-20 14:10:00+03:00,0.40581112338672526,0.1960511820674376
2026-07-20 14:15:00+03:00,0.467405151329696,0.3164056576550237
2026-07-20 14:20:00+03:00,0.37255946989214905,0.12888033452762124
2026-07-20 14:25:00+03:00,0.2630984931229323,-0.1152767869609218
2026-07-20 14:30:00+03:00,0.7768139466972827,0.9777135429056826
2026-07-20 14:35:00+03:00,0.20278456460843505,-0.27801906667662885
2026-07-20 14:40:00+03:00,0.15684811206844235,-0.4282017043474957
2026-07-20 14:45:00+03:00,0.15328400722534172,-0.4412591265710185
2026-07-20 14:50:00+03:00,0.11657382670437401,-0.593036116038719
2026-07-20 14:55:00+03:00,0.08073543877211647,-0.7884455900205272
2026-07-20 15:00:00+03:00,0.06274266458907769,-0.9187718241903271
2026-07-20 15:05:00+03:00,0.07665603778944433,-0.8154579177845143
2026-07-20 15:10:00+03:00,0.05179842825704437,-1.0163490747657482
2026-07-20 15:15:00+03:00,0.06252993925306186,-0.9205108883266648
2026-07-20 15:20:00+03:00,0.0499560633037413,-1.0346639924250176
2026-07-20 15:25:00+03:00,0.03348876604910227,-1.2348758133176674
2026-07-20 15:30:00+03:00,0.053529595218404794,-0.9996924014985284
2026-07-20 15:35:00+03:00,0.05228486103899817,-1.0116163005095138
2026-07-20 15:40:00+03:00,0.045178910440679065,-1.085316743548959
2026-07-20 15:45:00+03:00,0.05250555109021039,-1.0094827899804
2026-07-20 15:50:00+03:00,0.03807999510908056,-1.1709219127142987
2026-07-20 15:55:00+03:00,0.02909305333258879,-1.3045932403382692
2026-07-20 16:00:00+03:00,0.040148183218600704,-1.1445031495114197
2026-07-20 16:05:00+03:00,0.05771490578934915,-0.9614313158848409
2026-07-20 16:10:00+03:00,0.05313190725088543,-1.0034733312971755
2026-07-20 16:15:00+03:00,0.07996365193882453,-0.7934588987817148
2026-07-20 16:20:00+03:00,0.083056314605224,-0.7736287747173617
2026-07-20 16:25:00+03:00,0.11583436237442934,-0.5964921288190812
2026-07-20 16:30:00+03:00,0.1029921655325947,-0.659816211120442
2026-07-20 16:35:00+03:00,0.06414966498912225,-0.9074059458512
2026-07-20 16:40:00+03:00,0.07042090408472682,-0.8594095865784609
2026-07-20 16:45:00+03:00,0.12067263776024148,-0.5742171847314425
2026-07-20 16:50:00+03:00,0.12212408438469394,-0.5676854126389154
2026-07-20 16:55:00+03:00,0.19803564381630132,-0.2922441477017724
2026-07-20 17:00:00+03:00,0.10374490369558508,-0.655917926436426
2026-07-20 17:05:00+03:00,0.047331411221317635,-1.0618930205047241
2026-07-20 17:10:00+03:00,0.04247871789884267,-1.1162525185368444
2026-07-20 17:15:00+03:00,0.10183406365247875,-0.6658633380227525
2026-07-20 17:20:00+03:00,0.07394376450017683,-0.8341566350215458
2026-07-20 17:25:00+03:00,0.07259613974145815,-0.8436830919741386
2026-07-20 17:30:00+03:00,0.08286910509535976,-0.7748098793651554
2026-07-20 17:35:00+03:00,0.09502739831999042,-0.7026924403506134
2026-07-20 17:40:00+03:00,0.10062269567794037,-0.6722541986285864
2026-07-20 17:45:00+03:00,0.13180336705936693,-0.5257533931990043
2026-07-20 17:50:00+03:00,0.12194252039308097,-0.5684988116011298
2026-07-20 17:55:00+03:00,0.15152662881410722,-0.4477890978803395
2026-07-21 09:55:00+03:00,0.34099768902110095,0.06283442966114333
2026-07-21 10:00:00+03:00,0.3354690975038299,0.050978635412193676
2026-07-21 10:05:00+03:00,0.2496849489242482,-0.14905232384451877
2026-07-21 10:10:00+03:00,0.1719695928921328,-0.3753372759669787
2026-07-21 10:15:00+03:00,0.21438941109942738,-0.24426939589646696
2026-07-21 10:20:00+03:00,0.20366349708836415,-0.27541366311817644
2026-07-21 10:25:00+03:00,0.46199757189975893,0.3059712598058639
2026-07-21 10:30:00+03:00,0.4581938239125895,0.29862139813491234
2026-07-21 10:35:00+03:00,0.48003645103812775,0.3407256272605687
2026-07-21 10:40:00+03:00,0.32888099953490546,0.03672350133801813
2026-07-21 10:45:00+03:00,0.32188421910108733,0.021423581318536444
2026-07-21 10:50:00+03:00,0.3848251368779746,0.1539043569010393
2026-07-21 10:55:00+03:00,0.37053829021461016,0.12472555003179049
2026-07-21 11:00:00+03:00,0.41192158670839124,0.20818629092566676
2026-07-21 11:05:00+03:00,0.2997481498678162,-0.028193387715985424
2026-07-21 11:10:00+03:00,0.3114884735567478,-0.00163676025445951
2026-07-21 11:15:00+03:00,0.13443738073186137,-0.5147972611818501
2026-07-21 11:20:00+03:00,0.14465150823789094,-0.47395044921274854
2026-07-21 11:25:00+03:00,0.1348038300922381,-0.5132874371285349
2026-07-21 11:30:00+03:00,0.2095158639834994,-0.258274928390271
2026-07-21 11:35:00+03:00,0.19948917762121618,-0.2878632675897212
2026-07-21 11:40:00+03:00,0.1306606229211237,-0.5305644232939205
2026-07-21 11:45:00+03:00,0.13842591272436536,-0.49854707699241796
2026-07-21 11:50:00+03:00,0.22517906432880855,-0.21406319929366274
2026-07-21 11:55:00+03:00,0.2000976817839418,-0.28603638456800784
2026-07-21 12:00:00+03:00,0.17024290827118146,-0.3811808909186851
2026-07-21 12:05:00+03:00,0.19023206403818074,-0.3161887543876343
2026-07-21 12:10:00+03:00,0.20939218412171537,-0.2586334483912537
2026-07-21 12:15:00+03:00,0.31132666953614574,-0.001998943314702309
2026-07-21 12:20:00+03:00,0.3557569184573186,0.09404463755829348
2026-07-21 12:25:00+03:00,0.37826660613393853,0.1405632856977551
2026-07-21 12:30:00+03:00,0.27069239251775556,-0.09664688765129181
2026-07-21 12:35:00+03:00,0.36742788655071107,0.11831343255981958
2026-07-21 12:40:00+03:00,0.41118309930970803,0.20672262995263657
2026-07-21 12:45:00+03:00,0.33471885498377174,0.04936239801936223
2026-07-21 12:50:00+03:00,0.46019040133497613,0.3024804404792152
2026-07-21 12:55:00+03:00,0.48570399851265433,0.35161994661449536
2026-07-21 13:00:00+03:00,0.5307078043014204,0.43810684159102625
2026-07-21 13:05:00+03:00,0.3602238093645873,0.10337346233593478
2026-07-21 13:10:00+03:00,0.26526913568502586,-0.10991703266913788
2026-07-21 13:15:00+03:00,0.3546083988654156,0.09163761334651974
2026-07-21 13:20:00+03:00,0.29233556180235615,-0.04526668100137024
2026-07-21 13:25:00+03:00,0.30027001233165257,-0.02700060986829589
2026-07-21 13:30:00+03:00,0.19772735422187596,-0.2931764257132546
2026-07-21 13:35:00+03:00,0.2254056772473662,-0.21343999476077385
2026-07-21 13:40:00+03:00,0.23490181356219905,-0.18771212499604772
2026-07-21 13:45:00+03:00,0.1765407728516624,-0.3600880518618161
2026-07-21 13:50:00+03:00,0.18716551350227342,-0.32580348166294293
2026-07-21 13:55:00+03:00,0.15855442205254885,-0.4220358903056244
2026-07-21 14:00:00+03:00,0.2614427125225155,-0.11938438016091665
2026-07-21 14:05:00+03:00,0.2667950132708051,-0.10616609579954953
2026-07-21 14:10:00+03:00,0.27508556501979925,-0.08601944078881343
2026-07-21 14:15:00+03:00,0.3247323212801034,0.027672145277455484
2026-07-21 14:20:00+03:00,0.26396578357688133,-0.1131318836929065
2026-07-21 14:25:00+03:00,0.2548504141360664,-0.13590783555672267
2026-07-21 14:30:00+03:00,0.1681496182039865,-0.3883287350559032
2026-07-21 14:35:00+03:00,0.1804347414781748,-0.34734086063313574
2026-07-21 14:40:00+03:00,0.14227631369632324,-0.4832283477753542
2026-07-21 14:45:00+03:00,0.13582661056591513,-0.5090916834142327
2026-07-21 14:50:00+03:00,0.591981857903144,0.5577094164061676
2026-07-21 14:55:00+03:00,0.5427518588422019,0.4613574566219976
2026-07-21 15:00:00+03:00,0.6238999579675404,0.6220136286672613
2026-07-21 15:05:00+03:00,0.6703343690785468,0.7197213392980665
2026-07-21 15:10:00+03:00,0.6684816406499529,0.7157028796511367
2026-07-21 15:15:00+03:00,0.6234647094564851,0.6211235067186079
2026-07-21 15:20:00+03:00,0.7470447661833601,0.8988599188363913
2026-07-21 15:25:00+03:00,0.6171958196951626,0.6083473733797196
2026-07-21 15:30:00+03:00,0.4495265018587118,0.2818372004105607
2026-07-21 15:35:00+03:00,0.46563897481128497,0.3129994105844583
2026-07-21 15:40:00+03:00,0.39685605978713095,0.1781606795664895
2026-07-21 15:45:00+03:00,0.4358977675819012,0.2553208689733461
2026-07-21 15:50:00+03:00,0.29190128957631306,-0.04627470943927503
2026-07-21 15:55:00+03:00,0.30245902500683935,-0.022010188827262578
2026-07-21 16:00:00+03:00,0.30458410278205444,-0.01718505714984432
2026-07-21 16:05:00+03:00,0.24332663210148586,-0.16548408553659621
2026-07-21 16:10:00+03:00,0.300905966467845,-0.02554866061552441
2026-07-21 16:15:00+03:00,0.6200200092609612,0.6140930137502845
2026-07-21 16:20:00+03:00,0.5484153026405055,0.4723222475645086
2026-07-21 16:25:00+03:00,0.5946837098408284,0.5630841323825225
2026-07-21 16:30:00+03:00,0.2139358122231862,-0.24556307328218113
2026-07-21 16:35:00+03:00,0.4196687472049203,0.2234949864627277
2026-07-21 16:40:00+03:00,0.24565662209334432,-0.15942951171388792
2026-07-21 16:45:00+03:00,0.3898263935731408,0.16402033779968705
2026-07-21 16:50:00+03:00,0.6136380560313995,0.6011321447548581
2026-07-21 16:55:00+03:00,0.6888342031196347,0.7605092575907858
2026-07-21 17:00:00+03:00,0.3940800858004031,0.17258732939361499
2026-07-21 17:05:00+03:00,0.2598657869476831,-0.1233120055282918
2026-07-21 17:10:00+03:00,0.3188429870457561,0.014719142401712806
2026-07-21 17:15:00+03:00,0.3305622725022151,0.04037496108401541
2026-07-21 17:20:00+03:00,0.6424031306588254,0.6602566078046352
2026-07-21 17:25:00+03:00,0.3128369601294154,0.0013777073326448203
2026-07-21 17:30:00+03:00,0.28386720903607354,-0.065086031262415
2026-07-21 17:35:00+03:00,0.19588356164218068,-0.2987751230855439
2026-07-21 17:40:00+03:00,0.23784449785094625,-0.17988686152310668
2026-07-21 17:45:00+03:00,0.23171416085438315,-0.19626586425386894
2026-07-21 17:50:00+03:00,0.23607466121103646,-0.18458518789402928
2026-07-21 17:55:00+03:00,0.2954012338055146,-0.03817547071497368
2026-07-22 09:55:00+03:00,0.0329591822849934,-1.242789818463889
2026-07-22 10:00:00+03:00,0.03855646292661912,-1.1647156183609741
2026-07-22 10:05:00+03:00,0.07674502673278749,-0.8148547677452378
2026-07-22 10:10:00+03:00,0.1735270144662384,-0.37010624353481225
2026-07-22 10:15:00+03:00,0.20171146266395623,-0.28121148560466946
2026-07-22 10:20:00+03:00,0.23716500744296745,-0.18168782267898526
2026-07-22 10:25:00+03:00,0.21186398871441278,-0.2514975210317391
2026-07-22 10:30:00+03:00,0.1622236906919649,-0.40895693879065675
2026-07-22 10:35:00+03:00,0.13691413123508497,-0.5046594544390153
2026-07-22 10:40:00+03:00,0.13899259692505372,-0.496270320224952
2026-07-22 10:45:00+03:00,0.04873176551568002,-1.0471919838259962
2026-07-22 10:50:00+03:00,0.05285303462729263,-1.0061406165147382
2026-07-22 10:55:00+03:00,0.15718075714117008,-0.426995414304037
2026-07-22 11:00:00+03:00,0.12733501714900697,-0.5447720128074149
2026-07-22 11:05:00+03:00,0.16548717781322475,-0.39752336482559136
2026-07-22 11:10:00+03:00,0.2409380231460154,-0.1717319540582315
2026-07-22 11:15:00+03:00,0.4622620399844755,0.3064819553283141
2026-07-22 11:20:00+03:00,0.5959287322123649,0.5655646407833275
2026-07-22 11:25:00+03:00,0.631827058676102,0.6382986960865384
2026-07-22 11:30:00+03:00,0.35929356437479215,0.10143493126441701
2026-07-22 11:35:00+03:00,0.12883660970833982,-0.5383182661654757
2026-07-22 11:40:00+03:00,0.14731618653712175,-0.46369122613897473
2026-07-22 11:45:00+03:00,0.13429736350188276,-0.5153750701827137
2026-07-22 11:50:00+03:00,0.14470630134991824,-0.4737379184483427
2026-07-22 11:55:00+03:00,0.10001764088336922,-0.6754719307375664
2026-07-22 12:00:00+03:00,0.1587081724555679,-0.4214829588576622
2026-07-22 12:05:00+03:00,0.13113243576487912,-0.5285737463716278
2026-07-22 12:10:00+03:00,0.1330680590431622,-0.5204700224500621
2026-07-22 12:15:00+03:00,0.10189204516414434,-0.6655591371074501
2026-07-22 12:20:00+03:00,0.06618030720399459,-0.8914049420159452
2026-07-22 12:25:00+03:00,0.06903416371400144,-0.8696714029174418
2026-07-22 12:30:00+03:00,0.02473112610800037,-1.384712512637427
2026-07-22 12:35:00+03:00,0.04694910594214243,-1.0659783007429924
2026-07-22 12:40:00+03:00,0.03406173926648631,-1.2264483309655292
2026-07-22 12:45:00+03:00,0.055636335693937375,-0.9800944035436272
2026-07-22 12:50:00+03:00,0.028290021560369312,-1.3184250659213714
2026-07-22 12:55:00+03:00,0.04570291467442353,-1.0795181888559873
2026-07-22 13:00:00+03:00,0.05081345588222814,-1.0260625153635692
2026-07-22 13:05:00+03:00,0.07000609192885102,-0.8624594404476426
2026-07-22 13:10:00+03:00,0.06298137653836855,-0.9168268537668887
2026-07-22 13:15:00+03:00,0.05830671734386423,-0.9562330036951683
2026-07-22 13:20:00+03:00,0.0653305278252834,-0.8980446646494262
2026-07-22 13:25:00+03:00,0.20401740062906568,-0.27436695703572006
2026-07-22 13:30:00+03:00,0.11678248056757416,-0.5920643801530573
2026-07-22 13:35:00+03:00,0.230028565695928,-0.20082220272442736
2026-07-22 13:40:00+03:00,0.22826242376504288,-0.20562145735724258
2026-07-22 13:45:00+03:00,0.2743267155059505,-0.0878475567147615
2026-07-22 13:50:00+03:00,0.3112504312967962,-0.002169631176497197
2026-07-22 13:55:00+03:00,0.30461978408510804,-0.017104202538788277
2026-07-22 14:00:00+03:00,0.26604647253722546,-0.10800445684531665
2026-07-22 14:05:00+03:00,0.34854799306478446,0.07887732539514183
2026-07-22 14:10:00+03:00,0.23834117497359553,-0.1785726776822691
2026-07-22 14:15:00+03:00,0.31737460200919265,0.011469915856376953
2026-07-22 14:20:00+03:00,0.2883409289129711,-0.05457254386196425
2026-07-22 14:25:00+03:00,0.3315270910328401,0.04246614566934913
2026-07-22 14:30:00+03:00,0.30308336768707145,-0.02059059699542007
2026-07-22 14:35:00+03:00,0.29300378053819115,-0.0437173328439423
2026-07-22 14:40:00+03:00,0.28400781574597733,-0.06475408897278723
2026-07-22 14:45:00+03:00,0.4021507282583947,0.18875426348078728
2026-07-22 14:50:00+03:00,0.3179593629267696,0.012764827675385754
2026-07-22 14:55:00+03:00,0.2761032442962522,-0.08357269221236788
2026-07-22 15:00:00+03:00,0.24078313232358473,-0.1721385552592633
2026-07-22 15:05:00+03:00,0.339482316983625,0.05959417843958937
2026-07-22 15:10:00+03:00,0.3662545741338487,0.11588875827089237
2026-07-22 15:15:00+03:00,0.4441134846354948,0.2713254497449409
2026-07-22 15:20:00+03:00,0.35895341242579537,0.10072554128290032
2026-07-22 15:25:00+03:00,0.35775229169811074,0.09821821956266162
2026-07-22 15:30:00+03:00,0.2274108221274833,-0.20794491298168727
2026-07-22 15:35:00+03:00,0.251807984316174,-0.14362824670020544
2026-07-22 15:40:00+03:00,0.19114341614620348,-0.31335424292585806
2026-07-22 15:45:00+03:00,0.16165693536212197,-0.4109613936982003
2026-07-22 15:50:00+03:00,0.1411445255729647,-0.4876947900625026
2026-07-22 15:55:00+03:00,0.17789064442754396,-0.35564443896388565
2026-07-22 16:00:00+03:00,0.2359458392148948,-0.18492811503928858
2026-07-22 16:05:00+03:00,0.22390570984437166,-0.21757333636244125
2026-07-22 16:10:00+03:00,0.20321042648273563,-0.27675564375266415
2026-07-22 16:15:00+03:00,0.22058654735582917,-0.22679031924199666
2026-07-22 16:20:00+03:00,0.16891005126956812,-0.38572397110014384
2026-07-22 16:25:00+03:00,0.2671559019974883,-0.10528095218635347
2026-07-22 16:30:00+03:00,0.18393327045303387,-0.3360699010591931
2026-07-22 16:35:00+03:00,0.16352929968916186,-0.4043607551574291
2026-07-22 16:40:00+03:00,0.20961273123325305,-0.25799424070455995
2026-07-22 16:45:00+03:00,0.21224972612238852,-0.2503894314258859
2026-07-22 16:50:00+03:00,0.12905533061703828,-0.5373835758291846
2026-07-22 16:55:00+03:00,0.145776517138908,-0.4696001199122056
2026-07-22 17:00:00+03:00,0.19806156309502976,-0.2921658167671323
2026-07-22 17:05:00+03:00,0.19677559494661725,-0.2960615083540983
2026-07-22 17:10:00+03:00,0.21608927666256383,-0.23943894433961432
2026-07-22 17:15:00+03:00,0.11189515076522895,-0.6152329526345879
2026-07-22 17:20:00+03:00,0.1113311785926749,-0.6179630063363917
2026-07-22 17:25:00+03:00,0.1331097431958012,-0.5202966081902184
2026-07-22 17:30:00+03:00,0.12404983356738879,-0.5591215603080485
2026-07-22 17:35:00+03:00,0.08318926031175239,-0.7727914896380673
2026-07-22 17:40:00+03:00,0.17534572395714548,-0.3640443368140719
2026-07-22 17:45:00+03:00,0.21235663283793837,-0.25008258601523403
2026-07-22 17:50:00+03:00,0.4464389621253058,0.2758443932570449
2026-07-22 17:55:00+03:00,0.49146492167150485,0.3626865299276603
2026-07-23 09:55:00+03:00,0.25205363146815374,-0.1430026147210173
2026-07-23 10:00:00+03:00,0.3616863437149315,0.10641681448744326
2026-07-23 10:05:00+03:00,0.1284766907458557,-0.5398593052143864
2026-07-23 10:10:00+03:00,0.07121644991716461,-0.8536066022456906
2026-07-23 10:15:00+03:00,0.07133779213970903,-0.8527267576373273
2026-07-23 10:20:00+03:00,0.08731248567162408,-0.7474084289628594
2026-07-23 10:25:00+03:00,0.08129742460122003,-0.7848225232547383
2026-07-23 10:30:00+03:00,0.09536530235180402,-0.7008094444572445
2026-07-23 10:35:00+03:00,0.10250506427922113,-0.6623522744408584
2026-07-23 10:40:00+03:00,0.1214983072793282,-0.5704932738453129
2026-07-23 10:45:00+03:00,0.17677011605724283,-0.3593312058744154
2026-07-23 10:50:00+03:00,0.2522214153939889,-0.14257552278986801
2026-07-23 10:55:00+03:00,0.12336375279185605,-0.5621593902821674
2026-07-23 11:00:00+03:00,0.12398339233512136,-0.5594151171318901
2026-07-23 11:05:00+03:00,0.11685166867108586,-0.5917424922352112
2026-07-23 11:10:00+03:00,0.14343138924293997,-0.4787004582320734
2026-07-23 11:15:00+03:00,0.21753895196725115,-0.23534115281150586
2026-07-23 11:20:00+03:00,0.2757079616301958,-0.08452238326904152
2026-07-23 11:25:00+03:00,0.21805182233410292,-0.23389614915717466
2026-07-23 11:30:00+03:00,0.07431672592735526,-0.8315483823491073
2026-07-23 11:35:00+03:00,0.06494382327778193,-0.9010927974720819
2026-07-23 11:40:00+03:00,0.04441573933834766,-1.0938775478587326
2026-07-23 11:45:00+03:00,0.04791449662383418,-1.0557222085019478
2026-07-23 11:50:00+03:00,0.04573141965312497,-1.0792045755073045
2026-07-23 11:55:00+03:00,0.04390573626196951,-1.0996769931010884
2026-07-23 12:00:00+03:00,0.04204508122420636,-1.1213948978152544
2026-07-23 12:05:00+03:00,0.048578170192317076,-1.048784718077219
2026-07-23 12:10:00+03:00,0.054315170637295226,-0.9923009532795719
2026-07-23 12:15:00+03:00,0.048041890710433265,-1.0543834909688872
2026-07-23 12:20:00+03:00,0.0486014084848436,-1.0485434379093055
2026-07-23 12:25:00+03:00,0.037263760457032676,-1.1817293111442009
2026-07-23 12:30:00+03:00,0.042328809915648045,-1.1180245383960055
2026-07-23 12:35:00+03:00,0.058966887075842814,-0.9504923326291779
2026-07-23 12:40:00+03:00,0.05497621927279323,-0.9861588362151494
2026-07-23 12:45:00+03:00,0.06237626349306179,-0.9217706511621251
2026-07-23 12:50:00+03:00,0.05502181889141779,-0.9857377177747704
2026-07-23 12:55:00+03:00,0.06992627558372122,-0.8630481962267417
2026-07-23 13:00:00+03:00,0.43160037065803863,0.24692257392701153
2026-07-23 13:05:00+03:00,0.6038495414407717,0.5814047975351342
2026-07-23 13:10:00+03:00,0.6120699183064512,0.5979597802639727
2026-07-23 13:15:00+03:00,0.46546077520333295,0.31265564406269386
2026-07-23 13:20:00+03:00,0.24874584943674788,-0.15146140816701664
2026-07-23 13:25:00+03:00,0.3608758297463707,0.10473089874172087
2026-07-23 13:30:00+03:00,0.3363780054161707,0.05293428832804335
2026-07-23 13:35:00+03:00,0.4264648640796711,0.23685983685714346
2026-07-23 13:40:00+03:00,0.7442138249532912,0.891695606660942
2026-07-23 13:45:00+03:00,0.7295952182409355,0.8554965110837879
2026-07-23 13:50:00+03:00,0.25983631569079996,-0.1233855559694236
2026-07-23 13:55:00+03:00,0.11863788467065006,-0.5834890392666624
2026-07-23 14:00:00+03:00,0.11777679906097321,-0.5874542596259557
2026-07-23 14:05:00+03:00,0.10103422182703524,-0.6700754730817825
2026-07-23 14:10:00+03:00,0.218859017305702,-0.23162684613662904
2026-07-23 14:15:00+03:00,0.43075969097828304,0.24527734090741568
2026-07-23 14:20:00+03:00,0.31259883533387445,0.0008459088522832364
2026-07-23 14:25:00+03:00,0.3703205864672269,0.12427747965030532
2026-07-23 14:30:00+03:00,0.3838650656794402,0.15195686727449997
2026-07-23 14:35:00+03:00,0.4152744779289968,0.21482185264817222
2026-07-23 14:40:00+03:00,0.3699790950142325,0.12357441497184718
2026-07-23 14:45:00+03:00,0.2655273040605901,-0.10928143350870553
2026-07-23 14:50:00+03:00,0.5305474987073322,0.43779790344826586
2026-07-23 14:55:00+03:00,0.5102196428857129,0.3986990068485027
2026-07-23 15:00:00+03:00,0.44334179063916873,0.26982482715848255
2026-07-23 15:05:00+03:00,0.3730176329851454,0.12982086707373128
2026-07-23 15:10:00+03:00,0.28880980713826376,-0.05347631253334173
2026-07-23 15:15:00+03:00,0.2707215975541899,-0.0965758830562258
2026-07-23 15:20:00+03:00,0.16457336480223436,-0.4007064932083191
2026-07-23 15:25:00+03:00,0.20578788849796734,-0.2691507178617008
2026-07-23 15:30:00+03:00,0.21716546438331144,-0.2363949961672031
2026-07-23 15:35:00+03:00,0.18952451423079575,-0.3183965663224268
2026-07-23 15:40:00+03:00,0.19242476768646205,-0.3093863506600393
2026-07-23 15:45:00+03:00,0.14604817104447781,-0.46855383055005984
2026-07-23 15:50:00+03:00,0.12961802134624165,-0.5349851370309686
2026-07-23 15:55:00+03:00,0.13532446191056627,-0.5111483059163392
2026-07-23 16:00:00+03:00,0.11337292902914413,-0.6081359884083587
2026-07-23 16:05:00+03:00,0.13680339534798847,-0.5051094043406443
2026-07-23 16:10:00+03:00,0.1584351116721949,-0.4224652652790234
2026-07-23 16:15:00+03:00,0.17998235456021625,-0.3488106722713507
2026-07-23 16:20:00+03:00,0.11971711545172527,-0.5785542966998009
2026-07-23 16:25:00+03:00,0.10591643051974525,-0.6448104396239563
2026-07-23 16:30:00+03:00,0.15197142936403926,-0.4461304831324301
2026-07-23 16:35:00+03:00,0.21870817827168273,-0.23205044800967417
2026-07-23 16:40:00+03:00,0.4328050847388014,0.24927889050949767
2026-07-23 16:45:00+03:00,0.3688445172528042,0.12123661070338371
2026-07-23 16:50:00+03:00,0.3833162261667883,0.15084273071261484
2026-07-23 16:55:00+03:00,0.5001512280104607,0.3793654072899701
2026-07-23 17:00:00+03:00,0.44986259620302965,0.2824890839456027
2026-07-23 17:05:00+03:00,0.5964352872842963,0.5665745734300269
2026-07-23 17:10:00+03:00,0.5362216199360079,0.44874084448434853
2026-07-23 17:15:00+03:00,0.3141712839498475,0.00435355551465251
2026-07-23 17:20:00+03:00,0.2664145322606699,-0.10710011815655998
2026-07-23 17:25:00+03:00,0.2962241392382462,-0.03627930898307957
2026-07-23 17:30:00+03:00,0.31195667876218197,-0.0005893067686301434
2026-07-23 17:35:00+03:00,0.29510780400142383,-0.03885234127629478
2026-07-23 17:40:00+03:00,0.22583561882589162,-0.21225883899964243
2026-07-23 17:45:00+03:00,0.22357233120135508,-0.21849467350241653
2026-07-23 17:50:00+03:00,0.2109764886144426,-0.2540526155254364
2026-07-23 17:55:00+03:00,0.2964990307692071,-0.035646576455209134
2026-07-24 09:55:00+03:00,0.05292550827812355,-1.0054461647415065
2026-07-24 10:00:00+03:00,0.3148964492909017,0.0059679660966401454
2026-07-24 10:05:00+03:00,0.2849059638042311,-0.06263608789620123
2026-07-24 10:10:00+03:00,0.32518365182508097,0.028659713231085654
2026-07-24 10:15:00+03:00,0.309824848559868,-0.0053655697258616075
2026-07-24 10:20:00+03:00,0.2636932521399921,-0.1138053952936709
2026-07-24 10:25:00+03:00,0.18391516025415053,-0.3361278151236507
2026-07-24 10:30:00+03:00,0.26686000949257493,-0.10600662485155896
2026-07-24 10:35:00+03:00,0.29782101197759225,-0.0326084264427772
2026-07-24 10:40:00+03:00,0.3119641995779887,-0.0005724884627134191
2026-07-24 10:45:00+03:00,0.41867131909294486,0.2215285824368214
2026-07-24 10:50:00+03:00,0.42739958215103485,0.23869361201119207
2026-07-24 10:55:00+03:00,0.5393086679134262,0.45470185222807996
2026-07-24 11:00:00+03:00,0.3966950980086954,0.17783788282237017
2026-07-24 11:05:00+03:00,0.3707051094794175,0.12506881843363632
2026-07-24 11:10:00+03:00,0.4599226594699134,0.30196308740904865
2026-07-24 11:15:00+03:00,0.44760381076448646,0.27810624063204503
2026-07-24 11:20:00+03:00,0.580274472947327,0.5345432263203074
2026-07-24 11:25:00+03:00,0.5264878013979744,0.4299780003333439
2026-07-24 11:30:00+03:00,0.4171009414871993,0.21842995883018124
2026-07-24 11:35:00+03:00,0.5644547343214622,0.5035174044195956
2026-07-24 11:40:00+03:00,0.2845322013765555,-0.0635170002555181
2026-07-24 11:45:00+03:00,0.2085821552690393,-0.2609853979457581
2026-07-24 11:50:00+03:00,0.21301095985670981,-0.24820697936589864
2026-07-24 11:55:00+03:00,0.3578071621367148,0.09833284181063796
2026-07-24 12:00:00+03:00,0.3043340550089315,-0.017751820322397083
2026-07-24 12:05:00+03:00,0.2465608857274091,-0.15709019020949844
2026-07-24 12:10:00+03:00,0.4659498348546847,0.3135990531396994
2026-07-24 12:15:00+03:00,0.35232856962617576,0.08684918180564753
2026-07-24 12:20:00+03:00,0.338212824518227,0.05687426700619933
2026-07-24 12:25:00+03:00,0.31115438591650246,-0.002384697366793198
2026-07-24 12:30:00+03:00,0.3282799378471898,0.03541578469659949
2026-07-24 12:35:00+03:00,0.31586829265829053,0.008128401421962084
2026-07-24 12:40:00+03:00,0.29890905173411847,-0.030113738612127156
2026-07-24 12:45:00+03:00,0.21210651114459775,-0.25080066640531784
2026-07-24 12:50:00+03:00,0.281773770132852,-0.07004000026838927
2026-07-24 12:55:00+03:00,0.30958810613759996,-0.0058970929491464485
2026-07-24 13:00:00+03:00,0.2611864766311344,-0.12002153800294338
2026-07-24 13:05:00+03:00,0.2737632638484116,-0.08920698227992843
2026-07-24 13:10:00+03:00,0.28081057429074935,-0.07232683684048996
2026-07-24 13:15:00+03:00,0.20183510164359306,-0.28084302103576564
2026-07-24 13:20:00+03:00,0.3066617980171013,-0.012485769707099442
2026-07-24 13:25:00+03:00,0.3666183232218338,0.11664080238820086
2026-07-24 13:30:00+03:00,0.3133253835800205,0.002467802541988834
2026-07-24 13:35:00+03:00,0.1800242883315238,-0.3486743077035674
2026-07-24 13:40:00+03:00,0.22934942508968809,-0.2026646025596004
2026-07-24 13:45:00+03:00,0.29372096731500347,-0.04205674637034987
2026-07-24 13:50:00+03:00,0.26337717034370295,-0.11458709350048024
2026-07-24 13:55:00+03:00,0.3930094274934948,0.17043410921860858
2026-07-24 14:00:00+03:00,0.2905911186899969,-0.049321222584838315
2026-07-24 14:05:00+03:00,0.3398202022026531,0.06031726928911984
2026-07-24 14:10:00+03:00,0.22980011435039327,-0.20144152810908722
2026-07-24 14:15:00+03:00,0.25708709362884763,-0.13027070627006987
2026-07-24 14:20:00+03:00,0.3204569905722061,0.018281424518830636
2026-07-24 14:25:00+03:00,0.38528154761368705,0.15482954018163694
2026-07-24 14:30:00+03:00,0.4070732158688525,0.19856225821141216
2026-07-24 14:35:00+03:00,0.38431999385595395,0.1528799099303665
2026-07-24 14:40:00+03:00,0.3826723502638869,0.1495349016112865
2026-07-24 14:45:00+03:00,0.284080069364416,-0.06458355224265849
2026-07-24 14:50:00+03:00,0.2706926972953,-0.09664614663757731
2026-07-24 14:55:00+03:00,0.2909980208796902,-0.04837419644959429
2026-07-24 15:00:00+03:00,0.34771472343014104,0.07711489203079308
2026-07-24 15:05:00+03:00,0.28320103021429166,-0.06666008792249145
2026-07-24 15:10:00+03:00,0.3360101508468022,0.0521431084485593
2026-07-24 15:15:00+03:00,0.4549381236635043,0.292323061564119
2026-07-24 15:20:00+03:00,0.3458897603054129,0.07324803163869315
2026-07-24 15:25:00+03:00,0.3673913726727594,0.11823802496707445
2026-07-24 15:30:00+03:00,0.42759210704746886,0.23907118993312765
2026-07-24 15:35:00+03:00,0.4277410848240928,0.23936333415189587
2026-07-24 15:40:00+03:00,0.400095184275058,0.1846470946142743
2026-07-24 15:45:00+03:00,0.3707156052091979,0.1250904136502923
2026-07-24 15:50:00+03:00,0.39867997568864366,0.18181529725423684
2026-07-24 15:55:00+03:00,0.36486363520052334,0.11301010131714145
2026-07-24 16:00:00+03:00,0.29942578023427324,-0.028930794709847718
2026-07-24 16:05:00+03:00,0.354015800282275,0.09039429517344053
2026-07-24 16:10:00+03:00,0.323163902421284,0.0242346869837127
2026-07-24 16:15:00+03:00,0.2746340960372481,-0.08710667969032454
2026-07-24 16:20:00+03:00,0.287469091406489,-0.056613712448856296
2026-07-24 16:25:00+03:00,0.40876579315677625,0.2019260104578853
2026-07-24 16:30:00+03:00,0.28917274753608313,-0.05262848811745993
2026-07-24 16:35:00+03:00,0.39806980167680345,0.1805933116473245
2026-07-24 16:40:00+03:00,0.45794002576701115,0.29813066646032027
2026-07-24 16:45:00+03:00,0.4219593920264811,0.2280060670650383
2026-07-24 16:50:00+03:00,0.43098010994205105,0.24570878197446236
2026-07-24 16:55:00+03:00,0.41272042322185326,0.20976867759373397
2026-07-24 17:00:00+03:00,0.351994276154496,0.08614586731916925
2026-07-24 17:05:00+03:00,0.2758139650849731,-0.08426762074975522
2026-07-24 17:10:00+03:00,0.2182062874457852,-0.23346142672260206
2026-07-24 17:15:00+03:00,0.18551014421294035,-0.3310440974163453
2026-07-24 17:20:00+03:00,0.2082427464744262,-0.2619728835696408
2026-07-24 17:25:00+03:00,0.20134766102625776,-0.2822966545860031
2026-07-24 17:30:00+03:00,0.2876552312115144,-0.056177607737990354
2026-07-24 17:35:00+03:00,0.31854201196290943,0.014053799109493406
2026-07-24 17:40:00+03:00,0.3344727180829267,0.04883175683111053
2026-07-24 17:45:00+03:00,0.4376924293767451,0.2588224902179688
2026-07-24 17:50:00+03:00,0.494764529312839,0.36902284056296086
2026-07-24 17:55:00+03:00,0.4738270336479676,0.32877826232051954
2026-07-27 09:55:00+03:00,0.2270332855622907,-0.20897692350858338
2026-07-27 10:00:00+03:00,0.2077307670016935,-0.2634646980822603
2026-07-27 10:05:00+03:00,0.264376374884822,-0.11211802384638675
2026-07-27 10:10:00+03:00,0.11225291576841806,-0.6135073267220044
2026-07-27 10:15:00+03:00,0.11858960837272821,-0.583710686796659
2026-07-27 10:20:00+03:00,0.032035632479189634,-1.2568897817254474
2026-07-27 10:25:00+03:00,0.039735777185958304,-1.1496653143750455
2026-07-27 10:30:00+03:00,0.01567361604014121,-1.6080643660937002
2026-07-27 10:35:00+03:00,0.01821378906070187,-1.5347298511245164
2026-07-27 10:40:00+03:00,0.008747533852432836,-1.8913621627167223
2026-07-27 10:45:00+03:00,0.010513182385098723,-1.8022567712763686
2026-07-27 10:50:00+03:00,0.011954546630745157,-1.7398874005635212
2026-07-27 10:55:00+03:00,0.016102672520191513,-1.5948923264017207
2026-07-27 11:00:00+03:00,0.028121281582082262,-1.3213799399461148
2026-07-27 11:05:00+03:00,0.04335349074013421,-1.1060297244753263
2026-07-27 11:10:00+03:00,0.05638812242054858,-0.9732697310727076
2026-07-27 11:15:00+03:00,0.031752305144155,-1.261294214434206
2026-07-27 11:20:00+03:00,0.03702688817440403,-1.1849082413461833
2026-07-27 11:25:00+03:00,0.039009539809533235,-1.158881919290079
2026-07-27 11:30:00+03:00,0.2021142743204749,-0.2800116601595477
2026-07-27 11:35:00+03:00,0.2527151991195444,-0.1413196934369035
2026-07-27 11:40:00+03:00,0.032126471862838485,-1.255485620122629
2026-07-27 11:45:00+03:00,0.07991295597463291,-0.7937897492464018
2026-07-27 11:50:00+03:00,0.06766100648888786,-0.8800225152597534
2026-07-27 11:55:00+03:00,0.08254942147002008,-0.7768323860052169
2026-07-27 12:00:00+03:00,0.10190655077834036,-0.6654830571740743
2026-07-27 12:05:00+03:00,0.12928427214026192,-0.5364066526303127
2026-07-27 12:10:00+03:00,0.29121027297555463,-0.0478805097781696
2026-07-27 12:15:00+03:00,0.39155398712772205,0.16750372435516242
2026-07-27 12:20:00+03:00,0.49385276448126747,0.3672720691358243
2026-07-27 12:25:00+03:00,0.43846511130673366,0.2603291091827137
2026-07-27 12:30:00+03:00,0.5998283621092423,0.5733501327384336
2026-07-27 12:35:00+03:00,0.464439532939494,0.31068522534901394
2026-07-27 12:40:00+03:00,0.2712860591329029,-0.09520448332124459
2026-07-27 12:45:00+03:00,0.5325741037501968,0.4417044569545982
2026-07-27 12:50:00+03:00,0.4941859066598047,0.36791177745359765
2026-07-27 12:55:00+03:00,0.5481997299544273,0.4719044586566447
2026-07-27 13:00:00+03:00,0.5579985513436144,0.4909329605139883
2026-07-27 13:05:00+03:00,0.5164312922992849,0.41063370222390866
2026-07-27 13:10:00+03:00,0.42650447630091487,0.23693757084864453
2026-07-27 13:15:00+03:00,0.44267302090828825,0.2685239194157635
2026-07-27 13:20:00+03:00,0.46600245710330523,0.3137005553008367
2026-07-27 13:25:00+03:00,0.4477632757240524,0.278415794607382
2026-07-27 13:30:00+03:00,0.45372825359252317,0.2899806285509755
2026-07-27 13:35:00+03:00,0.48366847081377257,0.34770815764165336
2026-07-27 13:40:00+03:00,0.4273246580260135,0.2385466599063989
2026-07-27 13:45:00+03:00,0.21949997583772293,-0.22982917901944439
2026-07-27 13:50:00+03:00,0.41155972418508413,0.20746918836802525
2026-07-27 13:55:00+03:00,0.5538534521227494,0.4828736948227687
2026-07-27 14:00:00+03:00,0.10736485793567785,-0.6375127735041541
2026-07-27 14:05:00+03:00,0.18300740636016108,-0.3390363740822807
2026-07-27 14:10:00+03:00,0.06502719222291492,-0.9004342308258058
2026-07-27 14:15:00+03:00,0.06215015196339698,-0.9236294865716888
2026-07-27 14:20:00+03:00,0.0644513561365185,-0.9049991307541165
2026-07-27 14:25:00+03:00,0.15710971566716794,-0.4272528615392269
2026-07-27 14:30:00+03:00,0.21633998304190621,-0.23872885429669027
2026-07-27 14:35:00+03:00,0.20727721858285558,-0.2647885227961583
2026-07-27 14:40:00+03:00,0.30265047212595525,-0.02157471207076006
2026-07-27 14:45:00+03:00,0.343534426351695,0.06824313265136507
2026-07-27 14:50:00+03:00,0.30622006931869494,-0.013483367938364951
2026-07-27 14:55:00+03:00,0.523553984260571,0.4243310568886206
2026-07-27 15:00:00+03:00,0.9470346589633003,1.763214978126835
2026-07-27 15:05:00+03:00,0.955142077309172,1.8470505868577887
2026-07-27 15:10:00+03:00,0.9617568692421797,1.9269387287753594
2026-07-27 15:15:00+03:00,0.9776742533975277,2.1931583372500163
2026-07-27 15:20:00+03:00,0.985578170119291,2.406776657868924
2026-07-27 15:25:00+03:00,0.9926177019690451,2.731620518958354
2026-07-27 15:30:00+03:00,0.990048057941792,2.5870122571721295
2026-07-27 15:35:00+03:00,0.9826514225071095,2.316663029983412
2026-07-27 15:40:00+03:00,0.9884981304039407,2.516785901722825
2026-07-27 15:45:00+03:00,0.9923150311700579,2.712187581384245
2026-07-27 15:50:00+03:00,0.99448651154682,2.8726257663453167
2026-07-27 15:55:00+03:00,0.9942649117836311,2.853604592622957
2026-07-27 16:00:00+03:00,0.9928733182951721,2.7486585192027047
2026-07-27 16:05:00+03:00,0.9933099532253944,2.7792167206829608
2026-07-27 16:10:00+03:00,0.9941610030454583,2.84493581618387
2026-07-27 16:15:00+03:00,0.9941105849217564,2.84078470240395
2026-07-27 16:20:00+03:00,0.9937374243778765,2.8111165112807526
2026-07-27 16:25:00+03:00,0.9957338944283055,2.9963424772780565
2026-07-27 16:30:00+03:00,0.7922693668471855,1.021615202170295
2026-07-27 16:35:00+03:00,0.59310233081489,0.5599369786498518
2026-07-27 16:40:00+03:00,0.4236273628862619,0.23128671524756014
2026-07-27 16:45:00+03:00,0.35522265892449395,0.09292539133613696
2026-07-27 16:50:00+03:00,0.35569626905940394,0.09391761812115122
2026-07-27 16:55:00+03:00,0.25301350506311876,-0.14056180530324996
2026-07-27 17:00:00+03:00,0.19360877372470947,-0.3057377552706999
2026-07-27 17:05:00+03:00,0.06055294246741092,-0.9369428153056503
2026-07-27 17:10:00+03:00,0.08569215517624895,-0.7572510380859361
2026-07-27 17:15:00+03:00,0.08658893878742337,-0.7517829633062872
2026-07-27 17:20:00+03:00,0.09126586130648146,-0.7240693509469763
2026-07-27 17:25:00+03:00,0.07543558068309049,-0.823795413839125
2026-07-27 17:30:00+03:00,0.08865760957832326,-0.7393622551587368
2026-07-27 17:35:00+03:00,0.19864427139704652,-0.29040684090601016
2026-07-27 17:40:00+03:00,0.10138133815590822,-0.6682438654162033
2026-07-27 17:45:00+03:00,0.2091244473149891,-0.2594100906120929
2026-07-27 17:50:00+03:00,0.27941652665524347,-0.0756450968158971
2026-07-27 17:55:00+03:00,0.4310023704443802,0.24575235099463766
2026-07-28 09:55:00+03:00,0.18916425864380573,-0.31952312088892815
2026-07-28 10:00:00+03:00,0.9507045604665236,1.7995375032857308
2026-07-28 10:05:00+03:00,0.9182109090908288,1.539821588230539
2026-07-28 10:10:00+03:00,0.8843432086700906,1.35547500436726
2026-07-28 10:15:00+03:00,0.8941756534455207,1.403427469909933
2026-07-28 10:20:00+03:00,0.8937829977986451,1.4014389750039988
2026-07-28 10:25:00+03:00,0.8535091274063119,1.2250023072459266
2026-07-28 10:30:00+03:00,0.8235291506536945,1.1184690708718295
2026-07-28 10:35:00+03:00,0.8564722352303025,1.2364741549826164
2026-07-28 10:40:00+03:00,0.8540975465300903,1.2272649823725086
2026-07-28 10:45:00+03:00,0.8472174625954444,1.2012662883667893
2026-07-28 10:50:00+03:00,0.8558623373150971,1.2340969226257066
2026-07-28 10:55:00+03:00,0.8663245544972,1.2760978213651346
2026-07-28 11:00:00+03:00,0.8623138451894028,1.2596811048476273
2026-07-28 11:05:00+03:00,0.8254546204297675,1.124855924660945
2026-07-28 11:10:00+03:00,0.5842105673756368,0.542310527513866
2026-07-28 11:15:00+03:00,0.2644620782923829,-0.11190652650067809
2026-07-28 11:20:00+03:00,0.18824781546891303,-0.32239636438469005
2026-07-28 11:25:00+03:00,0.1924065049981141,-0.3094427620334902
2026-07-28 11:30:00+03:00,0.18329974282921369,-0.33809847202260557
2026-07-28 11:35:00+03:00,0.30721015431497195,-0.011248478290711988
2026-07-28 11:40:00+03:00,0.26769455089992783,-0.10396123221571552
2026-07-28 11:45:00+03:00,0.2450583414378303,-0.1609804509424541
2026-07-28 11:50:00+03:00,0.36422909890313626,0.11169533024580929
2026-07-28 11:55:00+03:00,0.3472604493220252,0.07615323505456899
2026-07-28 12:00:00+03:00,0.2841738990102687,-0.06436212969952093
2026-07-28 12:05:00+03:00,0.30576526264174636,-0.014511341731696839
2026-07-28 12:10:00+03:00,0.32356506826900694,0.025114736511697267
2026-07-28 12:15:00+03:00,0.35979968864701695,0.10248991244351084
2026-07-28 12:20:00+03:00,0.3555609831637923,0.093634250775077
2026-07-28 12:25:00+03:00,0.4493754801153969,0.2815442518398002
2026-07-28 12:30:00+03:00,0.3914357328443071,0.16726546125070807
2026-07-28 12:35:00+03:00,0.3360804445411691,0.05229432882841215
2026-07-28 12:40:00+03:00,0.24190010546009402,-0.16921039338111887
2026-07-28 12:45:00+03:00,0.31670397748260026,0.009983292415817482
2026-07-28 12:50:00+03:00,0.34832397368248375,0.07840369916702948
2026-07-28 12:55:00+03:00,0.44992730148963117,0.28261457513752875
2026-07-28 13:00:00+03:00,0.4119194651815864,0.2081820872490685
2026-07-28 13:05:00+03:00,0.34512481493833047,0.0716243579506552
2026-07-28 13:10:00+03:00,0.3457258877586869,0.0729003383749171
2026-07-28 13:15:00+03:00,0.3541374768341655,0.09064965869562368
2026-07-28 13:20:00+03:00,0.40544840952280414,0.19532906511956344
2026-07-28 13:25:00+03:00,0.36262912298845,0.10837579168986396
2026-07-28 13:30:00+03:00,0.3949231572919675,0.17428140575684065
2026-07-28 13:35:00+03:00,0.4649044049855877,0.3115822352419869
2026-07-28 13:40:00+03:00,0.3811528047523163,0.14644510060186533
2026-07-28 13:45:00+03:00,0.32996964804882484,0.03908895300657174
2026-07-28 13:50:00+03:00,0.4119875765298696,0.2083170425144279
2026-07-28 13:55:00+03:00,0.3738204211888112,0.13146773090578767
2026-07-28 14:00:00+03:00,0.2125756269829167,-0.24945437750587707
2026-07-28 14:05:00+03:00,0.16776121605985878,-0.38966278287186773
2026-07-28 14:10:00+03:00,0.11979603282999958,-0.5781949606929202
2026-07-28 14:15:00+03:00,0.12992157055857698,-0.5336949527776025
2026-07-28 14:20:00+03:00,0.19375914356930468,-0.3052755956009819
2026-07-28 14:25:00+03:00,0.11647742301142786,-0.593485594125042
2026-07-28 14:30:00+03:00,0.1405852930852884,-0.489912776242702
2026-07-28 14:35:00+03:00,0.15145446469327994,-0.4480585672101276
2026-07-28 14:40:00+03:00,0.2145325142649157,-0.2438616745416914
2026-07-28 14:45:00+03:00,0.20251233637548954,-0.27882773478404177
2026-07-28 14:50:00+03:00,0.17093148054302876,-0.37884494335898344
2026-07-28 14:55:00+03:00,0.30321517902638323,-0.020291103966853408
2026-07-28 15:00:00+03:00,0.34990898658810987,0.08175173398495367
2026-07-28 15:05:00+03:00,0.3536476284976525,0.08962136837507906
2026-07-28 15:10:00+03:00,0.3385731428250772,0.0576467610424522
2026-07-28 15:15:00+03:00,0.2784789000425425,-0.07788263729909972
2026-07-28 15:20:00+03:00,0.3353240517307846,0.050666305116541466
2026-07-28 15:25:00+03:00,0.3848119723975813,0.15387766529425717
2026-07-28 15:30:00+03:00,0.45795299361378555,0.29815574147524626
2026-07-28 15:35:00+03:00,0.446546340938169,0.2760529437025012
2026-07-28 15:40:00+03:00,0.5255760086426133,0.4282226439883271
2026-07-28 15:45:00+03:00,0.45425992616786487,0.2910101300595992
2026-07-28 15:50:00+03:00,0.4236667027648257,0.2313640492595288
2026-07-28 15:55:00+03:00,0.3901661328778834,0.16470579935487195
2026-07-28 16:00:00+03:00,0.40868120768937743,0.20175801182184894
2026-07-28 16:05:00+03:00,0.4532489760124577,0.2890524067276743
2026-07-28 16:10:00+03:00,0.49270790501357475,0.36507359663818645
2026-07-28 16:15:00+03:00,0.5312054837193195,0.4390660387795333
2026-07-28 16:20:00+03:00,0.5984416072799618,0.5705786803815157
2026-07-28 16:25:00+03:00,0.5608290838562188,0.4964452949419405
2026-07-28 16:30:00+03:00,0.4890801430395887,0.3581061286678162
2026-07-28 16:35:00+03:00,0.45186291631462916,0.286367059582455
2026-07-28 16:40:00+03:00,0.10729149355617187,-0.6378803179949093
2026-07-28 16:45:00+03:00,0.06995978737370692,-0.8628009248430422
2026-07-28 16:50:00+03:00,0.07560380385105465,-0.8226388800502582
2026-07-28 16:55:00+03:00,0.22213852046473173,-0.22246840223645586
2026-07-28 17:00:00+03:00,0.2262950768833842,-0.21099835328017535
2026-07-28 17:05:00+03:00,0.2981890508636182,-0.031763991139440895
2026-07-28 17:10:00+03:00,0.27024356696432184,-0.09773869915107081
2026-07-28 17:15:00+03:00,0.20488384003107257,-0.27181005920813023
2026-07-28 17:20:00+03:00,0.29532442090916083,-0.03835262146052626
2026-07-28 17:25:00+03:00,0.35541416929289155,0.09332668245413839
2026-07-28 17:30:00+03:00,0.33759230956392466,0.055542987712631664
2026-07-28 17:35:00+03:00,0.2798070230190627,-0.07471457788160463
2026-07-28 17:40:00+03:00,0.2608260689954204,-0.12091841434486539
2026-07-28 17:45:00+03:00,0.24769866710108152,-0.1541549445873992
2026-07-28 17:50:00+03:00,0.24032677298584967,-0.17333757577645215
2026-07-28 17:55:00+03:00,0.4373253919179114,0.2581066137457845
2026-07-29 09:55:00+03:00,0.01787844145433418,-1.5438135534184252
2026-07-29 10:00:00+03:00,0.027159725948689126,-1.3385540572742975
2026-07-29 10:05:00+03:00,0.04936732036382174,-1.0406517061512846
2026-07-29 10:10:00+03:00,0.0466012448010596,-1.0697230891647065
2026-07-29 10:14:28+03:00,0.007718382602328053,-1.9519388712408237
