Date,hmm_state,hmm_state_prob_0,hmm_state_prob_1,hmm_state_prob_2,hmm_state_prob_3
2026-05-07 09:55:00+03:00,3.0,1.1142727850241462e-189,6.824500864220054e-67,1.2039705992817311e-106,1.0
2026-05-07 10:00:00+03:00,3.0,8.01869461801111e-09,6.354206126011407e-05,2.4317038236806595e-06,0.9999340182162267
2026-05-07 10:05:00+03:00,3.0,1.186281474511627e-05,9.795318615819932e-06,0.0006792072834484067,0.9992991345835247
2026-05-07 10:10:00+03:00,3.0,2.5738534260386824e-14,0.00019590230618346573,9.591758155608117e-11,0.9998040975962322
2026-05-07 10:15:00+03:00,3.0,1.3818205044366004e-10,2.6575765437273666e-05,6.970073492817251e-08,0.9999733543939575
2026-05-07 10:20:00+03:00,3.0,1.5329335227396277e-09,1.89657713765523e-05,5.639894963579497e-07,0.9999804687047061
2026-05-07 10:25:00+03:00,3.0,1.4012401495009003e-07,9.768116611972066e-06,1.8297600248125165e-05,0.9999717941585706
2026-05-07 10:30:00+03:00,3.0,2.2223547844272005e-07,1.1443205669460446e-05,2.2746396180073447e-05,0.9999655881611232
2026-05-07 10:35:00+03:00,3.0,1.3061750401009847e-11,9.855328926395969e-05,1.6268449702593678e-08,0.9999014304282872
2026-05-07 10:40:00+03:00,3.0,1.0939735031487221e-08,1.9215371440621396e-05,2.8145852790561047e-06,0.999977959104468
2026-05-07 10:45:00+03:00,3.0,7.550829679434807e-17,6.066122381059892e-06,1.7306652806327553e-12,0.9999939338742752
2026-05-07 10:50:00+03:00,3.0,1.1390939755016303e-12,3.131214796900856e-06,3.018860896009273e-09,0.9999968657661161
2026-05-07 10:55:00+03:00,3.0,2.934050642796149e-12,2.9168446106933287e-06,5.6595946889619064e-09,0.9999970774922036
2026-05-07 11:00:00+03:00,3.0,2.1862663374459437e-10,4.114408076260284e-06,1.1406651999015685e-07,0.9999957713060491
2026-05-07 11:05:00+03:00,3.0,2.8158627186767036e-10,2.9174096516947294e-06,1.8799286144356805e-07,0.9999968943168848
2026-05-07 11:10:00+03:00,3.0,4.512268029959423e-09,2.567775152397113e-06,1.5074280539711493e-06,0.9999959202843003
2026-05-07 11:15:00+03:00,3.0,9.749595475313925e-12,6.766172201221419e-06,1.617572871075427e-07,0.9999930720608848
2026-05-07 11:20:00+03:00,3.0,4.640129877115168e-07,2.2515215186015237e-06,0.005097823961740389,0.9948994605051114
2026-05-07 11:25:00+03:00,3.0,8.917516800461491e-05,2.4905062075424245e-06,0.26813531044769234,0.7317730238787906
2026-05-07 11:30:00+03:00,2.0,0.00017373008610568728,1.6527809123763862e-06,0.6349875427283644,0.3648370744063995
2026-05-07 11:35:00+03:00,2.0,5.811249546738568e-05,1.1562357547755865e-06,0.8200419833344889,0.1798987479340311
2026-05-07 11:40:00+03:00,2.0,5.880710490407468e-05,5.130050053121359e-07,0.9396837902901365,0.0602568896009698
2026-05-07 11:45:00+03:00,2.0,2.312227567577992e-05,1.1648350152550133e-07,0.976783522551919,0.023193238689074736
2026-05-07 11:50:00+03:00,2.0,2.9370410012039777e-05,1.2705652422303163e-08,0.999436780811055,0.000533836073759972
2026-05-07 11:55:00+03:00,2.0,1.0882387947595127e-05,6.143118189214265e-09,0.999935113572709,5.3997895048766804e-05
2026-05-07 12:00:00+03:00,2.0,1.276610832811815e-05,8.489793534489242e-09,0.9999775166888006,9.708713546911964e-06
2026-05-07 12:05:00+03:00,2.0,3.250433753338286e-05,2.8576615305412904e-08,0.9999671932016166,2.7388532409062067e-07
2026-05-07 12:10:00+03:00,2.0,3.0308884287967915e-05,2.1635487634486623e-09,0.9999689096579552,7.792947681209857e-07
2026-05-07 12:15:00+03:00,2.0,3.036735212821632e-05,1.5632088995583963e-09,0.999968833488326,7.975945931270395e-07
2026-05-07 12:20:00+03:00,2.0,2.0519079686078426e-05,2.982599374688867e-09,0.9999750408664847,4.437072594051818e-06
2026-05-07 12:25:00+03:00,2.0,4.556107603070406e-05,4.29555799277835e-09,0.9999543759771585,5.865232829150362e-08
2026-05-07 12:30:00+03:00,2.0,3.7953471057209855e-05,1.4169698133171908e-09,0.999961263006262,7.8210536641155e-07
2026-05-07 12:35:00+03:00,2.0,5.219819240664383e-05,3.0835166492988998e-09,0.9999477063569688,9.236795269175e-08
2026-05-07 12:40:00+03:00,2.0,4.680557228022424e-05,1.343087635907469e-09,0.9999526819037268,5.111819508092532e-07
2026-05-07 12:45:00+03:00,2.0,6.010541234261428e-05,5.940403818962686e-09,0.9999398590703175,2.95754149612793e-08
2026-05-07 12:50:00+03:00,2.0,4.084705981032246e-05,2.2169430080104263e-09,0.9999586960165467,4.547072828708114e-07
2026-05-07 12:55:00+03:00,2.0,4.199325082753014e-05,4.5834951595847505e-09,0.9999576606183226,3.415461177110828e-07
2026-05-07 13:00:00+03:00,2.0,3.167391665938276e-05,6.953971681418922e-09,0.9999676588004434,6.603282732214997e-07
2026-05-07 13:05:00+03:00,2.0,4.343745492471939e-05,2.381464407870406e-09,0.9999562177380087,3.424238346455032e-07
2026-05-07 13:10:00+03:00,2.0,4.5059368645817814e-05,4.032633536528475e-09,0.999954457038545,4.795589971771259e-07
2026-05-07 13:15:00+03:00,2.0,4.3465348032396445e-05,3.246092363542488e-09,0.9999562028811538,3.285249776638406e-07
2026-05-07 13:20:00+03:00,2.0,5.360594093689696e-05,4.788861171476488e-09,0.9999462930043548,9.62641539911256e-08
2026-05-07 13:25:00+03:00,2.0,4.6084523698654e-05,3.0021583685033927e-09,0.9999535732868046,3.39186775286114e-07
2026-05-07 13:30:00+03:00,2.0,4.36332422941116e-05,3.5409948475341747e-09,0.9999561374877132,2.2572844697456726e-07
2026-05-07 13:35:00+03:00,2.0,2.0480486927031225e-05,2.2558147459419308e-08,0.9999781055662772,1.3913892225461815e-06
2026-05-07 13:40:00+03:00,2.0,3.007950418478491e-05,4.337275694392904e-09,0.9999682841889872,1.6319709843952565e-06
2026-05-07 13:45:00+03:00,2.0,3.075401657215416e-05,1.6941479852666915e-09,0.999967720007459,1.524280358017075e-06
2026-05-07 13:50:00+03:00,2.0,3.793450156965274e-05,1.8863180250134156e-09,0.9999618067504004,2.5686041287200813e-07
2026-05-07 13:55:00+03:00,2.0,2.8591935668910557e-05,1.452570210328404e-09,0.9999703881895293,1.018420561027842e-06
2026-05-07 14:00:00+03:00,2.0,2.6964019069183208e-05,3.736963302854784e-09,0.9999699013260855,3.1309194977047156e-06
2026-05-07 14:05:00+03:00,2.0,2.589661185480409e-05,1.6137772610750575e-09,0.9999730102940463,1.0914796118592947e-06
2026-05-07 14:10:00+03:00,2.0,2.686025427217899e-05,1.3594038615373207e-09,0.9999718192635545,1.3191223271364055e-06
2026-05-07 14:15:00+03:00,2.0,2.6851674926781578e-05,1.259947961455827e-09,0.9999717624144634,1.384650484011758e-06
2026-05-07 14:20:00+03:00,2.0,2.395672551369683e-05,5.566741562963236e-09,0.9999717739792715,4.2637291937952325e-06
2026-05-07 14:25:00+03:00,2.0,3.522073600358594e-05,1.7306444932871391e-09,0.9999642501885606,5.273465688264247e-07
2026-05-07 14:30:00+03:00,2.0,4.124516310064956e-05,1.3449728590209849e-09,0.999958293752823,4.5973750730813086e-07
2026-05-07 14:35:00+03:00,2.0,4.0182224712842e-05,1.3904294366964533e-09,0.9999592092488051,6.071354715644454e-07
2026-05-07 14:40:00+03:00,2.0,4.15479625983902e-05,1.2987881537701958e-09,0.9999578562969366,5.944424235759138e-07
2026-05-07 14:45:00+03:00,2.0,4.6827922004430185e-05,2.4337306539300474e-09,0.9999529974798669,1.7216342157458233e-07
2026-05-07 14:50:00+03:00,2.0,3.0864317990911815e-05,8.88323373500582e-09,0.9999687137116141,4.130870157707057e-07
2026-05-07 14:55:00+03:00,2.0,3.604600326638843e-05,1.7783048850136027e-09,0.9999633524952167,5.997236452210156e-07
2026-05-07 15:00:00+03:00,2.0,4.577463519494251e-05,2.4778915388928773e-09,0.9999539070377302,3.158495427293041e-07
2026-05-07 15:05:00+03:00,2.0,3.815359287414879e-05,1.5020355897124934e-09,0.999961220523592,6.243802784769134e-07
2026-05-07 15:10:00+03:00,2.0,4.871153914040245e-05,2.5868336112112542e-09,0.9999508850834952,4.007888355154608e-07
2026-05-07 15:15:00+03:00,2.0,5.492555782939304e-05,4.112621830188816e-09,0.9999449989001176,7.143011730897904e-08
2026-05-07 15:20:00+03:00,2.0,3.751100868892216e-05,2.3577315027885226e-08,0.9999599856385107,2.479775751206739e-06
2026-05-07 15:25:00+03:00,2.0,6.648080169456773e-06,8.041349793064693e-06,0.9992781482207527,0.0007071623479010577
2026-05-07 15:30:00+03:00,2.0,1.0201045414552826e-05,3.138827799433037e-08,0.9999608420430265,2.8925524242846218e-05
2026-05-07 15:35:00+03:00,2.0,7.07787726852721e-06,2.240591038932132e-07,0.9998318176292352,0.0001608804357640633
2026-05-07 15:40:00+03:00,2.0,1.1301177531235525e-05,5.374371371481782e-09,0.9999656472726084,2.3046174767969586e-05
2026-05-07 15:45:00+03:00,2.0,1.3745598594520685e-05,5.6526770236515015e-09,0.9999683063508514,1.7942396784151378e-05
2026-05-07 15:50:00+03:00,2.0,6.424424670238117e-06,2.548332253618061e-08,0.9998941642646614,9.938582870159225e-05
2026-05-07 15:55:00+03:00,2.0,8.933267572512272e-06,1.935551229191617e-08,0.9999038339814564,8.721339562465075e-05
2026-05-07 16:00:00+03:00,2.0,4.6413944142835794e-06,7.94197741852101e-08,0.9996291437755658,0.00036613541164958157
2026-05-07 16:05:00+03:00,2.0,6.729406096054355e-06,3.172959511615687e-08,0.999715311035253,0.0002779278285007415
2026-05-07 16:10:00+03:00,2.0,6.417195352780225e-06,2.6839967009735883e-08,0.9998524437968801,0.00014111216759886676
2026-05-07 16:15:00+03:00,2.0,1.3642207775640586e-05,9.993239313177216e-09,0.99993954998081,4.679781688737514e-05
2026-05-07 16:20:00+03:00,2.0,1.3979270223231677e-05,4.285729792039236e-09,0.9999724058749156,1.3610570373488142e-05
2026-05-07 16:25:00+03:00,2.0,1.854080901446321e-05,3.946233489574079e-09,0.9999729883867294,8.466857922214618e-06
2026-05-07 16:30:00+03:00,2.0,3.2673002975010006e-05,1.2702771276423188e-08,0.9999317498158482,3.5564477155108096e-05
2026-05-07 16:35:00+03:00,2.0,7.375906778034822e-05,1.7985186094281135e-09,0.9999235299646465,2.7091705238664437e-06
2026-05-07 16:40:00+03:00,2.0,6.151427543465724e-05,1.9179229520512793e-09,0.9999371034308873,1.380374129243018e-06
2026-05-07 16:45:00+03:00,2.0,5.170152626832315e-05,1.8433902851690425e-09,0.9999468325277975,1.464104111110762e-06
2026-05-07 16:50:00+03:00,2.0,0.00012753905740596334,2.9355662098094315e-09,0.9998717747254927,6.83283023487574e-07
2026-05-07 16:55:00+03:00,2.0,0.0002661919388858795,8.018780930602091e-09,0.9997196991549553,1.4100886546115783e-05
2026-05-07 17:00:00+03:00,2.0,0.00038895610654009276,4.595386531107143e-09,0.9996098519942365,1.1873037951170046e-06
2026-05-07 17:05:00+03:00,2.0,0.0005857859743762122,2.074021312402869e-08,0.9993913761944245,2.2817091012266234e-05
2026-05-07 17:10:00+03:00,2.0,0.0008674673260167035,4.2242558804084824e-08,0.9990614071959425,7.108323648008323e-05
2026-05-07 17:15:00+03:00,2.0,0.0009956620466330154,6.183945124039179e-08,0.9989378226286901,6.645348437068426e-05
2026-05-07 17:20:00+03:00,2.0,0.0008738190808776781,6.512141579489538e-06,0.9981335368995329,0.0009861318763087863
2026-05-07 17:25:00+03:00,2.0,0.00033219443028649975,6.631297248021283e-07,0.9980196490627864,0.0016474933755000428
2026-05-07 17:30:00+03:00,2.0,0.00029491311489022835,1.0929855681471973e-06,0.9983428445064197,0.0013611493917606284
2026-05-07 17:35:00+03:00,2.0,3.1050440577865005e-05,4.961669198834021e-06,0.9902163005166674,0.009747687372450142
2026-05-07 17:40:00+03:00,2.0,1.4357096573396396e-05,1.6456399658977416e-06,0.987389050753184,0.012594946509695785
2026-05-07 17:45:00+03:00,2.0,2.1483821685004984e-05,1.693424543703403e-06,0.9840079868604863,0.015968835894602008
2026-05-07 17:50:00+03:00,2.0,3.144706703613721e-05,4.6499288598744996e-05,0.9697280972530362,0.030193956391794816
2026-05-07 17:55:00+03:00,2.0,0.00021274358137704082,0.004775250221266477,0.9625749986330917,0.0324370075639833
2026-05-08 09:55:00+03:00,1.0,1.287371855926289e-45,0.9999999998726707,7.653819640388327e-32,1.2843855404390184e-10
2026-05-08 10:00:00+03:00,1.0,1.2480804068246941e-50,0.9999894953586268,1.737012483616868e-28,1.0504640908198029e-05
2026-05-08 10:05:00+03:00,1.0,1.1870864268555521e-48,0.9999854244386325,1.1637860519349378e-33,1.4575562221618142e-05
2026-05-08 10:10:00+03:00,1.0,1.0454508011192882e-44,0.9999229976673333,5.32012327055837e-29,7.700233361920162e-05
2026-05-08 10:15:00+03:00,1.0,8.013537110911181e-49,0.9999889273962271,2.5803792205934586e-31,1.1072605528158951e-05
2026-05-08 10:20:00+03:00,1.0,1.9974724625566125e-50,0.9999904479865659,2.131144355002639e-31,9.55201443199555e-06
2026-05-08 10:25:00+03:00,1.0,1.3801398993292737e-51,0.9999939734916248,9.455421531274072e-32,6.026508904452647e-06
2026-05-08 10:30:00+03:00,1.0,4.707457913611007e-52,0.999994345323629,5.444896804394242e-32,5.6546766959462215e-06
2026-05-08 10:35:00+03:00,1.0,9.415900441132035e-53,0.999977391410549,4.287747983319341e-34,2.2608588497237237e-05
2026-05-08 10:40:00+03:00,1.0,8.878055117085002e-50,0.995384404229856,3.134432321361447e-32,0.004615595769308335
2026-05-08 10:45:00+03:00,3.0,2.3697678652068537e-32,0.4379101238320876,1.0524290520290818e-19,0.5620898761663174
2026-05-08 10:50:00+03:00,3.0,3.9478871294798905e-23,0.05866267020717794,1.6042608542995107e-14,0.9413373297925279
2026-05-08 10:55:00+03:00,3.0,3.4259855187989024e-19,0.01097280202281883,1.1725213861911087e-10,0.9890271978615037
2026-05-08 11:00:00+03:00,3.0,7.567084232846373e-19,0.0022995231158880044,1.749977947089742e-09,0.9977004751335835
2026-05-08 11:05:00+03:00,3.0,2.1792660769698014e-12,0.0002734187601454191,0.0014079857367723114,0.9983185955012628
2026-05-08 11:10:00+03:00,3.0,1.7454098708097326e-09,3.332491868296247e-05,0.16688760939944577,0.8330790639365454
2026-05-08 11:15:00+03:00,2.0,3.609033843177245e-09,5.678923946073882e-06,0.8480176119370909,0.15197670553027723
2026-05-08 11:20:00+03:00,2.0,3.9068604717299e-09,4.459311062273277e-07,0.9836636628061245,0.016335887355161526
2026-05-08 11:25:00+03:00,2.0,5.122951971251167e-09,2.9138753875175595e-08,0.999621284093379,0.0003786816431503431
2026-05-08 11:30:00+03:00,2.0,4.4700157042054074e-09,6.765139763734545e-09,0.9999955215926329,4.467170776568677e-06
2026-05-08 11:35:00+03:00,2.0,6.878640437066783e-09,9.028983765701476e-09,0.9999994024730734,5.816208086352136e-07
2026-05-08 11:40:00+03:00,2.0,8.21185167807406e-09,8.658462951197112e-09,0.9999994416868243,5.414424698804934e-07
2026-05-08 11:45:00+03:00,2.0,3.1296014852636985e-10,1.957682539087255e-08,0.9999987453564839,1.2347544704022816e-06
2026-05-08 11:50:00+03:00,2.0,9.09508577007914e-09,1.8802066885895616e-08,0.9999973328121186,2.6392895988452555e-06
2026-05-08 11:55:00+03:00,2.0,2.2812849065558813e-09,1.0532413537894078e-08,0.9999995761246271,4.110613266782217e-07
2026-05-08 12:00:00+03:00,2.0,1.6914338890382608e-08,7.781444583718228e-08,0.999999387306349,5.179654146445243e-07
2026-05-08 12:05:00+03:00,2.0,1.2627340830225091e-06,2.4132627287492897e-06,0.9995247335438899,0.0004715904579988962
2026-05-08 12:10:00+03:00,2.0,7.353017842351038e-07,2.845287957761298e-08,0.9999706355138632,2.86007296624841e-05
2026-05-08 12:15:00+03:00,2.0,1.298615403827867e-07,1.6538103751864218e-08,0.9999829599579522,1.689364365103915e-05
2026-05-08 12:20:00+03:00,2.0,2.831245610169511e-08,2.3410054814250532e-08,0.9999941817792298,5.766496929412387e-06
2026-05-08 12:25:00+03:00,2.0,1.4581468883794475e-07,2.6831197205135535e-08,0.9999827907584553,1.703659505673831e-05
2026-05-08 12:30:00+03:00,2.0,1.0579660843529064e-07,1.4226842768551363e-08,0.9999821865807912,1.7693395495896773e-05
2026-05-08 12:35:00+03:00,2.0,2.5405233208704878e-08,1.4298188464426834e-08,0.999995208033055,4.752262608828591e-06
2026-05-08 12:40:00+03:00,2.0,7.408249622054121e-09,2.8470804027532678e-08,0.9999994936917036,4.704305908536543e-07
2026-05-08 12:45:00+03:00,2.0,4.7728835698347034e-08,8.007568574084443e-08,0.999998438184176,1.4340117222075723e-06
2026-05-08 12:50:00+03:00,2.0,1.1653282869253559e-11,2.650050894210779e-06,0.9997401198994875,0.00025723003927330016
2026-05-08 12:55:00+03:00,2.0,1.1478267083236713e-09,5.0717919612649695e-08,0.9999909868026053,8.96133155638998e-06
2026-05-08 13:00:00+03:00,2.0,1.7039245139969047e-09,1.0892576850694179e-08,0.9999985497353521,1.4376682047559327e-06
2026-05-08 13:05:00+03:00,2.0,4.0432977976041085e-10,2.4431107930170022e-08,0.9999995196013759,4.555622869030748e-07
2026-05-08 13:10:00+03:00,2.0,4.265598817876666e-10,1.0188669650648939e-08,0.9999983993269858,1.5900582867331059e-06
2026-05-08 13:15:00+03:00,2.0,5.2484753284424046e-09,4.138199135745369e-08,0.999998127799633,1.8255685285088761e-06
2026-05-08 13:20:00+03:00,2.0,3.0086307077231396e-08,1.43415140071606e-07,0.9999871739805161,1.2652517597971985e-05
2026-05-08 13:25:00+03:00,2.0,6.716471074968787e-07,2.0980629086130045e-06,0.9995716085428217,0.0004256217460761024
2026-05-08 13:30:00+03:00,2.0,7.182926498737676e-05,1.0314436385117633e-05,0.9972215693003854,0.0026962869996754115
2026-05-08 13:35:00+03:00,2.0,0.0011135722793632658,2.3841667024027088e-07,0.9965080346260061,0.0023781546767000657
2026-05-08 13:40:00+03:00,2.0,0.01020915741537392,2.642833227812733e-07,0.9889590377199751,0.0008315405802455804
2026-05-08 13:45:00+03:00,2.0,0.012818584035834147,2.266177609138687e-07,0.9864324317344034,0.0007487576123447535
2026-05-08 13:50:00+03:00,2.0,0.0018954867072122864,9.687706636781964e-08,0.997904981383085,0.00019943503155822414
2026-05-08 13:55:00+03:00,2.0,6.475819560981518e-06,7.215444544504555e-08,0.9999299359031876,6.351612370702495e-05
2026-05-08 14:00:00+03:00,2.0,3.0951648741600725e-05,1.9161171240305943e-07,0.9996460145737622,0.0003228421675695647
2026-05-08 14:05:00+03:00,2.0,0.00011277383473931235,1.061746358846182e-07,0.9995152469622668,0.00037187302796433906
2026-05-08 14:10:00+03:00,2.0,1.0589551401859244e-06,5.4036616434419786e-08,0.999802748491492,0.00019613851727257392
2026-05-08 14:15:00+03:00,2.0,8.552197340980275e-07,1.6961266812305123e-08,0.9999573336361338,4.1794181466734495e-05
2026-05-08 14:20:00+03:00,2.0,2.739830572259504e-08,6.041858776765636e-08,0.9999639414589363,3.597072439456353e-05
2026-05-08 14:25:00+03:00,2.0,2.7314234292568514e-07,9.453164114414101e-08,0.9997846376662438,0.00021499465941985334
2026-05-08 14:30:00+03:00,2.0,1.4091255816356576e-08,7.509522214790042e-08,0.9998448723190637,0.00015503849583419388
2026-05-08 14:35:00+03:00,2.0,9.949610806877598e-08,2.4680088593296573e-08,0.9999305474702438,6.932835387236217e-05
2026-05-08 14:40:00+03:00,2.0,2.1901991316812046e-07,9.626440169410288e-09,0.9999766679350465,2.310341773940678e-05
2026-05-08 14:45:00+03:00,2.0,3.0302892611144593e-07,1.3984963795334978e-08,0.9999960243046094,3.6586822666434474e-06
2026-05-08 14:50:00+03:00,2.0,3.2314333039040927e-07,8.21228109695132e-09,0.9999951610742507,4.5075711468550205e-06
2026-05-08 14:55:00+03:00,2.0,3.29231503767809e-07,7.245856450127753e-09,0.9999948158136023,4.847710070372974e-06
2026-05-08 15:00:00+03:00,2.0,3.582788234817388e-07,6.617437239945235e-09,0.9999949731553824,4.661949892490728e-06
2026-05-08 15:05:00+03:00,2.0,5.417215710988997e-06,4.324849923271595e-08,0.999993406217893,1.1333181733459215e-06
2026-05-08 15:10:00+03:00,2.0,0.00013137283802194466,1.8902569284450499e-07,0.9998342651946364,3.417294158188572e-05
2026-05-08 15:15:00+03:00,2.0,0.03327380856018027,1.6428596989127783e-06,0.9636559486352044,0.0030685999444117723
2026-05-08 15:20:00+03:00,2.0,0.1558709209797563,4.979937046130272e-07,0.8423072959668086,0.001821285058678175
2026-05-08 15:25:00+03:00,0.0,0.6712918135533753,6.427703077574584e-06,0.32619509712661476,0.0025066616160028025
2026-05-08 15:30:00+03:00,0.0,0.9786104459224682,1.968896645915322e-05,0.003593680152349957,0.01777618496031702
2026-05-08 15:35:00+03:00,0.0,0.9793663689528356,1.2094745168422645e-06,0.001381289385486021,0.019251132188123615
2026-05-08 15:40:00+03:00,0.0,0.97831092892188,4.290011227292523e-07,4.3949503919435695e-05,0.021644692572180036
2026-05-08 15:45:00+03:00,0.0,0.9663851664671991,6.407965268983709e-07,3.955373629743334e-05,0.033574639000575314
2026-05-08 15:50:00+03:00,0.0,0.8468171745130131,9.101261957230091e-06,6.880224727137741e-06,0.15316684399904767
2026-05-08 15:55:00+03:00,0.0,0.6641130818608915,1.3432439190549125e-05,0.0002156015573573956,0.3356578841413401
2026-05-08 16:00:00+03:00,0.0,0.6300242435837202,1.236282521343522e-06,4.408541713968387e-05,0.3699304347148218
2026-05-08 16:05:00+03:00,0.0,0.5966228241980989,1.9139472200055627e-06,0.00010938642697779681,0.40326587542665215
2026-05-08 16:10:00+03:00,3.0,0.4152170956557113,1.0724792141416319e-05,0.0005572749690015301,0.5842149045842685
2026-05-08 16:15:00+03:00,3.0,0.25349661807884566,8.422979425070963e-06,0.0014913982203259046,0.7450035607207385
2026-05-08 16:20:00+03:00,3.0,0.15670548274428828,1.1873692420696192e-05,0.0012764875232488472,0.8420061560390157
2026-05-08 16:25:00+03:00,3.0,0.016963144550856665,1.6162685238794725e-05,3.0467651518934883e-05,0.9829902251130249
2026-05-08 16:30:00+03:00,3.0,0.003944524775574357,8.349299910529543e-06,1.696733702709897e-05,0.9960301585891468
2026-05-08 16:35:00+03:00,3.0,0.000684776204472189,8.429437955559846e-05,6.747942035077552e-06,0.9992241814745101
2026-05-08 16:40:00+03:00,3.0,7.346735955090309e-07,5.134275750045539e-06,5.257467153196355e-09,0.9999941257947013
2026-05-08 16:45:00+03:00,3.0,4.17914735564251e-05,1.0081076859245138e-06,3.2697029652121234e-07,0.999956873447918
2026-05-08 16:50:00+03:00,3.0,7.49427854161968e-05,6.916999726781341e-07,8.889128343405435e-08,0.9999242766248019
2026-05-08 16:55:00+03:00,3.0,1.1230388443952464e-05,9.342467511644535e-07,1.9897580041139364e-07,0.9999876363872643
2026-05-08 17:00:00+03:00,3.0,8.513552967939783e-05,8.229492938222345e-07,1.1710717703811606e-06,0.9999128704491759
2026-05-08 17:05:00+03:00,3.0,1.646197951451944e-06,1.8800058027738394e-06,1.0772699314629218e-06,0.9999953965267654
2026-05-08 17:10:00+03:00,3.0,7.1708836123873995e-06,1.2556600938313595e-06,8.162907179452133e-06,0.9999834105504305
2026-05-08 17:15:00+03:00,3.0,1.1810645686909286e-05,2.025254449045267e-06,4.2859929291436985e-05,0.9999433041695841
2026-05-08 17:20:00+03:00,3.0,8.487727254275515e-06,2.7791432660345367e-06,7.075048126158223e-05,0.9999179826466617
2026-05-08 17:25:00+03:00,3.0,4.3246965360781524e-14,4.149495660315725e-05,1.1970976047344927e-09,0.9999585038446346
2026-05-08 17:30:00+03:00,3.0,6.674264945494772e-09,9.173047383150843e-06,4.052186533175964e-05,0.9999502984120028
2026-05-08 17:35:00+03:00,3.0,3.385080707619995e-08,9.27825610521701e-06,0.00023975001126488966,0.9997509378809651
2026-05-08 17:40:00+03:00,3.0,1.1988350832818025e-07,2.1270084994946595e-05,0.0009432773489762073,0.9990353326817818
2026-05-08 17:45:00+03:00,3.0,2.3623859863255888e-07,1.4707849721025445e-05,0.006979384731301077,0.993005671180927
2026-05-08 17:50:00+03:00,3.0,2.2218272498535147e-07,5.0930303999766693e-05,0.023058584358530667,0.9768902631541869
2026-05-08 17:55:00+03:00,3.0,4.995651901784131e-06,0.008667846868718075,0.06091072529115902,0.9304164321877332
2026-05-11 09:55:00+03:00,1.0,3.9114455908754254e-32,0.9999255139867165,4.349095723609388e-20,7.448601428320556e-05
2026-05-11 10:00:00+03:00,3.0,4.992310990557211e-27,0.07225208301536269,1.5983758205625106e-14,0.9277479169852328
2026-05-11 10:05:00+03:00,3.0,1.139321015778101e-22,0.004648240547329893,2.5144757376144977e-13,0.9953517594532603
2026-05-11 10:10:00+03:00,3.0,5.017632693041935e-22,0.000530038950639566,4.082270020518297e-12,0.9994699610467309
2026-05-11 10:15:00+03:00,3.0,5.604604263621115e-22,0.00018765108611854756,1.2988912134972838e-11,0.9998123488994116
2026-05-11 10:20:00+03:00,3.0,6.2134671702683545e-22,0.00018911352734122603,3.668194221995001e-11,0.9998108864346372
2026-05-11 10:25:00+03:00,3.0,1.0216553393009177e-20,0.00011293138817976013,4.1455316591903933e-11,0.999887068570245
2026-05-11 10:30:00+03:00,3.0,4.473268989870067e-19,7.538684011709587e-05,1.0739132825172882e-09,0.9999246120865836
2026-05-11 10:35:00+03:00,3.0,5.825676864120781e-19,7.680920481777948e-05,1.3682270703104257e-09,0.9999231894286372
2026-05-11 10:40:00+03:00,3.0,1.2530217996576251e-17,4.87330718433245e-05,4.162211433114061e-06,0.9999471047178504
2026-05-11 10:45:00+03:00,2.0,9.659604816905255e-10,7.570532910357161e-06,0.875268716079034,0.12472371242194231
2026-05-11 10:50:00+03:00,2.0,2.1219621560634706e-10,9.295131751389321e-07,0.9959762606397791,0.004022809634884255
2026-05-11 10:55:00+03:00,2.0,9.77944844829277e-12,3.5970715114531206e-06,0.9993564450108027,0.0006399579063620119
2026-05-11 11:00:00+03:00,2.0,2.5176040778693936e-10,8.5477571396201e-06,0.9968331833868361,0.0031582686038747042
2026-05-11 11:05:00+03:00,2.0,4.412660727065371e-11,1.8897673613400943e-07,0.999717737541179,0.00028207343742480366
2026-05-11 11:10:00+03:00,2.0,6.702646469053122e-11,2.0211753157364762e-08,0.9999906463382094,9.333381292027915e-06
2026-05-11 11:15:00+03:00,2.0,7.839768079471534e-11,1.3223343465867815e-08,0.9999972233856519,2.763311689409226e-06
2026-05-11 11:20:00+03:00,2.0,5.212313904546282e-12,1.1384476569070251e-07,0.9999900520328131,9.834117176957823e-06
2026-05-11 11:25:00+03:00,2.0,5.481823460832403e-11,7.252805842033686e-08,0.9999857969623019,1.4130455711473884e-05
2026-05-11 11:30:00+03:00,2.0,4.699214515015219e-10,4.487294336977373e-08,0.9999795003959926,2.0454261447825816e-05
2026-05-11 11:35:00+03:00,2.0,1.257988102899704e-10,3.660593742800376e-08,0.9999828709999762,1.7092268943617158e-05
2026-05-11 11:40:00+03:00,2.0,1.7015636854602782e-10,3.215594591782938e-08,0.9999948547070329,5.11296773066761e-06
2026-05-11 11:45:00+03:00,2.0,4.986627780074344e-11,6.541093354586347e-08,0.999994374103517,5.56043478801047e-06
2026-05-11 11:50:00+03:00,2.0,2.6561589635768656e-10,1.3692135022416994e-08,0.9999961522772893,3.833766004459783e-06
2026-05-11 11:55:00+03:00,2.0,8.649053375719288e-11,2.5062845848431e-08,0.9999978662258427,2.1086253696286056e-06
2026-05-11 12:00:00+03:00,2.0,1.5196628583612157e-10,1.132336509922648e-07,0.9999998399253073,4.669037604525582e-08
2026-05-11 12:05:00+03:00,2.0,3.0454233583921276e-10,1.4591769072147532e-08,0.9999979514780598,2.0336251531340467e-06
2026-05-11 12:10:00+03:00,2.0,1.1018550240307672e-10,1.54360567879183e-08,0.9999995906328806,3.938191921259772e-07
2026-05-11 12:15:00+03:00,2.0,1.2650361119476353e-10,9.453613724414402e-09,0.9999996264960616,3.639246616527886e-07
2026-05-11 12:20:00+03:00,2.0,1.3872924940224978e-10,1.7966550821034337e-08,0.9999997404120559,2.414830271493748e-07
2026-05-11 12:25:00+03:00,2.0,3.721263484188989e-11,3.254407253621515e-08,0.9999994488645525,5.185532396443395e-07
2026-05-11 12:30:00+03:00,2.0,1.671635778459707e-10,3.646631015200019e-08,0.9999998870407644,7.632614016789255e-08
2026-05-11 12:35:00+03:00,2.0,1.335140639123926e-10,1.4477215925584616e-08,0.9999997536215536,2.31768216649539e-07
2026-05-11 12:40:00+03:00,2.0,1.2345288115681412e-09,1.561617529405084e-08,0.9999994843675687,4.987815062109878e-07
2026-05-11 12:45:00+03:00,2.0,3.354913086653672e-10,1.0615672610874836e-08,0.9999998024395804,1.8660874789559007e-07
2026-05-11 12:50:00+03:00,2.0,1.3763544313258487e-10,4.061557660459341e-08,0.9999999376559592,2.1591881241931914e-08
2026-05-11 12:55:00+03:00,2.0,4.1192070837153456e-10,1.353042975131213e-08,0.9999998548337422,1.3122290038868626e-07
2026-05-11 13:00:00+03:00,2.0,9.568651278604374e-11,1.855217251393321e-08,0.999999798525116,1.8282631140350536e-07
2026-05-11 13:05:00+03:00,2.0,1.283856685616357e-10,2.8806666088333728e-08,0.9999999300816877,4.098351608779541e-08
2026-05-11 13:10:00+03:00,2.0,3.774969051773393e-10,1.2941332641198824e-08,0.9999997943123374,1.9236873583460434e-07
2026-05-11 13:15:00+03:00,2.0,1.0395993468659498e-10,1.9890329948987557e-08,0.9999998691710147,1.1083581448956738e-07
2026-05-11 13:20:00+03:00,2.0,3.6686054537398093e-10,1.3469522658733937e-08,0.9999997754094035,2.1075303209199105e-07
2026-05-11 13:25:00+03:00,2.0,9.431001576197112e-11,1.591507748136576e-08,0.9999997926206776,1.9137098584870152e-07
2026-05-11 13:30:00+03:00,2.0,3.462554764480601e-11,3.725797059044168e-08,0.999999823296109,1.3941300565095781e-07
2026-05-11 13:35:00+03:00,2.0,1.3212286252625095e-10,3.984332967278388e-08,0.9999999011633967,5.886287533338793e-08
2026-05-11 13:40:00+03:00,2.0,1.1664324936138767e-10,2.146465438668007e-08,0.9999998787825535,9.963458497238717e-08
2026-05-11 13:45:00+03:00,2.0,3.1024676151237365e-11,5.393605969379305e-08,0.9999997868544824,1.5917810844242147e-07
2026-05-11 13:50:00+03:00,2.0,1.2679462532838332e-10,4.730422558808693e-08,0.9999998870007467,6.556816694059858e-08
2026-05-11 13:55:00+03:00,2.0,2.914167931854072e-11,5.184383876500039e-08,0.9999997883751572,1.5975208014275405e-07
2026-05-11 14:00:00+03:00,2.0,1.0794162753678426e-10,2.983955224128801e-08,0.999999789906746,1.8014437293578657e-07
2026-05-11 14:05:00+03:00,2.0,3.0443052171005986e-11,4.909118667843229e-08,0.9999997890445451,1.6183277563146602e-07
2026-05-11 14:10:00+03:00,2.0,3.9148457163403575e-11,5.526498581471721e-08,0.9999998796920481,6.500224322033952e-08
2026-05-11 14:15:00+03:00,2.0,3.448532679991669e-11,4.465052761327497e-08,0.9999998039529793,1.5136313248245541e-07
2026-05-11 14:20:00+03:00,2.0,1.1769081835144429e-11,1.568362587231576e-07,0.9999997275772701,1.1557458896119752e-07
2026-05-11 14:25:00+03:00,2.0,3.17496292159762e-11,9.646528425735012e-08,0.9999997157793081,1.877254661275219e-07
2026-05-11 14:30:00+03:00,2.0,3.341985443286222e-11,5.288371205962355e-08,0.9999998080384287,1.3904562561327748e-07
2026-05-11 14:35:00+03:00,2.0,3.333965550071031e-11,1.187538943542685e-07,0.9999998018284001,7.938441479467543e-08
2026-05-11 14:40:00+03:00,2.0,3.565939126535518e-11,1.2494786780129455e-07,0.9999998103230789,6.469440509886072e-08
2026-05-11 14:45:00+03:00,2.0,3.3212012389129146e-11,1.3149702822996952e-07,0.9999997628656555,1.0560325835430023e-07
2026-05-11 14:50:00+03:00,2.0,4.217292176686453e-11,5.604217972486681e-07,0.9999994252395314,1.4296612584600259e-08
2026-05-11 14:55:00+03:00,2.0,1.1301082099685092e-11,8.952530206488589e-07,0.9999990379551571,6.67804413724178e-08
2026-05-11 15:00:00+03:00,2.0,3.123036397091717e-11,2.1733777403957966e-07,0.9999996139559534,1.686751439053324e-07
2026-05-11 15:05:00+03:00,2.0,3.4664042071919807e-11,2.2899553126917033e-07,0.999999720377712,5.059105083779084e-08
2026-05-11 15:10:00+03:00,2.0,3.1034099420724774e-11,3.8139481064633043e-07,0.9999995495528415,6.901981056178153e-08
2026-05-11 15:15:00+03:00,2.0,2.4605477525315995e-11,6.485705401869313e-07,0.99999918769787,1.6370735795521072e-07
2026-05-11 15:20:00+03:00,2.0,2.664012059628155e-11,8.062202340996001e-07,0.9999990949767837,9.87762532926105e-08
2026-05-11 15:25:00+03:00,2.0,3.00546177343804e-11,5.360033610562235e-07,0.9999993729690834,9.099918626057565e-08
2026-05-11 15:30:00+03:00,2.0,4.120443535733496e-09,1.1345222729791992e-07,0.9999997937957444,8.863235755551222e-08
2026-05-11 15:35:00+03:00,2.0,1.3397616425907747e-08,4.989407499769737e-08,0.9999997766062984,1.6010230910068588e-07
2026-05-11 15:40:00+03:00,2.0,1.551826301197278e-08,9.239256845601747e-06,0.9999905621889122,1.8303609390914743e-07
2026-05-11 15:45:00+03:00,2.0,9.246341114174643e-08,0.005559447871798346,0.9944157856087338,2.467405727893105e-05
2026-05-11 15:50:00+03:00,1.0,4.820386771902766e-16,0.9191758480917864,0.0002803183773038726,0.08054383352995974
2026-05-11 15:55:00+03:00,3.0,2.0871940966003544e-12,0.17122263759822753,0.00015177829949391186,0.8286255841018386
2026-05-11 16:00:00+03:00,3.0,6.154327956469876e-09,0.0031536143571178495,2.453679759400207e-05,0.9968218426903627
2026-05-11 16:05:00+03:00,3.0,2.1184227514183568e-08,3.595706303475984e-05,1.7905507802190348e-05,0.9999461162444739
2026-05-11 16:10:00+03:00,3.0,6.128825860556383e-08,8.829600686930892e-06,4.739641306082183e-05,0.9999437126988003
2026-05-11 16:15:00+03:00,3.0,4.7865347751753884e-08,7.556770132987025e-06,4.140672564692902e-05,0.999950988637119
2026-05-11 16:20:00+03:00,3.0,1.1453798133777478e-07,5.823789141385035e-06,3.483454593701121e-05,0.9999592271287417
2026-05-11 16:25:00+03:00,3.0,1.2913228831094053e-07,5.007881237327175e-06,2.2228713135854623e-05,0.9999726342718626
2026-05-11 16:30:00+03:00,3.0,5.76976673503158e-07,1.0118419940814194e-05,0.000231115784743722,0.9997581888190878
2026-05-11 16:35:00+03:00,3.0,7.404178115323538e-05,2.072685967804996e-06,0.006255160254469813,0.9936687252796086
2026-05-11 16:40:00+03:00,2.0,0.412447405416949,1.9458393977587758e-07,0.5256648661581007,0.06188753383968886
2026-05-11 16:45:00+03:00,2.0,0.4638956977907477,1.0398797007915345e-08,0.5359367292650487,0.00016756254443945693
2026-05-11 16:50:00+03:00,2.0,0.48244177549782297,2.341066793742975e-09,0.5175090291096061,4.919305151257616e-05
2026-05-11 16:55:00+03:00,0.0,0.5549513774248959,1.9219606924249774e-09,0.44504169595891374,6.924692594651072e-06
2026-05-11 17:00:00+03:00,0.0,0.6605241343589743,2.687632077456993e-09,0.339475005198259,8.577539514068541e-07
2026-05-11 17:05:00+03:00,0.0,0.7478562120681691,7.786046157679108e-10,0.252133585040051,1.0202114481244922e-05
2026-05-11 17:10:00+03:00,0.0,0.8302729474997248,7.275635419868794e-10,0.16972074351958874,6.308253711983783e-06
2026-05-11 17:15:00+03:00,0.0,0.8847725940807889,1.0191276710163832e-09,0.11522383972073211,3.565178691746519e-06
2026-05-11 17:20:00+03:00,0.0,0.9079312600900523,8.226187175349705e-10,0.09206651625470037,2.2228314957825387e-06
2026-05-11 17:25:00+03:00,0.0,0.920687262609743,4.528701239938143e-10,0.07931104780245816,1.6891332467586418e-06
2026-05-11 17:30:00+03:00,0.0,0.9350879591937012,2.2070353716880487e-09,0.06491162146190338,4.1713702273105946e-07
2026-05-11 17:35:00+03:00,0.0,0.938264558899174,1.7853690505887246e-09,0.06173454712261569,8.921929225089084e-07
2026-05-11 17:40:00+03:00,0.0,0.934174320000581,4.580084872678975e-09,0.06582534597664139,3.294444944173273e-07
2026-05-11 17:45:00+03:00,0.0,0.9267741517033754,1.3720613682437634e-08,0.07322482264506998,1.0119294728568596e-06
2026-05-11 17:50:00+03:00,0.0,0.9082212066165454,1.6790973369518285e-08,0.09177793937341887,8.372205886352811e-07
2026-05-11 17:55:00+03:00,0.0,0.8922766445731047,1.175246775328471e-08,0.10772276813423336,5.755401908423152e-07
2026-05-12 09:55:00+03:00,0.0,0.8789213877115108,8.938955012685557e-07,0.12107771751637426,8.781742154640057e-10
2026-05-12 10:00:00+03:00,0.0,0.7940496963651488,1.1259511604660991e-07,0.20593842266450998,1.1768376019050222e-05
2026-05-12 10:05:00+03:00,0.0,0.767886006752597,1.3412362407442243e-05,0.23020046599083763,0.0019001148932457097
2026-05-12 10:10:00+03:00,3.0,0.011668760087172969,0.0031605204467891144,0.013053733407945887,0.9721169860574173
2026-05-12 10:15:00+03:00,3.0,0.00014997128860819677,0.00013590268395056331,0.009202211400125136,0.9905119146268119
2026-05-12 10:20:00+03:00,3.0,0.00018668032817502705,1.2071594161523193e-05,0.012442851998578884,0.9873583960786493
2026-05-12 10:25:00+03:00,3.0,0.00010959283845908602,1.315985752776991e-05,0.008579447627184782,0.9912977996777322
2026-05-12 10:30:00+03:00,3.0,1.2488648734963327e-06,2.2646924097092928e-05,0.00022608603858692921,0.9997500181711713
2026-05-12 10:35:00+03:00,3.0,3.7454345282963434e-06,8.488671745104488e-06,8.073063326411618e-05,0.999907035260119
2026-05-12 10:40:00+03:00,3.0,4.0011230849002325e-06,4.79856221576953e-06,9.458657469423367e-05,0.9998966137396477
2026-05-12 10:45:00+03:00,3.0,3.5582210939766686e-06,4.033067203595221e-06,0.0006515404776162516,0.9993408682357701
2026-05-12 10:50:00+03:00,3.0,2.0850971515735212e-05,3.7973644870569836e-06,0.008716310064336113,0.9912590416008477
2026-05-12 10:55:00+03:00,3.0,0.0008674708821590228,1.7891033672634914e-06,0.07747242258241287,0.9216583174310151
2026-05-12 11:00:00+03:00,2.0,0.09149788622271782,4.7178054788116227e-07,0.6529053211372128,0.2555963208585255
2026-05-12 11:05:00+03:00,2.0,0.1865506186176347,7.07562402277066e-08,0.7929227471371346,0.020526563488053134
2026-05-12 11:10:00+03:00,2.0,0.22271082078972515,1.563903419265301e-08,0.7762816072971083,0.0010075562758981983
2026-05-12 11:15:00+03:00,2.0,0.26437403700455087,4.454495138790706e-09,0.7354566930695484,0.00016926546984354215
2026-05-12 11:20:00+03:00,2.0,0.3715275244575948,2.7322871639785543e-09,0.628449964379759,2.2508428610830898e-05
2026-05-12 11:25:00+03:00,2.0,0.49267804094407647,3.0776268947518435e-09,0.5073107258626423,1.1230117471549155e-05
2026-05-12 11:30:00+03:00,0.0,0.5867005501778697,2.1083879850164344e-09,0.4132854161505112,1.4031562840700538e-05
2026-05-12 11:35:00+03:00,0.0,0.7130521999285315,1.3333768109888358e-09,0.2869417058260552,6.092910560012541e-06
2026-05-12 11:40:00+03:00,0.0,0.8369831743114688,1.2958941473275869e-09,0.1630115759645928,5.248428604224601e-06
2026-05-12 11:45:00+03:00,0.0,0.9022711367297366,1.3408586209207146e-09,0.09772847521090622,3.867180574704604e-07
2026-05-12 11:50:00+03:00,0.0,0.9428239197303198,1.9442670159283196e-09,0.05717543875736994,6.395673412215745e-07
2026-05-12 11:55:00+03:00,0.0,0.9489045915573006,1.6280488759308032e-09,0.051095064772884224,3.420429697335001e-07
2026-05-12 12:00:00+03:00,0.0,0.9470344657976374,3.4607066656632455e-09,0.052964690374395454,8.403657096631622e-07
2026-05-12 12:05:00+03:00,0.0,0.9291796550041861,8.814938638743588e-09,0.07081833145579355,2.004723848893242e-06
2026-05-12 12:10:00+03:00,0.0,0.8345116320357582,2.126054859360143e-08,0.1654834117091712,4.934994141419116e-06
2026-05-12 12:15:00+03:00,0.0,0.6594917495512936,4.170024503739409e-08,0.34049529582501714,1.2912924517885453e-05
2026-05-12 12:20:00+03:00,2.0,0.20813987481170898,8.031239505703698e-08,0.7918497251377712,1.031973666717038e-05
2026-05-12 12:25:00+03:00,2.0,0.08317751782218087,9.404594243151998e-09,0.9168202296410363,2.2431313295661384e-06
2026-05-12 12:30:00+03:00,2.0,0.03497599276577339,6.2536819449897386e-09,0.9650229791946574,1.0217863317253746e-06
2026-05-12 12:35:00+03:00,2.0,0.017211773959559775,4.751012223059063e-09,0.9827876787783881,5.425107985949828e-07
2026-05-12 12:40:00+03:00,2.0,0.011113938848370978,1.2527350569401876e-08,0.98888583769438,2.1093140650399367e-07
2026-05-12 12:45:00+03:00,2.0,0.005613636392403728,6.046586978933884e-09,0.9943856881019265,6.694587606859407e-07
2026-05-12 12:50:00+03:00,2.0,0.0017886715766138401,4.169552425779159e-09,0.9982108167636807,5.074917125170517e-07
2026-05-12 12:55:00+03:00,2.0,0.0004882846601551493,4.264682140080352e-09,0.9995115503926428,1.6068337790851454e-07
2026-05-12 13:00:00+03:00,2.0,0.00022373207147031372,3.201897226733828e-09,0.9997760939054745,1.7081945348849946e-07
2026-05-12 13:05:00+03:00,2.0,0.0002352245383884314,3.9501316058903825e-09,0.999764516096742,2.554140639605313e-07
2026-05-12 13:10:00+03:00,2.0,0.00028297333845656936,4.920420814149581e-09,0.9997167476542742,2.7408566506568384e-07
2026-05-12 13:15:00+03:00,2.0,0.0004441490445347893,6.463530671769221e-09,0.999555197418056,6.470748353897264e-07
2026-05-12 13:20:00+03:00,2.0,0.0005118458852915531,5.894064310996234e-09,0.999487695986028,4.522340203929291e-07
2026-05-12 13:25:00+03:00,2.0,0.000444116513094378,1.3290928208959196e-08,0.9995557822795609,8.791550211751787e-08
2026-05-12 13:30:00+03:00,2.0,0.00011636726563861858,6.610399724874941e-09,0.9998830291028303,5.970229088384361e-07
2026-05-12 13:35:00+03:00,2.0,9.669643916888351e-05,3.1831241345066455e-09,0.9999030689338151,2.3144409933196233e-07
2026-05-12 13:40:00+03:00,2.0,0.00013438831129048375,5.935971324418469e-09,0.9998654880508906,1.1770291817846422e-07
2026-05-12 13:45:00+03:00,2.0,0.00025927032448782173,7.883567232621211e-09,0.9997401155641438,6.062282662093924e-07
2026-05-12 13:50:00+03:00,2.0,0.00037745128457544947,3.983632165752684e-09,0.99962217889765,3.658336203794796e-07
2026-05-12 13:55:00+03:00,2.0,0.0013003239860770181,1.4500783357311547e-08,0.9986972634270402,2.398086673415914e-06
2026-05-12 14:00:00+03:00,2.0,0.0022422577707169357,5.373615692912897e-09,0.9977569046704129,8.321863870512465e-07
2026-05-12 14:05:00+03:00,2.0,0.0032070655582235605,4.55690672882032e-09,0.9967925553630912,3.7452278370985335e-07
2026-05-12 14:10:00+03:00,2.0,0.00602812809977685,1.897177455131669e-08,0.9939682742049631,3.578723994067004e-06
2026-05-12 14:15:00+03:00,2.0,0.00839265152197241,3.6727159637206207e-09,0.9916053211114682,2.0236938505425167e-06
2026-05-12 14:20:00+03:00,2.0,0.010152765331232699,8.021251564124666e-09,0.9898466551985893,5.714471427711812e-07
2026-05-12 14:25:00+03:00,2.0,0.01009831516008779,2.4925148040399115e-08,0.9898991010421749,2.558873292162932e-06
2026-05-12 14:30:00+03:00,2.0,0.0029043939457926438,6.428202434201397e-09,0.9970940588745498,1.5407528780095756e-06
2026-05-12 14:35:00+03:00,2.0,0.0013062119309093527,3.1273183978036864e-09,0.9986928896521019,8.952880627974021e-07
2026-05-12 14:40:00+03:00,2.0,0.0005838309128390336,3.6966367182738155e-09,0.999415545701182,6.196903946973528e-07
2026-05-12 14:45:00+03:00,2.0,0.00041481650627983265,8.780975054743744e-09,0.9995832345298615,1.940184370937956e-06
2026-05-12 14:50:00+03:00,2.0,0.00033054038719544177,2.033438395469533e-09,0.9996686135908467,8.439895643122386e-07
2026-05-12 14:55:00+03:00,2.0,0.00024307264645150622,2.396223324395199e-09,0.9997561301612843,7.947942812345036e-07
2026-05-12 15:00:00+03:00,2.0,0.00023390311374920457,3.5993291967098994e-09,0.9997652137879364,8.794975107014996e-07
2026-05-12 15:05:00+03:00,2.0,0.00012987296314213734,4.808985908656354e-09,0.9998686814116204,1.4408165118878742e-06
2026-05-12 15:10:00+03:00,2.0,0.00012537954593171035,3.7036456371901338e-09,0.999873842536988,7.742139059680297e-07
2026-05-12 15:15:00+03:00,2.0,0.0001539344169615572,2.116812834921497e-09,0.9998448093190474,1.254147328252683e-06
2026-05-12 15:20:00+03:00,2.0,0.00016991704795615275,3.1822980859348395e-09,0.9998297522725715,3.2749539602576644e-07
2026-05-12 15:25:00+03:00,2.0,0.0001847615917602281,1.7464966493524879e-09,0.9998145703659457,6.662960517127331e-07
2026-05-12 15:30:00+03:00,2.0,0.00020329248921049998,2.1375723326832303e-09,0.9997957553756927,9.499979290447764e-07
2026-05-12 15:35:00+03:00,2.0,0.0002198402615759281,2.6718198530200384e-09,0.9997797588534567,3.9821288081096785e-07
2026-05-12 15:40:00+03:00,2.0,0.000245725577030173,2.641481607777444e-09,0.9997535633926485,7.083898910614912e-07
2026-05-12 15:45:00+03:00,2.0,0.0002780961842049349,2.361283435403426e-09,0.999721680764984,2.2069051154110966e-07
2026-05-12 15:50:00+03:00,2.0,0.00026992538264320544,2.019868427878647e-09,0.9997295992357147,4.733615978156237e-07
2026-05-12 15:55:00+03:00,2.0,0.0002801492227530826,6.322584147853439e-09,0.9997195990731204,2.453803425725212e-07
2026-05-12 16:00:00+03:00,2.0,0.0001932835637887242,8.315187695331686e-09,0.9998063311092714,3.7701169662501473e-07
2026-05-12 16:05:00+03:00,2.0,0.0001831253228916997,5.967761775670804e-09,0.9998164766570798,3.920517327431999e-07
2026-05-12 16:10:00+03:00,2.0,0.0001722035280764813,3.620626523433686e-09,0.999826730842675,1.0620087405494784e-06
2026-05-12 16:15:00+03:00,2.0,0.00012821369740692953,2.7242229788236912e-09,0.9998712310630482,5.525165520800603e-07
2026-05-12 16:20:00+03:00,2.0,0.00013836580456878868,6.382588372909764e-09,0.999861528033087,9.977892592466028e-08
2026-05-12 16:25:00+03:00,2.0,0.00011624609120381776,3.06774424476181e-09,0.9998835307943031,2.2004542141217994e-07
2026-05-12 16:30:00+03:00,2.0,9.849841136505478e-05,3.2830986573869168e-09,0.9999011457918212,3.525141879948397e-07
2026-05-12 16:35:00+03:00,2.0,8.435802964053136e-05,6.877185496185242e-09,0.9999152755758546,3.5951709439302517e-07
2026-05-12 16:40:00+03:00,2.0,9.320224861878588e-05,4.90054086784395e-09,0.999906432208604,3.606415500593653e-07
2026-05-12 16:45:00+03:00,2.0,0.00010696216989320924,4.009199746961433e-09,0.9998926537367977,3.800855868140912e-07
2026-05-12 16:50:00+03:00,2.0,0.00011257016463281641,5.084431361350047e-09,0.9998870144323224,4.103176684846354e-07
2026-05-12 16:55:00+03:00,2.0,9.333520152114347e-05,5.694784005356383e-09,0.9999063212206246,3.378841075426081e-07
2026-05-12 17:00:00+03:00,2.0,9.19227627562133e-05,4.609590540570009e-09,0.999907499939713,5.726867098891311e-07
2026-05-12 17:05:00+03:00,2.0,0.00010888566333194346,3.6988983057735714e-09,0.9998906838500917,4.267890459904721e-07
2026-05-12 17:10:00+03:00,2.0,9.840632995200355e-05,4.325065430209849e-09,0.9999010837013014,5.056423920518933e-07
2026-05-12 17:15:00+03:00,2.0,0.00011982849507985789,4.575662065106049e-09,0.999879783439355,3.834895598365317e-07
2026-05-12 17:20:00+03:00,2.0,0.0001692110216051357,5.62848601801413e-09,0.9998302874264985,4.959226006998856e-07
2026-05-12 17:25:00+03:00,2.0,0.0002455543759956931,6.29707515101667e-09,0.9997539761470158,4.6317907025428973e-07
2026-05-12 17:30:00+03:00,2.0,0.0004024266130058978,8.331723174382153e-09,0.9995970126544106,5.524004277439146e-07
2026-05-12 17:35:00+03:00,2.0,0.00046272733014833404,5.136306648954657e-09,0.9995368171949994,4.50339442683573e-07
2026-05-12 17:40:00+03:00,2.0,0.00043085878495085513,6.306590088024808e-09,0.9995686865233565,4.4838533381454015e-07
2026-05-12 17:45:00+03:00,2.0,0.00030469422722125423,2.3901280149832386e-08,0.9996947648999878,5.169717548379408e-07
2026-05-12 17:50:00+03:00,2.0,0.0002589944652302428,3.090032606514861e-07,0.9997402752917502,4.212397708508095e-07
2026-05-12 17:55:00+03:00,2.0,0.00032713105775821876,0.0006139825848642833,0.9990515563651444,7.329993418100894e-06
2026-05-13 09:55:00+03:00,1.0,3.4912584020268073e-06,0.9969524418551736,0.001989350067312307,0.0010547168189012353
2026-05-13 10:00:00+03:00,3.0,5.0937708386785915e-11,0.01853604858455298,4.0971555912685947e-08,0.9814639103931382
2026-05-13 10:05:00+03:00,3.0,1.552164380448144e-07,6.479229605557997e-05,2.871640724922643e-06,0.9999321808469921
2026-05-13 10:10:00+03:00,3.0,1.5430711585236335e-07,3.8098642993976967e-06,2.9987140833177743e-06,0.9999930371147032
2026-05-13 10:15:00+03:00,3.0,4.322627259630539e-11,7.2430761129441935e-06,1.7182309699775025e-09,0.9999927551624347
2026-05-13 10:20:00+03:00,3.0,7.789946235302964e-11,3.3628947103386443e-06,1.09740902134004e-08,0.9999966260531966
2026-05-13 10:25:00+03:00,3.0,1.5420159189789013e-11,3.585495981067053e-06,5.623082190266226e-09,0.9999964088666182
2026-05-13 10:30:00+03:00,3.0,3.2973236325134213e-11,2.7287209245979154e-06,1.2827419427210011e-08,0.9999972584192911
2026-05-13 10:35:00+03:00,3.0,6.865656633491483e-11,2.7667723443034495e-06,1.516933725557574e-08,0.9999972179905443
2026-05-13 10:40:00+03:00,3.0,7.149744265486251e-11,2.66021553492591e-06,2.3350629210257075e-08,0.9999973163612225
2026-05-13 10:45:00+03:00,3.0,5.617711784814705e-08,2.6849125172325693e-06,4.308556195484797e-06,0.9999929503531545
2026-05-13 10:50:00+03:00,3.0,1.0700641294267495e-06,5.668248678668981e-06,0.0001629907148322412,0.9998302709710757
2026-05-13 10:55:00+03:00,3.0,9.650348924236851e-08,6.9170035634299255e-06,0.0011821937984618552,0.9988107926959032
2026-05-13 11:00:00+03:00,3.0,1.981363067830976e-05,2.295465411602061e-06,0.0722480533004732,0.9277298376036993
2026-05-13 11:05:00+03:00,2.0,0.0006560841304404612,1.347460936943917e-06,0.5570074282301206,0.44233514017721504
2026-05-13 11:10:00+03:00,2.0,0.000596330900039878,1.0326387994306757e-07,0.9651295983752589,0.03427396745995055
2026-05-13 11:15:00+03:00,2.0,9.501434859162683e-05,9.459816583573602e-09,0.9987602221052014,0.0011447540855210427
2026-05-13 11:20:00+03:00,2.0,6.473400626139988e-06,1.1305051744975778e-08,0.9998767215398803,0.00011679375316735244
2026-05-13 11:25:00+03:00,2.0,8.9814201173818e-06,1.5401805590627357e-09,0.9999862854450875,4.731593777081944e-06
2026-05-13 11:30:00+03:00,2.0,1.6196274030238746e-05,1.9087641618998046e-09,0.9999788768921432,4.924926477204626e-06
2026-05-13 11:35:00+03:00,2.0,4.376291251667376e-06,8.57508749191925e-09,0.9999945744167992,1.0407186126381584e-06
2026-05-13 11:40:00+03:00,2.0,5.409177727474301e-06,1.3659064107255603e-09,0.9999931200309422,1.4694271265316193e-06
2026-05-13 11:45:00+03:00,2.0,6.840144669817709e-06,9.876070383050427e-10,0.9999923282160641,8.306529267635668e-07
2026-05-13 11:50:00+03:00,2.0,8.58441574659564e-06,1.0298297485298205e-09,0.9999909919393851,4.226137766773566e-07
2026-05-13 11:55:00+03:00,2.0,2.3483857614366596e-05,4.2787282088173375e-09,0.9999764302896541,8.157279142752587e-08
2026-05-13 12:00:00+03:00,2.0,3.0384487502908497e-05,5.283733930847528e-09,0.9999695873125318,2.2914747060671583e-08
2026-05-13 12:05:00+03:00,2.0,3.392181403225473e-05,7.692259566224191e-09,0.9999660557018173,1.4790312658541512e-08
2026-05-13 12:10:00+03:00,2.0,1.5072542547615682e-05,1.1587123910313747e-08,0.9999849006902328,1.5181597999654504e-08
2026-05-13 12:15:00+03:00,2.0,1.6776600734042185e-06,5.785289425316753e-09,0.9999979706683589,3.458863069753813e-07
2026-05-13 12:20:00+03:00,2.0,2.9345393568823894e-06,1.8308359078645193e-09,0.9999968462848009,2.1734485024284742e-07
2026-05-13 12:25:00+03:00,2.0,5.169506537958946e-05,2.105141702101675e-08,0.9999429985421702,5.285340656630137e-06
2026-05-13 12:30:00+03:00,2.0,0.00046134167334099775,2.4624445350747677e-09,0.9995376807569593,9.751068775288641e-07
2026-05-13 12:35:00+03:00,2.0,0.009474012123262413,1.141195932285913e-08,0.9905104083414734,1.5568122041830825e-05
2026-05-13 12:40:00+03:00,2.0,0.046694607330081135,2.762943830649864e-09,0.9532877012485378,1.7688657356317848e-05
2026-05-13 12:45:00+03:00,2.0,0.21121052349919575,3.2879929588213353e-09,0.7887178779246337,7.159528931790378e-05
2026-05-13 12:50:00+03:00,2.0,0.4938985976053386,3.312388593639369e-09,0.5060649333517849,3.6465729632770296e-05
2026-05-13 12:55:00+03:00,0.0,0.8506099863633567,1.1797746131970949e-09,0.14932017009727533,6.984235958755808e-05
2026-05-13 13:00:00+03:00,0.0,0.9649442540045181,3.5092340158201675e-10,0.035049868223200685,5.877420271430576e-06
2026-05-13 13:05:00+03:00,0.0,0.9968590335461467,3.6028316228828674e-11,0.003137440142336802,3.526275574829673e-06
2026-05-13 13:10:00+03:00,0.0,0.9993159337698202,1.4245962489281109e-11,0.0006837448700947914,3.213458054791292e-07
2026-05-13 13:15:00+03:00,0.0,0.9997176973783195,8.469744643217488e-12,0.00028188165134546074,4.209623308861281e-07
2026-05-13 13:20:00+03:00,0.0,0.9997243737821206,1.2837948754247826e-11,0.0002754535178736509,1.7268825044655537e-07
2026-05-13 13:25:00+03:00,0.0,0.9998229743599255,1.32782246168556e-11,0.00017665742641768912,3.681992266518651e-07
2026-05-13 13:30:00+03:00,0.0,0.9998535492779518,1.3847002356094954e-11,0.00014608734132498378,3.633677419249556e-07
2026-05-13 13:35:00+03:00,0.0,0.9998564519677285,1.8865605598953495e-10,0.00014315760601517778,3.902380412122646e-07
2026-05-13 13:40:00+03:00,0.0,0.9977005885408539,3.448136756814093e-09,0.0022981644738710285,1.2435356264136095e-06
2026-05-13 13:45:00+03:00,0.0,0.9427589127142477,4.067698710863541e-08,0.057225860822874536,1.518578537816482e-05
2026-05-13 13:50:00+03:00,0.0,0.6515574196013361,6.12073541998331e-08,0.34841567831531667,2.684087464254762e-05
2026-05-13 13:55:00+03:00,0.0,0.5434736542601919,9.454475393168093e-08,0.4565232254682397,3.0257269155689474e-06
2026-05-13 14:00:00+03:00,2.0,0.1907793890039173,3.833531555056743e-08,0.809202074554179,1.8498107964710067e-05
2026-05-13 14:05:00+03:00,2.0,0.028895704859528873,1.0929305293155164e-08,0.9710998118192524,4.472392334495112e-06
2026-05-13 14:10:00+03:00,2.0,0.006720552095846881,4.351504157062822e-09,0.993278809555326,6.339970793705877e-07
2026-05-13 14:15:00+03:00,2.0,0.003074272655966414,5.776788292654482e-09,0.9969244059074802,1.3156610145760682e-06
2026-05-13 14:20:00+03:00,2.0,0.0015326995024855313,5.783423842732297e-09,0.9984664174595363,8.772556872683776e-07
2026-05-13 14:25:00+03:00,2.0,0.0006337844862013465,6.555149559682496e-09,0.9993652278844786,9.810739467549617e-07
2026-05-13 14:30:00+03:00,2.0,3.575007429045717e-05,5.424904363781446e-09,0.9999635801225103,6.643796160641621e-07
2026-05-13 14:35:00+03:00,2.0,1.5221160857112065e-05,3.1695750323744e-09,0.9999846609910953,1.146785655869112e-07
2026-05-13 14:40:00+03:00,2.0,1.1765831323531991e-05,2.95201945940013e-09,0.9999879543973005,2.768208459121385e-07
2026-05-13 14:45:00+03:00,2.0,4.636718199025196e-06,3.1197889530524136e-09,0.9999951208493145,2.3931149022677634e-07
2026-05-13 14:50:00+03:00,2.0,1.1053982379039407e-05,3.1159131276418333e-09,0.9999886043109589,3.3859250623975236e-07
2026-05-13 14:55:00+03:00,2.0,2.0126796950534882e-05,7.83551728529553e-09,0.9999798411039713,2.4264003877935216e-08
2026-05-13 15:00:00+03:00,2.0,6.512494305674983e-05,8.263901989276615e-09,0.9999330120582052,1.8547334843463053e-06
2026-05-13 15:05:00+03:00,2.0,6.882756969102562e-05,2.4684298665051073e-09,0.9999306053391929,5.646220205809905e-07
2026-05-13 15:10:00+03:00,2.0,8.053676426284057e-06,8.632594551611415e-09,0.999991671122313,2.665675183268812e-07
2026-05-13 15:15:00+03:00,2.0,7.827899230191662e-06,1.0858661067278054e-09,0.9999916937066976,4.77306766672478e-07
2026-05-13 15:20:00+03:00,2.0,3.820135913429599e-06,1.5041240443292617e-09,0.999995728432651,4.499282629940524e-07
2026-05-13 15:25:00+03:00,2.0,9.707391647043117e-06,2.4968511136128022e-09,0.9999901414425328,1.4866797839907848e-07
2026-05-13 15:30:00+03:00,2.0,4.816415570724951e-07,1.651721114972738e-08,0.9999944477030548,5.054138529564402e-06
2026-05-13 15:35:00+03:00,2.0,1.6640719668678202e-06,1.671087593640812e-09,0.9999969628634708,1.371394674751087e-06
2026-05-13 15:40:00+03:00,2.0,3.3019678651722576e-07,5.6443373805703835e-09,0.9999955805494553,4.083609398111176e-06
2026-05-13 15:45:00+03:00,2.0,7.880968263168142e-07,2.5298424735685834e-09,0.9999958385901849,3.3707824218036696e-06
2026-05-13 15:50:00+03:00,2.0,1.0824880989524644e-06,1.7195903980940706e-09,0.9999983540924307,5.616988480847576e-07
2026-05-13 15:55:00+03:00,2.0,2.418308190373649e-06,4.5078291989115435e-09,0.9999914234981027,6.153687185523617e-06
2026-05-13 16:00:00+03:00,2.0,4.954795903299797e-06,1.6995399314761789e-09,0.9999919852810437,3.0582222651166254e-06
2026-05-13 16:05:00+03:00,2.0,2.4395838448277174e-06,1.816572546105561e-09,0.9999947597744688,2.798823379497384e-06
2026-05-13 16:10:00+03:00,2.0,7.770935363898235e-06,5.47400053568335e-09,0.9999847420476611,7.481543928147029e-06
2026-05-13 16:15:00+03:00,2.0,1.7300691429593453e-06,8.269861219096787e-09,0.999993301342937,4.960318562991259e-06
2026-05-13 16:20:00+03:00,2.0,9.832915877808549e-06,4.137376437133595e-09,0.9999862037517592,3.959195230357303e-06
2026-05-13 16:25:00+03:00,2.0,4.7055579125166885e-06,1.6391153206515791e-09,0.9999935146835218,1.7781183035125654e-06
2026-05-13 16:30:00+03:00,2.0,1.5395944493397984e-06,5.148457762949666e-09,0.9999931691105779,5.286147451396381e-06
2026-05-13 16:35:00+03:00,2.0,1.1907315458674912e-06,3.5562145020910744e-09,0.9999931064140813,5.699298614701232e-06
2026-05-13 16:40:00+03:00,2.0,7.945941552937908e-07,5.183292270055112e-09,0.9999926561082703,6.544116031252238e-06
2026-05-13 16:45:00+03:00,2.0,2.109810293936189e-06,7.514660944007484e-09,0.999991548727181,6.333947895470003e-06
2026-05-13 16:50:00+03:00,2.0,2.932702751385731e-06,4.899512764782478e-09,0.9999967881719124,2.7422584219223465e-07
2026-05-13 16:55:00+03:00,2.0,3.141100627871945e-06,3.1194559706999573e-09,0.999994759668968,2.0961104221059588e-06
2026-05-13 17:00:00+03:00,2.0,1.6765409517333777e-05,3.564558893503549e-09,0.9999808790716986,2.3519537339512225e-06
2026-05-13 17:05:00+03:00,2.0,5.680584922942904e-07,5.412516388346816e-07,0.9998510034218094,0.00014788726640038605
2026-05-13 17:10:00+03:00,2.0,8.500625593895227e-07,4.894643170083378e-09,0.9999941747870753,4.970254914249693e-06
2026-05-13 17:15:00+03:00,2.0,1.3174124851403948e-06,4.259465961747983e-09,0.9999931697217541,5.508605431279621e-06
2026-05-13 17:20:00+03:00,2.0,8.56953606330423e-06,3.440733782756517e-09,0.9999888822603249,2.5447620632645897e-06
2026-05-13 17:25:00+03:00,2.0,1.5782803322569637e-05,2.708563441608231e-09,0.9999826825159026,1.5319712059216891e-06
2026-05-13 17:30:00+03:00,2.0,1.4885153240550045e-05,1.909236394318331e-09,0.9999821291526824,2.983785834439082e-06
2026-05-13 17:35:00+03:00,2.0,1.9627046603682417e-05,1.5508925416911868e-09,0.9999793826916082,9.887102590085137e-07
2026-05-13 17:40:00+03:00,2.0,2.4159841208524876e-05,1.6794824430059793e-08,0.9999739259417416,1.897421863180012e-06
2026-05-13 17:45:00+03:00,2.0,9.59217750027146e-06,6.563677261935446e-09,0.9999830053264138,7.395933837698622e-06
2026-05-13 17:50:00+03:00,2.0,1.7054754410711987e-05,3.67487854680589e-09,0.9999786645369145,4.277034625239623e-06
2026-05-13 17:55:00+03:00,2.0,2.5281963196929267e-05,2.3273943541833043e-06,0.9999660039060346,6.38673759459311e-06
2026-05-14 09:55:00+03:00,2.0,0.0010532298467262286,0.0008739806451712087,0.9980707691620704,2.020346349826942e-06
2026-05-14 10:00:00+03:00,3.0,8.051125340143425e-08,0.004513907909637842,0.000709609551350077,0.9947764020284744
2026-05-14 10:05:00+03:00,3.0,7.95458664425812e-06,2.420559348795862e-05,0.000545699742325422,0.999422140076024
2026-05-14 10:10:00+03:00,3.0,6.146782460677836e-06,5.1760000595299195e-06,0.0004963845915297984,0.9994922926241709
2026-05-14 10:15:00+03:00,3.0,5.005540367955485e-06,4.594408106606165e-06,0.00031076331463917385,0.9996796367367399
2026-05-14 10:20:00+03:00,3.0,3.948520255259036e-06,4.907311859388878e-06,0.00031730881754727665,0.9996738353489506
2026-05-14 10:25:00+03:00,3.0,3.2368840333048432e-06,4.554826627570344e-06,0.0002985951380432172,0.9996936131517182
2026-05-14 10:30:00+03:00,3.0,2.2588414010233703e-07,6.2204403020247135e-06,0.00013720253781078647,0.9998563511374372
2026-05-14 10:35:00+03:00,3.0,5.236177449763651e-06,2.9814899893723664e-06,0.006861596762229102,0.9931301855710019
2026-05-14 10:40:00+03:00,3.0,7.46867443997056e-05,2.672525102194458e-06,0.10029047298338382,0.8996321677469726
2026-05-14 10:45:00+03:00,3.0,0.0001938991874552026,8.726762220009314e-07,0.37590458724311687,0.6239006408928202
2026-05-14 10:50:00+03:00,2.0,0.001184155723614308,1.095794214668679e-07,0.9764342555910089,0.022381479106068636
2026-05-14 10:55:00+03:00,2.0,0.00012162660585034388,1.8184991504810663e-08,0.9984589184603369,0.0014194367506399851
2026-05-14 11:00:00+03:00,2.0,3.997398441398506e-05,2.8911418842203893e-09,0.999928051407553,3.197171820506549e-05
2026-05-14 11:05:00+03:00,2.0,3.8076527219102556e-05,3.174049907698085e-09,0.9999509254667152,1.0994831369855219e-05
2026-05-14 11:10:00+03:00,2.0,0.0001201136378589281,1.529360653802355e-09,0.9998762897614866,3.5950724200440724e-06
2026-05-14 11:15:00+03:00,2.0,0.0006847486248929426,1.7192090209705863e-09,0.9993113321187184,3.91753642735671e-06
2026-05-14 11:20:00+03:00,2.0,0.0034089703899074474,2.0023532444416036e-09,0.9965896512345119,1.3763732383350436e-06
2026-05-14 11:25:00+03:00,2.0,0.013490216250527362,1.9757245684840503e-09,0.986507945217037,1.8365552386342682e-06
2026-05-14 11:30:00+03:00,2.0,0.048371941092382395,4.849772514241703e-09,0.9516082719932202,1.9782063838663906e-05
2026-05-14 11:35:00+03:00,2.0,0.11790271097591057,2.0567130449259457e-09,0.8820878232138829,9.46375374870251e-06
2026-05-14 11:40:00+03:00,2.0,0.3092510669150966,4.555256904883532e-09,0.6906719490482023,7.697947990298386e-05
2026-05-14 11:45:00+03:00,0.0,0.514332001015338,1.5260107700933381e-09,0.4856532036268365,1.4793832180852869e-05
2026-05-14 11:50:00+03:00,0.0,0.657670346806261,1.910874121913734e-09,0.3423265555829,3.095701479723787e-06
2026-05-14 11:55:00+03:00,0.0,0.7834704339890495,5.952745303891949e-10,0.21652262922641788,6.93618914374194e-06
2026-05-14 12:00:00+03:00,0.0,0.8953142348954889,7.629008192365968e-10,0.10467477092048066,1.0993422936651687e-05
2026-05-14 12:05:00+03:00,0.0,0.9420414315330753,4.2393410356742057e-10,0.057956018584690266,2.5494589962481695e-06
2026-05-14 12:10:00+03:00,0.0,0.9606287938666158,1.5097431802901074e-10,0.039369446595380685,1.759386687674646e-06
2026-05-14 12:15:00+03:00,0.0,0.9758201003185883,9.518695517502461e-10,0.024179882328526456,1.640138670477148e-08
2026-05-14 12:20:00+03:00,0.0,0.9814098171323576,2.6755911511321346e-10,0.018589933306485198,2.492947581628198e-07
2026-05-14 12:25:00+03:00,0.0,0.9837254077939499,9.135872140809453e-10,0.016274493086792362,9.820602828641699e-08
2026-05-14 12:30:00+03:00,0.0,0.9830950470664517,8.778014619744748e-10,0.016904164632269222,7.874230018059603e-07
2026-05-14 12:35:00+03:00,0.0,0.982516098595073,4.0869870388437785e-10,0.01748284247224991,1.0585252047272604e-06
2026-05-14 12:40:00+03:00,0.0,0.9854220241773823,2.541132298006044e-10,0.014577881013444212,9.455599693197439e-08
2026-05-14 12:45:00+03:00,0.0,0.9884389916720405,5.36144618617321e-11,0.011560501218837437,5.070538452785602e-07
2026-05-14 12:50:00+03:00,0.0,0.992699344710949,1.2059135119729121e-10,0.007300143261747105,5.119064459282439e-07
2026-05-14 12:55:00+03:00,0.0,0.995437847187504,8.989417814564084e-11,0.004561607196557019,5.455270819535107e-07
2026-05-14 13:00:00+03:00,0.0,0.9977831755697498,1.5254355769517774e-10,0.002213272857092962,3.551421545014598e-06
2026-05-14 13:05:00+03:00,0.0,0.9991288826623647,3.297524633005629e-10,0.0008696047195462006,1.5122888612059165e-06
2026-05-14 13:10:00+03:00,0.0,0.9995658237893762,1.4042659465655225e-11,0.0004319591254110633,2.2170716702221914e-06
2026-05-14 13:15:00+03:00,0.0,0.9998080200571694,3.0063189016495154e-11,0.00019091462178596458,1.0652925987215347e-06
2026-05-14 13:20:00+03:00,0.0,0.9999056657621225,1.1438083507760732e-10,9.052264886519494e-05,3.8114756301061757e-06
2026-05-14 13:25:00+03:00,0.0,0.9999401514916991,5.445060319529352e-11,5.703768415909115e-05,2.810769484165325e-06
2026-05-14 13:30:00+03:00,0.0,0.9998980248649422,3.3011361387002235e-11,9.929386201093488e-05,2.681239433108186e-06
2026-05-14 13:35:00+03:00,0.0,0.9998585271752369,3.2411924746049523e-11,0.00013887005328228893,2.6027408083173916e-06
2026-05-14 13:40:00+03:00,0.0,0.9998028033668533,2.1744186872553815e-11,0.0001941105918076948,3.086017877552938e-06
2026-05-14 13:45:00+03:00,0.0,0.9998760654351136,2.495400545238989e-11,0.00012146376999779431,2.470770985148275e-06
2026-05-14 13:50:00+03:00,0.0,0.9998608378697218,2.7158849532823597e-11,0.00013675981533310897,2.4022883766557395e-06
2026-05-14 13:55:00+03:00,0.0,0.9998377732533964,3.950105794486416e-11,0.0001600000706405325,2.226635338416945e-06
2026-05-14 14:00:00+03:00,0.0,0.9997539528733169,4.859499061218155e-11,0.00024305545421675272,2.991624004912653e-06
2026-05-14 14:05:00+03:00,0.0,0.9998308212385247,2.210546281109488e-11,0.00016549344137151625,3.685299302093991e-06
2026-05-14 14:10:00+03:00,0.0,0.9999164612643706,9.814248299299426e-12,8.193800828130273e-05,1.6007172133594463e-06
2026-05-14 14:15:00+03:00,0.0,0.9999674773148427,1.0593311324401871e-11,3.164926365581745e-05,8.73410274246014e-07
2026-05-14 14:20:00+03:00,0.0,0.9999356165162351,2.014710769502458e-11,6.354075976987433e-05,8.427039672280656e-07
2026-05-14 14:25:00+03:00,0.0,0.9998591454533939,4.000127439612788e-12,0.00013972034084307948,1.1342031075815205e-06
2026-05-14 14:30:00+03:00,0.0,0.9999178857097583,2.6127370420840443e-11,8.208483154272867e-05,2.943126395867066e-08
2026-05-14 14:35:00+03:00,0.0,0.9998466183268134,8.898633573187794e-12,0.00015280281622688941,5.788469871155164e-07
2026-05-14 14:40:00+03:00,0.0,0.9998737582665692,4.183235786773193e-12,0.00012606331399578206,1.7841347925856164e-07
2026-05-14 14:45:00+03:00,0.0,0.9999419030460909,1.3751546811448518e-11,5.7982822862117564e-05,1.1411619448236226e-07
2026-05-14 14:50:00+03:00,0.0,0.9999085112957231,1.0276723093579884e-11,9.089222214093344e-05,5.9647220829195e-07
2026-05-14 14:55:00+03:00,0.0,0.9998347252936904,3.50083343306448e-11,0.0001647790909398011,4.955815433899366e-07
2026-05-14 15:00:00+03:00,0.0,0.9998974705336772,2.5209915414435386e-11,0.000100001115840768,2.5283265256661935e-06
2026-05-14 15:05:00+03:00,0.0,0.9998315042737579,2.4954603178710038e-11,0.00016782147866068768,6.742213185219492e-07
2026-05-14 15:10:00+03:00,0.0,0.9993315918323971,3.7145031101054053e-10,0.000666780127746133,1.6276697753150268e-06
2026-05-14 15:15:00+03:00,0.0,0.9915933843475622,3.0858841365280094e-09,0.008404555494527104,2.0570707038434283e-06
2026-05-14 15:20:00+03:00,0.0,0.9349684898558244,3.7603184083462526e-08,0.06502816133748615,3.3112043277383483e-06
2026-05-14 15:25:00+03:00,2.0,0.38831487499792,2.0425288771212242e-07,0.611401287762384,0.0002836329886265392
2026-05-14 15:30:00+03:00,2.0,0.16984234666043924,7.745788508493026e-09,0.8301314457158241,2.6199877889095916e-05
2026-05-14 15:35:00+03:00,2.0,0.07541896796987384,3.0829393897151546e-09,0.9245707869169195,1.024202980184268e-05
2026-05-14 15:40:00+03:00,2.0,0.026275859938005127,2.4331422765446093e-09,0.9737203002024264,3.8374257868595225e-06
2026-05-14 15:45:00+03:00,2.0,0.010481823778624166,1.4319793327227617e-09,0.9895157345059099,2.4402817020748426e-06
2026-05-14 15:50:00+03:00,2.0,0.005106577562246255,1.4701268406045703e-09,0.9948925360298043,8.849367784209287e-07
2026-05-14 15:55:00+03:00,2.0,0.002894545822972771,2.3316409506653497e-09,0.9971031342784054,2.317565904213999e-06
2026-05-14 16:00:00+03:00,2.0,0.0017895007708080397,1.7130928609399423e-09,0.9982091624961948,1.33502037301859e-06
2026-05-14 16:05:00+03:00,2.0,0.001146982946927504,1.7664564387641886e-09,0.9988518344485676,1.1808396349899826e-06
2026-05-14 16:10:00+03:00,2.0,0.0006757397335138788,1.7185289391984697e-09,0.9993234195266403,8.390224260487197e-07
2026-05-14 16:15:00+03:00,2.0,0.0006071594492234996,5.198728991118448e-09,0.9993918951599691,9.401932258883764e-07
2026-05-14 16:20:00+03:00,2.0,0.00042685791063520363,2.671744369928719e-08,0.9995731005635594,1.4808326578947012e-08
2026-05-14 16:25:00+03:00,2.0,0.0001787072033483371,2.7022198558396616e-09,0.9998206573294255,6.327668167207827e-07
2026-05-14 16:30:00+03:00,2.0,0.00013391563776628043,2.59713751587737e-09,0.9998655200535232,5.617104643902023e-07
2026-05-14 16:35:00+03:00,2.0,0.00012725419490287366,5.619833461847161e-09,0.999872313848615,4.263351731324891e-07
2026-05-14 16:40:00+03:00,2.0,1.3417892008537215e-05,9.88899988309841e-07,0.9999016234877233,8.39697198017021e-05
2026-05-14 16:45:00+03:00,2.0,1.500020056362359e-05,7.240265426478866e-07,0.999202836493087,0.0007814392782162177
2026-05-14 16:50:00+03:00,2.0,1.9433206137629598e-05,9.57801843870637e-09,0.9999287932183665,5.176399672383143e-05
2026-05-14 16:55:00+03:00,2.0,1.9387653841726332e-05,8.947981041863843e-09,0.9999488121798236,3.1791218926404025e-05
2026-05-14 17:00:00+03:00,2.0,8.339425302320349e-06,3.3766019507659246e-08,0.9998896352669584,0.00010199154184853093
2026-05-14 17:05:00+03:00,2.0,1.3566063891790476e-05,1.0015653729373219e-08,0.9999607449600925,2.567896035255602e-05
2026-05-14 17:10:00+03:00,2.0,1.3461776528734225e-05,9.397264896444832e-09,0.9999542677886109,3.2261036387797596e-05
2026-05-14 17:15:00+03:00,2.0,1.5077551282111057e-05,1.3326020537122823e-08,0.9999278647090178,5.7044413780184505e-05
2026-05-14 17:20:00+03:00,2.0,1.1079370397946318e-05,1.3746201179643326e-08,0.999929162043203,5.9744839340546e-05
2026-05-14 17:25:00+03:00,2.0,1.799729625863997e-05,1.2493429232081675e-08,0.9999374080815822,4.458212843761874e-05
2026-05-14 17:30:00+03:00,2.0,4.680651501983364e-05,2.436123888842706e-09,0.9999454026936364,7.788356442303134e-06
2026-05-14 17:35:00+03:00,2.0,8.101320573626482e-05,1.485323711389087e-09,0.9999180899873416,8.95321515587273e-07
2026-05-14 17:40:00+03:00,2.0,7.560437205483237e-05,2.2840748021864437e-09,0.9999229322469625,1.4610969819475527e-06
2026-05-14 17:45:00+03:00,2.0,0.0001274074873262942,2.7647939114850785e-09,0.9998723209963306,2.687528831135092e-07
2026-05-14 17:50:00+03:00,2.0,0.00023040428783842128,6.076696899431784e-08,0.9997690055485045,5.293978596074316e-07
2026-05-14 17:55:00+03:00,2.0,0.0006627325804241594,0.00026829105254025544,0.9990593863548345,9.590010792948794e-06
2026-05-15 09:55:00+03:00,1.0,3.835517464512241e-24,0.9999939753178791,9.3627202465564e-15,6.024681444219729e-06
2026-05-15 10:00:00+03:00,3.0,1.195106770105582e-18,0.012483637108291833,2.989994029680402e-08,0.9875163329911352
2026-05-15 10:05:00+03:00,3.0,8.722651570214315e-15,0.0002981634489722442,3.6187263647755866e-08,0.9997018003629545
2026-05-15 10:10:00+03:00,3.0,3.6812456883450007e-14,2.2479396293371375e-05,9.327146836177293e-08,0.9999774273311403
2026-05-15 10:15:00+03:00,3.0,2.8951582556695416e-14,2.475540554119953e-05,1.5442038115849364e-07,0.9999750901744199
2026-05-15 10:20:00+03:00,3.0,6.929400679523614e-17,0.00011727042383444311,2.3901532983650005e-08,0.9998827056734713
2026-05-15 10:25:00+03:00,3.0,2.4438138467993736e-19,0.00033861401871954094,9.351246369432993e-09,0.9996613766310628
2026-05-15 10:30:00+03:00,3.0,2.9444800913711155e-19,0.00030360694969672837,4.3545804004374365e-08,0.999696349502976
2026-05-15 10:35:00+03:00,3.0,1.4842731361159753e-19,0.0002597281830123889,3.02825706580094e-08,0.9997402415328018
2026-05-15 10:40:00+03:00,3.0,2.7827695620295976e-18,0.00012866221924656118,2.7811952163865076e-05,0.9998435258291619
2026-05-15 10:45:00+03:00,2.0,3.280461740885181e-12,0.00011059763051365486,0.7621052565693026,0.2377841457968728
2026-05-15 10:50:00+03:00,2.0,8.267893836542691e-13,5.176858717408024e-05,0.9402218431602062,0.05972638825231296
2026-05-15 10:55:00+03:00,2.0,2.7086363269090217e-13,2.0297076717894494e-05,0.9864266791175055,0.013553023805174024
2026-05-15 11:00:00+03:00,2.0,2.57826388872388e-14,8.627792934488801e-06,0.9972383936865139,0.0027529785212064687
2026-05-15 11:05:00+03:00,2.0,3.7535847101388676e-14,4.2317230444157097e-07,0.999968160934544,3.141589140825633e-05
2026-05-15 11:10:00+03:00,2.0,4.408067595764635e-14,1.8331941666359944e-07,0.9999987162599664,1.1004199959594203e-06
2026-05-15 11:15:00+03:00,2.0,6.539048341760864e-15,1.6279996383527624e-06,0.9999971467300163,1.225269891459159e-06
2026-05-15 11:20:00+03:00,2.0,1.0807130831375024e-15,2.9048559797115983e-06,0.9999960493956498,1.045748349450054e-06
2026-05-15 11:25:00+03:00,2.0,1.1218293639767762e-16,4.126584236735154e-06,0.9999945849814323,1.288434102986372e-06
2026-05-15 11:30:00+03:00,2.0,1.3910422559976198e-16,2.7487715109104084e-06,0.999996649947361,6.012806594171381e-07
2026-05-15 11:35:00+03:00,2.0,3.633442088631401e-15,6.306100120939344e-07,0.9999983554239288,1.0139673069772382e-06
2026-05-15 11:40:00+03:00,2.0,6.191044546512792e-16,4.0788669255970524e-07,0.9999990610090069,5.311042603820505e-07
2026-05-15 11:45:00+03:00,2.0,1.72214112060258e-17,3.6096590722629988e-06,0.999994552050627,1.8382895825458341e-06
2026-05-15 11:50:00+03:00,2.0,3.1051602612671384e-17,2.2627767590566545e-06,0.9999975154199944,2.2180422735613224e-07
2026-05-15 11:55:00+03:00,2.0,3.249934334505977e-17,2.4602555352000397e-06,0.9999973893352462,1.504074127282817e-07
2026-05-15 12:00:00+03:00,2.0,2.930353625350856e-17,1.5538125283959224e-06,0.999998125722351,3.204643854836666e-07
2026-05-15 12:05:00+03:00,2.0,2.1193102064136762e-17,1.3926755895699074e-06,0.9999977320538417,8.752717160865731e-07
2026-05-15 12:10:00+03:00,2.0,2.606412376228134e-17,1.179696234108459e-06,0.9999982983223089,5.219822691801987e-07
2026-05-15 12:15:00+03:00,2.0,5.310185759161063e-16,9.393043222325903e-07,0.9999968716741752,2.1890205333510286e-06
2026-05-15 12:20:00+03:00,2.0,7.259710643197482e-16,4.863723147580751e-07,0.9999993608910014,1.527384284562815e-07
2026-05-15 12:25:00+03:00,2.0,3.643704127087872e-15,2.0910480038438843e-07,0.9999993262392759,4.646549760426323e-07
2026-05-15 12:30:00+03:00,2.0,7.972201565207908e-17,1.1797883909379587e-06,0.999996890245999,1.9299649591092666e-06
2026-05-15 12:35:00+03:00,2.0,6.470811125127242e-16,3.0786960501831805e-07,0.999999142648816,5.494824105071552e-07
2026-05-15 12:40:00+03:00,2.0,7.538763370387188e-16,3.5491337588955676e-07,0.9999995264880666,1.1859955922859204e-07
2026-05-15 12:45:00+03:00,2.0,7.902303382347677e-16,5.385558469735777e-07,0.9999994174215195,4.4022115266042873e-08
2026-05-15 12:50:00+03:00,2.0,3.546784463778428e-15,2.2407360329512959e-07,0.9999995895196595,1.86406136812257e-07
2026-05-15 12:55:00+03:00,2.0,3.903086119188743e-15,3.138894915890457e-07,0.9999996058469018,8.026452741000622e-08
2026-05-15 13:00:00+03:00,2.0,4.236271374997193e-15,4.417464992065863e-07,0.9999995165709411,4.16823100495652e-08
2026-05-15 13:05:00+03:00,2.0,3.948728279886571e-15,4.1523173675707666e-07,0.9999994904466282,9.432331027240309e-08
2026-05-15 13:10:00+03:00,2.0,3.90690617780815e-15,4.069527582699062e-07,0.9999994913706743,1.0167697520662374e-07
2026-05-15 13:15:00+03:00,2.0,2.0522397651918402e-14,6.236723755518653e-07,0.9999992754312994,1.0089779555543903e-07
2026-05-15 13:20:00+03:00,2.0,1.8351971890793422e-14,1.61540747600366e-06,0.999998249577115,1.3501436013889422e-07
2026-05-15 13:25:00+03:00,2.0,4.677315392644442e-16,3.847166165192275e-06,0.9999957991437456,3.5368970832257395e-07
2026-05-15 13:30:00+03:00,2.0,1.7814531374998887e-14,1.0192012450507312e-06,0.9999986480370398,3.327602740221915e-07
2026-05-15 13:35:00+03:00,2.0,1.1807458981396702e-13,1.9761127166732285e-07,0.9999995793806168,2.2300800403404815e-07
2026-05-15 13:40:00+03:00,2.0,1.2007016867852242e-13,1.126981848441095e-07,0.99999972594018,1.6136293381796583e-07
2026-05-15 13:45:00+03:00,2.0,6.912192771502152e-13,8.67659286891907e-08,0.9999996293191321,2.8391422135933707e-07
2026-05-15 13:50:00+03:00,2.0,8.874180831783997e-11,6.602465705504315e-08,0.9999986788142993,1.2550728477011422e-06
2026-05-15 13:55:00+03:00,2.0,1.0689552793042288e-11,1.9650623594859355e-08,0.9999995027611803,4.775779561234209e-07
2026-05-15 14:00:00+03:00,2.0,2.1473707030651167e-11,2.5836366499373854e-08,0.9999988307652089,1.1433780585812056e-06
2026-05-15 14:05:00+03:00,2.0,3.0990502007314506e-11,8.933690358212668e-09,0.999999387291797,6.037423657122789e-07
2026-05-15 14:10:00+03:00,2.0,6.605630313490289e-12,1.7644117260783468e-08,0.9999990675719146,9.147761735554891e-07
2026-05-15 14:15:00+03:00,2.0,9.545835185837251e-12,1.5730054343823984e-08,0.9999996656370618,3.1862457892113934e-07
2026-05-15 14:20:00+03:00,2.0,9.585776782945834e-12,1.264798177388746e-08,0.9999995400722731,4.4726993639854995e-07
2026-05-15 14:25:00+03:00,2.0,4.9794108431709416e-11,2.5745053876533934e-08,0.999999894702347,7.950326776428459e-08
2026-05-15 14:30:00+03:00,2.0,9.505592459601647e-12,2.1039483360593376e-08,0.9999998087041787,1.7024811568426858e-07
2026-05-15 14:35:00+03:00,2.0,1.0118346749793541e-11,1.2869856075719909e-08,0.9999997439554463,2.4316574315235755e-07
2026-05-15 14:40:00+03:00,2.0,1.0857826208826315e-11,2.0497517569032572e-08,0.9999997756349582,2.0385782889898056e-07
2026-05-15 14:45:00+03:00,2.0,2.4167890917720968e-12,4.658546902833315e-08,0.9999996949082298,2.585031271602711e-07
2026-05-15 14:50:00+03:00,2.0,4.95620661156865e-11,3.076572471503304e-08,0.9999998127386964,1.5644472600422964e-07
2026-05-15 14:55:00+03:00,2.0,1.0841575377225325e-11,3.550267214228596e-08,0.9999997787599813,1.8572682766642553e-07
2026-05-15 15:00:00+03:00,2.0,4.8336785703520636e-11,2.6977555574936734e-08,0.9999998151725038,1.5780140411000317e-07
2026-05-15 15:05:00+03:00,2.0,4.627900412401043e-11,3.324195281498156e-08,0.9999998303283208,1.3638525729625315e-07
2026-05-15 15:10:00+03:00,2.0,1.5786902550859714e-11,2.4757626545817013e-07,0.9999997377417802,1.4666947498321253e-08
2026-05-15 15:15:00+03:00,2.0,1.670793839664014e-11,2.9559559322667573e-07,0.9999996889128426,1.5474560063778577e-08
2026-05-15 15:20:00+03:00,2.0,4.591525732794136e-11,7.487257617526597e-08,0.9999997982559056,1.2682519142354742e-07
2026-05-15 15:25:00+03:00,2.0,4.9274631774845935e-11,1.0286685396786015e-07,0.9999998613093436,3.577611616119875e-08
2026-05-15 15:30:00+03:00,2.0,4.5340908585714885e-11,1.2543667627619137e-07,0.9999997865743581,8.79452968507797e-08
2026-05-15 15:35:00+03:00,2.0,1.6645935925133432e-10,5.010057488532392e-08,0.9999998033599888,1.4637380197273995e-07
2026-05-15 15:40:00+03:00,2.0,4.901537155943271e-11,7.25941535517978e-08,0.999999827279695,1.0007725463066076e-07
2026-05-15 15:45:00+03:00,2.0,1.7202353278653067e-10,3.886056589230423e-08,0.9999998028106541,1.5815563028437838e-07
2026-05-15 15:50:00+03:00,2.0,1.6895653154422914e-10,2.9217428281726464e-08,0.9999998613275335,1.0928637599853592e-07
2026-05-15 15:55:00+03:00,2.0,1.884938092319108e-10,5.6836976694522746e-08,0.9999999042956961,3.867764935962886e-08
2026-05-15 16:00:00+03:00,2.0,1.801568075998745e-10,5.86581108258242e-08,0.999999884934375,5.622728928296197e-08
2026-05-15 16:05:00+03:00,2.0,1.7669899212995243e-10,7.799745841386144e-08,0.9999998708735885,5.0951791249649695e-08
2026-05-15 16:10:00+03:00,2.0,1.5215291567350552e-10,7.765112046386593e-08,0.9999998016392252,1.205565690021669e-07
2026-05-15 16:15:00+03:00,2.0,1.6128973034112596e-10,5.675105704976246e-08,0.9999998277344424,1.153516870217884e-07
2026-05-15 16:20:00+03:00,2.0,4.644429913777884e-11,1.110421360975199e-07,0.9999997567684045,1.32142689457404e-07
2026-05-15 16:25:00+03:00,2.0,1.9164385090838272e-10,4.884503466707925e-08,0.9999998254752579,1.2548679800225004e-07
2026-05-15 16:30:00+03:00,2.0,4.217530098502666e-07,1.0081095036083134e-08,0.9999993486128308,2.1955144627209497e-07
2026-05-15 16:35:00+03:00,2.0,2.554255137666081e-07,1.508381181941446e-08,0.9999994137471631,3.1574242820280495e-07
2026-05-15 16:40:00+03:00,2.0,8.261002229189646e-08,9.443209147354892e-08,0.9999975891143508,2.2338432809738024e-06
2026-05-15 16:45:00+03:00,2.0,4.6230859870485954e-07,3.251651536781605e-09,0.9999990587425482,4.756954715578962e-07
2026-05-15 16:50:00+03:00,2.0,1.5360620028698042e-06,1.7095905057137894e-09,0.999997669367973,7.928617206692987e-07
2026-05-15 16:55:00+03:00,2.0,1.6334162161401573e-06,1.6549760529737755e-09,0.9999970921932331,1.2727343280648109e-06
2026-05-15 17:00:00+03:00,2.0,1.4056068896674628e-05,4.633162456760049e-09,0.9999773511899654,8.588108743167867e-06
2026-05-15 17:05:00+03:00,2.0,3.7588309555782015e-05,2.3487457844492453e-09,0.999956724126253,5.685215303073436e-06
2026-05-15 17:10:00+03:00,2.0,5.764937642598732e-05,1.5929925491477626e-08,0.9998872785925286,5.5056102709214935e-05
2026-05-15 17:15:00+03:00,2.0,5.692228016765783e-05,8.48730201830947e-09,0.9999105674881366,3.250174373291667e-05
2026-05-15 17:20:00+03:00,2.0,4.583514375057062e-05,1.0921045493847226e-08,0.9999067692140337,4.738471957786623e-05
2026-05-15 17:25:00+03:00,2.0,6.972576008936219e-05,1.0165470004566248e-08,0.9998780171235322,5.2246951020024397e-05
2026-05-15 17:30:00+03:00,2.0,0.00011702416639620524,8.53373046044489e-09,0.9998679135827263,1.5053718806855556e-05
2026-05-15 17:35:00+03:00,2.0,0.00010576997733754933,1.2086411713707915e-08,0.9998801549597213,1.4062978343727629e-05
2026-05-15 17:40:00+03:00,2.0,2.8068160526869666e-05,8.861273138656218e-08,0.9997611490075109,0.0002106942180383866
2026-05-15 17:45:00+03:00,2.0,6.433340566775732e-05,7.195918249443709e-09,0.9998870999151687,4.8559483916692274e-05
2026-05-15 17:50:00+03:00,2.0,0.00020873678700240829,5.083472594394144e-09,0.9997713591726657,1.989895837036311e-05
2026-05-15 17:55:00+03:00,2.0,0.0008934673241489235,4.756481441870858e-07,0.9990885898064537,1.7467221003122975e-05
2026-05-18 09:55:00+03:00,2.0,0.0056753420544702286,0.0011065916910758125,0.9932169014316652,1.1648219391859942e-06
2026-05-18 10:00:00+03:00,3.0,2.035162973626086e-15,0.03359979110508718,2.9515902506524034e-08,0.9664001793798885
2026-05-18 10:05:00+03:00,3.0,5.747098013052793e-10,0.0001804661039527664,8.575333924475665e-06,0.9998109579874247
2026-05-18 10:10:00+03:00,3.0,1.3715541051841661e-11,8.459320243166735e-06,8.88657034037632e-08,0.9999914518013355
2026-05-18 10:15:00+03:00,3.0,3.8662023111587095e-11,4.548755196382656e-06,3.989690061082588e-07,0.9999950522373713
2026-05-18 10:20:00+03:00,3.0,2.4692946125341682e-11,5.084700454523924e-06,4.4481220552293535e-07,0.9999944704621242
2026-05-18 10:25:00+03:00,3.0,7.298746288294601e-12,4.752320268697951e-06,5.203963072747847e-08,0.9999951956312447
2026-05-18 10:30:00+03:00,3.0,2.5156000568476522e-16,2.190802138624829e-05,1.713663041098084e-10,0.9999780918077427
2026-05-18 10:35:00+03:00,3.0,1.942921227906164e-14,7.081725433844418e-06,4.152874040063155e-09,0.9999929141227796
2026-05-18 10:40:00+03:00,3.0,4.670983355167228e-15,8.091055339881663e-06,1.9902998691913657e-09,0.9999919069559907
2026-05-18 10:45:00+03:00,3.0,3.011763827726944e-15,1.0196656894693135e-05,2.995070201511642e-09,0.9999898003490608
2026-05-18 10:50:00+03:00,3.0,1.711818060460711e-09,1.2002018139066547e-05,3.3074305541017104e-05,0.9999549219657214
2026-05-18 10:55:00+03:00,3.0,5.157276313235842e-10,1.3289897664341684e-05,6.30444699830159e-05,0.9999236651161465
2026-05-18 11:00:00+03:00,3.0,9.00327425283123e-09,1.608095728616147e-05,0.0008169899833415542,0.9991669200560607
2026-05-18 11:05:00+03:00,3.0,7.261720442988765e-10,2.6985215871537697e-05,0.004670043333955037,0.9953029707254882
2026-05-18 11:10:00+03:00,3.0,2.8859827834568307e-07,5.503373747953499e-06,0.16542681901788406,0.834567389011053
2026-05-18 11:15:00+03:00,2.0,1.7859815643281407e-06,1.043966279440993e-06,0.796874778728946,0.20312239132397245
2026-05-18 11:20:00+03:00,2.0,4.7175145369923494e-06,1.6409723445050847e-07,0.9881767994987535,0.011818318889331962
2026-05-18 11:25:00+03:00,2.0,2.3604684850400905e-06,2.7622295759439082e-08,0.9991310893432315,0.0008665225673443439
2026-05-18 11:30:00+03:00,2.0,4.51099212786921e-06,2.5161968004956278e-08,0.9998020511123689,0.00019341273356909442
2026-05-18 11:35:00+03:00,2.0,2.9284392348905746e-07,3.7915489333992133e-07,0.9999367069998851,6.262100039011585e-05
2026-05-18 11:40:00+03:00,2.0,6.370516391628262e-08,6.948438125335086e-08,0.9998793280483681,0.00012053876208233691
2026-05-18 11:45:00+03:00,2.0,4.2863787744338515e-07,2.0162095026531074e-07,0.9999490012395599,5.0368502459085436e-05
2026-05-18 11:50:00+03:00,2.0,1.4338936224710712e-07,3.519572016790082e-08,0.9998833000605725,0.00011652135593276622
2026-05-18 11:55:00+03:00,2.0,8.588826109453041e-07,5.665351358426282e-08,0.9998835618808494,0.00011552258412095966
2026-05-18 12:00:00+03:00,2.0,1.2447259054222422e-07,8.769674156785545e-08,0.999879056327819,0.00012073150263997738
2026-05-18 12:05:00+03:00,2.0,1.8831527436436945e-07,3.338153106381362e-08,0.9999619049466165,3.7873354790914646e-05
2026-05-18 12:10:00+03:00,2.0,3.093748937720394e-07,6.557807985145238e-08,0.9999982273891214,1.3976565386186577e-06
2026-05-18 12:15:00+03:00,2.0,2.952755760459981e-07,1.1882565260127873e-08,0.9999933749278441,6.31791464959974e-06
2026-05-18 12:20:00+03:00,2.0,1.3430089936964312e-07,6.651502353265836e-09,0.9999885901011757,1.1268944646093442e-05
2026-05-18 12:25:00+03:00,2.0,3.9565934546354475e-07,4.681184764070914e-09,0.9999922807553578,7.318904948013622e-06
2026-05-18 12:30:00+03:00,2.0,8.782095928770794e-07,9.273102810199057e-09,0.9999877603098499,1.1352208046748612e-05
2026-05-18 12:35:00+03:00,2.0,7.4973558449087545e-06,5.764888521395137e-09,0.9999922895810264,2.0729694704298737e-07
2026-05-18 12:40:00+03:00,2.0,9.992241138616735e-06,1.3761844455170796e-09,0.9999885577053446,1.4486765061942862e-06
2026-05-18 12:45:00+03:00,2.0,1.3207876021852881e-05,1.5498099875519728e-09,0.9999866199563451,1.706181934494876e-07
2026-05-18 12:50:00+03:00,2.0,6.5966863824346116e-06,1.4767263959454692e-09,0.9999930696089041,3.3222846420037797e-07
2026-05-18 12:55:00+03:00,2.0,6.633681484206309e-06,1.170051004862853e-09,0.9999929400250055,4.2512481182599627e-07
2026-05-18 13:00:00+03:00,2.0,1.7810731172682934e-06,4.700383504147638e-09,0.9999974842462319,7.299786319104112e-07
2026-05-18 13:05:00+03:00,2.0,4.1066473642213145e-06,2.358710731674329e-09,0.999995658863882,2.3213157476037694e-07
2026-05-18 13:10:00+03:00,2.0,1.8815141058801106e-06,1.848547468481827e-09,0.9999975227104858,5.939276840828854e-07
2026-05-18 13:15:00+03:00,2.0,4.80828646373994e-06,4.4075582719841325e-09,0.9999935975743348,1.589733303266222e-06
2026-05-18 13:20:00+03:00,2.0,2.998593420817796e-06,1.419582705402448e-09,0.9999963019613626,6.980262014343107e-07
2026-05-18 13:25:00+03:00,2.0,2.066004227280491e-06,2.222192117366627e-09,0.9999975947241005,3.370482039688752e-07
2026-05-18 13:30:00+03:00,2.0,1.2139652205540614e-06,3.313504756520991e-09,0.9999981335767325,6.491447177474616e-07
2026-05-18 13:35:00+03:00,2.0,2.773685753066063e-06,4.429044396746432e-09,0.9999948097964165,2.4120873112034492e-06
2026-05-18 13:40:00+03:00,2.0,1.5938332068944046e-06,1.9382290999760374e-09,0.9999971942637128,1.2099647931698237e-06
2026-05-18 13:45:00+03:00,2.0,1.026444471408119e-06,2.6282609638314397e-09,0.9999973940791581,1.5768485059000807e-06
2026-05-18 13:50:00+03:00,2.0,6.935033378750599e-07,3.817601626709832e-09,0.9999973454395095,1.9572403723870818e-06
2026-05-18 13:55:00+03:00,2.0,1.2779153687789206e-06,5.994669825577512e-09,0.9999978381516206,8.779391747900992e-07
2026-05-18 14:00:00+03:00,2.0,1.2425118026770254e-06,2.1962706549523722e-09,0.9999975236709099,1.2316212735420295e-06
2026-05-18 14:05:00+03:00,2.0,1.5188297820977883e-06,2.0950461264930566e-09,0.9999978766122501,6.024617190469815e-07
2026-05-18 14:10:00+03:00,2.0,5.301147863165297e-07,3.618452296444369e-09,0.9999988434799301,6.227860556126019e-07
2026-05-18 14:15:00+03:00,2.0,1.047071144884471e-06,2.2339992268822343e-09,0.999998096553092,8.541416001047503e-07
2026-05-18 14:20:00+03:00,2.0,5.186408449787763e-07,2.8511403296550878e-09,0.9999985012884598,9.772207030411012e-07
2026-05-18 14:25:00+03:00,2.0,6.965309552685531e-07,4.189777175720808e-09,0.9999988444076136,4.5487166017436256e-07
2026-05-18 14:30:00+03:00,2.0,2.4555421121839357e-06,3.556053953987441e-08,0.9999865742639437,1.093463450371074e-05
2026-05-18 14:35:00+03:00,2.0,2.5145902760572098e-05,1.3403134837337537e-06,0.9997841121207552,0.00018940166238182217
2026-05-18 14:40:00+03:00,2.0,0.00018843176268623583,0.0028113786807998542,0.9305131864179961,0.06648700313670902
2026-05-18 14:45:00+03:00,2.0,0.0013152261915297836,0.0003490207801621496,0.7642861145102818,0.23404963851826263
2026-05-18 14:50:00+03:00,3.0,2.1085180458226995e-07,0.0006244893096200683,0.007777131519370656,0.9915981683177553
2026-05-18 14:55:00+03:00,3.0,1.1959876065025855e-06,6.8282020343198605e-06,0.0012633054395043953,0.998728670369576
2026-05-18 15:00:00+03:00,3.0,1.9762419881928936e-06,3.3624709993721854e-06,0.00038674773749074464,0.9996079135499168
2026-05-18 15:05:00+03:00,3.0,4.864448226682481e-10,9.152787694451033e-06,9.449657175905409e-08,0.9999907522278737
2026-05-18 15:10:00+03:00,3.0,1.100134588878892e-09,3.2827312714684642e-06,2.712185224509065e-07,0.999996444951601
2026-05-18 15:15:00+03:00,3.0,5.20098802650605e-12,7.282827006419286e-06,1.0106213142151646e-08,0.9999927070614285
2026-05-18 15:20:00+03:00,3.0,1.426744072175882e-10,8.26141484695967e-06,5.702348150222758e-08,0.9999916814177073
2026-05-18 15:25:00+03:00,3.0,1.1370406378362967e-11,3.7834050777249956e-06,1.7552074528701817e-08,0.9999961990324141
2026-05-18 15:30:00+03:00,3.0,1.6239054859150306e-13,8.545587733853182e-06,1.432989402420208e-10,0.9999914542678641
2026-05-18 15:35:00+03:00,3.0,3.6686423099213466e-12,8.950438519069277e-06,2.0476624189735247e-09,0.9999910475090125
2026-05-18 15:40:00+03:00,3.0,1.0799296261543302e-10,7.7343501606173e-06,2.231089712450229e-08,0.9999922432298969
2026-05-18 15:45:00+03:00,3.0,4.494553060152971e-11,3.845544051867881e-05,1.651900573869332e-08,0.999961527997322
2026-05-18 15:50:00+03:00,3.0,5.560696553004034e-15,1.4603293761822897e-05,4.5782903099094665e-11,0.9999853966594316
2026-05-18 15:55:00+03:00,3.0,6.525949414317653e-20,6.693063299177538e-05,8.176241204482544e-16,0.9999330693670857
2026-05-18 16:00:00+03:00,3.0,4.199741860196967e-17,1.2416961851500594e-05,5.041270199630685e-13,0.9999875830369661
2026-05-18 16:05:00+03:00,3.0,6.671686802527942e-16,3.477418239410998e-05,7.085861512350503e-12,0.9999652258091415
2026-05-18 16:10:00+03:00,3.0,6.3684506707870455e-18,3.699742154006744e-05,6.099393303240381e-14,0.9999630025781966
2026-05-18 16:15:00+03:00,3.0,8.162262016031456e-18,2.732898174354808e-05,2.3941538165189044e-13,0.9999726710180815
2026-05-18 16:20:00+03:00,3.0,3.6201584022853577e-14,3.669732047466601e-05,1.0503244235051714e-10,0.9999633025730644
2026-05-18 16:25:00+03:00,3.0,7.610672165303667e-15,6.245056025604172e-06,4.0731289323658544e-11,0.9999937549050094
2026-05-18 16:30:00+03:00,3.0,6.952923532329205e-15,6.044904109457185e-06,3.4464205270492985e-11,0.9999939550617354
2026-05-18 16:35:00+03:00,3.0,1.1943798613725729e-14,1.1040174517515821e-05,8.05055310141748e-11,0.999988959744777
2026-05-18 16:40:00+03:00,3.0,3.5717826686021796e-14,6.544352720689434e-06,3.617062782291019e-10,0.9999934552866289
2026-05-18 16:45:00+03:00,3.0,1.750964221409121e-13,1.2299344495331964e-05,1.776342561350156e-10,0.9999877004767466
2026-05-18 16:50:00+03:00,3.0,2.589783715303756e-11,5.629057722748466e-06,7.1622448138607456e-09,0.9999943637535256
2026-05-18 16:55:00+03:00,3.0,1.066290065370803e-11,6.598539568042813e-06,1.0964512458633264e-08,0.9999933904837386
2026-05-18 17:00:00+03:00,3.0,1.36418031196971e-11,7.277948827983267e-06,3.656011910070218e-08,0.9999926854774579
2026-05-18 17:05:00+03:00,3.0,6.2421232485611385e-09,5.820723285298546e-06,4.065093908337744e-06,0.9999901079407169
2026-05-18 17:10:00+03:00,3.0,5.909588218142517e-08,1.4383850309222514e-05,2.5944333888754343e-05,0.9999596127206575
2026-05-18 17:15:00+03:00,3.0,3.616585427804742e-08,3.646668762289475e-06,1.725110458153066e-05,0.9999790660594251
2026-05-18 17:20:00+03:00,3.0,4.624476148525534e-09,7.530405622994041e-06,2.844236899738218e-05,0.9999640226011309
2026-05-18 17:25:00+03:00,3.0,1.534453868125195e-06,0.0003504901041916956,0.0012645642748524274,0.9983834111661186
2026-05-18 17:30:00+03:00,3.0,1.574535007283961e-10,1.6190130669425166e-05,0.00025320623606918635,0.9997306034760307
2026-05-18 17:35:00+03:00,3.0,5.055020063687224e-07,6.782551827463056e-05,0.027848830675825085,0.9720828383054003
2026-05-18 17:40:00+03:00,3.0,2.5415232726996927e-06,0.0018441888215214321,0.043455829599137616,0.9546974400555142
2026-05-18 17:45:00+03:00,3.0,4.413269373693138e-19,0.1702450332601348,3.4726490281874752e-09,0.8297549632661458
2026-05-18 17:50:00+03:00,3.0,5.70068450516738e-14,0.07836250227805598,1.030316576507365e-06,0.921636467404978
2026-05-18 17:55:00+03:00,3.0,4.962390289398553e-12,0.11114167192523487,0.00029056090573777827,0.8885677671649874
2026-05-20 09:55:00+03:00,1.0,4.219654990684004e-68,1.0,1.4706598201556544e-42,1.6553176457271369e-13
2026-05-20 10:00:00+03:00,1.0,2.4155512741493385e-57,0.9999952422480823,2.777034943186578e-28,4.757751003588075e-06
2026-05-20 10:05:00+03:00,1.0,2.2116642995584998e-48,0.9999867946788686,4.938463208269068e-28,1.3205320628731515e-05
2026-05-20 10:10:00+03:00,1.0,9.567248836390029e-52,0.9999978630717219,2.99533651576936e-29,2.136928712084726e-06
2026-05-20 10:15:00+03:00,1.0,8.496353537002055e-53,0.9999966126873077,2.3676449803066577e-31,3.38731322901903e-06
2026-05-20 10:20:00+03:00,1.0,1.0731322456348495e-53,0.9999965446864404,7.902090011633889e-34,3.4553128395352213e-06
2026-05-20 10:25:00+03:00,1.0,1.3121531128049884e-51,0.999991097359791,1.5912718466255807e-32,8.902638442554075e-06
2026-05-20 10:30:00+03:00,1.0,1.3704897974306036e-47,0.9999606096544296,3.480107227113938e-29,3.939034631777817e-05
2026-05-20 10:35:00+03:00,1.0,2.1068027961487394e-45,0.9991861140930355,1.697342036515222e-28,0.0008138859056004827
2026-05-20 10:40:00+03:00,1.0,2.611347583183413e-44,0.976689970340162,5.781270654869125e-29,0.023310029659569343
2026-05-20 10:45:00+03:00,3.0,1.044937385883172e-22,0.3150667840497474,8.856621116301518e-12,0.6849332159418183
2026-05-20 10:50:00+03:00,3.0,1.347507691658721e-17,0.04529144021742947,1.836162905756236e-09,0.9547085579462556
2026-05-20 10:55:00+03:00,3.0,8.152710201933571e-18,0.00999345354768326,4.705104988477601e-09,0.9900065417481556
2026-05-20 11:00:00+03:00,3.0,2.751675666836748e-19,0.004845483757390061,3.1004771158445577e-09,0.9951545131436188
2026-05-20 11:05:00+03:00,3.0,1.478873818250342e-14,0.0006523325981862556,1.2607342033013802e-06,0.9993464066659752
2026-05-20 11:10:00+03:00,3.0,7.804269501133323e-13,9.153642923428066e-05,1.0591412303309891e-06,0.9999074044297814
2026-05-20 11:15:00+03:00,3.0,1.127067500463271e-10,3.1068663338961316e-05,6.643439939945906e-05,0.9999024968263222
2026-05-20 11:20:00+03:00,3.0,2.5826667855614922e-12,6.345379997998719e-05,0.00011088193658918877,0.9998256642599184
2026-05-20 11:25:00+03:00,3.0,7.882556530195934e-11,3.231243355281275e-05,0.0013334718046698786,0.9986342156834673
2026-05-20 11:30:00+03:00,3.0,2.254543880433513e-09,2.319874091659954e-05,0.0079594915881733,0.9920173074180525
2026-05-20 11:35:00+03:00,3.0,1.3301694188050063e-08,1.3568886491690259e-05,0.018442209449955296,0.9815442083629339
2026-05-20 11:40:00+03:00,3.0,4.527532142751375e-08,2.1023557200774028e-05,0.14710375591258978,0.8528751752553356
2026-05-20 11:45:00+03:00,3.0,3.2620966429480122e-09,2.091696861304372e-05,0.3678575909026514,0.6321214888667747
2026-05-20 11:50:00+03:00,2.0,2.173227255129782e-07,0.0002672924846481671,0.9859798723715923,0.013752617820150533
2026-05-20 11:55:00+03:00,2.0,1.3201196361192435e-11,1.8194286430209428e-05,0.9887469483131345,0.01123485738831026
2026-05-20 12:00:00+03:00,2.0,8.59954714082501e-11,3.971558593893175e-07,0.9997355312832386,0.0002640714740839889
2026-05-20 12:05:00+03:00,2.0,5.777215550833122e-11,1.2754272395562153e-07,0.9999846994039251,1.5172996486966747e-05
2026-05-20 12:10:00+03:00,2.0,3.8758401904863785e-10,1.2436755733545954e-07,0.9999916068943342,8.268350947097601e-06
2026-05-20 12:15:00+03:00,2.0,3.994395939067171e-10,4.0388446842684896e-08,0.9999854739035106,1.4485309259265978e-05
2026-05-20 12:20:00+03:00,2.0,2.3863643440646583e-09,6.854170673278808e-08,0.99997792144858,2.200762358649832e-05
2026-05-20 12:25:00+03:00,2.0,6.021386929079869e-11,1.1812699068894252e-07,0.999986756709786,1.3125101400605286e-05
2026-05-20 12:30:00+03:00,2.0,1.4695344502660264e-11,8.603454283142214e-08,0.9999947013233713,5.212626987782738e-06
2026-05-20 12:35:00+03:00,2.0,3.710653072081615e-10,1.3094164168821925e-07,0.9999554727128469,4.439597400475815e-05
2026-05-20 12:40:00+03:00,2.0,4.5893362071641687e-10,3.154292465340453e-08,0.9999851341722145,1.4833824665369138e-05
2026-05-20 12:45:00+03:00,2.0,7.825337231035572e-09,5.75912155764069e-08,0.9999969212523965,3.01332997490042e-06
2026-05-20 12:50:00+03:00,2.0,2.8042307020489837e-07,1.1465652276048237e-07,0.9999456282214821,5.3976698991092085e-05
2026-05-20 12:55:00+03:00,2.0,2.732716610384345e-07,3.236541455236067e-08,0.9999714349365503,2.825942501350602e-05
2026-05-20 13:00:00+03:00,2.0,2.2570018003971982e-07,3.3171571940669706e-08,0.9999883508886372,1.1390238232454263e-05
2026-05-20 13:05:00+03:00,2.0,3.435099363477396e-07,6.250938908127092e-08,0.9999925048094922,7.089171806192402e-06
2026-05-20 13:10:00+03:00,2.0,4.434252027674053e-07,5.18069661611088e-07,0.9999479365744446,5.1101931990242194e-05
2026-05-20 13:15:00+03:00,2.0,4.151445810117677e-05,1.6719552962718424e-06,0.9976757998728223,0.0022810137125604834
2026-05-20 13:20:00+03:00,2.0,9.490769424962195e-05,2.0107795856167226e-07,0.9992907910505173,0.0006141001773197492
2026-05-20 13:25:00+03:00,2.0,2.8586947756646286e-05,1.7059265477439666e-07,0.9998149371190346,0.00015630533981736796
2026-05-20 13:30:00+03:00,2.0,1.2228580131542027e-05,4.0197723792215464e-07,0.9998331584981796,0.00015421094338115843
2026-05-20 13:35:00+03:00,2.0,9.380523351731932e-05,4.337587840511941e-07,0.9993293841197431,0.0005763768884390918
2026-05-20 13:40:00+03:00,2.0,0.00016062904445892815,2.677924425597809e-07,0.9993846724449866,0.0004544307181128524
2026-05-20 13:45:00+03:00,2.0,1.297956064532738e-05,1.1257481106567854e-07,0.999829361071002,0.0001575467927952931
2026-05-20 13:50:00+03:00,2.0,6.16035214970447e-08,9.271044422300964e-08,0.9999377374581719,6.210822759494751e-05
2026-05-20 13:55:00+03:00,2.0,8.387240635069067e-08,3.5157269848670796e-08,0.9999752142045875,2.4666766766783934e-05
2026-05-20 14:00:00+03:00,2.0,6.818269285919437e-11,9.056479072942272e-07,0.9999696139890194,2.948029505720794e-05
2026-05-20 14:05:00+03:00,2.0,2.657623131419507e-10,2.1154761059907206e-08,0.9999972324587458,2.7461201745648333e-06
2026-05-20 14:10:00+03:00,2.0,2.61363079733216e-10,2.229807421873155e-08,0.9999974610905554,2.516350564623211e-06
2026-05-20 14:15:00+03:00,2.0,3.7762897564563013e-11,2.8169738393973777e-08,0.9999980929842416,1.8788075547501434e-06
2026-05-20 14:20:00+03:00,2.0,1.316528305714399e-07,4.368003723851534e-08,0.9999921322287546,7.69243938018077e-06
2026-05-20 14:25:00+03:00,2.0,3.400300796116379e-08,1.306133624415427e-08,0.9999982526584776,1.7002784880554025e-06
2026-05-20 14:30:00+03:00,2.0,3.5758769092378484e-08,7.91051045873511e-09,0.9999971568435685,2.7994883942723745e-06
2026-05-20 14:35:00+03:00,2.0,5.236798411693972e-07,1.3136709670664038e-08,0.9999886845347565,1.0778650147065312e-05
2026-05-20 14:40:00+03:00,2.0,1.0409656519711284e-07,7.96428906742483e-09,0.9999950804970512,4.807441376208045e-06
2026-05-20 14:45:00+03:00,2.0,1.6217658340744363e-07,6.751422021566047e-09,0.9999970606193073,2.7704543809245658e-06
2026-05-20 14:50:00+03:00,2.0,3.357888179172775e-08,1.355485126949071e-08,0.9999989952744317,9.575931645070707e-07
2026-05-20 14:55:00+03:00,2.0,7.606960229675873e-08,1.9210103087370775e-08,0.9999996993356487,2.0538568015864547e-07
2026-05-20 15:00:00+03:00,2.0,1.5094632648058272e-06,8.407554916555261e-08,0.9999900867533381,8.319708356083511e-06
2026-05-20 15:05:00+03:00,2.0,2.6670147863753013e-07,1.0866092062707784e-08,0.9999969654755317,2.7569555332719903e-06
2026-05-20 15:10:00+03:00,2.0,6.286563972970881e-08,1.2124911632560027e-08,0.9999981715971789,1.753411807478088e-06
2026-05-20 15:15:00+03:00,2.0,7.371762290477048e-08,9.367158582724237e-09,0.9999984373801839,1.4795353678355523e-06
2026-05-20 15:20:00+03:00,2.0,8.212117360342234e-07,5.97801182292373e-08,0.9999986657721626,4.532345460187789e-07
2026-05-20 15:25:00+03:00,2.0,6.019078123824598e-07,1.5424839641902875e-08,0.999996020779422,3.3618882608205138e-06
2026-05-20 15:30:00+03:00,2.0,2.3438029082893196e-06,8.37911563027459e-09,0.9999954627776947,2.1850410387267253e-06
2026-05-20 15:35:00+03:00,2.0,5.443953738050246e-05,1.0053177450716507e-08,0.9999392536963054,6.29671185756156e-06
2026-05-20 15:40:00+03:00,2.0,2.8132819715592785e-05,5.9204010578117836e-09,0.9999690331125732,2.8281456045827404e-06
2026-05-20 15:45:00+03:00,2.0,2.5663541582642632e-05,8.179206250314384e-09,0.9999729169969643,1.4112839838075425e-06
2026-05-20 15:50:00+03:00,2.0,1.9116902693144444e-07,2.7136808884439926e-08,0.9999967194507158,3.0622448380293267e-06
2026-05-20 15:55:00+03:00,2.0,5.856183813543323e-07,1.7173121804369074e-09,0.999998926629481,4.860364192445839e-07
2026-05-20 16:00:00+03:00,2.0,2.0295541472453766e-07,1.7745203457915624e-09,0.9999993874336781,4.078365771650145e-07
2026-05-20 16:05:00+03:00,2.0,2.3628843393861842e-06,9.91320120498691e-10,0.9999968837340373,7.52391707696593e-07
2026-05-20 16:10:00+03:00,2.0,2.974203388258878e-06,1.3176262060195668e-09,0.9999967670134958,2.574658172640106e-07
2026-05-20 16:15:00+03:00,2.0,3.076111735702404e-06,1.3893554823477954e-09,0.9999966899468049,2.3255131789308013e-07
2026-05-20 16:20:00+03:00,2.0,6.023491267543968e-06,2.4611883775016967e-09,0.9999931913675804,7.82678953338612e-07
2026-05-20 16:25:00+03:00,2.0,5.335061154642631e-08,2.758231293462976e-07,0.9999018456699958,9.782515503739543e-05
2026-05-20 16:30:00+03:00,2.0,6.984155514680283e-08,6.947030890168481e-09,0.9999912987492491,8.624461381863867e-06
2026-05-20 16:35:00+03:00,2.0,2.2223710962329343e-07,2.4524880392904936e-08,0.9999590419741011,4.071126473738058e-05
2026-05-20 16:40:00+03:00,2.0,2.975886653836545e-07,6.230188405443002e-09,0.9999908553745382,8.840806499006347e-06
2026-05-20 16:45:00+03:00,2.0,3.673744565655208e-07,5.4836233002606724e-08,0.9999536174971093,4.596029329004456e-05
2026-05-20 16:50:00+03:00,2.0,7.56851147872992e-08,2.6657476043885087e-06,0.998549852995773,0.001447405571465638
2026-05-20 16:55:00+03:00,2.0,5.2201190173219e-07,0.000113599352683707,0.989144536136357,0.010741342498796805
2026-05-20 17:00:00+03:00,2.0,8.532346565399784e-09,0.0853240774272386,0.79525545976266,0.11942045427629175
2026-05-20 17:05:00+03:00,1.0,8.85169015593936e-20,0.8627109299281756,1.158648939713283e-06,0.13728791142269647
2026-05-20 17:10:00+03:00,1.0,8.583857289277057e-17,0.8626175254089755,1.7921379621363455e-07,0.1373822953777105
2026-05-20 17:15:00+03:00,1.0,3.5363105103930484e-59,0.9999998879866389,1.1969126140222628e-46,1.1201419736467413e-07
2026-05-20 17:20:00+03:00,1.0,8.081141595925985e-41,0.999307247785346,2.8672227955810724e-28,0.0006927522158867675
2026-05-20 17:25:00+03:00,1.0,1.29171435109238e-78,0.9999999999818101,1.7392440733228505e-63,1.8346627389120127e-11
2026-05-20 17:30:00+03:00,1.0,4.419724538164874e-70,0.9999999694264265,7.03966771984253e-50,3.057212525305755e-08
2026-05-20 17:35:00+03:00,1.0,2.6682729493414294e-87,0.9999999999672582,2.2812413414368927e-64,3.298388821254001e-11
2026-05-20 17:40:00+03:00,1.0,8.997306128583604e-93,0.9999999999854481,5.380049607619043e-65,1.3651917108332128e-11
2026-05-20 17:45:00+03:00,1.0,3.186996824381542e-92,0.9999999999781721,1.0365743710914898e-64,2.1087107942372565e-11
2026-05-20 17:50:00+03:00,1.0,3.8026570426579643e-88,0.9999999999054126,2.660065200429962e-62,9.540287545208953e-11
2026-05-20 17:55:00+03:00,1.0,1.2520991235069997e-104,1.0,1.3394374390560438e-73,3.5385946540481296e-14
2026-05-21 09:55:00+03:00,1.0,7.655433794452403e-100,1.0,4.904594498334389e-68,1.7222554124591786e-17
2026-05-21 10:00:00+03:00,1.0,1.5390216326045972e-89,0.9999999998944986,2.111554874789791e-55,1.0441359312569295e-10
2026-05-21 10:05:00+03:00,1.0,5.433632768034761e-94,1.0,5.939278770292921e-62,7.641448517863784e-13
2026-05-21 10:10:00+03:00,1.0,3.882965477039043e-67,0.9999999896572263,4.452562991335809e-39,1.0344263523870457e-08
2026-05-21 10:15:00+03:00,1.0,1.7957488538615444e-75,0.9999999999818101,1.477143768164153e-45,1.8828322499805838e-11
2026-05-21 10:20:00+03:00,1.0,8.211109262177341e-63,0.9999999833817129,3.2840107331035815e-32,1.661711012013471e-08
2026-05-21 10:25:00+03:00,1.0,9.362453472550872e-103,1.0,8.324973974438206e-59,2.0457196429197577e-16
2026-05-21 10:30:00+03:00,1.0,9.568267389370242e-92,1.0,3.848638769880398e-41,9.6954197524098e-13
2026-05-21 10:35:00+03:00,1.0,5.565789021040835e-78,0.9999999999417923,6.557414169295351e-33,5.938305178619323e-11
2026-05-21 10:40:00+03:00,1.0,1.4677480333203515e-73,0.9999999998835847,1.0395877532692747e-29,1.167565683257236e-10
2026-05-21 10:45:00+03:00,1.0,1.0991719815269506e-81,1.0,2.402844427891809e-32,1.34512664164092e-12
2026-05-21 10:50:00+03:00,1.0,1.2278929895747088e-87,1.0,4.1349983094506967e-32,1.8874971751959637e-13
2026-05-21 10:55:00+03:00,1.0,4.3551306456448105e-87,1.0,2.9665607350412026e-33,7.949217781384375e-13
2026-05-21 11:00:00+03:00,1.0,1.1479370419346635e-82,0.9999999999890861,2.6688852860907414e-34,1.1923917132639421e-11
2026-05-21 11:05:00+03:00,1.0,1.7196579548468615e-82,0.999999999996362,6.969526589288233e-33,4.402225716062216e-12
2026-05-21 11:10:00+03:00,1.0,2.2204321784957043e-78,0.9999999999345164,2.5517209548105127e-32,6.515791758301187e-11
2026-05-21 11:15:00+03:00,1.0,3.375784032527522e-65,0.9999999993378879,9.448259340190754e-22,6.622662691600537e-10
2026-05-21 11:20:00+03:00,1.0,2.8080728052719806e-62,0.9999999988685886,3.2417160302546135e-20,1.1324478854540603e-09
2026-05-21 11:25:00+03:00,1.0,1.0396302784142815e-57,0.9999999928586476,9.68530922143778e-19,7.143158665488668e-09
2026-05-21 11:30:00+03:00,1.0,2.2122680773316033e-55,0.9999999864703569,2.1415105904351308e-17,1.3529113887456732e-08
2026-05-21 11:35:00+03:00,1.0,1.1814130190236405e-50,0.99999999760621,5.321809822485331e-14,2.393795570287614e-09
2026-05-21 11:40:00+03:00,1.0,1.6137827634290362e-49,0.999999999137799,1.3069236300644104e-12,8.619933413062145e-10
2026-05-21 11:45:00+03:00,1.0,3.0114022791780864e-48,0.9999999986866897,2.711655402262436e-12,1.311123684567223e-09
2026-05-21 11:50:00+03:00,1.0,7.766755476590055e-44,0.9999999069514204,8.389755478218024e-11,9.296381310395995e-08
2026-05-21 11:55:00+03:00,1.0,3.564904353366865e-42,0.9999999651445256,6.147504956934928e-10,3.424198403924873e-08
2026-05-21 12:00:00+03:00,1.0,1.643552061412446e-40,0.9999999867795851,1.6687445284710858e-09,1.1551722005569229e-08
2026-05-21 12:05:00+03:00,1.0,2.8645673903465324e-40,0.9999999769024728,5.636645660550531e-09,1.7460904327008355e-08
2026-05-21 12:10:00+03:00,1.0,1.9542614253273555e-37,0.9999997934610505,6.9584010481399775e-09,1.995799059070167e-07
2026-05-21 12:15:00+03:00,1.0,1.1662068264332594e-37,0.9999999389219757,8.7052635140838e-09,5.2372237628975115e-08
2026-05-21 12:20:00+03:00,1.0,4.140008256407371e-42,0.9999999717292671,9.333181956653501e-10,2.733776540168395e-08
2026-05-21 12:25:00+03:00,1.0,2.171440114114038e-40,0.9999999068240911,3.3890841614506642e-09,8.978625433890315e-08
2026-05-21 12:30:00+03:00,1.0,1.0971213934304847e-41,0.9999999558021965,1.4815850766334633e-09,4.2715655603574035e-08
2026-05-21 12:35:00+03:00,1.0,4.658258620889208e-40,0.9999999767460397,3.203663986950691e-09,2.0051898983800697e-08
2026-05-21 12:40:00+03:00,1.0,5.341464732799495e-47,0.999999996394763,2.8720365375834312e-11,3.5752666899059712e-09
2026-05-21 12:45:00+03:00,1.0,1.4650754782704073e-43,0.9999999794854377,4.191511400745955e-10,2.0095512837461945e-08
2026-05-21 12:50:00+03:00,1.0,9.711271221888376e-41,0.9999999757274057,1.7674091055662767e-09,2.2505381026621863e-08
2026-05-21 12:55:00+03:00,1.0,3.795898918423127e-45,0.9999999994688551,5.299574017584141e-11,4.7955673490913e-10
2026-05-21 13:00:00+03:00,1.0,2.3147177351455614e-47,0.9999999915598892,3.007449476738449e-10,8.139774583661897e-09
2026-05-21 13:05:00+03:00,1.0,1.9150873409391695e-44,0.9999999792889869,5.623646874789529e-10,2.014731340996163e-08
2026-05-21 13:10:00+03:00,1.0,2.0170091195018198e-42,0.9999999952851795,7.367542661288527e-10,3.977239701148205e-09
2026-05-21 13:15:00+03:00,1.0,5.093868366196091e-47,0.9999999936844688,1.0604654469772395e-10,6.21038563420982e-09
2026-05-21 13:20:00+03:00,1.0,1.7470873624587524e-44,0.9999999709834815,6.69164894635773e-10,2.8346140707701764e-08
2026-05-21 13:25:00+03:00,1.0,4.396210109781183e-48,0.9999999962092261,3.8373026959489445e-11,3.752915383281338e-09
2026-05-21 13:30:00+03:00,1.0,6.41752284785387e-50,0.9999999991850927,5.7450806813399376e-11,7.581444960082653e-10
2026-05-21 13:35:00+03:00,1.0,1.6935267159890604e-54,0.9999999998653948,5.411585275308379e-12,1.301492282920341e-10
2026-05-21 13:40:00+03:00,1.0,6.2386398984563545e-53,0.9999999997889972,2.7883816858435875e-11,1.8390350160458453e-10
2026-05-21 13:45:00+03:00,1.0,1.9081383000933762e-54,0.9999999998726707,1.6348907121214087e-11,1.1116987829909514e-10
2026-05-21 13:50:00+03:00,1.0,9.075630506075299e-57,0.9999999999636202,3.677769014898036e-12,3.2582890794719085e-11
2026-05-21 13:55:00+03:00,1.0,5.875565158944106e-65,1.0,3.9008465914904376e-15,1.7469980138785651e-12
2026-05-21 14:00:00+03:00,1.0,1.7578657830810437e-64,0.999999999996362,8.37795908065043e-14,2.43883146187427e-12
2026-05-21 14:05:00+03:00,1.0,1.65689640285183e-62,0.9999999999890861,2.2868498939886387e-13,1.0246093372120133e-11
2026-05-21 14:10:00+03:00,1.0,1.431753074508494e-58,0.9999999999345164,8.330666243952873e-13,6.340821329843553e-11
2026-05-21 14:15:00+03:00,1.0,2.844059566879442e-59,0.9999999999672582,7.372282935929593e-13,3.2813333010459957e-11
2026-05-21 14:20:00+03:00,1.0,9.397289453021736e-60,0.9999999999708962,4.582743096434221e-13,2.7845571515915794e-11
2026-05-21 14:25:00+03:00,1.0,8.986114310198981e-58,0.9999999999272404,1.6258928065814065e-12,7.10152289463879e-11
2026-05-21 14:30:00+03:00,1.0,4.363462787902074e-65,0.999999999996362,1.9792625947340463e-15,4.178837049739492e-12
2026-05-21 14:35:00+03:00,1.0,1.3296423726371016e-61,0.9999999999563443,7.915809389112276e-14,4.4749773988442477e-11
2026-05-21 14:40:00+03:00,1.0,2.910875247056544e-58,0.9999999999854481,4.282751473771349e-13,1.2607297255833124e-11
2026-05-21 14:45:00+03:00,1.0,8.274266373259831e-63,0.999999999996362,3.7764250439512875e-14,1.950660281858958e-12
2026-05-21 14:50:00+03:00,1.0,6.36329966399923e-61,0.9999999999818101,4.961470430848615e-13,1.844645855090913e-11
2026-05-21 14:55:00+03:00,1.0,9.828111242650714e-65,0.999999999996362,1.1863509405047852e-14,4.755131030802433e-12
2026-05-21 15:00:00+03:00,1.0,3.784874753152654e-61,0.9999999999818101,1.5436195936508886e-13,1.7290123746020038e-11
2026-05-21 15:05:00+03:00,1.0,2.1309646254030375e-62,1.0,5.0745470367638344e-14,2.0383764321190346e-13
2026-05-21 15:10:00+03:00,1.0,6.734790254422435e-64,0.999999999996362,1.2917759917125844e-13,2.2059830356112256e-12
2026-05-21 15:15:00+03:00,1.0,1.1155514464913853e-62,0.9999999999890861,2.429440550895865e-13,1.225834070348141e-11
2026-05-21 15:20:00+03:00,1.0,1.2767028122606934e-61,1.0,2.479510117007545e-13,3.868899546245062e-13
2026-05-21 15:25:00+03:00,1.0,1.0449375167485846e-60,0.9999999999854481,2.058389554656881e-12,1.104961876229853e-11
2026-05-21 15:30:00+03:00,1.0,4.555578544023477e-64,1.0,4.547778563076672e-14,1.0757291939327357e-12
2026-05-21 15:35:00+03:00,1.0,5.7581692781739536e-67,1.0,2.4668237626075102e-14,1.4766962571951688e-13
2026-05-21 15:40:00+03:00,1.0,9.525714391590238e-76,1.0,3.012130932792733e-17,9.711697662637781e-15
2026-05-21 15:45:00+03:00,1.0,7.084993486154353e-76,1.0,4.297937987173501e-16,4.504215676136602e-15
2026-05-21 15:50:00+03:00,1.0,9.883963815932165e-76,1.0,1.046936200879142e-15,1.628634895883417e-14
2026-05-21 15:55:00+03:00,1.0,1.2974206058996965e-71,1.0,3.1821228376835537e-15,3.2416040307009476e-13
2026-05-21 16:00:00+03:00,1.0,2.251441282677069e-75,1.0,8.682120816750399e-17,3.880805591866815e-14
2026-05-21 16:05:00+03:00,1.0,3.307025342343043e-70,1.0,1.7651848482199519e-15,1.2107960259404736e-12
2026-05-21 16:10:00+03:00,1.0,3.2529957121782845e-53,0.9999999986030161,2.070721117005892e-11,1.375316150980125e-09
2026-05-21 16:15:00+03:00,1.0,8.08498942519216e-50,0.99999999758802,3.556271186991047e-11,2.3777296119631456e-09
2026-05-21 16:20:00+03:00,1.0,2.0551097407207542e-46,0.9999999845422282,1.4046758232069065e-10,1.5316290194361778e-08
2026-05-21 16:25:00+03:00,1.0,3.6867174206620367e-44,0.999999958959962,2.474106047710501e-10,4.079117367451848e-08
2026-05-21 16:30:00+03:00,1.0,5.064502800481099e-39,0.9999997483901414,2.514787957693137e-09,2.490964088272683e-07
2026-05-21 16:35:00+03:00,1.0,3.4425798006234713e-43,0.9999999666033551,1.5950972036236682e-11,3.338007815068002e-08
2026-05-21 16:40:00+03:00,1.0,4.334963981407091e-39,0.9999993897001375,2.8519040259864347e-10,6.100149903992674e-07
2026-05-21 16:45:00+03:00,1.0,1.4262995677882576e-30,0.9999806016520538,1.626365314057856e-08,1.9382082779727268e-05
2026-05-21 16:50:00+03:00,1.0,8.237069012519817e-25,0.9998099298457968,7.710468331332956e-08,0.00018999304819328734
2026-05-21 16:55:00+03:00,1.0,6.672706408706309e-22,0.99930963579007,2.251815100233694e-07,0.0006901390289792037
2026-05-21 17:00:00+03:00,1.0,2.0588025096144222e-25,0.9994125047696112,1.8041251078901035e-10,0.000587495049416103
2026-05-21 17:05:00+03:00,1.0,2.191265073246709e-21,0.9990275589127858,4.909589122043595e-09,0.0009724361779450295
2026-05-21 17:10:00+03:00,1.0,4.945521940766658e-21,0.9997644357199834,2.428406537546547e-09,0.00023556185109373023
2026-05-21 17:15:00+03:00,1.0,4.1307301185154115e-78,1.0,7.090438198952902e-47,6.347489304058983e-13
2026-05-21 17:25:00+03:00,1.0,2.3753412242174633e-104,1.0,4.843298135603428e-52,5.624032196823172e-16
2026-05-21 17:30:00+03:00,1.0,6.854186613776254e-108,1.0,2.6749734691486315e-51,1.2369196413116885e-16
2026-05-21 17:35:00+03:00,1.0,3.669472318459878e-187,1.0,1.026999022708031e-100,2.8803640482170375e-31
2026-05-21 17:40:00+03:00,1.0,1.4279058705986846e-186,1.0,7.019195426667944e-84,3.552296388251194e-28
2026-05-22 09:55:00+03:00,1.0,1.4571658097843604e-174,1.0,2.5955529471008293e-77,2.224730847270717e-31
2026-05-22 10:00:00+03:00,1.0,0.0,1.0,3.1384395934767273e-279,5.472364209561863e-67
2026-05-22 10:05:00+03:00,1.0,0.0,1.0,2.9616855432216614e-227,3.2815370546087e-57
2026-05-22 10:10:00+03:00,1.0,0.0,1.0,1.991730072870977e-244,4.8745982565325706e-61
2026-05-22 10:15:00+03:00,1.0,0.0,1.0,2.014960022394008e-251,3.9550343620920415e-62
2026-05-22 10:20:00+03:00,1.0,0.0,1.0,2.0996967515924043e-260,7.02825521307828e-63
2026-05-22 10:25:00+03:00,1.0,0.0,1.0,4.781713740418381e-236,1.3107759387086864e-57
2026-05-22 10:30:00+03:00,1.0,0.0,1.0,4.043226469570155e-273,9.888280548794648e-69
2026-05-22 10:35:00+03:00,1.0,0.0,1.0,1.207986722132595e-239,2.1903598488742907e-61
2026-05-22 10:40:00+03:00,1.0,0.0,1.0,1.7583570269336287e-233,4.8594332517799863e-60
2026-05-22 10:45:00+03:00,1.0,0.0,1.0,2.0787652148108126e-227,1.094115854448575e-56
2026-05-22 10:50:00+03:00,1.0,2.6717548980885926e-246,1.0,4.8854336722573646e-147,1.5138958402410758e-38
2026-05-22 10:55:00+03:00,1.0,6.561742310032249e-198,1.0,9.516118498201287e-123,1.786126185336016e-31
2026-05-22 11:00:00+03:00,1.0,2.090077353471091e-184,1.0,2.1937875124067915e-117,5.7949662842788835e-30
2026-05-22 11:05:00+03:00,1.0,1.0065837294633011e-197,1.0,4.2951665886514394e-128,1.6622866049322537e-33
2026-05-22 11:10:00+03:00,1.0,1.649332503878971e-119,1.0,3.9434082071882804e-63,1.5280482264517448e-15
2026-05-22 11:15:00+03:00,1.0,9.39509348390037e-105,1.0,1.9756016633358924e-61,9.181996164818238e-16
2026-05-22 11:20:00+03:00,1.0,2.0122964933746513e-85,0.999999999996362,9.95428588254156e-46,2.4882905207669626e-12
2026-05-22 11:25:00+03:00,1.0,5.185200794305044e-75,0.9999999999272404,1.367988416497175e-41,7.180421799635516e-11
2026-05-22 11:30:00+03:00,1.0,7.16079524198251e-67,0.9999999987412593,2.5032910139152705e-35,1.2585216272601236e-09
2026-05-22 11:35:00+03:00,1.0,9.49215935419665e-54,0.9999999921383278,9.307133976554021e-29,7.860504102385831e-09
2026-05-22 11:40:00+03:00,1.0,2.2437410053486362e-42,0.9999961966058915,3.8234333578759876e-21,3.8033939005968615e-06
2026-05-22 11:45:00+03:00,1.0,9.320322093291341e-38,0.9999934238219566,6.109858153540683e-19,6.576176827646972e-06
2026-05-22 11:50:00+03:00,1.0,2.940152700415345e-44,0.9999978868567767,1.796720087194227e-21,2.1131436763090626e-06
2026-05-22 11:55:00+03:00,1.0,2.7381411358799084e-36,0.999978635229983,2.8300304883255953e-16,2.1364769758002125e-05
2026-05-22 12:00:00+03:00,1.0,4.667658855025423e-32,0.9998580971943318,4.549595302241882e-14,0.00014190280518539144
2026-05-22 12:05:00+03:00,1.0,3.5800279084590434e-36,0.9999882157866012,7.300647666953048e-15,1.1784212150074842e-05
2026-05-22 12:10:00+03:00,1.0,7.454342352206532e-33,0.999820823122412,2.6491642386944085e-13,0.00017917687663458122
2026-05-22 12:15:00+03:00,1.0,9.087288459616546e-30,0.8901580698708932,3.3711552058953346e-11,0.10984193009719424
2026-05-22 12:20:00+03:00,3.0,3.734185906227362e-23,0.303494740888261,1.9387542985707344e-10,0.6965052589191233
2026-05-22 12:25:00+03:00,3.0,1.349307481356109e-19,0.04220603742423721,1.2120307516027195e-09,0.9577939613642991
2026-05-22 12:30:00+03:00,3.0,1.2335610658201455e-16,0.00037665897874031637,3.4236731436853875e-12,0.9996233410188695
2026-05-22 12:35:00+03:00,3.0,1.0587592738877043e-17,4.3270512724985465e-05,4.959663473763727e-11,0.9999567294374723
2026-05-22 12:40:00+03:00,3.0,2.606415578601351e-14,2.3755394387208094e-05,6.076612104084496e-10,0.9999762439968056
2026-05-22 12:45:00+03:00,3.0,1.0035984335073094e-13,2.0268457884624163e-06,8.138917625059363e-13,0.9999979731530934
2026-05-22 12:50:00+03:00,3.0,4.9059192797578e-14,2.34916178981841e-06,2.0139052593090632e-11,0.9999976508179624
2026-05-22 12:55:00+03:00,3.0,6.693234703306954e-12,2.5207346620860175e-06,6.739677841984089e-11,0.9999974791894541
2026-05-22 13:00:00+03:00,3.0,2.4688456358796947e-19,7.840131563169055e-05,2.8234329977759815e-12,0.9999215986821558
2026-05-22 13:05:00+03:00,3.0,4.7051301935070816e-17,1.5961397128731892e-05,4.556879550053348e-11,0.9999840385572147
2026-05-22 13:10:00+03:00,3.0,6.438369914458423e-16,1.3546414912636523e-05,3.4468315485588754e-11,0.9999864535501588
2026-05-22 13:15:00+03:00,3.0,1.2927780622847922e-13,2.668965228398731e-05,6.479478986082816e-11,0.9999733102810029
2026-05-22 13:20:00+03:00,3.0,6.568420518157823e-13,1.972405320057969e-05,2.1013623894598745e-10,0.9999802757355459
2026-05-22 13:25:00+03:00,3.0,9.839482935861211e-11,3.883118959333412e-06,3.0963415805400685e-11,0.9999961167525636
2026-05-22 13:30:00+03:00,3.0,5.5576145812617794e-14,3.4946495035245616e-06,3.793593084569249e-11,0.9999965053127327
2026-05-22 13:35:00+03:00,3.0,2.316277948292225e-11,6.329296080228806e-07,2.4659725844550602e-12,0.9999993670464575
2026-05-22 13:40:00+03:00,3.0,1.816681327794635e-09,4.996878418413184e-07,2.4013329714846116e-12,0.9999994984938333
2026-05-22 13:45:00+03:00,3.0,6.835391163484446e-14,2.971014880821951e-06,5.253912248148937e-12,0.9999970289798991
2026-05-22 13:50:00+03:00,3.0,1.0188602490341025e-09,1.9829662738027746e-05,7.037384393731931e-10,0.9999801686137407
2026-05-22 13:55:00+03:00,3.0,3.9535459288304425e-10,1.1687370440499358e-06,1.009067363244833e-10,0.9999988307652089
2026-05-22 14:00:00+03:00,3.0,1.096979674957746e-09,4.7336302266803625e-07,4.3659040333249574e-12,0.9999995255349166
2026-05-22 14:05:00+03:00,3.0,7.77426847009698e-09,1.8752265654710163e-07,2.054305879324024e-12,0.9999998047024028
2026-05-22 14:10:00+03:00,3.0,4.566156568576511e-22,0.000232358360211672,1.991397264848937e-15,0.9997676416407001
2026-05-22 14:15:00+03:00,3.0,2.9982497318028145e-16,6.935701163078761e-06,2.021035550449676e-12,0.9999930642974919
2026-05-22 14:20:00+03:00,3.0,6.219537396064075e-21,6.275786432378244e-05,1.7230989494854765e-12,0.9999372421346663
2026-05-22 14:25:00+03:00,3.0,1.88577525019955e-21,8.520738072138129e-06,5.986523103544118e-18,0.9999914792605652
2026-05-22 14:30:00+03:00,3.0,1.2345600266018361e-18,9.09667549707002e-07,6.953066988045113e-18,0.999999090331089
2026-05-22 14:35:00+03:00,3.0,1.211933375940213e-16,2.603806569349493e-07,3.360694760412327e-17,0.9999997396189767
2026-05-22 14:40:00+03:00,3.0,3.868517838089726e-15,3.249567411849102e-07,1.4697123885393215e-16,0.9999996750448719
2026-05-22 14:45:00+03:00,3.0,1.9114965830208532e-16,1.0398886392948274e-07,1.5908767775549059e-19,0.9999998960120192
2026-05-22 14:50:00+03:00,3.0,8.032378620083686e-17,1.345844182033243e-07,1.4735992268952708e-18,0.9999998654166211
2026-05-22 14:55:00+03:00,3.0,3.490106043047799e-23,5.991419031534824e-07,2.5146802914872974e-27,0.9999994008578118
2026-05-22 15:00:00+03:00,3.0,3.610459441540661e-13,5.0405547192152395e-08,3.750722272299341e-18,0.9999999495958048
2026-05-22 15:05:00+03:00,3.0,1.0445539238876712e-24,3.6244980598706524e-05,6.848732374864962e-28,0.9999637550192628
2026-05-22 15:10:00+03:00,3.0,3.5554925596227464e-16,3.1275081647734805e-07,3.3132935627693346e-21,0.9999996872502869
2026-05-22 15:15:00+03:00,3.0,8.267989134908071e-17,1.7732796962931925e-07,3.854960531962667e-21,0.9999998226703768
2026-05-22 15:20:00+03:00,3.0,1.426278737530213e-15,3.8484083179010625e-08,2.377353941292952e-21,0.999999961517461
2026-05-22 15:25:00+03:00,3.0,1.048804921312059e-18,2.1163625729346982e-07,5.34060606469524e-22,0.9999997883642433
2026-05-22 15:30:00+03:00,3.0,3.542351339650271e-22,1.281866590029822e-06,3.4709904753025222e-25,0.999998718133523
2026-05-22 15:35:00+03:00,3.0,1.7940568975172163e-27,1.3586301249781781e-05,1.7690218919606286e-30,0.9999864137002796
2026-05-22 15:40:00+03:00,3.0,3.01957198883639e-22,3.890337070234109e-05,4.325698583096934e-25,0.9999610966297603
2026-05-22 15:45:00+03:00,3.0,3.697106570504696e-43,0.0700825451247595,1.263952862169385e-37,0.9299174548738858
2026-05-22 15:50:00+03:00,3.0,1.6330192051244787e-35,0.04940430476847329,7.683295848767211e-32,0.9505956952322177
2026-05-22 15:55:00+03:00,3.0,3.301408745003094e-32,0.0247570286028708,2.694926557367666e-30,0.9752429713955736
2026-05-22 16:00:00+03:00,3.0,1.228812183472894e-32,0.0029468546869851524,5.142624505979835e-31,0.9970531453119675
2026-05-22 16:05:00+03:00,3.0,1.851010662130757e-30,0.00013889467530251744,9.305797925000497e-30,0.9998611053258384
2026-05-22 16:10:00+03:00,3.0,5.2121989724973736e-31,4.131794470549766e-05,9.110955745650812e-31,0.999958682054561
2026-05-22 16:15:00+03:00,3.0,2.859458841902157e-31,4.686040937351391e-05,2.407658358792909e-30,0.9999531395908392
2026-05-22 16:20:00+03:00,3.0,4.477758789267121e-31,3.4268284836583645e-05,4.357349134057214e-31,0.9999657317144751
2026-05-22 16:25:00+03:00,3.0,1.3309913362613838e-25,1.1711628324801726e-05,1.1247819077221545e-26,0.9999882883707018
2026-05-22 16:30:00+03:00,3.0,2.2042348996185793e-24,0.0008592254540996405,2.7989866003643352e-25,0.9991407745473869
2026-05-22 16:35:00+03:00,3.0,2.227741818938533e-25,0.0014650405782611012,4.2906994991058185e-24,0.9985349594233095
2026-05-22 16:40:00+03:00,3.0,3.339103685067226e-25,0.019330810246222352,1.9835873793510382e-22,0.9806691897524651
2026-05-22 16:45:00+03:00,3.0,1.06428555539878e-25,0.03551743473023159,2.731438659600653e-20,0.9644825652696158
2026-05-22 16:50:00+03:00,3.0,6.667903089157264e-23,0.012423056093141338,6.725622417913667e-19,0.9875769439084175
2026-05-22 16:55:00+03:00,3.0,1.43950940187095e-19,0.00012170498704939996,1.1037108470201718e-16,0.9998782950130598
2026-05-22 17:00:00+03:00,3.0,1.8636797425715324e-21,1.1746304567868043e-05,1.7025290898387088e-18,0.9999882536938944
2026-05-22 17:05:00+03:00,3.0,9.226005734803082e-24,3.03434335634023e-05,4.519558991326296e-21,0.9999696565666305
2026-05-22 17:10:00+03:00,3.0,2.8100980187896473e-23,0.00023999740310913818,1.0979857768661596e-19,0.9997600025984107
2026-05-22 17:15:00+03:00,3.0,3.450871391649771e-21,0.009014336267382444,1.2453660319134873e-17,0.9909856637316754
2026-05-22 17:20:00+03:00,1.0,1.7135386895869787e-46,0.9969721592415115,3.016867719194784e-35,0.003027840757016826
2026-05-22 17:25:00+03:00,1.0,1.1637627444654397e-36,0.9976610282138627,1.2216533770338972e-26,0.0023389717858254507
2026-05-22 17:30:00+03:00,1.0,5.987332338242124e-37,0.9963190243285377,8.794954953679596e-29,0.0036809756721570765
2026-05-22 17:35:00+03:00,1.0,4.932798211341657e-34,0.9949209856537568,2.990495653734207e-27,0.005079014346385994
2026-05-22 17:40:00+03:00,1.0,1.420386639939115e-40,0.9997534092640248,4.953549354534617e-33,0.00024659073623824906
2026-05-22 17:45:00+03:00,1.0,2.2929751434696737e-47,0.999978756273873,4.2885971078866145e-39,2.1243724425585545e-05
2026-05-22 17:50:00+03:00,1.0,8.815245657387065e-53,0.9999943679117119,2.1038910273379372e-41,5.632088483455728e-06
2026-05-22 17:55:00+03:00,1.0,7.446371278961124e-49,0.9999563656153835,2.3577949270771297e-37,4.3634385500168675e-05
2026-05-25 09:55:00+03:00,1.0,0.0,1.0,0.0,5.689817683684999e-120
2026-05-25 10:00:00+03:00,1.0,0.0,1.0,1.423e-321,1.3081914039850636e-71
2026-05-25 10:05:00+03:00,1.0,0.0,1.0,4.657914879318311e-291,1.1695111134113987e-63
2026-05-25 10:10:00+03:00,1.0,0.0,1.0,1.4022746422246706e-282,1.479429925401603e-61
2026-05-25 10:15:00+03:00,1.0,0.0,1.0,7.1331236816299e-285,4.160137817974576e-62
2026-05-25 10:20:00+03:00,1.0,0.0,1.0,5.570545221322512e-301,1.9882745594489852e-66
2026-05-25 10:25:00+03:00,1.0,0.0,1.0,9.050356402060991e-295,1.536142891373754e-64
2026-05-25 10:30:00+03:00,1.0,0.0,1.0,6.995375900040057e-298,2.3736687456832763e-65
2026-05-25 10:35:00+03:00,1.0,0.0,1.0,4.687399653637412e-291,9.082114029122386e-64
2026-05-25 10:40:00+03:00,1.0,0.0,1.0,3.4580435203457173e-287,1.041089716345554e-62
2026-05-25 10:45:00+03:00,1.0,7.24759568594192e-133,0.9999999999818101,1.1700947187749967e-61,1.8013535692694922e-11
2026-05-25 10:50:00+03:00,1.0,1.0390364928456401e-64,0.9999999930041668,7.690157412404566e-49,6.995467054007327e-09
2026-05-25 10:55:00+03:00,1.0,4.6219731749097235e-57,0.9999999547799244,3.02508822621429e-44,4.5219151901908845e-08
2026-05-25 11:00:00+03:00,1.0,1.4061654348486429e-50,0.9999044316768114,7.921453247057996e-40,9.556832182475428e-05
2026-05-25 11:05:00+03:00,3.0,2.4729455148468541e-23,0.0003239490551066836,7.713678670085978e-26,0.9996760509434192
2026-05-25 11:10:00+03:00,3.0,1.9186695744113797e-09,7.056703316705385e-10,1.3060375214144372e-23,0.9999999973770173
2026-05-25 11:15:00+03:00,3.0,1.234027550481702e-07,1.2502771408358432e-10,9.103869939455395e-25,0.9999998764724373
2026-05-25 11:20:00+03:00,3.0,0.002653826621837596,6.6920711908571194e-12,2.7156284150350165e-25,0.997346173373144
2026-05-25 11:25:00+03:00,3.0,0.42165499313434673,2.429825962286346e-14,8.291885984513319e-29,0.5783450068649987
2026-05-25 11:30:00+03:00,0.0,0.9557154884160981,8.018695590714992e-18,4.0344684740621e-34,0.04428451158490942
2026-05-25 11:35:00+03:00,0.0,0.9997265876119146,4.840301178230443e-18,3.054842254857347e-37,0.00027341238768183775
2026-05-25 11:40:00+03:00,0.0,0.9998904316202488,2.182851070068401e-20,8.322185842889e-37,0.00010956838031865351
2026-05-25 11:45:00+03:00,0.0,0.9999994265783069,4.013238250491248e-24,5.5872298869372516e-43,5.73421091459312e-07
2026-05-25 11:50:00+03:00,0.0,0.9999998747807773,7.050708589546926e-28,6.873925821706117e-51,1.252181889991915e-07
2026-05-25 11:55:00+03:00,0.0,0.9999999905085133,9.193290879651118e-28,1.3317551457902045e-48,9.491526006908698e-09
2026-05-25 12:00:00+03:00,0.0,0.9999999761639632,1.4494453307942847e-27,3.3725409094030905e-46,2.3836362461671042e-08
2026-05-25 12:05:00+03:00,0.0,0.9999999960928108,1.694893775422059e-29,1.1238954987488713e-48,3.905872903636909e-09
2026-05-25 12:10:00+03:00,0.0,0.9999999995852704,5.821342875220378e-30,1.1826045040902907e-49,4.1319903767181873e-10
2026-05-25 12:15:00+03:00,0.0,0.9999999999199645,1.0482590485233826e-34,1.901908781988113e-58,8.057791788858735e-11
2026-05-25 12:20:00+03:00,0.0,0.999999999992724,1.4425276484330328e-33,5.977422668154157e-60,7.0056871701065564e-12
2026-05-25 12:25:00+03:00,0.0,0.9999999999417923,2.5874843181043962e-36,1.4237627770752699e-65,5.904991968481238e-11
2026-05-25 12:30:00+03:00,0.0,0.9999999999308784,1.1096301472336976e-37,8.386349637089576e-66,7.092431743269919e-11
2026-05-25 12:35:00+03:00,0.0,0.999999999996362,4.5830395441333256e-40,5.829756073316743e-72,2.156894239252055e-12
2026-05-25 12:40:00+03:00,0.0,0.999999999996362,1.931316108885328e-40,4.3396692384444944e-76,3.2510554206777614e-12
2026-05-25 12:45:00+03:00,0.0,0.9999999999818101,1.3669120977549525e-39,1.107453579071842e-71,1.967592441338148e-11
2026-05-25 12:50:00+03:00,0.0,0.999999999996362,1.183903084239154e-40,5.086582153574716e-74,3.6808879548349e-12
2026-05-25 12:55:00+03:00,0.0,0.999999999996362,4.375821271269188e-41,2.281424096625461e-76,3.796574537353254e-12
2026-05-25 13:00:00+03:00,0.0,0.999999999992724,4.605091238635978e-40,8.728293886313644e-73,7.678573587338298e-12
2026-05-25 13:05:00+03:00,0.0,0.999999999992724,2.9957647152761725e-42,1.1077258821260556e-75,7.583904032878566e-12
2026-05-25 13:10:00+03:00,0.0,1.0,8.759273649738607e-42,3.392565383606005e-76,2.0209405122025782e-13
2026-05-25 13:15:00+03:00,0.0,1.0,3.520447460464902e-40,2.537647132657514e-76,8.875939055541434e-13
2026-05-25 13:20:00+03:00,0.0,0.9999999999126885,2.379785316482355e-36,2.21868151132795e-64,8.812666499956645e-11
2026-05-25 13:25:00+03:00,0.0,0.9999999999854481,1.7069397314721286e-38,4.603498904762508e-69,1.472101966846985e-11
2026-05-25 13:30:00+03:00,0.0,0.9999999999818101,7.969404621703864e-34,1.634518280607957e-60,1.8507779525008178e-11
2026-05-25 13:35:00+03:00,0.0,0.9999999994543032,9.291322968300931e-30,3.3283989754987516e-48,5.454996391479638e-10
2026-05-25 13:40:00+03:00,0.0,0.9999999994251993,3.7216861708860276e-29,9.861260126738198e-46,5.754779528602235e-10
2026-05-25 13:45:00+03:00,0.0,0.9999999992469384,2.5430356561182033e-30,1.1512483117615466e-44,7.52234344708607e-10
2026-05-25 13:50:00+03:00,0.0,0.9999999999818101,1.0093783314325977e-32,4.829400946152739e-51,1.997148650356064e-11
2026-05-25 13:55:00+03:00,0.0,0.9999999999890861,4.275604828516247e-32,1.024114010392225e-54,1.0001846097209408e-11
2026-05-25 14:00:00+03:00,0.0,0.9999999992105586,3.7798774856406094e-27,8.793969393590796e-47,7.887232656775785e-10
2026-05-25 14:05:00+03:00,0.0,0.9999999707797547,1.934329609449157e-24,2.0971748698056893e-37,2.9220530118956675e-08
2026-05-25 14:10:00+03:00,0.0,0.9999999926621967,9.184436166744317e-26,5.702291521388974e-37,7.337075834598087e-09
2026-05-25 14:15:00+03:00,0.0,0.9999999991268851,3.354660902980101e-29,6.55478917875539e-44,8.746069526806778e-10
2026-05-25 14:20:00+03:00,0.0,0.9999999998908606,8.546849370840961e-28,5.362292289989379e-45,1.0852144411881949e-10
2026-05-25 14:25:00+03:00,0.0,0.9999999977117113,1.5240324298104874e-28,1.1084647650224086e-45,2.2880888447220957e-09
2026-05-25 14:30:00+03:00,0.0,0.9999999991123332,6.891718869205692e-29,8.50475578178739e-47,8.891821248610327e-10
2026-05-25 14:35:00+03:00,0.0,0.9999999986102921,5.913582759816553e-29,7.824684311016065e-44,1.3908127668490782e-09
2026-05-25 14:40:00+03:00,0.0,0.9999999997562554,3.2017349283302226e-30,6.101924789458481e-47,2.443197933528164e-10
2026-05-25 14:45:00+03:00,0.0,0.9999999998835847,2.1888024896996075e-32,4.917867928930736e-54,1.1801438526050984e-10
2026-05-25 14:50:00+03:00,0.0,0.9999999997562554,4.539470405597978e-32,9.636825839287445e-52,2.4324534687560134e-10
2026-05-25 14:55:00+03:00,0.0,0.9999999999490683,1.41229511530218e-33,3.980254022501456e-54,5.2652353794923226e-11
2026-05-25 15:00:00+03:00,0.0,0.999999999992724,3.1992132709455624e-33,3.19132233490786e-54,8.632680336931536e-12
2026-05-25 15:05:00+03:00,0.0,0.9999999999745341,1.0838612843099151e-34,3.558402887972626e-54,2.4833393764020022e-11
2026-05-25 15:10:00+03:00,0.0,1.0,7.124556832463906e-39,1.4037695947721013e-65,1.1525300372144352e-12
2026-05-25 15:15:00+03:00,0.0,1.0,6.982355315207645e-44,6.203394422803307e-78,1.8597015445559623e-13
2026-05-25 15:20:00+03:00,0.0,1.0,9.015192054684363e-45,4.492074310215169e-89,2.072184355102364e-14
2026-05-25 15:25:00+03:00,0.0,0.9999999999854481,1.9269355284459053e-35,1.236573414768321e-65,1.3114212340028416e-11
2026-05-25 15:30:00+03:00,0.0,0.9999999999345164,1.1992614516884237e-32,5.959424649524835e-53,6.541974257542082e-11
2026-05-25 15:35:00+03:00,0.0,0.9999999999272404,4.42242877114798e-32,5.862652257334258e-53,7.354965054974441e-11
2026-05-25 15:40:00+03:00,0.0,0.999999999650754,4.3460569614708686e-30,1.4304776587908624e-47,3.490218392837502e-10
2026-05-25 15:45:00+03:00,0.0,0.9999999997307896,1.4657146647971891e-29,1.2057823084805898e-47,2.6992731739389166e-10
2026-05-25 15:50:00+03:00,0.0,0.999999998286512,3.3007228067322497e-28,8.37440256670997e-43,1.7136535701857535e-09
2026-05-25 15:55:00+03:00,0.0,0.9999999994615791,3.708659808462762e-28,7.458311499418619e-44,5.367274315428887e-10
2026-05-25 16:00:00+03:00,0.0,0.9999999991159711,9.33376736245657e-28,4.732900770524542e-44,8.838942443073026e-10
2026-05-25 16:05:00+03:00,0.0,0.9999999958527042,2.7669506906638373e-23,5.1952466180817285e-36,4.148830295301091e-09
2026-05-25 16:10:00+03:00,0.0,0.9999996742117749,6.522454497053044e-20,1.6027109116523704e-26,3.257873641213347e-07
2026-05-25 16:15:00+03:00,0.0,0.9999999292376768,1.4064257143072324e-19,2.187722331326186e-24,7.07624889431798e-08
2026-05-25 16:20:00+03:00,0.0,0.9999999632673287,1.3758863098366531e-17,2.168373346046269e-24,3.673131068119712e-08
2026-05-25 16:25:00+03:00,0.0,0.9999854746529233,8.0826138447102e-14,4.9129878146150346e-18,1.4525346890860689e-05
2026-05-25 16:30:00+03:00,2.0,0.24813231156583337,1.092381756281666e-08,0.7518183720917881,4.930541916230084e-05
2026-05-25 16:35:00+03:00,2.0,0.11699618623939062,1.9548770064377123e-08,0.8829377961550045,6.5998056388906e-05
2026-05-25 16:40:00+03:00,2.0,0.029594247662713527,3.784866620324207e-09,0.9703966340797101,9.114473364731081e-06
2026-05-25 16:45:00+03:00,2.0,0.004633015872021948,1.6904336346250418e-09,0.9953653610873779,1.6213510790480348e-06
2026-05-25 16:50:00+03:00,2.0,0.0012117163700443945,1.5560119446313723e-09,0.9987869222243193,1.3598485891415371e-06
2026-05-25 16:55:00+03:00,2.0,0.0004945504208945002,1.6322563483239147e-09,0.9995043096428781,1.138305371806186e-06
2026-05-25 17:00:00+03:00,2.0,0.00038973956109556823,8.593640395069714e-09,0.9996047833050582,5.4685411081336574e-06
2026-05-25 17:05:00+03:00,2.0,0.00032090093663094527,2.144903349929163e-09,0.9996773477290491,1.7491878422326002e-06
2026-05-25 17:10:00+03:00,2.0,0.0002983414540648663,2.11173915109358e-09,0.9997006678857323,9.885484868040925e-07
2026-05-25 17:15:00+03:00,2.0,0.00030455850380272585,2.8588673358509686e-09,0.999694770860815,6.677750112433773e-07
2026-05-25 17:20:00+03:00,2.0,0.0002996039477403901,2.3493658159077933e-09,0.9996991292061091,1.2644973425678083e-06
2026-05-25 17:25:00+03:00,2.0,0.00038212623174534307,5.3204942181451185e-09,0.9996176990330347,1.6941435829359505e-07
2026-05-25 17:30:00+03:00,2.0,0.0003068143605646767,5.692081016100562e-09,0.9996923415011459,8.384455469696053e-07
2026-05-25 17:35:00+03:00,2.0,0.0001635417061080858,2.882751503242822e-08,0.9998179475322324,1.848193570986694e-05
2026-05-25 17:40:00+03:00,2.0,0.0003003458414842719,8.313342103793705e-09,0.9996838424874497,1.580335639725166e-05
2026-05-25 17:45:00+03:00,2.0,0.0006812086226426673,3.5275247545641883e-09,0.9993144088355401,4.3790132940212614e-06
2026-05-25 17:50:00+03:00,2.0,0.001745128855731957,2.362070939317086e-09,0.9982498657816102,5.003002234219232e-06
2026-05-25 17:55:00+03:00,2.0,0.004731692176450995,1.2120831668409845e-07,0.9952611306330288,7.055982770322772e-06
2026-05-26 09:55:00+03:00,2.0,0.013167572533233581,0.0007333591322876873,0.9860975090676367,1.5592669610954714e-06
2026-05-26 10:00:00+03:00,3.0,8.97158823633431e-09,0.005234542560578651,0.0007613950531648383,0.9940040534158107
2026-05-26 10:05:00+03:00,3.0,1.556956327059701e-06,3.075317324046972e-05,0.0005710503572732697,0.9993966395120675
2026-05-26 10:10:00+03:00,3.0,3.675896506257671e-07,5.893389945810364e-06,0.00012566503545667333,0.9998680739855008
2026-05-26 10:15:00+03:00,3.0,2.0575255221474206e-07,3.1764168088398537e-06,4.2181539390522225e-05,0.999954436292097
2026-05-26 10:20:00+03:00,3.0,6.841501971458659e-07,3.99613191907695e-06,0.00011440378081280328,0.999880915937605
2026-05-26 10:25:00+03:00,3.0,8.291108402253437e-13,2.3819975138236963e-05,2.1567304462119654e-08,0.9999761584554078
2026-05-26 10:30:00+03:00,3.0,1.4403589382198133e-12,5.774647757921394e-06,6.590429409558084e-09,0.9999942187590699
2026-05-26 10:35:00+03:00,3.0,1.232340240513025e-11,3.4109139142332306e-06,3.103039237499222e-08,0.9999965580450526
2026-05-26 10:40:00+03:00,3.0,1.2487378425600914e-11,3.860042314426834e-06,5.3508289668636123e-08,0.9999960864374043
2026-05-26 10:45:00+03:00,3.0,1.2963232113766563e-11,3.436865918406754e-06,3.500348410592957e-08,0.9999965281191423
2026-05-26 10:50:00+03:00,3.0,3.671770507237815e-08,4.389936190608735e-06,2.3919633958914474e-05,0.9999716537110942
2026-05-26 10:55:00+03:00,3.0,5.5019194616652175e-08,3.4704710653330856e-06,2.1268239427725974e-05,0.9999752062703523
2026-05-26 11:00:00+03:00,3.0,5.910588207713473e-08,3.3667426397137583e-06,4.5689256182411984e-05,0.9999508848943295
2026-05-26 11:05:00+03:00,3.0,1.3084591308089083e-07,3.280729088354043e-06,0.001329407104526204,0.9986671813221024
2026-05-26 11:10:00+03:00,3.0,1.5518155664982375e-05,1.2338353380447782e-06,0.08201483269421593,0.9179684153132541
2026-05-26 11:15:00+03:00,2.0,0.00033879436939249853,5.385087235391174e-07,0.8923753100198996,0.10728535710049016
2026-05-26 11:20:00+03:00,2.0,9.53802620881573e-05,4.8210286891994487e-08,0.996682295377426,0.0032222761496026615
2026-05-26 11:25:00+03:00,2.0,1.2383422467578339e-05,1.614755943883451e-08,0.9999175773000135,7.002313008418534e-05
2026-05-26 11:30:00+03:00,2.0,1.7785899520175417e-05,1.1685256227802219e-07,0.9997353477848531,0.000246749463265765
2026-05-26 11:35:00+03:00,2.0,2.8398558392648436e-05,4.8809969280559975e-09,0.9999537676659203,1.7828895387214086e-05
2026-05-26 11:40:00+03:00,2.0,3.83835899470162e-05,2.191742882313023e-09,0.9999578212719533,3.7929454910000035e-06
2026-05-26 11:45:00+03:00,2.0,2.4701990346691352e-05,2.1468636738678967e-09,0.9999732635924301,2.0322717775203357e-06
2026-05-26 11:50:00+03:00,2.0,1.4383714672019771e-05,1.5762743100117676e-09,0.9999834977877188,2.116920557041185e-06
2026-05-26 11:55:00+03:00,2.0,1.4363745029229463e-05,2.163436540818309e-09,0.9999836694974996,1.9645948672949347e-06
2026-05-26 12:00:00+03:00,2.0,1.614278847427056e-05,1.6467430275653228e-09,0.9999823693168661,1.4862492421210249e-06
2026-05-26 12:05:00+03:00,2.0,1.3565915080665746e-05,2.0466472894331636e-09,0.9999835018876533,2.9301503144693218e-06
2026-05-26 12:10:00+03:00,2.0,1.23818086277041e-06,4.914341069466869e-08,0.9999792391399345,1.947353674488251e-05
2026-05-26 12:15:00+03:00,2.0,3.699063889054536e-06,5.264145468057758e-09,0.9999886785394353,7.617134033854621e-06
2026-05-26 12:20:00+03:00,2.0,5.340720866761061e-06,3.162729611225717e-09,0.9999917429936264,2.9131232403951867e-06
2026-05-26 12:25:00+03:00,2.0,1.547585154146509e-05,3.3476472461735176e-07,0.9999811211927777,3.0681895656132496e-06
2026-05-26 12:35:00+03:00,2.0,0.0001646157507026218,0.0009214936611345364,0.9988959785503669,1.7912036666488345e-05
2026-06-01 09:55:00+03:00,1.0,1.395817413258925e-10,0.998795656202503,6.321013735585848e-07,0.001203711555297616
2026-06-01 10:00:00+03:00,3.0,1.8851001300027287e-10,0.0022948366884133512,1.3282100360387975e-06,0.9977038349124623
2026-06-01 10:05:00+03:00,3.0,4.0498650592190105e-18,0.00019679490815168978,3.3577882799348705e-15,0.999803205091545
2026-06-01 10:10:00+03:00,3.0,9.172677882524152e-18,1.796452511950984e-05,7.072912852373176e-14,0.9999820354764066
2026-06-01 10:15:00+03:00,3.0,8.803461571189824e-18,8.640954442523798e-06,1.1581235636478195e-13,0.999991359044587
2026-06-01 10:20:00+03:00,3.0,2.293416708226413e-16,5.609413122461983e-06,1.7029765205085443e-12,0.9999943905834684
2026-06-01 10:25:00+03:00,3.0,2.222068282402805e-16,5.271235101751143e-06,1.5622525077894344e-12,0.9999947287645005
2026-06-01 10:30:00+03:00,3.0,1.3318207674374064e-19,1.713192519364539e-05,1.6501065517023347e-14,0.9999828680750913
2026-06-01 10:35:00+03:00,3.0,2.1143605148538524e-19,1.2069566849851677e-05,3.141067131470817e-14,0.9999879304342231
2026-06-01 10:40:00+03:00,3.0,3.4612220426546826e-19,1.167712068004143e-05,2.7199655545691602e-14,0.9999883228801651
2026-06-01 10:45:00+03:00,3.0,6.950126982942934e-15,5.674036747930274e-06,2.1647744132057353e-11,0.9999943259405877
2026-06-01 10:50:00+03:00,3.0,6.420990602599287e-14,5.400996153952452e-06,2.2091443924368953e-10,0.9999945987838493
2026-06-01 10:55:00+03:00,3.0,3.215443274550125e-09,6.373915918244426e-06,4.5370422968142544e-07,0.9999931691651471
2026-06-01 11:00:00+03:00,3.0,7.137433131980873e-09,1.239645762562442e-05,8.639038212215928e-07,0.9999867324993579
2026-06-01 11:05:00+03:00,3.0,2.0133632918496924e-08,1.0498239363556811e-05,9.885013949449317e-07,0.9999884931246859
2026-06-01 11:10:00+03:00,3.0,6.691601327541149e-07,6.975295820845035e-06,1.5192283299970425e-05,0.9999771632598924
2026-06-01 11:15:00+03:00,3.0,1.3005006990698596e-08,8.909419358808457e-06,0.0001626429325807725,0.9998284346436166
2026-06-01 11:20:00+03:00,3.0,4.304645819614931e-05,3.032465672870559e-06,0.142969021391228,0.856984899684835
2026-06-01 11:25:00+03:00,3.0,7.186656049140839e-05,1.924702176376301e-06,0.4605515040332139,0.5393747047026706
2026-06-01 11:30:00+03:00,2.0,0.00015642783647681197,4.438052513307581e-07,0.7393068827157091,0.2605362456420657
2026-06-01 11:35:00+03:00,2.0,0.0004723559143092924,6.067379375582711e-07,0.9900254937696682,0.009501543578474742
2026-06-01 11:40:00+03:00,2.0,6.508386051016242e-05,8.196338261251655e-08,0.9998033020246052,0.00013153214997968098
2026-06-01 11:45:00+03:00,2.0,3.899612958500275e-06,2.982561305347481e-08,0.9998825005810301,0.00011356997968578036
2026-06-01 11:50:00+03:00,2.0,1.4048907574975849e-05,8.231842299489462e-08,0.9998767074007999,0.00010916137351914955
2026-06-01 11:55:00+03:00,2.0,1.1473128698073423e-05,1.262572076321942e-08,0.9999738221129012,1.4692133067369468e-05
2026-06-01 12:00:00+03:00,2.0,1.8337984417319475e-05,9.21527098052971e-09,0.9999167099940601,6.49428052276614e-05
2026-06-01 12:05:00+03:00,2.0,6.3455191716716216e-06,5.641520146966369e-09,0.9999821862388273,1.1462602215018448e-05
2026-06-01 12:10:00+03:00,2.0,1.850642476950375e-05,3.124758909086171e-09,0.9999749091931369,6.581257269981055e-06
2026-06-01 12:15:00+03:00,2.0,9.910066209442973e-06,1.941008599119116e-09,0.9999865679776007,3.5200149076457556e-06
2026-06-01 12:20:00+03:00,2.0,1.4126931738539717e-05,1.525050164041169e-09,0.9999840803933041,1.7911510912348683e-06
2026-06-01 12:25:00+03:00,2.0,3.2884098647763276e-05,1.6970146887247951e-09,0.9999658946539753,1.219550348171774e-06
2026-06-01 12:30:00+03:00,2.0,8.68194987369928e-05,1.9458391852730204e-09,0.9999122371397269,9.414170880596838e-07
2026-06-01 12:35:00+03:00,2.0,0.00047145501782572724,1.2752963792358554e-08,0.9995198357128612,8.696516643693521e-06
2026-06-01 12:40:00+03:00,2.0,0.0005815799054273624,2.7342477219481505e-09,0.9994158996987589,2.5176624047020426e-06
2026-06-01 12:45:00+03:00,2.0,0.0012355412962901328,2.8461955902095595e-09,0.9987626813705293,1.7744874339037102e-06
2026-06-01 12:50:00+03:00,2.0,0.0031018247336451698,2.9672275635338754e-09,0.9968963538587187,1.8184390457012369e-06
2026-06-01 12:55:00+03:00,2.0,0.02170546334020454,6.2322631148204316e-09,0.9782922958000682,2.234625976290428e-06
2026-06-01 13:00:00+03:00,2.0,0.05369226298238151,3.824188628269703e-09,0.9463022064835985,5.5267084800396846e-06
2026-06-01 13:05:00+03:00,2.0,0.10308140059754975,1.0570383975792308e-08,0.8969170006240923,1.5882090912148096e-06
2026-06-01 13:10:00+03:00,2.0,0.15121073505979424,8.216194912317783e-09,0.8487823727548822,6.8839689647761856e-06
2026-06-01 13:15:00+03:00,2.0,0.2713955635415346,8.409914510070374e-09,0.7285818874077938,2.2540640987321216e-05
2026-06-01 13:20:00+03:00,2.0,0.4906116797737807,4.1148923968531415e-09,0.5093441509041848,4.416520734528057e-05
2026-06-01 13:25:00+03:00,0.0,0.8904198090920857,2.7114438913160597e-09,0.10952604129105477,5.4146905896809227e-05
2026-06-01 13:30:00+03:00,0.0,0.9913329433482919,1.5636018592580232e-09,0.008660855322690288,6.1997641077313865e-06
2026-06-01 13:35:00+03:00,0.0,0.9959966079953554,1.427353180982729e-10,0.004002139540922415,1.2523193332480735e-06
2026-06-01 13:40:00+03:00,0.0,0.998242300196775,8.460377744846213e-11,0.0017571507053395126,5.490118400037574e-07
2026-06-01 13:45:00+03:00,0.0,0.9991586094324939,1.3875208972906246e-10,0.0008411530883841034,2.3733995111202788e-07
2026-06-01 13:50:00+03:00,0.0,0.999037471405743,5.213943011438819e-10,0.0009623654107579697,1.626625020694163e-07
2026-06-01 13:55:00+03:00,0.0,0.9989290949298824,5.638032186046007e-10,0.001070114320964464,7.901856810951865e-07
2026-06-01 14:00:00+03:00,0.0,0.9961436814265123,5.247285580024162e-09,0.0038531499770348694,3.1633494676589546e-06
2026-06-01 14:05:00+03:00,0.0,0.9570147921689618,2.3349448231942516e-08,0.04297835535967642,6.829122657722433e-06
2026-06-01 14:10:00+03:00,0.0,0.9146843265217134,1.6553379061389323e-08,0.08530765559637381,8.001329878378999e-06
2026-06-01 14:15:00+03:00,0.0,0.8623140991134624,4.301993390851725e-08,0.1376745750456228,1.1282822533609915e-05
2026-06-01 14:20:00+03:00,0.0,0.6282239864389079,7.728461092027818e-08,0.37175797196281074,1.7964314723886566e-05
2026-06-01 14:25:00+03:00,2.0,0.4447893032603912,1.382380488093222e-07,0.5552009214429705,9.637057535128886e-06
2026-06-01 14:30:00+03:00,2.0,0.17093303870115012,4.748025655829259e-08,0.829054021960849,1.2891856546566851e-05
2026-06-01 14:35:00+03:00,2.0,0.06717369563385903,2.1095557262267295e-08,0.9328238288400813,2.45443071001974e-06
2026-06-01 14:40:00+03:00,2.0,0.025217988697472934,1.8115891106799525e-08,0.9747800551281977,1.938058007091207e-06
2026-06-01 14:45:00+03:00,2.0,0.009824830135617342,1.6728940358306386e-08,0.9901739542481691,1.1988857679404535e-06
2026-06-01 14:50:00+03:00,2.0,0.004156377713970854,2.227281555709951e-08,0.9958426316573753,9.683552330635836e-07
2026-06-01 14:55:00+03:00,2.0,0.001313617258234298,2.1385918742168635e-08,0.9986856575687489,7.037875662606478e-07
2026-06-01 15:00:00+03:00,2.0,0.00017219148506136727,1.2072975437339253e-08,0.9998274091392828,3.873012989078446e-07
2026-06-01 15:05:00+03:00,2.0,5.153055882607438e-05,1.7481218102611093e-08,0.9999482622839717,1.8967457373838808e-07
2026-06-01 15:10:00+03:00,2.0,4.315317510765537e-05,2.66037839412368e-08,0.9999566092002069,2.1102212623122912e-07
2026-06-01 15:15:00+03:00,2.0,0.00010998936790867584,4.705898442854225e-08,0.9998887670867604,1.1964876969704615e-06
2026-06-01 15:20:00+03:00,2.0,5.0230312355182326e-05,3.130973772218141e-08,0.9999494972127803,2.4116651068627237e-07
2026-06-01 15:25:00+03:00,2.0,8.114610009523824e-05,4.195621955257943e-08,0.9999186222529408,1.896912031846939e-07
2026-06-01 15:30:00+03:00,2.0,0.00021428656030906935,5.7075007568098425e-08,0.9997855472273665,1.091359715052633e-07
2026-06-01 15:35:00+03:00,2.0,0.0008239381812343528,3.3538218704790806e-08,0.9991756627987329,3.654806857452924e-07
2026-06-01 15:40:00+03:00,2.0,0.004155025009721452,1.2669254497482359e-07,0.9958441008925653,7.474052881158797e-07
2026-06-01 15:45:00+03:00,2.0,0.00879959767122704,1.1552566644222794e-07,0.991199763247634,5.235554315486664e-07
2026-06-01 15:50:00+03:00,2.0,0.011608339180297305,4.431145032030325e-08,0.9883903349213028,1.281585855084302e-06
2026-06-01 15:55:00+03:00,2.0,0.013270359042854238,3.0528529405011246e-08,0.9867277944317977,1.8159953981038285e-06
2026-06-01 16:00:00+03:00,2.0,0.01387107191577787,8.613948308571164e-07,0.9861248639205993,3.2027690384822995e-06
2026-06-01 16:05:00+03:00,2.0,0.019773610339758406,0.0011020900156316414,0.9772681529284037,0.0018561467165133497
2026-06-01 16:10:00+03:00,3.0,1.5987510837191283e-10,0.49573701069055187,0.003326609306584575,0.5009363798441737
2026-06-01 16:15:00+03:00,3.0,9.106764577397776e-08,0.3800332187897182,0.009172607184601554,0.6107940829563555
2026-06-01 16:20:00+03:00,3.0,3.8814490161950195e-12,0.45294444739660683,0.00037562014471139105,0.5466799324533269
2026-06-01 16:25:00+03:00,1.0,3.028008766050719e-65,0.9999999872634363,3.567426335713675e-40,1.2735514680985243e-08
2026-06-01 16:30:00+03:00,1.0,1.9941791802042794e-53,0.9999983063040209,3.642685060310664e-30,1.693695347595876e-06
2026-06-01 16:35:00+03:00,1.0,2.33236400447748e-50,0.9999956759332046,6.438513655028403e-28,4.324068535361958e-06
2026-06-01 16:40:00+03:00,1.0,1.2306087833970913e-52,0.9999981548879728,6.896775547799345e-29,1.845110758932753e-06
2026-06-01 16:45:00+03:00,1.0,2.6887936927296703e-54,0.999998220335093,2.6585177964096893e-31,1.7796642601440761e-06
2026-06-01 16:50:00+03:00,1.0,7.587629541002062e-52,0.9999948234133007,1.9226802295060813e-30,5.176586247763328e-06
2026-06-01 16:55:00+03:00,1.0,1.2250572125011683e-50,0.9999935810907585,6.516794871336566e-30,6.418910388680475e-06
2026-06-01 17:00:00+03:00,1.0,1.4624054379826193e-47,0.9999828689518292,1.377852737905865e-27,1.7131047882031516e-05
2026-06-01 17:05:00+03:00,1.0,1.820848777906299e-48,0.9999908476184384,8.137389870116377e-30,9.152380111583134e-06
2026-06-01 17:10:00+03:00,1.0,8.024925510584657e-51,0.9999951160690337,2.420773716665978e-30,4.883930359364291e-06
2026-06-01 17:15:00+03:00,1.0,3.0751868134349775e-33,0.999876523505474,1.2193248359899668e-16,0.00012347649328544374
2026-06-01 17:20:00+03:00,1.0,4.2339768204731837e-26,0.9998583735724134,4.805726770592392e-12,0.00014162642436494054
2026-06-01 17:25:00+03:00,1.0,8.774649305686091e-24,0.9999116671804815,1.6375845367919065e-10,8.833265497585806e-05
2026-06-01 17:30:00+03:00,1.0,1.8810975991464205e-25,0.9848795818576925,4.639907063643493e-08,0.015120371743578585
2026-06-01 17:35:00+03:00,1.0,2.786533274444966e-17,0.8422359366970767,0.011109543646356728,0.14665451965797383
2026-06-01 17:40:00+03:00,1.0,1.716555641866248e-14,0.5428900072927655,0.3775580823198875,0.07955191038769234
2026-06-01 17:45:00+03:00,2.0,1.3996859007741667e-14,0.3927896484638821,0.5977869428076427,0.009423408727615793
2026-06-01 17:50:00+03:00,2.0,3.884535955207816e-15,0.38061897916830456,0.6188011090228304,0.0005799118081570697
2026-06-01 17:55:00+03:00,2.0,4.801697839238543e-12,0.3846061971791966,0.6147398509827967,0.0006539518334365628
2026-06-02 09:55:00+03:00,1.0,1.276489414048139e-38,0.9999998456151052,3.341770154338914e-28,1.5438500461813953e-07
2026-06-02 10:00:00+03:00,3.0,1.2051655059175392e-29,0.030865159585822838,6.568708014903514e-18,0.969134840413503
2026-06-02 10:05:00+03:00,3.0,3.239592821190205e-21,0.0003678664256521745,6.175331800833607e-16,0.9996321335732727
2026-06-02 10:10:00+03:00,3.0,7.541140905262054e-21,1.634282948612708e-05,2.7430443121799826e-16,0.9999836571722288
2026-06-02 10:15:00+03:00,3.0,1.6938772973809154e-19,8.396519866994934e-06,1.1701399314799823e-15,0.9999916034819387
2026-06-02 10:20:00+03:00,3.0,8.182240600860672e-19,5.8063585694770675e-06,3.881946158922521e-15,0.9999941936426098
2026-06-02 10:25:00+03:00,3.0,7.500138958136326e-20,8.716907315416501e-06,1.1648218137146787e-15,0.9999912830915247
2026-06-02 10:30:00+03:00,3.0,2.6212144346488637e-21,1.3895913550929334e-05,1.9519395299725527e-16,0.9999861040870718
2026-06-02 10:35:00+03:00,3.0,4.614610881490024e-20,9.655616280755413e-06,8.144277573580581e-16,0.9999903443852004
2026-06-02 10:40:00+03:00,3.0,1.444893951188266e-19,1.0622382548323173e-05,3.3933083498320285e-15,0.9999893776166865
2026-06-02 10:45:00+03:00,3.0,2.6518619266563216e-08,5.047650832721039e-06,3.466068101139685e-07,0.9999945792225431
2026-06-02 10:50:00+03:00,3.0,1.2596764104106727e-09,1.308638299225078e-05,1.2516965125874998e-08,0.9999868998405388
2026-06-02 10:55:00+03:00,3.0,4.705661758481714e-13,2.7091178140271653e-05,1.5139129869760116e-11,0.999972908804458
2026-06-02 11:00:00+03:00,3.0,6.047678325693484e-14,1.5026139758937831e-05,1.3730452861719862e-11,0.9999849738452468
2026-06-02 11:05:00+03:00,3.0,1.6805812375906511e-09,2.1355809741173337e-06,7.216912228298309e-09,0.999997855522932
2026-06-02 11:10:00+03:00,3.0,2.2218657536925554e-07,1.2548190394169674e-06,1.158779084233242e-07,0.999998407115886
2026-06-02 11:15:00+03:00,3.0,6.597476611526593e-07,1.1316509545118343e-06,2.88872347422665e-07,0.9999979197294843
2026-06-02 11:20:00+03:00,3.0,9.985697246780066e-08,1.3659736933811158e-06,2.5524707152482953e-07,0.9999982789210011
2026-06-02 11:25:00+03:00,3.0,1.4873389657230755e-05,8.69376864049546e-07,9.442020975661655e-07,0.9999833130323931
2026-06-02 11:30:00+03:00,3.0,0.0027935303163453902,7.572990491586185e-07,9.79525653030016e-06,0.9971959171290805
2026-06-02 11:35:00+03:00,3.0,0.23141131217174044,2.1761447412093638e-05,8.159222301972572e-05,0.7684853341574247
2026-06-02 11:40:00+03:00,0.0,0.5033229622158644,4.9816246234993283e-08,9.199860359721114e-05,0.49658498936361395
2026-06-02 11:45:00+03:00,0.0,0.9678094430018338,3.4790257173967936e-09,0.0001821996203113703,0.032008353899678
2026-06-02 11:50:00+03:00,0.0,0.9993916776029949,9.79613326814336e-11,8.337235640897083e-06,0.0005999850643092239
2026-06-02 11:55:00+03:00,0.0,0.9999942667109926,1.678626855570401e-11,1.2568311941529331e-06,4.476440553001465e-06
2026-06-02 12:00:00+03:00,0.0,0.9999964493571777,4.698718241376306e-13,1.134384823562306e-07,3.437203340196983e-06
2026-06-02 12:05:00+03:00,0.0,0.9999993315907392,2.181174824364805e-14,4.095797320395791e-09,6.643129748923933e-07
2026-06-02 12:10:00+03:00,0.0,0.9999997919803935,4.029678887338264e-15,1.7261837782688194e-11,2.0800121047144406e-07
2026-06-02 12:15:00+03:00,0.0,0.9999998528219403,5.079138657278439e-16,1.7526079771560608e-11,1.47159674092811e-07
2026-06-02 12:20:00+03:00,0.0,0.9999999750179999,1.8789188376698742e-14,3.0817941921381276e-12,2.4979717278695497e-08
2026-06-02 12:25:00+03:00,0.0,0.9999990404144284,7.224202961872518e-14,1.1785480951806038e-09,9.584082625276305e-07
2026-06-02 12:30:00+03:00,0.0,0.9999996900551676,8.260643602661052e-15,2.329476778530428e-10,3.097126754442912e-07
2026-06-02 12:35:00+03:00,0.0,0.999999797357325,4.451318366477123e-15,5.285123647846627e-11,2.0259004506625954e-07
2026-06-02 12:40:00+03:00,0.0,0.9999998306484629,1.5853283469643106e-15,5.1079602075199386e-11,1.6930063688880688e-07
2026-06-02 12:45:00+03:00,0.0,0.9999999464125736,1.0168310498746627e-14,1.8202158408351465e-10,5.340668514620797e-08
2026-06-02 12:50:00+03:00,0.0,0.999999871983172,3.773652091696146e-15,4.886150088964131e-11,1.2796693436052316e-07
2026-06-02 12:55:00+03:00,0.0,0.9999999135943691,3.0549116566768835e-15,9.466705691086808e-12,8.639474441335851e-08
2026-06-02 13:00:00+03:00,0.0,0.999999889649195,3.8177658981321123e-16,1.6224201662744855e-12,1.1035072946224564e-07
2026-06-02 13:05:00+03:00,0.0,0.9999999822903193,2.1023990810384157e-14,1.6406409382624493e-11,1.7693032066677e-08
2026-06-02 13:10:00+03:00,0.0,0.999999860407125,3.341663685943723e-15,2.9966665299032015e-12,1.3959153840013012e-07
2026-06-02 13:15:00+03:00,0.0,0.9999998878411197,2.7928610967092892e-15,1.9977947911726965e-13,1.1215761483646752e-07
2026-06-02 13:20:00+03:00,0.0,0.9999999163083011,8.562083078121071e-16,1.969338815669182e-14,8.369263930696037e-08
2026-06-02 13:25:00+03:00,0.0,0.9999999323808902,1.4938417589961418e-16,1.993845149462505e-14,6.761999024346379e-08
2026-06-02 13:30:00+03:00,0.0,0.9999999915453373,8.258780633482204e-16,1.4960518178497758e-14,8.453598197872592e-09
2026-06-02 13:35:00+03:00,0.0,0.9999999659194151,6.911124002240381e-17,4.558653292787514e-17,3.407940118566378e-08
2026-06-02 13:40:00+03:00,0.0,0.999999973108061,7.938063900345095e-19,1.4312039174045256e-18,2.6891137214855065e-08
2026-06-02 13:45:00+03:00,0.0,0.9999999983629095,2.6418863453793485e-17,1.0171975757574367e-18,1.637199082601692e-09
2026-06-02 13:50:00+03:00,0.0,0.9999999808969735,4.8137898330522154e-17,1.6821269373636915e-20,1.9102135733046223e-08
2026-06-02 13:55:00+03:00,0.0,0.9999995328545265,1.6612374428281136e-16,3.0308468096534406e-23,4.671457508140803e-07
2026-06-02 14:00:00+03:00,0.0,0.9999999484898594,5.2404197554214946e-18,3.465620452727355e-21,5.1509182228715075e-08
2026-06-02 14:05:00+03:00,0.0,0.9999999041210731,1.2687501564732168e-17,1.5334611841490482e-19,9.587730387261154e-08
2026-06-02 14:10:00+03:00,0.0,0.9999998400926543,7.766112143865833e-17,2.409939210772198e-19,1.5990828708182626e-07
2026-06-02 14:15:00+03:00,0.0,0.9999995711296843,5.090408533949144e-16,1.180690322036331e-15,4.288686674266403e-07
2026-06-02 14:20:00+03:00,0.0,0.9999997798622886,6.529974972441139e-16,9.440972561247804e-16,2.201392096001952e-07
2026-06-02 14:25:00+03:00,0.0,0.9999994974133541,5.682549088455901e-16,1.006831490164769e-14,5.025874465771993e-07
2026-06-02 14:30:00+03:00,0.0,0.999999801508258,1.681130352803767e-15,8.445417926760996e-14,1.984930655608194e-07
2026-06-02 14:35:00+03:00,0.0,0.9999998270432265,2.6079560723296548e-15,8.664351073090092e-16,1.729555099347297e-07
2026-06-02 14:40:00+03:00,0.0,0.9999987326963337,1.2853514010102557e-15,6.730588894689499e-13,1.2673038892580538e-06
2026-06-02 14:45:00+03:00,0.0,0.9999999018655265,1.7682299583873137e-15,3.551881242555628e-13,9.813501970811311e-08
2026-06-02 14:50:00+03:00,0.0,0.9999997994637143,1.800316712715815e-15,2.0131874969011997e-12,2.0053399283056015e-07
2026-06-02 14:55:00+03:00,0.0,0.9999999014326071,6.042682653616835e-14,1.2251461396235638e-11,9.855687643454774e-08
2026-06-02 15:00:00+03:00,0.0,0.9999986527591298,6.485005357554949e-14,8.573300675881173e-12,1.3472330273447969e-06
2026-06-02 15:05:00+03:00,0.0,0.9999994265964968,1.7207550667291234e-13,1.9890222348318175e-12,5.733999451896141e-07
2026-06-02 15:10:00+03:00,0.0,0.9999951199907556,3.317993480381553e-11,4.121506793460164e-13,4.879974836381933e-06
2026-06-02 15:15:00+03:00,0.0,0.9996195760196928,5.4153354440976375e-11,1.2515074006229605e-13,0.0003804239249741221
2026-06-02 15:20:00+03:00,0.0,0.9999867874975933,1.3010523235887404e-13,7.07928692730776e-14,1.3212500721172011e-05
2026-06-02 15:25:00+03:00,0.0,0.9999951234286288,3.423429211954874e-14,1.2243360317770847e-14,4.876572010434215e-06
2026-06-02 15:30:00+03:00,0.0,0.999997040825123,2.5867944588060292e-14,1.0689769116552236e-14,2.9591763515383532e-06
2026-06-02 15:35:00+03:00,0.0,0.9999966100534199,1.648317406990055e-13,1.604320554052233e-15,3.3899455082150683e-06
2026-06-02 15:40:00+03:00,0.0,0.99997131854275,1.2974302432514286e-12,4.878685146654398e-13,2.8681454496361823e-05
2026-06-02 15:45:00+03:00,0.0,0.9999868264307289,3.587823376744216e-12,6.003546458538964e-14,1.317356471883535e-05
2026-06-02 15:50:00+03:00,0.0,0.9998214949805763,1.8190648632418542e-10,2.9457812274262676e-12,0.00017850483564703457
2026-06-02 15:55:00+03:00,0.0,0.9988921001097736,1.0480891285990758e-09,8.197783000207956e-12,0.0011078988323752262
2026-06-02 16:00:00+03:00,0.0,0.998164934099282,2.0932729793133005e-09,8.149030234788425e-12,0.0018350638007929017
2026-06-02 16:05:00+03:00,0.0,0.9945337735953702,2.3474444266038535e-08,3.726118882574644e-08,0.005466165668622261
2026-06-02 16:10:00+03:00,0.0,0.9975991894803022,3.520029434937502e-10,3.63149704565258e-09,0.0024008065359488874
2026-06-02 16:15:00+03:00,0.0,0.9995110890314601,1.9715850695677593e-11,5.635410758858901e-10,0.000488910385990081
2026-06-02 16:20:00+03:00,0.0,0.9999489141580683,1.6953380756847198e-12,4.744364129144153e-12,5.1085835002826305e-05
2026-06-02 16:25:00+03:00,0.0,0.9999881451560776,7.967692734800672e-13,5.274463298492917e-13,1.1854840971623083e-05
2026-06-02 16:30:00+03:00,0.0,0.9999898163305388,7.866393920243073e-12,1.0458032533221404e-06,9.137858954491866e-06
2026-06-02 16:35:00+03:00,0.0,0.9999951729303663,7.141771577463707e-13,3.382739110994849e-07,4.488795015530752e-06
2026-06-02 16:40:00+03:00,0.0,0.999994578334881,2.4656049826936727e-12,5.2054134181732465e-06,2.1624854419813147e-07
2026-06-02 16:45:00+03:00,0.0,0.9999939558402582,4.746629163938857e-12,5.768003812095682e-06,2.76150121872424e-07
2026-06-02 16:50:00+03:00,0.0,0.9999946263814078,8.659879419927279e-12,4.27168984261913e-06,1.1019215508998184e-06
2026-06-02 16:55:00+03:00,0.0,0.999954291336171,2.241562309264392e-12,4.234562578305627e-05,3.3630353589193166e-06
2026-06-02 17:00:00+03:00,0.0,0.9999840263956458,1.6379039003362141e-12,1.5755710402273385e-05,2.178906354881377e-07
2026-06-02 17:05:00+03:00,0.0,0.9999730001334458,3.8736069775314294e-11,2.63625014140491e-05,6.373256635555321e-07
2026-06-02 17:10:00+03:00,0.0,0.999363033353138,7.888863639736843e-10,0.0006081961986875198,2.876965846670127e-05
2026-06-02 17:15:00+03:00,0.0,0.9998321783106084,5.877405940386555e-11,0.00016031507221766738,7.506557253995792e-06
2026-06-02 17:20:00+03:00,0.0,0.9999218190754836,1.9723098289100428e-11,7.323323463829121e-05,4.947671090030492e-06
2026-06-02 17:25:00+03:00,0.0,0.9998731239488375,3.202200344914607e-10,0.0001231519696334592,3.723761154927008e-06
2026-06-02 17:30:00+03:00,0.0,0.9997700542233621,3.374599171613668e-10,0.00017737834178641165,5.256709752174791e-05
2026-06-02 17:35:00+03:00,0.0,0.9995262321926414,9.789402339980029e-10,0.000465972927916446,7.793902314267357e-06
2026-06-02 17:40:00+03:00,0.0,0.9988406573764407,7.980653804109773e-09,0.0011029034375884153,5.643120637670044e-05
2026-06-02 17:45:00+03:00,0.0,0.9960370158405346,4.638401544116174e-07,0.0034310884781208625,0.0005314318414145965
2026-06-02 17:50:00+03:00,0.0,0.982076901083922,2.812184653847399e-06,0.014858218876261335,0.0030620678547841227
2026-06-02 17:55:00+03:00,0.0,0.9260034458681647,0.001679900813504015,0.055193952113699644,0.017122701204001806
2026-06-03 09:55:00+03:00,1.0,3.45253430734972e-23,0.9999153303227983,1.8996851640227208e-18,8.46696776323634e-05
2026-06-03 10:00:00+03:00,3.0,7.175143228244056e-22,0.015158725483920672,4.9220695192327165e-14,0.9848412745153369
2026-06-03 10:05:00+03:00,3.0,3.0925805225101856e-16,8.551106977948306e-05,3.771227053501474e-12,0.9999144889262631
2026-06-03 10:10:00+03:00,3.0,6.528057936095904e-18,1.0779965806991848e-05,9.92375121557558e-14,0.9999892200356828
2026-06-03 10:15:00+03:00,3.0,1.3249875747781253e-16,7.026626569410684e-06,1.5911920638998428e-12,0.9999929733704844
2026-06-03 10:20:00+03:00,3.0,5.822598038588005e-16,7.393378522001733e-06,6.61914742990529e-12,0.9999926066139333
2026-06-03 10:25:00+03:00,3.0,9.355413714865276e-20,3.11282154220791e-05,2.4088621365744503e-15,0.9999688717841361
2026-06-03 10:30:00+03:00,3.0,7.3982725633746675e-22,4.50242458241375e-05,1.998214342019691e-16,0.9999549757544527
2026-06-03 10:35:00+03:00,3.0,4.960560168903838e-21,2.2039709802852254e-05,1.2702968226639453e-15,0.9999779602904229
2026-06-03 10:40:00+03:00,3.0,8.138146308095566e-21,1.869021793759941e-05,2.3131079603846334e-15,0.9999813097820565
2026-06-03 10:45:00+03:00,3.0,6.084504194031517e-11,3.172092691134439e-06,4.04945673034627e-08,0.9999967873533697
2026-06-03 10:50:00+03:00,3.0,6.265279145594313e-11,5.168890683501562e-06,1.72232621184521e-08,0.9999948138236382
2026-06-03 10:55:00+03:00,3.0,2.2763889416652893e-12,5.938724944562297e-06,3.970756620562048e-09,0.9999940573028789
2026-06-03 11:00:00+03:00,3.0,2.2558793595624834e-11,3.783454083297368e-06,2.6724816566142204e-08,0.9999961897992591
2026-06-03 11:05:00+03:00,3.0,3.091998523963555e-09,2.7713643165525725e-06,2.691521923308842e-06,0.9999945340209024
2026-06-03 11:10:00+03:00,3.0,8.268829647834573e-08,2.2904504424031004e-06,0.0009519484296603801,0.9990456784304949
2026-06-03 11:15:00+03:00,3.0,3.925901365714006e-05,1.7170544012385684e-06,0.1598202438906683,0.8401387800427488
2026-06-03 11:20:00+03:00,2.0,0.00020922170266757253,5.686701109342681e-07,0.786020397777519,0.21376981185096985
2026-06-03 11:25:00+03:00,2.0,0.00010687823424854893,1.9346808439951993e-07,0.968942405092484,0.030950523203907978
2026-06-03 11:30:00+03:00,2.0,3.379139171013017e-05,1.1457644584593575e-07,0.9861690478165636,0.013797046213874573
2026-06-03 11:35:00+03:00,2.0,5.1396566731235583e-05,1.9733978594092114e-08,0.9981733542001838,0.0017752294988674063
2026-06-03 11:40:00+03:00,2.0,7.969240140859185e-05,3.033397814646625e-09,0.9999083769574664,1.1927605916660968e-05
2026-06-03 11:45:00+03:00,2.0,9.469715994129982e-05,2.777931680040762e-09,0.9999042857095977,1.0143524786902795e-06
2026-06-03 11:50:00+03:00,2.0,0.0002168833085828215,8.118126260919848e-09,0.9997730618317484,1.0046740886272763e-05
2026-06-03 11:55:00+03:00,2.0,0.00039275639449460063,1.3147208287548745e-08,0.9996067528467037,4.776105529787216e-07
2026-06-03 12:00:00+03:00,2.0,0.00025742010828145136,2.402517666435768e-09,0.99974042095497,2.1565336173049593e-06
2026-06-03 12:05:00+03:00,2.0,0.00021682861680018744,3.0453144717278506e-08,0.9997711277555763,1.2013174449172303e-05
2026-06-03 12:10:00+03:00,2.0,0.00010360335998811731,1.4471733090920225e-08,0.9998902803514877,6.1018182457924855e-06
2026-06-03 12:15:00+03:00,2.0,0.00011665024326042426,4.455425917189571e-09,0.9998795024174914,3.842884921041187e-06
2026-06-03 12:20:00+03:00,2.0,0.00016460907744491726,7.011109634108628e-09,0.9998347773336523,6.065760017374825e-07
2026-06-03 12:25:00+03:00,2.0,0.00019217092853516623,9.501552185583287e-09,0.9998075915456214,2.2802382315371665e-07
2026-06-03 12:30:00+03:00,2.0,0.0001556346455622277,3.6170215599647087e-09,0.9998351038247307,9.257913610853247e-06
2026-06-03 12:35:00+03:00,2.0,0.0001506123003101887,7.3746052855992485e-09,0.9998488499488056,5.303773486630777e-07
2026-06-03 12:40:00+03:00,2.0,0.00015702110958973247,3.11758620010876e-09,0.9998400827905125,2.892981535369065e-06
2026-06-03 12:45:00+03:00,2.0,9.611236342329114e-05,4.6198824963183845e-09,0.9999006997979838,3.1832179013434425e-06
2026-06-03 12:50:00+03:00,2.0,0.0001575617204783569,1.5147159822178003e-09,0.999840323568038,2.1131974839781183e-06
2026-06-03 12:55:00+03:00,2.0,0.00035220581926296017,3.24982481451648e-08,0.9996345258019068,1.3235882066824825e-05
2026-06-03 13:00:00+03:00,2.0,0.002149282699271888,1.1886186430923599e-05,0.9967856689295413,0.0010531621844437607
2026-06-03 13:05:00+03:00,3.0,1.3323403783702754e-10,0.02526518070808267,1.5578395124044984e-06,0.9747332613175259
2026-06-03 13:10:00+03:00,3.0,4.500946022370393e-14,0.005745163905690807,1.437555291429718e-11,0.9942548360785212
2026-06-03 13:15:00+03:00,3.0,4.159346421623258e-17,0.00042522712155994074,9.092305376473312e-13,0.9995747728771621
2026-06-03 13:20:00+03:00,3.0,1.9505899217713714e-14,7.052538886290022e-06,8.026831934466826e-11,0.9999929473809468
2026-06-03 13:25:00+03:00,3.0,3.785629509819082e-14,6.142161374521483e-06,8.758576143834023e-11,0.9999938577500332
2026-06-03 13:30:00+03:00,3.0,2.310744229960796e-14,4.603500397251818e-06,6.541545576924973e-11,0.9999953964358164
2026-06-03 13:35:00+03:00,3.0,7.690690330269131e-14,3.9760187728541426e-06,1.6236931753246142e-10,0.9999960238171222
2026-06-03 13:40:00+03:00,3.0,2.2710607130412765e-13,4.62669412597391e-06,3.6666949682731514e-10,0.9999953729382197
2026-06-03 13:45:00+03:00,3.0,2.5340183680441715e-13,4.477844146159082e-06,5.918979720884172e-10,0.9999955215635292
2026-06-03 13:50:00+03:00,3.0,3.807127457107363e-13,3.9707785704301624e-06,5.8525713595065e-09,0.9999960233696525
2026-06-03 13:55:00+03:00,3.0,7.812831127912914e-07,1.944044296689148e-06,0.00411927109231066,0.9958780035787761
2026-06-03 14:00:00+03:00,2.0,0.0012799180494366224,1.0811603607597222e-06,0.6404586545176119,0.3582603462741447
2026-06-03 14:05:00+03:00,2.0,0.0035206438859909876,2.8731200889938522e-06,0.9321038170900267,0.06437266590570412
2026-06-03 14:10:00+03:00,2.0,0.004814679216544072,4.934460525058724e-07,0.9863149207864224,0.008869906549764836
2026-06-03 14:15:00+03:00,2.0,0.009575010205842095,5.329209662617871e-08,0.9897568496304352,0.000668086869885744
2026-06-03 14:20:00+03:00,2.0,0.0256685756287148,1.0249064746930819e-08,0.9743134893912868,1.7924732628474454e-05
2026-06-03 14:25:00+03:00,2.0,0.054579769108502,1.151381002000751e-08,0.9454160620912531,4.157286735698287e-06
2026-06-03 14:30:00+03:00,2.0,0.07302667749450778,1.2017850823493201e-08,0.9269690559317001,4.254555858786479e-06
2026-06-03 14:35:00+03:00,2.0,0.08228797711473892,1.9201311441721433e-08,0.9177088799563071,3.1237273497990263e-06
2026-06-03 14:40:00+03:00,2.0,0.08562775142401517,2.824735341639422e-08,0.9143703405138924,1.8798152019923713e-06
2026-06-03 14:45:00+03:00,2.0,0.0819600308228262,1.0793843739787798e-08,0.9180373895964268,2.5687868652881818e-06
2026-06-03 14:50:00+03:00,2.0,0.08081044706276998,1.0530359380119592e-08,0.9191855074240428,4.034982162290441e-06
2026-06-03 14:55:00+03:00,2.0,0.07621731379327504,2.5815127573696246e-08,0.9237778359929142,4.824399896584173e-06
2026-06-03 15:00:00+03:00,2.0,0.06004547458694173,9.853426107172689e-09,0.939949562046954,4.953511319919096e-06
2026-06-03 15:05:00+03:00,2.0,0.042473352666218316,7.57032687601843e-09,0.9575223811430537,4.258621122141545e-06
2026-06-03 15:10:00+03:00,2.0,0.024088277667050618,6.19204851314096e-09,0.9759083595140718,3.356626842277715e-06
2026-06-03 15:15:00+03:00,2.0,0.01611238966566356,8.612071139586213e-09,0.9838836876712336,3.914050142401001e-06
2026-06-03 15:20:00+03:00,2.0,0.005938724901309681,3.678976180108655e-09,0.9940588090639941,2.4623572781218535e-06
2026-06-03 15:25:00+03:00,2.0,0.0005394535876713261,4.42650496100923e-09,0.9994582883018563,2.2536827920637722e-06
2026-06-03 15:30:00+03:00,2.0,8.839249088576779e-05,1.3876299915325782e-09,0.9999109673172581,6.388046664478286e-07
2026-06-03 15:35:00+03:00,2.0,5.735425033520717e-06,2.6268025439594293e-09,0.9999925480174435,1.713929546520506e-06
2026-06-03 15:40:00+03:00,2.0,5.714098445323066e-06,1.108335010618959e-09,0.9999934218283573,8.629645928064008e-07
2026-06-03 15:45:00+03:00,2.0,7.328365396137344e-06,1.3180816645159063e-09,0.9999922511569912,4.1915969620922366e-07
2026-06-03 15:50:00+03:00,2.0,2.457863401022568e-05,1.4145106459659614e-08,0.9999751007352093,3.06485013869065e-07
2026-06-03 15:55:00+03:00,2.0,3.6831400474203317e-06,2.795709527972139e-09,0.9999933114418986,3.002623261240253e-06
2026-06-03 16:00:00+03:00,2.0,6.226702197291935e-06,1.5079430514763534e-09,0.9999934401927537,3.315976744357971e-07
2026-06-03 16:05:00+03:00,2.0,1.3152454213840851e-05,2.077603798231726e-09,0.9999863074436439,5.380241130739551e-07
2026-06-03 16:10:00+03:00,2.0,1.3957614320833334e-05,4.0113838929002674e-08,0.9999824382990063,3.5639724795375177e-06
2026-06-03 16:15:00+03:00,2.0,4.801506952441851e-07,0.0001755016631230274,0.9965748099136412,0.003249208273967751
2026-06-03 16:20:00+03:00,2.0,1.2509430592414236e-06,8.678859999688208e-05,0.9531111941829934,0.046800766275149654
2026-06-03 16:25:00+03:00,2.0,5.135365590701731e-06,1.956008880017769e-06,0.9558926637148235,0.044100244911836735
2026-06-03 16:30:00+03:00,2.0,8.253992084429705e-07,1.4359509761451601e-05,0.9430755898439831,0.05690922524778381
2026-06-03 16:35:00+03:00,2.0,1.4553101860884532e-07,2.788754930630619e-05,0.9244610377754764,0.07551092914386667
2026-06-03 16:40:00+03:00,2.0,3.692826535746159e-08,1.6169488784572025e-05,0.9150241965419719,0.08495959704114932
2026-06-03 16:45:00+03:00,2.0,7.442363085280422e-08,3.5774159104886526e-06,0.918099195932118,0.08189715222727745
2026-06-03 16:50:00+03:00,2.0,1.2708217786901671e-07,2.628686004827131e-06,0.9224236734463606,0.07757357078426234
2026-06-03 16:55:00+03:00,2.0,7.216726482455754e-08,3.5903387343383497e-06,0.9338831161333049,0.06611322136135331
2026-06-03 17:00:00+03:00,2.0,7.394443471341702e-08,4.7113563557313417e-07,0.9494974404763147,0.0505020144434885
2026-06-03 17:05:00+03:00,2.0,3.2063881436706853e-07,1.1753035005095883e-07,0.9943850460116112,0.005614515820714773
2026-06-03 17:10:00+03:00,2.0,2.024505342808749e-07,2.5912269336488335e-08,0.9998109421688459,0.00018882946726639252
2026-06-03 17:15:00+03:00,2.0,1.5091222828108177e-07,2.258159093867675e-08,0.9999764016594361,2.342484844194851e-05
2026-06-03 17:20:00+03:00,2.0,3.034802495999623e-07,2.1264873469367672e-08,0.9999802830513771,1.9392204512575935e-05
2026-06-03 17:25:00+03:00,2.0,3.4004981584394376e-07,1.510903666559029e-08,0.999993684968944,5.95987322288997e-06
2026-06-03 17:30:00+03:00,2.0,1.816596355720798e-07,2.210629708723047e-08,0.9999961380164674,3.6582160984500974e-06
2026-06-03 17:35:00+03:00,2.0,2.4676994805461563e-07,1.6839383323114815e-08,0.9999985214755741,1.21491516374524e-06
2026-06-03 17:40:00+03:00,2.0,7.178028341406814e-08,2.0352705767545485e-08,0.9999976836324547,2.2242351494805643e-06
2026-06-03 17:45:00+03:00,2.0,4.102032484672277e-08,2.2675998566899068e-08,0.9999985086844596,1.4276180022098443e-06
2026-06-03 17:50:00+03:00,2.0,1.1029305271724641e-07,8.662226796639932e-07,0.9999985559453729,4.6753731623702287e-07
2026-06-03 17:55:00+03:00,2.0,3.348874441863294e-07,0.001198630313462045,0.9987919474546296,9.087343702779358e-06
2026-06-04 09:55:00+03:00,1.0,8.808653580204199e-18,0.999958620411559,4.5697645641255774e-12,4.1379582520272786e-05
2026-06-04 10:00:00+03:00,3.0,1.4160568489314124e-26,0.22954976338818522,4.268718080027858e-19,0.7704502366119002
2026-06-04 10:05:00+03:00,3.0,3.1081064881661984e-16,0.0013054106984593235,5.719629021672712e-13,0.9986945893009656
2026-06-04 10:10:00+03:00,3.0,3.395301161711365e-16,1.239956727733749e-05,6.095657134371276e-13,0.9999876004335649
2026-06-04 10:15:00+03:00,3.0,9.654002907522775e-16,5.7271898990838926e-06,8.686938330492126e-13,0.9999942728082101
2026-06-04 10:20:00+03:00,3.0,1.7508537586998457e-17,9.627995363296483e-06,1.1792681810886115e-13,0.9999903720044693
2026-06-04 10:25:00+03:00,3.0,2.565554214694765e-16,7.2261554483468715e-06,7.676372482719551e-13,0.9999927738433206
2026-06-04 10:30:00+03:00,3.0,6.159537582366263e-16,5.703375152193433e-06,1.4709710330453952e-12,0.9999942966222832
2026-06-04 10:35:00+03:00,3.0,1.117130696415009e-16,7.505294333046667e-06,6.200022296694098e-13,0.9999924947032629
2026-06-04 10:40:00+03:00,3.0,6.049682402542885e-18,1.1803669751217833e-05,1.7739161208089094e-13,0.9999881963309201
2026-06-04 10:45:00+03:00,3.0,3.228060274787997e-09,1.980976070082263e-06,7.424423701648954e-05,0.9999237715589241
2026-06-04 10:50:00+03:00,3.0,9.242008514229179e-05,1.4483559752735647e-05,0.35542758029700305,0.6444655160563184
2026-06-04 10:55:00+03:00,2.0,7.150773117820824e-05,6.790530419427579e-06,0.5868058512140973,0.41311585052295774
2026-06-04 11:00:00+03:00,2.0,2.523620209974315e-05,2.7384848080135996e-06,0.7626663883892089,0.2373056369232341
2026-06-04 11:05:00+03:00,2.0,3.380034671145829e-05,3.3833212655699676e-07,0.9833232097849711,0.016642651536702188
2026-06-04 11:10:00+03:00,2.0,9.712829437957581e-06,7.726199428306117e-09,0.9998808019332953,0.00010947751157423628
2026-06-04 11:15:00+03:00,2.0,2.5233895755572764e-06,4.199598834233299e-09,0.9999958796009502,1.5928099549826469e-06
2026-06-04 11:20:00+03:00,2.0,1.2962261420046763e-07,4.829749874575674e-08,0.9999882899168246,1.153216304847343e-05
2026-06-04 11:25:00+03:00,2.0,5.053328033615993e-07,8.06681089152626e-09,0.999993879093924,5.607505175746531e-06
2026-06-04 11:30:00+03:00,2.0,1.9686138337528333e-06,6.202899534254857e-08,0.9998432441554803,0.00015472520095958793
2026-06-04 11:35:00+03:00,2.0,4.3231781386433715e-07,2.3154641415983637e-08,0.9999704979804845,2.904654684090787e-05
2026-06-04 11:40:00+03:00,2.0,1.7614040518471716e-06,2.810949786142772e-08,0.999996845600863,1.3648854625212777e-06
2026-06-04 11:45:00+03:00,2.0,1.2445693785346237e-06,6.778634588283291e-09,0.9999914079022214,7.340748915273638e-06
2026-06-04 11:50:00+03:00,2.0,1.5914767710895863e-06,5.671879788058852e-09,0.9999953957591554,3.0070913637076012e-06
2026-06-04 11:55:00+03:00,2.0,1.5267083105303506e-06,4.417156605409269e-09,0.9999938696097714,4.599264186670172e-06
2026-06-04 12:00:00+03:00,2.0,5.952092844694598e-07,4.350598849657853e-09,0.999986504244708,1.2896195091645295e-05
2026-06-04 12:05:00+03:00,2.0,1.7547774608339386e-06,1.0057438255661484e-08,0.9999962800971911,1.9550673087915105e-06
2026-06-04 12:10:00+03:00,2.0,8.974647627043311e-07,2.042707706402397e-09,0.9999964634542956,2.6370394263790985e-06
2026-06-04 12:15:00+03:00,2.0,2.2060551163972125e-06,2.0029288502738053e-09,0.9999957538802045,2.038062720120362e-06
2026-06-04 12:20:00+03:00,2.0,5.009404252422523e-07,5.617605615829121e-09,0.9999984765611551,1.0168810722222908e-06
2026-06-04 12:25:00+03:00,2.0,1.8677972527746103e-06,4.641013253157837e-09,0.9999980054510043,1.22110947981426e-07
2026-06-04 12:30:00+03:00,2.0,3.1972653294595063e-06,1.6275017654228757e-09,0.9999961566173813,6.444909657105301e-07
2026-06-04 12:35:00+03:00,2.0,7.706776447967855e-06,1.4885049069263508e-09,0.9999916547988382,6.369371045462925e-07
2026-06-04 12:40:00+03:00,2.0,8.37919535232222e-06,1.2143893757299033e-09,0.9999911119188526,5.076730107871174e-07
2026-06-04 12:45:00+03:00,2.0,2.1303963808321255e-05,1.7868722958162755e-09,0.999977836681911,8.575658213554697e-07
2026-06-04 12:50:00+03:00,2.0,2.9797604844881577e-05,4.854281631710442e-09,0.9999701406397088,5.690235366508193e-08
2026-06-04 12:55:00+03:00,2.0,2.567040991019165e-06,2.7258409715649105e-09,0.9999964320804778,9.98152206844959e-07
2026-06-04 13:00:00+03:00,2.0,7.728414206884576e-06,1.6617893145981419e-09,0.999991438275446,8.31647456591831e-07
2026-06-04 13:05:00+03:00,2.0,7.680350643706242e-06,1.1673035260212676e-09,0.9999917338223575,5.846603487301434e-07
2026-06-04 13:10:00+03:00,2.0,1.5692689127969837e-06,1.514999436596134e-08,0.9999983841675525,3.14117296416273e-08
2026-06-04 13:15:00+03:00,2.0,1.528058585591291e-06,1.161340263972673e-09,0.9999981701165241,3.0066463031344095e-07
2026-06-04 13:20:00+03:00,2.0,1.7089195833984412e-06,1.479828552193071e-09,0.999998130127935,1.5947088204697442e-07
2026-06-04 13:25:00+03:00,2.0,1.567356630553598e-06,1.4478726680297428e-09,0.9999981713170549,2.5987857308910917e-07
2026-06-04 13:30:00+03:00,2.0,7.003068736743061e-07,2.4382594857248773e-09,0.9999991622575052,1.3499811224845494e-07
2026-06-04 13:35:00+03:00,2.0,7.50578297533901e-07,1.600011775015283e-09,0.99999903311665,2.1470683822066827e-07
2026-06-04 13:40:00+03:00,2.0,1.1707218093881153e-07,6.647047492033625e-09,0.999999114861958,7.614187507112779e-07
2026-06-04 13:45:00+03:00,2.0,3.8033421454470545e-07,2.6159923102678303e-09,0.9999993567364323,2.603139282634622e-07
2026-06-04 13:50:00+03:00,2.0,3.627311715747816e-07,2.209407533460206e-09,0.9999994632272851,1.7183344361923793e-07
2026-06-04 13:55:00+03:00,2.0,1.4915687197724557e-07,4.8781188258102335e-09,0.9999996003899357,2.455749123003098e-07
2026-06-04 14:00:00+03:00,2.0,8.712221780671775e-08,7.579998450167265e-09,0.9999996358602156,2.6943610124428827e-07
2026-06-04 14:05:00+03:00,2.0,9.609547044899117e-08,5.67373135985905e-09,0.9999996137595026,2.844707661717962e-07
2026-06-04 14:10:00+03:00,2.0,1.8200352929897058e-07,5.178065366245608e-09,0.9999994723076753,3.4050939160826705e-07
2026-06-04 14:15:00+03:00,2.0,7.348765531422299e-07,2.5359105310920413e-08,0.9999972792975945,1.9604685429537855e-06
2026-06-04 14:20:00+03:00,2.0,2.973621738014692e-05,1.2284274848920005e-05,0.9994283263937104,0.0005296531156608264
2026-06-04 14:25:00+03:00,3.0,1.0409667316157277e-06,0.07854698885199433,0.06109030733760942,0.86036166284535
2026-06-04 14:30:00+03:00,3.0,0.00029983625663471564,0.0017297405637731133,0.06665235712042736,0.9313180660585578
2026-06-04 14:35:00+03:00,3.0,6.832419117903781e-07,0.00024062935508985763,0.016672733735277688,0.9830859536675857
2026-06-04 14:40:00+03:00,3.0,4.9398893621669e-09,6.441270334528694e-05,1.9429543170292683e-05,0.9999161528150509
2026-06-04 14:45:00+03:00,3.0,5.530427565233453e-08,7.499981798390624e-06,3.1856920874174056e-06,0.9999892590234822
2026-06-04 14:50:00+03:00,3.0,1.0263455604259878e-07,2.5910000405586847e-06,8.297890987176212e-06,0.9999890084749663
2026-06-04 14:55:00+03:00,3.0,2.8940508517100213e-10,6.362865600141193e-06,1.3848725300098146e-08,0.9999936229963683
2026-06-04 15:00:00+03:00,3.0,2.597795942946556e-09,4.684923842410854e-06,1.6792147909297574e-07,0.999995144557907
2026-06-04 15:05:00+03:00,3.0,2.5386012949909246e-10,6.391400339882254e-06,3.44654364848172e-08,0.9999935738803308
2026-06-04 15:10:00+03:00,3.0,7.050098368994422e-13,3.996083154912477e-06,6.405186865203786e-10,0.9999960032771757
2026-06-04 15:15:00+03:00,3.0,1.7374164295445165e-10,4.260533034807007e-06,3.608590048687823e-08,0.9999957032070141
2026-06-04 15:20:00+03:00,3.0,7.379864201940771e-12,5.3852832420385365e-06,5.655723447356409e-09,0.999994609053808
2026-06-04 15:25:00+03:00,3.0,2.419930769490824e-10,5.156282534176344e-06,5.1241423482048245e-08,0.9999947922323462
2026-06-04 15:30:00+03:00,3.0,7.366257395463625e-09,3.803073412910516e-05,1.2715943882666792e-06,0.9999606903052459
2026-06-04 15:35:00+03:00,3.0,4.664927140709257e-07,0.0001651245413707878,4.9422668206685556e-05,0.9997849862987507
2026-06-04 15:40:00+03:00,3.0,2.3529573720036105e-07,1.2789930308817836e-05,0.0011878723766260018,0.9987991023958235
2026-06-04 15:45:00+03:00,3.0,0.00013866926343394275,1.5075265305837167e-05,0.17263306762998934,0.8272131878420673
2026-06-04 15:50:00+03:00,2.0,0.0006293338053694911,9.048255172083672e-06,0.5818642693360337,0.4174973486031468
2026-06-04 15:55:00+03:00,2.0,0.0011748823925517799,1.8312643323424238e-06,0.8001619627664522,0.19866132357609728
2026-06-04 16:00:00+03:00,2.0,0.0022992176761842077,1.0361209978555443e-06,0.9181754160309498,0.07952433017126799
2026-06-04 16:05:00+03:00,2.0,0.005049182521981282,1.6035157127311964e-07,0.9854449566670007,0.009505700460795668
2026-06-04 16:10:00+03:00,2.0,0.006622753797813155,2.790440765369422e-08,0.9931303895024367,0.0002468287969526978
2026-06-04 16:15:00+03:00,2.0,0.00735413432758636,2.0152212269265748e-08,0.9926353887254162,1.0456795096073705e-05
2026-06-04 16:20:00+03:00,2.0,0.010484520835639204,8.658101438042693e-09,0.9895058752343128,9.595273463915014e-06
2026-06-04 16:25:00+03:00,2.0,0.011677626871073984,5.166921981169918e-08,0.988311312794811,1.1008665286485604e-05
2026-06-04 16:30:00+03:00,2.0,0.0008171995670886492,2.1830141876588348e-07,0.9989188934790068,0.0002636886517947641
2026-06-04 16:35:00+03:00,2.0,2.9928241917721124e-05,5.995545641826122e-09,0.9999533288405599,1.6736921559060878e-05
2026-06-04 16:40:00+03:00,2.0,9.285725340790228e-06,2.0836196662944036e-09,0.9999851930192866,5.519170159291227e-06
2026-06-04 16:45:00+03:00,2.0,1.6517072576895775e-05,3.4497652942972894e-09,0.9999725346194412,1.0944857586755618e-05
2026-06-04 16:50:00+03:00,2.0,1.911606519057954e-05,2.6862494568576715e-09,0.9999760675517648,4.8136976532161256e-06
2026-06-04 16:55:00+03:00,2.0,9.795273432534888e-06,2.688717820120042e-09,0.9999879906747888,2.2113630880731363e-06
2026-06-04 17:00:00+03:00,2.0,9.925071964675873e-06,1.9065234990083267e-09,0.9999876021979628,2.4708218735513407e-06
2026-06-04 17:05:00+03:00,2.0,4.0459879424266365e-06,1.7022855841445213e-09,0.9999933872677865,2.5650435792661613e-06
2026-06-04 17:10:00+03:00,2.0,5.086989889230315e-06,1.1982290224353495e-09,0.9999934133664743,1.498446936752006e-06
2026-06-04 17:15:00+03:00,2.0,7.939151360112957e-07,3.4857812973334625e-09,0.9999970727264652,2.1298725833537297e-06
2026-06-04 17:20:00+03:00,2.0,5.857138403077808e-06,3.890894240482893e-09,0.9999926500510801,1.4889193750949263e-06
2026-06-04 17:25:00+03:00,2.0,2.6855160144024743e-06,1.4217173717332612e-09,0.9999966025337432,7.105273322575906e-07
2026-06-04 17:30:00+03:00,2.0,9.81042134779029e-06,4.5154525935938375e-09,0.9999852757093238,4.909353903593541e-06
2026-06-04 17:35:00+03:00,2.0,1.6456677912582474e-05,3.515610231801346e-09,0.999979773358898,3.7664479844280566e-06
2026-06-04 17:40:00+03:00,2.0,7.790640724557325e-06,1.6970652491830811e-09,0.9999887543795237,3.453282452468723e-06
2026-06-04 17:45:00+03:00,2.0,4.630890620536575e-06,1.829671267775425e-09,0.999994122913439,1.2443647888613995e-06
2026-06-04 17:50:00+03:00,2.0,1.0747021882531236e-05,1.8076680759141858e-09,0.9999855556659,3.6955031799795553e-06
2026-06-04 17:55:00+03:00,2.0,4.267779690104738e-05,1.950612943843357e-07,0.9999533258357296,3.8013067309291257e-06
2026-06-05 09:55:00+03:00,2.0,0.00022352483890352633,0.0012514538230789475,0.9985189100403068,6.11129920540499e-06
2026-06-05 10:00:00+03:00,2.0,8.392100044312268e-06,5.765986646734605e-06,0.9971097528477215,0.002876089065627979
2026-06-05 10:05:00+03:00,2.0,4.295801778797271e-06,7.96355200978471e-08,0.9985155090694442,0.0014801154923307336
2026-06-05 10:10:00+03:00,2.0,4.510271615171543e-06,6.171111715791851e-08,0.9991033588276217,0.0008920691905970104
2026-06-05 10:15:00+03:00,2.0,2.284360212309562e-06,9.035084337572927e-08,0.999270779093486,0.0007268461970406674
2026-06-05 10:20:00+03:00,2.0,2.5571096690742135e-06,1.234759904761778e-07,0.9991818296738244,0.0008154897401924158
2026-06-05 10:25:00+03:00,2.0,4.621894987684571e-06,1.9847941445307782e-07,0.9987482516494907,0.0012469279776579079
2026-06-05 10:30:00+03:00,2.0,6.613090791843884e-06,1.520788524111039e-07,0.9983286178342667,0.0016646169944233803
2026-06-05 10:35:00+03:00,2.0,8.21566753835406e-06,3.8118677053624536e-08,0.9991731780786067,0.0008185681343825162
2026-06-05 10:40:00+03:00,2.0,5.093868774868487e-06,1.609282740168516e-08,0.9997197898789035,0.0002751001601779901
2026-06-05 10:45:00+03:00,2.0,1.2634650276156643e-05,3.755505029536626e-09,0.9999749927445033,1.2368850756246797e-05
2026-06-05 10:50:00+03:00,2.0,1.4357042247917123e-05,8.182179644282842e-09,0.9999802982360013,5.3365403065918956e-06
2026-06-05 10:55:00+03:00,2.0,7.200172462503906e-06,1.572179765104168e-08,0.9999858542305525,6.929876576653478e-06
2026-06-05 11:00:00+03:00,2.0,1.1197933410783022e-05,5.148724049070256e-07,0.9998752520332727,0.00011303516261564724
2026-06-05 11:05:00+03:00,2.0,2.4434971645903175e-08,2.394435832606247e-05,0.9885902747176352,0.011385756490015995
2026-06-05 11:10:00+03:00,2.0,7.410418255220768e-07,6.666503571358671e-08,0.998136752413045,0.0018624398805028107
2026-06-05 11:15:00+03:00,2.0,6.203836027861907e-07,5.967192910012542e-09,0.9999158845511967,8.348909740062333e-05
2026-06-05 11:20:00+03:00,2.0,2.9351071725977155e-07,6.400952640262302e-09,0.9999870882963039,1.2611790280358555e-05
2026-06-05 11:25:00+03:00,2.0,9.586078202808037e-07,1.9436194512524425e-08,0.9999466362365552,5.238571770040272e-05
2026-06-05 11:30:00+03:00,2.0,1.0501381612193453e-06,5.23683153821716e-09,0.9999805456209927,1.8399003723020272e-05
2026-06-05 11:35:00+03:00,2.0,2.1003465497496722e-06,8.332383495939994e-09,0.9999720336836437,2.5857636691840356e-05
2026-06-05 11:40:00+03:00,2.0,9.522612264100937e-07,8.348588570872025e-09,0.9999866795310907,1.235985921983668e-05
2026-06-05 11:45:00+03:00,2.0,1.4271445553119354e-06,1.9364280317240984e-08,0.9999973837764291,1.1697146225762648e-06
2026-06-05 11:50:00+03:00,2.0,1.3508878336588683e-06,1.324028410500516e-08,0.9999964338339774,2.202037801547447e-06
2026-06-05 11:55:00+03:00,2.0,4.6826204999026625e-06,5.831411453006501e-09,0.9999952930158363,1.8533503309229534e-08
2026-06-05 12:00:00+03:00,2.0,3.3890929482305083e-06,1.406198960824264e-09,0.9999962190885152,3.904139513908594e-07
2026-06-05 12:05:00+03:00,2.0,1.4482568565788887e-06,1.6999923480702364e-09,0.9999981951785146,3.548649373275321e-07
2026-06-05 12:10:00+03:00,2.0,3.364508527439761e-06,2.0440005532599127e-09,0.9999961076831176,5.257653375621665e-07
2026-06-05 12:15:00+03:00,2.0,4.226519974822071e-06,3.4729769098113356e-09,0.9999956158085906,1.5419762720846792e-07
2026-06-05 12:20:00+03:00,2.0,4.053446617568677e-06,3.141333691960856e-09,0.9999957069613921,2.3645218094041025e-07
2026-06-05 12:25:00+03:00,2.0,1.5521253646697244e-06,4.473923854774905e-09,0.9999982157657997,2.276340846405236e-07
2026-06-05 12:30:00+03:00,2.0,2.2352332484024284e-06,1.1108042736743515e-08,0.9999977206779078,3.298101542823557e-08
2026-06-05 12:35:00+03:00,2.0,6.118701404665248e-06,2.0046070099305556e-08,0.9999938421250104,1.9128268678057107e-08
2026-06-05 12:40:00+03:00,2.0,1.8230034401426257e-06,4.884679735927803e-09,0.9999980592129494,1.128981494584528e-07
2026-06-05 12:45:00+03:00,2.0,6.403854275901965e-06,6.615676139717688e-09,0.9999929656143681,6.239158099244808e-07
2026-06-05 12:50:00+03:00,2.0,3.331981983416332e-06,2.1524082676803183e-09,0.9999963891779478,2.766888839233239e-07
2026-06-05 12:55:00+03:00,2.0,4.021763742643381e-06,2.6178242699511618e-09,0.9999958577622536,1.1785672779809198e-07
2026-06-05 13:00:00+03:00,2.0,1.9531389849241277e-06,4.807900214738449e-09,0.9999978236979621,2.1835335683608313e-07
2026-06-05 13:05:00+03:00,2.0,4.462062184871593e-06,5.440753699075784e-09,0.9999954650004896,6.749670656310032e-08
2026-06-05 13:10:00+03:00,2.0,9.33544055066064e-07,7.597364386136134e-09,0.999998016750544,1.0421071495821453e-06
2026-06-05 13:15:00+03:00,2.0,2.213918709249431e-06,4.278840532883567e-09,0.9999975709827083,2.1081958837721685e-07
2026-06-05 13:20:00+03:00,2.0,1.1666848719727306e-06,5.8267416811186895e-09,0.9999985190963395,3.08393826409138e-07
2026-06-05 13:25:00+03:00,2.0,1.7324024477570306e-06,4.31142578898911e-09,0.999997762096203,5.011898130078698e-07
2026-06-05 13:30:00+03:00,2.0,9.841186932036138e-07,7.042723414836312e-09,0.9999984985781696,5.102602687046112e-07
2026-06-05 13:35:00+03:00,2.0,8.858830189137025e-07,1.0088015902694748e-08,0.9999984987782582,6.052496662777614e-07
2026-06-05 13:40:00+03:00,2.0,2.229397587077469e-06,4.813806565886986e-09,0.9999976344943899,1.312925175692632e-07
2026-06-05 13:45:00+03:00,2.0,5.2853260304816405e-06,1.8216274420016416e-09,0.9999944396486146,2.732040580342654e-07
2026-06-05 13:50:00+03:00,2.0,1.9556972824457916e-05,1.7854743424909993e-09,0.9999801406236872,3.0061755697852177e-07
2026-06-05 13:55:00+03:00,2.0,2.634648142626578e-05,2.1431115731309045e-09,0.9999732028361724,4.485396066191265e-07
2026-06-05 14:00:00+03:00,2.0,2.05037497218099e-05,2.9393016548362517e-09,0.999979119703939,3.736070886179084e-07
2026-06-05 14:05:00+03:00,2.0,4.2069002492717865e-05,5.676156492511764e-09,0.9999570179967822,9.073254685861175e-07
2026-06-05 14:10:00+03:00,2.0,7.150499087167915e-05,2.5839182720531726e-09,0.9999280296903824,4.6273363100370344e-07
2026-06-05 14:15:00+03:00,2.0,7.836358550770739e-05,1.4175204880911788e-09,0.9999211805330034,4.544654891744161e-07
2026-06-05 14:20:00+03:00,2.0,8.48242440877148e-05,1.5926222200651198e-09,0.9999147744141041,3.997484367924223e-07
2026-06-05 14:25:00+03:00,2.0,9.02738678838261e-05,2.6446235748783947e-09,0.9999095657043409,1.5778433059716652e-07
2026-06-05 14:30:00+03:00,2.0,5.893795807039032e-05,2.2121600213022482e-09,0.9999408307419541,2.2908940998125312e-07
2026-06-05 14:35:00+03:00,2.0,7.363613156839573e-05,2.0603544329357086e-09,0.9999258231482772,5.386606931990553e-07
2026-06-05 14:40:00+03:00,2.0,5.764911687782434e-05,2.813354950582839e-09,0.9999422300559738,1.1801396724252085e-07
2026-06-05 14:45:00+03:00,2.0,7.133310257559387e-05,2.7251982590458345e-09,0.9999285800661999,8.410766749835621e-08
2026-06-05 14:50:00+03:00,2.0,0.00011407826827048924,6.022024866219057e-09,0.9998857213687562,1.9434266464178605e-07
2026-06-05 14:55:00+03:00,2.0,0.00011807105490163714,9.096882590730792e-09,0.9998817821648973,1.3768378386236351e-07
2026-06-05 15:00:00+03:00,2.0,7.095250927984417e-05,7.341000288356799e-09,0.9999288365326965,2.0361753463640102e-07
2026-06-05 15:05:00+03:00,2.0,0.0001183487853721465,9.730212788942637e-09,0.999881150435646,4.91048450253876e-07
2026-06-05 15:10:00+03:00,2.0,0.00013277973681448163,1.4245292056754903e-08,0.9998669067600845,2.9925789785144095e-07
2026-06-05 15:15:00+03:00,2.0,0.00011344640627638814,1.727406370023737e-08,0.9998861191872822,4.171313296302149e-07
2026-06-05 15:20:00+03:00,2.0,1.0075540556433065e-05,9.188895768085984e-08,0.9999886941461879,1.138423041494085e-06
2026-06-05 15:25:00+03:00,2.0,1.772995578081859e-05,6.759894161352058e-09,0.9999817992630761,4.640201377753658e-07
2026-06-05 15:30:00+03:00,2.0,7.181954733401591e-06,1.2626785706538928e-08,0.999991365549237,1.43986925254949e-06
2026-06-05 15:35:00+03:00,2.0,1.0261420200933008e-05,4.460748742645606e-09,0.999989140008291,5.941124445247577e-07
2026-06-05 15:40:00+03:00,2.0,1.1881909345520398e-05,5.438180203222711e-09,0.9999878239555121,2.886957022688492e-07
2026-06-05 15:45:00+03:00,2.0,1.0674381099903806e-05,4.405447801289427e-09,0.9999888345051091,4.867098124828096e-07
2026-06-05 15:50:00+03:00,2.0,3.0794368922672386e-06,2.5715322546313714e-08,0.9999954816005118,1.413247323304007e-06
2026-06-05 15:55:00+03:00,2.0,1.3646629842969017e-07,8.220158642400671e-08,0.9999933385992291,6.4427321682113304e-06
2026-06-05 16:00:00+03:00,2.0,3.947725893007442e-07,5.83096850946883e-09,0.999997715832131,1.8835650986072657e-06
2026-06-05 16:05:00+03:00,2.0,3.657065590179276e-08,1.6337214051681187e-08,0.9999964292246747,3.5178690980068006e-06
2026-06-05 16:10:00+03:00,2.0,1.2194518368380022e-07,3.0580633220336596e-08,0.9999929948380467,6.852634767234637e-06
2026-06-05 16:15:00+03:00,2.0,4.6249290551611466e-07,2.94804650547694e-06,0.9986858809704401,0.0013107084888657435
2026-06-05 16:20:00+03:00,2.0,1.2866206338527742e-07,9.350539926846534e-08,0.9995270743897109,0.0004727034442834193
2026-06-05 16:25:00+03:00,2.0,7.391959442274525e-08,6.553976220311663e-08,0.9997548863421938,0.0002449741988714335
2026-06-05 16:30:00+03:00,2.0,8.847129262361664e-08,1.3513462221353812e-07,0.9997613773489319,0.00023839904441926423
2026-06-05 16:35:00+03:00,2.0,1.1857185024937144e-08,6.19000036140206e-07,0.9990202731170492,0.0009790960245959562
2026-06-05 16:40:00+03:00,2.0,5.37623729790087e-07,9.371454133830045e-08,0.9992978303196643,0.0007015383413669945
2026-06-05 16:45:00+03:00,2.0,3.7557901076101134e-07,6.148609147298469e-08,0.9996876011387233,0.0003119617959164091
2026-06-05 16:50:00+03:00,2.0,6.897000618232819e-07,5.796865909499866e-08,0.9997124055692705,0.00028684676304403995
2026-06-05 16:55:00+03:00,2.0,3.7210019851773013e-07,5.218070051508767e-08,0.999755470585849,0.0002441051333905957
2026-06-05 17:00:00+03:00,2.0,7.25143291054839e-07,4.160393072944299e-08,0.9998440908899842,0.00015514236123918436
2026-06-05 17:05:00+03:00,2.0,1.5593835852072024e-06,5.8454969859964774e-09,0.9999871547867862,1.127998354964093e-05
2026-06-05 17:10:00+03:00,2.0,3.1728728595438575e-06,6.147886366526532e-09,0.9999889276763484,7.893303701644003e-06
2026-06-05 17:15:00+03:00,2.0,1.84828951895317e-05,5.0295059948581335e-09,0.9999794182266531,2.093849063325802e-06
2026-06-05 17:20:00+03:00,2.0,5.863131908522303e-06,1.2209745125863548e-08,0.9999846746151171,9.45004171780433e-06
2026-06-05 17:25:00+03:00,2.0,1.8901795366611383e-05,2.652878112934807e-08,0.9999386192860951,4.245239025064745e-05
2026-06-05 17:30:00+03:00,2.0,5.525497707052131e-05,3.8348841393865866e-09,0.9999398238022348,4.917384835537203e-06
2026-06-05 17:35:00+03:00,2.0,8.77820068985833e-05,1.6688717442660497e-09,0.9999085044496735,3.7118755642491868e-06
2026-06-05 17:40:00+03:00,2.0,0.00010014075628787839,2.572853254034936e-09,0.9998973868032702,2.469865993391084e-06
2026-06-05 17:45:00+03:00,2.0,0.00021160879323227637,7.434173436615315e-09,0.9997729522697882,1.5431503787986868e-05
2026-06-05 17:50:00+03:00,2.0,0.00047374324723124133,6.142860570805547e-08,0.9995157340188782,1.046130378999613e-05
2026-06-05 17:55:00+03:00,2.0,0.0009170979953216091,0.00022842502106305547,0.9986943736869692,0.00016010329728581343
2026-06-08 09:55:00+03:00,1.0,7.508795735015074e-57,0.9999999999672582,5.598531662107795e-41,3.1123280366378215e-11
2026-06-08 10:00:00+03:00,1.0,2.8299160008881955e-43,0.728951353287552,2.438732984706841e-24,0.2710486467112271
2026-06-08 10:05:00+03:00,3.0,1.7136738880190117e-31,0.31807016437860736,4.467318318365586e-22,0.6819298356224343
2026-06-08 10:10:00+03:00,3.0,2.0138617120331307e-30,0.11244365656056306,6.247101030752691e-22,0.8875563434398324
2026-06-08 10:15:00+03:00,3.0,4.145336273354749e-30,0.037544928408133366,2.377152099824071e-22,0.9624550715926622
2026-06-08 10:20:00+03:00,3.0,2.558302178221598e-30,0.014581776297363918,1.1975666394524085e-22,0.9854182237026564
2026-06-08 10:25:00+03:00,3.0,3.283316183687902e-31,0.009065185500380423,1.058770105096565e-23,0.9909348144989503
2026-06-08 10:30:00+03:00,3.0,3.31811009271353e-33,0.00810347555232579,1.1239418876924922e-25,0.9918965244487906
2026-06-08 10:35:00+03:00,3.0,2.266355558088125e-33,0.006191665870100555,6.246482889906699e-26,0.9938083341298859
2026-06-08 10:40:00+03:00,3.0,2.7808137616116776e-33,0.003394758282636099,1.1340867149769556e-25,0.9966052417186281
2026-06-08 10:45:00+03:00,3.0,1.0369442357968083e-09,3.9660871173289476e-05,8.339607964407302e-08,0.9999602546963309
2026-06-08 10:50:00+03:00,3.0,2.0413312860596203e-09,1.4262846224886342e-05,1.761422238003878e-07,0.999985558969137
2026-06-08 10:55:00+03:00,3.0,2.7471287282828423e-09,1.3137959341356913e-05,2.0716692687331925e-07,0.9999866521265617
2026-06-08 11:00:00+03:00,3.0,7.633567766075638e-10,2.015204345483565e-05,7.534767205966632e-08,0.9999797718455294
2026-06-08 11:05:00+03:00,3.0,0.000190360674659408,5.045485931790128e-06,0.0009034499690387961,0.99890114387061
2026-06-08 11:10:00+03:00,3.0,0.020513211850592947,2.993915856580101e-06,0.02142793794484731,0.9580558562876422
2026-06-08 11:15:00+03:00,3.0,0.23125807950224908,1.0517276205697875e-06,0.09578295852773229,0.6729579102415294
2026-06-08 11:20:00+03:00,0.0,0.5613206871394919,5.652436886111499e-07,0.26842623904813856,0.17025250856971394
2026-06-08 11:25:00+03:00,0.0,0.5989241113713952,2.560974979572601e-07,0.36166039912339926,0.03941523340873141
2026-06-08 11:30:00+03:00,0.0,0.5819197071760153,9.708154637109048e-08,0.410324955312591,0.0077552404297547214
2026-06-08 11:35:00+03:00,0.0,0.5530120584850023,1.4601561144229513e-07,0.4446274013849808,0.0023603941159120925
2026-06-08 11:40:00+03:00,2.0,0.4962728199356257,1.3624719172725125e-06,0.4988943886424969,0.004831428948675354
2026-06-08 11:45:00+03:00,2.0,0.49108501132581545,3.6535778034943717e-07,0.5020962717438174,0.006818351571997094
2026-06-08 11:50:00+03:00,2.0,0.4813674036270228,3.091081355376705e-08,0.5183294145764743,0.00030315088507646684
2026-06-08 11:55:00+03:00,2.0,0.46396182096079974,1.1725755303295666e-07,0.536018418757767,1.9643023835334004e-05
2026-06-08 12:00:00+03:00,2.0,0.40600376121802556,1.219509288487409e-07,0.5926816511550299,0.0013144656757628926
2026-06-08 12:05:00+03:00,2.0,0.05415799293123276,8.238526681749687e-07,0.9388109327484166,0.007030250465910079
2026-06-08 12:10:00+03:00,2.0,0.002449445159914805,3.903445550816948e-08,0.9964132649647999,0.0011372508399272766
2026-06-08 12:15:00+03:00,2.0,0.00022027211970014306,2.108112562358197e-08,0.9997612952157013,1.841158298227746e-05
2026-06-08 12:20:00+03:00,2.0,1.225362410154095e-05,8.763464504622205e-09,0.9999642146504168,2.3522962526129488e-05
2026-06-08 12:25:00+03:00,2.0,2.0065468549721873e-06,7.460375078802115e-09,0.9999593753012259,3.861069094531765e-05
2026-06-08 12:30:00+03:00,2.0,2.8297813970683053e-06,3.15314435723666e-09,0.9999827943563545,1.4372708195055632e-05
2026-06-08 12:35:00+03:00,2.0,1.7560461605172855e-06,6.612195451816308e-09,0.9999964377411527,1.7996007251257065e-06
2026-06-08 12:40:00+03:00,2.0,3.945184525016573e-06,3.212283909764522e-09,0.9999893201081301,6.731493741186068e-06
2026-06-08 12:45:00+03:00,2.0,1.640302197878666e-06,2.8174460048805244e-09,0.9999941631346971,4.193745545099859e-06
2026-06-08 12:50:00+03:00,2.0,2.3014953633145018e-06,1.6852635326195125e-09,0.9999959948443746,1.7019735253634355e-06
2026-06-08 12:55:00+03:00,2.0,1.2038977104695682e-06,4.688667162227767e-09,0.9999984225627194,3.6885057056606796e-07
2026-06-08 13:00:00+03:00,2.0,1.2850308381913524e-06,3.2471829244602804e-09,0.9999979855585761,7.261644752316608e-07
2026-06-08 13:05:00+03:00,2.0,5.127613849894977e-06,6.673698829290124e-09,0.9999891100753269,5.755636849167632e-06
2026-06-08 13:10:00+03:00,2.0,6.7198564185890774e-06,2.37453236837176e-09,0.999992526837289,7.509327174065615e-07
2026-06-08 13:15:00+03:00,2.0,8.507903218425044e-07,3.6432386478467636e-09,0.9999975077438782,1.637823542470766e-06
2026-06-08 13:20:00+03:00,2.0,1.2001059119046269e-06,1.2609207487699738e-09,0.9999979962141946,8.024202625095268e-07
2026-06-08 13:25:00+03:00,2.0,1.96676887413612e-06,6.988035746571391e-09,0.9999980022095717,2.4031729628843784e-08
2026-06-08 13:30:00+03:00,2.0,5.328083206271716e-06,9.965341123442553e-09,0.9999915183357634,3.143615234075803e-06
2026-06-08 13:35:00+03:00,2.0,2.791810322239314e-06,2.740037445307989e-09,0.9999967738565119,4.3159329702285534e-07
2026-06-08 13:40:00+03:00,2.0,2.555967711419245e-06,1.6273410879608542e-09,0.9999962409526855,1.201453998844598e-06
2026-06-08 13:45:00+03:00,2.0,3.3540614463237545e-06,1.1502570027277385e-09,0.9999957471827139,8.976067771793006e-07
2026-06-08 13:50:00+03:00,2.0,1.1260475558581295e-05,1.8817117551680994e-09,0.999986940825472,1.7968157652207463e-06
2026-06-08 13:55:00+03:00,2.0,5.0280740514342025e-05,1.692398991138312e-09,0.9999487628622706,9.547051532690868e-07
2026-06-08 14:00:00+03:00,2.0,0.0007102950635219033,2.783063119576757e-07,0.9992636587223116,2.576790952823873e-05
2026-06-08 14:05:00+03:00,2.0,0.0033074699927105496,1.2215438410467349e-05,0.9940177076196239,0.0026626069477310795
2026-06-08 14:10:00+03:00,3.0,0.0031902008344892423,0.0019561335441934976,0.18330854949149133,0.8115451161295688
2026-06-08 14:15:00+03:00,3.0,0.0009152643680017467,0.0003875278173251459,0.001619598807411862,0.9970776090058161
2026-06-08 14:20:00+03:00,3.0,0.0011939066718759158,1.9720913945571416e-05,0.0005962394789434252,0.9981901329358349
2026-06-08 14:25:00+03:00,3.0,1.978939660232553e-12,0.00012889284707446805,1.7164045668357502e-12,0.9998711071476284
2026-06-08 14:30:00+03:00,3.0,1.5797099724191462e-08,1.5994604453133798e-06,1.686249714485711e-08,0.9999983678803478
2026-06-08 14:35:00+03:00,3.0,6.773126458683651e-09,1.0269393171025497e-06,7.331261960022379e-09,0.9999989589565265
2026-06-08 14:40:00+03:00,3.0,3.7524004582476104e-14,5.051674380668584e-06,9.423147514055262e-12,0.9999949483153883
2026-06-08 14:45:00+03:00,3.0,8.430397100565973e-13,1.9137747903574327e-06,1.5909659973410352e-10,0.9999980860648191
2026-06-08 14:50:00+03:00,3.0,1.0981494107936078e-12,1.9165606305777706e-06,1.8359300917759238e-10,0.9999980832563049
2026-06-08 14:55:00+03:00,3.0,4.0872586596947726e-13,2.9424410890387626e-06,1.6204254167270309e-10,0.9999970573960675
2026-06-08 15:00:00+03:00,3.0,2.7639142515641954e-12,1.7693311677029122e-06,3.7065114708501703e-10,0.9999982302958613
2026-06-08 15:05:00+03:00,3.0,2.489530801436324e-11,2.122282067915918e-06,4.1371356162045736e-09,0.9999978735563544
2026-06-08 15:10:00+03:00,3.0,1.8523377654455593e-09,4.10795483687023e-06,7.351254077581548e-08,0.9999958166787299
2026-06-08 15:15:00+03:00,3.0,0.012446805627212268,0.00017982761792218252,0.003148516055785645,0.9842248507005502
2026-06-08 15:20:00+03:00,3.0,0.058708316030570584,2.3132041998723845e-06,0.0031683826099584552,0.9381209881539004
2026-06-08 15:25:00+03:00,3.0,0.48231529973340254,6.80532972307973e-07,0.004648673946568159,0.5130353457856087
2026-06-08 15:30:00+03:00,0.0,0.8675920963344174,4.552583469409883e-09,0.0005076536959942329,0.13190024541673795
2026-06-08 15:35:00+03:00,0.0,0.9994647286418991,1.8731984363688514e-11,1.1763454295183646e-05,0.0005235078837341473
2026-06-08 15:40:00+03:00,0.0,0.9999989266040151,1.5754142104612725e-12,1.1510978821507758e-07,9.582854060605042e-07
2026-06-08 15:45:00+03:00,0.0,0.9999985215192297,2.805264009298453e-13,2.3810549932583394e-07,1.2403733445518346e-06
2026-06-08 15:50:00+03:00,0.0,0.9999996133629631,4.387156480655534e-14,1.627535050861233e-09,3.850079125478615e-07
2026-06-08 15:55:00+03:00,0.0,0.9999995706130915,3.4546815403818864e-14,1.7354681553308956e-09,4.2765120913947397e-07
2026-06-08 16:00:00+03:00,0.0,0.9999995325380224,1.792079400375016e-15,3.331381161567006e-10,4.6712958622027786e-07
2026-06-08 16:05:00+03:00,0.0,0.999999975159881,3.674976843571863e-14,4.5018864051355474e-10,2.439121867888333e-08
2026-06-08 16:10:00+03:00,0.0,0.9999997911145546,3.4808413532700688e-15,1.460457724741875e-10,2.087410665915239e-07
2026-06-08 16:15:00+03:00,0.0,0.9999998923121951,1.4727347496406024e-15,6.665230678686172e-12,1.0767979139929711e-07
2026-06-08 16:20:00+03:00,0.0,0.9999998870771442,7.994634276576683e-16,9.75832642195421e-14,1.1292455274407112e-07
2026-06-08 16:25:00+03:00,0.0,0.9999998827006562,1.8039653036645008e-15,7.239513262287386e-12,1.1729174774014845e-07
2026-06-08 16:30:00+03:00,0.0,0.9999999227220572,2.496059092097524e-14,3.341005942246991e-11,7.724547188903779e-08
2026-06-08 16:35:00+03:00,0.0,0.9999996076185967,1.7021180992721046e-13,3.6533054362618606e-12,3.9237662116895713e-07
2026-06-08 16:40:00+03:00,0.0,0.9999957458075638,1.4327487176464837e-12,2.090355834960337e-06,2.163834602197464e-06
2026-06-08 16:45:00+03:00,0.0,0.9999968596070373,7.911687717800868e-13,2.737584571568554e-06,4.028087186093452e-07
2026-06-08 16:50:00+03:00,0.0,0.9999968033167695,3.706479311966026e-14,2.655497810999885e-06,5.411852732808277e-07
2026-06-08 16:55:00+03:00,0.0,0.9999997108316584,8.489899820304205e-13,2.61106866024589e-07,2.8061239814196222e-08
2026-06-08 17:00:00+03:00,0.0,0.9999987478848761,6.238513323691776e-13,7.692775125099192e-07,4.828362486814882e-07
2026-06-08 17:05:00+03:00,0.0,0.9999990523979192,7.402709118485909e-13,2.1879023759385046e-07,7.28810027679066e-07
2026-06-08 17:10:00+03:00,0.0,0.9999989920730136,2.270591639067156e-12,6.126263963488886e-08,9.466607052987188e-07
2026-06-08 17:15:00+03:00,0.0,0.9999910281624145,7.654534693277784e-12,4.069570812533226e-06,4.902260066870374e-06
2026-06-08 17:20:00+03:00,0.0,0.9999930315741,1.0834264450475248e-12,4.817023501963919e-06,2.1513996207965804e-06
2026-06-08 17:25:00+03:00,0.0,0.9999928319996313,1.6078152568123047e-12,6.232079529091253e-06,9.359210308222876e-07
2026-06-08 17:30:00+03:00,0.0,0.9999895586806228,2.146723081541939e-12,9.232733050353953e-06,1.2085826946839372e-06
2026-06-08 17:35:00+03:00,0.0,0.9999871752865337,1.0555242393214836e-11,1.1670031212261244e-05,1.1546716140479316e-06
2026-06-08 17:40:00+03:00,0.0,0.9999338522225828,1.1420535863118327e-11,6.12045078494263e-05,4.943257429729958e-06
2026-06-08 17:45:00+03:00,0.0,0.9999851488803443,1.9863118546743897e-12,1.3643318064927355e-05,1.2077999053040364e-06
2026-06-08 17:50:00+03:00,0.0,0.9999911625918103,1.2219938428745203e-12,7.835151000161661e-06,1.0022564429829653e-06
2026-06-08 17:55:00+03:00,0.0,0.9999881335765284,4.407387791372374e-11,1.0855682267329415e-05,1.0106989345871836e-06
2026-06-09 09:55:00+03:00,0.0,0.999998396725835,5.238044176296418e-07,1.0427453116956918e-06,3.67245080173379e-08
2026-06-09 10:00:00+03:00,0.0,0.9989870271468871,1.4652505986706565e-07,8.325290556552287e-05,0.0009295734231175009
2026-06-09 10:05:00+03:00,0.0,0.9684682241973809,3.2580117954203825e-06,6.281579652326374e-05,0.03146570199437721
2026-06-09 10:10:00+03:00,0.0,0.9594506972351033,6.939038334824581e-07,0.0005543160666366459,0.039994292794378855
2026-06-09 10:15:00+03:00,0.0,0.9601838665665686,1.8730728102024812e-07,0.0013251828069757437,0.038490763320596574
2026-06-09 10:20:00+03:00,0.0,0.9700167374918806,5.685890370549944e-08,0.0019977420248902525,0.02798546362478117
2026-06-09 10:25:00+03:00,0.0,0.984254099184753,3.8127418629059416e-08,0.0029611526567219666,0.012784710032830764
2026-06-09 10:30:00+03:00,0.0,0.9883006444560529,3.434114216651831e-08,0.004543640685394088,0.007155680517260635
2026-06-09 10:35:00+03:00,0.0,0.9901035816490007,2.954631275251526e-08,0.0057575426675178214,0.004138846136981929
2026-06-09 10:40:00+03:00,0.0,0.991501625825503,4.024537798199624e-08,0.00578948245777955,0.00270885147069299
2026-06-09 10:45:00+03:00,0.0,0.9921258302739665,1.4528847415688042e-07,0.005030460361758056,0.0028435640755165217
2026-06-09 10:50:00+03:00,0.0,0.9879481031411467,5.102786247927315e-07,0.004653071498271227,0.007398315083338095
2026-06-09 10:55:00+03:00,0.0,0.9844226938684885,3.2008691244371575e-07,0.0061260151369790005,0.00945097090740669
2026-06-09 11:00:00+03:00,0.0,0.9912155817198672,3.2517827690710795e-08,0.00451030378613342,0.004274081976381481
2026-06-09 11:05:00+03:00,0.0,0.9958661303985638,7.618109080014847e-09,0.0022712980962379795,0.0018625638878361022
2026-06-09 11:10:00+03:00,0.0,0.9990222828594739,2.577904315000462e-09,0.0006381846544506612,0.0003395299064313146
2026-06-09 11:15:00+03:00,0.0,0.9997840729045366,6.68424220791996e-10,3.499586707052576e-05,0.0001809305616007566
2026-06-09 11:20:00+03:00,0.0,0.9999593370312443,1.251788731321263e-10,8.341033013302594e-06,3.232180962951242e-05
2026-06-09 11:25:00+03:00,0.0,0.9999709090964249,4.545620592214026e-10,2.830609339626246e-06,2.625983914585769e-05
2026-06-09 11:30:00+03:00,0.0,0.9998866607080201,4.308450618682316e-09,3.746694363867394e-06,0.00010958828975183106
2026-06-09 11:35:00+03:00,0.0,0.9994809393725965,3.603938321461513e-08,4.014239868517929e-06,0.0005150103466569365
2026-06-09 11:40:00+03:00,0.0,0.9978123981814848,1.2777025760903232e-07,1.3720106419275563e-05,0.0021737539421846372
2026-06-09 11:45:00+03:00,0.0,0.9878094456913965,1.4541631473334828e-06,1.7114806542687218e-06,0.01218738866578189
2026-06-09 11:50:00+03:00,0.0,0.9935314093700387,7.17294909237605e-08,7.809440477871514e-06,0.006460709459880587
2026-06-09 11:55:00+03:00,0.0,0.9969585277402517,5.292777012185482e-09,3.5275010117375434e-06,0.0030379394675867795
2026-06-09 12:00:00+03:00,0.0,0.9987730766256224,1.0020902400190897e-09,8.47713180420885e-07,0.0012260746594916592
2026-06-09 12:05:00+03:00,0.0,0.9998049566533876,1.8302091524017267e-09,2.186432929484013e-06,0.00019285508253111573
2026-06-09 12:10:00+03:00,0.0,0.9998639903739288,5.314087563046015e-10,3.162188728477196e-06,0.0001328469073592145
2026-06-09 12:15:00+03:00,0.0,0.9999356014232329,1.7689994820891465e-10,1.806229725962653e-06,6.259217182746212e-05
2026-06-09 12:20:00+03:00,0.0,0.9999695599121091,1.322742806087836e-10,1.6309813391489657e-06,2.8808974578381185e-05
2026-06-09 12:25:00+03:00,0.0,0.9999798634989177,1.5321943904026817e-10,1.3568405130919232e-06,1.8779508059966006e-05
2026-06-09 12:30:00+03:00,0.0,0.999957686756094,4.403408679058392e-12,5.522254644924996e-06,3.6790985850337866e-05
2026-06-09 12:35:00+03:00,0.0,0.9999947031714548,9.03070856899631e-12,4.7040055601331706e-06,5.928141092694466e-07
2026-06-09 12:40:00+03:00,0.0,0.9999321487403692,4.8480632077588e-09,6.782637153955858e-05,2.003871090935116e-08
2026-06-09 12:45:00+03:00,0.0,0.9794485838315206,6.483947700188771e-09,0.020538881110639468,1.2528575253688555e-05
2026-06-09 12:50:00+03:00,0.0,0.9294510573573567,1.2016518925425388e-08,0.07054857144509076,3.59179976124951e-07
2026-06-09 12:55:00+03:00,0.0,0.8498083834927832,5.51082696184666e-09,0.1501863721037817,5.238891869143269e-06
2026-06-09 13:00:00+03:00,0.0,0.7665936767412778,6.1737119512224286e-09,0.23340076962157252,5.547463546932495e-06
2026-06-09 13:05:00+03:00,0.0,0.6796764892562119,6.4790710932066725e-09,0.3203187191305789,4.785135863035999e-06
2026-06-09 13:10:00+03:00,0.0,0.6224615173044732,4.546188787217814e-09,0.37753644425505134,2.033896013114502e-06
2026-06-09 13:15:00+03:00,0.0,0.5684227577866398,1.0555110165932063e-08,0.4315737092253771,3.5224319819891945e-06
2026-06-09 13:20:00+03:00,2.0,0.4795932757915793,8.512254193354651e-09,0.520401744114176,4.971582248980927e-06
2026-06-09 13:25:00+03:00,2.0,0.3965779969024782,9.171909899344796e-09,0.6034189982758299,2.9956480050470422e-06
2026-06-09 13:30:00+03:00,2.0,0.3023686150027759,9.929032209759147e-09,0.6976274303294002,3.944738919841798e-06
2026-06-09 13:35:00+03:00,2.0,0.1982231046061342,1.4896880944125483e-08,0.8017730298975152,3.850600249731215e-06
2026-06-09 13:40:00+03:00,2.0,0.1368514785100773,1.172201919938594e-08,0.8631465680414756,1.94172586821437e-06
2026-06-09 13:45:00+03:00,2.0,0.09624172498136987,1.247476628557709e-08,0.903757499588547,7.629556371019274e-07
2026-06-09 13:50:00+03:00,2.0,0.06366168545702534,1.3250102108257458e-08,0.9363367556089075,1.5456840397923245e-06
2026-06-09 13:55:00+03:00,2.0,0.02748507559713685,9.908246759502262e-09,0.9725136014465203,1.313046398751289e-06
2026-06-09 14:00:00+03:00,2.0,0.014008015555507937,3.0321003325291266e-09,0.9859908006646042,1.180747845718407e-06
2026-06-09 14:05:00+03:00,2.0,0.007503750906254915,4.797431552618743e-09,0.9924952704270221,9.73869977721461e-07
2026-06-09 14:10:00+03:00,2.0,0.004159868141838242,3.0698293149468502e-09,0.995839313845607,8.149426007689524e-07
2026-06-09 14:15:00+03:00,2.0,0.0021322872601650766,3.5243777441783648e-09,0.997867083624328,6.255908926264212e-07
2026-06-09 14:20:00+03:00,2.0,0.0009899668042707402,6.6247229839731754e-09,0.9990086288113453,1.3977579502006027e-06
2026-06-09 14:25:00+03:00,2.0,0.0003390466733146211,4.8966732315232336e-09,0.9996572724724162,3.6759592326617597e-06
2026-06-09 14:30:00+03:00,2.0,7.129764896655536e-05,7.513003800659607e-09,0.9999252073061673,3.4875321523634883e-06
2026-06-09 14:35:00+03:00,2.0,5.279901417760389e-05,2.4492447056401876e-09,0.9999439938987729,3.2046362670560526e-06
2026-06-09 14:40:00+03:00,2.0,4.821369756510576e-05,2.4915742825038293e-09,0.9999502174564495,1.5663540696289883e-06
2026-06-09 14:45:00+03:00,2.0,6.14694897622535e-05,2.347209200392398e-09,0.9999371795944617,1.3485702016034332e-06
2026-06-09 14:50:00+03:00,2.0,5.9923275197173117e-05,1.8516173714176907e-09,0.9999381868225387,1.8880504662524985e-06
2026-06-09 14:55:00+03:00,2.0,3.247420229154383e-05,6.831950401439198e-09,0.9999636132960315,3.905670143217646e-06
2026-06-09 15:00:00+03:00,2.0,3.897153104241583e-05,2.4918487871114336e-09,0.9999586458254276,2.380151367034122e-06
2026-06-09 15:05:00+03:00,2.0,3.842028682734326e-05,6.0725506263599894e-09,0.9999607279277445,8.457140741383889e-07
2026-06-09 15:10:00+03:00,2.0,2.16551144379813e-05,2.757697033504226e-09,0.9999764070944481,1.9350345864677214e-06
2026-06-09 15:15:00+03:00,2.0,2.7710943408211175e-05,2.131268128689951e-09,0.9999709412370332,1.3456871462356065e-06
2026-06-09 15:20:00+03:00,2.0,2.1437954121675945e-05,2.7526658508020187e-09,0.9999773805659794,1.1787269907388246e-06
2026-06-09 15:25:00+03:00,2.0,6.417071906644301e-06,3.6119198805281924e-09,0.9999928303007074,7.490143727504048e-07
2026-06-09 15:30:00+03:00,2.0,9.073174338845331e-07,7.164080348524418e-09,0.999996892381486,2.193136564964888e-06
2026-06-09 15:35:00+03:00,2.0,7.480913137296951e-07,5.129934811601874e-09,0.9999978450819552,1.4016985831174474e-06
2026-06-09 15:40:00+03:00,2.0,1.4339485609424047e-06,4.5690963672060155e-09,0.9999959183197998,2.6431643038154502e-06
2026-06-09 15:45:00+03:00,2.0,1.61691420856834e-06,1.5730368662525175e-09,0.999997517759209,8.637526894022921e-07
2026-06-09 15:50:00+03:00,2.0,3.6602414541363113e-06,3.4367434982230412e-09,0.9999961642825732,1.7203772666448428e-07
2026-06-09 15:55:00+03:00,2.0,5.617631088997471e-07,4.868605365313519e-09,0.9999959256211934,3.507746906182187e-06
2026-06-09 16:00:00+03:00,2.0,7.995834481708825e-07,2.170864992836364e-09,0.9999977033502544,1.4948961293534917e-06
2026-06-09 16:05:00+03:00,2.0,2.0139814637365992e-06,5.125746386249558e-09,0.999991294005366,6.686888734919002e-06
2026-06-09 16:10:00+03:00,2.0,5.138631198079451e-07,1.148602128919285e-08,0.9999965692972823,2.9053528935124184e-06
2026-06-09 16:15:00+03:00,2.0,1.093418280659072e-06,5.338035672068051e-09,0.9999903329293158,8.56831582228286e-06
2026-06-09 16:20:00+03:00,2.0,3.7592145025447364e-06,4.474275879582955e-08,0.9999096127136905,8.658332761214078e-05
2026-06-09 16:25:00+03:00,2.0,4.926547588154251e-06,2.8842430811430784e-09,0.9999851684814831,9.902087819994218e-06
2026-06-09 16:30:00+03:00,2.0,2.6387031178307776e-06,4.070418994539981e-09,0.9999888823658251,8.474858939701853e-06
2026-06-09 16:35:00+03:00,2.0,3.832997749097461e-06,4.151706193606247e-08,0.999970070701657,2.6054783514474168e-05
2026-06-09 16:40:00+03:00,2.0,2.5992315604319454e-05,0.00014899026437888494,0.9979981450495367,0.0018268723703450589
2026-06-09 16:45:00+03:00,1.0,1.2752500933415464e-22,0.853990881514045,2.4657971101202454e-16,0.14600911848732895
2026-06-09 16:50:00+03:00,3.0,6.557126219587026e-16,0.054175878429779015,1.1962075156705183e-11,0.9458241215594668
2026-06-09 16:55:00+03:00,3.0,1.812929227003368e-17,0.0010513231739540225,1.0127629612018536e-12,0.9989486768250135
2026-06-09 17:00:00+03:00,3.0,9.018349909825027e-17,1.5182823003764364e-05,1.1743638886170625e-12,0.9999848171744179
2026-06-09 17:05:00+03:00,3.0,4.502769724531309e-16,7.844859327737296e-06,4.999421244616175e-12,0.9999921551369272
2026-06-09 17:10:00+03:00,3.0,1.400671008221057e-18,1.6974128805858514e-05,1.7113747369740142e-13,0.9999830258697312
2026-06-09 17:15:00+03:00,3.0,4.440237074747057e-19,1.6455769972965524e-05,1.4043008297113184e-13,0.999983544229391
2026-06-09 17:20:00+03:00,3.0,2.0495636049256223e-20,2.1734118920565217e-05,2.9134611914672316e-15,0.9999782658812301
2026-06-09 17:25:00+03:00,3.0,2.2797065027241245e-19,1.2548811545239053e-05,2.552240718266727e-14,0.9999874511873461
2026-06-09 17:30:00+03:00,3.0,6.046478248933036e-19,2.057414075369988e-05,5.655019254265723e-14,0.9999794258589757
2026-06-09 17:35:00+03:00,3.0,1.4398608607213405e-08,6.248351222504531e-06,5.342872135993728e-06,0.9999883943765303
2026-06-09 17:40:00+03:00,3.0,5.104655680224263e-08,1.5680575686413493e-05,2.046704229330202e-05,0.9999638013363312
2026-06-09 17:45:00+03:00,3.0,1.7565549769174301e-09,9.670903423252193e-06,3.7447644508208415e-06,0.9999865825766137
2026-06-09 17:50:00+03:00,3.0,1.3606504069254725e-08,4.825085027434262e-05,0.0001363871155970133,0.9998153484292683
2026-06-09 17:55:00+03:00,3.0,1.766286260366153e-05,0.006306339316182551,0.014189197690915386,0.9794868001311793
2026-06-10 09:55:00+03:00,1.0,8.823479351275169e-07,0.8268895570026381,0.003659340227911629,0.16945022042198185
2026-06-10 10:00:00+03:00,3.0,3.0742233708737424e-08,0.003927355134290801,0.00048361091980738015,0.9955890032026874
2026-06-10 10:05:00+03:00,3.0,4.476378896859901e-09,3.270620653460239e-05,1.9959405106825684e-06,0.9999652933749745
2026-06-10 10:10:00+03:00,3.0,1.3388979048064329e-08,4.3037959112216155e-06,8.646221788970627e-06,0.999987036594018
2026-06-10 10:15:00+03:00,3.0,5.1644811366201214e-11,6.4510920776763074e-06,1.935241761259365e-08,0.9999935295045514
2026-06-10 10:20:00+03:00,3.0,3.6803052041322765e-09,2.6184328651212175e-06,1.180590864636364e-06,0.9999961972971049
2026-06-10 10:25:00+03:00,3.0,4.3828861113554986e-09,2.7827312347680442e-06,1.9152180406264928e-06,0.9999952976687894
2026-06-10 10:30:00+03:00,3.0,8.808480993642835e-10,3.948280875202623e-06,1.2145554637987249e-06,0.9999948362844031
2026-06-10 10:35:00+03:00,3.0,1.7904999242259675e-09,3.5767809818599334e-06,8.179936395780237e-06,0.999988241492257
2026-06-10 10:40:00+03:00,3.0,2.4191171654202035e-08,3.6901359648144913e-06,0.0009823165164368362,0.9990139691576212
2026-06-10 10:45:00+03:00,3.0,7.080810690038618e-06,2.1786363252312876e-06,0.058598332419337394,0.9413924081320365
2026-06-10 10:50:00+03:00,3.0,7.635267537627832e-05,9.4068751294993e-07,0.49474193724034793,0.5051807693977935
2026-06-10 10:55:00+03:00,2.0,0.00019147959177974472,1.3200950323467643e-07,0.9601216705312642,0.03968671786775041
2026-06-10 11:00:00+03:00,2.0,7.336422929663079e-06,4.297873607293024e-08,0.9939122410869307,0.006080379511785159
2026-06-10 11:05:00+03:00,2.0,1.543290734092677e-05,9.73285211037255e-09,0.999788826712892,0.00019573064669952403
2026-06-10 11:10:00+03:00,2.0,1.1663307202293036e-05,3.119285457174473e-09,0.9999781998897309,1.0133684904087503e-05
2026-06-10 11:15:00+03:00,2.0,9.860223000735056e-06,1.7355292295594471e-09,0.9999878164359015,2.3216051665588514e-06
2026-06-10 11:20:00+03:00,2.0,2.7981423245953407e-05,1.647726696808907e-09,0.999969885588663,2.1313416790487433e-06
2026-06-10 11:25:00+03:00,2.0,2.0922031149153336e-05,1.3175585011877657e-09,0.9999778597498236,1.2169024899851092e-06
2026-06-10 11:30:00+03:00,2.0,3.9423546132754185e-05,3.80336454588996e-09,0.9999549908259204,5.581824177126371e-06
2026-06-10 11:35:00+03:00,2.0,4.702192847025193e-05,1.7155220078985788e-09,0.9999523740652986,6.022922192415529e-07
2026-06-10 11:40:00+03:00,2.0,8.880279983907528e-06,1.9337508770404943e-08,0.9999688597209739,2.2240660398474635e-05
2026-06-10 11:45:00+03:00,2.0,1.4846544219984797e-05,2.027058960141777e-09,0.9999798046739866,5.346753784012061e-06
2026-06-10 11:50:00+03:00,2.0,2.437381855401136e-05,3.06330308832001e-09,0.999973010577801,2.612539615024895e-06
2026-06-10 11:55:00+03:00,2.0,1.0553325022470186e-05,5.340835808479476e-09,0.9999848269677082,4.614366103066443e-06
2026-06-10 12:00:00+03:00,2.0,1.8879156687184484e-05,2.9910800995675305e-09,0.999977949773258,3.1680776168254496e-06
2026-06-10 12:05:00+03:00,2.0,2.2681366696812314e-05,2.522962191599244e-09,0.9999695136675314,7.802442178399452e-06
2026-06-10 12:10:00+03:00,2.0,2.506876531824367e-05,1.6248067855741675e-09,0.9999698520111304,5.077599223016043e-06
2026-06-10 12:15:00+03:00,2.0,3.838167523544827e-05,7.346492535391025e-09,0.9999596725448044,1.9384341680054246e-06
2026-06-10 12:20:00+03:00,2.0,5.4311843857405084e-05,1.658411062373653e-09,0.9999445772452757,1.109251870760682e-06
2026-06-10 12:25:00+03:00,2.0,7.253003718762606e-05,2.4445456077960367e-09,0.9999211045343437,6.3629847866607005e-06
2026-06-10 12:30:00+03:00,2.0,0.0001311376944688841,3.017802999358054e-09,0.9998659285073107,2.930781827805567e-06
2026-06-10 12:35:00+03:00,2.0,0.0001512916145074577,2.2889599491583866e-09,0.9998471282496917,1.5778472653346636e-06
2026-06-10 12:40:00+03:00,2.0,0.00014037064599623227,2.0924780153661322e-09,0.9998582653396906,1.3619216770002338e-06
2026-06-10 12:45:00+03:00,2.0,0.00022431646157239455,1.3611897635430968e-08,0.9997729071327228,2.762792952362228e-06
2026-06-10 12:50:00+03:00,2.0,0.00019416484308531367,3.370496444548444e-09,0.9998045523455321,1.2794417784807858e-06
2026-06-10 12:55:00+03:00,2.0,0.00021144106581661207,2.344189307135804e-09,0.9997875271565885,1.0294337357902516e-06
2026-06-10 13:00:00+03:00,2.0,0.0002154232142628638,2.6905613885306043e-09,0.9997841770555713,3.970405571006895e-07
2026-06-10 13:05:00+03:00,2.0,0.0003337021546253295,2.4912639054198654e-08,0.9996662586374829,1.4296760841090897e-08
2026-06-10 13:10:00+03:00,2.0,0.00020661033814637223,2.445491681134272e-09,0.9997930794285458,3.077878786125768e-07
2026-06-10 13:15:00+03:00,2.0,0.00016927946829621484,1.322730860503074e-09,0.9998299678006916,7.514084279278386e-07
2026-06-10 13:20:00+03:00,2.0,0.00017671865200461729,2.398590718142923e-09,0.9998231128987427,1.6605168557656768e-07
2026-06-10 13:25:00+03:00,2.0,0.00013491033669624756,1.8072671658465104e-09,0.9998645540531593,5.338036312250451e-07
2026-06-10 13:30:00+03:00,2.0,0.0002622289520457892,6.655881787028934e-09,0.9997363372791919,1.4271133745962236e-06
2026-06-10 13:35:00+03:00,2.0,0.00033138608267404505,2.106538063106797e-09,0.9996677907276007,8.210836166637439e-07
2026-06-10 13:40:00+03:00,2.0,0.0006830318328277155,5.9006381416311464e-08,0.999284217904075,3.2691256577375905e-05
2026-06-10 13:45:00+03:00,2.0,0.0010823217340705002,2.945438647221423e-09,0.9989127048599679,4.970461191791239e-06
2026-06-10 13:50:00+03:00,2.0,0.0020325890264540143,3.23656393931074e-08,0.9979453452292618,2.2033379823016867e-05
2026-06-10 13:55:00+03:00,2.0,0.0029841980110795804,4.781698812649551e-06,0.9957687295468177,0.001242290742802235
2026-06-10 14:00:00+03:00,2.0,0.00012988189493688196,0.0006359034088758083,0.8033084524610739,0.19592576223394992
2026-06-10 14:05:00+03:00,2.0,1.7503939726122698e-05,0.0003527819821080883,0.5968787212039587,0.40275099287407556
2026-06-10 14:10:00+03:00,3.0,6.520108528467948e-06,9.035339052774073e-05,0.43421027754761743,0.565692848952377
2026-06-10 14:15:00+03:00,3.0,8.851346427619578e-06,3.848953778041528e-05,0.3425531769850082,0.6573994821309553
2026-06-10 14:20:00+03:00,3.0,2.01831074457836e-05,5.1964379158782055e-05,0.22523103238351025,0.7746968201302028
2026-06-10 14:25:00+03:00,3.0,1.2972948165363744e-06,9.19741982946189e-05,0.06162683052386999,0.938279897981705
2026-06-10 14:30:00+03:00,3.0,5.157576808500408e-12,0.000464406083010141,9.724468258065207e-05,0.9994383492287917
2026-06-10 14:35:00+03:00,3.0,1.6331195400269767e-10,3.3417784994145616e-05,9.70236910687646e-05,0.9998695583589512
2026-06-10 14:40:00+03:00,3.0,6.001753230212192e-11,1.3860404881418351e-05,8.533340099644076e-06,0.9999776061956227
2026-06-10 14:45:00+03:00,3.0,6.098056865303534e-10,2.110999724163921e-05,2.9430236664558418e-05,0.9999494591578066
2026-06-10 14:50:00+03:00,3.0,5.648462155015105e-09,2.8013851633035872e-05,6.126198603694862e-05,0.9999107185126064
2026-06-10 14:55:00+03:00,3.0,9.095045050888604e-09,5.126306074644549e-06,0.00027378413582980233,0.9997210804620567
2026-06-10 15:00:00+03:00,3.0,5.941063034681361e-08,5.934990501382981e-06,0.005022271375016322,0.9949717342225151
2026-06-10 15:05:00+03:00,3.0,3.9312909440977856e-08,2.24140245266699e-05,0.0412641006414824,0.9587134460228383
2026-06-10 15:10:00+03:00,3.0,3.4660230195999497e-06,0.00015106798375249972,0.39155513895529925,0.6082903270383165
2026-06-10 15:15:00+03:00,2.0,4.346472256939045e-06,3.1172016694635638e-06,0.7506013167870259,0.24939121953995863
2026-06-10 15:20:00+03:00,2.0,8.00364476441659e-06,6.246399212497477e-06,0.9739042113182693,0.026081538638687934
2026-06-10 15:25:00+03:00,2.0,6.624881854981451e-05,5.67300503396365e-05,0.965256711977353,0.03462030915398051
2026-06-10 15:30:00+03:00,3.0,3.498180314067976e-07,0.002116977339638789,0.01574906061852786,0.9821336122241073
2026-06-10 15:35:00+03:00,3.0,9.8900740717989e-06,9.384748248083119e-06,0.017131133775962176,0.9828495914034316
2026-06-10 15:40:00+03:00,3.0,6.463517996898119e-07,5.452326927812438e-06,0.02639051269603501,0.9736033886268238
2026-06-10 15:45:00+03:00,3.0,3.794967568527755e-05,1.8496806822981658e-06,0.27618565833160147,0.723774542312315
2026-06-10 15:50:00+03:00,2.0,4.627295352166997e-05,8.158462404668458e-06,0.7105586949598971,0.2893868736228432
2026-06-10 15:55:00+03:00,2.0,3.0070996815641045e-05,7.403072366785059e-07,0.8250445103219569,0.1749246783736694
2026-06-10 16:00:00+03:00,2.0,3.97517722682534e-06,3.9047808466161815e-07,0.9078434065678366,0.09215222777608888
2026-06-10 16:05:00+03:00,2.0,8.164662653847018e-06,5.345388465643818e-07,0.9893530687114517,0.010638232086585072
2026-06-10 16:10:00+03:00,2.0,2.0559856031629968e-07,3.238418998323567e-07,0.9936162967980388,0.006383173760613694
2026-06-10 16:15:00+03:00,2.0,2.6841393205067817e-07,5.089389571061107e-08,0.9976407968222448,0.002358883871598235
2026-06-10 16:20:00+03:00,2.0,9.696706418102579e-07,2.3750390589890944e-09,0.9999783061709705,2.0721782113718083e-05
2026-06-10 16:25:00+03:00,2.0,1.7232463473786188e-06,3.457438968189872e-09,0.9999919841969347,6.289101073310689e-06
2026-06-10 16:30:00+03:00,2.0,2.9506200404632817e-06,7.904879393152573e-08,0.9999805973593221,1.6372970706162683e-05
2026-06-10 16:35:00+03:00,2.0,7.456263091698946e-06,1.2219377092495175e-05,0.9940505061274209,0.005929818231956995
2026-06-10 16:40:00+03:00,2.0,5.13846570650309e-05,7.515431035417582e-07,0.9953204789742833,0.004627384827315152
2026-06-10 16:45:00+03:00,2.0,0.0001041895085940379,6.215231187044918e-07,0.9952025909374477,0.004692598031377555
2026-06-10 16:50:00+03:00,2.0,3.956151286783192e-05,1.0869949289032566e-07,0.9973854135392662,0.002574916249151822
2026-06-10 16:55:00+03:00,2.0,1.6717271857826946e-05,3.881350981411184e-08,0.998868019569274,0.0011152243461801008
2026-06-10 17:00:00+03:00,2.0,2.571992285673929e-05,1.4739700375247398e-08,0.9998290408962502,0.0001452244405602744
2026-06-10 17:05:00+03:00,2.0,1.0896078428770372e-05,2.0217502986069134e-08,0.9998837541074729,0.00010532959818436694
2026-06-10 17:10:00+03:00,2.0,4.674876129776799e-06,3.51178168699651e-08,0.9998389664012388,0.00015632360443755148
2026-06-10 17:15:00+03:00,2.0,2.1924821534472085e-06,5.501345331551193e-08,0.9997403739463006,0.00025737855761026005
2026-06-10 17:20:00+03:00,2.0,4.1216339654973675e-06,3.256862358582155e-08,0.9996556025883181,0.00034024321032135154
2026-06-10 17:25:00+03:00,2.0,1.8470009217164833e-06,1.7285015203399855e-08,0.9999581662833702,3.996943204963727e-05
2026-06-10 17:30:00+03:00,2.0,9.249272679472837e-06,3.4968506737283347e-08,0.9999750513472401,1.5664412727154625e-05
2026-06-10 17:35:00+03:00,2.0,6.2595469334947e-06,3.522693945526873e-09,0.9999880894883874,5.647441927168681e-06
2026-06-10 17:40:00+03:00,2.0,1.3615817449597371e-05,5.3156720898186945e-09,0.9999735885317,1.279033625328117e-05
2026-06-10 17:45:00+03:00,2.0,4.2157356388510123e-05,1.167450251219387e-08,0.9999217612106807,3.60697597170136e-05
2026-06-10 17:50:00+03:00,2.0,1.070883467630749e-05,3.140019543415344e-08,0.9999716902099016,1.756955562401399e-05
2026-06-10 17:55:00+03:00,2.0,6.76346248969866e-06,6.205582262785458e-05,0.9998433970539597,8.778366056245952e-05
2026-06-11 09:55:00+03:00,2.0,0.00017313906973529604,0.1393621670113975,0.8597715328120965,0.0006931611063500836
2026-06-11 10:00:00+03:00,2.0,1.9971999085936793e-05,0.0008646134583751176,0.7509400176985881,0.24817539684388953
2026-06-11 10:05:00+03:00,2.0,2.3023720055605137e-05,5.610892964542262e-05,0.628603026023272,0.37131784132689616
2026-06-11 10:10:00+03:00,3.0,4.458930413555534e-05,9.229638917526647e-05,0.3675916393413986,0.6322714749666246
2026-06-11 10:15:00+03:00,3.0,0.00016711352626439413,4.126016365964923e-05,0.23905282382072504,0.7607388024904878
2026-06-11 10:20:00+03:00,3.0,7.218291495345528e-05,5.306667296480178e-05,0.05428979065936154,0.9455849597518458
2026-06-11 10:25:00+03:00,3.0,6.640390499066634e-05,1.1666073528003738e-05,0.01914710821837963,0.9807748218019973
2026-06-11 10:30:00+03:00,3.0,0.0014611093480731666,2.75636930830031e-06,0.022510206942365028,0.9760259273398824
2026-06-11 10:35:00+03:00,3.0,0.025630736482338597,2.3445951073305014e-06,0.05437762393006882,0.9199892949928695
2026-06-11 10:40:00+03:00,3.0,0.14412040317542488,8.359314252411827e-07,0.12869312488506496,0.7271856360085255
2026-06-11 10:45:00+03:00,0.0,0.6221240147796183,1.8985285067392986e-07,0.19687577456845917,0.1810000207972681
2026-06-11 10:50:00+03:00,0.0,0.8023330767522996,4.613782100161395e-08,0.17745955641338004,0.02020732069797462
2026-06-11 10:55:00+03:00,0.0,0.84413783673271,6.259668443451698e-09,0.15413004564364766,0.0017321113643204366
2026-06-11 11:00:00+03:00,0.0,0.8754156755132037,8.555560742709859e-09,0.12446927973370464,0.00011503619748239619
2026-06-11 11:05:00+03:00,0.0,0.898899069272549,6.696860907820451e-09,0.10092483730932732,0.00017608672242498303
2026-06-11 11:10:00+03:00,0.0,0.9700440841517982,1.1806677616516652e-09,0.029835312052865905,0.00012060261453146748
2026-06-11 11:15:00+03:00,0.0,0.9928404737271057,1.1743907263407074e-10,0.007149797727955577,9.728426131439392e-06
2026-06-11 11:20:00+03:00,0.0,0.9988880160035857,1.3785782880075937e-10,0.001106737546250979,5.246313729942843e-06
2026-06-11 11:25:00+03:00,0.0,0.9993664021009887,4.9088787710815855e-11,0.0006217352241370804,1.1862625734137247e-05
2026-06-11 11:30:00+03:00,0.0,0.9999054134775734,4.364045936707028e-12,9.162670561820492e-05,2.9598141691259606e-06
2026-06-11 11:35:00+03:00,0.0,0.9999886769714842,6.946649213839607e-13,1.0027065374164138e-05,1.2959642179478352e-06
2026-06-11 11:40:00+03:00,0.0,0.999995734682672,2.4374837599146823e-14,3.7325049991303807e-06,5.328111578153935e-07
2026-06-11 11:45:00+03:00,0.0,0.9999986298071527,4.1598056885057286e-13,1.359037558060407e-06,1.1154697696072797e-08
2026-06-11 11:50:00+03:00,0.0,0.9999989855974178,2.179644954786841e-13,9.071746096352332e-07,1.0722823386238925e-07
2026-06-11 11:55:00+03:00,0.0,0.9999993798885147,3.283338742762497e-13,4.4292210614766925e-07,1.771875696520507e-07
2026-06-11 12:00:00+03:00,0.0,0.999997328879474,1.019126606462487e-13,2.2275210289052117e-06,4.435979548335666e-07
2026-06-11 12:05:00+03:00,0.0,0.9999991740918404,4.494597807686134e-13,7.786361387802902e-07,4.727289543088705e-08
2026-06-11 12:10:00+03:00,0.0,0.9999993413732577,1.9043754569397442e-13,4.2103416118017255e-07,2.3759077393470962e-07
2026-06-11 12:15:00+03:00,0.0,0.9999996784063632,3.5850668407833238e-12,1.6813065317628484e-07,1.534597472370817e-07
2026-06-11 12:20:00+03:00,0.0,0.9999908029590203,1.481661580424303e-11,8.36173731860292e-06,8.352893069941903e-07
2026-06-11 12:25:00+03:00,0.0,0.9999967961972679,1.1049621025086366e-12,2.846720377296621e-06,3.5708008476953786e-07
2026-06-11 12:30:00+03:00,0.0,0.9999982355454554,6.133912112482741e-13,1.5798726375904976e-06,1.8458099003288644e-07
2026-06-11 12:35:00+03:00,0.0,0.9999994308711194,4.727328470289617e-13,4.788655987091006e-07,9.026365970836696e-08
2026-06-11 12:40:00+03:00,0.0,0.9999998719977239,4.2790054723254855e-13,1.983092987078353e-08,1.0817246211050276e-07
2026-06-11 12:45:00+03:00,0.0,0.9999997760969814,3.0241645040900654e-13,1.0832524528863992e-08,2.1307178678348942e-07
2026-06-11 12:50:00+03:00,0.0,0.9999997078339646,6.38309214024469e-13,9.580021982848902e-08,1.9636505710243415e-07
2026-06-11 12:55:00+03:00,0.0,0.999999706149581,1.0693216796137311e-13,8.230688346840109e-08,2.1154374976815257e-07
2026-06-11 13:00:00+03:00,0.0,0.9999998380190067,1.7150343072121895e-13,7.378802954884161e-08,8.819449086420365e-08
2026-06-11 13:05:00+03:00,0.0,0.9999993423264075,7.522978572965419e-13,5.452987467267202e-07,1.1237351242464149e-07
2026-06-11 13:10:00+03:00,0.0,0.9999995679973859,1.960166824159733e-12,2.1915774220151231e-07,2.128421639630753e-07
2026-06-11 13:15:00+03:00,0.0,0.9999800823116847,5.637761657278204e-12,1.9616579694592587e-05,3.011021426566086e-07
2026-06-11 13:20:00+03:00,0.0,0.9999903475101941,1.422220614028204e-12,9.35663750781108e-06,2.958521055692266e-07
2026-06-11 13:25:00+03:00,0.0,0.9999922392317891,2.9991066555323267e-12,7.698736732638007e-06,6.202996287823e-08
2026-06-11 13:30:00+03:00,0.0,0.999995169488855,1.3723409824926863e-12,4.6280825516640905e-06,2.0242738507702937e-07
2026-06-11 13:35:00+03:00,0.0,0.999999040338031,1.8055458457748474e-12,8.454614983876105e-07,1.1419855835231254e-07
2026-06-11 13:40:00+03:00,0.0,0.9999976885291628,7.262931735580809e-12,2.2024238584908266e-06,1.0904060697188037e-07
2026-06-11 13:45:00+03:00,0.0,0.9999948446953667,7.42029194617977e-13,4.861308002705727e-06,2.939968246866621e-07
2026-06-11 13:50:00+03:00,0.0,0.999999185587844,1.6570088163268638e-12,7.643346982510351e-07,5.007617399934275e-08
2026-06-11 13:55:00+03:00,0.0,0.9999995702602078,1.3766803276772308e-12,3.223463405439113e-07,1.0739329060900797e-07
2026-06-11 14:00:00+03:00,0.0,0.999998851083297,1.0598971645395934e-11,1.023995502554085e-06,1.2491236166129385e-07
2026-06-11 14:05:00+03:00,0.0,0.9999889071038063,4.978960019106374e-12,1.0689411565935204e-05,4.034792811770503e-07
2026-06-11 14:10:00+03:00,0.0,0.9999901702914208,2.459772030854469e-12,9.541732194002346e-06,2.879732411922977e-07
2026-06-11 14:15:00+03:00,0.0,0.9999913045808785,4.62765961742656e-12,8.526885710340307e-06,1.685303174599812e-07
2026-06-11 14:20:00+03:00,0.0,0.9999973706324461,8.160578901788858e-12,2.2430465376617797e-06,3.863134900706629e-07
2026-06-11 14:25:00+03:00,0.0,0.9999983139546774,7.778858024601493e-12,7.430077203141676e-07,9.430310308668891e-07
2026-06-11 14:30:00+03:00,0.0,0.9999956179731785,1.0798848733958491e-11,4.02401247643404e-06,3.580035082615113e-07
2026-06-11 14:35:00+03:00,0.0,0.9999247489334003,5.653469072481536e-11,7.463565165101502e-05,6.153598005240137e-07
2026-06-11 14:40:00+03:00,0.0,0.9987687521122958,2.866693732873161e-10,0.0012304605970390888,7.870025139427396e-07
2026-06-11 14:45:00+03:00,0.0,0.9939694694355972,5.207150642004479e-10,0.00602964633017161,8.837118867828663e-07
2026-06-11 14:50:00+03:00,0.0,0.9872494608792493,1.1104476496511253e-09,0.012748451064346036,2.086945140350696e-06
2026-06-11 14:55:00+03:00,0.0,0.9622811412862194,1.902363545528452e-09,0.037716174970869,2.681839634491197e-06
2026-06-11 15:00:00+03:00,0.0,0.9157945016357851,5.928640449421608e-09,0.08419805232136635,7.440114284091802e-06
2026-06-11 15:05:00+03:00,0.0,0.825277336702266,8.424685604029339e-09,0.17471948847858743,3.1663960761818563e-06
2026-06-11 15:10:00+03:00,0.0,0.729198463200589,2.1970585853370414e-07,0.27077059811226345,3.0718981900474705e-05
2026-06-11 15:15:00+03:00,0.0,0.653862259326664,0.0003345933398720895,0.3309172343787169,0.01488591295368054
2026-06-11 15:20:00+03:00,3.0,5.221429792172835e-09,0.030247020085139447,2.6835122464669085e-05,0.969726139569759
2026-06-11 15:25:00+03:00,3.0,8.139425759291569e-08,0.0002522274654294752,5.095103978951601e-05,0.9996967400996973
2026-06-11 15:30:00+03:00,3.0,5.7050242813317815e-12,5.571703789764997e-05,3.240367395069222e-07,0.9999439589179284
2026-06-11 15:35:00+03:00,3.0,4.348673981605403e-15,0.00010917005384684526,4.140807324494353e-08,0.9998907885396817
2026-06-11 15:40:00+03:00,3.0,2.9373482545346573e-13,3.956802300359053e-05,4.60697067912744e-07,0.999959971279983
2026-06-11 15:45:00+03:00,3.0,6.17391495199701e-14,1.7303998443010192e-05,1.282651215812677e-07,0.9999825677360276
2026-06-11 15:50:00+03:00,3.0,7.146991442061047e-14,1.780335517758268e-05,3.065628072231357e-07,0.9999818900835681
2026-06-11 15:55:00+03:00,3.0,7.096976544818857e-14,2.2380053798314205e-05,2.942343467042007e-07,0.9999773257101393
2026-06-11 16:00:00+03:00,3.0,8.425498435926394e-15,1.5309720650081593e-05,1.0548093230340367e-08,0.9999846797300369
2026-06-11 16:05:00+03:00,3.0,1.7606494784967137e-15,3.085359239326075e-05,2.9339456936186638e-08,0.9999691170672518
2026-06-11 16:10:00+03:00,3.0,1.62728219108359e-10,0.00010025916578840693,0.0002957893020846544,0.9996039513702794
2026-06-11 16:15:00+03:00,3.0,7.391578114938851e-11,2.307595494963357e-05,0.003183048981791667,0.9967938749891223
2026-06-11 16:20:00+03:00,3.0,4.1366386467763124e-09,1.762083032286341e-05,0.10191782998942878,0.8980645450445932
2026-06-11 16:25:00+03:00,2.0,4.930454500098037e-08,2.93002887963692e-05,0.6163133618031632,0.38365728860436826
2026-06-11 16:30:00+03:00,2.0,2.2555120811641946e-07,5.4015985675246595e-06,0.7708224376330253,0.22917193521807974
2026-06-11 16:35:00+03:00,2.0,9.82504439273437e-08,6.706912155757854e-07,0.9485062936327445,0.05149293742683449
2026-06-11 16:40:00+03:00,2.0,1.2473232144770316e-07,8.466001349139988e-08,0.9954373634760343,0.0045624271306178845
2026-06-11 16:45:00+03:00,2.0,2.1520513677167665e-07,6.230050683992219e-08,0.999326234093659,0.0006734884003428839
2026-06-11 16:50:00+03:00,2.0,6.627371813094354e-07,6.619012642781433e-09,0.9999612649525053,3.806569265528483e-05
2026-06-11 16:55:00+03:00,2.0,7.30724111499826e-08,1.5203545642928827e-08,0.9999810630698893,1.8848653175513422e-05
2026-06-11 17:00:00+03:00,2.0,5.418246934458799e-07,2.887323609887242e-08,0.9999409384452254,5.849085632673635e-05
2026-06-11 17:05:00+03:00,2.0,4.596050913602738e-08,9.356421686359192e-08,0.9998633785820433,0.00013648189268538997
2026-06-11 17:10:00+03:00,2.0,1.7824355689914844e-07,2.2538172845034856e-07,0.9997174527024173,0.00028214367187352003
2026-06-11 17:15:00+03:00,2.0,3.401680853419732e-08,2.0388837277032788e-06,0.9974339207622684,0.0025640063386644196
2026-06-11 17:20:00+03:00,2.0,2.61551418417744e-07,1.0693431703651836e-06,0.996491386512063,0.0035072825947573523
2026-06-11 17:25:00+03:00,2.0,1.1110746919831844e-07,4.0317137207928173e-07,0.9971593776506502,0.002840108068773673
2026-06-11 17:30:00+03:00,2.0,2.8585533551785954e-07,2.8142909813332977e-07,0.997753975534618,0.0022454571804492586
2026-06-11 17:35:00+03:00,2.0,5.901820163978962e-07,1.362989562404819e-07,0.9984626861493344,0.0015365873714632634
2026-06-11 17:40:00+03:00,2.0,7.250789825904497e-07,2.9019049536810567e-08,0.9996059244850096,0.00039332141528334013
2026-06-11 17:45:00+03:00,2.0,1.086735858735579e-06,1.4369635410193243e-08,0.9999645804398004,3.4318454395559813e-05
2026-06-11 17:50:00+03:00,2.0,1.2302561229929377e-06,8.038346698571376e-07,0.999949165940664,4.8799968111556224e-05
2026-06-11 17:55:00+03:00,2.0,2.0151304868408854e-06,0.0014435066613382472,0.9977083997467058,0.0008460784630873068
2026-06-12 09:55:00+03:00,1.0,7.328397947646635e-296,1.0,1.2403538616182345e-242,2.8525355550697646e-56
2026-06-12 10:00:00+03:00,1.0,3.928350297754199e-203,1.0,7.8886751063789e-122,1.25501059505084e-22
2026-06-12 10:05:00+03:00,1.0,1.2324693549880777e-167,1.0,9.8455627200867e-120,3.486581414340516e-22
2026-06-12 10:10:00+03:00,1.0,1.6879889846315261e-167,1.0,9.838087432572754e-120,3.006609164916321e-22
2026-06-12 10:15:00+03:00,1.0,1.1108743470155059e-179,1.0,2.816627383330135e-128,1.3847872464170963e-24
2026-06-12 10:20:00+03:00,1.0,5.652428504011609e-179,1.0,3.243076222733461e-126,6.032045162340379e-24
2026-06-12 10:25:00+03:00,1.0,5.1439455398341484e-182,1.0,1.6169307998112125e-128,1.1425577666235281e-24
2026-06-12 10:30:00+03:00,1.0,9.963534240250534e-181,1.0,1.3371553696059446e-127,2.9728985614255357e-24
2026-06-12 10:35:00+03:00,1.0,9.037635838498715e-179,1.0,1.4083576227070912e-126,5.483006197969354e-24
2026-06-12 10:40:00+03:00,1.0,1.4850934488608281e-172,1.0,3.642154306331e-122,2.6193462802341896e-20
2026-06-12 10:45:00+03:00,3.0,1.3221838388880401e-39,0.02765506298312042,9.011934228000227e-18,0.9723449370180604
2026-06-12 10:50:00+03:00,3.0,7.757464232565588e-17,0.004348211757245999,8.485900025500224e-15,0.9956517882425096
2026-06-12 10:55:00+03:00,3.0,5.90892888324859e-18,0.006416258135690774,4.918825195485431e-16,0.993583741864352
2026-06-12 11:00:00+03:00,3.0,2.6528575306796354e-32,0.08050665112814938,1.9375970590416963e-28,0.9194933488703638
2026-06-12 11:05:00+03:00,3.0,1.921971607900632e-45,0.09276598060325139,8.362364038762865e-46,0.9072340193959484
2026-06-12 11:10:00+03:00,3.0,6.21993020298361e-30,8.028843195038102e-05,2.9833922068885937e-34,0.9999197115685486
2026-06-12 11:15:00+03:00,3.0,1.756165029780097e-27,6.58644104937623e-07,9.94495605130428e-31,0.9999993413550679
2026-06-12 11:20:00+03:00,3.0,7.40123242856145e-28,5.343235985830247e-07,2.414454230369236e-31,0.9999994656756435
2026-06-12 11:25:00+03:00,3.0,5.520843788324311e-28,4.5343345245328596e-07,2.949826379433883e-32,0.9999995465660623
2026-06-12 11:30:00+03:00,3.0,4.204079866673218e-30,1.5878940553713964e-06,1.0915310018163754e-32,0.9999984121071849
2026-06-12 11:35:00+03:00,3.0,6.629686123325352e-33,1.159110585738718e-05,1.13203049551882e-34,0.9999884088955353
2026-06-12 11:40:00+03:00,3.0,7.701236063543372e-34,3.156158033475288e-05,3.318910866802394e-34,0.9999684384198568
2026-06-12 11:45:00+03:00,3.0,2.504717460141652e-40,0.0006596787459783015,3.0094504051355616e-37,0.9993403212555022
2026-06-12 11:50:00+03:00,3.0,1.35536772841012e-37,0.0003616457668068771,7.830908436687263e-36,0.9996383542335175
2026-06-12 11:55:00+03:00,3.0,3.9887998309839676e-23,2.068922866567499e-05,9.70614692303636e-25,0.9999793107702526
2026-06-12 12:00:00+03:00,3.0,4.329579069895539e-21,1.590295794517717e-05,3.533189984861385e-23,0.9999840970404302
2026-06-12 12:05:00+03:00,3.0,4.479311592363513e-20,3.183642842575965e-05,1.5461687584296452e-22,0.9999681635719947
2026-06-12 12:10:00+03:00,3.0,5.693344867683276e-17,9.414487716939614e-07,1.2202416716454072e-21,0.9999990585497356
2026-06-12 12:15:00+03:00,3.0,8.478312308593643e-11,5.957707725004186e-08,1.605536196077414e-20,0.9999999403371493
2026-06-12 12:20:00+03:00,3.0,1.110163513570987e-05,1.2958141080437636e-09,6.848346738676422e-23,0.9999888970703721
2026-06-12 12:25:00+03:00,3.0,0.007398235076364315,1.5805885804056653e-10,7.758241849806527e-22,0.9926017647645445
2026-06-12 12:30:00+03:00,3.0,0.44427744256039803,9.401842229687907e-13,3.617492228924954e-27,0.5557225574369692
2026-06-12 12:35:00+03:00,0.0,0.9878748749418882,5.636206645047744e-17,5.426142351320771e-31,0.012125125056565163
2026-06-12 12:40:00+03:00,0.0,0.9998694809674135,1.553400830873945e-19,1.1342430736447522e-35,0.00013051903337751248
2026-06-12 12:45:00+03:00,0.0,0.9999982693422195,2.0605406217646114e-22,4.600842071984639e-41,1.7306576226748418e-06
2026-06-12 12:50:00+03:00,0.0,0.9999996108309308,4.37541210576964e-25,4.524815353421234e-40,3.891683934444161e-07
2026-06-12 12:55:00+03:00,0.0,0.9999999954889063,1.809448233564122e-29,6.312737130711967e-49,4.511278137605844e-09
2026-06-12 13:00:00+03:00,0.0,0.9999999994579412,1.5430133434005567e-32,5.231852451565975e-56,5.406993885270628e-10
2026-06-12 13:05:00+03:00,0.0,0.9999999999163265,8.262203389598005e-35,2.155416971167742e-64,8.200745376446496e-11
2026-06-12 13:10:00+03:00,0.0,0.9999999995816324,8.489392436992746e-35,4.445447029465365e-59,4.1724876007644404e-10
2026-06-12 13:15:00+03:00,0.0,0.999999999992724,4.654127251621473e-33,9.502117358437387e-63,7.572800716465509e-12
2026-06-12 13:20:00+03:00,0.0,0.999999992105586,6.452742035641502e-26,1.434924596588226e-62,7.893934528228472e-09
2026-06-12 13:25:00+03:00,3.0,5.777797486922336e-10,2.863944966259986e-10,2.2782539415857456e-36,0.999999999134161
2026-06-12 13:30:00+03:00,3.0,5.202518801256817e-10,8.424265557288746e-13,2.0155045245774513e-34,0.999999999479769
2026-06-12 13:35:00+03:00,3.0,1.3139769612220302e-06,1.719775687826385e-12,7.040588400951055e-33,0.9999986860211258
2026-06-12 13:40:00+03:00,3.0,1.2798515875169197e-06,2.691955765755279e-13,2.261820917739294e-34,0.9999987201489607
2026-06-12 13:45:00+03:00,3.0,5.404506650287416e-08,5.911801819563869e-14,2.842387352179237e-36,0.9999999459541883
2026-06-12 13:50:00+03:00,3.0,1.9147098368586553e-07,4.4897348391622746e-14,8.976767704514482e-36,0.9999998085295557
2026-06-12 13:55:00+03:00,3.0,1.2736097181870133e-06,7.541568089430388e-15,2.5087455652925296e-38,0.9999987263917244
2026-06-12 14:00:00+03:00,3.0,1.747124605730703e-06,7.52026933604788e-15,9.876021022426205e-39,0.999998252876756
2026-06-12 14:05:00+03:00,3.0,5.754341205948673e-06,2.7584962316962032e-15,1.3549149878406745e-41,0.9999942456581301
2026-06-12 14:10:00+03:00,3.0,0.0023710187264232374,6.843872333576591e-19,3.022185802869268e-38,0.9976289812735188
2026-06-12 14:15:00+03:00,0.0,0.9998457312621197,1.3472353231033332e-22,9.716378121326595e-37,0.00015426873920779916
2026-06-12 14:20:00+03:00,0.0,0.9999999877109077,8.230189027458127e-26,5.127505764664996e-42,1.2289263742848994e-08
2026-06-12 14:25:00+03:00,0.0,0.9999999848587323,7.982653752192837e-23,8.839494253844875e-39,1.5140693485676686e-08
2026-06-12 14:30:00+03:00,0.0,0.999999054344236,8.039939771849864e-23,7.083215621302241e-33,9.456565121233093e-07
2026-06-12 14:35:00+03:00,0.0,0.9999999977007974,1.9209930530573893e-29,6.599092051557854e-46,2.2986407215474706e-09
2026-06-12 14:40:00+03:00,0.0,0.9999999998472049,2.237904278074569e-32,4.0523414135160425e-54,1.5412304891176503e-10
2026-06-12 14:45:00+03:00,0.0,0.9999999997162377,4.2976067896500736e-30,2.462201856946613e-52,2.824309561329664e-10
2026-06-12 14:50:00+03:00,0.0,0.9999999905194272,1.0610888317959789e-29,2.4836802180420935e-51,9.481566820796772e-09
2026-06-12 14:55:00+03:00,0.0,0.999999999487045,7.125440834683285e-32,1.1040819155818129e-52,5.132992471927608e-10
2026-06-12 15:00:00+03:00,0.0,0.999999999821739,8.852054838105364e-33,8.633773763373707e-56,1.798745974571452e-10
2026-06-12 15:05:00+03:00,0.0,0.9999999996034603,1.1000164469543564e-31,1.7614927893805837e-57,3.950159679221578e-10
2026-06-12 15:10:00+03:00,0.0,0.9999999978608685,1.9320764229628886e-26,3.271097051435611e-48,2.140326116355668e-09
2026-06-12 15:15:00+03:00,0.0,0.9999999290157601,2.253617945823805e-26,7.829849473560783e-45,7.098554413152563e-08
2026-06-12 15:20:00+03:00,0.0,0.9999999888023013,3.953196712407751e-27,6.170268930382251e-45,1.1196907163391279e-08
2026-06-12 15:25:00+03:00,0.0,0.9999999898100214,4.09883438683749e-26,5.932523318656273e-45,1.018911314264866e-08
2026-06-12 15:30:00+03:00,0.0,0.9999998743369439,6.4921355104561e-25,5.13794139882322e-43,1.2566442380563207e-07
2026-06-12 15:35:00+03:00,0.0,0.9999999689243855,2.6838201739607273e-25,2.5416557254905103e-44,3.1076069613916085e-08
2026-06-12 15:40:00+03:00,0.0,0.9999998985440521,4.6746681956590635e-21,4.892483376823259e-43,1.0145510801318461e-07
2026-06-12 15:45:00+03:00,0.0,0.9990603793126315,1.7912242748670773e-15,1.5907497194048138e-35,0.0009396206879194901
2026-06-12 15:50:00+03:00,0.0,0.9949759627524021,7.569250501344335e-15,5.4438418498975426e-33,0.005024037247642103
2026-06-12 15:55:00+03:00,3.0,0.00039895784020573205,1.4513906509960825e-09,1.1349279210814677e-25,0.9996010407076921
2026-06-12 16:00:00+03:00,3.0,0.0002109141114642114,2.1188331887258033e-12,2.4276997099688994e-27,0.9997890858860016
2026-06-12 16:05:00+03:00,3.0,0.00020568251468986112,2.5163425146235354e-12,5.832586558997095e-27,0.9997943174828589
2026-06-12 16:10:00+03:00,3.0,9.422305443541008e-06,3.7575782172813516e-11,7.550690619008677e-24,0.9999905776574524
2026-06-12 16:15:00+03:00,3.0,5.354194013997351e-09,2.0664168915490025e-11,4.707026190985822e-28,0.9999999946267053
2026-06-12 16:20:00+03:00,3.0,1.97904274608007e-08,3.9368923175436743e-11,1.122854501622532e-25,0.9999999801693777
2026-06-12 16:25:00+03:00,3.0,1.5018632018796069e-06,7.673639201346762e-10,9.572836597713385e-25,0.9999984973703625
2026-06-12 16:30:00+03:00,3.0,6.182908606770758e-24,0.06946266250135108,4.342842781738652e-16,0.930537337500173
2026-06-12 16:35:00+03:00,3.0,8.629130080112634e-22,0.09244729648717252,5.563252975380963e-16,0.9075527035141564
2026-06-12 16:40:00+03:00,1.0,6.1231060037421064e-43,0.999391619147155,8.437679180386618e-29,0.0006083808521861262
2026-06-12 16:45:00+03:00,1.0,1.6573945802605337e-41,0.9999744454098773,5.576542377249385e-26,2.555458914808394e-05
2026-06-12 16:50:00+03:00,1.0,2.541699518198372e-43,0.999906751113139,1.1412411323494485e-28,9.32488881270677e-05
2026-06-12 16:55:00+03:00,1.0,3.427005983891766e-57,0.9999997969171297,1.1355825171279812e-36,2.0308342172333833e-07
2026-06-12 17:00:00+03:00,1.0,1.7414379803679636e-55,0.9999973114063085,7.663127570024785e-35,2.688594436107471e-06
2026-06-12 17:05:00+03:00,1.0,1.0023275161074222e-50,0.9999922858666787,2.3878398810339744e-33,7.714133997084126e-06
2026-06-12 17:10:00+03:00,1.0,3.961017491049816e-64,0.9999999687315726,1.6272171601043778e-41,3.1267925535232435e-08
2026-06-12 17:15:00+03:00,1.0,8.031996136736861e-63,0.9999998523890208,1.1299678499276281e-39,1.476106550470891e-07
2026-06-12 17:20:00+03:00,1.0,4.147961588168449e-56,0.9999987590425431,2.3906155558534532e-35,1.2409590240864885e-06
2026-06-12 17:25:00+03:00,1.0,1.6620086181772873e-50,0.9999938920123078,1.244857190442193e-32,6.107987503099954e-06
2026-06-12 17:30:00+03:00,1.0,3.777507261854299e-40,0.9997432123791811,2.3421471136438305e-25,0.0002567876220953649
2026-06-12 17:35:00+03:00,1.0,1.2343908954958778e-37,0.9985752380017964,1.6353747392744238e-24,0.001424761996993922
2026-06-12 17:40:00+03:00,1.0,1.1175432389154782e-31,0.9884287365746343,1.0812841008936365e-19,0.011571263426933301
2026-06-12 17:45:00+03:00,1.0,1.1333402630570267e-26,0.8604641630058825,2.2544396613393422e-17,0.13953583699403257
2026-06-12 17:50:00+03:00,1.0,1.0332959280406431e-24,0.7708765096355241,1.4394753592543914e-17,0.22912349036278853
2026-06-12 17:55:00+03:00,1.0,4.5760519949881954e-20,0.7546218049517366,4.032406998284927e-14,0.2453781950475185
2026-06-15 09:55:00+03:00,1.0,0.0,1.0,0.0,0.0
2026-06-15 10:00:00+03:00,1.0,0.0,1.0,0.0,2.0242573922003615e-214
2026-06-15 10:05:00+03:00,1.0,0.0,1.0,0.0,7.481876737144381e-209
2026-06-15 10:10:00+03:00,1.0,0.0,1.0,0.0,2.604494916575052e-208
2026-06-15 10:15:00+03:00,1.0,0.0,1.0,0.0,1.0698565991156514e-206
2026-06-15 10:20:00+03:00,1.0,0.0,1.0,0.0,1.125290613584577e-215
2026-06-15 10:25:00+03:00,1.0,0.0,1.0,0.0,1.8752119377494482e-212
2026-06-15 10:30:00+03:00,1.0,0.0,1.0,0.0,1.6987158541198892e-213
2026-06-15 10:35:00+03:00,1.0,0.0,1.0,0.0,6.445210821064389e-215
2026-06-15 10:40:00+03:00,1.0,0.0,1.0,0.0,5.502113164939098e-222
2026-06-15 10:45:00+03:00,1.0,1.0238099314115124e-262,1.0,6.005577068566299e-127,1.5842071982756564e-28
2026-06-15 10:50:00+03:00,1.0,5.94760173310143e-150,1.0,9.743386857268842e-104,3.9935738479591784e-24
2026-06-15 10:55:00+03:00,1.0,3.684184397437296e-131,1.0,3.103332554621592e-92,2.7550085995522822e-21
2026-06-15 11:00:00+03:00,1.0,1.3229741947754282e-125,1.0,6.099723265266544e-91,1.086389837713587e-18
2026-06-15 11:05:00+03:00,3.0,3.8054012756316105e-45,0.0017734980143190638,2.4679022204088804e-32,0.9982265019857297
2026-06-15 11:10:00+03:00,3.0,3.9815442811505233e-13,1.504863896453852e-10,2.006030821526776e-30,0.9999999998508429
2026-06-15 11:15:00+03:00,3.0,1.0163437916095857e-09,1.090744000708359e-12,1.7841128308533642e-33,0.9999999989813659
2026-06-15 11:20:00+03:00,3.0,7.176450518926974e-08,1.3275938041848967e-13,2.512016600177849e-35,0.9999999282335946
2026-06-15 11:25:00+03:00,3.0,0.0005471049618597995,4.744111523474738e-16,4.355624320620415e-34,0.9994528950365436
2026-06-15 11:30:00+03:00,0.0,0.9950523733564199,5.973369063895916e-23,8.425014551458494e-43,0.004947626641885542
2026-06-15 11:35:00+03:00,0.0,0.9999998515668377,3.838459647332757e-29,2.7242092521240938e-52,1.484329136868288e-07
2026-06-15 11:40:00+03:00,0.0,0.9999999988940544,1.3574107007764286e-31,2.6860865661496183e-58,1.1052878475726302e-09
2026-06-15 11:45:00+03:00,0.0,0.9999999985993782,1.023993037624373e-36,1.496775277658981e-61,1.3999025074057535e-09
2026-06-15 11:50:00+03:00,0.0,1.0,1.283450668298392e-44,2.7116509743176816e-82,3.00500371503919e-14
2026-06-15 11:55:00+03:00,0.0,1.0,2.4346962764230656e-45,3.573944313162123e-84,8.126816797437461e-14
2026-06-15 12:00:00+03:00,0.0,1.0,1.4450821427682186e-46,1.8015842503019635e-86,1.0579126910984939e-13
2026-06-15 12:05:00+03:00,0.0,1.0,1.7611978935720757e-48,1.5112697927102853e-86,5.798860847628713e-14
2026-06-15 12:10:00+03:00,0.0,1.0,4.68326268867162e-57,1.2676766087347708e-107,8.873422529837305e-16
2026-06-15 12:15:00+03:00,0.0,1.0,1.1754802199340212e-60,9.53942410449216e-117,8.722700106535056e-17
2026-06-15 12:20:00+03:00,0.0,1.0,3.9455919977497575e-62,3.883632436205254e-121,2.361370642622818e-17
2026-06-15 12:25:00+03:00,0.0,1.0,8.658825115398321e-66,3.492504407212634e-121,2.0269530873337634e-17
2026-06-15 12:30:00+03:00,0.0,1.0,1.9170132440151638e-81,1.5442546014602086e-160,6.155478456512192e-21
2026-06-15 12:35:00+03:00,0.0,1.0,6.979645858239521e-88,4.892211160919925e-181,3.505490857120643e-23
2026-06-15 12:40:00+03:00,0.0,1.0,4.836103104331091e-87,4.7065835172217425e-181,4.5677697356140875e-23
2026-06-15 12:45:00+03:00,0.0,1.0,1.279934650467575e-81,1.996328800437759e-168,4.347838605414638e-22
2026-06-15 12:50:00+03:00,0.0,1.0,1.6437920978618853e-81,1.4328013159773642e-160,4.6966200707956985e-21
2026-06-15 12:55:00+03:00,0.0,1.0,1.267782370598996e-88,3.688243320140106e-185,1.2591499667589112e-23
2026-06-15 13:00:00+03:00,0.0,1.0,1.7270004517436363e-82,2.0466783186557336e-168,2.54374313866144e-22
2026-06-15 13:05:00+03:00,0.0,1.0,4.8631576591290025e-83,2.167900998134396e-168,4.683863242405316e-22
2026-06-15 13:10:00+03:00,0.0,1.0,4.3404498424501745e-84,2.779914723384931e-172,1.0733392459719367e-22
2026-06-15 13:15:00+03:00,0.0,1.0,9.161465850896367e-85,3.3771221397843156e-172,2.2445502374549273e-22
2026-06-15 13:20:00+03:00,0.0,1.0,3.8631548045246224e-87,5.225068831846152e-181,5.504532441080374e-23
2026-06-15 13:25:00+03:00,0.0,1.0,1.7700041878156486e-85,3.2417145599277493e-172,2.1037241635758474e-22
2026-06-15 13:30:00+03:00,0.0,1.0,3.2688239941554264e-89,3.4011308932763477e-185,6.5467522336222884e-24
2026-06-15 13:35:00+03:00,0.0,1.0,2.4636433680916436e-85,5.230656457826294e-181,5.553875246000369e-23
2026-06-15 13:40:00+03:00,0.0,1.0,4.2381327031687315e-78,1.14122266447926e-160,1.6880385045212475e-20
2026-06-15 13:45:00+03:00,0.0,1.0,7.749737936275325e-72,5.430226726832471e-157,1.5535736933578957e-20
2026-06-15 13:50:00+03:00,0.0,1.0,2.643719305203898e-62,3.444420497449698e-134,1.452558898384987e-15
2026-06-15 13:55:00+03:00,0.0,1.0,1.605260945231602e-67,1.8694007123397998e-131,8.271374167783335e-17
2026-06-15 14:00:00+03:00,0.0,1.0,7.70184832151567e-71,8.091962746796515e-150,1.0807193461992122e-19
2026-06-15 14:05:00+03:00,0.0,1.0,2.1412560635095167e-67,2.369549271437746e-137,6.230784066046673e-17
2026-06-15 14:10:00+03:00,0.0,1.0,3.7493797221508756e-66,3.0035335027433296e-143,4.366188237406706e-18
2026-06-15 14:15:00+03:00,0.0,1.0,4.530998037337356e-62,3.841448518851541e-125,1.7424260812243288e-14
2026-06-15 14:20:00+03:00,0.0,1.0,3.0300138392768422e-65,5.268033089946202e-137,4.87529916254348e-18
2026-06-15 14:25:00+03:00,0.0,1.0,7.988276413155795e-66,5.706022063304012e-140,7.532244089692122e-17
2026-06-15 14:30:00+03:00,0.0,1.0,3.9651679102525324e-66,1.497328949483196e-133,9.209866581470113e-16
2026-06-15 14:35:00+03:00,0.0,1.0,2.5067006527713146e-73,5.602408557063377e-153,1.0425393218644644e-18
2026-06-15 14:40:00+03:00,0.0,1.0,1.6513073976770896e-74,7.718155570325969e-150,5.75920632466564e-19
2026-06-15 14:45:00+03:00,0.0,1.0,6.903725120470241e-77,8.032379967003167e-157,2.209125472947105e-20
2026-06-15 14:50:00+03:00,0.0,1.0,4.060802694872784e-77,2.271107918995803e-160,3.067264986204922e-20
2026-06-15 14:55:00+03:00,0.0,1.0,1.40721429693731e-76,1.6182529861239015e-146,4.0974385364281317e-19
2026-06-15 15:00:00+03:00,0.0,1.0,3.449046423798539e-91,1.3475511342924947e-190,3.317566830242102e-23
2026-06-15 15:05:00+03:00,0.0,1.0,9.032894900280698e-89,2.3684408013226005e-186,4.4004243532897716e-23
2026-06-15 15:10:00+03:00,0.0,1.0,1.3612061471738817e-83,6.526240455719469e-173,4.772565843031098e-22
2026-06-15 15:15:00+03:00,0.0,1.0,2.409648218314116e-80,8.220661003881782e-169,2.6324257722029227e-21
2026-06-15 15:20:00+03:00,0.0,1.0,3.110093415573764e-77,2.2539039999527525e-153,1.0183821598558032e-19
2026-06-15 15:25:00+03:00,0.0,1.0,2.2185086242948696e-82,7.507945956340251e-173,6.499073162327718e-22
2026-06-15 15:30:00+03:00,0.0,1.0,5.359814874709452e-75,5.653885842720564e-157,3.145026429121196e-20
2026-06-15 15:35:00+03:00,0.0,1.0,3.9852893786491194e-74,1.702813154118209e-146,2.128010698417902e-18
2026-06-15 15:40:00+03:00,0.0,1.0,5.77887156867715e-77,1.3828260759948624e-160,1.0111886212081038e-21
2026-06-15 15:45:00+03:00,0.0,1.0,8.95959299392381e-74,1.5721322554719352e-146,3.895022610569754e-19
2026-06-15 15:50:00+03:00,0.0,1.0,3.0639394060457597e-74,2.3500676700115876e-150,2.361758238024136e-20
2026-06-15 15:55:00+03:00,0.0,1.0,6.90943879209399e-71,1.4456373848287635e-143,1.081436201096392e-19
2026-06-15 16:00:00+03:00,0.0,1.0,2.8749408270409498e-71,2.843316477192933e-140,1.0376977750350967e-18
2026-06-15 16:05:00+03:00,0.0,1.0,5.930055379685374e-75,1.7364410724894665e-150,6.916862768626751e-20
2026-06-15 16:10:00+03:00,0.0,1.0,1.1798004494767012e-75,1.5593114417349303e-150,3.1449393634601895e-20
2026-06-15 16:15:00+03:00,0.0,1.0,1.5954474085761918e-78,3.210098693967555e-158,4.7755134973427494e-21
2026-06-15 16:20:00+03:00,0.0,1.0,4.641035080361607e-78,1.0237622466302027e-158,4.331106391563112e-21
2026-06-15 16:25:00+03:00,0.0,1.0,3.78887818974877e-63,3.755219599619645e-156,9.685107878425186e-21
2026-06-15 16:30:00+03:00,0.0,0.9999971798318915,7.114535645724192e-11,2.335992533539496e-06,4.841059497142265e-07
2026-06-15 16:35:00+03:00,0.0,0.9985087646040408,1.054921279034131e-08,0.0014764013614265306,1.482348682079255e-05
2026-06-15 16:40:00+03:00,0.0,0.5722107386983595,1.1831440660025793e-07,0.4277870858921164,2.0570964230992e-06
2026-06-15 16:45:00+03:00,2.0,0.3117457273279925,7.348167941731348e-08,0.6882470123316536,7.186857927347438e-06
2026-06-15 16:50:00+03:00,2.0,0.15039796133627928,2.5603573220813917e-08,0.8495988625676552,3.150491954336732e-06
2026-06-15 16:55:00+03:00,2.0,0.08645974652184718,3.2575603568683894e-08,0.913539484117342,7.367846270186424e-07
2026-06-15 17:00:00+03:00,2.0,0.039629570651172126,1.5164433739315068e-08,0.9603698087251131,6.054605110059684e-07
2026-06-15 17:05:00+03:00,2.0,0.019180920433975738,7.952550773043128e-09,0.9808185545740905,5.170381783654719e-07
2026-06-15 17:10:00+03:00,2.0,0.010127207473344434,7.125906999126798e-09,0.9898723499293923,4.3547114625008007e-07
2026-06-15 17:15:00+03:00,2.0,0.00608704732372446,1.0071839049186468e-08,0.9939126958140254,2.467894074905085e-07
2026-06-15 17:20:00+03:00,2.0,0.004426887637566552,1.708180802417272e-08,0.9955728130243904,2.8225729906664697e-07
2026-06-15 17:25:00+03:00,2.0,0.0030149287965192915,1.3272271326032939e-08,0.9969846636468433,3.9428366138644406e-07
2026-06-15 17:30:00+03:00,2.0,0.0020487280968725405,1.3195091556350355e-08,0.9979510319362579,2.267704082451819e-07
2026-06-15 17:35:00+03:00,2.0,0.001392069892927336,7.040812482789314e-09,0.9986073635148948,5.595513367424624e-07
2026-06-15 17:40:00+03:00,2.0,0.0009578399036429339,1.0469895701248529e-08,0.9990415700322031,5.795937140031487e-07
2026-06-15 17:45:00+03:00,2.0,0.0006535489385025436,1.663615931962357e-08,0.9993458251590278,6.092665746508313e-07
2026-06-15 17:50:00+03:00,2.0,0.00041049433158620523,9.577157074968853e-08,0.9995885475722418,8.623251859875478e-07
2026-06-15 17:55:00+03:00,2.0,0.00020030366454258102,3.0041015818774336e-05,0.9997633383390988,6.316978945271119e-06
2026-06-16 09:55:00+03:00,2.0,5.967229451673857e-05,0.02526351401987086,0.9746076551381464,6.915854606868095e-05
2026-06-16 10:00:00+03:00,2.0,7.212773451682832e-05,0.0003471990514035005,0.9015806632717109,0.09800000994079464
2026-06-16 10:05:00+03:00,3.0,6.641183793209405e-07,0.0004804428732341953,0.008004043274093342,0.9915148497344698
2026-06-16 10:10:00+03:00,3.0,4.5846089404793286e-07,5.725693291622774e-06,0.0007318953522442646,0.9992619204942162
2026-06-16 10:15:00+03:00,3.0,1.0784057618786839e-09,4.71070247776887e-06,4.312236820037506e-07,0.9999948569953098
2026-06-16 10:20:00+03:00,3.0,2.838930360413195e-10,3.4689356534062726e-06,5.01796596525504e-08,0.9999964806000293
2026-06-16 10:25:00+03:00,3.0,1.8793837001536485e-12,5.9298397905265785e-06,8.51980276784976e-10,0.9999940693081377
2026-06-16 10:30:00+03:00,3.0,1.3227405271189762e-18,3.598276977947981e-05,4.7716497799954035e-14,0.9999640172316674
2026-06-16 10:35:00+03:00,3.0,4.494902618480318e-16,8.448847386653137e-06,5.094082575591478e-12,0.9999915511464165
2026-06-16 10:40:00+03:00,3.0,1.1663581677443836e-15,8.753689157512514e-06,9.512773568291936e-12,0.9999912463009664
2026-06-16 10:45:00+03:00,3.0,3.687223842384012e-14,1.1365670842054411e-05,1.18565818495948e-10,0.9999886342111665
2026-06-16 10:50:00+03:00,3.0,1.3556777036350567e-13,1.4221957062611894e-05,2.3249831497282848e-10,0.9999857778086158
2026-06-16 10:55:00+03:00,3.0,1.3696392485637175e-13,1.8239752864272754e-05,4.58421630466321e-10,0.9999817597880873
2026-06-16 11:00:00+03:00,3.0,1.8072004578781989e-12,1.2455907394019848e-05,2.252176789735217e-09,0.9999875418373686
2026-06-16 11:05:00+03:00,3.0,1.4963279853428435e-11,1.0931463383502973e-05,6.73612130817651e-09,0.9999890617853232
2026-06-16 11:10:00+03:00,3.0,1.6240058785785318e-09,5.831057065001705e-06,5.369402654767601e-07,0.9999936303777802
2026-06-16 11:15:00+03:00,3.0,4.5605849941883776e-07,5.436261362797907e-06,0.0006589735160433842,0.9993351341631276
2026-06-16 11:20:00+03:00,3.0,9.009895248227491e-05,1.395363056346517e-05,0.020309747203253927,0.9795862002131294
2026-06-16 11:25:00+03:00,3.0,0.004928129668794685,6.400711063815335e-06,0.15737290300522233,0.8376925666150877
2026-06-16 11:30:00+03:00,3.0,0.15934251186028742,6.998672165120735e-07,0.3856144628012289,0.4550423254727144
2026-06-16 11:35:00+03:00,0.0,0.5213607683582561,6.22639850328399e-08,0.4313584640452631,0.04728070533088776
2026-06-16 11:40:00+03:00,0.0,0.6819534835709299,2.3849631803954595e-08,0.31621730789988284,0.0018291846800314422
2026-06-16 11:45:00+03:00,0.0,0.8523357009585742,3.2541695650764455e-08,0.1470251640616553,0.0006391024384547498
2026-06-16 11:50:00+03:00,0.0,0.9624994373734423,2.872624665446139e-09,0.03723575282325998,0.00026480693011424417
2026-06-16 11:55:00+03:00,0.0,0.9878267721450517,1.5813441655971245e-08,0.012165895873832539,7.316168816235662e-06
2026-06-16 12:00:00+03:00,0.0,0.992665623599344,8.221125827612634e-08,0.007160941672432706,0.0001733525174951004
2026-06-16 12:05:00+03:00,0.0,0.9897922843554549,1.6579291012999617e-06,0.006911414753163665,0.003294642962734751
2026-06-16 12:10:00+03:00,0.0,0.8178187893992162,0.00011677640967451607,0.001537189711964622,0.18052724448013063
2026-06-16 12:15:00+03:00,0.0,0.8002181440697713,5.505712130488427e-06,0.00397474051467628,0.19580160970370172
2026-06-16 12:20:00+03:00,0.0,0.6678376658466567,3.969184523580975e-05,0.013684965230117939,0.31843767707657794
2026-06-16 12:25:00+03:00,3.0,0.10953657430434136,8.783482986234602e-05,0.1626544545539218,0.7277211363126158
2026-06-16 12:30:00+03:00,3.0,0.023620783217105697,2.696754502149998e-06,0.28755803942895536,0.6888184805995359
2026-06-16 12:35:00+03:00,2.0,0.012826733275830983,4.321358089840982e-06,0.6641863107284246,0.32298263463863286
2026-06-16 12:40:00+03:00,2.0,0.004280600090191941,1.5245468699204716e-06,0.8337308480137822,0.16198702734911333
2026-06-16 12:45:00+03:00,2.0,0.0007136678223764423,6.34776556600314e-07,0.8980480207223702,0.10123767668042424
2026-06-16 12:50:00+03:00,2.0,0.0008168187699513142,2.2181257634508027e-07,0.9447779067408577,0.05440505267555518
2026-06-16 12:55:00+03:00,2.0,0.002128028966789108,4.346926836292272e-08,0.9796718996866334,0.018200027878146292
2026-06-16 13:00:00+03:00,2.0,0.005318583535502851,4.344073107412576e-08,0.9941312180813419,0.0005501549436070026
2026-06-16 13:05:00+03:00,2.0,0.016706871368842875,2.4822385922453974e-08,0.9831122201021287,0.0001808837062662788
2026-06-16 13:10:00+03:00,2.0,0.061696758580928976,9.932458671211631e-09,0.9380953864275129,0.00020784505948062698
2026-06-16 13:15:00+03:00,2.0,0.20859321057146374,1.1522017536371953e-08,0.7911845667291028,0.00022221117672046554
2026-06-16 13:20:00+03:00,2.0,0.4520166446324715,4.771143221383047e-09,0.5478932948409745,9.005575648819493e-05
2026-06-16 13:25:00+03:00,0.0,0.7041115212721516,2.2124924992788214e-09,0.2958116647392106,7.681177544369848e-05
2026-06-16 13:30:00+03:00,0.0,0.8309038885385347,1.8025677488806906e-09,0.16909233470517682,3.7749519954270963e-06
2026-06-16 13:35:00+03:00,0.0,0.9157984102553695,1.46727579224209e-09,0.08420092035635134,6.679205979151101e-07
2026-06-16 13:40:00+03:00,0.0,0.948412314778072,4.5300878308477505e-10,0.05158465724824785,3.027521179530866e-06
2026-06-16 13:45:00+03:00,0.0,0.9545872542913459,2.782612100787197e-10,0.045411074223883345,1.6712054518732668e-06
2026-06-16 13:50:00+03:00,0.0,0.9589627581397134,4.933367067833635e-10,0.041036448946237335,7.924206285468714e-07
2026-06-16 13:55:00+03:00,0.0,0.9596848068185295,9.152412533402718e-10,0.04031391892683369,1.2733376404661266e-06
2026-06-16 14:00:00+03:00,0.0,0.956044696830247,5.8071026859554335e-09,0.043945522078011064,9.775285098780444e-06
2026-06-16 14:05:00+03:00,0.0,0.8725087603421783,7.626758860633885e-08,0.12748499226814763,6.171123794366959e-06
2026-06-16 14:10:00+03:00,2.0,0.006018997271411352,1.178547375168396e-05,0.9900295138385087,0.003939703414978818
2026-06-16 14:15:00+03:00,2.0,3.0042965471378986e-05,2.5011792435166868e-08,0.9999562594492483,1.3672574379938381e-05
2026-06-16 14:20:00+03:00,2.0,1.1899246805198175e-06,1.847662995773069e-09,0.9999948050088613,4.003219505216259e-06
2026-06-16 14:25:00+03:00,2.0,1.0060817416482283e-06,1.9744501359304204e-09,0.9999948208594528,4.171085202946368e-06
2026-06-16 14:30:00+03:00,2.0,1.8468876332104862e-06,7.073366467834862e-09,0.9999870802455608,1.1065794948594837e-05
2026-06-16 14:35:00+03:00,2.0,3.7903313054826206e-06,2.867460335986233e-07,0.9997436964553889,0.00025222646901433923
2026-06-16 14:40:00+03:00,2.0,1.088383466459466e-05,4.7117529505503364e-05,0.9768964123834959,0.023045586252121258
2026-06-16 14:45:00+03:00,3.0,1.7911975326108826e-09,0.012325992411806297,0.22930701293746977,0.7583669928595799
2026-06-16 14:50:00+03:00,3.0,3.177951898490593e-09,0.000819090274091644,0.21335568180839054,0.7858252247394685
2026-06-16 14:55:00+03:00,3.0,6.916175069418357e-09,0.00011518721090276997,0.1660166941115519,0.8338681117601404
2026-06-16 15:00:00+03:00,3.0,2.692956831259854e-08,0.00015078247389359463,0.10460322226390767,0.8952459683332078
2026-06-16 15:05:00+03:00,3.0,9.530612803260513e-09,0.0001029389793795437,0.0073526887041488395,0.9925443627850837
2026-06-16 15:10:00+03:00,3.0,1.0299179118723047e-08,5.001680533583129e-05,0.000608475231262827,0.9993414976640894
2026-06-16 15:15:00+03:00,3.0,6.14137863179206e-09,6.288226973356564e-06,0.00018707606280881847,0.9998066295694913
2026-06-16 15:20:00+03:00,3.0,7.14729874865643e-08,5.315345426693753e-06,0.0014569626178252575,0.9985376505623507
2026-06-16 15:25:00+03:00,3.0,6.453635533136582e-07,5.665281135004071e-06,0.008409377989034666,0.991584311366776
2026-06-16 15:30:00+03:00,3.0,1.9630174158185005e-06,5.372265816265478e-06,0.013422951150862103,0.9865697135660801
2026-06-16 15:35:00+03:00,3.0,0.00031405920499148044,1.6007011472445984e-05,0.02675882893013442,0.9729111048535741
2026-06-16 15:40:00+03:00,3.0,1.4493469132808681e-06,9.925090572732445e-05,0.0017384113917032725,0.998160888356745
2026-06-16 15:45:00+03:00,3.0,3.4669372865511066e-05,7.223958169240471e-06,0.004119741660866255,0.9958383650091642
2026-06-16 15:50:00+03:00,3.0,6.529866632927896e-06,7.977294502191576e-06,0.008071759066558812,0.9919137337729693
2026-06-16 15:55:00+03:00,3.0,1.013826229334719e-06,1.3980016506502315e-05,0.02257210698145778,0.9774128991755308
2026-06-16 16:00:00+03:00,3.0,3.8515586358910055e-05,1.2096299832371747e-05,0.15933650181850953,0.8406128862951785
2026-06-16 16:05:00+03:00,3.0,0.00010343584868255361,7.605093310407106e-06,0.32952811920576697,0.6703608398534251
2026-06-16 16:10:00+03:00,2.0,0.0004154161173716571,1.828609748006473e-06,0.5324906533820027,0.46709210189218475
2026-06-16 16:15:00+03:00,2.0,0.0020165646071986106,1.5220977736456217e-06,0.7841554506317898,0.2138264626617457
2026-06-16 16:20:00+03:00,2.0,0.018753740520707708,6.5687532982463455e-06,0.9167449742204175,0.06449471650667325
2026-06-16 16:25:00+03:00,2.0,0.03480393768116291,1.2125403262990357e-06,0.907825692737349,0.057369157039734504
2026-06-16 16:30:00+03:00,2.0,0.1407308995752198,3.6708762468450753e-06,0.8092370596627975,0.05002836988705989
2026-06-16 16:35:00+03:00,2.0,0.31759898117092616,1.2528829474532069e-07,0.6669276403152234,0.015473253225727632
2026-06-16 16:40:00+03:00,0.0,0.5202410980203974,8.885452814039614e-09,0.4774954803476409,0.002263412748287245
2026-06-16 16:45:00+03:00,0.0,0.6622235273182473,5.839754433479268e-09,0.33767419081684025,0.0001022760269468836
2026-06-16 16:50:00+03:00,0.0,0.7309699642760119,5.984660251217388e-09,0.26901992811123043,1.0101628833249334e-05
2026-06-16 16:55:00+03:00,0.0,0.7303458320129064,1.4632087673406585e-08,0.26964743259456736,6.7207603579477724e-06
2026-06-16 17:00:00+03:00,0.0,0.5577305657005024,4.208856701202988e-08,0.44213991321601126,0.00012947899499755276
2026-06-16 17:05:00+03:00,2.0,0.11053926961756856,1.1207716401277678e-07,0.8890349578502708,0.0004256604553118798
2026-06-16 17:10:00+03:00,2.0,0.05166584484092011,1.1296808286965942e-08,0.9482828278853218,5.131597635294422e-05
2026-06-16 17:15:00+03:00,2.0,0.000672049906041982,2.8800493501688712e-08,0.9992707330011898,5.718829206770271e-05
2026-06-16 17:20:00+03:00,2.0,2.4487608021003243e-05,1.3673820128152823e-09,0.999973792853404,1.7181729356771123e-06
2026-06-16 17:25:00+03:00,2.0,1.2505478816314722e-05,2.2457024876505286e-09,0.9999841004164208,3.3918583485177995e-06
2026-06-16 17:30:00+03:00,2.0,5.039448492869665e-06,2.5433985623664863e-08,0.9999864533682624,8.481749191926274e-06
2026-06-16 17:35:00+03:00,2.0,2.6232118003911773e-05,9.844370012834296e-07,0.9978064233964049,0.0021663600497360638
2026-06-16 17:40:00+03:00,2.0,3.632856714937252e-05,1.909225399065982e-08,0.9997212693187095,0.00024238302072774397
2026-06-16 17:45:00+03:00,2.0,1.587658860723546e-05,1.8025136380065528e-08,0.9999322336632256,5.187172470681883e-05
2026-06-16 17:50:00+03:00,2.0,3.1774110895298266e-05,2.1075577442650347e-07,0.9998539570539212,0.00011405807947423252
2026-06-16 17:55:00+03:00,2.0,0.000360032192115206,0.0004000011775917977,0.9981133656542991,0.0011266009775786985
2026-06-17 09:55:00+03:00,1.0,1.8792670667861047e-06,0.9949836519039943,0.00022018257779068035,0.004794286250962877
2026-06-17 10:00:00+03:00,3.0,2.0242402086651434e-09,0.00317538418752224,3.7792463617842306e-06,0.9968208345433929
2026-06-17 10:05:00+03:00,3.0,2.493451066202387e-07,8.459249078523355e-06,1.5194103598297669e-05,0.999976097302444
2026-06-17 10:10:00+03:00,3.0,2.820638150686309e-08,2.5681881884033505e-06,1.1681043177152354e-06,0.9999962354993758
2026-06-17 10:15:00+03:00,3.0,2.6503349702466057e-08,2.048043153613597e-06,1.5113604212970745e-06,0.999996414094375
2026-06-17 10:20:00+03:00,3.0,3.909544383960703e-07,2.179533986285903e-06,1.1552193923708728e-05,0.9999858773168397
2026-06-17 10:25:00+03:00,3.0,6.576087929436935e-07,2.446409777687285e-06,4.1560423000729755e-05,0.9999553355598866
2026-06-17 10:30:00+03:00,3.0,3.5597153694386146e-06,2.965365272686001e-06,0.00043289051141729025,0.9995605844062926
2026-06-17 10:35:00+03:00,3.0,0.00013726347385514408,2.2274947648652724e-06,0.003978701210965532,0.9958818078197107
2026-06-17 10:40:00+03:00,3.0,0.01449244363837183,4.600050046842564e-07,0.06245027152753256,0.9230568248299101
2026-06-17 10:45:00+03:00,0.0,0.5690454113806811,1.2481544106961373e-07,0.36481218144466565,0.06614228235805775
2026-06-17 10:50:00+03:00,0.0,0.6250953722795916,1.4779732689338363e-08,0.3704974498397961,0.004407163100909145
2026-06-17 10:55:00+03:00,0.0,0.6652279424705744,7.139151737056531e-09,0.3346077484207495,0.00016430197014589095
2026-06-17 11:00:00+03:00,0.0,0.723223689569256,1.0293500163582295e-08,0.2766656175759388,0.00011068256093323119
2026-06-17 11:05:00+03:00,0.0,0.8458996530754012,2.834723238763248e-09,0.15403576077058292,6.458332107916896e-05
2026-06-17 11:10:00+03:00,0.0,0.9616983254618225,5.668458300147481e-10,0.03827203745985576,2.96365096793931e-05
2026-06-17 11:15:00+03:00,0.0,0.9938490844470409,5.7847030665784567e-11,0.00614581496771528,5.100526325422719e-06
2026-06-17 11:20:00+03:00,0.0,0.9994472616700734,4.316330559622903e-12,0.0005517785944312994,9.597315841927115e-07
2026-06-17 11:25:00+03:00,0.0,0.9999794735482598,1.1736123207045659e-11,2.0267115856799968e-05,2.5932264631909487e-07
2026-06-17 11:30:00+03:00,0.0,0.9997742546768642,9.772284093621467e-10,0.0002246069167732657,1.1374304234865089e-06
2026-06-17 11:35:00+03:00,0.0,0.9699743984932607,7.872890098272081e-08,0.029983614364408495,4.190841290977751e-05
2026-06-17 11:40:00+03:00,2.0,0.009152665834929564,5.650521044995172e-06,0.9866097352411862,0.004231948404244578
2026-06-17 11:45:00+03:00,2.0,4.8855009919156336e-05,6.202397913235713e-09,0.9999256626598465,2.5476128516299888e-05
2026-06-17 11:50:00+03:00,2.0,2.663442658722313e-06,6.428720779146802e-09,0.9999881878690813,9.142260586204292e-06
2026-06-17 11:55:00+03:00,2.0,5.708513536315867e-06,1.6369241953819014e-07,0.9996713669374627,0.00032276085558818635
2026-06-17 12:00:00+03:00,2.0,1.1735586401341041e-05,1.5221693368406654e-08,0.9998244598230965,0.0001637893677773379
2026-06-17 12:05:00+03:00,2.0,6.997863734148247e-06,2.338365204096758e-08,0.9999473071170292,4.567163507297552e-05
2026-06-17 12:10:00+03:00,2.0,1.3777691151206039e-05,1.3507431472758292e-08,0.9998693787244568,0.00011683007539742773
2026-06-17 12:15:00+03:00,2.0,3.713209479809145e-05,6.363528053103616e-08,0.99996057533509,2.228933487150937e-06
2026-06-17 12:20:00+03:00,2.0,0.00012830682000854453,1.1205618631716964e-08,0.9998392530896816,3.2428885750057415e-05
2026-06-17 12:25:00+03:00,2.0,0.0010048185424669153,9.971226282784758e-09,0.9989636319063393,3.153958039332451e-05
2026-06-17 12:30:00+03:00,2.0,0.007918844588895404,2.871431679736483e-09,0.9920797203980345,1.4321433396186413e-06
2026-06-17 12:35:00+03:00,2.0,0.02547083112443949,2.3515679588784932e-09,0.9745229759178449,6.190605600889739e-06
2026-06-17 12:40:00+03:00,2.0,0.0777986091906662,7.921173935534456e-09,0.9221564932807503,4.4889607404603824e-05
2026-06-17 12:45:00+03:00,2.0,0.12820393273832284,6.1284521073098775e-09,0.8717905708027858,5.4903295498979745e-06
2026-06-17 12:50:00+03:00,2.0,0.21059995392217612,2.1856147012053164e-09,0.7893735294988876,2.6514392408822322e-05
2026-06-17 12:55:00+03:00,2.0,0.4531028892373031,1.474965647163642e-09,0.5468676470933379,2.946219556871461e-05
2026-06-17 13:00:00+03:00,0.0,0.7801720358527275,1.6415074887637296e-09,0.2198082294136073,1.9733093144358257e-05
2026-06-17 13:05:00+03:00,0.0,0.9894405609698281,1.582952212429533e-10,0.010534866179941895,2.4572690990464538e-05
2026-06-17 13:10:00+03:00,0.0,0.9997229004514683,6.46644280905416e-11,0.00027660687423719564,4.926111889533021e-07
2026-06-17 13:15:00+03:00,0.0,0.999992631475697,1.0674659469729067e-11,2.385412190255195e-06,4.983102162844759e-06
2026-06-17 13:20:00+03:00,0.0,0.9999958596612707,7.004652559642538e-13,2.990110233866695e-06,1.1502291412207073e-06
2026-06-17 13:25:00+03:00,0.0,0.999994967389215,2.6429004063326373e-12,4.569229827745298e-06,4.63379898488514e-07
2026-06-17 13:30:00+03:00,0.0,0.9998366790220111,6.018665516129253e-11,0.0001621218427228456,1.1990748182483401e-06
2026-06-17 13:35:00+03:00,0.0,0.9932355818730095,3.014561515623272e-10,0.006761886357924675,2.531468179803435e-06
2026-06-17 13:40:00+03:00,0.0,0.9844909479134426,1.0322557609900306e-09,0.01550567396845844,3.377086305504605e-06
2026-06-17 13:45:00+03:00,0.0,0.9553056951290169,2.092317297381408e-09,0.04468855033240991,5.7524450120329525e-06
2026-06-17 13:50:00+03:00,0.0,0.8528740896252828,8.331515115494298e-09,0.14710210573190535,2.379630979724636e-05
2026-06-17 13:55:00+03:00,0.0,0.5227220005942478,1.7617721094169966e-08,0.4772379637779342,4.001801123845207e-05
2026-06-17 14:00:00+03:00,2.0,0.019429243811585537,1.2423844801574488e-06,0.980298909882534,0.0002706039197141978
2026-06-17 14:05:00+03:00,2.0,0.0051404348340984415,3.259030564670297e-08,0.9947718483797773,8.768419462204278e-05
2026-06-17 14:10:00+03:00,2.0,0.00041032550679129834,4.462961233093217e-09,0.999578438083534,1.1231945879773577e-05
2026-06-17 14:15:00+03:00,2.0,4.0722004017602224e-05,2.1528163476912633e-09,0.9999553257414204,3.950100661809336e-06
2026-06-17 14:20:00+03:00,2.0,5.617756204204969e-05,4.7488433979826184e-08,0.9999266704692695,1.7104480900040205e-05
2026-06-17 14:25:00+03:00,2.0,0.0005195027720457863,2.9446713589474646e-05,0.9956155668729206,0.0038354836423364603
2026-06-17 14:30:00+03:00,3.0,4.095945309107297e-08,0.12136221693276576,0.04678250023921602,0.8318552418694857
2026-06-17 14:35:00+03:00,3.0,4.6804208693662695e-07,0.0017548937749861878,0.018447561907893758,0.9797970762767514
2026-06-17 14:40:00+03:00,3.0,1.751930149288493e-07,3.663426472207735e-05,0.002847681968666539,0.9971155085725816
2026-06-17 14:45:00+03:00,3.0,1.090824318195255e-07,7.719421453250427e-06,0.0008625540574302649,0.9991296174394158
2026-06-17 14:50:00+03:00,3.0,8.323472537840707e-09,2.368407086314469e-05,0.0006991815564531567,0.9992771260509729
2026-06-17 14:55:00+03:00,3.0,6.770622866122582e-07,1.2437049602387135e-05,0.004928598872009071,0.9950582870158555
2026-06-17 15:00:00+03:00,3.0,1.3594445526692234e-07,7.0983922478441285e-06,0.007108315895041926,0.9928844497673242
2026-06-17 15:05:00+03:00,3.0,1.8526432481933844e-06,2.948908673720416e-06,0.08555946319648594,0.9144357352529534
2026-06-17 15:10:00+03:00,2.0,1.7158879469141932e-05,9.404916512578394e-06,0.5764693002831801,0.4235041359226169
2026-06-17 15:15:00+03:00,2.0,2.35760343265286e-05,9.945706085290995e-06,0.9267942056679662,0.07317227259044212
2026-06-17 15:20:00+03:00,2.0,4.768981843868698e-06,4.8577599724733335e-08,0.9966417097610514,0.0033534726799575375
2026-06-17 15:25:00+03:00,2.0,2.5645139674622802e-06,5.371641287846585e-09,0.9998962414347193,0.00010118868110828966
2026-06-17 15:30:00+03:00,2.0,1.2434890022182875e-06,3.965560163527384e-09,0.9999855299057444,1.3222641151792832e-05
2026-06-17 15:35:00+03:00,2.0,1.574240112062221e-06,4.884343649466809e-09,0.9999936697186332,4.751155333488466e-06
2026-06-17 15:40:00+03:00,2.0,1.9662353327355313e-07,4.0891600982196004e-08,0.9999625845463299,3.717793977682493e-05
2026-06-17 15:45:00+03:00,2.0,8.690154765997249e-07,9.474249019412881e-09,0.9999868999824182,1.2221529287574332e-05
2026-06-17 15:50:00+03:00,2.0,1.2388199401058912e-06,1.6253634175293478e-09,0.9999971422953328,1.6172581403776614e-06
2026-06-17 15:55:00+03:00,2.0,1.2471516838705536e-06,1.9013488403697196e-09,0.9999975821949317,1.1687511522736698e-06
2026-06-17 16:00:00+03:00,2.0,1.309271969912007e-06,1.5450294845466588e-09,0.9999977247124171,9.644696671136837e-07
2026-06-17 16:05:00+03:00,2.0,7.535701758376236e-07,2.458988894840118e-09,0.9999978429973979,1.4009720338227586e-06
2026-06-17 16:10:00+03:00,2.0,1.7205127205258028e-06,3.899322856845803e-09,0.9999981005766889,1.750098528365294e-07
2026-06-17 16:15:00+03:00,2.0,1.522254445628564e-06,2.1767921966161846e-09,0.9999982460737475,2.2949532530729193e-07
2026-06-17 16:20:00+03:00,2.0,1.427723905531595e-06,1.7671989921470547e-09,0.9999981756389659,3.948697740977735e-07
2026-06-17 16:25:00+03:00,2.0,3.218305427651008e-06,4.182519282519048e-09,0.999995603526828,1.1739837925403968e-06
2026-06-17 16:30:00+03:00,2.0,1.089971138347675e-06,4.935895607412341e-09,0.9999980508128726,8.542788706741975e-07
2026-06-17 16:35:00+03:00,2.0,1.6263518139346102e-06,2.126597957600919e-09,0.9999978645232723,5.069996309488233e-07
2026-06-17 16:40:00+03:00,2.0,5.106348669424233e-06,1.7505844155285048e-09,0.999994133849139,7.580532811303068e-07
2026-06-17 16:45:00+03:00,2.0,5.183045650988531e-06,1.3222079961476043e-09,0.9999943095988797,5.060318193763328e-07
2026-06-17 16:50:00+03:00,2.0,3.3125135400572853e-06,2.7017362937458035e-09,0.9999963972687834,2.875169081082217e-07
2026-06-17 16:55:00+03:00,2.0,1.4305562645009186e-06,2.15599488387348e-08,0.9999890992961131,9.448588012286318e-06
2026-06-17 17:00:00+03:00,2.0,5.168315971013198e-06,2.951790607457927e-07,0.9999655665413594,2.8969964007612367e-05
2026-06-17 17:05:00+03:00,2.0,1.0535233221866742e-05,0.0003595450147072251,0.9872120335553733,0.012417886195899503
2026-06-17 17:10:00+03:00,3.0,7.856687304949847e-07,0.003792496288469441,0.03484007403892905,0.9613666440054696
2026-06-17 17:15:00+03:00,3.0,4.048073474381122e-09,0.00018305825799506408,0.0028762701059791922,0.996940667586611
2026-06-17 17:20:00+03:00,3.0,8.846518553617237e-08,1.1266835740640948e-05,0.0016657339880311553,0.9983229107109292
2026-06-17 17:25:00+03:00,3.0,3.2599583249239746e-08,1.184620365404101e-05,0.00025886019641672997,0.999729260998865
2026-06-17 17:30:00+03:00,3.0,6.604700037313427e-08,4.992762638498407e-06,0.00012930571651300336,0.9998656354747115
2026-06-17 17:35:00+03:00,3.0,6.632908242471188e-08,6.33013891267027e-06,0.0001779262140444582,0.999815677318263
2026-06-17 17:40:00+03:00,3.0,5.9012533580926346e-09,1.0630422244332682e-05,7.38392839630682e-05,0.9999155243925534
2026-06-17 17:45:00+03:00,3.0,9.00136482344328e-11,6.886994174798285e-05,3.281081708284057e-05,0.9998983191510961
2026-06-17 17:50:00+03:00,3.0,8.200467853918103e-10,0.0003534765759363938,0.0005212153459074851,0.9991253072591214
2026-06-17 17:55:00+03:00,3.0,3.9302771420577874e-09,0.01860827608030681,0.004327601237783277,0.9770641187522175
2026-06-18 09:55:00+03:00,1.0,2.763262800323896e-24,0.9977926776446248,1.0354968684951425e-18,0.002207322353897862
2026-06-18 10:00:00+03:00,3.0,1.435704143916975e-26,0.12236441071956754,1.6211351961208134e-19,0.87763558928127
2026-06-18 10:05:00+03:00,3.0,8.537764675593775e-20,0.0012336664452476847,2.111296801233708e-15,0.9987663335561834
2026-06-18 10:10:00+03:00,3.0,7.960877979328364e-20,2.4007381559007855e-05,1.5218439180550151e-15,0.9999759926184736
2026-06-18 10:15:00+03:00,3.0,9.538157565810266e-19,9.13590500743762e-06,1.0027813526867337e-14,0.9999908640946937
2026-06-18 10:20:00+03:00,3.0,6.5204715455786e-18,7.208269393123384e-06,4.0148667440839397e-14,0.9999927917311333
2026-06-18 10:25:00+03:00,3.0,1.9731193926366375e-17,6.55847402184394e-06,1.2135575734924324e-13,0.9999934415242452
2026-06-18 10:30:00+03:00,3.0,2.2490460644858745e-15,4.117782535456208e-06,3.958810317802947e-12,0.9999958822130082
2026-06-18 10:35:00+03:00,3.0,7.281307240069715e-16,5.155438875024918e-06,9.547414194530664e-13,0.9999948445607623
2026-06-18 10:40:00+03:00,3.0,4.447241266909523e-17,8.239634681513324e-06,7.222275288070855e-14,0.9999917603648318
2026-06-18 10:45:00+03:00,3.0,2.1161609614047443e-10,4.007129581168521e-06,1.0571380525692261e-08,0.9999959820860341
2026-06-18 10:50:00+03:00,3.0,5.723216085768767e-07,1.6403614271461027e-05,4.6317213001407665e-06,0.9999783923419088
2026-06-18 10:55:00+03:00,3.0,2.2809030210432236e-06,1.3194046979163147e-05,7.352140666610844e-06,0.9999771729075919
2026-06-18 11:00:00+03:00,3.0,0.00025814726464204197,1.0953280117406931e-05,1.1305792035873849e-05,0.9997195936649628
2026-06-18 11:05:00+03:00,3.0,0.06849354341902307,5.505718992448477e-07,0.0007689918247451322,0.930736914184565
2026-06-18 11:10:00+03:00,0.0,0.900200946486219,4.000032082799697e-08,0.0004910977557980539,0.09930791575678964
2026-06-18 11:15:00+03:00,0.0,0.9881259136122762,2.2175944269543103e-09,5.708858976623e-06,0.011868375312920353
2026-06-18 11:20:00+03:00,0.0,0.9991925507090412,2.8786089662197864e-10,1.5542483065799929e-06,0.000805894755476878
2026-06-18 11:25:00+03:00,0.0,0.9998734340290424,2.217238820942175e-11,1.3077003040297778e-07,0.0001264351801824718
2026-06-18 11:30:00+03:00,0.0,0.9999935184451676,2.35753674778118e-12,4.881579884345923e-08,6.432734871972906e-06
2026-06-18 11:35:00+03:00,0.0,0.9999957769958239,1.4738967896292716e-11,3.9520864928933695e-07,3.827781899563817e-06
2026-06-18 11:40:00+03:00,0.0,0.9999961834364584,6.36025858599723e-13,3.1189380035435056e-07,3.504667786988278e-06
2026-06-18 11:45:00+03:00,0.0,0.9999992790292579,4.1442060850949444e-13,2.6700750224364385e-08,6.942690442957037e-07
2026-06-18 11:50:00+03:00,0.0,0.9999995622712098,9.6408948619225e-16,4.0861076978444414e-10,4.3731955177893696e-07
2026-06-18 11:55:00+03:00,0.0,0.9999999881983969,5.121219061552248e-14,1.1736788980107068e-10,1.1684464139695648e-08
2026-06-18 12:00:00+03:00,0.0,0.999999689665904,1.1099814608179353e-14,1.5494722102762079e-10,3.1017932313871813e-07
2026-06-18 12:05:00+03:00,0.0,0.999999711217284,1.3256892967288787e-14,8.994472922119944e-11,2.886929816862536e-07
2026-06-18 12:10:00+03:00,0.0,0.9999996916777056,2.697314085843339e-15,5.610347867437893e-10,3.0775955678915193e-07
2026-06-18 12:15:00+03:00,0.0,0.9999999610336098,8.898148965303434e-15,1.990343547380447e-10,3.876815554508243e-08
2026-06-18 12:20:00+03:00,0.0,0.9999999227402471,8.348453128704592e-17,5.6850810650875515e-12,7.725555268465696e-08
2026-06-18 12:25:00+03:00,0.0,0.9999999966457835,1.8675512132921402e-14,7.228825982033522e-12,3.3477155241863433e-09
2026-06-18 12:30:00+03:00,0.0,0.9999998507119128,7.84204748954203e-15,9.781881887491159e-11,1.4919180422167118e-07
2026-06-18 12:35:00+03:00,0.0,0.9999998901221321,8.860616778930098e-16,1.4723668373431975e-12,1.0987598559762596e-07
2026-06-18 12:40:00+03:00,0.0,0.9999999570354712,5.561436615714021e-16,1.6100118146652688e-11,4.294871552625254e-08
2026-06-18 12:45:00+03:00,0.0,0.9999999910542101,2.6144809845209434e-15,1.3225599193318358e-13,8.947105657431876e-09
2026-06-18 12:50:00+03:00,0.0,0.9999998774546914,9.616611005497516e-16,2.7920679807347146e-12,1.225409292050835e-07
2026-06-18 12:55:00+03:00,0.0,0.9999999617903094,9.458891008258659e-17,2.1849002452619497e-12,3.820631055108605e-08
2026-06-18 13:00:00+03:00,0.0,0.9999999963220034,2.070087750251872e-15,1.9074974745161643e-13,3.6777832808930033e-09
2026-06-18 13:05:00+03:00,0.0,0.9999999400133692,1.892078206662419e-15,2.595502266789525e-13,5.99862252309334e-08
2026-06-18 13:10:00+03:00,0.0,0.9999998685343685,1.9831433358985255e-15,4.8581661660084945e-12,1.3145932825729458e-07
2026-06-18 13:15:00+03:00,0.0,0.9999999669998948,1.5100251225464782e-16,9.502907401044534e-16,3.3001464920145696e-08
2026-06-18 13:20:00+03:00,0.0,0.9999999683859646,5.60668216312797e-16,1.391078156222937e-15,3.16140185391367e-08
2026-06-18 13:25:00+03:00,0.0,0.9999999286992559,1.036332256804203e-15,3.193728013926549e-14,7.129972556726258e-08
2026-06-18 13:30:00+03:00,0.0,0.9999999366737049,7.296886009359647e-14,4.358503900711908e-12,6.332014374376035e-08
2026-06-18 13:35:00+03:00,0.0,0.9999993066014797,8.836225877383288e-13,5.183467151675061e-09,6.882159596853364e-07
2026-06-18 13:40:00+03:00,0.0,0.9999993567182424,5.228810400043173e-13,4.151247993623802e-08,6.017693182447246e-07
2026-06-18 13:45:00+03:00,0.0,0.9999996977531284,4.287310171812554e-13,3.795447071876392e-09,2.9844991952889177e-07
2026-06-18 13:50:00+03:00,0.0,0.9999993365092833,6.039830268016587e-13,4.180049065917769e-08,6.21689031610103e-07
2026-06-18 13:55:00+03:00,0.0,0.9999995227809679,3.937341343641301e-13,1.4237303976492546e-08,4.6297979188026297e-07
2026-06-18 14:00:00+03:00,0.0,0.9999991104381798,1.939208287791434e-12,1.352781576730161e-07,7.542808553672424e-07
2026-06-18 14:05:00+03:00,0.0,0.9999962863763191,1.0274649304024955e-11,2.3503063564826677e-06,1.3633057469805931e-06
2026-06-18 14:10:00+03:00,0.0,0.9999977398099948,9.521441838405219e-13,3.5106676738520973e-07,1.909122668980076e-06
2026-06-18 14:15:00+03:00,0.0,0.9999988870592287,1.6628676900871742e-12,6.743307782130952e-07,4.3860955849401134e-07
2026-06-18 14:20:00+03:00,0.0,0.9999942268426122,3.34664921546713e-13,4.010853294154572e-06,1.762302388982037e-06
2026-06-18 14:25:00+03:00,0.0,0.999999314859686,8.032562396108244e-13,5.51533830544979e-07,1.3360711398561283e-07
2026-06-18 14:30:00+03:00,0.0,0.9999988654969526,5.133293447345571e-12,7.208312864150676e-07,4.1366808601496825e-07
2026-06-18 14:35:00+03:00,0.0,0.9999723149461487,4.025826225152771e-11,2.2463271765734877e-05,5.221740387271937e-06
2026-06-18 14:40:00+03:00,0.0,0.9999959124335741,1.7521678344880332e-12,9.487249555049344e-07,3.1388382610678174e-06
2026-06-18 14:45:00+03:00,0.0,0.9999975252825305,4.1436301707994515e-12,1.8700765656673484e-06,6.046384036030667e-07
2026-06-18 14:50:00+03:00,0.0,0.99999823205664,7.755101793700103e-12,3.598655270879622e-07,1.4080699167112367e-06
2026-06-18 14:55:00+03:00,0.0,0.9999924222643751,2.3271226553207066e-11,2.184745531570413e-08,7.555864794787021e-06
2026-06-18 15:00:00+03:00,0.0,0.9999919241016463,1.1811468696086317e-11,6.250420525390905e-07,7.450843216981896e-06
2026-06-18 15:05:00+03:00,0.0,0.999994475489783,1.2633473498460424e-11,1.151276267904558e-06,4.373220092361519e-06
2026-06-18 15:10:00+03:00,0.0,0.9999938020420075,3.734753765093287e-12,4.352223198283743e-08,6.154432082150383e-06
2026-06-18 15:15:00+03:00,0.0,0.9999971722867448,1.2651954422747748e-12,7.620778843352207e-09,2.82008959322478e-06
2026-06-18 15:20:00+03:00,0.0,0.9999961059114288,3.618370809475258e-13,1.856532356869586e-08,3.875523993603234e-06
2026-06-18 15:25:00+03:00,0.0,0.9999993983912636,2.838244824479061e-13,1.2009293777807862e-08,5.89599567486462e-07
2026-06-18 15:30:00+03:00,0.0,0.9999990473265815,2.7904567684357307e-13,1.979617937744486e-09,9.506923831382285e-07
2026-06-18 15:35:00+03:00,0.0,0.9999982029383094,9.539133054801144e-13,9.847971770629879e-08,1.6985800347232485e-06
2026-06-18 15:40:00+03:00,0.0,0.9999983048706597,9.840554029955362e-14,4.293559965990559e-08,1.6521918904998422e-06
2026-06-18 15:45:00+03:00,0.0,0.9999996861661695,7.439113409479168e-12,1.8834428592434675e-08,2.949904287695414e-07
2026-06-18 15:50:00+03:00,0.0,0.9999846643889154,1.509114160551053e-09,3.6182988938646283e-10,1.5333740592617072e-05
2026-06-18 15:55:00+03:00,0.0,0.9985731493172791,5.983459903234148e-07,1.871550626215557e-07,0.0014260651820582064
2026-06-18 16:00:00+03:00,3.0,3.7984845784178533e-07,0.007394910113991282,1.0989542390924823e-12,0.9926047100359172
2026-06-18 16:05:00+03:00,3.0,9.439570150630219e-07,8.934320958435208e-06,1.1451823006701715e-09,0.9999901205752924
2026-06-18 16:10:00+03:00,3.0,9.554001924002413e-08,4.175588535169634e-07,2.0348013602802876e-09,0.9999994848659716
2026-06-18 16:15:00+03:00,3.0,1.8291220519174663e-07,3.618683702321485e-07,1.8659109827409275e-09,0.9999994533538159
2026-06-18 16:20:00+03:00,3.0,1.886264338654196e-07,2.602432973852589e-07,7.625412411707496e-10,0.9999995503677483
2026-06-18 16:25:00+03:00,3.0,5.423479558323078e-07,3.1015692167468045e-07,1.8723336894222412e-09,0.9999991456210421
2026-06-18 16:30:00+03:00,3.0,2.5855668504290026e-07,2.075097954390291e-06,1.1288677047198396e-06,0.9999965374759914
2026-06-18 16:35:00+03:00,3.0,9.745612083645927e-08,1.5224568872992341e-06,3.63013025166423e-07,0.9999980170743235
2026-06-18 16:40:00+03:00,3.0,2.9591896058499574e-08,2.6687757326239823e-06,4.55931359877787e-06,0.9999927423204625
2026-06-18 16:45:00+03:00,3.0,0.00013886203743188586,6.74148724555027e-07,0.002255706426746027,0.9976047573887129
2026-06-18 16:50:00+03:00,2.0,0.3834354944702325,7.64136398972458e-07,0.48002517098163505,0.1365385704132221
2026-06-18 16:55:00+03:00,2.0,0.4494171281869562,1.3326452563026525e-07,0.5114385233350138,0.03914421521487405
2026-06-18 17:00:00+03:00,0.0,0.5484116844552135,1.8526269579106036e-08,0.4475161025047126,0.004072194513972106
2026-06-18 17:05:00+03:00,0.0,0.7017929573078694,2.5490564555582294e-09,0.2979336420932491,0.0002733980483004858
2026-06-18 17:10:00+03:00,0.0,0.9450989934033829,1.1288500455522597e-10,0.05485570011592051,4.530636945204402e-05
2026-06-18 17:15:00+03:00,0.0,0.9986261276656957,2.013415427218811e-10,0.0013720301864776395,1.8419455205650775e-06
2026-06-18 17:20:00+03:00,0.0,0.9999805289557362,1.6853062547348884e-11,1.5343861450343658e-05,4.127167407342746e-06
2026-06-18 17:25:00+03:00,0.0,0.9999949264075908,1.9519813821921774e-12,2.109976387312522e-06,2.963615791534691e-06
2026-06-18 17:30:00+03:00,0.0,0.9999937619117129,6.233889821199025e-12,5.4669583426930485e-06,7.711230808663871e-07
2026-06-18 17:35:00+03:00,0.0,0.9999922851208988,5.360779345374148e-12,5.7416611892614724e-06,1.9732135704676527e-06
2026-06-18 17:40:00+03:00,0.0,0.9999923871035771,8.293283507092434e-12,4.617024042643189e-06,2.995865210214873e-06
2026-06-18 17:45:00+03:00,0.0,0.9999787189708315,1.0621045247332982e-10,1.919347296448179e-05,2.0874489125429635e-06
2026-06-18 17:50:00+03:00,0.0,0.999758614086991,8.638136242268396e-08,0.00022589464546406826,1.5404885299117696e-05
2026-06-18 17:55:00+03:00,0.0,0.9834101649432866,0.0004906248220746065,0.01452711155747165,0.001572098677006544
2026-06-19 09:55:00+03:00,1.0,4.087444172158199e-83,1.0,1.96049528915904e-64,1.433680715215763e-17
2026-06-19 10:00:00+03:00,1.0,2.18457692214619e-68,0.9999992021515481,3.71106164831533e-41,7.97849177755915e-07
2026-06-19 10:05:00+03:00,1.0,2.3817190840432276e-79,0.9999999997344275,1.7805980824927313e-60,2.658703628002686e-10
2026-06-19 10:10:00+03:00,1.0,1.4757359038083612e-71,0.9999999463689179,1.6160831652647081e-50,5.363050997735611e-08
2026-06-19 10:15:00+03:00,1.0,3.0810981290798597e-74,0.999999992622179,5.2075087153479564e-54,7.376651032414889e-09
2026-06-19 10:20:00+03:00,1.0,3.9247775915509346e-75,0.9999999909159669,2.705535666673322e-54,9.084354887409679e-09
2026-06-19 10:25:00+03:00,1.0,1.0513595239721107e-73,0.9999999867359294,3.555564597334935e-53,1.326327529363164e-08
2026-06-19 10:30:00+03:00,1.0,2.75019147588571e-76,0.9999999951323844,7.595871069335444e-56,4.86698899280354e-09
2026-06-19 10:35:00+03:00,1.0,5.610190278392877e-75,0.9999999901774572,2.617799932271581e-54,9.820877937536918e-09
2026-06-19 10:40:00+03:00,1.0,2.0801759065850177e-80,0.9999999892752386,1.6319263833096693e-59,1.072578398683658e-08
2026-06-19 10:45:00+03:00,1.0,1.6007183926982804e-47,0.9850256579826036,2.8100345380823246e-32,0.01497434201782935
2026-06-19 10:50:00+03:00,3.0,1.9964184275277265e-32,0.47962078609668113,4.172162090605312e-24,0.5203792139049066
2026-06-19 10:55:00+03:00,3.0,9.865695585537896e-23,0.06250139439389832,3.026219217517185e-17,0.9374986056077229
2026-06-19 11:00:00+03:00,3.0,8.864797277182846e-24,0.011137728489809956,1.9608725028156707e-18,0.9888622715108535
2026-06-19 11:05:00+03:00,3.0,7.050505657793095e-16,0.00012952206379783176,5.1766177265557394e-12,0.9998704779313643
2026-06-19 11:10:00+03:00,3.0,4.197669491171805e-14,6.978672043607552e-06,1.2074605967806836e-10,0.9999930212059327
2026-06-19 11:15:00+03:00,3.0,2.868094908715579e-10,4.694632419600538e-06,1.8358295630654314e-07,0.9999951214968715
2026-06-19 11:20:00+03:00,3.0,2.905928105522005e-10,3.6043735244873517e-06,6.407852558653777e-07,0.9999957545495897
2026-06-19 11:25:00+03:00,3.0,1.6832205681657266e-08,3.579242704832794e-06,0.0002596365834363323,0.999736767342305
2026-06-19 11:30:00+03:00,3.0,7.413101668679304e-06,1.2799985242275774e-06,0.025739091374443086,0.9742522155254475
2026-06-19 11:35:00+03:00,2.0,0.001853882726943799,6.071159426457665e-07,0.8494363924415029,0.14870911771384596
2026-06-19 11:40:00+03:00,2.0,0.00021701159249336738,1.005904485881125e-07,0.9893500859744147,0.010432801843138259
2026-06-19 11:45:00+03:00,2.0,7.68688735146694e-05,1.324353761696794e-08,0.9996253560438672,0.0002977618405612792
2026-06-19 11:50:00+03:00,2.0,0.0002219416155768242,6.235211882784334e-09,0.9997621573239892,1.589482604444364e-05
2026-06-19 11:55:00+03:00,2.0,0.0005699125752258885,6.732249574295734e-09,0.9994141236838932,1.595700962335842e-05
2026-06-19 12:00:00+03:00,2.0,0.00032098645087700494,2.1482392976523102e-08,0.9996562024446143,2.278962100317888e-05
2026-06-19 12:05:00+03:00,2.0,0.0006090669549479786,1.0564874431997685e-06,0.9989358481689204,0.0004540283886550819
2026-06-19 12:10:00+03:00,2.0,1.6629216903177067e-06,2.3270359730646068e-05,0.9908329706568906,0.009142096062160864
2026-06-19 12:15:00+03:00,2.0,1.4888319625612676e-05,4.6239998591629225e-07,0.9911495622233415,0.008835087058457064
2026-06-19 12:20:00+03:00,2.0,2.418820714331048e-05,4.6572799942891294e-07,0.9999327309777285,4.261508827285354e-05
2026-06-19 12:25:00+03:00,2.0,3.7434407364796354e-06,2.197813060452349e-08,0.9998968175545472,9.941702520993283e-05
2026-06-19 12:30:00+03:00,2.0,5.1264546584689145e-06,1.3308998911949168e-08,0.999949130002899,4.573023184695747e-05
2026-06-19 12:35:00+03:00,2.0,5.4889451846089715e-06,1.8197500477191093e-08,0.9999702265843954,2.4266274590638867e-05
2026-06-19 12:40:00+03:00,2.0,2.8413409118526793e-06,3.3879922606041894e-08,0.9999626899237247,3.4434855201148256e-05
2026-06-19 12:45:00+03:00,2.0,2.5941351744951336e-05,2.490197651800175e-07,0.9996509687956588,0.00032284083137165155
2026-06-19 12:50:00+03:00,2.0,0.0001499890044123822,1.3713151505007646e-07,0.9994419089287323,0.00040796493386196635
2026-06-19 12:55:00+03:00,2.0,0.0003257167090026614,5.066800339406455e-08,0.999240220433078,0.00043401219159173874
2026-06-19 13:00:00+03:00,2.0,0.00010384104848642955,6.1475237711679665e-09,0.99988129950231,1.4853301123947393e-05
2026-06-19 13:05:00+03:00,2.0,0.00015132156885208018,2.781742913464673e-09,0.9998468984409917,1.7772066911758368e-06
2026-06-19 13:10:00+03:00,2.0,0.0002463259416442297,3.979456052544474e-09,0.999751948616712,1.7214613880240761e-06
2026-06-19 13:15:00+03:00,2.0,0.0005504443672994729,5.31836461464184e-09,0.9994447542588121,4.796056932805074e-06
2026-06-19 13:20:00+03:00,2.0,0.0005974147698450875,7.960488253043355e-09,0.9994012051761751,1.3720952345751422e-06
2026-06-19 13:25:00+03:00,2.0,0.000592336033988788,8.068962172210585e-09,0.9994036958189011,3.960076768229942e-06
2026-06-19 13:30:00+03:00,2.0,0.00013253065345867788,4.388035204013906e-09,0.9998661018010373,1.3631591957853633e-06
2026-06-19 13:35:00+03:00,2.0,0.00010027368052548409,5.592354711106964e-09,0.9998979659138715,1.7548124620270208e-06
2026-06-19 13:40:00+03:00,2.0,9.265137824368315e-05,3.079034615282521e-09,0.9999055715837407,1.7739588064614817e-06
2026-06-19 13:45:00+03:00,2.0,9.50838536031686e-05,3.237033970015063e-09,0.9999035747676882,1.338141547516836e-06
2026-06-19 13:50:00+03:00,2.0,0.0007311809585598531,1.0026325884045224e-08,0.9992617677319164,7.041283619557148e-06
2026-06-19 13:55:00+03:00,2.0,0.0019059368762976282,3.347491118017858e-09,0.9980916164839264,2.4432930078091093e-06
2026-06-19 14:00:00+03:00,2.0,0.006769546336829047,4.414234246986902e-09,0.9932290627353623,1.3865139971149951e-06
2026-06-19 14:05:00+03:00,2.0,0.01960664318866328,4.026910115066353e-09,0.9803896747056391,3.6780773002618766e-06
2026-06-19 14:10:00+03:00,2.0,0.05516765080595942,4.8979296766957465e-09,0.9448200315086455,1.2312786116618271e-05
2026-06-19 14:15:00+03:00,2.0,0.14242222528538456,4.946577464021826e-09,0.857550978125894,2.67916439298377e-05
2026-06-19 14:20:00+03:00,2.0,0.35691148695362757,4.843279395726163e-09,0.6430296912647597,5.881693942951648e-05
2026-06-19 14:25:00+03:00,0.0,0.5837722142181617,1.8012096187344517e-09,0.4161888054553941,3.897852352676314e-05
2026-06-19 14:30:00+03:00,0.0,0.7708116524525561,6.1712140295405154e-09,0.22918714929794118,1.19207697599064e-06
2026-06-19 14:35:00+03:00,0.0,0.8517707691805035,7.2013206497456344e-09,0.14822814682820465,1.0767911011449058e-06
2026-06-19 14:40:00+03:00,0.0,0.8890517059654846,1.1427819768371544e-09,0.11093044930201153,1.7843590608035905e-05
2026-06-19 14:45:00+03:00,0.0,0.9944912668847338,1.8246188582934494e-10,0.005499219432071885,9.513500875701878e-06
2026-06-19 14:50:00+03:00,0.0,0.9998439203426804,7.526409019075155e-11,0.00015565662495829584,4.229572899359674e-07
2026-06-19 14:55:00+03:00,0.0,0.9999793831572599,1.1476210724466031e-08,1.579979531165643e-05,4.805569533109449e-06
2026-06-19 15:00:00+03:00,0.0,0.9975558036597613,3.6117266332812184e-06,6.109191102943555e-05,0.0023794927041032978
2026-06-19 15:05:00+03:00,3.0,2.9338694554052546e-05,0.000578414509339944,9.311267437191838e-10,0.9993922458660706
2026-06-19 15:10:00+03:00,3.0,1.0178273564195409e-11,5.150612956737242e-05,9.391501635608931e-10,0.9999484929199215
2026-06-19 15:15:00+03:00,3.0,6.010375276733035e-09,3.815530465397129e-06,3.080257875209372e-08,0.999996147657074
2026-06-19 15:20:00+03:00,3.0,4.129657886784163e-10,2.8316047783727664e-06,5.961146338588272e-10,0.9999971673864012
2026-06-19 15:25:00+03:00,3.0,1.644800149754333e-09,2.433485624740917e-06,4.898008301385685e-09,0.9999975599705732
2026-06-19 15:30:00+03:00,3.0,5.663129814813762e-09,1.8037309696314993e-06,7.654270086024696e-09,0.99999818295129
2026-06-19 15:35:00+03:00,3.0,5.546725394656066e-11,4.310648562149834e-06,2.800313277674213e-09,0.9999956864942114
2026-06-19 15:40:00+03:00,3.0,6.865051048401389e-11,3.17990356150402e-05,2.0953881059551263e-09,0.9999681988010605
2026-06-19 15:45:00+03:00,3.0,3.4310248492585514e-15,0.014624570346836513,1.2104365985679133e-10,0.9853754295334541
2026-06-19 15:50:00+03:00,1.0,2.6339750797006156e-112,1.0,1.7966931208842203e-92,6.031924108535167e-16
2026-06-19 15:55:00+03:00,1.0,1.228882763603803e-108,1.0,1.2085162212732914e-75,5.229323162181109e-14
2026-06-19 16:00:00+03:00,1.0,1.941336145635535e-92,0.9999999999563443,3.466239563289636e-64,4.3090514005903054e-11
2026-06-19 16:05:00+03:00,1.0,1.0925256666939332e-92,0.9999999999781721,3.1470230144174325e-66,2.1949742350159504e-11
2026-06-19 16:10:00+03:00,1.0,2.1808691358672406e-93,0.9999999999818101,4.188316071012171e-66,1.8052816829054023e-11
2026-06-19 16:15:00+03:00,1.0,5.888465886058942e-92,0.9999999999636202,2.6329727726744246e-64,3.663691658752767e-11
2026-06-19 16:20:00+03:00,1.0,7.943616157814376e-92,0.9999999999672582,7.725948846249922e-64,3.416155182927518e-11
2026-06-19 16:25:00+03:00,1.0,2.038755884742336e-90,0.9999999999781721,8.39429045103393e-63,2.0252428082219395e-11
2026-06-19 16:30:00+03:00,1.0,3.2779711209909235e-91,0.9999999999527063,7.25158949626168e-63,4.6469481007308787e-11
2026-06-19 16:35:00+03:00,1.0,4.2518788759468675e-86,0.9999999625615608,8.554623806588612e-60,3.743680518515818e-08
2026-06-19 16:40:00+03:00,1.0,1.5508036579790653e-31,0.6713951307640369,7.358339385731725e-17,0.3286048692345906
2026-06-19 16:45:00+03:00,1.0,8.64356313355619e-18,0.6134727567120779,5.480210805032213e-11,0.3865272432339064
2026-06-19 16:50:00+03:00,1.0,3.7118236407959175e-17,0.5273701016654007,3.494524482989311e-11,0.47262989829929836
2026-06-19 16:55:00+03:00,3.0,1.36647815961993e-20,0.41258022723045884,1.5723842981638835e-12,0.5874197727667793
2026-06-19 17:00:00+03:00,3.0,1.2824155340469348e-13,0.03935654882415904,1.4733820793513146e-06,0.9606419777930196
2026-06-19 17:05:00+03:00,3.0,6.070660677492758e-08,0.00038893210572984836,0.10741044668112198,0.8922005605055192
2026-06-19 17:10:00+03:00,2.0,2.5882995115500677e-06,1.7537444540336392e-06,0.7904201139997541,0.20957554395491693
2026-06-19 17:15:00+03:00,2.0,1.26592508700939e-06,3.3670989635112517e-07,0.9948979718953932,0.0051004254697767735
2026-06-19 17:20:00+03:00,2.0,3.7795096546407335e-08,3.64977287469134e-08,0.999715180712679,0.0002847449948749079
2026-06-19 17:25:00+03:00,2.0,1.1283471796979514e-08,3.1449051033983067e-08,0.9999639942732095,3.596299390534079e-05
2026-06-19 17:30:00+03:00,2.0,3.696155852350457e-08,2.4622126354108576e-08,0.9999549021068905,4.503630904725843e-05
2026-06-19 17:35:00+03:00,2.0,2.740403940347583e-08,3.750052751458513e-06,0.9999271939870965,6.902855531736597e-05
2026-06-19 17:40:00+03:00,2.0,6.937410223060233e-12,0.000611418773019005,0.9866183566295168,0.012770224590081678
2026-06-19 17:45:00+03:00,2.0,8.595698269550279e-11,3.351453427206881e-05,0.9957522948378208,0.004214190540190941
2026-06-19 17:50:00+03:00,2.0,1.6999504965677409e-09,0.00019863762989634146,0.9953438506073481,0.004457510061997918
2026-06-19 17:55:00+03:00,2.0,1.3688137690615425e-09,0.011555256587890604,0.9816776778633656,0.006767064181047682
2026-06-22 09:55:00+03:00,1.0,2.8724576360150655e-11,0.9981380239549134,7.275836524899713e-05,0.001789217651568455
2026-06-22 10:00:00+03:00,3.0,2.244496364786537e-22,0.16890565247767506,1.4517698283612697e-11,0.8310943475095788
2026-06-22 10:05:00+03:00,3.0,3.666926871550732e-16,0.0032869809164726904,1.165454691294754e-08,0.9967130074273138
2026-06-22 10:10:00+03:00,3.0,9.17306429033634e-17,0.00011297555379027482,9.56560650006385e-09,0.9998870148797433
2026-06-22 10:15:00+03:00,3.0,2.0464663136655641e-16,2.5511624886814423e-05,3.0352071983098114e-09,0.9999744853393131
2026-06-22 10:20:00+03:00,3.0,5.370247665231364e-16,1.961013610517692e-05,7.56427503972318e-09,0.9999803823007629
2026-06-22 10:25:00+03:00,3.0,1.2979830536699741e-14,2.042564728405466e-05,1.8024708973575798e-07,0.9999793941073504
2026-06-22 10:30:00+03:00,3.0,3.2851227668452497e-15,2.6758674036200112e-05,1.3754724459712026e-07,0.9999731037803068
2026-06-22 10:35:00+03:00,3.0,1.1343490526988643e-13,2.6691638725254994e-05,2.6844346185234148e-06,0.999970623927241
2026-06-22 10:40:00+03:00,3.0,1.1041932139240912e-12,1.3982780032387519e-05,0.0012056020318158458,0.9987804151871017
2026-06-22 10:45:00+03:00,2.0,1.4712354677264868e-08,3.380041828815697e-06,0.6479300241217733,0.3520665811234302
2026-06-22 10:50:00+03:00,2.0,2.73023798456772e-08,2.350495886922556e-07,0.997230938839877,0.002768798807385715
2026-06-22 10:55:00+03:00,2.0,1.2218540343997365e-10,9.553901186151883e-08,0.9999497549615082,5.014937770025331e-05
2026-06-22 11:00:00+03:00,2.0,2.0690097110998023e-12,1.1344110309635778e-06,0.9998918349487486,0.00010703063816552049
2026-06-22 11:05:00+03:00,2.0,5.864570029063997e-12,5.835374371326727e-08,0.9999955704650225,4.371176229023227e-06
2026-06-22 11:10:00+03:00,2.0,1.5502904598781742e-11,1.8801555385801477e-08,0.9999989477552014,1.033426854001394e-06
2026-06-22 11:15:00+03:00,2.0,1.1154514786027382e-12,9.187958937072805e-08,0.9999976336940366,2.2744270774053307e-06
2026-06-22 11:20:00+03:00,2.0,1.5928200047896537e-12,3.9197932700879036e-08,0.9999991008448382,8.59957447721759e-07
2026-06-22 11:25:00+03:00,2.0,4.847038718121067e-12,2.8355370520788854e-08,0.9999991719490726,7.996904800762728e-07
2026-06-22 11:30:00+03:00,2.0,1.5026393314900913e-11,2.0144953765839794e-08,0.9999995260551473,4.53786690850916e-07
2026-06-22 11:35:00+03:00,2.0,4.564717369774093e-11,1.1802800820330785e-08,0.9999994622268413,5.259252186567914e-07
2026-06-22 11:40:00+03:00,2.0,1.1931353024476966e-11,1.6986470386678493e-08,0.9999994364408618,5.465617325004154e-07
2026-06-22 11:45:00+03:00,2.0,1.428706399799689e-10,2.2885379706574216e-08,0.9999993129533864,6.640191412344737e-07
2026-06-22 11:50:00+03:00,2.0,1.7165342091856658e-10,6.741196261546307e-09,0.9999997294617426,2.63625371229631e-07
2026-06-22 11:55:00+03:00,2.0,4.829875876909624e-09,3.484713607787634e-08,0.9999966591877963,3.301136985339941e-06
2026-06-22 12:00:00+03:00,2.0,2.9593919816194286e-10,1.2648963347926058e-08,0.9999985153565029,1.4716975176545572e-06
2026-06-22 12:05:00+03:00,2.0,1.0542884944447498e-08,3.3547490629644396e-08,0.9999906035996351,9.352308794536226e-06
2026-06-22 12:10:00+03:00,2.0,3.5696552354912115e-09,7.32607580021371e-09,0.9999988651331551,1.1239725290015648e-06
2026-06-22 12:15:00+03:00,2.0,4.171016583431614e-09,4.7879596637827456e-09,0.9999991157096064,8.753301668631803e-07
2026-06-22 12:20:00+03:00,2.0,1.0311078277224347e-09,6.275320638099187e-09,0.9999983935535226,1.5991402515429734e-06
2026-06-22 12:25:00+03:00,2.0,6.328020322416812e-09,2.0418229027632688e-08,0.9999997871418826,1.8611050544712698e-07
2026-06-22 12:30:00+03:00,2.0,5.796230181151312e-09,7.745560024719622e-09,0.9999996409970398,3.454602994962659e-07
2026-06-22 12:35:00+03:00,2.0,2.633370548721565e-10,1.6381396348761654e-08,0.9999980725315639,1.910822273884347e-06
2026-06-22 12:40:00+03:00,2.0,3.4164997123843545e-10,7.949992961738228e-09,0.999998813615797,1.1780932197528192e-06
2026-06-22 12:45:00+03:00,2.0,1.2390110123200518e-10,7.663937831538369e-09,0.9999994389474278,5.532635588237815e-07
2026-06-22 12:50:00+03:00,2.0,4.1145736301748135e-11,1.0217730891220306e-08,0.999999367282926,6.224565354633509e-07
2026-06-22 12:55:00+03:00,2.0,6.456393819151008e-11,2.128833387430269e-08,0.9999998445855575,1.3406100978766936e-07
2026-06-22 13:00:00+03:00,2.0,6.014839498011381e-11,1.7312770512902084e-08,0.9999997600134808,2.2261224280614972e-07
2026-06-22 13:05:00+03:00,2.0,5.958900451908718e-11,1.6647515697432214e-08,0.9999997740560758,2.092359794987711e-07
2026-06-22 13:10:00+03:00,2.0,6.403192448746191e-11,2.172475953649184e-08,0.9999998658604544,1.1234940554101724e-07
2026-06-22 13:15:00+03:00,2.0,7.907558041833522e-11,9.071112056901524e-08,0.9999998948806079,1.4328237314900614e-08
2026-06-22 13:20:00+03:00,2.0,7.687667458361703e-11,1.0032889446906266e-07,0.9999998864223081,1.3173437359467993e-08
2026-06-22 13:25:00+03:00,2.0,4.170979445030086e-12,1.831435030606969e-07,0.9999994782303017,3.386232874655762e-07
2026-06-22 13:30:00+03:00,2.0,5.576175045937239e-12,8.642910864999509e-08,0.9999997358027379,1.7776372091625814e-07
2026-06-22 13:35:00+03:00,2.0,5.5737249930554874e-12,9.324596587604382e-08,0.9999997300074392,1.767393774204461e-07
2026-06-22 13:40:00+03:00,2.0,5.474242363935662e-11,4.498941310164441e-08,0.9999996258485015,3.291073618498186e-07
2026-06-22 13:45:00+03:00,2.0,5.5222523989268353e-11,1.745240138910587e-08,0.9999998448038361,1.3769033051353013e-07
2026-06-22 13:50:00+03:00,2.0,1.4675241647984784e-11,2.9531512139460874e-08,0.9999997865525302,1.8390118296564212e-07
2026-06-22 13:55:00+03:00,2.0,1.844222881107351e-11,4.58247936204409e-08,0.9999999043939215,4.976156555417743e-08
2026-06-22 14:00:00+03:00,2.0,5.131579679431658e-11,3.741080056414826e-08,0.9999997937448128,1.6879226512674525e-07
2026-06-22 14:05:00+03:00,2.0,1.9394392627835347e-10,3.6159234391727726e-08,0.9999998425737555,1.2107466937839096e-07
2026-06-22 14:10:00+03:00,2.0,4.811554458651164e-11,2.6604313198590172e-08,0.9999998726198182,1.0072772324204611e-07
2026-06-22 14:15:00+03:00,2.0,1.4416151649178082e-11,4.491072276683603e-08,0.9999998421262841,1.1294944810064414e-07
2026-06-22 14:20:00+03:00,2.0,1.5063346609257438e-11,3.764031801130979e-08,0.9999998254170502,1.3692677096902682e-07
2026-06-22 14:25:00+03:00,2.0,5.237337648821868e-11,3.55463711622795e-08,0.9999997966842991,1.6771588373948556e-07
2026-06-22 14:30:00+03:00,2.0,5.2547106565115705e-11,4.9498812472066865e-08,0.9999998472885753,1.0316020729348292e-07
2026-06-22 14:35:00+03:00,2.0,2.716687273984311e-06,6.8151759722332e-09,0.9999971785149468,9.798333272436483e-08
2026-06-22 14:40:00+03:00,2.0,1.6853177391067977e-05,7.564535982301107e-09,0.9999829660369112,1.7322219406788504e-07
2026-06-22 14:45:00+03:00,2.0,3.722808573695691e-05,5.790361829456287e-09,0.9999625619589649,2.0416633780234096e-07
2026-06-22 14:50:00+03:00,2.0,2.94893676503379e-05,7.236624353857455e-09,0.9999699402112713,5.631852610718608e-07
2026-06-22 14:55:00+03:00,2.0,4.439483693331323e-05,4.448826085489763e-09,0.9999552957148853,3.0499761477085384e-07
2026-06-22 15:00:00+03:00,2.0,2.796918861865145e-05,1.2005356398364153e-08,0.9999715331082468,4.856994124271684e-07
2026-06-22 15:05:00+03:00,2.0,4.198863870627379e-05,2.7575287310796684e-09,0.9999574579078331,5.506970501145893e-07
2026-06-22 15:10:00+03:00,2.0,5.805704838139878e-05,4.37710176577655e-09,0.9999406227455692,1.3158280566433201e-06
2026-06-22 15:15:00+03:00,2.0,6.43445753870362e-05,1.2078721891338699e-09,0.9999351529621883,5.012534793998129e-07
2026-06-22 15:20:00+03:00,2.0,5.205432283815036e-05,1.6471796169006616e-09,0.9999474921458121,4.5188463184567474e-07
2026-06-22 15:25:00+03:00,2.0,5.94942889683037e-05,5.619080888735089e-09,0.9999404688209239,3.127026486176303e-08
2026-06-22 15:30:00+03:00,2.0,9.13992746891234e-06,1.8629585521192596e-08,0.9999855897423557,5.251702244618159e-06
2026-06-22 15:35:00+03:00,2.0,1.4078166058315991e-05,1.7843006330246623e-09,0.9999843618410935,1.5582097935769754e-06
2026-06-22 15:40:00+03:00,2.0,1.8915662491299874e-05,1.7373023176652411e-09,0.9999794671928413,1.6154086992990847e-06
2026-06-22 15:45:00+03:00,2.0,1.9541515139334067e-05,1.2519942744306097e-09,0.9999792634047496,1.1938268089619448e-06
2026-06-22 15:50:00+03:00,2.0,2.1743946623550093e-05,1.2497345604154943e-09,0.9999775040216433,7.50780477267418e-07
2026-06-22 15:55:00+03:00,2.0,1.6618527715157135e-05,1.921581020575276e-09,0.999982459489861,9.200624060020286e-07
2026-06-22 16:00:00+03:00,2.0,2.204247603287223e-05,2.2943622169214313e-09,0.9999773594443524,5.957851355256513e-07
2026-06-22 16:05:00+03:00,2.0,1.0035361760717383e-06,1.6113907095525368e-07,0.999970001854971,2.8833471051513127e-05
2026-06-22 16:10:00+03:00,2.0,3.0701667744421586e-06,3.7047631329884915e-09,0.9999938655025185,3.060624379031932e-06
2026-06-22 16:15:00+03:00,2.0,4.604820566062184e-06,3.960407345973319e-09,0.9999943191412438,1.0720780702968301e-06
2026-06-22 16:20:00+03:00,2.0,5.0013420511392624e-06,1.8185404951275929e-09,0.999994185460843,8.113786631549965e-07
2026-06-22 16:25:00+03:00,2.0,9.68126761185358e-06,2.0555947782114107e-08,0.9999786979874165,1.1600187330437845e-05
2026-06-22 16:30:00+03:00,2.0,8.013834984894482e-06,2.628794488564345e-09,0.9999907291414739,1.2543960503600403e-06
2026-06-22 16:35:00+03:00,2.0,8.569418120083158e-06,1.7105230231935278e-09,0.9999888919263271,2.536946106706142e-06
2026-06-22 16:40:00+03:00,2.0,2.050913717887596e-05,8.172240743372278e-09,0.9999666980090344,1.2784680967797523e-05
2026-06-22 16:45:00+03:00,2.0,3.454584358535611e-05,1.0092760687093725e-08,0.9999429049023,2.253915963941089e-05
2026-06-22 16:50:00+03:00,2.0,4.4952185180984465e-05,3.1325114605730367e-09,0.9999460625289749,8.982152164993021e-06
2026-06-22 16:55:00+03:00,2.0,8.430815125720433e-05,1.2115522182438742e-09,0.9999141653339458,1.5253033288514289e-06
2026-06-22 17:00:00+03:00,2.0,9.790884058329534e-05,1.1928747798409806e-09,0.9999005666866534,1.5232782007529037e-06
2026-06-22 17:05:00+03:00,2.0,9.705747553380877e-05,1.571613963957711e-09,0.9999008050233523,2.1359285213236112e-06
2026-06-22 17:10:00+03:00,2.0,9.602323003216508e-05,1.607155070790049e-09,0.9999027108314081,1.2643327035352918e-06
2026-06-22 17:15:00+03:00,2.0,5.929468950819072e-05,3.764930894025211e-09,0.9999391104341375,1.591110007411495e-06
2026-06-22 17:20:00+03:00,2.0,3.226197708629735e-05,2.8025736006126448e-09,0.9999667256531151,1.0095668727275985e-06
2026-06-22 17:25:00+03:00,2.0,4.145031197415046e-05,4.167767173037889e-09,0.9999523735814704,6.17193940792499e-06
2026-06-22 17:30:00+03:00,2.0,3.6450701561188346e-05,1.7131048689021438e-09,0.9999612824032138,2.265182632112696e-06
2026-06-22 17:35:00+03:00,2.0,4.6698039033627946e-05,1.44804302733027e-09,0.9999523879944561,9.12519798690866e-07
2026-06-22 17:40:00+03:00,2.0,5.9135510579081986e-05,5.4659579897994575e-09,0.9999408021927861,5.683159722565598e-08
2026-06-22 17:45:00+03:00,2.0,2.056267426026341e-05,3.516185148572003e-09,0.9999775154955703,1.9183156053397183e-06
2026-06-22 17:50:00+03:00,2.0,2.4456067508160338e-05,1.4709005025297285e-09,0.9999747694145943,7.730453782360197e-07
2026-06-22 17:55:00+03:00,2.0,2.78423778001717e-05,9.924804510418893e-07,0.9999701908968865,9.742437697679283e-07
2026-06-23 09:55:00+03:00,2.0,1.7204122986255955e-07,0.0073699484768838626,0.9926208173842477,9.062096777124179e-06
2026-06-23 10:00:00+03:00,2.0,1.6996103692109928e-07,7.695927197989997e-06,0.9983697730702236,0.0016223610399924105
2026-06-23 10:05:00+03:00,2.0,8.865955029667824e-08,3.847837992169333e-08,0.999718297715585,0.0002815751452475013
2026-06-23 10:10:00+03:00,2.0,6.254287403942842e-08,2.307103145118289e-08,0.999944080557854,5.583382661628212e-05
2026-06-23 10:15:00+03:00,2.0,8.94510094705998e-09,8.063076959727854e-08,0.9998926252326562,0.00010728519136321946
2026-06-23 10:20:00+03:00,2.0,6.532779493416068e-09,2.6742192231607386e-08,0.9999514850405856,4.8481685294045834e-05
2026-06-23 10:25:00+03:00,2.0,3.029709964544009e-09,2.9627869772555726e-08,0.9999688959613908,3.107138281554409e-05
2026-06-23 10:30:00+03:00,2.0,3.3245885205024543e-09,2.6307630059774573e-08,0.9999707359518757,2.9234414689678448e-05
2026-06-23 10:35:00+03:00,2.0,1.3940533526952388e-09,4.1839097898979284e-08,0.9999644523183712,3.550444793711964e-05
2026-06-23 10:40:00+03:00,2.0,1.2669444574723128e-09,2.0615690319953806e-08,0.9999834454235174,1.6532692958118167e-05
2026-06-23 10:45:00+03:00,2.0,1.9763681987233076e-09,5.654186953939251e-08,0.9999966022681717,3.339212854829747e-06
2026-06-23 10:50:00+03:00,2.0,1.0876390748296106e-08,2.677616287601923e-08,0.9999930878787072,6.874468483567644e-06
2026-06-23 10:55:00+03:00,2.0,1.2176381789580023e-08,1.3188770227323431e-08,0.9999959132375642,4.0613987343030265e-06
2026-06-23 11:00:00+03:00,2.0,1.378876508013671e-08,1.0628918723227818e-08,0.9999964643019417,3.5112815324341714e-06
2026-06-23 11:05:00+03:00,2.0,1.719276810290117e-08,6.77506224869719e-09,0.9999990697910796,9.06240067179031e-07
2026-06-23 11:10:00+03:00,2.0,7.601811379552907e-08,5.655430284507498e-09,0.9999987131203947,1.2052071063159565e-06
2026-06-23 11:15:00+03:00,2.0,3.291569883454326e-07,4.624960253186269e-09,0.9999976972675678,1.9689492084755765e-06
2026-06-23 11:20:00+03:00,2.0,8.048480483513061e-08,2.0157370139474177e-08,0.9999858053731895,1.4093985258021557e-05
2026-06-23 11:25:00+03:00,2.0,3.247897580746614e-07,3.073436899569412e-09,0.9999970643300348,2.607807799973304e-06
2026-06-23 11:30:00+03:00,2.0,1.5128131545891373e-06,3.224775400845338e-08,0.9999594902348656,3.8964705628419094e-05
2026-06-23 11:35:00+03:00,2.0,8.223878014063084e-06,5.5133673671883945e-08,0.9998749104697358,0.00011681051895113349
2026-06-23 11:40:00+03:00,2.0,1.918206209811937e-05,8.081725584376814e-09,0.9999401326662857,4.067718924369745e-05
2026-06-23 11:45:00+03:00,2.0,2.7960180286577425e-05,1.978107793163787e-08,0.9999176230401897,5.4396998804211436e-05
2026-06-23 11:50:00+03:00,2.0,0.00010931667539850692,2.9436128125949576e-06,0.9991674434523719,0.000720296261181694
2026-06-23 11:55:00+03:00,2.0,0.0011382702012659228,5.7536723446956576e-05,0.9321858607709467,0.06661833230503435
2026-06-23 12:00:00+03:00,2.0,0.004584939262230834,7.83856082281573e-05,0.8189067969298611,0.17642987819846698
2026-06-23 12:05:00+03:00,2.0,0.00615518624309879,0.00014830068711296556,0.6197589910259604,0.37393752204291
2026-06-23 12:10:00+03:00,2.0,0.00875106619981269,7.021125749253182e-05,0.5261775089300448,0.4650012136110363
2026-06-23 12:15:00+03:00,3.0,3.5940819007616e-06,0.0004967175506993629,0.000271146776782256,0.9992285415923882
2026-06-23 12:20:00+03:00,3.0,5.430150367612267e-09,7.655113299063059e-06,4.3888925068145194e-07,0.9999919005677517
2026-06-23 12:25:00+03:00,3.0,6.198195019517299e-07,7.026396155240412e-06,4.072995138145063e-06,0.9999882807892427
2026-06-23 12:30:00+03:00,3.0,3.4209932373904594e-08,4.196697841785969e-06,1.3335897205202977e-07,0.9999956357337133
2026-06-23 12:35:00+03:00,3.0,1.1231758149440775e-07,1.98935268165587e-06,6.656970049554924e-07,0.9999972326333684
2026-06-23 12:40:00+03:00,3.0,5.030968988501853e-07,2.3726082612668164e-06,1.7059566783003916e-06,0.9999954183363482
2026-06-23 12:45:00+03:00,3.0,2.8690512640930623e-06,4.5023150954317914e-06,6.314067162482177e-06,0.999986314566709
2026-06-23 12:50:00+03:00,3.0,8.458979840105702e-06,7.971854818312642e-06,1.6986346764381765e-05,0.9999665828199161
2026-06-23 12:55:00+03:00,3.0,8.590247011752787e-05,6.475172313603079e-06,2.8617298401724195e-05,0.9998790050603483
2026-06-23 13:00:00+03:00,3.0,0.0012106965098210595,2.1575440642827932e-06,3.694420763543631e-05,0.9987502017396449
2026-06-23 13:05:00+03:00,3.0,0.055778693395099714,2.2959680819602125e-06,0.00016463009232498587,0.9440543805445955
2026-06-23 13:10:00+03:00,0.0,0.8434699749070576,2.340170802179779e-08,0.001244825924469077,0.15528517576755385
2026-06-23 13:15:00+03:00,0.0,0.9973005035296346,1.3795655318534494e-10,8.827744835794824e-05,0.002611218882817855
2026-06-23 13:20:00+03:00,0.0,0.9999887354877125,4.167921701443774e-12,4.4187621431738835e-06,6.845746316146272e-06
2026-06-23 13:25:00+03:00,0.0,0.9999986163975814,7.397476384058425e-13,6.791011534358682e-07,7.045002450669168e-07
2026-06-23 13:30:00+03:00,0.0,0.999997686310001,1.979271221409663e-12,1.7683020011466598e-06,5.453866787562455e-07
2026-06-23 13:35:00+03:00,0.0,0.9999986941592738,5.731934090738035e-13,8.424357096183852e-07,4.634057870738789e-07
2026-06-23 13:40:00+03:00,0.0,0.999998752264997,3.689104866409969e-15,5.061953794104958e-07,7.415405526455358e-07
2026-06-23 13:45:00+03:00,0.0,0.9999999144929498,5.524908444808897e-13,7.946707872218458e-08,6.039506662440083e-09
2026-06-23 13:50:00+03:00,0.0,0.9999994730971162,6.177126765568483e-14,2.270445126026859e-07,2.998588131841326e-07
2026-06-23 13:55:00+03:00,0.0,0.9999992598607615,8.33586690977191e-13,6.514344936415151e-07,8.870337003204363e-08
2026-06-23 14:00:00+03:00,0.0,0.999999379222765,5.47384253546707e-13,3.5554647037989744e-07,2.6523179337324765e-07
2026-06-23 14:05:00+03:00,0.0,0.9999980757911867,7.151665832465727e-13,1.5222738056108153e-06,4.01934281136708e-07
2026-06-23 14:10:00+03:00,0.0,0.9999991091248706,3.2365589067101703e-13,6.400057698733314e-07,2.5086956997512455e-07
2026-06-23 14:15:00+03:00,0.0,0.9999994216670383,2.540145969772251e-13,3.4477537740136636e-07,2.3355842318151882e-07
2026-06-23 14:20:00+03:00,0.0,0.9999995192885099,3.352377779941463e-13,1.9099840411397454e-07,2.897135496675589e-07
2026-06-23 14:25:00+03:00,0.0,0.9999994236315457,8.327631642240466e-13,3.8755865993227884e-07,1.8880775426184323e-07
2026-06-23 14:30:00+03:00,0.0,0.9999995002000445,2.2654221783888722e-13,1.128234358818347e-07,3.869777963505887e-07
2026-06-23 14:35:00+03:00,0.0,0.9999993783714785,3.532902712709005e-13,3.9999821218291254e-07,2.216316674305129e-07
2026-06-23 14:40:00+03:00,0.0,0.9999989440917606,3.0961010242702157e-13,7.53296493606728e-07,3.026119384473363e-07
2026-06-23 14:45:00+03:00,0.0,0.9999990546207221,4.641579309486253e-13,7.080775358849848e-07,2.373018883231051e-07
2026-06-23 14:50:00+03:00,0.0,0.9999992929881726,6.551380156425914e-13,4.2756937512430417e-07,2.7944273300450916e-07
2026-06-23 14:55:00+03:00,0.0,0.9999666700520986,2.429194612015944e-11,3.2947684670271184e-05,3.822401276943234e-07
2026-06-23 15:00:00+03:00,0.0,0.9999307389383397,1.0324919190629671e-11,6.87302640499838e-05,5.307890671792527e-07
2026-06-23 15:05:00+03:00,0.0,0.9997451605458443,5.096210631928416e-11,0.0002541417584324632,6.976450401338715e-07
2026-06-23 15:10:00+03:00,0.0,0.9979985168002103,8.502567146297352e-10,0.0019983291396174292,3.153209945369689e-06
2026-06-23 15:15:00+03:00,0.0,0.9505327536173077,1.499007815677531e-08,0.04945671480796145,1.0516585769941378e-05
2026-06-23 15:20:00+03:00,0.0,0.5061240315690646,8.4962595026641e-08,0.4937596480915463,0.00011623537590780585
2026-06-23 15:25:00+03:00,2.0,0.003910777537911484,4.6165281239991754e-07,0.9958869766577506,0.00020178415132015944
2026-06-23 15:30:00+03:00,2.0,1.2156801750598866e-05,5.000939357780647e-09,0.9999862369769618,1.601220937712713e-06
2026-06-23 15:35:00+03:00,2.0,2.396605676224648e-06,5.3390336040897446e-09,0.9999911763796283,6.4216768964591875e-06
2026-06-23 15:40:00+03:00,2.0,2.5042549645706253e-06,1.64896039443815e-09,0.9999953232109188,2.170886466758165e-06
2026-06-23 15:45:00+03:00,2.0,1.0762370529861667e-06,1.7144520856078343e-09,0.999996932217231,1.9898311647976636e-06
2026-06-23 15:50:00+03:00,2.0,5.617363504502244e-07,3.049418657374437e-09,0.9999984656945291,9.695203884022285e-07
2026-06-23 15:55:00+03:00,2.0,1.756633120967681e-06,2.461182499195061e-08,0.9999692329987867,2.8985754601224152e-05
2026-06-23 16:00:00+03:00,2.0,7.199763461160172e-06,1.349440755180295e-07,0.9995547750948586,0.00043789019808237637
2026-06-23 16:05:00+03:00,2.0,1.1292814813342789e-05,1.1524506483154495e-08,0.9998964528157552,9.224284481638878e-05
2026-06-23 16:10:00+03:00,2.0,1.654241401568575e-06,1.6686367672554115e-08,0.9999171569008204,8.117217279397024e-05
2026-06-23 16:15:00+03:00,2.0,4.7933311126805305e-06,3.105102877243397e-09,0.9999931487343979,2.054828431265711e-06
2026-06-23 16:20:00+03:00,2.0,6.629793580394204e-06,1.5048743342434376e-09,0.9999912732108605,2.0954900396045122e-06
2026-06-23 16:25:00+03:00,2.0,4.285665777844616e-05,1.449808804043161e-09,0.9999552167997421,1.925093987384025e-06
2026-06-23 16:30:00+03:00,2.0,0.001107790119226148,6.30789186047518e-09,0.998870446460617,2.1757110982802116e-05
2026-06-23 16:35:00+03:00,2.0,0.011431817313328315,3.054690489885094e-09,0.9885608030093486,7.376622263152513e-06
2026-06-23 16:40:00+03:00,2.0,0.06790713395900999,1.427997656693119e-08,0.9320176507081983,7.52010520967685e-05
2026-06-23 16:45:00+03:00,2.0,0.13258554674791284,8.377470958508616e-09,0.8673782952775434,3.6149595380002714e-05
2026-06-23 16:50:00+03:00,2.0,0.15452459073476094,1.8319494914981257e-08,0.8454605313659007,1.4859580078468773e-05
2026-06-23 16:55:00+03:00,2.0,0.1526312376026357,1.582966254537076e-08,0.8473288183998533,3.99281674675694e-05
2026-06-23 17:00:00+03:00,2.0,0.09739065103365249,1.4251687763868326e-08,0.9025648240600201,4.45106534124583e-05
2026-06-23 17:05:00+03:00,2.0,0.0436426151086266,5.162945131194078e-09,0.9563396269137753,1.775281414107351e-05
2026-06-23 17:10:00+03:00,2.0,0.012807182374092596,3.265259799413785e-09,0.987182045521829,1.076883971557532e-05
2026-06-23 17:15:00+03:00,2.0,0.003680863356200688,2.409608769430766e-09,0.996313791677544,5.3425570032120076e-06
2026-06-23 17:20:00+03:00,2.0,0.0006236890633765738,3.135810582946115e-09,0.9993744698609376,1.8379397790698637e-06
2026-06-23 17:25:00+03:00,2.0,9.261136800811575e-05,1.5581981779926062e-09,0.9999054128664508,1.9742088731400137e-06
2026-06-23 17:30:00+03:00,2.0,1.9480222140919618e-05,2.4127999586264463e-09,0.9999795789710892,9.383947984591704e-07
2026-06-23 17:35:00+03:00,2.0,4.230939146337063e-05,5.487648077244975e-09,0.9999499761067903,7.709014038629864e-06
2026-06-23 17:40:00+03:00,2.0,4.989296846702164e-05,1.962614560915584e-09,0.9999475279962114,2.5770733738925615e-06
2026-06-23 17:45:00+03:00,2.0,0.00010816164981289748,5.876001572697389e-09,0.9998885965172858,3.2359572125461074e-06
2026-06-23 17:50:00+03:00,2.0,0.00023440437493593512,9.782503984669577e-09,0.9997506697741853,1.4916067291534872e-05
2026-06-23 17:55:00+03:00,2.0,0.0002985506774409485,4.51162148529952e-09,0.9996940468296812,7.397982002255458e-06
2026-06-24 09:55:00+03:00,2.0,0.0012468121638886862,1.071435486110027e-06,0.9987521104523691,5.94984775578359e-09
2026-06-24 10:00:00+03:00,2.0,0.0014131489021232595,1.1162294394459274e-07,0.9984884737901143,9.826568382260216e-05
2026-06-24 10:05:00+03:00,2.0,0.0031350821635465777,1.3717336826761006e-05,0.9891923374676775,0.007658863031805907
2026-06-24 10:10:00+03:00,3.0,7.653604192616684e-19,0.03835644825787956,8.713829723139632e-14,0.9616435517414262
2026-06-24 10:15:00+03:00,3.0,3.4099971879424217e-19,0.001334736163665983,2.0103486732681148e-14,0.9986652638378365
2026-06-24 10:20:00+03:00,3.0,2.446985180830868e-16,1.3716185621344857e-05,4.120441640836777e-12,0.9999862838116574
2026-06-24 10:25:00+03:00,3.0,2.0130190881938064e-17,1.0780044226988025e-05,1.3062962894351148e-12,0.9999892199556482
2026-06-24 10:30:00+03:00,3.0,2.2045880267933004e-18,1.247161096431048e-05,5.859549927757995e-14,0.9999875283879286
2026-06-24 10:35:00+03:00,3.0,1.6848245257677317e-17,7.710257130151629e-06,3.6808861296251337e-13,0.9999922897410962
2026-06-24 10:40:00+03:00,3.0,7.215265458375982e-18,8.509625747276384e-06,9.236730774382419e-14,0.9999914903744958
2026-06-24 10:45:00+03:00,3.0,5.623376198552383e-17,8.610161324672134e-06,5.354355147463095e-13,0.9999913898398121
2026-06-24 10:50:00+03:00,3.0,2.6225265888085135e-19,1.692983244222815e-05,2.3378746146873593e-14,0.9999830701686482
2026-06-24 10:55:00+03:00,3.0,8.40907742603029e-23,5.220620765057668e-05,2.0154529954375478e-16,0.9999477937912208
2026-06-24 11:00:00+03:00,3.0,2.938638169987391e-11,4.0907243255716775e-06,9.307462253910546e-08,0.999995816173053
2026-06-24 11:05:00+03:00,3.0,9.726078015113641e-09,8.058413223875983e-06,2.878382761183007e-05,0.9999631480337701
2026-06-24 11:10:00+03:00,3.0,6.723465210337825e-08,4.857705620124307e-06,0.001630549102345476,0.9983645259585899
2026-06-24 11:15:00+03:00,3.0,1.3971262432163167e-06,2.0879254245072794e-06,0.0661348484320967,0.933861666516561
2026-06-24 11:20:00+03:00,2.0,3.777402461047981e-05,2.3511612274285437e-07,0.9443595313692997,0.05560245949062732
2026-06-24 11:25:00+03:00,2.0,4.553258622637074e-06,7.1144912310450565e-09,0.9992000637170302,0.0007953759097383433
2026-06-24 11:30:00+03:00,2.0,3.5201851582062427e-06,6.189109544457621e-09,0.9999562545563808,4.021906802340864e-05
2026-06-24 11:35:00+03:00,2.0,1.6959941154770266e-06,2.688876771585761e-09,0.9999910435218233,7.257796442547048e-06
2026-06-24 11:40:00+03:00,2.0,4.428757957750681e-06,2.1068297243695157e-09,0.9999916391083667,3.930026920235296e-06
2026-06-24 11:45:00+03:00,2.0,3.0391952508832635e-06,2.05323384270796e-09,0.9999959315874545,1.0271656374044407e-06
2026-06-24 11:50:00+03:00,2.0,6.379054628041792e-06,9.12756347083504e-09,0.9999936000044891,1.1814097083962052e-08
2026-06-24 11:55:00+03:00,2.0,1.0279421218879139e-05,1.9035534238703947e-09,0.9999892630106642,4.5566332983850184e-07
2026-06-24 12:00:00+03:00,2.0,2.7669290501880464e-05,2.5837129125335875e-09,0.9999715408205424,7.873044671288048e-07
2026-06-24 12:05:00+03:00,2.0,4.677543780241686e-05,2.791054689247409e-09,0.9999525279408471,6.938307302188355e-07
2026-06-24 12:10:00+03:00,2.0,6.52237315530637e-05,6.004762339304712e-09,0.9999342902609196,4.800012079078298e-07
2026-06-24 12:15:00+03:00,2.0,1.9421044935383823e-05,3.251878668885397e-09,0.9999801845877889,3.9111418353347373e-07
2026-06-24 12:20:00+03:00,2.0,2.0001657865735866e-05,4.410159427092919e-09,0.9999795827872511,4.11144800881336e-07
2026-06-24 12:25:00+03:00,2.0,5.305668826919594e-05,8.694406397671659e-09,0.9999463337075144,6.009114250155162e-07
2026-06-24 12:30:00+03:00,2.0,3.37715294659446e-05,2.2320816368441517e-08,0.9999661711236976,3.502549435971435e-08
2026-06-24 12:35:00+03:00,2.0,5.7953084212378924e-05,1.0301779985580317e-08,0.9999411712184916,8.653970576793719e-07
2026-06-24 12:40:00+03:00,2.0,6.450456195119799e-06,1.0741796079040645e-08,0.9999930902870325,4.4851479891410697e-07
2026-06-24 12:45:00+03:00,2.0,8.137539071112508e-06,4.192927266478602e-09,0.9999915052500646,3.5301733950137225e-07
2026-06-24 12:50:00+03:00,2.0,1.3478586632502932e-05,9.775377976836391e-09,0.9999863780231069,1.336143543164057e-07
2026-06-24 12:55:00+03:00,2.0,5.456116853321234e-05,2.2310643133670364e-08,0.9999449620348688,4.544844319765363e-07
2026-06-24 13:00:00+03:00,2.0,5.138503980655317e-05,9.439424738038654e-09,0.9999481764284798,4.2909143278819713e-07
2026-06-24 13:05:00+03:00,2.0,7.663229842520305e-05,9.141406740087677e-09,0.9999221118298953,1.2467307772494538e-06
2026-06-24 13:10:00+03:00,2.0,2.4484029414248064e-05,4.2558631489677625e-09,0.999975168516345,3.4319798028711884e-07
2026-06-24 13:15:00+03:00,2.0,2.7998058047471715e-05,9.957756447724323e-09,0.9999719086825577,8.329996555236501e-08
2026-06-24 13:20:00+03:00,2.0,9.461703615064444e-06,3.7772921930889095e-09,0.9999903202219788,2.142983332303121e-07
2026-06-24 13:25:00+03:00,2.0,7.344387582607914e-05,1.0081205453428549e-08,0.9999246760483447,1.869992945264581e-06
2026-06-24 13:30:00+03:00,2.0,0.0002220435882396917,1.8040446550329215e-08,0.9997773637712556,5.746006347270206e-07
2026-06-24 13:35:00+03:00,2.0,2.7210263615907432e-05,5.9994674580566976e-09,0.9999717769405028,1.0067959193090516e-06
2026-06-24 13:40:00+03:00,2.0,2.2473589464342287e-05,6.1682154865424136e-09,0.9999774322241113,8.801686701889288e-08
2026-06-24 13:45:00+03:00,2.0,5.2408483319731925e-06,2.6540615536858154e-09,0.9999943909836438,3.6551509655671035e-07
2026-06-24 13:50:00+03:00,2.0,6.592471955359503e-06,2.5714043946047924e-09,0.9999932073345608,1.976214109732834e-07
2026-06-24 13:55:00+03:00,2.0,7.279407046078093e-06,2.2064380908472e-09,0.9999923648938858,3.534917071210607e-07
2026-06-24 14:00:00+03:00,2.0,4.055663506792159e-05,7.552254637845057e-09,0.999956972436695,2.463375999014096e-06
2026-06-24 14:05:00+03:00,2.0,4.37100785084185e-05,3.052101710494406e-09,0.9999556289170755,6.579524577856785e-07
2026-06-24 14:10:00+03:00,2.0,3.3307901920812423e-06,4.1362579513180835e-09,0.9999959365459994,7.285258381697655e-07
2026-06-24 14:15:00+03:00,2.0,5.529758744657705e-06,2.680282837710045e-09,0.9999943243980934,1.4316329283181123e-07
2026-06-24 14:20:00+03:00,2.0,1.5120374483725734e-05,6.126577224563845e-09,0.9999846504593083,2.230387732753443e-07
2026-06-24 14:25:00+03:00,2.0,1.5533019267525689e-06,4.550859357971015e-09,0.9999979778133348,4.643341394887864e-07
2026-06-24 14:30:00+03:00,2.0,3.725442691367143e-06,2.592330999935367e-09,0.9999959021235844,3.6984209677595176e-07
2026-06-24 14:35:00+03:00,2.0,1.6950945604720945e-06,3.020351894343684e-09,0.9999980454141226,2.564700084884244e-07
2026-06-24 14:40:00+03:00,2.0,3.983586046460128e-06,3.4381339465271554e-09,0.9999956711347313,3.418406311604925e-07
2026-06-24 14:45:00+03:00,2.0,1.565880795254367e-06,3.898145153201635e-09,0.9999980892189407,3.410017649396846e-07
2026-06-24 14:50:00+03:00,2.0,7.828880454332904e-06,8.762197381396908e-09,0.9999912572912042,9.050657710750544e-07
2026-06-24 14:55:00+03:00,2.0,8.310434659299777e-06,2.921746126668058e-09,0.999991284444841,4.0220046500541115e-07
2026-06-24 15:00:00+03:00,2.0,7.285392126539514e-06,1.842792367030713e-09,0.9999924350226702,2.7774259823966294e-07
2026-06-24 15:05:00+03:00,2.0,3.6587675544758647e-06,2.562759910805467e-09,0.9999960343381151,3.0433059269615214e-07
2026-06-24 15:10:00+03:00,2.0,2.2870717528536217e-06,4.069160664080471e-09,0.9999973838564644,3.25002767388857e-07
2026-06-24 15:15:00+03:00,2.0,4.639616840824229e-06,4.359276632180357e-09,0.9999951817051289,1.7431727473819977e-07
2026-06-24 15:20:00+03:00,2.0,4.563349341503821e-06,4.746588846569454e-09,0.9999953342739606,9.763141290011003e-08
2026-06-24 15:25:00+03:00,2.0,1.3667233560604845e-06,1.1305825193633718e-08,0.999997960220105,6.617510039996392e-07
2026-06-24 15:30:00+03:00,2.0,2.144489471531594e-06,6.020020585096763e-09,0.9999976823009575,1.671893010647893e-07
2026-06-24 15:35:00+03:00,2.0,1.368755544817383e-06,1.445170430494011e-08,0.9999982125461943,4.042478208574141e-07
2026-06-24 15:40:00+03:00,2.0,6.24673572437712e-07,2.2215787316470743e-08,0.9999989010727076,4.520373684425658e-07
2026-06-24 15:45:00+03:00,2.0,9.86549654560225e-07,8.490521165509559e-09,0.9999985205297011,4.844304327852126e-07
2026-06-24 15:50:00+03:00,2.0,6.323802178578514e-07,6.119273446637712e-09,0.9999992643936798,9.71054881297597e-08
2026-06-24 15:55:00+03:00,2.0,1.0610195286459372e-06,4.929589169429508e-09,0.9999987358177155,1.9823136509310956e-07
2026-06-24 16:00:00+03:00,2.0,1.0718321371222549e-06,2.6253926427271578e-09,0.9999987494819468,1.7606112802686393e-07
2026-06-24 16:05:00+03:00,2.0,1.149525376807936e-06,3.0874858750049614e-09,0.9999987214004239,1.2598509326635977e-07
2026-06-24 16:10:00+03:00,2.0,2.129443127288111e-06,3.0768964434710644e-09,0.9999975769053233,2.905731561182396e-07
2026-06-24 16:15:00+03:00,2.0,1.5972288887658836e-05,2.5508061016884757e-07,0.9999723310437594,1.1441587487304211e-05
2026-06-24 16:20:00+03:00,2.0,9.328914246714292e-06,2.7044762123440405e-09,0.9999896829963443,9.8538447222331e-07
2026-06-24 16:25:00+03:00,2.0,4.617249189598166e-06,1.516058228959263e-09,0.9999940927584103,1.2884771385614525e-06
2026-06-24 16:30:00+03:00,2.0,9.263774157775185e-06,2.992922009444219e-09,0.9999898256800491,9.075536160760861e-07
2026-06-24 16:35:00+03:00,2.0,4.246817863671556e-06,2.4513813145183414e-09,0.9999943495654883,1.4011637616684756e-06
2026-06-24 16:40:00+03:00,2.0,3.389583709003421e-07,3.5434352382873687e-08,0.9999634120794897,3.62135273417751e-05
2026-06-24 16:45:00+03:00,2.0,1.2002013184383805e-06,3.385371729770741e-08,0.9999652053207575,3.356062358186826e-05
2026-06-24 16:50:00+03:00,2.0,1.1259643255130036e-05,9.251494321343404e-07,0.9987696763042353,0.001218138904464081
2026-06-24 16:55:00+03:00,2.0,2.9174264991624664e-05,5.527371992189673e-07,0.9977517256152981,0.002218547383043769
2026-06-24 17:00:00+03:00,2.0,1.4517568969217322e-05,1.6430893808672334e-07,0.9973876003316394,0.0025977177893733785
2026-06-24 17:05:00+03:00,2.0,3.094524780754136e-05,1.5928660351126627e-08,0.9994857516953848,0.0004832871276816378
2026-06-24 17:10:00+03:00,2.0,4.7002102356275624e-05,4.648632310285213e-08,0.9998801259103047,7.282549980073908e-05
2026-06-24 17:15:00+03:00,2.0,4.2021992798257934e-05,8.412229459105167e-08,0.9997016162488515,0.0002562776371184692
2026-06-24 17:20:00+03:00,2.0,1.137836837832683e-05,2.447182757819472e-07,0.9990172423106388,0.0009711346035486304
2026-06-24 17:25:00+03:00,2.0,2.7890007669611066e-05,2.3222984926635172e-08,0.9996261765192912,0.00034591025053153297
2026-06-24 17:30:00+03:00,2.0,6.229049663217568e-05,1.82247781866129e-08,0.9998474077892998,9.02834874917391e-05
2026-06-24 17:35:00+03:00,2.0,6.689904693736302e-05,2.6172283886646523e-08,0.9998245411649387,0.00010853361727811859
2026-06-24 17:40:00+03:00,2.0,0.0001607063407801083,8.717125501828716e-09,0.9998256872770351,1.3597665528732465e-05
2026-06-24 17:45:00+03:00,2.0,0.0002853979004845146,6.135519284540203e-09,0.9997007891760159,1.3806787370915356e-05
2026-06-24 17:50:00+03:00,2.0,0.0005909442944304949,6.674697891314345e-08,0.9994023019050614,6.687054520361382e-06
2026-06-24 17:55:00+03:00,2.0,0.001343536948004094,0.00029196672116517603,0.998205859133372,0.00015863719591034916
2026-06-25 09:55:00+03:00,1.0,6.453100188457792e-19,0.9999596224154794,1.3406088674631406e-14,4.0377584065750655e-05
2026-06-25 10:00:00+03:00,3.0,2.124184038725281e-20,0.01446738163217374,3.4411588321266896e-15,0.9855326183690076
2026-06-25 10:05:00+03:00,3.0,1.6586799713053056e-12,2.8620150229652805e-05,8.385212634515413e-13,0.9999713798482124
2026-06-25 10:10:00+03:00,3.0,3.358558755758648e-12,1.3262144562269701e-06,1.7360122059443998e-11,0.9999986737647913
2026-06-25 10:15:00+03:00,3.0,1.0695579931494459e-13,1.844254410788298e-06,4.39305534086947e-13,0.9999981557465343
2026-06-25 10:20:00+03:00,3.0,1.0078848349545905e-14,2.503201185016273e-06,1.4266255462442365e-14,0.9999974967972274
2026-06-25 10:25:00+03:00,3.0,1.3736899040453998e-12,6.495942645344355e-07,7.621740531587256e-13,0.9999993504027151
2026-06-25 10:30:00+03:00,3.0,1.5056060873787917e-13,7.636123194068133e-07,4.554611865077959e-14,0.9999992363885399
2026-06-25 10:35:00+03:00,3.0,3.119620715400438e-12,5.151375050833326e-07,3.3973418648532217e-13,0.9999994848586956
2026-06-25 10:40:00+03:00,3.0,3.286411072734699e-13,6.100058113438898e-07,1.8296527577133277e-13,0.9999993899948136
2026-06-25 10:45:00+03:00,3.0,3.7648980846940417e-10,6.903507632040642e-07,1.0708266197479916e-10,0.999999309166253
2026-06-25 10:50:00+03:00,3.0,1.984209736428853e-09,8.909969068329569e-07,1.1427683271470973e-09,0.9999991058761584
2026-06-25 10:55:00+03:00,3.0,1.1967728953386486e-08,8.847978848556583e-07,2.7319711454627175e-09,0.9999991005028686
2026-06-25 11:00:00+03:00,3.0,1.5441357045625999e-07,9.715960752760698e-07,4.241868378226716e-09,0.999998869749745
2026-06-25 11:05:00+03:00,3.0,0.003203156305707302,2.223062918969781e-07,1.026714325839292e-07,0.9967965187176838
2026-06-25 11:10:00+03:00,3.0,0.4924836221951861,5.8678439428252376e-08,9.702325385564264e-07,0.5075153488930805
2026-06-25 11:15:00+03:00,0.0,0.892109834018579,6.247050774296453e-10,2.6589971461466337e-07,0.10788989945716247
2026-06-25 11:20:00+03:00,0.0,0.9985531264699546,1.876986833783411e-12,1.8597389325808525e-09,0.0014468716678977228
2026-06-25 11:25:00+03:00,0.0,0.9999953188344507,8.809112883193717e-15,7.533469976268424e-12,4.681159623185487e-06
2026-06-25 11:30:00+03:00,0.0,0.9999997007108042,2.036085996393337e-15,1.7859174436891588e-13,2.992893917299263e-07
2026-06-25 11:35:00+03:00,0.0,0.9999996048246301,1.460136259250939e-14,2.3965014586842815e-14,3.9517372366158436e-07
2026-06-25 11:40:00+03:00,0.0,0.9999981705749087,5.856171073702345e-16,3.571183946895347e-18,1.8294237723730535e-06
2026-06-25 11:45:00+03:00,0.0,0.9999997345876533,1.2403479014829613e-18,3.058473816746918e-18,2.6541060333973195e-07
2026-06-25 11:50:00+03:00,0.0,0.9999999947540346,8.731715881581232e-18,1.513025496046842e-20,5.244844952602312e-09
2026-06-25 11:55:00+03:00,0.0,0.9999999147039526,7.76765840759142e-18,2.0428296882768396e-20,8.529612167534596e-08
2026-06-25 12:00:00+03:00,0.0,0.9999997914055929,3.7262389009242116e-19,1.8994397253328598e-19,2.0859306954991794e-07
2026-06-25 12:05:00+03:00,0.0,0.9999999970714271,3.7587519091735684e-19,6.085572027474899e-21,2.929707504092671e-09
2026-06-25 12:10:00+03:00,0.0,0.9999999912943167,3.0533371888735097e-18,3.284000925901407e-22,8.70445035730552e-09
2026-06-25 12:15:00+03:00,0.0,0.9999996570769005,4.480782836960727e-17,1.8547226240299794e-18,3.429214384897539e-07
2026-06-25 12:20:00+03:00,0.0,0.9999998267740161,3.1754256067314306e-16,1.6077191246882213e-17,1.7322553871108277e-07
2026-06-25 12:25:00+03:00,0.0,0.9999984426225031,2.106901423259345e-14,2.450599787285424e-12,1.557375935908851e-06
2026-06-25 12:30:00+03:00,0.0,0.9999994438805243,2.4033564121037657e-15,3.380418643886716e-11,5.560857628623207e-07
2026-06-25 12:35:00+03:00,0.0,0.9999999483006845,9.009774328458026e-14,2.3608455514641333e-11,5.1676459905412764e-08
2026-06-25 12:40:00+03:00,0.0,0.9999987072377906,1.176664488150468e-13,6.058047261987364e-10,1.292155202148516e-06
2026-06-25 12:45:00+03:00,0.0,0.9999993922321693,4.320507098062416e-14,1.722864652851047e-10,6.075948414380743e-07
2026-06-25 12:50:00+03:00,0.0,0.9999994765240905,1.4581764024470543e-13,1.0738242061326187e-10,5.233700097672013e-07
2026-06-25 12:55:00+03:00,0.0,0.9999989374706462,4.29503315121848e-14,2.33835878328692e-10,1.0622962506243053e-06
2026-06-25 13:00:00+03:00,0.0,0.9999998284001924,1.1099386017144245e-12,1.3271301812790989e-09,1.702720806865974e-07
2026-06-25 13:05:00+03:00,0.0,0.999999419207766,5.429646276643655e-13,5.061769799526963e-11,5.807425331969881e-07
2026-06-25 13:10:00+03:00,0.0,0.9999954957303577,2.119731730971587e-12,4.9671185931399675e-09,4.499300606952894e-06
2026-06-25 13:15:00+03:00,0.0,0.9999989278336506,4.897981459065228e-13,1.410839446592591e-09,1.0707538733686982e-06
2026-06-25 13:20:00+03:00,0.0,0.9999987968374587,1.5230260748238618e-13,6.781031533039205e-10,1.2024852116936526e-06
2026-06-25 13:25:00+03:00,0.0,0.9999991539847483,7.584182961772985e-14,2.87161054480683e-11,8.45988102794474e-07
2026-06-25 13:30:00+03:00,0.0,0.999998183071343,1.076155797468668e-13,8.54011401411783e-10,1.8160733223082447e-06
2026-06-25 13:35:00+03:00,0.0,0.9999994474311896,3.1530426991919216e-15,1.4033422749553313e-12,5.525683249409057e-07
2026-06-25 13:40:00+03:00,0.0,0.9999997860541272,6.602077747877345e-16,4.3152082406151365e-13,2.1394397134709266e-07
2026-06-25 13:45:00+03:00,0.0,0.9999999612409746,2.2730036295647403e-15,2.5676146047565145e-14,3.8759418294333e-08
2026-06-25 13:50:00+03:00,0.0,0.9999997061750469,9.130621950843417e-15,4.875711541979652e-13,2.9382436536620456e-07
2026-06-25 13:55:00+03:00,0.0,0.999999679559602,1.3769327975553427e-15,3.346901358170681e-14,3.204400045447325e-07
2026-06-25 14:00:00+03:00,0.0,0.9999997025188793,2.112487885079852e-14,5.958631946358709e-14,2.97480415278497e-07
2026-06-25 14:05:00+03:00,0.0,0.9999976078389827,1.5334369895586393e-11,8.061356458783188e-15,2.3921462099991136e-06
2026-06-25 14:10:00+03:00,0.0,0.9965965663156623,5.098836103388143e-07,1.3377819440745854e-07,0.0034027900223026247
2026-06-25 14:15:00+03:00,0.0,0.9960517512169468,1.3412962028093613e-07,3.0074297074396187e-05,0.003918040357936981
2026-06-25 14:20:00+03:00,0.0,0.9973429370292773,9.012461191522719e-09,4.812643090173111e-06,0.0026522413169590975
2026-06-25 14:25:00+03:00,0.0,0.9992719887598231,8.06616855323451e-10,6.230133017439298e-07,0.0007273874216750181
2026-06-25 14:30:00+03:00,0.0,0.9998065121146033,2.522504892857162e-09,1.9453929590072883e-06,0.00019153997091030008
2026-06-25 14:35:00+03:00,0.0,0.9996891675461163,7.740649231606489e-09,2.387464166444451e-05,0.00028695007082481515
2026-06-25 14:40:00+03:00,0.0,0.9997241499626375,4.7941149048624456e-09,1.3154587898488412e-05,0.00026269065630858684
2026-06-25 14:45:00+03:00,0.0,0.9997104980981678,9.245669267394629e-09,2.4293874115742702e-05,0.00026519878101446525
2026-06-25 14:50:00+03:00,0.0,0.9986434178353074,3.619771247761396e-08,0.0006403708715164773,0.0007161750961026649
2026-06-25 14:55:00+03:00,0.0,0.9978145914639758,1.1901166992718225e-08,0.0013619809411366808,0.0008234156931833258
2026-06-25 15:00:00+03:00,0.0,0.9992098065991335,1.507719164559287e-09,0.0006473007220338518,0.000142891170487097
2026-06-25 15:05:00+03:00,0.0,0.9999616363830984,6.229777860019525e-10,1.743892560678445e-05,2.0924068583030285e-05
2026-06-25 15:10:00+03:00,0.0,0.9999487531420894,1.112320855714837e-09,2.9909026209231753e-05,2.133672090561186e-05
2026-06-25 15:15:00+03:00,0.0,0.9998932243436089,1.526461130896067e-09,7.153920186619625e-05,3.523492960202763e-05
2026-06-25 15:20:00+03:00,0.0,0.9999746291558701,1.1336864499743131e-10,6.365244147222943e-06,1.900548655911158e-05
2026-06-25 15:25:00+03:00,0.0,0.9999937966505563,1.561322717153851e-11,3.9768823137420925e-07,5.805644419266262e-06
2026-06-25 15:30:00+03:00,0.0,0.9999985529440447,1.0653134411944653e-10,1.409904265882591e-07,1.3059608040496427e-06
2026-06-25 15:35:00+03:00,0.0,0.9999871735075849,4.921021687522017e-11,1.8012530612490856e-06,1.10251911791561e-05
2026-06-25 15:40:00+03:00,0.0,0.9999861953917992,1.1288110188907124e-11,3.2878899469877293e-07,1.3475809068652771e-05
2026-06-25 15:45:00+03:00,0.0,0.9999960516839295,1.1860809400918813e-12,6.836833443126278e-08,3.8799448507238885e-06
2026-06-25 15:50:00+03:00,0.0,0.9999978305337095,1.811756708020812e-13,3.2489020810488234e-08,2.1369757337177617e-06
2026-06-25 15:55:00+03:00,0.0,0.999999533563932,3.9043444558833396e-14,1.2566381095218691e-09,4.6517805316039e-07
2026-06-25 16:00:00+03:00,0.0,0.9999996499682924,4.770201848705195e-12,1.4136596656283678e-08,3.3589166626646045e-07
2026-06-25 16:05:00+03:00,0.0,0.9999967521778663,2.5220427155233326e-12,1.5592524355553582e-07,3.0918945032318076e-06
2026-06-25 16:10:00+03:00,0.0,0.9999970974100795,6.7778395272026695e-12,6.700152260044676e-08,2.8355811135930383e-06
2026-06-25 16:15:00+03:00,0.0,0.9999858149591276,5.3551101134085565e-11,2.3553362488295048e-06,1.1829650891183353e-05
2026-06-25 16:20:00+03:00,0.0,0.9998114534884363,1.944422222551893e-09,0.00016445012269554612,2.4094444356809168e-05
2026-06-25 16:25:00+03:00,0.0,0.9879708908333599,2.3354915206099947e-08,0.01137863947945734,0.0006504463326990316
2026-06-25 16:30:00+03:00,2.0,0.07422239138240806,6.440692880009252e-08,0.9252603645145571,0.0005171796947700497
2026-06-25 16:35:00+03:00,2.0,0.012232284437705661,1.107210412321682e-08,0.9877240814637123,4.3623025397342045e-05
2026-06-25 16:40:00+03:00,2.0,6.741846872954754e-05,1.5559516072860817e-07,0.9996807439906298,0.0002516819452690437
2026-06-25 16:45:00+03:00,2.0,3.6787404335457777e-06,3.6244099351871026e-09,0.999982227656479,1.4089978430625401e-05
2026-06-25 16:50:00+03:00,2.0,2.971847133545154e-06,3.687725723176271e-09,0.9999922929788724,4.7314870394616885e-06
2026-06-25 16:55:00+03:00,2.0,3.1286332106857418e-06,2.2292922107668138e-09,0.9999915128242722,5.356311810214563e-06
2026-06-25 17:00:00+03:00,2.0,5.967744809715379e-06,1.0456613727323071e-08,0.9999734663352269,2.0555462075107905e-05
2026-06-25 17:05:00+03:00,2.0,4.1649889975444e-06,5.620317347890073e-09,0.9999903931154572,5.436273689482034e-06
2026-06-25 17:10:00+03:00,2.0,1.068796298797129e-06,2.082269970431298e-08,0.9999666522193211,3.225815988158121e-05
2026-06-25 17:15:00+03:00,2.0,2.7088002770021636e-06,9.526679680010274e-09,0.9999853065516545,1.1975119816168832e-05
2026-06-25 17:20:00+03:00,2.0,2.7826278870459463e-06,3.911013098216407e-09,0.9999869863942005,1.0227065424445645e-05
2026-06-25 17:25:00+03:00,2.0,4.552913350642758e-06,3.441756306298399e-09,0.9999831561908423,1.2287454731453251e-05
2026-06-25 17:30:00+03:00,2.0,1.0674319669768934e-05,2.9673994995904515e-09,0.9999863839420178,2.9387694993579194e-06
2026-06-25 17:35:00+03:00,2.0,5.799042113302831e-06,2.715429990467832e-09,0.9999914984398262,2.6998041158944115e-06
2026-06-25 17:40:00+03:00,2.0,7.45595152756776e-07,2.068821313934051e-08,0.9999777906006558,2.1443115672161202e-05
2026-06-25 17:45:00+03:00,2.0,2.6771782523405465e-06,8.232629484878244e-09,0.9999764112234567,2.0903366301104964e-05
2026-06-25 17:50:00+03:00,2.0,2.1457791768753947e-06,4.3306917738144225e-09,0.9999953672993787,2.4825918608881347e-06
2026-06-25 17:55:00+03:00,2.0,7.346035614758752e-06,1.3196050986962647e-05,0.9999671895892223,1.2268325060560702e-05
2026-06-26 09:55:00+03:00,2.0,1.2877358439935609e-05,0.10204910721263048,0.8978064448411749,0.00013157058667742036
2026-06-26 10:00:00+03:00,3.0,4.4471673132405996e-06,0.002110281460879504,0.13122599304803348,0.8666592783239192
2026-06-26 10:05:00+03:00,3.0,1.9138794473547408e-13,0.000450957603869846,1.1803994397246073e-08,0.9995490305912778
2026-06-26 10:10:00+03:00,3.0,1.1974083415581952e-10,4.317416460362702e-06,2.829837714591667e-08,0.9999956541636338
2026-06-26 10:15:00+03:00,3.0,6.116781996641781e-14,8.19972534924711e-06,3.004456364069405e-10,0.9999917999748196
2026-06-26 10:20:00+03:00,3.0,2.542844022671731e-12,3.176907213168604e-06,2.835227344379558e-09,0.9999968202551449
2026-06-26 10:25:00+03:00,3.0,1.4644904178658112e-15,9.502494897580803e-06,2.2186938827375743e-11,0.999990497484434
2026-06-26 10:30:00+03:00,3.0,5.843329273460088e-14,3.648794820103519e-06,3.1190478633375516e-10,0.9999963508919978
2026-06-26 10:35:00+03:00,3.0,2.939842138650384e-15,5.199248553657176e-06,3.645167662213452e-11,0.9999948007160686
2026-06-26 10:40:00+03:00,3.0,5.1293042871144564e-15,4.178346140948624e-06,4.8814930596232464e-11,0.9999958216045327
2026-06-26 10:45:00+03:00,3.0,3.0173653192617027e-13,3.3333766426772633e-06,1.0903724482823255e-09,0.9999966655324102
2026-06-26 10:50:00+03:00,3.0,1.7191150115956685e-11,2.5719038221757686e-06,1.204235913689389e-08,0.9999974160379412
2026-06-26 10:55:00+03:00,3.0,2.1287055359250666e-07,5.800870803434348e-06,0.00013918807695886937,0.9998547981812738
2026-06-26 11:00:00+03:00,3.0,1.9436671463275376e-06,6.49038616425673e-06,0.005284699396377694,0.9947068665509492
2026-06-26 11:05:00+03:00,3.0,7.44074356915079e-05,5.843004504862053e-06,0.10853013782379688,0.8913896117372436
2026-06-26 11:10:00+03:00,2.0,0.00044167284952428056,1.4395498398816105e-06,0.5553098451902134,0.4442470424114188
2026-06-26 11:15:00+03:00,2.0,0.0009601909048236572,2.801320016198577e-07,0.9884420018788779,0.010597527084222184
2026-06-26 11:20:00+03:00,2.0,0.00031431315978042705,5.057573362981073e-07,0.9965155741645533,0.0031696069167680536
2026-06-26 11:25:00+03:00,2.0,4.832544493658047e-05,7.209297309858458e-06,0.9889438692305645,0.01100059602709082
2026-06-26 11:30:00+03:00,2.0,4.24659573589141e-05,4.022366560616575e-08,0.9972715577062212,0.002685936112495246
2026-06-26 11:35:00+03:00,2.0,6.56570077760014e-05,1.8905398177092663e-08,0.9998031984135304,0.00013112567323802834
2026-06-26 11:40:00+03:00,2.0,4.9400367884859594e-05,7.662751213545574e-09,0.9999120858822175,3.8506085801214834e-05
2026-06-26 11:45:00+03:00,2.0,7.303952303139463e-05,7.940117095617794e-09,0.9999125777192958,1.4374817877045384e-05
2026-06-26 11:50:00+03:00,2.0,0.00025623686495845785,9.171737836614202e-09,0.9997280103356563,1.5743627842531296e-05
2026-06-26 11:55:00+03:00,2.0,0.0009996493113013428,1.1532618997156445e-08,0.9989678224955362,3.251666165162705e-05
2026-06-26 12:00:00+03:00,2.0,0.004659182742821447,5.076055466065061e-08,0.9950720347703701,0.0002687317260531998
2026-06-26 12:05:00+03:00,2.0,0.02074432159320672,2.1586698755870778e-08,0.97901858480143,0.00023707201806915962
2026-06-26 12:10:00+03:00,2.0,0.06790488795084282,1.0025814295656045e-08,0.9319085985936858,0.00018650342888398074
2026-06-26 12:15:00+03:00,2.0,0.19402872574948601,2.4181004158384994e-09,0.8059254800959383,4.579173724626758e-05
2026-06-26 12:20:00+03:00,2.0,0.37612328669100564,2.1650553412612654e-08,0.6238762064098983,4.852496822631339e-07
2026-06-26 12:25:00+03:00,0.0,0.5161401535289635,6.583225266256195e-09,0.4838567944112557,3.045476721207339e-06
2026-06-26 12:30:00+03:00,0.0,0.6407413581210362,2.094892152443596e-09,0.35923791422988904,2.0725553597186744e-05
2026-06-26 12:35:00+03:00,0.0,0.7720661468643277,1.5024741464577533e-09,0.22792044326919847,1.3408365409194976e-05
2026-06-26 12:40:00+03:00,0.0,0.872566943248962,7.16256553238043e-09,0.1274327729384836,2.766510234334022e-07
2026-06-26 12:45:00+03:00,0.0,0.912705804546488,1.4085283512453113e-09,0.08729213178345281,2.062260279038437e-06
2026-06-26 12:50:00+03:00,0.0,0.9342986059873212,1.800488767272602e-09,0.06569994293049435,1.4492800087702525e-06
2026-06-26 12:55:00+03:00,0.0,0.9540736152370566,7.667414248643224e-09,0.04592611156268644,2.6553273252852133e-07
2026-06-26 13:00:00+03:00,0.0,0.9654251204272303,1.0017863594075933e-09,0.034572911039757445,1.9675294893992786e-06
2026-06-26 13:05:00+03:00,0.0,0.9802976151464554,2.5485261658714724e-10,0.019700437317610443,1.9472811351558454e-06
2026-06-26 13:10:00+03:00,0.0,0.9934951240288257,2.062281011885793e-10,0.006504250116451712,6.2564695519793e-07
2026-06-26 13:15:00+03:00,0.0,0.9974641527989869,4.716899966499114e-11,0.002535263893270464,5.832617487381907e-07
2026-06-26 13:20:00+03:00,0.0,0.999240806317175,1.662722974256652e-10,0.0007589700936286015,2.2342227770380828e-07
2026-06-26 13:25:00+03:00,0.0,0.9998189785119405,5.628434120560535e-10,0.00017599412074962304,5.026805699938591e-06
2026-06-26 13:30:00+03:00,0.0,0.9998557241311186,4.247073680297441e-11,0.00014241326032847737,1.8625660224906785e-06
2026-06-26 13:35:00+03:00,0.0,0.9997368257528667,3.3741649057129035e-11,0.000260594331131723,2.5798807782184418e-06
2026-06-26 13:40:00+03:00,0.0,0.9997437735425899,1.712541028288186e-11,0.000254429701240215,1.7967402551348888e-06
2026-06-26 13:45:00+03:00,0.0,0.9998033953495093,9.217219120258819e-12,0.00019517976390175066,1.424877054607157e-06
2026-06-26 13:50:00+03:00,0.0,0.9997989799358917,2.9056210024831203e-11,0.00020069650573553192,3.235284723791956e-07
2026-06-26 13:55:00+03:00,0.0,0.9996261239883333,6.059348375475362e-11,0.0003731236982753359,7.522516815736994e-07
2026-06-26 14:00:00+03:00,0.0,0.9988488499461954,1.8971519106880585e-10,0.0011498589947600572,1.2908700547811482e-06
2026-06-26 14:05:00+03:00,0.0,0.996630769760407,3.975060169008454e-10,0.0033687205972526427,5.092466310500229e-07
2026-06-26 14:10:00+03:00,0.0,0.9927762504523665,1.4826748778492442e-09,0.007221432226141537,2.3158403159635476e-06
2026-06-26 14:15:00+03:00,0.0,0.9812510232061437,6.657496801331346e-09,0.018746110562294773,2.8595723805323372e-06
2026-06-26 14:20:00+03:00,0.0,0.948859332025084,1.7309382057294485e-08,0.05113363691192672,7.013755305883204e-06
2026-06-26 14:25:00+03:00,0.0,0.8727370798728503,1.4961567133392032e-08,0.12725209427486348,1.0810892372281795e-05
2026-06-26 14:30:00+03:00,0.0,0.74131263839951,1.5390053948953233e-08,0.25867903842140155,8.30778988740885e-06
2026-06-26 14:35:00+03:00,0.0,0.5941908710959759,1.0833356865606328e-08,0.4058006545539807,8.463515237758866e-06
2026-06-26 14:40:00+03:00,2.0,0.47059967508512957,9.973461901188438e-09,0.5293930834159768,7.2315255535493745e-06
2026-06-26 14:45:00+03:00,2.0,0.34914523226713096,2.3742555376473048e-08,0.6508462238051209,8.520186661233255e-06
2026-06-26 14:50:00+03:00,2.0,0.07869496887852369,4.0738814482460886e-08,0.9212601614789337,4.482890503613412e-05
2026-06-26 14:55:00+03:00,2.0,0.014268444015504412,3.821643252302796e-09,0.9857244425610436,7.109602707521343e-06
2026-06-26 15:00:00+03:00,2.0,0.0037090074654947238,1.7018395590930048e-09,0.9962887882791045,2.202553340679035e-06
2026-06-26 15:05:00+03:00,2.0,0.0005036431956649297,3.203833428155643e-09,0.9994909972276114,5.356374306770098e-06
2026-06-26 15:10:00+03:00,2.0,0.00015893263806211053,4.6554780279326745e-09,0.9998366833104876,4.379397389131505e-06
2026-06-26 15:15:00+03:00,2.0,5.710156236210743e-05,1.7187684966006227e-09,0.9999386781231544,4.218595168317099e-06
2026-06-26 15:20:00+03:00,2.0,4.6070890067107695e-05,1.6355551425163977e-09,0.999951393986398,2.533487187420117e-06
2026-06-26 15:25:00+03:00,2.0,3.153760927855529e-05,1.8267992486311074e-09,0.9999649606897767,3.4998724414924667e-06
2026-06-26 15:30:00+03:00,2.0,3.4887120032661605e-05,1.2642773133305543e-09,0.9999634915191294,1.6200962602151633e-06
2026-06-26 15:35:00+03:00,2.0,3.31494354795307e-05,1.1109973058220664e-09,0.9999650193755962,1.8300780628271324e-06
2026-06-26 15:40:00+03:00,2.0,1.6806954089594528e-05,3.7223090231086286e-09,0.9999799946345077,3.194687576560052e-06
2026-06-26 15:45:00+03:00,2.0,1.6972713508521312e-05,2.418857412667205e-09,0.9999813312420925,1.6936267238875379e-06
2026-06-26 15:50:00+03:00,2.0,2.52413749030049e-05,1.86573575252511e-09,0.9999730146958818,1.742064251029776e-06
2026-06-26 15:55:00+03:00,2.0,3.3206909393081536e-05,1.894731636416535e-09,0.9999648195666199,1.9716294315256217e-06
2026-06-26 16:00:00+03:00,2.0,3.5309989170950015e-05,3.4678614519078756e-09,0.9999642711134669,4.1543045119812943e-07
2026-06-26 16:05:00+03:00,2.0,7.012897921385124e-05,6.092764921085285e-09,0.9999294549707375,4.099578337856897e-07
2026-06-26 16:10:00+03:00,2.0,0.0002798674020192052,3.4526001545154756e-06,0.9995298824577755,0.00018679754101821064
2026-06-26 16:15:00+03:00,2.0,6.876403300599759e-06,0.0043548872347980465,0.8332446741711518,0.1623935621911307
2026-06-26 16:20:00+03:00,3.0,1.4865488108066331e-05,0.0013424553115227113,0.3521068225983871,0.6465358566037276
2026-06-26 16:25:00+03:00,3.0,3.7167123540608995e-05,9.1366386621113e-05,0.18508973939310494,0.8147817270953767
2026-06-26 16:30:00+03:00,3.0,7.249364940138694e-07,0.00012905111889087862,0.03990987306286977,0.9599603508824543
2026-06-26 16:35:00+03:00,3.0,1.5407706608047918e-06,1.3611922433730117e-05,0.017127333657263422,0.9828575136502654
2026-06-26 16:40:00+03:00,3.0,6.341371435547448e-07,7.140294863355311e-06,0.004063980582674842,0.9959282449841798
2026-06-26 16:45:00+03:00,3.0,2.472744628484672e-07,5.060573991657457e-06,0.0015314943093198878,0.9984631978436943
2026-06-26 16:50:00+03:00,3.0,1.3195273734144707e-06,1.2050572705410859e-05,0.0017974464530493915,0.998189183446448
2026-06-26 16:55:00+03:00,3.0,3.1547071576718247e-07,5.770726108344016e-06,0.0025412120786939252,0.9974527017235797
2026-06-26 17:00:00+03:00,3.0,2.7720433773346034e-06,2.225713283279158e-06,0.03233304634718426,0.9676619558955918
2026-06-26 17:05:00+03:00,3.0,0.0002576388046787671,1.3579563569934306e-06,0.4462801350496706,0.5534608681881575
2026-06-26 17:10:00+03:00,2.0,0.00043835389339396335,3.5432331371549457e-07,0.9002669801949371,0.09929431158922351
2026-06-26 17:15:00+03:00,2.0,0.00011373987799297606,8.261249762966205e-08,0.9800707540374669,0.01981542347293057
2026-06-26 17:20:00+03:00,2.0,4.501867702774701e-05,9.008195991734516e-08,0.9996991485506966,0.0002557426888019692
2026-06-26 17:25:00+03:00,2.0,2.7251662024713092e-05,5.506720326633875e-09,0.9999602954910046,1.2447339631884981e-05
2026-06-26 17:30:00+03:00,2.0,5.208725517004455e-05,1.3724585311062256e-08,0.9999232216550166,2.467736389178328e-05
2026-06-26 17:35:00+03:00,2.0,8.3236464115139e-05,4.293395056800487e-09,0.9999086461359932,8.113107001246002e-06
2026-06-26 17:40:00+03:00,2.0,0.0003908719787755079,2.2225496826689344e-09,0.9996066878470437,2.4379518889523274e-06
2026-06-26 17:45:00+03:00,2.0,0.001821842411328986,2.1090892376198305e-09,0.9981755620533986,2.5934267664629072e-06
2026-06-26 17:50:00+03:00,2.0,0.008128726401207133,3.98665550238431e-09,0.9918664851420924,4.784468546616462e-06
2026-06-26 17:55:00+03:00,2.0,0.023607161440900054,6.307890560564751e-06,0.9763790774632609,7.4532068327048715e-06
2026-06-29 09:55:00+03:00,2.0,0.04826123183392261,0.014196322894110429,0.937535821716021,6.623555735728386e-06
2026-06-29 10:00:00+03:00,3.0,2.3221634342280763e-20,0.10397125620217457,8.175195843110624e-13,0.8960287437959846
2026-06-29 10:05:00+03:00,3.0,3.228931070781062e-14,0.00041150422473211837,5.150394851515441e-10,0.9995884952614503
2026-06-29 10:10:00+03:00,3.0,1.911011916550919e-16,1.5310791602297185e-05,5.638019430975061e-11,0.9999846891522577
2026-06-29 10:15:00+03:00,3.0,5.785190388107171e-15,6.200884278560421e-06,6.617863796237839e-10,0.9999937984549826
2026-06-29 10:20:00+03:00,3.0,1.7146899398037309e-15,6.8039935787874406e-06,2.47662285657896e-10,0.9999931957585909
2026-06-29 10:25:00+03:00,3.0,9.363391039106867e-16,6.74769559558185e-06,8.57366344348988e-11,0.9999932522196394
2026-06-29 10:30:00+03:00,3.0,3.697613080278585e-20,4.081386853168621e-05,3.49225585226346e-13,0.9999591861303931
2026-06-29 10:35:00+03:00,3.0,6.7029017928902614e-18,1.66365651595941e-05,3.3739556765151844e-11,0.9999833633993704
2026-06-29 10:40:00+03:00,3.0,7.381592220563764e-18,1.8098921148091877e-05,6.5822622250515e-11,0.9999819010118586
2026-06-29 10:45:00+03:00,3.0,7.229519672663585e-17,1.4825751725709596e-05,1.795078507763578e-10,0.9999851740693357
2026-06-29 10:50:00+03:00,3.0,1.872376025703189e-10,1.952555459450569e-05,6.5756077223243595e-06,0.9999738986503366
2026-06-29 10:55:00+03:00,3.0,2.4813531362230903e-10,1.676241019855036e-05,2.828500293900355e-06,0.9999804088429359
2026-06-29 11:00:00+03:00,3.0,1.3537538073594933e-09,2.519891327846898e-05,9.771391305123215e-05,0.9998770858204208
2026-06-29 11:05:00+03:00,3.0,4.1147816327595977e-10,2.3670430844651418e-05,0.0024155522438170972,0.997560776914743
2026-06-29 11:10:00+03:00,2.0,1.6613869615111667e-06,1.1956153491107588e-05,0.544751182299335,0.4552352001587849
2026-06-29 11:15:00+03:00,2.0,1.1783565666021342e-09,2.053939709072238e-05,0.5869781323544406,0.4130013270706839
2026-06-29 11:20:00+03:00,2.0,1.5624850590648675e-09,6.245561762677331e-06,0.9016804359822931,0.09831331689426602
2026-06-29 11:25:00+03:00,2.0,2.358215160732353e-09,1.080071613395316e-06,0.9588506828692536,0.04114823470248217
2026-06-29 11:30:00+03:00,2.0,6.789278127670346e-10,1.9922236167160776e-07,0.9947010046828747,0.0052987954158665975
2026-06-29 11:35:00+03:00,2.0,3.493382975528778e-10,1.2261223539521416e-07,0.999588240598665,0.00041163644033537493
2026-06-29 11:40:00+03:00,2.0,2.6030261527967702e-11,2.749607114952276e-07,0.9998270740083741,0.00017265100485455966
2026-06-29 11:45:00+03:00,2.0,5.755648462288904e-11,1.7103714301486102e-07,0.9999925486177056,7.280287698101547e-06
2026-06-29 11:50:00+03:00,2.0,2.922142745777399e-10,1.7197463927534692e-07,0.9999646169492632,3.521078399855226e-05
2026-06-29 11:55:00+03:00,2.0,2.784088206480266e-10,4.204698911107574e-08,0.9999662799647093,3.3677711186293656e-05
2026-06-29 12:00:00+03:00,2.0,3.4900533153665254e-10,3.242489957456183e-08,0.9999892340781298,1.0733147139372318e-05
2026-06-29 12:05:00+03:00,2.0,5.338640104947308e-09,1.885277408989137e-07,0.9999632963960031,3.6509736727049374e-05
2026-06-29 12:10:00+03:00,2.0,7.623668029679718e-09,1.1377663981041406e-08,0.9999932198018295,6.761198210666013e-06
2026-06-29 12:15:00+03:00,2.0,4.2574921835689774e-08,2.2193234841699354e-08,0.9999813703423596,1.856488850730747e-05
2026-06-29 12:20:00+03:00,2.0,4.444632337325683e-08,7.906550979579028e-09,0.999990023282153,9.924363483552271e-06
2026-06-29 12:25:00+03:00,2.0,1.1723716431322342e-07,7.247265334936899e-09,0.9999900432653714,9.832249995756435e-06
2026-06-29 12:30:00+03:00,2.0,1.559171244119727e-07,5.175948036413924e-09,0.9999974028284744,2.4360772189674052e-06
2026-06-29 12:35:00+03:00,2.0,2.418886384296634e-07,5.622869657443425e-09,0.9999995088438778,2.436447370252618e-07
2026-06-29 12:40:00+03:00,2.0,6.627511224602984e-08,3.224251083501067e-09,0.9999985261067142,1.4043932583392794e-06
2026-06-29 12:45:00+03:00,2.0,2.7586784423171637e-08,3.6550785253739436e-09,0.9999991696935276,7.990663552876626e-07
2026-06-29 12:50:00+03:00,2.0,8.562766076597331e-08,2.9623396818255952e-09,0.9999989832618379,9.281492295975928e-07
2026-06-29 12:55:00+03:00,2.0,1.053744112562079e-06,2.646714751266563e-09,0.99999844033058,5.032781412246195e-07
2026-06-29 13:00:00+03:00,2.0,5.212557486731508e-07,7.273554666749894e-09,0.9999993771709462,9.43013833200248e-08
2026-06-29 13:05:00+03:00,2.0,4.7374558269451236e-07,3.7208904350539255e-09,0.9999989671310564,5.554040866813168e-07
2026-06-29 13:10:00+03:00,2.0,2.2029115705365733e-06,3.7006523086898665e-09,0.9999967059611347,1.087428301595085e-06
2026-06-29 13:15:00+03:00,2.0,1.6820377484791724e-05,5.307710585178772e-09,0.9999805978722671,2.57644154329068e-06
2026-06-29 13:20:00+03:00,2.0,8.581030813015879e-06,2.109634502941288e-09,0.9999904990123706,9.178469251038612e-07
2026-06-29 13:25:00+03:00,2.0,2.0899639295797372e-05,2.0160655812300074e-09,0.9999779091888622,1.1891551293769317e-06
2026-06-29 13:30:00+03:00,2.0,1.2078514264401703e-05,1.6099062873696292e-09,0.9999870642241092,8.556516829916234e-07
2026-06-29 13:35:00+03:00,2.0,5.9256009268008395e-05,5.9858591787598585e-09,0.9999378453029824,2.8927026554694725e-06
2026-06-29 13:40:00+03:00,2.0,2.8070899328320346e-06,8.047671081117777e-09,0.9999926996145402,4.485246418534297e-06
2026-06-29 13:45:00+03:00,2.0,4.561602149048196e-06,1.8421632082029818e-09,0.9999950216384834,4.14918887417232e-07
2026-06-29 13:50:00+03:00,2.0,1.8891973040655156e-05,4.555236168675985e-09,0.9999750548978188,6.048575269059562e-06
2026-06-29 13:55:00+03:00,2.0,4.050905212084103e-05,2.834003113938131e-09,0.9999537265441099,5.76157089906007e-06
2026-06-29 14:00:00+03:00,2.0,1.7930643954348513e-05,4.004904427208768e-09,0.9999798715641544,2.193785771872401e-06
2026-06-29 14:05:00+03:00,2.0,2.843811987329069e-06,4.470617590445021e-09,0.999994046258041,3.105459394632662e-06
2026-06-29 14:10:00+03:00,2.0,1.924775244968403e-05,3.3885192732376057e-08,0.9999040084858081,7.670987626700188e-05
2026-06-29 14:15:00+03:00,2.0,1.3975592995073344e-05,3.73242582181229e-09,0.9999770461414842,8.974531317572271e-06
2026-06-29 14:20:00+03:00,2.0,4.919029432694843e-05,1.941738708944522e-08,0.9999496083292371,1.181959162243759e-06
2026-06-29 14:25:00+03:00,2.0,2.9651417468707652e-05,4.334771376039276e-09,0.9999638521897973,6.492058787385425e-06
2026-06-29 14:30:00+03:00,2.0,0.00010038435896256209,2.2021218297919807e-08,0.9998938159723929,5.77764634790526e-06
2026-06-29 14:35:00+03:00,2.0,4.557495351875113e-05,6.784256492245972e-09,0.999952112452547,2.305809305880267e-06
2026-06-29 14:40:00+03:00,2.0,4.005628481635914e-05,2.421833161069223e-09,0.9999566867840174,3.254508322978118e-06
2026-06-29 14:45:00+03:00,2.0,1.6288369612645724e-05,1.7206962304117302e-09,0.999980814200503,2.895708486722393e-06
2026-06-29 14:50:00+03:00,2.0,7.251281546555726e-06,1.8274903026589617e-09,0.9999908375740709,1.9093181962906297e-06
2026-06-29 14:55:00+03:00,2.0,9.38245839962258e-06,1.1335924586842119e-09,0.999989499942432,1.1164639686339194e-06
2026-06-29 15:00:00+03:00,2.0,1.4017619845847597e-05,1.8317224097367549e-09,0.9999856399893963,3.405594874277761e-07
2026-06-29 15:05:00+03:00,2.0,3.435291933549723e-05,6.009109835590995e-09,0.99996550100543,1.4006683672076389e-07
2026-06-29 15:10:00+03:00,2.0,1.2911122292621685e-05,2.1677796037466344e-09,0.9999866919546229,3.9475668005568267e-07
2026-06-29 15:15:00+03:00,2.0,1.6274674871986356e-05,2.218497643733726e-09,0.9999834485011965,2.74603794379268e-07
2026-06-29 15:20:00+03:00,2.0,0.00036251904151020614,1.750548443192769e-08,0.9996262727987797,1.1190653853475557e-05
2026-06-29 15:25:00+03:00,2.0,0.0014825709455264537,4.804997453582842e-09,0.9985171511596342,2.730890782251958e-07
2026-06-29 15:30:00+03:00,2.0,0.004031840427353858,3.625862674698284e-09,0.9959675901069722,5.658380933597246e-07
2026-06-29 15:35:00+03:00,2.0,0.010542959446633042,1.7554798692009436e-09,0.9894527691889156,4.2696094148558914e-06
2026-06-29 15:40:00+03:00,2.0,0.062065294532193144,4.993425078800112e-09,0.9379309321373787,3.768335866254963e-06
2026-06-29 15:45:00+03:00,2.0,0.20071789293495534,5.880392663763069e-09,0.7992619160950178,2.0185089707287606e-05
2026-06-29 15:50:00+03:00,2.0,0.39142564064313,3.460365607796759e-08,0.6085671147898019,7.209961965975179e-06
2026-06-29 15:55:00+03:00,2.0,0.42866027378123445,5.976413125002092e-08,0.5713376543822499,2.0120719870617295e-06
2026-06-29 16:00:00+03:00,2.0,0.4239337479510675,7.231240537058258e-08,0.576043083801776,2.309593510342443e-05
2026-06-29 16:05:00+03:00,2.0,0.2537631058404429,5.033306303825764e-08,0.7461916511974083,4.519262843728594e-05
2026-06-29 16:10:00+03:00,2.0,0.1767801334071015,1.5793911277382482e-08,0.8232139376996784,5.913098464178408e-06
2026-06-29 16:15:00+03:00,2.0,0.1795517008835878,9.981884437333402e-09,0.820444975304703,3.313830266425181e-06
2026-06-29 16:20:00+03:00,2.0,0.20129210263845423,6.949685862592626e-09,0.7986913672666917,1.6523146836997735e-05
2026-06-29 16:25:00+03:00,2.0,0.47595137693087564,6.798860219389149e-08,0.5239917091408434,5.6845940616128276e-05
2026-06-29 16:30:00+03:00,0.0,0.9730973681664568,6.111021033569912e-08,0.026465078446176078,0.00043749227704629974
2026-06-29 16:35:00+03:00,0.0,0.9951530698084599,2.03705813737457e-09,0.004837122958836196,9.805197207388605e-06
2026-06-29 16:40:00+03:00,0.0,0.9977636244489382,7.903062459261207e-09,0.002208403822093894,2.7963824952423877e-05
2026-06-29 16:45:00+03:00,0.0,0.9858393851159766,2.444537603127185e-08,0.014078375973758401,8.221446350685944e-05
2026-06-29 16:50:00+03:00,0.0,0.9361365210890781,4.612342712445453e-08,0.06358226399223757,0.00028116879661157194
2026-06-29 16:55:00+03:00,0.0,0.6561037140337036,7.867706323691322e-08,0.3434960473906217,0.000400159897930373
2026-06-29 17:00:00+03:00,2.0,0.4447504544288616,3.840053912491497e-08,0.5549912185621121,0.0002582886093634475
2026-06-29 17:05:00+03:00,2.0,0.2136804916796825,3.877787048657788e-08,0.785898028938063,0.000421440602973098
2026-06-29 17:10:00+03:00,2.0,0.14722641580282,1.7903236785928166e-08,0.8526710517045789,0.00010251458985443155
2026-06-29 17:15:00+03:00,2.0,0.1093164643083146,7.80665600386829e-09,0.8906439526213303,3.957526535009859e-05
2026-06-29 17:20:00+03:00,2.0,0.09247170574337915,9.82457359053108e-09,0.907522028322824,6.256110826303658e-06
2026-06-29 17:25:00+03:00,2.0,0.07079099935383935,6.687610184957783e-09,0.9291955204216338,1.3473537905981704e-05
2026-06-29 17:30:00+03:00,2.0,0.05957028703674781,2.61836720263283e-08,0.9403659984102627,6.3688370456784e-05
2026-06-29 17:35:00+03:00,2.0,0.05145334711516695,1.5722507719837056e-08,0.9485004842467947,4.615291547705289e-05
2026-06-29 17:40:00+03:00,2.0,0.04395440350366003,1.2896789609126565e-08,0.9560145105360518,3.10730639471992e-05
2026-06-29 17:45:00+03:00,2.0,0.04178209323904405,5.332184645262258e-09,0.9582085567205247,9.34470998094388e-06
2026-06-29 17:50:00+03:00,2.0,0.04071263046433763,1.7964635673385872e-07,0.9592651561255143,2.2033763197655973e-05
2026-06-29 17:55:00+03:00,2.0,0.039190052973966855,0.00031549337333726797,0.9603080283223936,0.00018642533062494964
2026-06-30 09:55:00+03:00,1.0,0.00021621391587967566,0.996209348818367,0.0010754664594583717,0.0024989708058052824
2026-06-30 10:00:00+03:00,3.0,2.8914822243758955e-06,0.005016780431236029,0.00012001508353669302,0.9948603130045399
2026-06-30 10:05:00+03:00,3.0,5.422560366856652e-05,2.038812311006556e-05,0.00031363230828904126,0.9996117539639172
2026-06-30 10:10:00+03:00,3.0,0.00010890239536761513,4.941908774750427e-06,0.00036928850233716417,0.9995168671920233
2026-06-30 10:15:00+03:00,3.0,3.369843763428886e-05,5.087860329547386e-06,6.245295506070395e-05,0.9998987607460005
2026-06-30 10:20:00+03:00,3.0,2.474699991480359e-05,4.3962520510746935e-06,9.255413784688691e-05,0.9998783026118727
2026-06-30 10:25:00+03:00,3.0,8.458652272298453e-06,4.862520123505678e-06,0.00034670083545150173,0.9996399779903851
2026-06-30 10:30:00+03:00,3.0,1.7412617063271894e-05,4.692560131564439e-06,0.0019079912905947604,0.9980699035306159
2026-06-30 10:35:00+03:00,3.0,1.7078040381324788e-05,4.710474704526947e-06,0.004571436911964101,0.995406774572599
2026-06-30 10:40:00+03:00,3.0,5.236915959971696e-07,3.4040957724940596e-06,0.008780797963028122,0.9912152742489045
2026-06-30 10:45:00+03:00,2.0,0.0019949950907190554,2.92646418654612e-07,0.8907100873484799,0.10729462491427812
2026-06-30 10:50:00+03:00,2.0,0.0007789797500056223,6.380625329889875e-08,0.9867700439513447,0.01245091249330193
2026-06-30 10:55:00+03:00,2.0,0.00021403077294442953,5.741014785904987e-08,0.9963525774208634,0.0034333343955220653
2026-06-30 11:00:00+03:00,2.0,8.291448594743622e-05,1.8968002562954824e-08,0.999247605410028,0.0006694611352362343
2026-06-30 11:05:00+03:00,2.0,8.211314732587377e-05,6.982452694141948e-09,0.999850068222706,6.781164717028538e-05
2026-06-30 11:10:00+03:00,2.0,7.728940944911673e-05,7.856616617018575e-09,0.9999093376782886,1.3365055378339904e-05
2026-06-30 11:15:00+03:00,2.0,5.9526534862631675e-05,9.860933544044798e-08,0.9996654248586169,0.000274949995714939
2026-06-30 11:20:00+03:00,2.0,7.232610538987494e-05,9.053145368803265e-09,0.9998707030967481,5.696174418093561e-05
2026-06-30 11:25:00+03:00,2.0,8.588257832619921e-05,6.813506046360078e-09,0.9998864135426834,2.769706544633251e-05
2026-06-30 11:30:00+03:00,2.0,9.897684900584192e-05,5.3839936467734506e-09,0.9998900057651879,1.1012002251832966e-05
2026-06-30 11:35:00+03:00,2.0,0.0001351570262627535,2.661774602785554e-09,0.9998623465053202,2.4938081024856282e-06
2026-06-30 11:40:00+03:00,2.0,0.00016115156091154765,7.172120750151925e-09,0.999838057242554,7.840229691709329e-07
2026-06-30 11:45:00+03:00,2.0,7.373883130687851e-05,1.9322132839172784e-08,0.9999128752763531,1.3366571398902166e-05
2026-06-30 11:50:00+03:00,2.0,0.00010116214201214842,2.571668249767834e-09,0.9998949527243366,3.8825608000439805e-06
2026-06-30 11:55:00+03:00,2.0,0.00010312127863321965,3.821380102392527e-09,0.9998961113941176,7.635050669357152e-07
2026-06-30 12:00:00+03:00,2.0,9.042686304037588e-05,2.2368666032754037e-09,0.9999069379641505,2.632936339997393e-06
2026-06-30 12:05:00+03:00,2.0,0.0001074681214736326,1.8330054353929187e-09,0.9998915572955384,9.727496709509323e-07
2026-06-30 12:10:00+03:00,2.0,5.909873326662395e-05,2.482311993405299e-09,0.9999401190210442,7.797645338481554e-07
2026-06-30 12:15:00+03:00,2.0,4.9864336843285045e-05,1.9009837603638995e-09,0.9999493263710245,8.073911738201906e-07
2026-06-30 12:20:00+03:00,2.0,6.48849230924012e-05,4.349772417326573e-09,0.9999350243752607,8.635308356132496e-08
2026-06-30 12:25:00+03:00,2.0,5.065907448577739e-05,1.3655482893976034e-09,0.999948685279075,6.542796812374611e-07
2026-06-30 12:30:00+03:00,2.0,4.2562690012219525e-05,3.385296776814134e-09,0.9999570990620207,3.348635975637514e-07
2026-06-30 12:35:00+03:00,2.0,3.333527458960292e-05,7.627887029135605e-09,0.9999658577843183,7.99314835648731e-07
2026-06-30 12:40:00+03:00,2.0,2.425332209772871e-05,1.1796593604734578e-08,0.9999753593454409,3.7553563064187385e-07
2026-06-30 12:45:00+03:00,2.0,3.3967383244872634e-05,7.161679575036029e-09,0.999965684807985,3.4064863465057603e-07
2026-06-30 12:50:00+03:00,2.0,1.665366913286283e-05,4.849601053202036e-09,0.9999824666456398,8.748370534721005e-07
2026-06-30 12:55:00+03:00,2.0,2.163474864139773e-05,2.2454224926566212e-09,0.9999778197838741,5.432228993571113e-07
2026-06-30 13:00:00+03:00,2.0,4.084061772446549e-05,1.547218476290543e-08,0.9999591320213064,1.1888122747335025e-08
2026-06-30 13:05:00+03:00,2.0,2.984058337025327e-05,2.0751068397128664e-09,0.9999699338304483,2.2351191327196446e-07
2026-06-30 13:10:00+03:00,2.0,2.6026532337258185e-05,1.63499002495758e-09,0.999973542188713,4.2964371877965017e-07
2026-06-30 13:15:00+03:00,2.0,2.8086198361430632e-05,2.1745283416737052e-09,0.9999716967653539,2.148616990258425e-07
2026-06-30 13:20:00+03:00,2.0,3.2399770866368845e-05,8.703228708239722e-09,0.9999675659804204,2.5545941185714727e-08
2026-06-30 13:25:00+03:00,2.0,2.7138803115001446e-05,5.238559687622461e-09,0.9999727631473813,9.281090747661552e-08
2026-06-30 13:30:00+03:00,2.0,2.3420595711801742e-05,2.891903673737207e-09,0.999976283900848,2.9261222253646486e-07
2026-06-30 13:35:00+03:00,2.0,2.2811760231259112e-05,6.671739310809195e-09,0.9999769255743653,2.5599192359028915e-07
2026-06-30 13:40:00+03:00,2.0,2.1305207195421715e-05,3.7453446165608204e-08,0.9999782728623596,3.8447623045991766e-07
2026-06-30 13:45:00+03:00,2.0,2.964134202366052e-05,2.320091972565333e-08,0.99996995479549,3.8066248765478955e-07
2026-06-30 13:50:00+03:00,2.0,2.7501426974993173e-05,2.2478972243734263e-08,0.9999720568169043,4.192765366522064e-07
2026-06-30 13:55:00+03:00,2.0,2.1791292038312294e-05,1.821158589219455e-08,0.9999778076442082,3.828539726011004e-07
2026-06-30 14:00:00+03:00,2.0,3.2530617390502175e-05,9.535714168234628e-09,0.9999670659856795,3.938611410781721e-07
2026-06-30 14:05:00+03:00,2.0,4.00355141984716e-05,7.1734145443633065e-09,0.9999595858916477,3.7142024561733547e-07
2026-06-30 14:10:00+03:00,2.0,1.1419123647007038e-05,1.424553295370743e-08,0.9999859737510247,2.592878032201623e-06
2026-06-30 14:15:00+03:00,2.0,1.828235299225608e-05,1.878366003932875e-09,0.9999810235985676,6.921700108683708e-07
2026-06-30 14:20:00+03:00,2.0,1.9435649731387883e-05,1.7582743348528009e-09,0.9999799156446572,6.469473385167207e-07
2026-06-30 14:25:00+03:00,2.0,1.9471644168452046e-05,1.956230187152142e-09,0.9999798955488661,6.308513569353421e-07
2026-06-30 14:30:00+03:00,2.0,2.5241897491314774e-05,2.1782419477219052e-09,0.9999743288192808,4.2710381839669786e-07
2026-06-30 14:35:00+03:00,2.0,2.382586648469628e-05,1.7817534059219144e-09,0.999975691379278,4.809712145303126e-07
2026-06-30 14:40:00+03:00,2.0,2.379227001985843e-05,1.5150218471828288e-09,0.999975658445457,5.477709117910563e-07
2026-06-30 14:45:00+03:00,2.0,2.43844443866966e-05,1.4593028006764133e-09,0.9999751455612691,4.6853331775534935e-07
2026-06-30 14:50:00+03:00,2.0,1.792446622469532e-05,3.418949546465405e-09,0.9999816677343549,4.0438109301925954e-07
2026-06-30 14:55:00+03:00,2.0,2.226204999808475e-06,1.2453874382611006e-06,0.999972431936677,2.4096470056404673e-05
2026-06-30 15:00:00+03:00,2.0,7.837681018247586e-10,0.0003923036975297552,0.9963384189818254,0.0032692765380555495
2026-06-30 15:05:00+03:00,2.0,1.7850950391043827e-08,1.918797791150371e-06,0.9993775776539082,0.0006204856976470217
2026-06-30 15:10:00+03:00,2.0,7.628890386408033e-09,8.893411103054402e-08,0.9998901838246788,0.00010971961178573748
2026-06-30 15:15:00+03:00,2.0,1.871522635715479e-08,1.6613287555190459e-07,0.9997603836580476,0.00023943149311583716
2026-06-30 15:20:00+03:00,2.0,2.2730424783729942e-08,6.02383069332937e-08,0.9998956482039566,0.00010426882807208539
2026-06-30 15:25:00+03:00,2.0,4.154792131842054e-08,1.1136491297808765e-07,0.9997520920739268,0.00024775501203682195
2026-06-30 15:30:00+03:00,2.0,8.264827062537206e-08,1.2646209216512322e-07,0.9996700287403213,0.0003297621480158081
2026-06-30 15:35:00+03:00,2.0,7.073665264584792e-08,6.409668940600972e-08,0.9996319434679077,0.00036792169907218735
2026-06-30 15:40:00+03:00,2.0,9.628878071921273e-08,1.9463220654464123e-07,0.9999419706831033,5.773839590307822e-05
2026-06-30 15:45:00+03:00,2.0,9.887554793918102e-08,2.064522036449168e-08,0.9999032405097436,9.663996834761002e-05
2026-06-30 15:50:00+03:00,2.0,7.463294179811537e-07,4.820615619984263e-09,0.99999622172604,3.0271248218156e-06
2026-06-30 15:55:00+03:00,2.0,4.2954589201981915e-07,1.0353970905321862e-08,0.9999993115636794,2.485375870345496e-07
2026-06-30 16:00:00+03:00,2.0,1.5059333155755604e-07,9.758578004375925e-09,0.9999982986715543,1.5409773974133426e-06
2026-06-30 16:05:00+03:00,2.0,1.9236571862950615e-07,8.316675381579675e-09,0.9999988238967129,9.754219590103367e-07
2026-06-30 16:10:00+03:00,2.0,2.1521221608633732e-07,4.280932999988491e-09,0.9999993771636703,4.0334328425418586e-07
2026-06-30 16:15:00+03:00,2.0,2.0302920086854578e-07,5.217478583313806e-09,0.9999992592714094,5.324823918956011e-07
2026-06-30 16:20:00+03:00,2.0,2.1010256422420654e-07,7.986213151243964e-09,0.9999993586063521,4.233034314638253e-07
2026-06-30 16:25:00+03:00,2.0,2.513623116903824e-07,1.0540724011446727e-08,0.9999996457082206,9.239010402686094e-08
2026-06-30 16:30:00+03:00,2.0,2.418809875648035e-07,8.812330895588935e-09,0.9999996367151402,1.1259105921976059e-07
2026-06-30 16:35:00+03:00,2.0,8.45530750899837e-08,1.0807129511627074e-08,0.9999997201412435,1.8449713251209618e-07
2026-06-30 16:40:00+03:00,2.0,2.319387775682165e-07,1.3058841381266757e-08,0.9999996083425543,1.4666098121832047e-07
2026-06-30 16:45:00+03:00,2.0,5.007565417182532e-07,1.1533155629157585e-08,0.9999992559026436,2.3180777786967868e-07
2026-06-30 16:50:00+03:00,2.0,7.653055572347102e-07,6.874366984730843e-08,0.9999991601038235,5.845251190525137e-09
2026-06-30 16:55:00+03:00,2.0,2.6151962792997786e-06,1.0481663311775425e-08,0.9999968185052827,5.55818010110401e-07
2026-06-30 17:00:00+03:00,2.0,2.418455802388945e-06,2.911880652217457e-09,0.9999973681331612,2.1050042646580342e-07
2026-06-30 17:05:00+03:00,2.0,1.6656163261479813e-05,4.246632668192702e-09,0.9999821886653159,1.1509255050557245e-06
2026-06-30 17:10:00+03:00,2.0,8.287205981650499e-06,1.7168241342692262e-09,0.9999912995641493,4.115133992807229e-07
2026-06-30 17:15:00+03:00,2.0,1.0615294001806687e-05,2.134456732779623e-09,0.9999892596201043,1.2295093100860402e-07
2026-06-30 17:20:00+03:00,2.0,4.92971617476436e-07,2.029264902584576e-08,0.9999980826815054,1.404055384091439e-06
2026-06-30 17:25:00+03:00,2.0,1.6937225382518695e-06,1.5876281295359715e-09,0.9999975051609197,7.995287224043816e-07
2026-06-30 17:30:00+03:00,2.0,7.93464762623128e-06,3.610427212673234e-08,0.9999842771029819,7.752144667550655e-06
2026-06-30 17:35:00+03:00,2.0,1.683682566859054e-05,3.323077494634363e-09,0.9999789685745526,4.191277369823089e-06
2026-06-30 17:40:00+03:00,2.0,6.342123205267292e-06,3.139835777060534e-09,0.9999888304051529,4.824332082397463e-06
2026-06-30 17:45:00+03:00,2.0,7.82737470324428e-06,1.4625379737447679e-09,0.9999887439059006,3.427255952364449e-06
2026-06-30 17:50:00+03:00,2.0,3.842395447195765e-06,1.8934600335291856e-09,0.9999923238250574,3.8318855116864086e-06
2026-06-30 17:55:00+03:00,2.0,1.2970087545224611e-05,3.607960833475343e-08,0.9999768994033501,1.0094428979084333e-05
2026-07-01 09:55:00+03:00,2.0,1.8246323049710458e-05,6.556755215804681e-05,0.9999154434689167,7.426562784264211e-07
2026-07-01 10:00:00+03:00,2.0,2.762222555922636e-07,7.62263192808956e-05,0.9554241004309618,0.04449939702785207
2026-07-01 10:05:00+03:00,2.0,9.581321177058185e-07,1.566649128054881e-05,0.9332529766405526,0.06673039873486676
2026-07-01 10:10:00+03:00,2.0,7.387443597472716e-06,4.016437010963612e-05,0.8575202638474113,0.14243218433894597
2026-07-01 10:15:00+03:00,2.0,7.610826722932519e-05,0.0001513966566991502,0.5603540220820257,0.43941847299580383
2026-07-01 10:20:00+03:00,3.0,1.8774849410521533e-13,0.0013101962243351984,6.9564489990693155e-09,0.9986897968208309
2026-07-01 10:25:00+03:00,3.0,3.3161509753683077e-13,1.2010078358206015e-05,8.369663050910813e-11,0.9999879898380637
2026-07-01 10:30:00+03:00,3.0,2.712806773918051e-18,2.1360149057216533e-05,6.34877326480662e-14,0.9999786398501174
2026-07-01 10:35:00+03:00,3.0,9.68996392953203e-17,8.19602134021468e-06,3.4032551422568683e-13,0.9999918039765634
2026-07-01 10:40:00+03:00,3.0,8.351238963490643e-16,6.0053033864431745e-06,1.8511008863734436e-12,0.9999939946936377
2026-07-01 10:45:00+03:00,3.0,6.607915690418334e-15,4.257137379179058e-06,9.303701964809684e-12,0.9999957428535375
2026-07-01 10:50:00+03:00,3.0,6.055751932406996e-20,4.824105214142165e-05,3.208971013540325e-16,0.9999517589489482
2026-07-01 10:55:00+03:00,3.0,4.3701502746590573e-20,3.331693436211284e-05,1.2367284409338817e-16,0.9999666830647151
2026-07-01 11:00:00+03:00,3.0,2.3193030816056707e-20,1.9104796689346867e-05,2.804625512785639e-16,0.9999808952021884
2026-07-01 11:05:00+03:00,3.0,1.2021230069577654e-20,1.7797398815502025e-05,9.045514051838568e-17,0.9999822026021645
2026-07-01 11:10:00+03:00,3.0,1.5047415163340146e-17,1.1632256040829417e-05,1.2907786808992621e-14,0.9999883677431969
2026-07-01 11:15:00+03:00,3.0,4.462487121136669e-17,7.4065465060488264e-06,4.921507465544073e-14,0.9999925934518233
2026-07-01 11:20:00+03:00,3.0,4.2777685195058293e-13,3.2365337036846383e-06,4.4372824613508195e-11,0.9999967634228223
2026-07-01 11:25:00+03:00,3.0,1.9979618599390778e-16,9.536155407290645e-06,5.42133350196579e-13,0.9999904638443642
2026-07-01 11:30:00+03:00,3.0,3.4518877631628767e-13,2.355008913771339e-06,1.0106869608129654e-10,0.9999976448880709
2026-07-01 11:35:00+03:00,3.0,6.452252522088866e-11,1.8107135912536486e-05,3.91676193211105e-09,0.9999818888830568
2026-07-01 11:40:00+03:00,3.0,1.3723016907070837e-07,3.1090424171807164e-06,5.607815441227729e-07,0.9999961929460988
2026-07-01 11:45:00+03:00,3.0,7.590552411442188e-05,3.1797632530821055e-06,2.784773792222308e-05,0.9998930669741872
2026-07-01 11:50:00+03:00,3.0,0.0072514903834193815,4.532618275780705e-06,0.00015690347237062185,0.992587073525852
2026-07-01 11:55:00+03:00,3.0,0.35376807125669996,1.5722272963510454e-05,0.0032518987829906415,0.6429643076891123
2026-07-01 12:00:00+03:00,0.0,0.7285902845456493,2.2397133464336232e-07,0.0034714262980330606,0.2679380651840674
2026-07-01 12:05:00+03:00,0.0,0.9838509681889476,2.70603895513386e-10,0.0004896574855600311,0.015659374056656062
2026-07-01 12:10:00+03:00,0.0,0.9999536861425877,3.741062306361014e-11,6.99335070171681e-06,3.9320468878065595e-05
2026-07-01 12:15:00+03:00,0.0,0.9999981890157896,4.844735196060032e-12,8.727919270558546e-07,9.38186315448953e-07
2026-07-01 12:20:00+03:00,0.0,0.9999967746022951,7.903445675819437e-14,4.2167525033938196e-08,3.183231471320065e-06
2026-07-01 12:25:00+03:00,0.0,0.999999881052652,7.395986377880891e-12,2.5804709776855835e-09,1.1635833909339919e-07
2026-07-01 12:30:00+03:00,0.0,0.9999532676125982,3.186215886189153e-11,7.107428907438064e-07,4.602161099858853e-05
2026-07-01 12:35:00+03:00,0.0,0.9999971045368593,4.1559508778127196e-13,1.3852184513963158e-08,2.8816123302855646e-06
2026-07-01 12:40:00+03:00,0.0,0.9999987587842469,5.12415990167469e-13,1.2263267288357234e-08,1.2289504945120244e-06
2026-07-01 12:45:00+03:00,0.0,0.9999971537003638,7.216302115191086e-13,1.4971463695923088e-09,2.8448001827278748e-06
2026-07-01 12:50:00+03:00,0.0,0.9999979363440991,1.1131325844878933e-13,5.386207092446772e-11,2.0636034360451704e-06
2026-07-01 12:55:00+03:00,0.0,0.9999987398595049,1.191207299839085e-13,9.19416595225412e-11,1.2600487538273548e-06
2026-07-01 13:00:00+03:00,0.0,0.9999973873707427,8.691293788511179e-14,1.1606527380069839e-11,2.6126189534687788e-06
2026-07-01 13:05:00+03:00,0.0,0.9999991256049,4.807719079013493e-14,1.8879830555455775e-12,8.743946887127961e-07
2026-07-01 13:10:00+03:00,0.0,0.9999983854517569,3.2301584775644194e-12,2.6957592225932317e-12,1.6145438720346992e-06
2026-07-01 13:15:00+03:00,0.0,0.9998060573607748,3.211067865875422e-10,1.5258152531044177e-13,0.00019394231655444935
2026-07-01 13:20:00+03:00,0.0,0.9999143834848322,2.5252867954322897e-10,1.1738228117572957e-09,8.561508873131616e-05
2026-07-01 13:25:00+03:00,0.0,0.9997130686113888,1.6426980008383005e-09,9.343300402304924e-10,0.0002869288118930342
2026-07-01 13:30:00+03:00,0.0,0.9970196889576179,1.4711407997101148e-08,1.1669201538685792e-10,0.0029802962131525255
2026-07-01 13:35:00+03:00,0.0,0.9958721240634154,7.808404989333608e-09,1.1096795464642124e-09,0.0041278670200492005
2026-07-01 13:40:00+03:00,0.0,0.992658954174643,1.4540828381208866e-08,2.1055859480364006e-10,0.007341031073775191
2026-07-01 13:45:00+03:00,0.0,0.9800570525520605,5.8451108677362586e-08,9.038435834707088e-10,0.019942888094416317
2026-07-01 13:50:00+03:00,0.0,0.8904233879967507,3.209414633666418e-07,6.56657256817354e-09,0.1095762844939253
2026-07-01 13:55:00+03:00,3.0,1.1285548968520987e-05,8.53012195230587e-05,6.038057325893901e-09,0.9999034071930926
2026-07-01 14:00:00+03:00,3.0,0.0019009008260284478,5.225589046679192e-07,4.629191185996613e-07,0.9980981136959745
2026-07-01 14:05:00+03:00,3.0,0.21976892647343943,2.289401755084483e-08,2.078491206791997e-05,0.7802102657202413
2026-07-01 14:10:00+03:00,0.0,0.9869536471322058,9.407358375457094e-06,7.0582302595693554e-06,0.01302988727816073
2026-07-01 14:15:00+03:00,0.0,0.990410517679483,9.409651141323626e-09,2.2786487214197002e-07,0.00958924504458489
2026-07-01 14:20:00+03:00,0.0,0.9940031989126115,6.207630383409432e-09,1.9459234474154146e-07,0.005996600287257821
2026-07-01 14:25:00+03:00,0.0,0.9952667043163396,1.6009364343275383e-08,3.2144682917615004e-08,0.004733247530577702
2026-07-01 14:30:00+03:00,0.0,0.997287068982444,9.79952387682228e-10,3.668996472326175e-10,0.0027129296701047067
2026-07-01 14:35:00+03:00,0.0,0.9975500536785104,1.3473494277182693e-09,3.1681915746651425e-10,0.0024499446589592764
2026-07-01 14:40:00+03:00,0.0,0.9978306007760468,1.836959367181161e-11,4.246192797335238e-09,0.002169394959330256
2026-07-01 14:45:00+03:00,0.0,0.9999856822402763,8.976621558249145e-13,7.318521720858438e-09,1.431043958548009e-05
2026-07-01 14:50:00+03:00,0.0,0.9999985012302521,1.343583320664278e-12,5.516811002598799e-09,1.4932518851627906e-06
2026-07-01 14:55:00+03:00,0.0,0.9999956876874633,4.444815898482508e-12,3.815481490744079e-08,4.274152757752845e-06
2026-07-01 15:00:00+03:00,0.0,0.9999934305230694,4.578792951814971e-13,1.9184751989044425e-07,6.37763073733751e-06
2026-07-01 15:05:00+03:00,0.0,0.9999996634542752,2.905120505789159e-13,8.705025368763473e-10,3.356763048876901e-07
2026-07-01 15:10:00+03:00,0.0,0.9999962087748844,1.123227928291288e-13,5.265757869466271e-10,3.790698463895792e-06
2026-07-01 15:15:00+03:00,0.0,0.9999994793253327,2.068084466335685e-13,1.6070989507655935e-09,5.190676376461204e-07
2026-07-01 15:20:00+03:00,0.0,0.9999987865856469,4.7116580020643e-15,3.6615730716118603e-09,1.2097527995855296e-06
2026-07-01 15:25:00+03:00,0.0,0.999999965755706,4.640001490914277e-13,3.992907053053265e-09,3.025155265375855e-08
2026-07-01 15:30:00+03:00,0.0,0.9999993939347422,1.1483988207280894e-13,2.1898954664627366e-09,6.038764390980153e-07
2026-07-01 15:35:00+03:00,0.0,0.9999991178778398,1.9630486564136353e-14,1.729235815734115e-11,8.821066214333624e-07
2026-07-01 15:40:00+03:00,0.0,0.9999996501974849,2.7163706232386664e-16,2.519061124813035e-11,3.497784574838452e-07
2026-07-01 15:45:00+03:00,0.0,0.9999999888277672,8.773000169564338e-15,1.6363870377256022e-13,1.1170326995539071e-08
2026-07-01 15:50:00+03:00,0.0,0.9999994011779537,3.4184069020408196e-14,2.9708669805858195e-12,5.988200015324104e-07
2026-07-01 15:55:00+03:00,0.0,0.9999984337422108,5.555688638048121e-13,1.484765848496872e-10,1.566109151145434e-06
2026-07-01 16:00:00+03:00,0.0,0.9999949131399495,1.1108646729433235e-10,4.388797463354447e-08,5.042860865651481e-06
2026-07-01 16:05:00+03:00,0.0,0.9998467676429488,5.86959379329209e-09,2.3240749533552694e-05,0.00012998573809129164
2026-07-01 16:10:00+03:00,0.0,0.9999203202410265,1.330196849747052e-09,1.0131372574746303e-06,7.86652905866648e-05
2026-07-01 16:15:00+03:00,0.0,0.9997389914886995,3.502316590566794e-09,1.4377369289298382e-07,0.0002608612336571641
2026-07-01 16:20:00+03:00,0.0,0.9988379545703905,1.950131751278582e-08,2.921781931684406e-07,0.001161733748621204
2026-07-01 16:25:00+03:00,0.0,0.9890390784031063,1.14242172774342e-07,1.3117963413000636e-08,0.010960794236259926
2026-07-01 16:30:00+03:00,0.0,0.9928398679953573,3.6668163898920862e-09,2.803845953700148e-08,0.007160100297595595
2026-07-01 16:35:00+03:00,0.0,0.9949711963952235,4.326076177530265e-09,1.8379644962484964e-07,0.005028615483945396
2026-07-01 16:40:00+03:00,0.0,0.9970328623002362,1.5769890795223948e-09,6.02345460978901e-08,0.0029670758882066792
2026-07-01 16:45:00+03:00,0.0,0.9983558503393487,4.55006931188774e-09,6.563633450930283e-05,0.0015785087748289225
2026-07-01 16:50:00+03:00,0.0,0.9931901525277176,7.720451811249454e-09,0.005476817881156236,0.0013330218700528336
2026-07-01 16:55:00+03:00,0.0,0.9516900862367336,2.995308660726187e-08,0.04810773651925651,0.00020214729144994994
2026-07-01 17:00:00+03:00,0.0,0.900143170191873,8.930993752682026e-08,0.09846041105420895,0.0013963294424928637
2026-07-01 17:05:00+03:00,0.0,0.8723102821078451,3.920636713110726e-09,0.12749599109732634,0.00019372287250664353
2026-07-01 17:10:00+03:00,0.0,0.8437936344720741,2.6876103095052847e-09,0.15616586869407165,4.0494146003235464e-05
2026-07-01 17:15:00+03:00,0.0,0.8067149198697172,4.284835022939536e-09,0.19327122864673574,1.3847198644876035e-05
2026-07-01 17:20:00+03:00,0.0,0.7373752861880865,1.0704061475491172e-08,0.26258301728374983,4.168582356911115e-05
2026-07-01 17:25:00+03:00,2.0,0.4849730053042579,2.3411794147016688e-08,0.514993864629892,3.310665517282798e-05
2026-07-01 17:30:00+03:00,2.0,0.16322029998121748,2.54321519745439e-08,0.8367324637026985,4.721088539185411e-05
2026-07-01 17:35:00+03:00,2.0,0.03449629465223634,6.489298338028243e-09,0.9654830019497933,2.0696910211497553e-05
2026-07-01 17:40:00+03:00,2.0,0.009144149029876343,1.8822465454595236e-09,0.9908530853272395,2.763762290129258e-06
2026-07-01 17:45:00+03:00,2.0,0.001924891386587073,1.354437250488706e-09,0.998073173862835,1.933397174986686e-06
2026-07-01 17:50:00+03:00,2.0,0.0007276162433457103,2.9319350991554405e-08,0.9992722824036726,7.203278751786352e-08
2026-07-01 17:55:00+03:00,2.0,0.0006412006492266818,0.00010053774018201073,0.9992435665338912,1.4695076410916664e-05
2026-07-02 09:55:00+03:00,1.0,9.72998451162538e-11,0.9995970192510447,2.9508197527528484e-07,0.00040268557134929964
2026-07-02 10:00:00+03:00,3.0,3.882304129162409e-12,0.004345174787038439,9.814009104417357e-08,0.995654727068337
2026-07-02 10:05:00+03:00,3.0,6.005487415846068e-13,3.551349306682183e-05,5.7986108916044684e-11,0.9999644864486756
2026-07-02 10:10:00+03:00,3.0,1.4771778471214188e-19,3.3382789522670786e-05,1.2320191310408765e-16,0.9999666172122191
2026-07-02 10:15:00+03:00,3.0,7.775336934356389e-16,4.141346119431637e-06,6.133071130633543e-13,0.9999958586535547
2026-07-02 10:20:00+03:00,3.0,7.540867585414198e-25,0.00016923532157823006,4.847782280276296e-21,0.9998307646775265
2026-07-02 10:25:00+03:00,3.0,2.3537678541672922e-20,1.1683719114082195e-05,4.8175064642019274e-17,0.9999883162809486
2026-07-02 10:30:00+03:00,3.0,4.854502633595789e-25,6.341692468327051e-05,6.387511559800131e-20,0.9999365830763507
2026-07-02 10:35:00+03:00,3.0,4.245555967176678e-25,5.328071556156918e-05,1.2520654556059968e-19,0.9999467192835448
2026-07-02 10:40:00+03:00,3.0,2.271695316831834e-25,7.159810204525572e-05,1.2543340649341529e-20,0.9999284018980155
2026-07-02 10:45:00+03:00,3.0,4.2097666205629956e-23,3.767786822217892e-05,1.6130183809318289e-18,0.9999623221305819
2026-07-02 10:50:00+03:00,3.0,3.1891614300036487e-25,8.646810155467268e-05,8.173879910944803e-20,0.9999135318999961
2026-07-02 10:55:00+03:00,3.0,8.918769806122961e-25,9.610786099248263e-05,2.4684392386587785e-19,0.99990389213987
2026-07-02 11:00:00+03:00,3.0,1.9843646074263602e-23,0.00011461230826101758,7.594018682407682e-19,0.9998853876915145
2026-07-02 11:05:00+03:00,3.0,3.3423427098571304e-21,4.176615974799571e-05,6.414579207248361e-17,0.9999582338414506
2026-07-02 11:10:00+03:00,3.0,6.717593699725107e-14,1.749981338537435e-05,2.4978750436944804e-11,0.9999825001617515
2026-07-02 11:15:00+03:00,3.0,2.794049568856775e-11,4.199852717473559e-06,9.236174863355291e-10,0.9999957991946771
2026-07-02 11:20:00+03:00,3.0,6.512913261407002e-07,1.7932790129537516e-06,1.1999730298284446e-07,0.9999974354319563
2026-07-02 11:25:00+03:00,3.0,0.0009803855989647232,1.1947065087919812e-06,6.105044415323255e-06,0.9990123146494407
2026-07-02 11:30:00+03:00,3.0,0.3869600256394703,4.1330426000304704e-08,4.917127880359427e-05,0.6129907617517937
2026-07-02 11:35:00+03:00,0.0,0.9798079247349231,2.0406749113603097e-10,1.825313402909395e-06,0.020190249747248683
2026-07-02 11:40:00+03:00,0.0,0.9999184230243514,2.1341058698640223e-11,3.1767638672198193e-09,8.157377579795578e-05
2026-07-02 11:45:00+03:00,0.0,0.9999879281459619,7.501701675490109e-12,2.44239508558298e-09,1.2069403921930589e-05
2026-07-02 11:50:00+03:00,0.0,0.9999905611302704,2.3783366503634944e-12,1.0458621638604039e-08,9.428408472412434e-06
2026-07-02 11:55:00+03:00,0.0,0.9999981567069589,1.5917792492359144e-13,2.606670815237311e-09,1.840686127753636e-06
2026-07-02 12:00:00+03:00,0.0,0.9999992458618295,1.0120505295429703e-13,6.591370097843216e-10,7.534788069037228e-07
2026-07-02 12:05:00+03:00,0.0,0.9999988835449451,1.2372228187965023e-13,5.550984342265271e-09,1.1109042824006602e-06
2026-07-02 12:10:00+03:00,0.0,0.999999744835837,8.031520498854343e-14,1.9494450121483546e-10,2.549702167869044e-07
2026-07-02 12:15:00+03:00,0.0,0.9999982448150091,1.617390507009454e-14,6.283126112998325e-14,1.7551848050529448e-06
2026-07-02 12:20:00+03:00,0.0,0.9999993511957941,1.5510645557733084e-13,3.804165073548825e-12,6.487995609005553e-07
2026-07-02 12:25:00+03:00,0.0,0.9999962187902022,1.592952768613849e-13,1.845717692050092e-12,3.78120768826299e-06
2026-07-02 12:30:00+03:00,0.0,0.9999959081844323,4.810300767219264e-13,1.362412754268567e-10,4.0916782415520794e-06
2026-07-02 12:35:00+03:00,0.0,0.9999931360343011,6.60063589149729e-13,4.334445833557942e-09,6.859630021105616e-06
2026-07-02 12:40:00+03:00,0.0,0.9999976323297978,1.3291323597062752e-13,3.5225534688030882e-09,2.36414681815874e-06
2026-07-02 12:45:00+03:00,0.0,0.9999995342515097,4.548395354199246e-14,1.0993093200932918e-09,4.6465014947471584e-07
2026-07-02 12:50:00+03:00,0.0,0.9999997144405323,3.2883677618048643e-15,3.8812621912059446e-10,2.8516952101156027e-07
2026-07-02 12:55:00+03:00,0.0,0.9999999687606764,2.1138549028845335e-15,4.242005440338824e-13,3.1239260058156603e-08
2026-07-02 13:00:00+03:00,0.0,0.9999997841587407,4.974258681188638e-16,2.752103532086618e-12,2.1583900056662836e-07
2026-07-02 13:05:00+03:00,0.0,0.9999999709762055,4.110499934965673e-16,3.7636499267493e-13,2.902449083716857e-08
2026-07-02 13:10:00+03:00,0.0,0.9999999507272163,1.7217511749282957e-15,6.918366731831411e-14,4.927399912819129e-08
2026-07-02 13:15:00+03:00,0.0,0.9999996939805456,8.391443384771622e-14,4.3852819026750374e-12,3.060138872786129e-07
2026-07-02 13:20:00+03:00,0.0,0.999999184070808,4.087224025676502e-11,1.388809833553068e-10,8.157492306537366e-07
2026-07-02 13:25:00+03:00,0.0,0.9998792854018523,6.4883777924614634e-09,5.867315383853936e-06,0.00011484079465146688
2026-07-02 13:30:00+03:00,0.0,0.9999859833697058,8.486363984251589e-12,1.0103138510905606e-06,1.3006306838268019e-05
2026-07-02 13:35:00+03:00,0.0,0.9999968583955942,2.672932736157349e-12,9.350536136665799e-08,3.0480948180678094e-06
2026-07-02 13:40:00+03:00,0.0,0.9999966235866553,1.028590799988867e-12,1.693846413768509e-08,3.3594743901465005e-06
2026-07-02 13:45:00+03:00,0.0,0.9999977576651546,3.912342724848267e-12,4.058899380207639e-08,2.2017424955912367e-06
2026-07-02 13:50:00+03:00,0.0,0.9999957722591956,1.6397444363419691e-12,1.7633532873582772e-08,4.210106080353336e-06
2026-07-02 13:55:00+03:00,0.0,0.9999963444564368,5.81091101938337e-12,4.455040214919633e-08,3.6109885173473428e-06
2026-07-02 14:00:00+03:00,0.0,0.9999875156406098,1.64918787651201e-11,6.162896768938996e-07,1.1868051454378682e-05
2026-07-02 14:05:00+03:00,0.0,0.9999929155561331,8.083945940962352e-12,2.231854980257922e-07,6.861249540246531e-06
2026-07-02 14:10:00+03:00,0.0,0.9999940352022892,2.698609859882148e-12,2.2304518388448564e-08,5.942490515040093e-06
2026-07-02 14:15:00+03:00,0.0,0.9999940069062593,9.094903600515683e-13,1.2135486916726146e-09,5.991877578201977e-06
2026-07-02 14:20:00+03:00,0.0,0.9999987863637304,1.3930716611775735e-13,2.6432077733734016e-09,1.210991210262198e-06
2026-07-02 14:25:00+03:00,0.0,0.9999988547612894,8.3752276257825e-14,2.0392677865765575e-09,1.1431996654591038e-06
2026-07-02 14:30:00+03:00,0.0,0.999999272149845,6.976044763163734e-15,6.650564157940784e-10,7.271863605306406e-07
2026-07-02 14:35:00+03:00,0.0,0.9999998801977271,6.524261615463576e-15,3.5024184025197305e-12,1.1979783621703436e-07
2026-07-02 14:40:00+03:00,0.0,0.9999994467399741,1.1681767007064912e-15,2.4779022937095786e-10,5.530121719208532e-07
2026-07-02 14:45:00+03:00,0.0,0.9999999832507457,3.079213536474014e-14,1.0529099965497405e-10,1.6643506832007683e-08
2026-07-02 14:50:00+03:00,0.0,0.9999997700615759,2.13630291332386e-14,2.033004677438725e-10,2.2973589799214873e-07
2026-07-02 14:55:00+03:00,0.0,0.9999995159015532,2.2994028305189784e-13,1.665777987872908e-09,4.82430896566791e-07
2026-07-02 15:00:00+03:00,0.0,0.9999982262140563,3.355803184207769e-14,5.099299031373183e-12,1.7737825206496065e-06
2026-07-02 15:05:00+03:00,0.0,0.9999997010309464,1.2754711023385412e-14,1.347179729251296e-10,2.9883396365161383e-07
2026-07-02 15:10:00+03:00,0.0,0.9999997761879309,3.686345524590102e-12,2.7885051244616125e-11,2.2377877706438424e-07
2026-07-02 15:15:00+03:00,0.0,0.9998255216178236,5.525001334289892e-09,2.896967824982039e-10,0.00017447256662632554
2026-07-02 15:20:00+03:00,0.0,0.5997367694047235,0.0004310368509794974,3.3914893297227407e-11,0.3998321937089723
2026-07-02 15:25:00+03:00,0.0,0.5667477588591855,6.558080652826736e-07,2.1931156958133034e-10,0.4332515851124941
2026-07-02 15:30:00+03:00,3.0,0.008148160367486968,2.2998169213520927e-05,3.172613105501174e-08,0.9918288097381079
2026-07-02 15:35:00+03:00,3.0,0.0001487278082123504,1.4696315524014644e-06,1.4347687322843472e-07,0.9998496590842855
2026-07-02 15:40:00+03:00,3.0,6.0331010438293075e-06,8.001042951101268e-07,3.493767255093476e-07,0.9999928174187168
2026-07-02 15:45:00+03:00,3.0,2.415510413999846e-05,2.159162146770517e-06,8.399398428259301e-07,0.9999728457927362
2026-07-02 15:50:00+03:00,3.0,5.185872866102089e-05,8.208395531809984e-07,1.2816376101240753e-06,0.9999460387924438
2026-07-02 15:55:00+03:00,3.0,6.367261922645835e-05,1.4092295894106217e-06,9.05182938763893e-07,0.9999340129669697
2026-07-02 16:00:00+03:00,3.0,1.795464803806314e-05,8.730738435644744e-07,4.773577908831884e-06,0.9999763987018291
2026-07-02 16:05:00+03:00,3.0,1.0207584111859037e-05,1.5203185495292335e-06,0.0012836911082461928,0.9987045809907209
2026-07-02 16:10:00+03:00,2.0,0.014219854066249055,9.898830823661193e-07,0.5513354118241518,0.4344437442248648
2026-07-02 16:15:00+03:00,2.0,0.00304294937092147,4.0618252602792123e-07,0.8958869384833382,0.10106970596145275
2026-07-02 16:20:00+03:00,2.0,0.00038763244134025374,1.02048097513303e-07,0.996134991023086,0.00347727448639759
2026-07-02 16:25:00+03:00,2.0,9.889161238604172e-06,4.1471377007702884e-08,0.9996309015056813,0.00035916785997979996
2026-07-02 16:30:00+03:00,2.0,6.4221555177993065e-06,8.041995396667139e-09,0.9999721246123852,2.144519088161197e-05
2026-07-02 16:35:00+03:00,2.0,8.081789740109277e-06,2.373958983591422e-09,0.9999887248540202,3.190982150907465e-06
2026-07-02 16:40:00+03:00,2.0,1.4884349539134602e-05,3.12541681996453e-09,0.9999835101493669,1.602373868489842e-06
2026-07-02 16:45:00+03:00,2.0,2.034795127355662e-05,2.0053745165040042e-09,0.9999783118460943,1.3381971683304767e-06
2026-07-02 16:50:00+03:00,2.0,1.1250559521443514e-05,1.5350588221515441e-09,0.9999877706816006,9.772226680367055e-07
2026-07-02 16:55:00+03:00,2.0,7.389002325779177e-06,1.594005893573695e-09,0.9999918500439126,7.593592706642018e-07
2026-07-02 17:00:00+03:00,2.0,7.900072090289664e-06,1.1366700504360873e-09,0.9999913996913739,6.991004130590477e-07
2026-07-02 17:05:00+03:00,2.0,4.023199961656494e-06,1.9827384464988526e-09,0.9999946758212753,1.2989961901448453e-06
2026-07-02 17:10:00+03:00,2.0,2.4160956149595266e-06,2.2913956022578433e-09,0.9999962334184597,1.3481949433144447e-06
2026-07-02 17:15:00+03:00,2.0,2.9193779236924105e-06,1.4816983909151192e-09,0.9999964375010469,6.416388912242973e-07
2026-07-02 17:20:00+03:00,2.0,3.1906140921305725e-06,2.5620239432713446e-09,0.9999964540537917,3.5276888928477893e-07
2026-07-02 17:25:00+03:00,2.0,3.7491663787533645e-06,4.486922782814266e-09,0.9999961745088926,7.183698756090162e-08
2026-07-02 17:30:00+03:00,2.0,3.223071294752113e-06,3.915952589765177e-09,0.9999965660776822,2.0693555137319783e-07
2026-07-02 17:35:00+03:00,2.0,1.5887349427293672e-06,1.07155303223017e-08,0.9999981655435932,2.3500443408155076e-07
2026-07-02 17:40:00+03:00,2.0,3.0648018928389755e-06,9.460549206908334e-09,0.9999967484962436,1.772420579174624e-07
2026-07-02 17:45:00+03:00,2.0,2.9441620964175083e-06,7.579909715165043e-09,0.9999968865934797,1.6166427918328905e-07
2026-07-02 17:50:00+03:00,2.0,1.9546983110213037e-06,1.1822189363080706e-07,0.9999976662647843,2.60814644733406e-07
2026-07-02 17:55:00+03:00,2.0,3.470889686062192e-05,0.0003009688654682722,0.9996554929264914,8.82930988833487e-06
2026-07-03 09:55:00+03:00,1.0,7.0584403538133695e-16,0.9999077004611269,1.3748178605433339e-11,9.229952355183942e-05
2026-07-03 10:00:00+03:00,3.0,1.806496740275388e-20,0.04038875302772566,2.4193479236828997e-12,0.9596112469714293
2026-07-03 10:05:00+03:00,3.0,3.163641946103813e-14,0.0001892667832783607,1.428428260435995e-10,0.9998107330755563
2026-07-03 10:10:00+03:00,3.0,8.234355289475234e-15,9.680426240815371e-06,1.2621645056161586e-10,0.9999903194470968
2026-07-03 10:15:00+03:00,3.0,1.7934279313415034e-23,0.00016404818821004653,2.278124518855018e-16,0.9998359518108749
2026-07-03 10:20:00+03:00,3.0,1.3132480896628345e-20,2.298501419665804e-05,7.163849828912005e-15,0.9999770149865493
2026-07-03 10:25:00+03:00,3.0,1.331120851512297e-20,1.823052633997251e-05,8.088348680552143e-15,0.9999817694722103
2026-07-03 10:30:00+03:00,3.0,5.276173405551109e-24,6.192017061356766e-05,7.40818443278575e-17,0.9999380798289257
2026-07-03 10:35:00+03:00,3.0,4.447406821888499e-24,5.1669707316090073e-05,2.0289439268848095e-17,0.999948330292469
2026-07-03 10:40:00+03:00,3.0,8.894885969881026e-24,4.825496524230676e-05,2.5851197109041756e-17,0.9999517450343506
2026-07-03 10:45:00+03:00,3.0,1.3632027572885624e-14,6.24964346783849e-06,1.0210119821622918e-10,0.9999937502557015
2026-07-03 10:50:00+03:00,3.0,9.06299444736493e-12,5.211741593850765e-06,1.6496584662775318e-08,0.9999947717542703
2026-07-03 10:55:00+03:00,3.0,9.402325600837123e-13,6.5819841629431515e-06,1.292866460260184e-09,0.9999934167206687
2026-07-03 11:00:00+03:00,3.0,1.1317003673900736e-11,5.811989336696858e-06,9.394754977947265e-08,0.9999940940535231
2026-07-03 11:05:00+03:00,3.0,8.106650568368358e-07,1.0481363635939474e-05,0.004879143968938508,0.9951095640035016
2026-07-03 11:10:00+03:00,3.0,7.265127598583106e-06,5.973809517338428e-06,0.10171514368574903,0.8982716173763928
2026-07-03 11:15:00+03:00,2.0,3.5729306905296976e-05,1.5172869568547648e-06,0.5748667777671043,0.42509597563761103
2026-07-03 11:20:00+03:00,2.0,4.9108971726176336e-05,3.7209795694078435e-07,0.9429651530017769,0.05698536592885039
2026-07-03 11:25:00+03:00,2.0,1.4938610443730375e-05,1.4625743912631297e-08,0.999016540645666,0.000968506117022023
2026-07-03 11:30:00+03:00,2.0,2.101603010803826e-06,4.9884102565497325e-09,0.9999793142771917,1.857913101376002e-05
2026-07-03 11:35:00+03:00,2.0,2.4025130072967573e-06,4.199534248569787e-09,0.9999938478657056,3.7454211652143893e-06
2026-07-03 11:40:00+03:00,2.0,6.655773106694929e-06,4.779981686203408e-09,0.9999899273568895,3.4120900449506846e-06
2026-07-03 11:45:00+03:00,2.0,8.216233138180642e-06,1.4548005226889725e-09,0.9999910246590723,7.576536557373573e-07
2026-07-03 11:50:00+03:00,2.0,9.05301561973039e-06,1.7656070545387249e-09,0.9999906056259702,3.3959246477930825e-07
2026-07-03 11:55:00+03:00,2.0,4.540367468380945e-06,1.430445329786883e-09,0.9999949482862845,5.099146505808459e-07
2026-07-03 12:00:00+03:00,2.0,2.6938492498637193e-06,2.5593191131008215e-09,0.9999968579554002,4.4563768597181337e-07
2026-07-03 12:05:00+03:00,2.0,4.2255395020640916e-06,6.0527097017043575e-09,0.9999957427880543,2.5620361124971886e-08
2026-07-03 12:10:00+03:00,2.0,7.828306095422692e-06,9.268837625047518e-09,0.9999921456455151,1.6780879185075456e-08
2026-07-03 12:15:00+03:00,2.0,2.68004067463257e-06,2.341264614629399e-09,0.9999970817777301,2.3583973777645162e-07
2026-07-03 12:20:00+03:00,2.0,5.272898287420449e-06,4.069595092055734e-09,0.9999944754752312,2.4755630286712166e-07
2026-07-03 12:25:00+03:00,2.0,4.5961394493750447e-07,1.8603971886416773e-08,0.9999980605735508,1.4612082019045667e-06
2026-07-03 12:30:00+03:00,2.0,9.165087121238456e-07,3.101084340700272e-09,0.9999988475617375,2.3282815123761693e-07
2026-07-03 12:35:00+03:00,2.0,1.5568949720993642e-06,4.345064073806702e-09,0.9999982859532021,1.528052855231189e-07
2026-07-03 12:40:00+03:00,2.0,7.936325025909105e-07,4.328083456440348e-09,0.9999989841422279,2.1789731554698284e-07
2026-07-03 12:45:00+03:00,2.0,1.3782150500180545e-06,4.301795189354763e-09,0.9999983614047561,2.560780799975318e-07
2026-07-03 12:50:00+03:00,2.0,7.852796864914012e-07,3.517506661893642e-09,0.9999989387330235,2.724703567214622e-07
2026-07-03 12:55:00+03:00,2.0,6.750560461395304e-07,2.027767701912225e-08,0.9999992723426577,3.232186603688457e-08
2026-07-03 13:00:00+03:00,2.0,3.087427976375319e-07,2.8692561540506246e-09,0.9999994685460072,2.1984065230434865e-07
2026-07-03 13:05:00+03:00,2.0,3.410472661148404e-07,2.7625453614298943e-09,0.9999995087347385,1.4745565062792407e-07
2026-07-03 13:10:00+03:00,2.0,3.728413966846307e-07,4.569680643028331e-09,0.9999995556319013,6.69560920670706e-08
2026-07-03 13:15:00+03:00,2.0,3.5387861351323033e-07,7.61139032127155e-09,0.9999995071085628,1.3140076419218332e-07
2026-07-03 13:20:00+03:00,2.0,4.1260807534417357e-07,1.0107173140334322e-08,0.9999995217077646,5.5575481198636734e-08
2026-07-03 13:25:00+03:00,2.0,4.110176405181176e-07,1.5261657787674004e-08,0.9999995209255996,5.2793987563644385e-08
2026-07-03 13:30:00+03:00,2.0,3.408210108316935e-07,1.3853997036364301e-08,0.9999994946121118,1.5071448591899906e-07
2026-07-03 13:35:00+03:00,2.0,6.569895790168245e-07,1.7797422471966754e-08,0.9999991155349836,2.0967872522359601e-07
2026-07-03 13:40:00+03:00,2.0,1.4579338398441272e-07,2.0349764793536233e-08,0.9999995881372281,2.4571878440316835e-07
2026-07-03 13:45:00+03:00,2.0,3.576945453636462e-07,7.72499369501352e-09,0.999999450188776,1.843905280858182e-07
2026-07-03 13:50:00+03:00,2.0,3.581372147519025e-07,7.766397864543718e-09,0.9999995387516873,9.534626793866066e-08
2026-07-03 13:55:00+03:00,2.0,3.369667953295751e-07,7.29111908280533e-09,0.999999515785138,1.3995584085960952e-07
2026-07-03 14:00:00+03:00,2.0,7.527044185890944e-07,5.293438707080696e-09,0.9999990797845981,1.622177843494212e-07
2026-07-03 14:05:00+03:00,2.0,1.9159769084458972e-06,1.5642274345410709e-07,0.9999971400288784,7.875731285080536e-07
2026-07-03 14:10:00+03:00,2.0,5.200866004295799e-06,0.000308310866449776,0.998527377750322,0.0011591105189429553
2026-07-03 14:15:00+03:00,2.0,2.3119639050361997e-07,0.022265235145910105,0.5114394394127826,0.4662950942439872
2026-07-03 14:20:00+03:00,2.0,6.929396141476596e-05,0.00010699359911898692,0.7911432407070529,0.20868047173083557
2026-07-03 14:25:00+03:00,2.0,3.609993527584442e-05,1.2973098815274186e-06,0.9370106113610702,0.06295199139520136
2026-07-03 14:30:00+03:00,2.0,1.910811902710362e-05,1.0469262257354004e-07,0.9860750737296924,0.013905713458355246
2026-07-03 14:35:00+03:00,2.0,8.116786367074889e-06,8.972525208503456e-08,0.9972397057072685,0.002752087782156866
2026-07-03 14:40:00+03:00,2.0,2.3683388929775466e-06,8.271026170125768e-08,0.9989469764675306,0.001050572482716559
2026-07-03 14:45:00+03:00,2.0,4.417778128884713e-06,6.741888981596626e-08,0.999483382432048,0.000512132372454024
2026-07-03 14:50:00+03:00,2.0,9.930696380587855e-06,2.6968083954110825e-07,0.9998483342451777,0.00014146537777978634
2026-07-03 14:55:00+03:00,2.0,1.2599364180064222e-05,8.067255406114565e-08,0.9996816724959908,0.00030564746782743254
2026-07-03 15:00:00+03:00,2.0,1.1819329217726224e-05,1.1185921264510484e-08,0.9999329201835716,5.5249300471650184e-05
2026-07-03 15:05:00+03:00,2.0,2.6808139364537507e-05,2.973011518777022e-09,0.9999724949229075,6.939638800983725e-07
2026-07-03 15:10:00+03:00,2.0,4.8796703117133484e-05,2.812887368840604e-09,0.9999501735154921,1.0269671814166576e-06
2026-07-03 15:15:00+03:00,2.0,1.3981272248152283e-05,2.9916008423117923e-09,0.9999849497330858,1.066001855396762e-06
2026-07-03 15:20:00+03:00,2.0,3.4146644278349084e-05,4.028014438621193e-09,0.9999658150868198,3.4239659265576025e-08
2026-07-03 15:25:00+03:00,2.0,0.00011155375162378213,8.739109220173438e-09,0.9998863211630721,2.116345207939728e-06
2026-07-03 15:30:00+03:00,2.0,1.8854385892280684e-05,3.467701943786522e-09,0.9999800987113666,1.0434342903933629e-06
2026-07-03 15:35:00+03:00,2.0,8.053679466857763e-06,1.827103598523864e-09,0.9999914578148631,4.866773433627155e-07
2026-07-03 15:40:00+03:00,2.0,4.298867142472841e-06,1.8731686953237185e-09,0.9999953644654063,3.347951792338784e-07
2026-07-03 15:45:00+03:00,2.0,8.807457117102026e-06,2.1055664128342832e-09,0.9999907006054332,4.898320448707943e-07
2026-07-03 15:50:00+03:00,2.0,4.090495167074167e-06,1.4671008949183434e-09,0.9999955211669913,3.8687198555985736e-07
2026-07-03 15:55:00+03:00,2.0,4.419638764556878e-06,1.2039308242679043e-09,0.9999952220646721,3.570940276131353e-07
2026-07-03 16:00:00+03:00,2.0,4.641562347164521e-06,1.0612411306556072e-09,0.9999950384713276,3.1890326807402944e-07
2026-07-03 16:05:00+03:00,2.0,1.134666587403718e-06,3.415022999399304e-09,0.9999982794230413,5.824969000004625e-07
2026-07-03 16:10:00+03:00,2.0,3.928358985120561e-06,3.3310596939043172e-09,0.9999949756728511,1.0926374418985854e-06
2026-07-03 16:15:00+03:00,2.0,8.427394310910123e-06,1.7193053619020505e-09,0.9999910763360988,4.945485817241198e-07
2026-07-03 16:20:00+03:00,2.0,6.164195307210635e-06,4.779979150193031e-09,0.9999938013798995,2.964529735324535e-08
2026-07-03 16:25:00+03:00,2.0,1.0417520254885444e-05,1.7823870373212396e-09,0.99998922671494,3.539820891116394e-07
2026-07-03 16:30:00+03:00,2.0,1.891354759245906e-05,1.7398389987262165e-09,0.9999805364825678,5.482303060865096e-07
2026-07-03 16:35:00+03:00,2.0,1.4741526537246096e-05,1.763946910374034e-09,0.9999850536285643,2.0308169878136056e-07
2026-07-03 16:40:00+03:00,2.0,0.00010962307966622622,1.4815866734791298e-09,0.9998898876966671,4.877403218868666e-07
2026-07-03 16:45:00+03:00,2.0,0.00016041230759117068,2.5243932499062287e-09,0.9998394395934397,1.4557561863370126e-07
2026-07-03 16:50:00+03:00,2.0,0.0001574947588725,1.4560168339081635e-09,0.9998421006167275,4.031684745608706e-07
2026-07-03 16:55:00+03:00,2.0,0.00015195058178983046,2.3144711819304523e-09,0.9998476366232871,4.104792335081044e-07
2026-07-03 17:00:00+03:00,2.0,0.00012715962859811915,4.299992886730715e-09,0.999872448891342,3.8718112393165133e-07
2026-07-03 17:05:00+03:00,2.0,5.8122492236171925e-05,4.504650611981701e-09,0.9999412538648732,6.191394733487345e-07
2026-07-03 17:10:00+03:00,2.0,8.263337556971969e-05,2.269868116150285e-09,0.9999168488005029,5.155526518797947e-07
2026-07-03 17:15:00+03:00,2.0,8.80828780658473e-05,2.9562184759903026e-09,0.9999115974829671,3.1668274359534393e-07
2026-07-03 17:20:00+03:00,2.0,9.486821776725096e-05,2.823330367039788e-09,0.999904862325141,2.666328490952526e-07
2026-07-03 17:25:00+03:00,2.0,8.693011561002181e-05,2.827751871029168e-09,0.9999125479086662,5.191462151772274e-07
2026-07-03 17:30:00+03:00,2.0,0.00019018280778923066,2.4841231354053184e-09,0.9998091224374426,6.922702958479796e-07
2026-07-03 17:35:00+03:00,2.0,0.0004868948561842125,9.244959902047518e-09,0.9995113592120771,1.7366849806700193e-06
2026-07-03 17:40:00+03:00,2.0,0.0008392786588488639,3.511485423883379e-09,0.9991597516479213,9.661823960338665e-07
2026-07-03 17:45:00+03:00,2.0,0.0015235713308805684,7.196535625708698e-08,0.9984735301992617,2.8265033914083534e-06
2026-07-03 17:50:00+03:00,2.0,0.0025694366980659883,0.00022657885017277055,0.9970869758832233,0.00011700856725801387
2026-07-03 17:55:00+03:00,1.0,4.803564332955379e-10,0.974169885835345,2.7925981156805183e-06,0.025827321086747002
2026-07-06 09:55:00+03:00,1.0,1.2526124396852338e-17,0.9986671530236529,3.574422462601474e-16,0.0013328469779199709
2026-07-06 10:00:00+03:00,3.0,8.227650740357058e-15,0.01747928147708108,3.624394547094776e-11,0.982520718486281
2026-07-06 10:05:00+03:00,3.0,3.82895846487582e-20,0.027960556814848925,1.597812769295585e-17,0.9720394431860284
2026-07-06 10:10:00+03:00,3.0,1.812754712981681e-30,0.38723536144328546,8.007258087837434e-27,0.6127646385553693
2026-07-06 10:15:00+03:00,1.0,1.1031576648663767e-33,0.7261514483427222,1.0458678738209841e-29,0.2738485516567218
2026-07-06 10:20:00+03:00,1.0,3.295485455256964e-47,0.9959725722671176,2.3399065845225856e-41,0.004027427733235903
2026-07-06 10:25:00+03:00,1.0,1.0514832514918447e-35,0.9948760646805469,6.911559595360133e-32,0.005123935320802226
2026-07-06 10:30:00+03:00,1.0,2.787494326462628e-37,0.9967137982591376,2.0912100849882806e-32,0.0032862017413181964
2026-07-06 10:35:00+03:00,1.0,2.9812452938974323e-41,0.9994840299379241,3.8476267653081453e-35,0.0005159700614687633
2026-07-06 10:40:00+03:00,1.0,4.747446625370544e-53,0.9999962594408245,1.11319319901267e-43,3.740558446976868e-06
2026-07-06 10:45:00+03:00,1.0,2.1564198836542445e-67,0.9999999907740857,2.8895317867803397e-55,9.22512937587291e-09
2026-07-06 10:50:00+03:00,1.0,7.340029666128366e-85,0.9999999999672582,1.4403354016680887e-65,3.3298664009340415e-11
2026-07-06 10:55:00+03:00,1.0,1.9406006724206063e-84,0.9999999998799467,4.901921029203722e-63,1.2017308182159955e-10
2026-07-06 11:00:00+03:00,1.0,7.30798454369646e-81,0.999999999654392,5.867920733412499e-60,3.472486185390258e-10
2026-07-06 11:05:00+03:00,1.0,1.0355670322346105e-67,0.9999996170227684,1.5424540759132872e-50,3.829776592801129e-07
2026-07-06 11:10:00+03:00,1.0,7.388059330779222e-46,0.9927344424030695,1.995117831166823e-35,0.007265557596565726
2026-07-06 11:15:00+03:00,1.0,3.056770728582552e-36,0.7472242482948702,8.709516897111222e-30,0.252775751704222
2026-07-06 11:20:00+03:00,3.0,3.6562327119824777e-29,0.051923984783082466,1.2351455259432412e-25,0.9480760152165134
2026-07-06 11:25:00+03:00,3.0,4.721137104415995e-31,0.0020594039613117576,5.261909877760931e-30,0.9979405960402993
2026-07-06 11:30:00+03:00,3.0,3.481632639922361e-22,3.1362857648619925e-07,8.41411307008352e-27,0.9999996863698962
2026-07-06 11:35:00+03:00,3.0,3.829123257460105e-17,2.2213131102526676e-07,1.86862844092873e-22,0.9999997778686767
2026-07-06 11:40:00+03:00,3.0,7.537257898613836e-16,3.133870958264576e-08,7.663774820476883e-24,0.999999968662451
2026-07-06 11:45:00+03:00,3.0,7.686806714778085e-13,1.412426065445331e-08,5.561341377435481e-22,0.9999999858737284
2026-07-06 11:50:00+03:00,3.0,1.2274695303309894e-10,9.00283760715663e-09,4.093487358847753e-21,0.9999999908759492
2026-07-06 11:55:00+03:00,3.0,1.128559951988564e-08,1.685942204908572e-09,2.1902145308925254e-22,0.9999999870269677
2026-07-06 12:00:00+03:00,3.0,1.807146959510342e-08,2.5315934503347875e-10,1.1755641139549201e-23,0.999999981675501
2026-07-06 12:05:00+03:00,3.0,3.3998830469402356e-11,1.4949494605518242e-10,1.6628253812834727e-26,0.9999999998181011
2026-07-06 12:10:00+03:00,3.0,2.238894537982392e-15,4.3039197574740244e-09,2.1132325856313188e-30,0.9999999956962711
2026-07-06 12:15:00+03:00,3.0,2.83818361752271e-13,3.432890405679488e-09,1.6096432041453166e-24,0.999999996565748
2026-07-06 12:20:00+03:00,3.0,6.017080857656485e-12,2.8928634967694558e-09,1.4633875110955695e-23,0.9999999971005309
2026-07-06 12:25:00+03:00,3.0,2.907284826230182e-10,5.556988010287318e-10,2.6136087272798737e-22,0.9999999991523509
2026-07-06 12:30:00+03:00,3.0,5.610138723419162e-12,7.91098393313627e-09,1.867403224283404e-20,0.9999999920837581
2026-07-06 12:35:00+03:00,3.0,7.47780953205221e-12,6.651842020075524e-09,1.8569291357807927e-19,0.9999999933424988
2026-07-06 12:40:00+03:00,3.0,1.0597872250317211e-11,8.276085259138955e-09,8.29714756758505e-21,0.9999999917126843
2026-07-06 12:45:00+03:00,3.0,1.202914445386957e-09,1.0383493957896598e-08,5.2161331862108185e-20,0.9999999884130376
2026-07-06 12:50:00+03:00,3.0,5.854237020811638e-07,2.9266769682800736e-09,2.6771535454331734e-20,0.9999994116480505
2026-07-06 12:55:00+03:00,3.0,0.01725436436804722,6.689155575864803e-08,2.2071351860191836e-17,0.982745568742029
2026-07-06 13:00:00+03:00,0.0,0.6856161755002763,1.245333782670569e-10,5.745874787402796e-17,0.31438382437601736
2026-07-06 13:05:00+03:00,0.0,0.9828802769070203,3.6620110252926574e-11,6.222011443825563e-19,0.017119723054673505
2026-07-06 13:10:00+03:00,0.0,0.9947910050744271,5.2443770616484484e-14,2.973639059390689e-23,0.005208994926519158
2026-07-06 13:15:00+03:00,0.0,0.9989474284611475,5.933810487962651e-18,1.9260584234999198e-24,0.0010525715378930747
2026-07-06 13:20:00+03:00,0.0,0.9999998151652278,6.549115996599298e-26,2.7095634209605444e-34,1.8483613761397312e-07
2026-07-06 13:25:00+03:00,0.0,0.9999999999636202,6.657147713058792e-33,2.5973545223855296e-53,3.486101247676158e-11
2026-07-06 13:30:00+03:00,0.0,0.9999999999781721,3.980036899870965e-34,1.0185510960679151e-56,2.34506106759667e-11
2026-07-06 13:35:00+03:00,0.0,0.9999999999781721,2.8918589830587505e-35,2.8033027228794917e-58,2.0168117510050628e-11
2026-07-06 13:40:00+03:00,0.0,0.999999999996362,5.7523167355032795e-40,4.684202114420155e-69,2.8229195629034565e-12
2026-07-06 13:45:00+03:00,0.0,1.0,2.536442672866794e-44,3.132120214380238e-79,3.998230511925595e-13
2026-07-06 13:50:00+03:00,0.0,1.0,7.502325317043551e-47,8.493722812636644e-89,3.5022491200963324e-14
2026-07-06 13:55:00+03:00,0.0,1.0,1.3766641638274812e-43,2.1619982824585946e-84,2.7012630325188313e-13
2026-07-06 14:00:00+03:00,0.0,0.999999999996362,1.4125942168771257e-42,1.6065589196337084e-80,2.136097927678766e-12
2026-07-06 14:05:00+03:00,0.0,1.0,1.0063863198159574e-38,6.283573873637155e-71,1.7891446567690854e-12
2026-07-06 14:10:00+03:00,0.0,0.9999999999199645,8.299264465664395e-34,5.142795006038036e-59,8.03299626770449e-11
2026-07-06 14:15:00+03:00,0.0,0.9999999997889972,5.306457583391538e-31,9.306590066970647e-53,2.115115949493216e-10
2026-07-06 14:20:00+03:00,0.0,0.9999999975516403,7.104496385073444e-30,2.7583374981618003e-49,2.4469278453883003e-09
2026-07-06 14:25:00+03:00,0.0,0.9999999994543032,4.818719438535872e-32,2.805177947730192e-52,5.465216002554178e-10
2026-07-06 14:30:00+03:00,0.0,0.9999999998908606,1.1004206629267095e-32,2.8266042910957626e-57,1.0793159426314615e-10
2026-07-06 14:35:00+03:00,0.0,0.9999999989195203,5.7546023448281426e-30,2.138458207137533e-49,1.080054820174286e-09
2026-07-06 14:40:00+03:00,0.0,0.9999999987558112,1.3166402956572987e-29,7.809946332708761e-47,1.2430643426802647e-09
2026-07-06 14:45:00+03:00,0.0,0.9999999995234248,6.436566196501139e-30,6.171623833872513e-47,4.775483014528355e-10
2026-07-06 14:50:00+03:00,0.0,0.9999999996434781,1.0564940719989503e-24,1.0099881441623013e-50,3.572905477651499e-10
2026-07-06 14:55:00+03:00,0.0,0.9993952909862248,2.317437050293088e-21,1.9319830343613786e-49,0.0006047090149175016
2026-07-06 15:00:00+03:00,0.0,0.9999997808554566,6.374816479844347e-27,1.3286042278094202e-47,2.1914452380032563e-07
2026-07-06 15:05:00+03:00,0.0,0.9999999907995516,6.345215009045996e-30,3.80192712073537e-54,9.20169318201461e-09
2026-07-06 15:10:00+03:00,0.0,0.9999999975807441,5.275011246634901e-32,7.7371959462746414e-59,2.4190622220930123e-09
2026-07-06 15:15:00+03:00,0.0,0.9999999981228029,5.337607505100666e-33,1.6896926057042314e-60,1.8762787437584567e-09
2026-07-06 15:20:00+03:00,0.0,0.9999999993669917,2.938274595085169e-34,3.5849660695947007e-68,6.33876605029641e-10
2026-07-06 15:25:00+03:00,0.0,0.9999999961255526,3.396716023493862e-29,4.8086867221504244e-64,3.875033660657852e-09
2026-07-06 15:30:00+03:00,0.0,0.999987090104356,7.571109539093176e-24,4.610850799557457e-60,1.2909897461561506e-05
2026-07-06 15:35:00+03:00,3.0,1.2215918082077865e-06,5.402597359187901e-15,6.650389930147807e-55,0.9999987784074805
2026-07-06 15:40:00+03:00,3.0,2.0273529959638962e-16,2.3224577639840606e-11,1.8661480765101847e-38,0.9999999999781721
2026-07-06 15:45:00+03:00,3.0,9.485415345847728e-09,8.754383122597875e-13,1.9687674059838122e-32,0.9999999905121513
2026-07-06 15:50:00+03:00,3.0,4.77845652431269e-10,1.2549798719270558e-11,9.811880623166253e-29,0.9999999995088729
2026-07-06 15:55:00+03:00,3.0,4.752418642883334e-10,2.3679525617830728e-11,1.7490486443611646e-29,0.9999999995015969
2026-07-06 16:00:00+03:00,3.0,5.5772325708814715e-11,5.672735235731518e-11,8.136215402134727e-27,0.9999999998872227
2026-07-06 16:05:00+03:00,3.0,5.941262218134344e-10,1.0221391465597835e-11,8.569717606349866e-29,0.9999999993960955
2026-07-06 16:10:00+03:00,3.0,7.29623208418328e-10,2.666737250762785e-11,3.5413528598300214e-27,0.9999999992433004
2026-07-06 16:15:00+03:00,3.0,9.789830079341063e-10,1.0460345810229435e-10,3.480223253842975e-26,0.9999999989158823
2026-07-06 16:20:00+03:00,3.0,1.2244249910914016e-06,7.191903427835667e-11,2.523700050579964e-24,0.999998775504377
2026-07-06 16:25:00+03:00,0.0,0.5167406901352515,3.195241989488455e-11,1.9604199042358663e-19,0.4832593098340637
2026-07-06 16:30:00+03:00,0.0,0.9601864395141968,3.016258218492911e-11,3.601651411890312e-14,0.039813560455911695
2026-07-06 16:35:00+03:00,0.0,0.9980923829995827,2.4101559767722064e-11,4.7828903635197016e-15,0.0019076169750688102
2026-07-06 16:40:00+03:00,0.0,0.9993019550297243,4.585356060435411e-11,9.615754582069822e-11,0.0006980448280830504
2026-07-06 16:45:00+03:00,0.0,0.9999465229595847,5.980222510987509e-13,8.765301004017625e-11,5.3476950744526754e-05
2026-07-06 16:50:00+03:00,0.0,0.9999988221068294,4.802987611332342e-14,2.0900600575217226e-10,1.1776835104176904e-06
2026-07-06 16:55:00+03:00,0.0,0.9999909290647658,8.92575360139495e-12,8.60220785396021e-06,4.687180645702049e-07
2026-07-06 17:00:00+03:00,0.0,0.9996419057141396,1.3859168797594668e-11,0.00035690978699663516,1.1844854248350969e-06
2026-07-06 17:05:00+03:00,0.0,0.9995823251018836,1.0073541724291207e-11,0.00041663178316578986,1.0431032341866205e-06
2026-07-06 17:10:00+03:00,0.0,0.9997714652864355,1.3087200378304353e-11,0.00022665891389620215,1.8757868188181148e-06
2026-07-06 17:15:00+03:00,0.0,0.9997120681565476,2.8667665360666795e-10,0.00028754810565205253,3.8345051997346144e-07
2026-07-06 17:20:00+03:00,0.0,0.9993123311073311,1.5482114514348373e-07,0.0006267308436861836,6.07832280748744e-05
2026-07-06 17:25:00+03:00,0.0,0.9864743084845351,0.00040299217824818734,0.004924342299522944,0.008198357036676408
2026-07-06 17:30:00+03:00,0.0,0.6806967591219472,6.14600712086625e-05,0.07424392100894699,0.2449978597983922
2026-07-06 17:35:00+03:00,0.0,0.6349833469852745,4.7588907988258725e-06,0.09884955604892837,0.26616233807589285
2026-07-06 17:40:00+03:00,0.0,0.5350641829938297,1.4716905481298092e-05,0.1061979984579605,0.35872310164284665
2026-07-06 17:45:00+03:00,0.0,0.4664300197300112,2.772426522982851e-05,0.11997843500175753,0.4135638210029957
2026-07-06 17:50:00+03:00,3.0,0.35988061895575607,0.003999668068871658,0.1486597289234536,0.4874599840513875
2026-07-06 17:55:00+03:00,1.0,6.5509172866309576e-09,0.5315461452011386,8.775737904486664e-06,0.46844507250974643
2026-07-07 09:55:00+03:00,1.0,2.7720847669910717e-27,0.9998863085007076,5.322716067043767e-19,0.00011369149858638907
2026-07-07 10:00:00+03:00,1.0,8.611792097523237e-39,0.8745536592590121,7.022969887902384e-28,0.1254463407427486
2026-07-07 10:05:00+03:00,3.0,1.6242644731079076e-29,0.12332740663180787,7.727054419522252e-22,0.8766725933683592
2026-07-07 10:10:00+03:00,3.0,9.841285204962466e-29,0.020328162871760307,5.188922630584936e-21,0.9796718371272938
2026-07-07 10:15:00+03:00,3.0,7.736417751178489e-28,0.00269233681607257,3.309279319353927e-20,0.9973076631847413
2026-07-07 10:20:00+03:00,3.0,6.838026033238965e-30,0.0009538761532013522,2.9725771770282594e-22,0.9990461238466967
2026-07-07 10:25:00+03:00,3.0,7.052959222767214e-29,0.0004839045771530558,2.0815374130142502e-21,0.9995160954225568
2026-07-07 10:30:00+03:00,3.0,1.917986814265971e-30,0.000724571670388161,3.142636779948333e-23,0.9992754283298874
2026-07-07 10:35:00+03:00,3.0,6.95629410720893e-31,0.000724088719976822,5.409212947869749e-23,0.9992759112816638
2026-07-07 10:40:00+03:00,3.0,9.186706529083095e-28,0.00025496558137530446,2.2589553866747777e-20,0.9997450344201732
2026-07-07 10:45:00+03:00,3.0,1.7189244501407858e-20,4.24885029499804e-05,1.1306385534356135e-15,0.9999575114966205
2026-07-07 10:50:00+03:00,3.0,3.5480918344101106e-16,3.6894538541505434e-05,5.151197618576054e-12,0.9999631054564362
2026-07-07 10:55:00+03:00,3.0,2.0580328750047583e-18,6.299769489418841e-05,2.1707885776377044e-14,0.9999370023050804
2026-07-07 11:00:00+03:00,3.0,4.153695197248844e-15,1.7761371211816753e-05,2.1606430166904918e-11,0.9999822386066006
2026-07-07 11:05:00+03:00,3.0,1.979557440505982e-18,4.193049981268124e-05,3.9200109797312293e-13,0.9999580694989977
2026-07-07 11:10:00+03:00,3.0,3.682122754791457e-13,4.86623626051425e-06,4.882273764872205e-09,0.9999951288819325
2026-07-07 11:15:00+03:00,3.0,2.318495423807102e-12,4.059002033129669e-06,1.3508406336732267e-08,0.999995927487469
2026-07-07 11:20:00+03:00,3.0,5.2216371888018636e-11,4.278577277679281e-06,6.368007573926637e-08,0.9999956576888199
2026-07-07 11:25:00+03:00,3.0,8.497355145014467e-16,2.087678978113898e-05,1.3089064221207347e-10,0.9999791230799129
2026-07-07 11:30:00+03:00,3.0,3.720312814125644e-13,6.257217365740914e-06,2.2073940259321834e-08,0.9999937207082227
2026-07-07 11:35:00+03:00,3.0,2.419857068756732e-19,4.911214347264684e-05,9.775921456454934e-15,0.9999508878554988
2026-07-07 11:40:00+03:00,3.0,8.88912202407189e-15,3.37494158596037e-05,1.885780436455708e-10,0.999966250396215
2026-07-07 11:45:00+03:00,3.0,6.002616935731332e-15,1.5754607041674084e-05,4.497103250756118e-10,0.9999842449437554
2026-07-07 11:50:00+03:00,3.0,4.376396525716601e-12,0.0011595436725536647,9.806242913358569e-08,0.9988403582598032
2026-07-07 11:55:00+03:00,3.0,1.0860335540931123e-10,9.507828821956985e-05,9.087011056516943e-07,0.9999040129018903
2026-07-07 12:00:00+03:00,3.0,2.3946894666627444e-10,7.395439953188929e-05,3.775094376575551e-06,0.9999222702660956
2026-07-07 12:05:00+03:00,3.0,2.864439140009843e-08,0.0018827738167334362,0.0001020121422773806,0.9980151853951734
2026-07-07 12:10:00+03:00,3.0,2.570949166878247e-13,6.40995301841438e-05,8.302709010263877e-08,0.9999358174434395
2026-07-07 12:15:00+03:00,3.0,6.829179656837336e-22,0.0003710621278437222,9.40263141657757e-17,0.9996289378732535
2026-07-07 12:20:00+03:00,3.0,8.498599200109347e-15,9.89882393095744e-06,3.437850474860954e-11,0.9999901011414017
2026-07-07 12:25:00+03:00,3.0,9.527384120874343e-14,5.581294003294304e-06,4.5692878450627855e-11,0.9999944186612317
2026-07-07 12:30:00+03:00,3.0,2.8104960004035015e-14,7.011193011356644e-06,8.347060430968203e-11,0.9999929887226472
2026-07-07 12:35:00+03:00,3.0,1.3770475152542949e-15,1.1181114158522759e-05,3.34435384319595e-11,0.9999888188510613
2026-07-07 12:40:00+03:00,3.0,4.416920793956873e-15,5.7913212628734665e-06,1.834593242683899e-11,0.9999942086600992
2026-07-07 12:45:00+03:00,3.0,2.28293068305023e-13,4.301340086293676e-06,4.5219790735167745e-10,0.9999956982084527
2026-07-07 12:50:00+03:00,3.0,3.530531997573993e-12,3.0031377666559255e-05,4.102832834477751e-09,0.9999699645158774
2026-07-07 12:55:00+03:00,3.0,5.313359341627055e-13,4.683194047426213e-06,2.9041148694117476e-10,0.9999953165134311
2026-07-07 13:00:00+03:00,3.0,6.612799778005786e-12,4.647663800555392e-06,7.45430557722128e-10,0.9999953515833832
2026-07-07 13:05:00+03:00,3.0,2.726668768860052e-07,6.631661875742266e-06,1.5971956197553832e-06,0.9999914984762057
2026-07-07 13:10:00+03:00,3.0,1.0513834452513999e-22,0.002327690747340914,1.6497048137318288e-19,0.997672309253744
2026-07-07 13:15:00+03:00,3.0,3.673150705131515e-16,2.4769885748889774e-05,9.860214133547133e-14,0.9999752301130745
2026-07-07 13:20:00+03:00,3.0,2.4570729262005397e-17,8.756930926765947e-06,3.486145846997935e-14,0.9999912430704695
2026-07-07 13:25:00+03:00,3.0,5.704673702153224e-13,2.0969440964983883e-06,4.082550550528677e-11,0.9999979030130066
2026-07-07 13:30:00+03:00,3.0,6.652288214119765e-13,2.9283317521116516e-06,1.9606616747966345e-11,0.9999970716496267
2026-07-07 13:35:00+03:00,3.0,4.1915808888898766e-12,1.9496443841680734e-06,7.124544531311781e-11,0.9999980502817287
2026-07-07 13:40:00+03:00,3.0,7.787709669649555e-12,1.3482995657240324e-06,1.0682989158792007e-10,0.9999986515840643
2026-07-07 13:45:00+03:00,3.0,5.960849138199177e-12,1.855111304074689e-06,1.1371627749826735e-10,0.9999981447707725
2026-07-07 13:50:00+03:00,3.0,2.3132369027792548e-24,0.0002810593350715339,1.5163854309835603e-21,0.9997189406637902
2026-07-07 13:55:00+03:00,3.0,1.8395429656646674e-26,0.00012468474395236387,2.3304492991288988e-21,0.9998753152570963
2026-07-07 14:00:00+03:00,3.0,9.31270525910539e-22,2.715741514896351e-05,1.6438027702686332e-18,0.999972842584126
2026-07-07 14:05:00+03:00,3.0,3.7102848563602485e-20,1.057161406506874e-05,6.766866853821936e-17,0.9999894283841428
2026-07-07 14:10:00+03:00,3.0,2.4151763039448252e-20,1.5783804218511634e-05,1.0885289791419217e-16,0.9999842161969003
2026-07-07 14:15:00+03:00,3.0,1.3407437108328147e-19,1.2873569039455459e-05,2.506089791577002e-16,0.999987126432744
2026-07-07 14:20:00+03:00,3.0,9.947132888254064e-17,3.4443226924360843e-06,2.0128411654187793e-14,0.9999965556767365
2026-07-07 14:25:00+03:00,3.0,1.1947347638933359e-18,1.093999095538924e-05,3.4908801011004452e-15,0.999989060010009
2026-07-07 14:30:00+03:00,3.0,2.2319458610037963e-17,3.599269152798645e-06,6.321390200461079e-15,0.9999964007321268
2026-07-07 14:35:00+03:00,3.0,2.25042410825274e-23,9.618024809111931e-05,2.1697757236683185e-20,0.9999038197510521
2026-07-07 14:40:00+03:00,3.0,1.9887934066953434e-16,4.379589370803099e-06,3.3238280776541863e-14,0.9999956204106136
2026-07-07 14:45:00+03:00,3.0,8.346656069511355e-12,2.6804997262561986e-05,1.4845480635049613e-10,0.999973194847385
2026-07-07 14:50:00+03:00,3.0,5.946862464795336e-13,3.6118864489355408e-06,8.970991303464231e-11,0.9999963880247127
2026-07-07 14:55:00+03:00,3.0,1.7666143309940588e-12,5.425732849852197e-06,6.694179414682088e-11,0.9999945741985216
2026-07-07 15:00:00+03:00,3.0,2.474687062194291e-09,2.1370481575947308e-06,5.3262020424601345e-09,0.9999978551518589
2026-07-07 15:05:00+03:00,3.0,1.0507592907378223e-08,6.126526973854144e-07,6.207132933203127e-09,0.9999993706335024
2026-07-07 15:10:00+03:00,3.0,1.1786910842772096e-06,2.1768140031604123e-05,1.7149969713970986e-07,0.9999768816686133
2026-07-07 15:15:00+03:00,3.0,6.083174302967449e-09,6.488764339177253e-07,1.1177311262200859e-10,0.9999993449275607
2026-07-07 15:20:00+03:00,3.0,8.968683264081141e-08,8.810689155186724e-07,4.2205104056412134e-09,0.999999025022155
2026-07-07 15:25:00+03:00,3.0,1.609198901084809e-06,5.373758564086002e-07,2.544675144141144e-09,0.999997850880881
2026-07-07 15:30:00+03:00,3.0,4.934922738488871e-05,4.5435213341039016e-07,3.092899267964102e-08,0.9999501654905107
2026-07-07 15:35:00+03:00,3.0,1.3218857042711833e-05,5.181623477226243e-07,4.78382153444668e-08,0.9999862151421137
2026-07-07 15:40:00+03:00,3.0,1.5291445020817763e-05,5.447537514901876e-07,2.7372630694083855e-09,0.9999841610642031
2026-07-07 15:45:00+03:00,3.0,5.124419628979777e-06,5.952810428770041e-07,1.8972978841115216e-09,0.9999942784033894
2026-07-07 15:50:00+03:00,3.0,0.0003108485483055975,1.2188475822641874e-07,1.0991741780926469e-09,0.9996890284694214
2026-07-07 15:55:00+03:00,3.0,0.0009796088273701898,1.7144006424565e-07,5.3263698942928405e-09,0.9990202144067177
2026-07-07 16:00:00+03:00,3.0,0.005260925846593784,3.115533842101955e-07,1.655983536057437e-09,0.994738760944427
2026-07-07 16:05:00+03:00,3.0,0.005995885981450399,4.6210819375745377e-07,3.707696815096254e-08,0.994003614832869
2026-07-07 16:10:00+03:00,3.0,0.004665900745081442,2.6396697896912576e-07,4.5932477174908234e-08,0.9953337893564104
2026-07-07 16:15:00+03:00,3.0,1.908390996322448e-06,5.8018348335033075e-06,1.5293468878927892e-07,0.9999921368380376
2026-07-07 16:20:00+03:00,3.0,1.6996366300283682e-10,8.70028713476476e-06,1.8379857464330123e-07,0.9999911157459723
2026-07-07 16:25:00+03:00,3.0,1.9525758461559385e-09,2.226080655389691e-06,6.369452225392301e-08,0.9999977082724284
2026-07-07 16:30:00+03:00,3.0,1.0113631799662816e-07,1.367190414785181e-06,6.687558488322767e-07,0.999997862918927
2026-07-07 16:35:00+03:00,3.0,3.3205850175833503e-07,9.332707933355209e-07,7.070622299760451e-07,0.9999980276098892
2026-07-07 16:40:00+03:00,3.0,2.6050420170593117e-08,2.552163145274791e-06,2.9706210289500055e-06,0.9999944511663914
2026-07-07 16:45:00+03:00,3.0,1.6506395375930267e-09,8.790557019226973e-06,3.6849995686490716e-06,0.9999875227927869
2026-07-07 16:50:00+03:00,3.0,2.423490875430308e-07,4.916028316789332e-05,5.4111970459722346e-05,0.9998964853977578
2026-07-07 16:55:00+03:00,3.0,1.748893767150561e-11,1.9243125471870685e-05,1.1298106932399707e-06,0.9999796270459985
2026-07-07 17:00:00+03:00,3.0,3.920335390247239e-11,5.62305385339253e-06,1.295058808302752e-07,0.9999942474007119
2026-07-07 17:05:00+03:00,3.0,3.6713371358643857e-13,2.46188154014257e-05,1.3794718983002427e-07,0.999975243238577
2026-07-07 17:10:00+03:00,3.0,1.7945425128440562e-19,0.00045225936889146153,2.8285541869501977e-10,0.9995477403465939
2026-07-07 17:15:00+03:00,3.0,9.82760840660868e-15,4.220971870106867e-05,4.047334185257388e-07,0.9999573855478777
2026-07-07 17:20:00+03:00,3.0,7.257519576801603e-16,8.08955933720137e-05,3.674537960368402e-07,0.9999187369527224
2026-07-07 17:25:00+03:00,3.0,3.9867983747428746e-14,5.287845406127909e-05,1.2759071272217046e-06,0.9999458456371252
2026-07-07 17:30:00+03:00,3.0,5.521723612807104e-13,0.0005517722162139436,3.5306560021859964e-05,0.9994129212226205
2026-07-07 17:35:00+03:00,3.0,7.795433623520128e-15,0.000229625408266265,8.017201693374768e-06,0.9997623573907138
2026-07-07 17:40:00+03:00,3.0,1.7390474124101777e-16,0.0014307707792906017,8.30118745346276e-06,0.9985609280322199
2026-07-07 17:45:00+03:00,3.0,2.9961110754748204e-15,0.0022515885578119157,5.837418483313217e-05,0.9976900372591064
2026-07-07 17:50:00+03:00,3.0,1.223741817979264e-13,0.019039820019051544,0.0052438917795277025,0.9757162882003511
2026-07-07 17:55:00+03:00,3.0,3.3348817085818417e-13,0.16550889583033287,0.01915515718717517,0.815335946983168
2026-07-08 09:55:00+03:00,1.0,2.998414186970443e-63,1.0,1.4875104931700684e-35,3.110748728615075e-13
2026-07-08 10:00:00+03:00,1.0,1.6011287618380332e-54,0.99999783496112,8.833148409320738e-21,2.165037785966954e-06
2026-07-08 10:05:00+03:00,1.0,9.238949172880666e-57,0.9999999559477156,4.326584328317598e-25,4.405116338492201e-08
2026-07-08 10:10:00+03:00,1.0,2.3745932585668414e-62,0.9999999945575837,2.5025687818199476e-25,5.440794157816438e-09
2026-07-08 10:15:00+03:00,1.0,2.3766325681673834e-66,0.9999999989122443,2.6388619707977252e-25,1.0892275856467145e-09
2026-07-08 10:20:00+03:00,1.0,5.975797073757055e-66,0.999999996045517,7.563270409455424e-27,3.95606101234795e-09
2026-07-08 10:25:00+03:00,1.0,9.114244972603179e-64,0.9999999854408089,1.0380424647780733e-27,1.456012285530146e-08
2026-07-08 10:30:00+03:00,1.0,1.7844235412875378e-61,0.9999999678911996,5.291110336364086e-27,3.2109065779166044e-08
2026-07-08 10:35:00+03:00,1.0,1.0689473943240073e-61,0.9999999732281143,1.9626251359946833e-27,2.6770233151929384e-08
2026-07-08 10:40:00+03:00,1.0,2.1472609690075663e-61,0.9999999495448731,2.5630230309705266e-29,5.0455679345678426e-08
2026-07-08 10:45:00+03:00,1.0,2.6051252608409186e-44,0.999997543912574,2.7218841963387385e-18,2.4560886276418613e-06
2026-07-08 10:50:00+03:00,1.0,1.6919506544009791e-43,0.9999982734313005,3.3439752757712444e-18,1.7265703612054634e-06
2026-07-08 10:55:00+03:00,1.0,5.919425479929867e-41,0.9999959402458088,3.530972995192965e-18,4.05975244496862e-06
2026-07-08 11:00:00+03:00,1.0,8.30063766171365e-37,0.9999886056278923,1.0720263633608016e-17,1.1394372592862043e-05
2026-07-08 11:05:00+03:00,1.0,2.1950844712216924e-29,0.9999164137781636,6.008852588485861e-12,8.358621431465703e-05
2026-07-08 11:10:00+03:00,1.0,9.505777811287237e-27,0.9994764821210228,1.5660460813688398e-14,0.0005235178804418727
2026-07-08 11:15:00+03:00,1.0,1.5035942152752962e-266,1.0,9.476857682696625e-189,1.6090098553298445e-46
2026-07-08 11:20:00+03:00,1.0,0.0,1.0,1.7916363105676745e-182,6.293476934703345e-50
2026-07-08 11:25:00+03:00,1.0,1.0319948631e-313,1.0,6.461418983458903e-163,7.89898766889743e-47
2026-07-08 11:30:00+03:00,1.0,0.0,1.0,5.058065263226665e-209,1.8130664324610855e-53
2026-07-08 11:35:00+03:00,1.0,0.0,1.0,3.942936653466747e-198,5.0007582407506645e-53
2026-07-08 11:40:00+03:00,1.0,0.0,1.0,1.032464999216118e-214,4.197031767561796e-60
2026-07-08 11:45:00+03:00,1.0,0.0,1.0,2.860323585861771e-213,6.692269394763585e-59
2026-07-08 11:50:00+03:00,1.0,0.0,1.0,9.855180412541453e-208,2.0740091622988956e-58
2026-07-08 11:55:00+03:00,1.0,0.0,1.0,4.5070485956013406e-204,8.430883332782953e-58
2026-07-08 12:00:00+03:00,1.0,0.0,1.0,1.9812823215277915e-195,2.27328764965603e-56
2026-07-08 12:05:00+03:00,1.0,4.988843127330077e-296,1.0,2.5451784390780643e-137,9.246222792563964e-45
2026-07-08 12:10:00+03:00,1.0,7.579120580793923e-258,1.0,1.3299917733494092e-113,5.555076274286143e-41
2026-07-08 12:15:00+03:00,1.0,1.571631803473933e-248,1.0,5.819990813277835e-112,9.424776607448432e-40
2026-07-08 12:20:00+03:00,1.0,9.067628756160934e-222,1.0,1.9137476476958023e-90,6.742646137829672e-37
2026-07-08 12:25:00+03:00,1.0,1.8498445188718082e-188,1.0,1.5397062076926565e-74,5.212174710684223e-29
2026-07-08 12:30:00+03:00,1.0,1.678205539435825e-146,1.0,2.991704635146267e-50,7.1721372527031e-23
2026-07-08 12:35:00+03:00,1.0,2.1052975579972504e-130,1.0,1.3152259025270346e-40,2.560933055614606e-21
2026-07-08 12:40:00+03:00,1.0,1.7520100879422902e-134,1.0,9.91021984142258e-40,8.088878096323816e-22
2026-07-08 12:45:00+03:00,1.0,3.768232871639253e-127,1.0,3.955309232090286e-36,8.295786814671537e-21
2026-07-08 12:50:00+03:00,1.0,8.570359012814667e-123,1.0,2.621883612549669e-33,5.1149644043396357e-20
2026-07-08 12:55:00+03:00,1.0,9.461504333095152e-120,1.0,3.171435116353521e-30,3.29359835422205e-20
2026-07-08 13:00:00+03:00,1.0,2.120905028803071e-112,1.0,1.7899423716700633e-29,3.2232889340705115e-18
2026-07-08 13:05:00+03:00,1.0,3.753467284804408e-112,1.0,2.4931241994967275e-29,2.726315094123181e-18
2026-07-08 13:10:00+03:00,1.0,5.181951799477158e-103,1.0,7.769890363350635e-27,1.860792829923008e-16
2026-07-08 13:15:00+03:00,1.0,2.928470466076925e-106,1.0,3.334810026844359e-27,3.758509728596487e-18
2026-07-08 13:20:00+03:00,1.0,6.597916902773554e-106,1.0,8.783000595816728e-26,7.10358759076001e-19
2026-07-08 13:25:00+03:00,1.0,9.150957254016224e-103,1.0,3.1158455999363283e-25,6.771390823718237e-18
2026-07-08 13:30:00+03:00,1.0,9.215695509371385e-103,1.0,1.2874853980859404e-24,1.562777132168488e-17
2026-07-08 13:35:00+03:00,1.0,7.18593191526042e-110,1.0,7.505779360264742e-27,1.4190865825384344e-19
2026-07-08 13:40:00+03:00,1.0,1.9848255479970986e-106,1.0,4.057977468861047e-25,1.9385088894650965e-18
2026-07-08 13:45:00+03:00,1.0,2.5422063359721415e-101,1.0,2.200689723861681e-24,3.114800606672614e-17
2026-07-08 13:50:00+03:00,1.0,4.870236776576875e-100,1.0,4.07484169519648e-23,9.629800246247678e-18
2026-07-08 13:55:00+03:00,1.0,4.11546551243356e-100,1.0,9.176228982593252e-23,2.2856790547912298e-17
2026-07-08 14:00:00+03:00,1.0,2.3907477586989753e-95,1.0,4.0409904417516283e-22,1.4392671832165282e-17
2026-07-08 14:05:00+03:00,1.0,5.560745850880581e-107,1.0,9.380292046337776e-26,1.2127347154919799e-18
2026-07-08 14:10:00+03:00,1.0,5.544957452318624e-100,1.0,4.26653646241077e-23,5.995791594852268e-17
2026-07-08 14:15:00+03:00,1.0,5.494644870736677e-95,1.0,9.332595335213052e-22,2.2954581511099625e-16
2026-07-08 14:20:00+03:00,1.0,2.975232781360913e-94,1.0,1.521183477802933e-21,7.716092408632144e-17
2026-07-08 14:25:00+03:00,1.0,1.356359053952777e-89,1.0,2.5091937926976977e-20,5.532696627626667e-16
2026-07-08 14:30:00+03:00,1.0,1.609013892959415e-83,1.0,7.425324277270283e-20,1.9661323709374406e-14
2026-07-08 14:35:00+03:00,1.0,1.5482333406039828e-89,1.0,9.41241387852538e-22,4.750867122860849e-16
2026-07-08 14:40:00+03:00,1.0,1.5227640828356738e-81,1.0,5.860845695874085e-20,7.90246064982144e-14
2026-07-08 14:45:00+03:00,1.0,6.076488301290904e-70,0.999999999992724,3.941097465939349e-19,5.5575102285328185e-12
2026-07-08 14:50:00+03:00,1.0,3.3992013674420867e-74,0.999999999996362,1.5323464510057757e-21,4.421964665691637e-12
2026-07-08 14:55:00+03:00,1.0,1.0021142158395947e-71,0.999999999992724,1.8469708892195195e-18,8.248213113813624e-12
2026-07-08 15:00:00+03:00,1.0,4.9051420724714176e-76,1.0,7.570879319406567e-20,9.247298598015738e-13
2026-07-08 15:05:00+03:00,1.0,9.741012896580668e-85,1.0,1.2758198977703442e-22,2.4452985516869306e-14
2026-07-08 15:10:00+03:00,1.0,1.4349526884103057e-79,1.0,1.1245525181498606e-21,1.5302599596685018e-12
2026-07-08 15:15:00+03:00,1.0,3.612110299147458e-69,0.9999999998799467,7.340813659684994e-20,1.2054709162339282e-10
2026-07-08 15:20:00+03:00,1.0,2.0454371107707902e-72,0.9999999999890861,1.7125195354806646e-21,9.762815376938017e-12
2026-07-08 15:25:00+03:00,1.0,3.911586281492467e-68,0.9999999999708962,1.7327389144826062e-19,2.7561001315268228e-11
2026-07-08 15:30:00+03:00,1.0,3.5124664270060224e-64,0.999999999312422,1.277242292355127e-20,6.875911436463664e-10
2026-07-08 15:35:00+03:00,1.0,3.771648655885661e-58,0.9999999970350473,1.2883677106601941e-17,2.9647495360111723e-09
2026-07-08 15:40:00+03:00,1.0,2.4677874988192564e-50,0.9999999856408978,1.5231023524566104e-14,1.4358854414109147e-08
2026-07-08 15:45:00+03:00,1.0,6.883720086734169e-44,0.9999999201281785,1.525750902459688e-12,7.987125461621685e-08
2026-07-08 15:50:00+03:00,1.0,7.189532822716115e-42,0.9999992457817941,1.393311251717841e-11,7.542027257359787e-07
2026-07-08 15:55:00+03:00,1.0,2.4651538078078214e-50,0.9999999838182704,6.789465768290419e-16,1.6180363008023635e-08
2026-07-08 16:00:00+03:00,1.0,3.089107860395085e-50,0.9999999806568669,1.5875801504176192e-13,1.934121088556109e-08
2026-07-08 16:05:00+03:00,1.0,3.178333713656204e-47,0.9999999699357436,4.008504557412221e-12,3.005990153369089e-08
2026-07-08 16:10:00+03:00,1.0,6.7054980777036e-45,0.9999999442115965,3.9277488014066216e-11,5.574966818378166e-08
2026-07-08 16:15:00+03:00,1.0,4.37040450813637e-40,0.9999991163171483,5.157000933307054e-11,8.83631945251467e-07
2026-07-08 16:20:00+03:00,1.0,4.128046578852271e-45,0.9999999782121451,2.205435480450782e-12,2.1785816992165625e-08
2026-07-08 16:25:00+03:00,1.0,9.53043655196872e-45,0.9999999740321076,6.742558019283993e-11,2.5902225570337745e-08
2026-07-08 16:30:00+03:00,1.0,3.2738049975120835e-43,0.9999998434286803,1.366934758740597e-10,1.564349360237483e-07
2026-07-08 16:35:00+03:00,1.0,1.495650397384963e-42,0.9999999477113319,1.0517437268513045e-10,5.218443751066792e-08
2026-07-08 16:40:00+03:00,1.0,6.507386380037912e-44,0.999999941079297,1.5774564342667736e-10,5.876343739341252e-08
2026-07-08 16:45:00+03:00,1.0,5.520544623377457e-47,0.9999999989158823,2.339444273806339e-11,1.060208493674791e-09
2026-07-08 16:50:00+03:00,1.0,1.580007736192274e-49,0.9999999986466719,4.3429353333101083e-11,1.310986842518574e-09
2026-07-08 16:55:00+03:00,1.0,2.7446827438352964e-51,0.9999999980609573,1.39630240991076e-11,1.925765857227084e-09
2026-07-08 17:00:00+03:00,1.0,8.612696169070424e-53,0.9999999991669029,5.24039333942003e-12,8.277863568089156e-10
2026-07-08 17:05:00+03:00,1.0,1.2742260586952463e-53,0.9999999998944986,1.3336249459178919e-11,9.351540670428467e-11
2026-07-08 17:10:00+03:00,1.0,2.0265712202416595e-56,0.9999999999854481,2.708495338385345e-12,1.1226663896909024e-11
2026-07-08 17:15:00+03:00,1.0,2.8984305271056494e-59,0.999999999992724,6.539803266138193e-13,5.365825992343352e-12
2026-07-08 17:20:00+03:00,1.0,6.656621811463433e-64,1.0,1.5761527339061874e-14,5.679682080071112e-13
2026-07-08 17:25:00+03:00,1.0,1.2979558620050727e-66,1.0,4.6781699351508705e-15,7.186156053222513e-14
2026-07-08 17:30:00+03:00,1.0,1.0599425263909612e-71,1.0,1.7110749759515555e-16,3.437526826924603e-15
2026-07-08 17:35:00+03:00,1.0,7.696194702981864e-77,1.0,1.8061309311299688e-17,2.4419140702853404e-15
2026-07-08 17:40:00+03:00,1.0,5.771055921479142e-70,0.999999999996362,1.4729821056850348e-16,5.07186227577226e-12
2026-07-08 17:45:00+03:00,1.0,8.661222682962387e-66,0.999999999992724,1.2754234900546168e-14,7.649613814862417e-12
2026-07-08 17:50:00+03:00,1.0,8.28662922178882e-64,0.9999999999890861,3.3191245257599536e-14,1.2062301290087654e-11
2026-07-08 17:55:00+03:00,1.0,1.2019555408735428e-33,0.9999671281421403,1.2822574612464305e-07,3.27436319214892e-05
2026-07-09 09:55:00+03:00,1.0,3.289073541465848e-35,0.9999998023740968,1.0112987787001005e-25,1.976257860183533e-07
2026-07-09 10:00:00+03:00,1.0,1.756963904046646e-32,0.507558192643691,9.770916269048269e-17,0.492441807354648
2026-07-09 10:05:00+03:00,3.0,7.907101143508455e-32,0.3986142034110872,2.871959741121165e-19,0.6013857965880138
2026-07-09 10:10:00+03:00,3.0,4.302223654013777e-31,0.1642361657841605,5.298407269034325e-22,0.8357638342171902
2026-07-09 10:15:00+03:00,3.0,1.2954908941397418e-28,0.026007281780577315,6.830334175523586e-20,0.9739927182195535
2026-07-09 10:20:00+03:00,3.0,2.502785445629787e-28,0.0038626258512159443,1.5678582670145074e-20,0.9961373741470197
2026-07-09 10:25:00+03:00,3.0,2.674629679645954e-26,0.00036250520990824004,2.279001439469389e-19,0.9996374947885587
2026-07-09 10:30:00+03:00,3.0,6.821695673729006e-27,0.0001532634560754841,1.532344469659771e-19,0.9998467365429967
2026-07-09 10:35:00+03:00,3.0,5.457400695291868e-27,0.00016101016272767403,2.6208652429790822e-20,0.999838989836962
2026-07-09 10:40:00+03:00,3.0,2.51239945587375e-26,0.00012038643572043419,1.87139682625777e-20,0.9998796135625456
2026-07-09 10:45:00+03:00,3.0,4.61723693036544e-20,3.422304905987053e-05,6.269366236154463e-15,0.9999657769511924
2026-07-09 10:50:00+03:00,3.0,1.1133742618516736e-19,3.036501939824819e-05,4.222742360565758e-14,0.9999696349795195
2026-07-09 10:55:00+03:00,3.0,5.275520968032596e-18,3.025644017301775e-05,1.9666260697770465e-12,0.9999697435589817
2026-07-09 11:00:00+03:00,3.0,7.38130763017654e-21,0.00013823351054763927,1.2477230437066274e-13,0.9998617664877923
2026-07-09 11:05:00+03:00,3.0,1.7843657224127674e-16,2.016686735004957e-05,1.5756164141085995e-10,0.9999798329768905
2026-07-09 11:10:00+03:00,3.0,9.162485207736124e-14,1.2206096334333729e-05,5.001476165784812e-08,0.9999877438882147
2026-07-09 11:15:00+03:00,3.0,1.2659549700071503e-12,1.3341476113005478e-05,8.143860963047655e-07,0.9999858441353042
2026-07-09 11:20:00+03:00,3.0,1.9656165872959307e-11,1.3043830039398685e-05,7.966677405456647e-06,0.9999789894743015
2026-07-09 11:25:00+03:00,3.0,1.1036949709032453e-10,1.6638633531331317e-05,5.7349559674448756e-05,0.9999260116980254
2026-07-09 11:30:00+03:00,3.0,9.42599817993696e-11,1.5748024011706264e-05,3.0367521910820137e-06,0.9999812151308974
2026-07-09 11:35:00+03:00,3.0,1.5232952352194062e-10,3.0199839073473642e-05,0.00016868116757775588,0.9998011188397584
2026-07-09 11:40:00+03:00,3.0,1.5623164069361207e-10,3.183040786978798e-05,0.002025654465286221,0.9979425149722151
2026-07-09 11:45:00+03:00,3.0,1.43047273420388e-09,9.279907244694334e-06,0.00900730143757302,0.9909834172245752
2026-07-09 11:50:00+03:00,2.0,3.558224495720246e-07,7.106180898821378e-06,0.570179369794083,0.42981316820417254
2026-07-09 11:55:00+03:00,2.0,6.606481015739167e-07,1.872653847912111e-06,0.7644527709829361,0.23554469571540326
2026-07-09 12:00:00+03:00,2.0,8.000457595157958e-07,8.161801653871077e-05,0.9727028369111383,0.02721474502816268
2026-07-09 12:05:00+03:00,2.0,2.27926231241807e-07,5.6820972165905914e-06,0.9636466224264186,0.0363474675513936
2026-07-09 12:10:00+03:00,2.0,2.6700212523462568e-06,2.9498319262079717e-07,0.9721846331567827,0.02781240183964438
2026-07-09 12:15:00+03:00,2.0,7.362248301738744e-06,1.0191756218770328e-06,0.9948486701143722,0.005142948460487608
2026-07-09 12:20:00+03:00,2.0,2.3751887320335805e-06,7.617111709198205e-07,0.995528630094069,0.004468233007513822
2026-07-09 12:25:00+03:00,2.0,4.791331309331503e-05,1.7601803120766393e-05,0.9872983101788316,0.012636174705186895
2026-07-09 12:30:00+03:00,2.0,0.0002942707068316764,0.0004568156045957035,0.5595529085915635,0.43969600509784385
2026-07-09 12:35:00+03:00,3.0,6.801542076029704e-08,0.0005261894518717876,3.1003246665616644e-05,0.9994427392851762
2026-07-09 12:40:00+03:00,3.0,6.3492081485217465e-06,2.656003671764835e-06,2.3867187605931258e-05,0.9999671276000992
2026-07-09 12:45:00+03:00,3.0,7.35981988047048e-07,7.085279894260167e-06,1.0705673058586844e-06,0.9999911081717677
2026-07-09 12:50:00+03:00,3.0,1.2805130473730502e-15,5.4504520013448804e-05,1.1588849161665833e-14,0.999945495478862
2026-07-09 12:55:00+03:00,3.0,9.74149709543686e-11,1.0522858655148827e-06,2.7497998232769537e-10,0.9999989473404722
2026-07-09 13:00:00+03:00,3.0,1.8156026270755636e-11,1.0898509807733436e-06,7.972910073552607e-11,0.9999989100512294
2026-07-09 13:05:00+03:00,3.0,2.2046782798779096e-11,3.5152572305217042e-06,1.7430137372714875e-10,0.9999964845472223
2026-07-09 13:10:00+03:00,3.0,2.6937136982946635e-23,9.383217289050446e-05,5.7970986993079546e-18,0.999906167828717
2026-07-09 13:15:00+03:00,3.0,2.1298780311011765e-19,1.599258121101954e-05,1.0241401634965604e-15,0.9999840074202516
2026-07-09 13:20:00+03:00,3.0,8.807415334946205e-17,0.0008273508096457337,2.9110605389269076e-13,0.9991726491904885
2026-07-09 13:25:00+03:00,3.0,3.7186212235315976e-16,1.4912388254517245e-05,9.776560642641253e-13,0.999985087610417
2026-07-09 13:30:00+03:00,3.0,3.806403588550287e-17,2.2810832067256387e-05,5.437393802624846e-13,0.9999771891689861
2026-07-09 13:35:00+03:00,3.0,1.4743509817163318e-20,2.756997056555191e-05,1.2722641822818572e-14,0.9999724300304287
2026-07-09 13:40:00+03:00,3.0,9.536393188786024e-12,5.415106282997315e-06,5.053978795958866e-08,0.9999945343446808
2026-07-09 13:45:00+03:00,3.0,2.066943719075329e-16,4.588362550148304e-05,4.946346470886627e-10,0.9999541158808507
2026-07-09 13:50:00+03:00,3.0,5.775582232291391e-13,4.233568339265975e-05,2.1123653797588552e-07,0.9999574530804406
2026-07-09 13:55:00+03:00,3.0,2.4198201013827654e-16,1.2771102710024375e-05,2.063641011810173e-11,0.9999872288769136
2026-07-09 14:00:00+03:00,3.0,1.2509296343366945e-09,5.449416237519705e-06,1.481343243650903e-06,0.9999930679900148
2026-07-09 14:05:00+03:00,3.0,2.8198612750224025e-08,6.525291905473845e-06,7.327724105815548e-06,0.999986118784302
2026-07-09 14:10:00+03:00,3.0,3.4192461993060435e-10,1.0921913820868535e-05,2.814927168157351e-06,0.99998626281717
2026-07-09 14:15:00+03:00,3.0,1.4293209227998059e-08,3.55810917706891e-05,2.990035249393477e-05,0.999934504261897
2026-07-09 14:20:00+03:00,3.0,7.69842241073225e-08,5.516840016850793e-06,0.00029935413138614783,0.9996950520453342
2026-07-09 14:25:00+03:00,3.0,4.503100803948995e-06,2.817530645342706e-06,0.01154882844489197,0.9884438509227395
2026-07-09 14:30:00+03:00,3.0,8.615695166415948e-05,1.3765123682379164e-06,0.07589870019032771,0.9240137663447441
2026-07-09 14:35:00+03:00,2.0,0.009038612354381897,1.9849322661050907e-06,0.7969607694960714,0.1939986332180924
2026-07-09 14:40:00+03:00,2.0,0.015102354415421905,3.117683557898885e-07,0.9142615074215328,0.07063582639373682
2026-07-09 14:45:00+03:00,2.0,0.06159209185926943,2.547213852815633e-07,0.9243615944866498,0.01404605893102144
2026-07-09 14:50:00+03:00,2.0,0.09833184215673153,4.101568959223018e-07,0.8959796081278949,0.005688139558343239
2026-07-09 14:55:00+03:00,0.0,0.6963390375804009,1.6721887111777378e-07,0.30128600319867077,0.0023747920026411513
2026-07-09 15:00:00+03:00,0.0,0.9203736427095797,1.6482142589407354e-08,0.07932100235159928,0.0003053384551937328
2026-07-09 15:05:00+03:00,0.0,0.9893074549879276,4.030410274143368e-09,0.010594852852319243,9.768813035302227e-05
2026-07-09 15:10:00+03:00,0.0,0.9987927092285254,7.121063616022867e-11,0.0011899267130105608,1.7363988077231264e-05
2026-07-09 15:15:00+03:00,0.0,0.9999605991083445,9.6071004511301e-11,3.8230796743916155e-05,1.1699989004219518e-06
2026-07-09 15:20:00+03:00,0.0,0.9999939151606259,2.98218845195348e-11,1.5735200477522782e-06,4.511289350581886e-06
2026-07-09 15:25:00+03:00,0.0,0.9999946839048213,5.7899644275389477e-11,8.225253947040701e-08,5.233786531109424e-06
2026-07-09 15:30:00+03:00,0.0,0.9999629098204492,1.956251125823697e-10,9.66254007961167e-06,2.7427442060678858e-05
2026-07-09 15:35:00+03:00,0.0,0.9999857113618801,3.4091135378031655e-10,5.312212597820222e-06,8.976083036538598e-06
2026-07-09 15:40:00+03:00,0.0,0.9997296452509777,3.6133995804193284e-10,0.00019506257464416366,7.529181240946684e-05
2026-07-09 15:45:00+03:00,0.0,0.9999330211125279,8.470265259563455e-10,6.34063986147278e-05,3.5716400865957307e-06
2026-07-09 15:50:00+03:00,0.0,0.999950880499867,1.0231020630437438e-08,2.7804153630589116e-05,2.1305117273745165e-05
2026-07-09 15:55:00+03:00,0.0,0.9994682565767742,2.528137884284734e-07,2.821976189577015e-05,0.0005032708471987688
2026-07-09 16:00:00+03:00,0.0,0.9812579764581749,3.8030567211997237e-06,0.00013693149245226275,0.018601288993185586
2026-07-09 16:05:00+03:00,3.0,0.0002550035736142694,0.002685106138296903,1.149441131869325e-09,0.9970598891368696
2026-07-09 16:10:00+03:00,3.0,0.00021930395295796187,1.349567115749795e-05,8.444773776975051e-07,0.9997663559002888
2026-07-09 16:15:00+03:00,3.0,0.0001493480769811329,1.110561432522723e-06,5.52182814075301e-07,0.9998489891786824
2026-07-09 16:20:00+03:00,3.0,0.00028593084058589597,8.175694748611998e-07,1.3944369917445013e-06,0.9997118571527256
2026-07-09 16:25:00+03:00,3.0,0.00013111991439346005,6.432384184580134e-07,1.5422917982682768e-07,0.9998680826172857
2026-07-09 16:30:00+03:00,3.0,0.0002791820993953478,1.4441140285431397e-06,4.149787296414596e-06,0.9997152239995711
2026-07-09 16:35:00+03:00,3.0,0.00031985965001412144,8.995953079434473e-07,3.4513477034484233e-06,0.9996757894065975
2026-07-09 16:40:00+03:00,3.0,2.0103944077287022e-07,4.329117761743043e-06,2.527931070148616e-10,0.9999954695915981
2026-07-09 16:45:00+03:00,3.0,3.852659723683143e-08,9.917680412827387e-07,5.939419606218404e-09,0.9999989637659294
2026-07-09 16:50:00+03:00,3.0,1.7249442698194276e-07,6.734177042247664e-07,9.759257655764342e-09,0.9999991443295607
2026-07-09 16:55:00+03:00,3.0,5.764651370177996e-05,1.1093229737888548e-06,8.893325683371639e-07,0.9999403548316508
2026-07-09 17:00:00+03:00,3.0,4.2368174107035e-05,1.0344617553102102e-06,5.156737578242845e-07,0.9999560816908433
2026-07-09 17:05:00+03:00,3.0,1.658320193648529e-05,1.879162580566166e-06,1.0782383214227267e-06,0.9999804593989382
2026-07-09 17:10:00+03:00,3.0,1.5872133949194895e-06,1.3765576346350946e-06,1.214758455943056e-07,0.9999969147513484
2026-07-09 17:15:00+03:00,3.0,6.829427971924515e-07,1.4127521552567099e-06,1.8820416255078237e-07,0.9999977161013409
2026-07-09 17:20:00+03:00,3.0,7.445069757450653e-06,9.235964136128549e-07,1.1788377060121865e-06,0.9999904524976165
2026-07-09 17:25:00+03:00,3.0,2.789422727659178e-06,9.00089041002196e-07,1.0667710002818087e-07,0.9999962038127002
2026-07-09 17:30:00+03:00,3.0,0.00023305969229086505,1.53260807129635e-06,4.6576721534282645e-06,0.9997607500275488
2026-07-09 17:35:00+03:00,3.0,0.000407455375200918,1.91790716329974e-06,4.064785147876666e-06,0.9995865619314279
2026-07-09 17:40:00+03:00,3.0,0.00013285313564888787,2.351945882479247e-06,4.937315331308562e-07,0.9998643011860731
2026-07-09 17:45:00+03:00,3.0,0.00015442577628680055,2.141318167993658e-05,9.49870988895583e-06,0.9998146623315497
2026-07-09 17:50:00+03:00,3.0,1.0847261985798562e-05,2.364596156841337e-06,4.8632674592418785e-08,0.9999867395096501
2026-07-09 17:55:00+03:00,3.0,0.0003263136028665436,0.0006368366406049633,1.984825147219724e-05,0.9990170015059915
2026-07-10 09:55:00+03:00,3.0,0.0008045505572976721,0.4451163926159836,0.0002618083488337667,0.55381724847621
2026-07-10 10:00:00+03:00,3.0,1.488049599152674e-12,0.002216873115701742,1.5826870059812724e-12,0.9977831268817139
2026-07-10 10:05:00+03:00,3.0,1.5962722679245227e-20,7.725550278549807e-05,2.7103694052941945e-19,0.9999227444980884
2026-07-10 10:10:00+03:00,3.0,4.0590964530751113e-16,1.856156635237173e-06,5.888164298505937e-15,0.9999981438430896
2026-07-10 10:15:00+03:00,3.0,8.642464076595581e-20,7.158371240134045e-06,1.750991990582204e-18,0.9999928416292923
2026-07-10 10:20:00+03:00,3.0,3.6326402063381276e-18,3.6899596648464574e-06,2.2154897928757354e-16,0.9999963100412836
2026-07-10 10:25:00+03:00,3.0,1.733026690666047e-22,2.0800121414878508e-05,3.523701422505384e-20,0.9999791998796831
2026-07-10 10:30:00+03:00,3.0,3.024487751649832e-19,3.900467349259298e-06,1.1719592775034202e-17,0.9999960995340769
2026-07-10 10:35:00+03:00,3.0,1.5478299723650225e-24,3.656488424157984e-05,1.0357546323608551e-20,0.999963435114329
2026-07-10 10:40:00+03:00,3.0,4.914656468847418e-24,3.526692845996433e-05,1.610833577847809e-19,0.9999647330730824
2026-07-10 10:45:00+03:00,3.0,8.826691075841434e-22,2.0520145546011804e-05,1.8638876181291704e-18,0.9999794798527477
2026-07-10 10:50:00+03:00,3.0,1.3951795545076253e-18,6.585338642361301e-06,3.1506113634528816e-16,0.9999934146615862
2026-07-10 10:55:00+03:00,3.0,1.936623247029252e-22,8.194143275901793e-05,5.630358019600319e-18,0.9999180585686928
2026-07-10 11:00:00+03:00,3.0,9.094397265958193e-19,1.7935915676469856e-05,3.176608688229795e-15,0.9999820640849584
2026-07-10 11:05:00+03:00,3.0,2.9404531013647344e-27,0.0008072861599738971,6.02245158759844e-20,0.999192713838804
2026-07-10 11:10:00+03:00,3.0,2.1365134023403137e-20,3.045322120434283e-05,8.577472207291445e-15,0.9999695467794055
2026-07-10 11:15:00+03:00,3.0,2.283296091841766e-16,6.247613305246552e-06,1.7050376322661734e-12,0.9999937523839058
2026-07-10 11:20:00+03:00,3.0,1.2597093137211298e-18,2.3872392461769596e-05,7.400426376983822e-13,0.9999761276060836
2026-07-10 11:25:00+03:00,3.0,9.982656986994272e-16,8.04459162354186e-06,2.025229220716201e-10,0.9999919552061144
2026-07-10 11:30:00+03:00,3.0,3.30373135845229e-15,6.567260283651107e-06,4.3094311859773603e-10,0.9999934323093054
2026-07-10 11:35:00+03:00,3.0,6.535027848864536e-13,6.22093619688385e-05,4.145885592976687e-09,0.9999377864914363
2026-07-10 11:40:00+03:00,3.0,1.4533765034549699e-11,0.0001997564587962906,5.444007917994142e-08,0.9998001890849957
2026-07-10 11:45:00+03:00,3.0,1.3987764330559305e-09,8.502438067986817e-05,2.593162069646839e-06,0.9999123810600987
2026-07-10 11:50:00+03:00,3.0,1.8781056598517166e-09,2.7987183275171154e-05,9.402910635932604e-07,0.9999710706471011
2026-07-10 11:55:00+03:00,3.0,2.1328720587623602e-07,9.62231450369045e-06,1.6207986157940449e-06,0.9999885436010623
2026-07-10 12:00:00+03:00,3.0,3.198514083816515e-07,2.5876866280139854e-06,3.252921193360195e-06,0.9999938395420613
2026-07-10 12:05:00+03:00,3.0,1.3873583874441297e-08,1.9801805482720224e-06,7.666197651965652e-09,0.9999979982805624
2026-07-10 12:10:00+03:00,3.0,9.194668623831104e-07,1.4910292455190153e-06,2.8340088641782236e-08,0.9999975611638273
2026-07-10 12:15:00+03:00,3.0,6.021440960919344e-06,9.617369899582144e-07,2.1874818994314238e-07,0.9999927980720847
2026-07-10 12:20:00+03:00,3.0,2.0538911794434472e-05,1.0146530563642493e-06,6.517349152646281e-07,0.9999777947005669
2026-07-10 12:25:00+03:00,3.0,1.5288191699838844e-05,7.62964249521964e-07,8.00237507870217e-07,0.9999831486057843
2026-07-10 12:30:00+03:00,3.0,4.9027917888848855e-05,1.0120815289159377e-06,3.6207623853112807e-06,0.9999463392369454
2026-07-10 12:35:00+03:00,3.0,0.00010761505330714206,2.3049184048575163e-06,1.3982210344258692e-06,0.9998886818074759
2026-07-10 12:40:00+03:00,3.0,0.00019717261182649668,6.565529087977893e-07,5.688319528786915e-07,0.999801602001955
2026-07-10 12:45:00+03:00,3.0,2.2549408579318604e-07,8.135409407476889e-07,4.1559281956971075e-11,0.9999989609246709
2026-07-10 12:50:00+03:00,3.0,1.5547950395930952e-13,1.2954391943171349e-05,3.960271142993882e-12,0.9999870456051747
2026-07-10 12:55:00+03:00,3.0,8.772298178214626e-10,1.7969136840922e-06,6.119540765649215e-09,0.9999981960880077
2026-07-10 13:00:00+03:00,3.0,1.6514134314698536e-08,7.244843453033558e-06,6.111524345439856e-08,0.9999926775285324
2026-07-10 13:05:00+03:00,3.0,9.239187101783723e-09,7.87412197533807e-07,2.6420501728128135e-08,0.9999991769294615
2026-07-10 13:10:00+03:00,3.0,1.0110253048807286e-10,3.5058952348113784e-06,9.738372850038899e-09,0.999996484267099
2026-07-10 13:15:00+03:00,3.0,1.5065065512941676e-10,1.0718076143378051e-06,7.241104059200888e-10,0.9999989273170582
2026-07-10 13:20:00+03:00,3.0,2.1241798623442783e-11,4.2546756950044754e-06,1.1766592877887714e-11,0.999995745290973
2026-07-10 13:25:00+03:00,3.0,1.1401053999622437e-11,3.283377451641684e-06,8.609025572093704e-11,0.9999967165257904
2026-07-10 13:30:00+03:00,3.0,5.6477874550966306e-11,2.8018298860241826e-06,5.5074596558212e-10,0.9999971975633504
2026-07-10 13:35:00+03:00,3.0,6.879727460614334e-09,7.09264602287505e-07,6.416827130791495e-09,0.9999992774394623
2026-07-10 13:40:00+03:00,3.0,2.440273613932768e-06,2.475107093258819e-06,1.0364798638258631e-07,0.9999949809697216
2026-07-10 13:45:00+03:00,3.0,2.4456487643537907e-09,3.0829531123066214e-06,1.503942415183118e-08,0.9999968995628339
2026-07-10 13:50:00+03:00,3.0,1.1303613597739976e-09,9.296879699062292e-07,1.0836171101066502e-09,0.999999068099421
2026-07-10 13:55:00+03:00,3.0,1.2734904324589883e-06,3.2369470418898396e-05,1.468422566015139e-07,0.9999662101979068
2026-07-10 14:00:00+03:00,3.0,1.5646357418378713e-05,4.4140621729471614e-07,2.595318059244834e-08,0.9999838862847779
2026-07-10 14:05:00+03:00,3.0,0.0045953241404256395,5.07164251276328e-07,1.1213299213686486e-06,0.9954030473669883
2026-07-10 14:10:00+03:00,3.0,0.16644089056413014,7.311993699768137e-07,9.13651445523255e-06,0.8335492417234989
2026-07-10 14:15:00+03:00,3.0,0.42494421741844457,3.523066000621905e-07,8.34926777663904e-05,0.5749719375989242
2026-07-10 14:20:00+03:00,0.0,0.8896783061672059,8.107440126971966e-08,5.777950405010271e-06,0.11031583480642831
2026-07-10 14:25:00+03:00,0.0,0.972544035493694,1.2431518371179296e-09,6.590594429620283e-07,0.02745530420358186
2026-07-10 14:30:00+03:00,0.0,0.9982464979975102,1.5025281587426172e-11,3.505473235156196e-08,0.0017534669340785805
2026-07-10 14:35:00+03:00,0.0,0.9999778216755811,6.701046592974774e-13,2.403125606110145e-08,2.2154293321850107e-05
2026-07-10 14:40:00+03:00,0.0,0.9999984441213481,4.726117887735195e-14,1.494837637024169e-07,1.4063964618412384e-06
2026-07-10 14:45:00+03:00,0.0,0.999999439995165,5.441556532910174e-13,4.771873024014466e-07,8.281655216400274e-08
2026-07-10 14:50:00+03:00,0.0,0.9999969498286325,1.7205195543402074e-12,2.6740698803476667e-06,3.760985821169473e-07
2026-07-10 14:55:00+03:00,0.0,0.999999255986317,3.9040343234728794e-13,2.1234850689144805e-07,5.31664045140966e-07
2026-07-10 15:00:00+03:00,0.0,0.9999990561668617,7.659654031078915e-13,2.6184137508823545e-07,6.819909068566858e-07
2026-07-10 15:05:00+03:00,0.0,0.9999933331786768,1.990166023978301e-12,5.803126377716515e-06,8.636916640216372e-07
2026-07-10 15:10:00+03:00,0.0,0.9999957888883265,4.141089474754082e-12,3.819625044620029e-06,3.914828010660309e-07
2026-07-10 15:15:00+03:00,0.0,0.9999981699091598,7.547403308518724e-13,1.1126588212411018e-06,7.174317269951544e-07
2026-07-10 15:20:00+03:00,0.0,0.9999991113622255,1.2071434382459144e-12,3.281893065620467e-07,5.604475277587964e-07
2026-07-10 15:25:00+03:00,0.0,0.9999904462003354,1.3841129819142772e-11,8.12472019710483e-06,1.4290673667019781e-06
2026-07-10 15:30:00+03:00,0.0,0.9999926228828543,1.2557461159062786e-11,4.6396098371287325e-06,2.7374948963222784e-06
2026-07-10 15:35:00+03:00,0.0,0.9999207605760936,4.7365355332914464e-11,7.642850961482219e-05,2.8108681189593112e-06
2026-07-10 15:40:00+03:00,0.0,0.9988197590135035,1.1408018709716776e-09,0.001171823958234943,8.41588771674599e-06
2026-07-10 15:45:00+03:00,0.0,0.9634544272597364,3.7644879874110964e-08,0.03640757769370802,0.0001379574001948569
2026-07-10 15:50:00+03:00,0.0,0.8677419154231254,8.492860886425572e-08,0.13156389670651056,0.0006941029401253495
2026-07-10 15:55:00+03:00,0.0,0.8369072843004547,2.8937160234258485e-07,0.16160991507063355,0.0014825112563103828
2026-07-10 16:00:00+03:00,0.0,0.7961230293830245,3.7500734936892533e-06,0.19889740570250544,0.004975814841293644
2026-07-10 16:05:00+03:00,0.0,0.764578014117558,4.6217986377770595e-05,0.20138672508245814,0.033989042812928014
2026-07-10 16:10:00+03:00,3.0,0.24923567113880296,8.458617651401406e-05,0.022208100438527813,0.7284716422479109
2026-07-10 16:15:00+03:00,3.0,0.10355232538856957,2.0494095259137205e-05,0.002602545638670589,0.8938246348766401
2026-07-10 16:20:00+03:00,3.0,4.265200262409441e-05,5.895854356944383e-05,2.3530712441681144e-07,0.9998981541455326
2026-07-10 16:25:00+03:00,3.0,8.961936273552546e-06,1.2279162770948709e-06,1.0677926540979204e-06,0.9999887423561391
2026-07-10 16:30:00+03:00,3.0,3.1402351547139606e-05,1.1516089021624135e-06,4.9252305790503e-07,0.9999669535176372
2026-07-10 16:35:00+03:00,3.0,0.001275322167387847,2.556728006573379e-06,2.7780976027160013e-06,0.9987193430054858
2026-07-10 16:40:00+03:00,3.0,0.004627242090947051,7.140467199275557e-06,4.521174003181539e-05,0.9953204057006445
2026-07-10 16:45:00+03:00,3.0,0.012569067303138828,2.8989482016933983e-06,0.00010253599733260332,0.9873254977510859
2026-07-10 16:50:00+03:00,3.0,0.027724032589791916,4.158864815416277e-06,0.0001864841531133578,0.9720853243918827
2026-07-10 16:55:00+03:00,3.0,0.051356838728633836,4.6594872632776744e-06,0.0004730851071173149,0.9481654166753433
2026-07-10 17:00:00+03:00,3.0,0.17686319414654206,6.263405040199435e-06,0.0006400652588262898,0.8224904771881161
2026-07-10 17:05:00+03:00,3.0,0.2512819344451048,2.2757845936272705e-06,0.0004201980993268198,0.7482955916724434
2026-07-10 17:10:00+03:00,3.0,0.35195486194280323,7.274889095307468e-06,0.0015662117905452463,0.6464716513773924
2026-07-10 17:15:00+03:00,3.0,0.3812405665022812,6.924515520284262e-06,0.001281950992306608,0.6174705579915452
2026-07-10 17:20:00+03:00,3.0,0.3798919077802664,8.42855419872518e-06,0.0009361888622727865,0.6191634748028898
2026-07-10 17:25:00+03:00,3.0,0.3360991096391863,1.6667724802579183e-05,0.0011548675447327435,0.6627293550928737
2026-07-10 17:30:00+03:00,3.0,0.0013274561945385071,0.0005830157717651602,0.0004233161798541974,0.9976662118540697
2026-07-10 17:35:00+03:00,3.0,7.4875254626853015e-06,4.89167498933577e-06,1.1172582546819847e-05,0.9999764482171912
2026-07-10 17:40:00+03:00,3.0,8.949597462107788e-06,2.831552202787147e-06,8.157501991759924e-05,0.9999066438318785
2026-07-10 17:45:00+03:00,3.0,1.2555018083734503e-05,4.660635870372743e-06,0.0004224495732841149,0.9995603347724578
2026-07-10 17:50:00+03:00,3.0,2.094300305567854e-05,2.0625866752719795e-05,0.003075565097204151,0.9968828660332565
2026-07-10 17:55:00+03:00,3.0,0.00030566281532950845,0.00227164802094609,0.014718580636855945,0.9827041085281242
2026-07-13 09:55:00+03:00,1.0,1.4092303078864775e-101,1.0,6.838635482347806e-76,6.142676811351374e-19
2026-07-13 10:00:00+03:00,1.0,2.2243743271126515e-76,0.9999998752428005,3.4759706401593473e-44,1.247568461772066e-07
2026-07-13 10:05:00+03:00,1.0,3.554211221467714e-86,0.9999999999818101,1.5369566824657233e-57,1.9494326378880646e-11
2026-07-13 10:10:00+03:00,1.0,9.133265630460593e-81,0.9999999983301677,1.7416458789602308e-50,1.6699164166660088e-09
2026-07-13 10:15:00+03:00,1.0,1.3439940782622225e-122,1.0,5.617320566605649e-79,6.8615846958892185e-18
2026-07-13 10:20:00+03:00,1.0,2.8879565026638872e-120,1.0,5.1191644388769006e-74,1.9276564193174623e-15
2026-07-13 10:25:00+03:00,1.0,2.8870529497628134e-114,1.0,2.121336167856358e-71,1.0433671698783283e-14
2026-07-13 10:30:00+03:00,1.0,7.402792267650275e-118,1.0,4.020094620865314e-77,2.068247119343537e-15
2026-07-13 10:35:00+03:00,1.0,2.5735270619653393e-113,1.0,4.81875234933188e-72,2.1206145777851444e-14
2026-07-13 10:40:00+03:00,1.0,1.2562330955366034e-111,1.0,5.773889372234912e-71,2.366921861919991e-14
2026-07-13 10:45:00+03:00,1.0,3.0451665599439193e-69,0.9999998659150241,1.5437150692614995e-38,1.3408665963563487e-07
2026-07-13 10:50:00+03:00,1.0,1.4944642193860282e-61,0.9999998780513198,9.853059057916549e-37,1.2194906568899076e-07
2026-07-13 10:55:00+03:00,1.0,5.473021954925007e-56,0.999999262985783,1.3397788657206727e-34,7.370142230347915e-07
2026-07-13 11:00:00+03:00,1.0,1.4378612309209813e-55,0.9999419389799584,4.882730223197186e-34,5.806102118981382e-05
2026-07-13 11:05:00+03:00,1.0,7.038771945201066e-30,0.7938420999423578,6.807336035885494e-14,0.20615790005660536
2026-07-13 11:10:00+03:00,3.0,4.414173500169114e-21,0.3007254274418867,1.2661840573831836e-10,0.6992745724299481
2026-07-13 11:15:00+03:00,3.0,2.311404460655957e-17,0.04912041947398024,8.649754788145467e-07,0.9508787155501923
2026-07-13 11:20:00+03:00,3.0,2.2978741345187503e-15,0.007944528719921535,0.0007900559579146866,0.991265415323426
2026-07-13 11:25:00+03:00,3.0,2.715499664947492e-12,0.0008623807155217498,0.21467435616630406,0.7844632631165849
2026-07-13 11:30:00+03:00,2.0,2.690981397276759e-12,0.0006106428664249541,0.752176150618761,0.24721320651347242
2026-07-13 11:35:00+03:00,2.0,1.8888932728291428e-12,0.0018714811765650936,0.9734960526885311,0.024632466133585943
2026-07-13 11:40:00+03:00,2.0,9.770886075012046e-13,0.005787871360836158,0.9909426489444436,0.0032694796952594135
2026-07-13 11:45:00+03:00,2.0,2.2699772401443374e-15,0.10048194129596959,0.8978330100979288,0.0016850486047820029
2026-07-13 11:50:00+03:00,2.0,1.3732194124900902e-16,0.3685158790347516,0.6306159076818664,0.0008682132817444822
2026-07-13 11:55:00+03:00,1.0,9.258944101148334e-22,0.9248934173832095,0.07464136699013281,0.0004652156279815678
2026-07-13 12:00:00+03:00,1.0,3.6532871104220276e-20,0.9318537567891277,0.06747917301482369,0.0006670701958870394
2026-07-13 12:05:00+03:00,1.0,3.653878855870705e-18,0.9303631878899913,0.05774558185671967,0.01189123025324994
2026-07-13 12:10:00+03:00,1.0,5.10580570292682e-16,0.9043491943327385,0.05164302170281345,0.04400778396375522
2026-07-13 12:15:00+03:00,1.0,2.8062791637985057e-15,0.8951216017482948,0.07110293847565156,0.033775459777692925
2026-07-13 12:20:00+03:00,1.0,8.98203616516014e-16,0.8993907112858818,0.09122686718468753,0.009382421529917044
2026-07-13 12:25:00+03:00,1.0,3.9584659568088214e-18,0.8971616844035911,0.09393492004846629,0.00890339554630309
2026-07-13 12:30:00+03:00,1.0,6.175420898786546e-17,0.7688580669668911,0.09994611705211019,0.13119581598103283
2026-07-13 12:35:00+03:00,1.0,1.957472990649051e-17,0.6034553408656184,0.15573316800485199,0.2408114911308321
2026-07-13 12:40:00+03:00,1.0,1.8205624739902307e-17,0.43398776193263233,0.3771147675943789,0.18889747047128036
2026-07-13 12:45:00+03:00,2.0,3.067300481160309e-16,0.1791061355717382,0.7798922002843444,0.04100166414313001
2026-07-13 12:50:00+03:00,2.0,5.059622301145606e-16,0.03327331887485667,0.9415412362258232,0.02518544490106448
2026-07-13 12:55:00+03:00,2.0,8.869803503664187e-16,0.004703283307517221,0.9951183141184347,0.00017840257293479333
2026-07-13 13:00:00+03:00,2.0,1.4109620565686221e-14,0.000204295882598429,0.9995312954981799,0.00026440861892634566
2026-07-13 13:05:00+03:00,2.0,2.914071788701285e-17,4.9927763461842396e-05,0.9999144814690444,3.5590768344831155e-05
2026-07-13 13:10:00+03:00,2.0,7.702886596404188e-17,6.435888983016621e-06,0.9999929726101522,5.914999677568965e-07
2026-07-13 13:15:00+03:00,2.0,3.8551434729220914e-15,1.1882415762737877e-06,0.9999893516345182,9.460123599419437e-06
2026-07-13 13:20:00+03:00,2.0,8.869789333759647e-16,1.2229212056936665e-06,0.9999983875763331,3.8950135301702105e-07
2026-07-13 13:25:00+03:00,2.0,9.21013110357691e-16,4.2688933326411223e-07,0.9999984743929231,1.0987178521161173e-06
2026-07-13 13:30:00+03:00,2.0,1.133822080047998e-16,7.469135520150069e-07,0.999998591652084,6.614349229226791e-07
2026-07-13 13:35:00+03:00,2.0,1.5892646772531155e-17,9.775974235905016e-07,0.9999979334519119,1.0889519106267069e-06
2026-07-13 13:40:00+03:00,2.0,1.8086399250104217e-16,1.454899091800482e-06,0.999997480051653,1.06505106538072e-06
2026-07-13 13:45:00+03:00,2.0,2.3846257304024805e-16,8.690602729863266e-06,0.9999901867203718,1.1226759098730439e-06
2026-07-13 13:50:00+03:00,2.0,2.2234859714521778e-18,0.00012630752142869488,0.9998734192934555,2.7318650507197186e-07
2026-07-13 13:55:00+03:00,2.0,2.7904192589970194e-17,0.000282031781441389,0.9997172154495901,7.527707287649768e-07
2026-07-13 14:00:00+03:00,2.0,2.4950654711958846e-16,0.0021595615296036486,0.9978391119060773,1.326566028648282e-06
2026-07-13 14:05:00+03:00,2.0,2.0521291601800083e-19,0.027674636053337837,0.972323595002741,1.7689443160691094e-06
2026-07-13 14:10:00+03:00,2.0,8.87688501656054e-19,0.046200363453384415,0.9537983229081805,1.3136391469553908e-06
2026-07-13 14:15:00+03:00,2.0,2.444757268558084e-19,0.18505502764262544,0.8149434252173535,1.547140969761897e-06
2026-07-13 14:20:00+03:00,1.0,2.9172059900198105e-20,0.5585068483819674,0.4414893557934136,3.7958250921881236e-06
2026-07-13 14:25:00+03:00,1.0,1.5992114693812418e-24,0.9790416550874576,0.020955310368816066,3.034545221111545e-06
2026-07-13 14:30:00+03:00,1.0,1.0119781357812635e-23,0.9916286827765531,0.00836945761986833,1.8596040799524534e-06
2026-07-13 14:35:00+03:00,1.0,3.2657241365728036e-25,0.9977440507710647,0.0022540887752978446,1.8604528643669655e-06
2026-07-13 14:40:00+03:00,1.0,1.2457432052432995e-25,0.9993618401733622,0.000637155438437036,1.0043894356446835e-06
2026-07-13 14:45:00+03:00,1.0,3.328183278560644e-26,0.9998508240743686,0.0001488377394788405,3.3818588761681696e-07
2026-07-13 14:50:00+03:00,1.0,8.343123463907457e-27,0.999962629382742,3.661990858262866e-05,7.507086421937757e-07
2026-07-13 14:55:00+03:00,1.0,5.149865012529287e-32,0.9999996642146125,2.0523825282421342e-07,1.305457063331326e-07
2026-07-13 15:00:00+03:00,1.0,8.117493834467205e-32,0.9999989015820241,8.273878951760415e-07,2.710307316391571e-07
2026-07-13 15:05:00+03:00,1.0,1.6375743139749427e-32,0.999999352600053,4.783840468564113e-07,1.6901505620214346e-07
2026-07-13 15:10:00+03:00,1.0,9.431018471213654e-31,0.9999979835722437,9.935356320640634e-07,1.022891083763812e-06
2026-07-13 15:15:00+03:00,1.0,1.0912489003375411e-32,0.9999997037048599,1.8735265307334404e-07,1.0894318339447756e-07
2026-07-13 15:20:00+03:00,1.0,8.660780683757884e-32,0.9999986077792214,1.0344802675259356e-06,3.5773962466914564e-07
2026-07-13 15:25:00+03:00,1.0,1.9408083132407724e-32,0.9999993347048469,4.6578910727399656e-07,1.9950696658238957e-07
2026-07-13 15:30:00+03:00,1.0,1.0859428173806104e-32,0.999999291547534,6.45407173873229e-07,6.304473789961783e-08
2026-07-13 15:35:00+03:00,1.0,1.4794589077860532e-32,0.9999885123620966,1.1257750451035843e-05,2.2988665117396792e-07
2026-07-13 15:40:00+03:00,1.0,2.1867817178522511e-29,0.9997198995696054,0.00027353571049562174,6.564720555015231e-06
2026-07-13 15:45:00+03:00,1.0,3.939581368756674e-25,0.9960063071189379,0.0038292965182230468,0.00016439636263540215
2026-07-13 15:50:00+03:00,1.0,1.0922968925593382e-24,0.9738276931227202,0.025920349666258655,0.0002519572119731263
2026-07-13 15:55:00+03:00,1.0,4.2238798911786206e-24,0.9434000618616833,0.05647898917122411,0.00012094896591148629
2026-07-13 16:00:00+03:00,1.0,6.710782352002285e-26,0.8928928931489942,0.10612218206618877,0.000984924783543625
2026-07-13 16:05:00+03:00,2.0,3.5336952230916076e-20,0.20412743482837326,0.7897097722652597,0.006162792906441639
2026-07-13 16:10:00+03:00,2.0,3.9498263227029535e-20,0.05486345410557317,0.9443055320465403,0.0008310138481602056
2026-07-13 16:15:00+03:00,2.0,2.2859568372756736e-19,0.0063281991645914295,0.993318402533985,0.00035339830221728147
2026-07-13 16:20:00+03:00,2.0,4.012962376831963e-17,0.0003775812051367122,0.9995452207633807,7.719803217002205e-05
2026-07-13 16:25:00+03:00,2.0,2.8624864813646374e-16,1.0004009425151738e-05,0.9999885414001103,1.4545920425912904e-06
2026-07-13 16:30:00+03:00,2.0,3.0818606850413483e-07,8.504512975565157e-09,0.9999969991631138,2.684147970406593e-06
2026-07-13 16:35:00+03:00,2.0,3.515239683473448e-08,3.797741792597033e-09,0.9999986760967328,1.284954143283092e-06
2026-07-13 16:40:00+03:00,2.0,5.045298232634304e-09,6.5445161706598454e-09,0.9999982672503853,1.7211605143748748e-06
2026-07-13 16:45:00+03:00,2.0,5.613649689780612e-06,3.363791434908665e-09,0.9999897082472949,4.674737464254118e-06
2026-07-13 16:50:00+03:00,2.0,1.2662537441553994e-05,1.3942290688564677e-09,0.9999856412226533,1.6948444780001913e-06
2026-07-13 16:55:00+03:00,2.0,6.87935222966497e-06,1.2625724970447433e-09,0.9999920879112465,1.0314753472193824e-06
2026-07-13 17:00:00+03:00,2.0,7.255920263930979e-06,1.7863580196834552e-09,0.9999921566102971,5.856827463774793e-07
2026-07-13 17:05:00+03:00,2.0,1.3430024972980588e-06,3.6800418109253397e-09,0.9999965886876431,2.0646283933741176e-06
2026-07-13 17:10:00+03:00,2.0,1.1185772429665593e-06,1.872308176157944e-09,0.9999983375687583,5.419806102388606e-07
2026-07-13 17:15:00+03:00,2.0,1.1334561091188296e-07,1.9601989426918807e-07,0.9999945794480966,5.1111876980132615e-06
2026-07-13 17:20:00+03:00,2.0,2.3808521018767784e-10,1.4399757710067492e-05,0.9997937740225684,0.00019182598243817884
2026-07-13 17:25:00+03:00,2.0,4.2197725557367447e-10,1.1322754757468945e-07,0.9999885314649041,1.1354885961983095e-05
2026-07-13 17:30:00+03:00,2.0,1.879111204641896e-09,1.2284007177840832e-07,0.9998860431949249,0.00011383208564224052
2026-07-13 17:35:00+03:00,2.0,6.297084077048376e-09,2.9552561597665937e-08,0.9999497762317017,5.018791743408558e-05
2026-07-13 17:40:00+03:00,2.0,1.643518405795666e-08,7.647197246759465e-08,0.9999127566776709,8.715041637601132e-05
2026-07-13 17:45:00+03:00,2.0,6.93295214763487e-08,3.983998312229115e-07,0.9993319020827681,0.0006676301894843604
2026-07-13 17:50:00+03:00,2.0,1.5854576377261667e-07,4.0282420942560355e-06,0.9987079761237988,0.0012878370871214303
2026-07-13 17:55:00+03:00,2.0,6.625443764878269e-07,0.0017834204846749928,0.9941089897583454,0.004106927210813328
2026-07-14 09:55:00+03:00,1.0,4.511403480173293e-42,0.9999999999054126,4.712436429886024e-25,9.434045203486514e-11
2026-07-14 10:00:00+03:00,1.0,1.2030380491360759e-70,0.9999999984247552,1.0000462984898208e-37,1.576504409670328e-09
2026-07-14 10:05:00+03:00,1.0,1.242716672222536e-58,0.9999996876468263,2.0208763062024046e-27,3.123517809874343e-07
2026-07-14 10:10:00+03:00,1.0,1.1202962335027921e-57,0.9999998232815571,1.0951951019481795e-27,1.767201346805443e-07
2026-07-14 10:15:00+03:00,1.0,6.210953979870524e-65,0.9999999928877514,2.9070875071115843e-31,7.111778100056403e-09
2026-07-14 10:20:00+03:00,1.0,3.7253768975309165e-72,0.9999999995961844,1.7450761845191968e-33,4.0244624954674947e-10
2026-07-14 10:25:00+03:00,1.0,1.0590235386538732e-71,0.9999999974461389,5.1432335725647994e-36,2.5525644263247065e-09
2026-07-14 10:30:00+03:00,1.0,3.0223344498631827e-65,0.9999999741121431,6.027673510494316e-32,2.5887702006858026e-08
2026-07-14 10:35:00+03:00,1.0,1.6001754368514297e-69,0.9999999917417881,2.447007207808362e-40,8.259752689275587e-09
2026-07-14 10:40:00+03:00,1.0,2.2217599675424126e-80,0.9999999999163265,2.0740907008847768e-44,8.26123598685943e-11
2026-07-14 10:45:00+03:00,1.0,7.196159488233051e-81,0.9999999999527063,9.730998431250155e-40,4.8951205870922234e-11
2026-07-14 10:50:00+03:00,1.0,1.6210724778115527e-82,0.999999999992724,1.1995226346117146e-37,5.66923655221382e-12
2026-07-14 10:55:00+03:00,1.0,1.1709676062142368e-80,0.9999999999745341,2.5525615506373273e-36,2.5511110953104597e-11
2026-07-14 11:00:00+03:00,1.0,3.620226858409459e-91,1.0,7.914063864730788e-42,1.6862569499791163e-13
2026-07-14 11:05:00+03:00,1.0,1.0951345686476895e-84,0.999999999992724,1.2622317218898674e-35,8.418563316019751e-12
2026-07-14 11:10:00+03:00,1.0,2.4183016659483894e-80,0.9999999999854481,1.4480747537450709e-31,1.374139600721862e-11
2026-07-14 11:15:00+03:00,1.0,2.8615498775065375e-76,0.9999999999708962,1.886573091715443e-27,2.871631499411055e-11
2026-07-14 11:20:00+03:00,1.0,1.272584250846409e-72,0.999999999821739,1.3671791361253882e-27,1.7784139898563034e-10
2026-07-14 11:25:00+03:00,1.0,9.227676389446132e-62,0.9999999944448064,3.788886617912051e-22,5.553693172498219e-09
2026-07-14 11:30:00+03:00,1.0,4.7245154428696666e-54,0.9999999439969558,8.842102816837783e-19,5.600229982940719e-08
2026-07-14 11:35:00+03:00,1.0,2.4810921993234656e-58,0.9999999986684998,1.8497917637422678e-20,1.3319088238556455e-09
2026-07-14 11:40:00+03:00,1.0,4.566597403973852e-53,0.9999999962092261,9.471637414998175e-18,3.791217627774388e-09
2026-07-14 11:45:00+03:00,1.0,7.757515833787631e-49,0.9999998318235298,2.8723849256010854e-15,1.6817754798562404e-07
2026-07-14 11:50:00+03:00,1.0,2.4825989121734283e-46,0.9999999925094016,6.651894944946636e-14,7.489914618015753e-09
2026-07-14 11:55:00+03:00,1.0,2.2136852023129394e-50,0.9999999766696421,3.435921436311717e-14,2.3329725685172723e-08
2026-07-14 12:00:00+03:00,1.0,1.0706948635511719e-43,0.9999998996427216,7.405911489203862e-12,1.0035059831996267e-07
2026-07-14 12:05:00+03:00,1.0,1.2406645302503113e-39,0.9999999270330617,7.475927678669377e-11,7.289069445735055e-08
2026-07-14 12:10:00+03:00,1.0,2.3688382819959113e-36,0.999995984734472,1.3543792064504824e-09,4.0139106325170774e-06
2026-07-14 12:15:00+03:00,1.0,9.149607267476147e-34,0.999995201630243,7.409337296790772e-09,4.790960769155883e-06
2026-07-14 12:20:00+03:00,1.0,1.4607908034940132e-31,0.9999992147462208,4.828941733337189e-09,7.804235938276887e-07
2026-07-14 12:25:00+03:00,1.0,8.010011729174566e-34,0.9999980733464696,1.9699869467040298e-08,1.9069552399316878e-06
2026-07-14 12:30:00+03:00,1.0,2.0409417743441214e-32,0.9999979199914183,1.0083835018458119e-07,1.979171838984994e-06
2026-07-14 12:35:00+03:00,1.0,1.2823396542358858e-29,0.9999902442180642,4.362353931614628e-08,9.712156867348619e-06
2026-07-14 12:40:00+03:00,1.0,1.725777411182663e-27,0.999974126240014,4.367141791208371e-07,2.543704419035498e-05
2026-07-14 12:45:00+03:00,1.0,3.326199301735017e-26,0.9999712998950057,2.327641560758682e-06,2.6372464754071583e-05
2026-07-14 12:50:00+03:00,1.0,6.246271953034328e-26,0.9999955299672227,2.14818843896352e-06,2.3218435669307247e-06
2026-07-14 12:55:00+03:00,1.0,6.688159025107064e-26,0.9999986829470378,1.2657653678133075e-06,5.128634738604474e-08
2026-07-14 13:00:00+03:00,1.0,6.16357807113251e-29,0.9999913071638209,2.1508590863181147e-06,6.541978525012436e-06
2026-07-14 13:05:00+03:00,1.0,4.827886136971352e-26,0.999981990482694,5.240853238406286e-06,1.2768663499817746e-05
2026-07-14 13:10:00+03:00,1.0,1.1225069305846006e-28,0.999995202568837,1.4270697236410267e-06,3.3703624952581976e-06
2026-07-14 13:15:00+03:00,1.0,1.0539533538123631e-26,0.9999718052104386,5.487299245755712e-07,2.764605995449882e-05
2026-07-14 13:20:00+03:00,1.0,3.098218679898395e-26,0.9999978791151742,1.7302592707152103e-06,3.906250991793531e-07
2026-07-14 13:25:00+03:00,1.0,1.2177511761248978e-26,0.9999764082767634,1.452939127115633e-05,9.062333753714887e-06
2026-07-14 13:30:00+03:00,1.0,1.1799792229516056e-23,0.9999457003295797,2.1008870367578295e-05,3.329080093876814e-05
2026-07-14 13:35:00+03:00,1.0,1.4138739961454181e-21,0.9998578687798959,5.44800201871224e-05,8.765119812494283e-05
2026-07-14 13:40:00+03:00,1.0,5.4766891001762085e-21,0.9998787741421477,6.10555319877689e-05,6.017032753656994e-05
2026-07-14 13:45:00+03:00,1.0,3.213255012683754e-21,0.9999722963565918,2.4697362850870235e-05,3.0062821509830425e-06
2026-07-14 13:50:00+03:00,1.0,1.1172723381057347e-24,0.9999794216571966,7.995351193958938e-06,1.2582991611850124e-05
2026-07-14 13:55:00+03:00,1.0,3.759089996757039e-27,0.999992397973775,2.7058938604446474e-06,4.896132671130887e-06
2026-07-14 14:00:00+03:00,1.0,2.082230179215501e-28,0.9999940345947504,3.4291363123964096e-06,2.5362672697128053e-06
2026-07-14 14:05:00+03:00,1.0,2.8080005625975e-26,0.9999886513240244,4.579404844033971e-06,6.7692720046299945e-06
2026-07-14 14:10:00+03:00,1.0,1.3257843421345944e-25,0.999992880289817,6.353689455571431e-06,7.660193655199329e-07
2026-07-14 14:15:00+03:00,1.0,2.7830520211508925e-27,0.9999903708003098,6.080417367353259e-06,3.5487826359907753e-06
2026-07-14 14:20:00+03:00,1.0,3.8386298679613456e-30,0.999998699729012,8.856726143167242e-07,4.14598003687315e-07
2026-07-14 14:25:00+03:00,1.0,1.0307875472307203e-31,0.9999987633244389,9.84425487848329e-07,2.522482703595387e-07
2026-07-14 14:30:00+03:00,1.0,3.406462067113817e-33,0.9999993658022696,5.089489588889068e-07,1.2525057738295078e-07
2026-07-14 14:35:00+03:00,1.0,6.8536811305566e-35,0.9999996914012194,2.431858183948053e-07,6.541440282575369e-08
2026-07-14 14:40:00+03:00,1.0,4.6770117150329027e-35,0.9999996775805422,2.688069453456929e-07,5.361124467264694e-08
2026-07-14 14:45:00+03:00,1.0,1.0823653582043604e-31,0.9999850605660862,3.969581034437362e-08,1.4899736616650002e-05
2026-07-14 14:50:00+03:00,1.0,2.4698214664350152e-27,0.9875516753555306,3.147294861214794e-10,0.012448324329144474
2026-07-14 14:55:00+03:00,1.0,9.860398852376636e-20,0.6666462444568612,1.3803594959979972e-06,0.3333523751844513
2026-07-14 15:00:00+03:00,3.0,2.841962470466597e-17,0.32274219772261836,7.014362187213734e-06,0.6772507879156737
2026-07-14 15:05:00+03:00,3.0,1.4134967787605293e-16,0.11253509358389102,1.7637621563341355e-05,0.8874472687956617
2026-07-14 15:10:00+03:00,3.0,4.0510821204915114e-14,0.026436878105130915,1.1157510908729357e-05,0.97355196438517
2026-07-14 15:15:00+03:00,3.0,4.2428800651425856e-18,0.01900742563274524,5.382115514965797e-06,0.9809871922529633
2026-07-14 15:20:00+03:00,3.0,5.419536284660185e-16,0.0126110397779989,1.0217140402578406e-05,0.9873787430807981
2026-07-14 15:25:00+03:00,3.0,1.0323030771023098e-15,0.019097131131864405,0.00010091054825531357,0.9808019583196494
2026-07-14 15:30:00+03:00,3.0,3.115574829864733e-15,0.012656466536792551,2.537799434009091e-07,0.9873432796825633
2026-07-14 15:35:00+03:00,3.0,8.614203556694711e-16,0.014110975385598561,4.694486013580828e-06,0.9858843301284702
2026-07-14 15:40:00+03:00,3.0,4.92815697684523e-18,0.06652860471667002,7.030546698260108e-06,0.933464364735601
2026-07-14 15:45:00+03:00,3.0,5.5052816241181195e-17,0.14902869668340182,0.0002622954343784992,0.8507090078810006
2026-07-14 15:50:00+03:00,3.0,1.4082269638845091e-18,0.36182411631168143,0.00010805866433643711,0.6380678250227233
2026-07-14 15:55:00+03:00,1.0,7.782075960167038e-18,0.5604849178243161,0.0004456657065242555,0.4390694164675804
2026-07-14 16:00:00+03:00,1.0,2.554952088563293e-16,0.71975303834043,0.002581375904539631,0.2776655857537614
2026-07-14 16:05:00+03:00,1.0,3.827202463723878e-16,0.7124050673626461,0.001054164698534513,0.28654076793983957
2026-07-14 16:10:00+03:00,1.0,7.513932318436446e-15,0.740979770940557,0.0021975055910267564,0.2568227234676685
2026-07-14 16:15:00+03:00,1.0,1.776057944211289e-27,0.779853200107836,2.3514620993982053e-09,0.22014679754157893
2026-07-14 16:20:00+03:00,1.0,1.989910792629801e-21,0.5925003588418719,1.642971378136233e-06,0.40749799818725596
2026-07-14 16:25:00+03:00,3.0,5.635115803907962e-21,0.12826446571381522,2.4500203264587117e-10,0.871735534039412
2026-07-14 16:30:00+03:00,3.0,4.2887743857244036e-11,0.0021817848242202255,1.3875461681513587e-06,0.9978168275857172
2026-07-14 16:35:00+03:00,3.0,1.2896823195643434e-11,1.3382956045569875e-05,2.028829088195436e-07,0.9999864141477449
2026-07-14 16:40:00+03:00,3.0,2.4164643333350957e-09,2.8414466004730604e-06,5.631455243637571e-07,0.9999965929913573
2026-07-14 16:45:00+03:00,3.0,1.192033553985885e-08,1.8749383327649057e-06,9.14953199046349e-07,0.999997198189081
2026-07-14 16:50:00+03:00,3.0,1.670584421934115e-08,4.404611459440653e-06,2.0763241632677963e-06,0.9999935023581297
2026-07-14 16:55:00+03:00,3.0,1.3035506697776932e-08,2.4392156545408938e-06,1.1086352336835369e-05,0.9999864613971728
2026-07-14 17:00:00+03:00,3.0,3.959766149181987e-06,2.734765583313945e-06,0.0019129855043771504,0.998080319962304
2026-07-14 17:05:00+03:00,3.0,0.029098284886241898,1.994290487558145e-05,0.3593965170670525,0.6114852551402647
2026-07-14 17:10:00+03:00,3.0,0.06598313182451662,7.306482265539736e-07,0.4260197220356164,0.5079964154920009
2026-07-14 17:15:00+03:00,2.0,0.36837066122734974,1.5114943847333148e-06,0.5277904238818083,0.10383740339511016
2026-07-14 17:20:00+03:00,0.0,0.5037568948203313,1.102650888615329e-06,0.4665454209150153,0.029696581614028588
2026-07-14 17:25:00+03:00,0.0,0.6032581090431965,6.641391934361608e-08,0.39026159725154475,0.006480227293101747
2026-07-14 17:30:00+03:00,0.0,0.8097057444068476,7.628089424512951e-08,0.18948883111779438,0.000805348195189287
2026-07-14 17:35:00+03:00,0.0,0.9648003048215242,9.46779373330795e-09,0.0344541707599747,0.0007455149506400908
2026-07-14 17:40:00+03:00,0.0,0.9937517730154967,1.0198075326235445e-09,0.00619983307894142,4.839288589695249e-05
2026-07-14 17:45:00+03:00,0.0,0.9981581740996325,6.937171341450023e-10,0.0018219977129960837,1.9827493147588058e-05
2026-07-14 17:50:00+03:00,0.0,0.9978929591973603,1.687660890026829e-09,0.0020787668466213864,2.8272267127630355e-05
2026-07-14 17:55:00+03:00,0.0,0.9766476100858053,4.170061105448358e-07,0.02322556985579108,0.00012640305327296067
2026-07-16 09:55:00+03:00,0.0,0.9370478862511648,0.00029868061261244087,0.06264794802083122,5.485114662183557e-06
2026-07-16 10:00:00+03:00,3.0,0.05908352269771466,0.00020713222641976606,0.08658041639013295,0.8541289286843082
2026-07-16 10:05:00+03:00,3.0,3.376678076052951e-14,0.000655598790252803,2.860643066994935e-11,0.9993444011795591
2026-07-16 10:10:00+03:00,3.0,6.248728745662341e-10,4.217045459872332e-06,5.648712228848939e-08,0.9999957258424212
2026-07-16 10:15:00+03:00,3.0,4.3979521033090547e-10,2.759007472531558e-06,5.701442652324649e-08,0.9999971835389815
2026-07-16 10:20:00+03:00,3.0,7.426675926452052e-11,3.279837355001015e-06,9.055162909650766e-09,0.9999967110324605
2026-07-16 10:25:00+03:00,3.0,1.1519203737343746e-10,3.005847903496056e-06,1.2421028928757242e-08,0.9999969816171949
2026-07-16 10:30:00+03:00,3.0,1.2722835688524517e-10,2.335461447601085e-06,9.779672193942213e-09,0.9999976546305552
2026-07-16 10:35:00+03:00,3.0,2.4068009648892506e-11,2.729567056169179e-06,1.7059742180586336e-09,0.9999972687038291
2026-07-16 10:40:00+03:00,3.0,2.6642126272688177e-10,2.1362411014277397e-06,8.765755793460727e-09,0.9999978547262163
2026-07-16 10:45:00+03:00,3.0,1.6778072261006194e-10,2.667385719268317e-06,3.6754946539320116e-09,0.9999973287703349
2026-07-16 10:50:00+03:00,3.0,3.4777010167288674e-08,2.207284461714531e-06,1.9139649909159678e-07,0.9999975665407469
2026-07-16 10:55:00+03:00,3.0,1.1696079969676527e-05,2.2532749449156675e-05,1.0492842478364954e-05,0.9999552783297619
2026-07-16 11:00:00+03:00,3.0,1.0116047283356683e-06,1.9956761000409088e-05,5.020312975798227e-07,0.9999785296035306
2026-07-16 11:05:00+03:00,3.0,2.5120109096106626e-09,9.821815686749615e-06,4.8847741641930955e-08,0.9999901268252782
2026-07-16 11:10:00+03:00,3.0,1.3322690831970202e-06,2.8932910441259356e-06,5.195063506621343e-06,0.9999905793745621
2026-07-16 11:15:00+03:00,3.0,3.998451831303601e-05,1.5034489169565868e-06,3.0889511931722766e-06,0.9999554230821133
2026-07-16 11:20:00+03:00,3.0,0.0001499221405443024,1.2919457272342855e-06,7.4646348815742e-06,0.9998413212776827
2026-07-16 11:25:00+03:00,3.0,0.00014667694546951352,1.835721007047632e-06,1.1590095466531648e-05,0.9998398972396323
2026-07-16 11:30:00+03:00,3.0,0.0016573882401050258,1.5709282059487544e-06,4.966239739534775e-05,0.9982913784341244
2026-07-16 11:35:00+03:00,3.0,0.007062335561946987,2.1459348366605385e-06,0.000553404293284957,0.9923821142100294
2026-07-16 11:40:00+03:00,3.0,0.41308426195274683,1.0023863752924097e-06,0.007080279514361158,0.579834456148263
2026-07-16 11:45:00+03:00,0.0,0.9195360890916121,1.42202302034867e-06,0.004729289013550555,0.0757331998706175
2026-07-16 11:50:00+03:00,0.0,0.9839633520851349,4.460610972473582e-09,0.0002209609046979068,0.01581568254781057
2026-07-16 11:55:00+03:00,0.0,0.9996218415699286,9.301344822284633e-11,6.372338410412896e-06,0.0003717859985483785
2026-07-16 12:00:00+03:00,0.0,0.9999883284825871,3.350088124155629e-10,6.900904916670396e-07,1.0981092789156259e-05
2026-07-16 12:05:00+03:00,0.0,0.9998919957191191,5.158987739313975e-09,2.5932269211883835e-07,0.00010773979749015594
2026-07-16 12:10:00+03:00,0.0,0.9959546643404015,7.837655602316667e-07,9.402184781920287e-06,0.004035149710284749
2026-07-16 12:15:00+03:00,3.0,0.00038069394612263107,5.211825012603201e-05,8.071861451364639e-11,0.9995671877236771
2026-07-16 12:20:00+03:00,3.0,2.135897035752278e-05,8.785806911280145e-07,3.862743777921399e-12,0.9999777624433256
2026-07-16 12:25:00+03:00,3.0,0.0013377292578926805,1.0421030166974068e-07,5.173987711022416e-11,0.9986621664817004
2026-07-16 12:30:00+03:00,3.0,0.0005913162919873542,2.402956850095266e-07,1.0563670408766915e-09,0.9994084423576145
2026-07-16 12:35:00+03:00,3.0,0.0009516641465054356,1.0002801348183576e-06,3.9893823886659345e-09,0.9990473315837396
2026-07-16 12:40:00+03:00,3.0,2.7956023551851846e-09,2.6796577184202877e-06,8.07483678165583e-11,0.999997317467165
2026-07-16 12:45:00+03:00,3.0,4.952554693228308e-07,1.1981965882661265e-06,6.9133161488095674e-09,0.999998299635617
2026-07-16 12:50:00+03:00,3.0,1.3324702404190662e-07,1.1080428803806963e-06,5.005631227306946e-10,0.9999987582094471
2026-07-16 12:55:00+03:00,3.0,1.893402885709958e-07,4.850249113225252e-07,7.321961886041407e-10,0.9999993249041387
2026-07-16 13:00:00+03:00,3.0,2.012978018739614e-06,7.032635524494176e-06,1.038422027708552e-09,0.9999909533480543
2026-07-16 13:05:00+03:00,3.0,6.086747133195974e-06,6.019716826132547e-07,6.569915844108425e-11,0.9999933112163454
2026-07-16 13:10:00+03:00,3.0,0.0006460643576593907,3.2150401932966076e-07,1.433486490275379e-10,0.9993536139947375
2026-07-16 13:15:00+03:00,3.0,0.014273888924948836,1.9452006966399657e-07,1.2054810560768844e-09,0.9857259153506741
2026-07-16 13:20:00+03:00,3.0,0.08729774136931817,3.610002437803367e-07,8.791257933112435e-08,0.9127018097169608
2026-07-16 13:25:00+03:00,3.0,0.28676542883242934,8.38249690615671e-10,5.759723630858754e-09,0.7132345645709262
2026-07-16 13:30:00+03:00,0.0,0.9958347853501016,2.288410736064567e-12,8.449450928242307e-10,0.004165213803013176
2026-07-16 13:35:00+03:00,0.0,0.9999964974001564,5.274186610821269e-13,3.5029491971699373e-12,3.5025964928608503e-06
2026-07-16 13:40:00+03:00,0.0,0.9999977286341494,9.651285377980767e-14,5.45230076862519e-12,2.2713601898816557e-06
2026-07-16 13:45:00+03:00,0.0,0.9999988018214838,1.013186278410153e-14,9.32979539620903e-13,1.1981777173634923e-06
2026-07-16 13:50:00+03:00,0.0,0.999999652129251,2.7277277423502875e-15,1.519785254876269e-16,3.4786916145926855e-07
2026-07-16 13:55:00+03:00,0.0,0.9999986769516566,4.308468493742114e-14,2.712132311421775e-17,1.3230472061331015e-06
2026-07-16 14:00:00+03:00,0.0,0.9999838662616654,9.602984578161408e-12,4.410499208469098e-13,1.6133729393256012e-05
2026-07-16 14:05:00+03:00,0.0,0.9999209964548889,3.6959007508920755e-11,6.174502131008064e-10,7.900288987918615e-05
2026-07-16 14:10:00+03:00,0.0,0.9999748897631798,3.5763640315998506e-12,3.919432014125842e-09,2.510631448903354e-05
2026-07-16 14:15:00+03:00,0.0,0.9999920455545953,1.5205137229369674e-12,4.959792962497578e-09,7.949485810141545e-06
2026-07-16 14:20:00+03:00,0.0,0.9999943324634467,2.7015661684918954e-13,4.1699569302352607e-10,5.66712071637466e-06
2026-07-16 14:25:00+03:00,0.0,0.9999979310690408,4.787099668452978e-14,1.2941675681067608e-10,2.0688018946061015e-06
2026-07-16 14:30:00+03:00,0.0,0.9999991695516466,1.9688260636126781e-13,1.9106267947566112e-10,8.302574322839826e-07
2026-07-16 14:35:00+03:00,0.0,0.9999977680988545,3.030397513293872e-13,3.772805694960807e-11,2.231863201412952e-06
2026-07-16 14:40:00+03:00,0.0,0.9999923013679869,3.4203695328252878e-12,6.57336564996767e-12,7.698621228243623e-06
2026-07-16 14:45:00+03:00,0.0,0.9999558665575244,5.613512856945576e-11,8.12574323065422e-09,4.412525892515108e-05
2026-07-16 14:50:00+03:00,0.0,0.9999776046895332,1.4688563558478686e-12,8.541346947174312e-10,2.239445614911478e-05
2026-07-16 14:55:00+03:00,0.0,0.9999967225539015,4.827456813066924e-14,1.6615947665476118e-10,3.277281066057014e-06
2026-07-16 15:00:00+03:00,0.0,0.9999994162100733,9.945081640183598e-13,1.0329018004764529e-10,5.836865991370999e-07
2026-07-16 15:05:00+03:00,0.0,0.999994481488777,6.276378249650468e-13,8.772276676500412e-10,5.517632911626953e-06
2026-07-16 15:10:00+03:00,0.0,0.9999982550777293,1.3550113882519527e-14,8.610070850084132e-11,1.7448363133831495e-06
2026-07-16 15:15:00+03:00,0.0,0.9999997819104702,3.918942363097999e-14,5.692952703979893e-12,2.1808418874088048e-07
2026-07-16 15:20:00+03:00,0.0,0.9999985041952005,1.1936991631281176e-12,1.092635897370061e-11,1.4957923498095518e-06
2026-07-16 15:25:00+03:00,0.0,0.9999456674804155,3.0940036095123166e-11,1.1527357125068394e-08,5.4320959861878804e-05
2026-07-16 15:30:00+03:00,0.0,0.9999929000147979,1.4685449774723458e-11,2.978660816144772e-09,7.096991892441099e-06
2026-07-16 15:35:00+03:00,0.0,0.9999240456415804,2.072345520641442e-09,6.188596767817757e-06,6.976369028561505e-05
2026-07-16 15:40:00+03:00,0.0,0.9999839945674781,2.863158203570288e-10,2.6718692859232173e-06,1.3333276613602057e-05
2026-07-16 15:45:00+03:00,0.0,0.9999675916455287,3.740362593005591e-10,8.95827036541605e-06,2.344971040236972e-05
2026-07-16 15:50:00+03:00,0.0,0.9999663625767876,1.4823021646799068e-10,3.0422152772207636e-06,3.059505899935503e-05
2026-07-16 15:55:00+03:00,0.0,0.9999181453783089,3.6935295436186416e-09,3.7504191453741856e-05,4.434673768579915e-05
2026-07-16 16:00:00+03:00,0.0,0.9999316804115902,3.7523856092126153e-10,2.228294501941063e-05,4.6036268303184944e-05
2026-07-16 16:05:00+03:00,0.0,0.9999233593565025,2.0182309706158074e-09,2.2970579109936097e-05,5.366804709382112e-05
2026-07-16 16:10:00+03:00,0.0,0.9999192006155649,1.36858107399329e-10,1.5599655347665313e-05,6.519959208767289e-05
2026-07-16 16:15:00+03:00,0.0,0.9999760305107518,1.4718273678418148e-11,7.246977279682997e-06,1.672249558831547e-05
2026-07-16 16:20:00+03:00,0.0,0.9999940215490364,1.4235313337609886e-12,2.2756006101871936e-06,3.702850302470212e-06
2026-07-16 16:25:00+03:00,0.0,0.9999984351792102,2.2413260610099212e-12,9.855030663401174e-07,5.793137324288655e-07
2026-07-16 16:30:00+03:00,0.0,0.9999987801573461,1.590426367982544e-13,5.588902469572244e-07,6.609513963635555e-07
2026-07-16 16:35:00+03:00,0.0,0.9999998793391642,5.470388385680629e-13,5.625060437700415e-08,6.441014117727197e-08
2026-07-16 16:40:00+03:00,0.0,0.9999996281367894,4.277038893625871e-12,1.1303942284919821e-07,2.588200668152227e-07
2026-07-16 16:45:00+03:00,0.0,0.9997121568831279,2.214348088656219e-10,0.0002865384308125636,1.3044640112289678e-06
2026-07-16 16:50:00+03:00,0.0,0.999595681469804,3.4527001445883275e-10,0.00040396458290561775,3.536014570928373e-07
2026-07-16 16:55:00+03:00,0.0,0.99985902627909,7.278787618945043e-11,0.0001394914330226205,1.4822160419358232e-06
2026-07-16 17:00:00+03:00,0.0,0.9997692158260492,4.14851569519986e-10,0.00022992518499641708,8.585727376763244e-07
2026-07-16 17:05:00+03:00,0.0,0.9916877885539005,2.8382526662201065e-08,0.008305887224589241,6.2958371805231035e-06
2026-07-16 17:10:00+03:00,0.0,0.6304065835542061,1.1925245643255313e-07,0.36952810735350944,6.518983814737262e-05
2026-07-16 17:15:00+03:00,2.0,0.23928264480370404,6.780498429585913e-08,0.7606904042871763,2.6883105291028365e-05
2026-07-16 17:20:00+03:00,2.0,0.037859003599505885,2.125991698361204e-08,0.9621372005139085,3.774625875610165e-06
2026-07-16 17:25:00+03:00,2.0,0.013047601826139463,5.740456228317456e-09,0.986950407723312,1.9847091265282674e-06
2026-07-16 17:30:00+03:00,2.0,0.0052092571064354595,4.454012584833995e-09,0.9947886165618509,2.1218777340804057e-06
2026-07-16 17:35:00+03:00,2.0,0.0009419534413869324,2.149131560782259e-09,0.9990570457174873,9.986926852431619e-07
2026-07-16 17:40:00+03:00,2.0,0.00020444595166612038,1.4978162004137397e-09,0.9997948794896935,6.730619328036421e-07
2026-07-16 17:45:00+03:00,2.0,6.540040610908828e-05,2.159388695158654e-09,0.9999342239158242,3.735196128465365e-07
2026-07-16 17:50:00+03:00,2.0,5.4598518140099126e-05,1.6863461841350819e-09,0.9999448877623462,5.120349044549808e-07
2026-07-16 17:55:00+03:00,2.0,0.00013906648834353426,1.11628412638181e-07,0.9998602791031714,5.427800089193026e-07
2026-07-17 09:55:00+03:00,2.0,0.0007222455431162568,0.000889844021353778,0.9983866132213138,1.29721334477779e-06
2026-07-17 10:00:00+03:00,3.0,4.589537292119268e-11,0.0074272012242895665,4.2731366904848756e-07,0.9925723714153508
2026-07-17 10:05:00+03:00,3.0,3.1026550446833204e-12,8.838970430143405e-05,8.458904859848187e-09,0.9999116018336052
2026-07-17 10:10:00+03:00,3.0,1.5920269342548496e-11,4.414902977220453e-06,5.0703820020655015e-08,0.9999955343764333
2026-07-17 10:15:00+03:00,3.0,8.451362247107978e-15,1.2477897059922205e-05,6.788833693935558e-10,0.999987521424924
2026-07-17 10:20:00+03:00,3.0,2.1082877200607286e-13,5.64965225042788e-06,2.8965085340717745e-09,0.9999943474518345
2026-07-17 10:25:00+03:00,3.0,1.348298935667309e-14,6.342211048896276e-06,1.0575109639054275e-10,0.9999936576842756
2026-07-17 10:30:00+03:00,3.0,1.7266011334418412e-14,4.460847091866492e-06,1.7909981734421438e-10,0.999995538974818
2026-07-17 10:35:00+03:00,3.0,4.1295200371710486e-14,4.692732339386448e-06,3.4104516223025515e-10,0.9999953069274019
2026-07-17 10:40:00+03:00,3.0,1.1313125156830758e-14,5.347746421983206e-06,1.6880011174619546e-10,0.9999946520835903
2026-07-17 10:45:00+03:00,3.0,1.927909875753263e-14,4.7786104245865745e-06,2.709643995153376e-10,0.9999952211188021
2026-07-17 10:50:00+03:00,3.0,6.391226087969169e-08,3.0754814298251887e-06,0.000354320959744667,0.999642539645166
2026-07-17 10:55:00+03:00,3.0,2.3204580895277155e-06,4.872707590629876e-06,0.01748195424606032,0.9825108525879863
2026-07-17 11:00:00+03:00,3.0,1.1234337787402422e-05,4.063906291543272e-06,0.10125468855205431,0.8987300132030581
2026-07-17 11:05:00+03:00,3.0,0.00010479812550790892,2.6895650810214557e-06,0.4486166410479921,0.5512758712620799
2026-07-17 11:10:00+03:00,2.0,0.0003932935293980968,8.383708946792112e-08,0.9904098561267041,0.009196766505979169
2026-07-17 11:15:00+03:00,2.0,5.52677049030251e-05,6.34231587897049e-09,0.9999066352361372,3.809071587382482e-05
2026-07-17 11:20:00+03:00,2.0,3.0418734101919284e-05,4.382045461431672e-09,0.999968325184071,1.2516980191241063e-06
2026-07-17 11:25:00+03:00,2.0,2.641638642153483e-05,2.8059683456797447e-09,0.9999729385477673,6.42259673857773e-07
2026-07-17 11:30:00+03:00,2.0,1.649523635211217e-05,3.2892162114711554e-09,0.999982794465492,7.070093207650629e-07
2026-07-17 11:35:00+03:00,2.0,1.8839853511449095e-05,3.3604127647796186e-09,0.9999807531709434,4.0361587570868624e-07
2026-07-17 11:40:00+03:00,2.0,2.5771613077722017e-05,7.737095206652149e-09,0.9999739590464861,2.6160319027979356e-07
2026-07-17 11:45:00+03:00,2.0,1.113867330020171e-05,5.151130667905846e-09,0.9999884214318651,4.347422501375074e-07
2026-07-17 11:50:00+03:00,2.0,2.447359048498272e-05,1.3086928090738664e-08,0.9999719491502979,3.5641737505206305e-06
2026-07-17 11:55:00+03:00,2.0,1.0430595695185293e-05,6.313902616090426e-09,0.9999885787908287,9.842989219377303e-07
2026-07-17 12:00:00+03:00,2.0,1.6517421657582932e-05,2.1790734696449385e-09,0.9999832629673655,2.1743098259114876e-07
2026-07-17 12:05:00+03:00,2.0,1.695076689703054e-05,1.8200208894335442e-09,0.9999827957424006,2.516711555820557e-07
2026-07-17 12:10:00+03:00,2.0,2.197118167750887e-05,1.3882480596853098e-09,0.9999772567683686,7.706606994409994e-07
2026-07-17 12:15:00+03:00,2.0,2.0377612482432842e-05,1.0078726354249822e-09,0.9999788442019567,7.771776401081504e-07
2026-07-17 12:20:00+03:00,2.0,2.050966159428874e-05,1.0990401007353464e-09,0.999978773677594,7.155601149063051e-07
2026-07-17 12:25:00+03:00,2.0,1.975832731209281e-05,1.0999810832874854e-09,0.9999794474608495,7.931112459130897e-07
2026-07-17 12:30:00+03:00,2.0,1.3568610236425381e-05,1.3232683648555287e-09,0.999985375650411,1.0544144637578561e-06
2026-07-17 12:35:00+03:00,2.0,3.502324769421458e-05,4.2823218601782985e-09,0.9999630892207358,1.8832497337905383e-06
2026-07-17 12:40:00+03:00,2.0,1.3622013513612365e-06,1.0290524784266943e-06,0.9996222702600641,0.0003753384846372994
2026-07-17 12:45:00+03:00,2.0,5.384691529093663e-06,9.824058838439883e-09,0.9999600814044752,3.452408147844671e-05
2026-07-17 12:50:00+03:00,2.0,8.599075785558922e-06,1.060924031952929e-08,0.9999483690567689,4.302125934378688e-05
2026-07-17 12:55:00+03:00,2.0,9.420149894973925e-06,3.5561426990019922e-09,0.9999742517615949,1.632453228089655e-05
2026-07-17 13:00:00+03:00,2.0,1.0106455642308773e-05,2.6506189813308514e-09,0.9999790657720309,1.0825122805925267e-05
2026-07-17 13:05:00+03:00,2.0,8.446093756745782e-06,5.985518122607319e-09,0.9999904022903516,1.145631653297699e-06
2026-07-17 13:10:00+03:00,2.0,8.639964067134481e-06,3.5446109353938992e-09,0.9999892186605417,2.1378291687374536e-06
2026-07-17 13:15:00+03:00,2.0,1.0127630277179421e-05,3.3810372980612513e-09,0.9999787923582188,1.1076629644178911e-05
2026-07-17 13:20:00+03:00,2.0,1.327147354267658e-05,6.33873562286945e-09,0.9999856233822616,1.0988067093281637e-06
2026-07-17 13:25:00+03:00,2.0,1.174666793195692e-05,2.497820502314e-09,0.999981369509278,6.881325252744918e-06
2026-07-17 13:30:00+03:00,2.0,2.708121982763905e-05,1.8220763029196155e-09,0.999972465012269,4.519470418386746e-07
2026-07-17 13:35:00+03:00,2.0,3.339775245864458e-05,4.547897505246017e-09,0.9999664704865289,1.2721311082073516e-07
2026-07-17 13:40:00+03:00,2.0,2.936063021162797e-05,9.5920056489366e-09,0.9999703974952037,2.3228103394276112e-07
2026-07-17 13:45:00+03:00,2.0,2.1862679241377816e-05,1.6141478532393168e-08,0.9999780664988789,5.4680074041297324e-08
2026-07-17 13:50:00+03:00,2.0,2.1280488142342807e-05,8.571290250536266e-09,0.9999786149595983,9.597955657978752e-08
2026-07-17 13:55:00+03:00,2.0,3.092227346791687e-05,1.7018650365467442e-08,0.9999689329693988,1.2773939794039801e-07
2026-07-17 14:00:00+03:00,2.0,1.73025132512285e-05,1.579046996509853e-08,0.9999824928058871,1.8889029704357507e-07
2026-07-17 14:05:00+03:00,2.0,4.149488910667089e-05,4.377277698491902e-08,0.9999583499536151,1.1138340991094146e-07
2026-07-17 14:10:00+03:00,2.0,3.8155336328533786e-05,2.6878214089717667e-08,0.9999615023105423,3.1547344822404023e-07
2026-07-17 14:15:00+03:00,2.0,1.7684174223025155e-05,2.164522183273427e-08,0.9999821035635971,1.9061622327639427e-07
2026-07-17 14:20:00+03:00,2.0,3.2498990702895595e-05,2.208714389490201e-08,0.9999670320590072,4.4686306411784226e-07
2026-07-17 14:25:00+03:00,2.0,3.3187869420298784e-06,4.266502971266066e-08,0.9999956428059134,9.957412166721673e-07
2026-07-17 14:30:00+03:00,2.0,1.103192651993211e-05,9.321601204811803e-09,0.9999883015545826,6.571990730241677e-07
2026-07-17 14:35:00+03:00,2.0,1.1443554040684613e-05,2.447591580480579e-09,0.999988150336498,4.03661292267352e-07
2026-07-17 14:40:00+03:00,2.0,3.5404993799266394e-06,7.299916878860767e-09,0.9999953786352682,1.073564788605145e-06
2026-07-17 14:45:00+03:00,2.0,8.631312101826241e-06,9.403229394576308e-09,0.9999896743598717,1.6849244197357632e-06
2026-07-17 14:50:00+03:00,2.0,5.358582401473281e-06,3.293964919173891e-09,0.9999937767072804,8.614178753948996e-07
2026-07-17 14:55:00+03:00,2.0,3.929093210560157e-06,3.6100032250851797e-09,0.9999951619764651,9.053209442939581e-07
2026-07-17 15:00:00+03:00,2.0,5.887681428500284e-06,5.262180221272977e-09,0.9999933297626374,7.772934010589364e-07
2026-07-17 15:05:00+03:00,2.0,3.963607360470805e-06,4.221711548261971e-09,0.9999953170773151,7.150941864470506e-07
2026-07-17 15:10:00+03:00,2.0,3.104731591547466e-06,5.2360868865408815e-09,0.9999958532620925,1.0367688139386987e-06
2026-07-17 15:15:00+03:00,2.0,3.272419297302545e-06,7.952169363892943e-09,0.9999961964822007,5.231472596414741e-07
2026-07-17 15:20:00+03:00,2.0,4.986508223905057e-06,8.227126308469534e-09,0.9999939645640786,1.0407004355129384e-06
2026-07-17 15:25:00+03:00,2.0,1.6336739480882828e-08,4.876837758988173e-06,0.9997503153852509,0.00024479144173441
2026-07-17 15:30:00+03:00,2.0,1.1226813632119264e-07,1.393566141608452e-08,0.9999859539861633,1.3919810050413704e-05
2026-07-17 15:35:00+03:00,2.0,3.805925823017321e-07,4.865806960885588e-08,0.9999452535810378,5.431716809576644e-05
2026-07-17 15:40:00+03:00,2.0,1.050217500644522e-07,2.3986311244280157e-08,0.999984568271356,1.5302719305299318e-05
2026-07-17 15:45:00+03:00,2.0,2.478550041964678e-07,1.3213353473337538e-08,0.9999894003938301,1.0338536336642518e-05
2026-07-17 15:50:00+03:00,2.0,2.3386843136478312e-07,7.328041155677021e-09,0.9999873519554484,1.2406848619598944e-05
2026-07-17 15:55:00+03:00,2.0,2.8883231823002844e-07,1.1269171206430338e-08,0.9999964209264747,3.2789702647187638e-06
2026-07-17 16:00:00+03:00,2.0,1.8207400651525092e-07,4.8934558537467014e-08,0.9999991727021336,5.962906155572247e-07
2026-07-17 16:05:00+03:00,2.0,3.368187241595963e-07,4.1324629597053406e-08,0.9999985163023759,1.1055555434506377e-06
2026-07-17 16:10:00+03:00,2.0,5.551844170348814e-08,7.151879399262815e-08,0.9999592816088925,4.059135274554485e-05
2026-07-17 16:15:00+03:00,2.0,6.661132659955461e-07,1.4308256397047168e-07,0.9998420991690407,0.0001570916369024807
2026-07-17 16:20:00+03:00,2.0,1.0546784421418304e-06,2.432624472621551e-09,0.9999921986904687,6.7441997117698116e-06
2026-07-17 16:25:00+03:00,2.0,6.964345291314062e-07,2.0409052288302274e-09,0.999997513430025,1.788094919695231e-06
2026-07-17 16:30:00+03:00,2.0,8.554521535317218e-07,1.37517884251897e-09,0.999997686055343,1.457118911804554e-06
2026-07-17 16:35:00+03:00,2.0,9.787210775448037e-07,1.427019951501448e-09,0.9999984556173434,5.642338652486123e-07
2026-07-17 16:40:00+03:00,2.0,3.6453419997854334e-06,1.197791842297549e-09,0.9999954641673963,8.89291108169636e-07
2026-07-17 16:45:00+03:00,2.0,1.9711615442146405e-05,1.4972372853355869e-09,0.9999797318867794,5.550006335819322e-07
2026-07-17 16:50:00+03:00,2.0,3.269717730855954e-05,2.805586062637802e-09,0.9999665086731128,7.913448646165132e-07
2026-07-17 16:55:00+03:00,2.0,5.3312558659340286e-05,2.546262278530005e-09,0.9999458919424508,7.929535884924455e-07
2026-07-17 17:00:00+03:00,2.0,3.2777548680611675e-05,1.7657661586496982e-09,0.999966594242788,6.264430332186866e-07
2026-07-17 17:05:00+03:00,2.0,2.6817983670562618e-05,4.279341917063019e-09,0.9999728958063119,2.819290792382648e-07
2026-07-17 17:10:00+03:00,2.0,3.374203043194518e-05,5.26610883049161e-09,0.9999661606648623,9.203883245273857e-08
2026-07-17 17:15:00+03:00,2.0,3.387960511173567e-05,5.065365442371764e-09,0.999965946005934,1.693229968618279e-07
2026-07-17 17:20:00+03:00,2.0,4.751641462881047e-05,4.852829780863193e-09,0.999952134777754,3.4395598903227214e-07
2026-07-17 17:25:00+03:00,2.0,4.600023708597405e-05,5.647684969368249e-09,0.9999537439764978,2.5013805719058954e-07
2026-07-17 17:30:00+03:00,2.0,3.212315605550266e-05,9.61971567924688e-09,0.9999677695260293,9.769789623757923e-08
2026-07-17 17:35:00+03:00,2.0,5.5359199207133776e-05,7.079460125409884e-09,0.999944008224331,6.254978421456275e-07
2026-07-17 17:40:00+03:00,2.0,2.1663283158489358e-05,2.4985119990570465e-09,0.9999774844133787,8.498046280043758e-07
2026-07-17 17:45:00+03:00,2.0,2.0780664788724165e-05,2.2743332040660817e-09,0.999978813814563,4.0324593904387075e-07
2026-07-17 17:50:00+03:00,2.0,6.327431892086752e-05,1.2447264270778628e-09,0.999936190894443,5.335415771209566e-07
2026-07-17 17:55:00+03:00,2.0,0.0004973995400928665,1.521086288169202e-07,0.999500849544261,1.5988078922648256e-06
2026-07-20 09:55:00+03:00,2.0,0.0032170990387006704,0.0005415453174350103,0.9962392817126743,2.0739303960552065e-06
2026-07-20 10:00:00+03:00,3.0,5.4703454301318286e-05,0.0007465125974363882,0.4804226605844987,0.5187761233655096
2026-07-20 10:05:00+03:00,3.0,2.798507198479384e-12,0.001633771743939557,1.804760356161157e-05,0.99834818065079
2026-07-20 10:10:00+03:00,3.0,1.2162241076999636e-14,7.381446766583303e-05,3.7187389745602435e-08,0.9999261483449596
2026-07-20 10:15:00+03:00,3.0,1.3746278572190893e-14,2.4892680809997667e-05,9.579396482667775e-08,0.9999750115269184
2026-07-20 10:20:00+03:00,3.0,1.6222411638934526e-21,9.656992566009327e-05,4.2366267301646954e-15,0.9999034300737691
2026-07-20 10:25:00+03:00,3.0,1.524096397813783e-18,1.5722245035926015e-05,4.894607974338468e-13,0.9999842777541699
2026-07-20 10:30:00+03:00,3.0,8.05743888778851e-18,1.96889123632227e-05,3.572885651478306e-13,0.9999803110887273
2026-07-20 10:35:00+03:00,3.0,1.5898928818093008e-29,0.00134368719875875,8.42887834987669e-21,0.9986563128000638
2026-07-20 10:40:00+03:00,3.0,2.662793529767919e-25,0.00018857961260623242,2.400123255873882e-18,0.9998114203890716
2026-07-20 10:45:00+03:00,3.0,3.676797750259524e-25,0.00010112904299859129,9.457895731030191e-19,0.9998988709583295
2026-07-20 10:50:00+03:00,3.0,3.329139373367335e-24,8.856097691048867e-05,1.617584943353805e-17,0.9999114390229944
2026-07-20 10:55:00+03:00,3.0,2.3709918083748333e-26,0.00024446582475535085,2.763379588783016e-20,0.9997555341767188
2026-07-20 11:00:00+03:00,3.0,1.0765374528641491e-21,5.739460105733671e-05,1.3405109646259013e-16,0.9999426053973749
2026-07-20 11:05:00+03:00,3.0,6.815400661056117e-25,0.0001333252965094985,1.1232798556839132e-18,0.9998666747025048
2026-07-20 11:10:00+03:00,3.0,3.8158416072920633e-19,2.120796074642543e-05,6.794431838151857e-14,0.9999787920380835
2026-07-20 11:15:00+03:00,3.0,1.305421886709198e-15,6.125605732453858e-06,4.063793719280683e-11,0.9999938743536667
2026-07-20 11:20:00+03:00,3.0,2.1726971561881672e-14,5.395396700348595e-06,2.7629405307307455e-10,0.9999946043280991
2026-07-20 11:25:00+03:00,3.0,1.4890753242611288e-08,3.171848914459826e-06,5.0607408451363794e-05,0.9999462058503433
2026-07-20 11:30:00+03:00,3.0,5.931264742370326e-07,6.136619195624085e-06,0.008178768757144413,0.9918145014976679
2026-07-20 11:35:00+03:00,3.0,1.7470909514739982e-06,3.734587825320237e-06,0.07432828023571829,0.9256662380843487
2026-07-20 11:40:00+03:00,3.0,1.739851249317666e-05,1.7675221011560923e-06,0.4729036540223514,0.5270771799431042
2026-07-20 11:45:00+03:00,2.0,4.867910281783891e-05,8.904943988589605e-08,0.9929223797648608,0.007028852081091009
2026-07-20 11:50:00+03:00,2.0,2.664391658250458e-07,7.024783351704277e-08,0.9994462841296583,0.0005533791826416661
2026-07-20 11:55:00+03:00,2.0,7.62501400210317e-07,2.0014958208611384e-08,0.9999541022354185,4.511524849981269e-05
2026-07-20 12:00:00+03:00,2.0,1.8546572032119576e-06,1.699656758496686e-08,0.9999560677179804,4.206062822880071e-05
2026-07-20 12:05:00+03:00,2.0,1.0714139448120077e-07,1.3089320214244034e-07,0.9998859590398799,0.00011380292725051291
2026-07-20 12:10:00+03:00,2.0,4.780005634134558e-07,8.438471291692521e-09,0.9999703379941854,2.917556824957367e-05
2026-07-20 12:15:00+03:00,2.0,2.619884706655989e-07,8.450066004558555e-09,0.9999827833043651,1.6946258006081255e-05
2026-07-20 12:20:00+03:00,2.0,2.765167033067216e-07,7.544637533398452e-09,0.9999793694205352,2.0346518899391074e-05
2026-07-20 12:25:00+03:00,2.0,4.2619279780213466e-07,1.5676277279735486e-08,0.9999982027855147,1.3553451779657383e-06
2026-07-20 12:30:00+03:00,2.0,3.0831752509555735e-07,6.472989155908621e-09,0.9999844327805734,1.5252427227435392e-05
2026-07-20 12:35:00+03:00,2.0,3.0829559750600874e-07,7.621234112487657e-09,0.99998345424547,1.622983595423407e-05
2026-07-20 12:40:00+03:00,2.0,9.892453260859292e-07,1.551592429922549e-08,0.9999981860799461,8.091587442293165e-07
2026-07-20 12:45:00+03:00,2.0,1.7904451624504e-07,1.0070437878960407e-08,0.9999928919094386,6.918973937561806e-06
2026-07-20 12:50:00+03:00,2.0,9.391678632852875e-08,9.765060821946474e-09,0.9999961749272585,3.7213927007462414e-06
2026-07-20 12:55:00+03:00,2.0,1.2364880335870895e-07,1.2445564825962524e-08,0.9999976630815602,2.200825656480336e-06
2026-07-20 13:00:00+03:00,2.0,5.602596081259313e-07,5.747659151667246e-09,0.9999972762889942,2.1577026747642607e-06
2026-07-20 13:05:00+03:00,2.0,1.037055695909065e-06,4.312696801376831e-09,0.9999972007465728,1.7578847579938115e-06
2026-07-20 13:10:00+03:00,2.0,1.0016084098508014e-06,2.9365749887891263e-09,0.9999977723225385,1.2231329648793592e-06
2026-07-20 13:15:00+03:00,2.0,5.629239333525268e-07,2.3965141777677853e-09,0.9999989949470139,4.3973143012059847e-07
2026-07-20 13:20:00+03:00,2.0,2.121108668887434e-06,4.034137814868082e-09,0.9999974319067639,4.4294878715753757e-07
2026-07-20 13:25:00+03:00,2.0,2.1060485149987444e-06,1.1917877353118477e-09,0.9999976236932565,2.690675591919737e-07
2026-07-20 13:30:00+03:00,2.0,2.0588986411827244e-06,1.1124529317662757e-09,0.9999976274803835,3.125096056401286e-07
2026-07-20 13:35:00+03:00,2.0,4.231091951172903e-06,1.9091528397466904e-09,0.9999953549012044,4.120962304470032e-07
2026-07-20 13:40:00+03:00,2.0,4.44454737745243e-06,1.9341471780602766e-09,0.9999952709697888,2.8254969018254946e-07
2026-07-20 13:45:00+03:00,2.0,1.0285604863091633e-05,3.0660215878004965e-09,0.9999894390614977,2.722670897422154e-07
2026-07-20 13:50:00+03:00,2.0,9.489594252289822e-06,2.6008162107284847e-09,0.9999902243876353,2.834171827648586e-07
2026-07-20 13:55:00+03:00,2.0,9.626775593760302e-06,2.385657773187852e-09,0.9999900574460717,3.1339090331898564e-07
2026-07-20 14:00:00+03:00,2.0,1.2208939558223136e-05,3.770932890026412e-09,0.9999876076112081,1.7967873345983424e-07
2026-07-20 14:05:00+03:00,2.0,4.7006834744275015e-06,3.5955869058123676e-09,0.9999950904286846,2.0529386949595646e-07
2026-07-20 14:10:00+03:00,2.0,4.380430817396676e-06,6.805336588980287e-09,0.9999953669574102,2.4580767852234944e-07
2026-07-20 14:15:00+03:00,2.0,3.085908463716646e-07,1.3674557208368424e-08,0.9999986439770608,1.033756137240811e-06
2026-07-20 14:20:00+03:00,2.0,5.804328803071194e-07,2.5197674240748946e-08,0.9999991565058655,2.3786246293119766e-07
2026-07-20 14:25:00+03:00,2.0,1.06750173174034e-05,0.0001215468327676295,0.9997735619695372,9.421617941102053e-05
2026-07-20 14:30:00+03:00,1.0,1.181094565127558e-13,0.8029010935473845,6.50359308492376e-09,0.19709889995003657
2026-07-20 14:35:00+03:00,3.0,9.005241423875613e-11,0.06117122183372692,8.584688982410162e-09,0.9388287694914359
2026-07-20 14:40:00+03:00,3.0,2.536811750358039e-09,0.0001652724862430274,9.824574304052669e-08,0.9998346267316761
2026-07-20 14:45:00+03:00,3.0,2.563076042748561e-09,3.2131309108238966e-06,9.637652305865167e-08,0.9999966879277333
2026-07-20 14:50:00+03:00,3.0,1.7508603525582939e-09,3.3307877753505363e-06,5.091001607211312e-08,0.999996616550828
2026-07-20 14:55:00+03:00,3.0,3.340791883283328e-15,4.137507750583698e-05,3.432585961252897e-13,0.9999586249224661
2026-07-20 15:00:00+03:00,3.0,4.892427494194144e-19,2.4529460016368847e-05,9.625617127922387e-15,0.9999754705411673
2026-07-20 15:05:00+03:00,3.0,4.0255163666283626e-15,4.9460147270556224e-06,8.44896977919016e-12,0.9999950539763166
2026-07-20 15:10:00+03:00,3.0,3.2857894361697737e-17,7.589612353299482e-06,8.595944138175901e-14,0.9999924103864645
2026-07-20 15:15:00+03:00,3.0,6.4373854171383e-17,9.138026568802391e-06,2.7628786148305546e-13,0.9999908619737715
2026-07-20 15:20:00+03:00,3.0,1.4541998294746531e-11,9.345261081116183e-06,4.098905348254185e-09,0.9999906506237084
2026-07-20 15:25:00+03:00,3.0,2.316307776955524e-09,4.5439952351823565e-05,2.029201155024704e-07,0.9999543548123637
2026-07-20 15:30:00+03:00,3.0,1.1148061823986828e-11,3.841006496384403e-06,5.405630145537712e-09,0.9999961535760428
2026-07-20 15:35:00+03:00,3.0,1.3249802304740268e-11,3.0255707189578487e-06,8.08625706316144e-09,0.9999969663304541
2026-07-20 15:40:00+03:00,3.0,1.0538706229781836e-11,4.563207234643485e-06,1.1473455089611784e-06,0.999994289437316
2026-07-20 15:45:00+03:00,3.0,7.346793255782768e-06,3.2735986348052672e-06,0.07710181978790955,0.9228875598195881
2026-07-20 15:50:00+03:00,3.0,1.231715772399499e-05,5.168650352383017e-06,0.40311628757453455,0.5968662266167273
2026-07-20 15:55:00+03:00,2.0,4.363301763448171e-05,5.007185712557561e-06,0.8112575578933531,0.1886938019017077
2026-07-20 16:00:00+03:00,2.0,2.3949950047325238e-05,6.32994553072593e-07,0.9658127975886206,0.034162619465723985
2026-07-20 16:05:00+03:00,2.0,2.499192378325648e-05,3.2921841559943346e-08,0.9982622383022933,0.001712736853753772
2026-07-20 16:10:00+03:00,2.0,4.4211505584949944e-05,7.3772212156556345e-09,0.999927026706835,2.875440918926784e-05
2026-07-20 16:15:00+03:00,2.0,0.00011403189073641936,1.1999851821525972e-08,0.999870174730601,1.578137922963692e-05
2026-07-20 16:20:00+03:00,2.0,0.0002995738727781777,2.9758228579844107e-08,0.9996035701884399,9.682618226697544e-05
2026-07-20 16:25:00+03:00,2.0,3.1970129191651416e-05,3.526433448687443e-08,0.9998780821299229,8.991247666879255e-05
2026-07-20 16:30:00+03:00,2.0,1.3435066142317947e-05,2.9083960691353035e-09,0.9999761593830703,1.0402642104204085e-05
2026-07-20 16:35:00+03:00,2.0,9.57034546064384e-06,1.7400732859483655e-08,0.999990228829564,1.8342559203567644e-07
2026-07-20 16:40:00+03:00,2.0,1.9681799105672435e-05,3.3154538416938338e-09,0.9999760631317264,4.25175299293492e-06
2026-07-20 16:45:00+03:00,2.0,1.1688745831901303e-06,3.10254410861602e-08,0.9999725943716037,2.6205727306640858e-05
2026-07-20 16:50:00+03:00,2.0,0.00010632528595995958,4.061644412907001e-07,0.9997354365753288,0.0001578319730787328
2026-07-20 16:55:00+03:00,2.0,0.002235344099568624,1.6888759509078294e-07,0.997343364760241,0.00042112225286376965
2026-07-20 17:00:00+03:00,2.0,0.035515229644203776,2.1864166015677856e-06,0.958587154396642,0.005895429541901158
2026-07-20 17:05:00+03:00,2.0,0.15796331343891046,1.3674200358125388e-06,0.8276755549657554,0.014359764174334029
2026-07-20 17:10:00+03:00,2.0,0.2925375340710385,9.744451628951462e-08,0.7006819866561619,0.006780381826827466
2026-07-20 17:15:00+03:00,2.0,0.33419387945283546,9.896081145286991e-08,0.6649730265229282,0.0008329950650737199
2026-07-20 17:20:00+03:00,2.0,0.34578467561656123,2.951134697658262e-07,0.6529504676657243,0.0012645616040731385
2026-07-20 17:25:00+03:00,2.0,0.33463913660767053,6.612562799729342e-08,0.6642137074283194,0.0011470898390229338
2026-07-20 17:30:00+03:00,2.0,0.3277918215299305,1.5901137210791476e-08,0.6717007981979075,0.0005073643693005952
2026-07-20 17:35:00+03:00,2.0,0.3201623743285421,7.166949296460731e-09,0.6797503748196372,8.724368539669986e-05
2026-07-20 17:40:00+03:00,2.0,0.2983685546188755,1.8633900678950142e-08,0.701547731817204,8.369493036443595e-05
2026-07-20 17:45:00+03:00,2.0,0.11348488611278106,3.874033022549174e-08,0.8861210746643018,0.0003940004843686571
2026-07-20 17:50:00+03:00,2.0,0.022998899719992656,2.723659647267421e-07,0.9767922820266729,0.00020854588714720891
2026-07-20 17:55:00+03:00,2.0,0.014712611939906743,0.0002597648405007928,0.9846801154812197,0.00034750773694090185
2026-07-21 09:55:00+03:00,1.0,3.0238296765135147e-28,0.9999923477882402,1.4383159036421795e-23,7.652212196961697e-06
2026-07-21 10:00:00+03:00,3.0,2.865653092043859e-24,0.014234935768481415,7.206216815307103e-16,0.9857650642325296
2026-07-21 10:05:00+03:00,3.0,4.714582285922417e-21,0.000375482969146287,4.8876676425379965e-16,0.9996245170296643
2026-07-21 10:10:00+03:00,3.0,2.0066732537426822e-19,1.730344312412079e-05,1.2243023209020473e-14,0.9999826965582577
2026-07-21 10:15:00+03:00,3.0,1.3240435289805126e-19,1.5505126441294136e-05,1.3975656252488527e-14,0.999984494872631
2026-07-21 10:20:00+03:00,3.0,5.862719586958153e-21,4.004299957383773e-05,3.65057361085745e-15,0.9999599570014879
2026-07-21 10:25:00+03:00,3.0,3.7008120004676814e-30,0.0008625470793687635,9.146945301654743e-24,0.9991374529188599
2026-07-21 10:30:00+03:00,3.0,5.038279750688319e-25,8.882781225974636e-05,1.3315881973544086e-19,0.9999111721863659
2026-07-21 10:35:00+03:00,3.0,2.379104937755215e-24,4.8601963487703714e-05,6.285703535197306e-19,0.9999513980352716
2026-07-21 10:40:00+03:00,3.0,5.837049175792795e-24,4.561596980540315e-05,1.1195790570796076e-18,0.9999543840312761
2026-07-21 10:45:00+03:00,3.0,5.7134068195955026e-11,2.1945330152353455e-06,1.0101091065169416e-08,0.9999977953072378
2026-07-21 10:50:00+03:00,3.0,2.498466427023033e-09,1.870599131607068e-06,1.5105248317619397e-07,0.9999979758488302
2026-07-21 10:55:00+03:00,3.0,6.447018624974705e-09,2.646427838108759e-06,7.25356060388166e-07,0.999996621767672
2026-07-21 11:00:00+03:00,3.0,5.043683690776455e-12,7.188540228361836e-06,1.8855265809623642e-08,0.999992792600604
2026-07-21 11:05:00+03:00,3.0,4.979705784443322e-09,2.6761801271881263e-06,8.587816437777541e-07,0.9999964600600735
2026-07-21 11:10:00+03:00,3.0,4.810060835343676e-05,7.556033489251395e-07,6.804962112494378e-05,0.9998830941677478
2026-07-21 11:15:00+03:00,0.0,0.6457902080182892,3.1318536517270545e-07,0.03791590622441623,0.3162935725718768
2026-07-21 11:20:00+03:00,0.0,0.8754759854382151,9.747035571138078e-08,0.05599785505590061,0.06852606203530062
2026-07-21 11:25:00+03:00,0.0,0.9161229837662794,9.13023944743632e-08,0.06462814043629724,0.019248784494548223
2026-07-21 11:30:00+03:00,0.0,0.9279929990988735,3.115526439268726e-08,0.06222493779887373,0.009782031947892973
2026-07-21 11:35:00+03:00,0.0,0.9706433912566151,1.4885818342093177e-08,0.02786178946732216,0.0014948043888550373
2026-07-21 11:40:00+03:00,0.0,0.9969830709305005,2.5254758410515024e-09,0.002636090609586407,0.0003808359340368936
2026-07-21 11:45:00+03:00,0.0,0.9997973836547183,1.852871141822107e-11,0.0001876070262747734,1.500929887528235e-05
2026-07-21 11:50:00+03:00,0.0,0.9998805866306576,6.8157735726346e-11,0.0001185756676781161,8.376346698744161e-07
2026-07-21 11:55:00+03:00,0.0,0.9999831600688625,1.0456049462225648e-12,1.439614222401523e-05,2.4437873784042994e-06
2026-07-21 12:00:00+03:00,0.0,0.9999952386501384,3.040922933676826e-12,4.624986436795687e-06,1.3636013112024033e-07
2026-07-21 12:05:00+03:00,0.0,0.9999951605540223,6.548003416005742e-13,3.610578228467373e-06,1.2288674660834583e-06
2026-07-21 12:10:00+03:00,0.0,0.9999949798637816,1.8094665091884953e-12,4.309144633227484e-06,7.109890774694936e-07
2026-07-21 12:15:00+03:00,0.0,0.9999964603583866,2.1327433383991177e-13,2.4784636057735394e-06,1.061178789817315e-06
2026-07-21 12:20:00+03:00,0.0,0.9999992416781571,3.7865321830749093e-13,5.470711220054497e-07,2.1124967294518164e-07
2026-07-21 12:25:00+03:00,0.0,0.9999945626298118,8.86127417406871e-12,4.97324885596304e-06,4.6411266448198967e-07
2026-07-21 12:30:00+03:00,0.0,0.9986937416433919,1.148951401946309e-09,0.0013032080847207687,3.0491221160344958e-06
2026-07-21 12:35:00+03:00,0.0,0.9530577574833902,1.1588123378580372e-08,0.046917846873003106,2.4384054749360067e-05
2026-07-21 12:40:00+03:00,0.0,0.8871642412659485,7.594831136578756e-09,0.11282067242890646,1.5078709805170488e-05
2026-07-21 12:45:00+03:00,0.0,0.7418566039581715,8.46041531187281e-08,0.2581066111898079,3.67002466224101e-05
2026-07-21 12:50:00+03:00,2.0,0.007101536644288116,1.5984057897270536e-06,0.9927747814129602,0.0001220835386309535
2026-07-21 12:55:00+03:00,2.0,0.0006807932209086761,8.623238464013789e-09,0.9993081459621487,1.1052193259298478e-05
2026-07-21 13:00:00+03:00,2.0,1.5450770319293785e-05,1.6380687389991246e-09,0.9999838546166832,6.929738963601398e-07
2026-07-21 13:05:00+03:00,2.0,2.964863889164896e-07,3.8298678103592514e-08,0.9999924211984554,7.2440175209482776e-06
2026-07-21 13:10:00+03:00,2.0,7.399045399674046e-07,4.479563163229452e-09,0.9999919480502676,7.30756606037946e-06
2026-07-21 13:15:00+03:00,2.0,1.7892522556518003e-07,1.5738306380700715e-08,0.9999789749190542,2.0830415701590083e-05
2026-07-21 13:20:00+03:00,2.0,4.79624301314468e-07,2.516442088382119e-08,0.999949018206228,5.047700465448458e-05
2026-07-21 13:25:00+03:00,2.0,6.281817246223548e-07,7.538860834667948e-09,0.999991697362836,7.66691531014963e-06
2026-07-21 13:30:00+03:00,2.0,5.42809573433852e-07,5.44072262430305e-09,0.9999830369908437,1.64147592283353e-05
2026-07-21 13:35:00+03:00,2.0,3.5469963683226723e-07,1.1828013168442659e-08,0.9999946375572187,4.99591371065802e-06
2026-07-21 13:40:00+03:00,2.0,3.453534104183962e-07,6.932118631741227e-09,0.9999985948025693,1.0529131660965364e-06
2026-07-21 13:45:00+03:00,2.0,4.0196171838802385e-07,2.548262938103886e-09,0.9999980641896947,1.5313003570506119e-06
2026-07-21 13:50:00+03:00,2.0,4.1009366291082986e-07,2.6443658502244124e-09,0.999998217566596,1.3696956901626011e-06
2026-07-21 13:55:00+03:00,2.0,4.805786959303996e-07,1.2399132831755778e-08,0.9999978985201122,1.6085011462249131e-06
2026-07-21 14:00:00+03:00,2.0,4.856261836625594e-09,1.853238573092814e-05,0.999630014174156,0.00035144858477526107
2026-07-21 14:05:00+03:00,2.0,1.4846131175049788e-06,0.0001290329152421474,0.993972996447586,0.0058964860252074935
2026-07-21 14:10:00+03:00,3.0,3.233412227902702e-14,0.10663302368650109,0.11003746610445504,0.7833295102081318
2026-07-21 14:15:00+03:00,3.0,2.601316636177447e-11,0.02173989700784643,0.4802964270844821,0.49796367588176016
2026-07-21 14:20:00+03:00,2.0,4.3043109500840147e-11,0.0032353798421126323,0.6842550278078231,0.31250959230544295
2026-07-21 14:25:00+03:00,2.0,3.798644497981477e-11,0.002304792974499556,0.8536508290750864,0.14404437791123847
2026-07-21 14:30:00+03:00,2.0,2.251490075792825e-11,0.00443984213964144,0.9276118681834462,0.06794828965547917
2026-07-21 14:35:00+03:00,2.0,1.0188960996112213e-12,0.011449728196890203,0.9342279822310668,0.05432228957103789
2026-07-21 14:40:00+03:00,2.0,5.344697721192522e-13,0.0492158014273416,0.903219436206198,0.047564762367106966
2026-07-21 14:45:00+03:00,2.0,3.5205362872087496e-13,0.2577491058346646,0.7051108164017252,0.037140077764921425
2026-07-21 14:50:00+03:00,1.0,1.3906916732501082e-24,0.9987307134936726,1.667327026178163e-06,0.001267619178140894
2026-07-21 14:55:00+03:00,1.0,2.3694082648837125e-24,0.9997174407695815,4.920920397408502e-07,0.0002820671383967758
2026-07-21 15:00:00+03:00,1.0,9.98696588388945e-22,0.9992952056485378,1.5418671362329434e-06,0.0007032524856957743
2026-07-21 15:05:00+03:00,1.0,5.964783357062775e-20,0.9982655543664228,1.0060307155076488e-05,0.0017243853258466116
2026-07-21 15:10:00+03:00,1.0,8.431390646399355e-22,0.9991319171296943,3.943844549548134e-06,0.0008641390267295803
2026-07-21 15:15:00+03:00,1.0,1.633779070812583e-24,0.9997899899116929,3.330159314542526e-07,0.00020967707171833263
2026-07-21 15:20:00+03:00,1.0,8.258218295337622e-24,0.9999606494450751,1.289205261662576e-06,3.80613491672306e-05
2026-07-21 15:25:00+03:00,1.0,1.9303122754451838e-35,0.999997467231448,6.3148129551931585e-12,2.5327610644825376e-06
2026-07-21 15:30:00+03:00,1.0,1.877838579983985e-42,0.9999998848070457,1.4018135179508574e-13,1.1519102999134138e-07
2026-07-21 15:35:00+03:00,1.0,1.2284353305729302e-41,0.9999980814882505,5.850305173163641e-14,1.9185125398113748e-06
2026-07-21 15:40:00+03:00,1.0,2.1908097419334136e-39,0.9999974826273355,2.4340270883422668e-12,2.5173708205263482e-06
2026-07-21 15:45:00+03:00,1.0,1.6650819414333812e-37,0.9999885099901616,3.5473302194902476e-13,1.1490007947197747e-05
2026-07-21 15:50:00+03:00,1.0,6.844822791577325e-38,0.9999976359313882,1.6598498785105844e-12,2.364065581912738e-06
2026-07-21 15:55:00+03:00,1.0,1.3675945020434063e-36,0.9999897998724904,1.986462326947423e-12,1.0200125501399953e-05
2026-07-21 16:00:00+03:00,1.0,2.7334231927700426e-33,0.9999705755508211,6.927259965316387e-11,2.9424381202258444e-05
2026-07-21 16:05:00+03:00,1.0,4.408241008465491e-32,0.9999858452339583,2.7357854438730363e-10,1.4154493307174324e-05
2026-07-21 16:10:00+03:00,1.0,4.173732095084833e-32,0.9999537042115917,5.490719191790422e-10,4.6295240748916547e-05
2026-07-21 16:15:00+03:00,1.0,3.647391697964336e-28,0.9998750871406415,1.9440644231940093e-09,0.000124910916060279
2026-07-21 16:20:00+03:00,1.0,2.6335416019399863e-23,0.9999387211141524,1.1766619453835884e-06,6.0102223314012994e-05
2026-07-21 16:25:00+03:00,1.0,1.423636261047369e-28,0.9999731303368382,2.087808874044171e-08,2.6848785568092636e-05
2026-07-21 16:30:00+03:00,1.0,2.640973767913574e-29,0.9999786165348095,4.304912955510228e-08,2.134041710009402e-05
2026-07-21 16:35:00+03:00,1.0,7.128105822081439e-28,0.99998041883263,6.043551550468538e-07,1.8976812851295377e-05
2026-07-21 16:40:00+03:00,1.0,6.167709546622881e-31,0.9999920016518172,3.132095073383324e-09,7.995214661974186e-06
2026-07-21 16:45:00+03:00,1.0,1.2298347949844586e-25,0.9999040008758869,9.922106975815978e-07,9.50069125795769e-05
2026-07-21 16:50:00+03:00,1.0,1.076689902904001e-22,0.9999846237642299,1.5674041478184057e-06,1.380883205742165e-05
2026-07-21 16:55:00+03:00,1.0,7.619022420377619e-24,0.9999721866491103,3.977343892850578e-06,2.3836006749608027e-05
2026-07-21 17:00:00+03:00,1.0,1.3464980020602478e-26,0.9999407301577969,5.519391206090713e-07,5.871790292564531e-05
2026-07-21 17:05:00+03:00,1.0,2.5794868642589674e-26,0.9999976866010385,1.723611334760197e-06,5.897869539551757e-07
2026-07-21 17:10:00+03:00,1.0,8.362285202865066e-26,0.9999528717499612,2.0607315511130363e-05,2.65209348182776e-05
2026-07-21 17:15:00+03:00,1.0,1.6676424014011036e-22,0.9997592164346852,0.0001606387266711456,8.014483796952151e-05
2026-07-21 17:20:00+03:00,1.0,4.807647497238068e-21,0.9997288682217899,0.00021188085411179977,5.925092304177456e-05
2026-07-21 17:25:00+03:00,1.0,1.0135248080382795e-23,0.9998155067321582,0.0001505396083227036,3.395365957809576e-05
2026-07-21 17:30:00+03:00,1.0,1.111169248334824e-21,0.9997723628184286,0.00019816268636541008,2.9474494184579234e-05
2026-07-21 17:35:00+03:00,1.0,3.714596965845616e-27,0.9999852449470285,4.459976197312365e-06,1.0295078559836147e-05
2026-07-21 17:40:00+03:00,1.0,7.641558309487529e-25,0.9999190874981229,4.293272541295014e-05,3.797977478142154e-05
2026-07-21 17:45:00+03:00,1.0,1.9104804898875983e-23,0.9998297208385116,9.097771052876447e-05,7.930145149401911e-05
2026-07-21 17:50:00+03:00,1.0,1.3484156064955931e-22,0.9998116917202363,0.00015088651337835594,3.7421767375928155e-05
2026-07-21 17:55:00+03:00,1.0,7.106697245086966e-24,0.9998849672694794,9.431060436635031e-05,2.0722127633160126e-05
2026-07-22 09:55:00+03:00,1.0,1.4193275306510434e-32,0.9999999990177457,9.720355933567528e-10,9.144680890270147e-12
2026-07-22 10:00:00+03:00,1.0,1.7678830177696806e-41,0.9999995858962341,4.841927389971936e-10,4.136191036041917e-07
2026-07-22 10:05:00+03:00,1.0,5.128567461083327e-37,0.9999991127628461,6.486190040875422e-09,8.807518095757533e-07
2026-07-22 10:10:00+03:00,1.0,5.159924080802925e-37,0.9999901503081998,3.914225816932481e-13,9.849690725752899e-06
2026-07-22 10:15:00+03:00,1.0,2.5671243913980064e-32,0.9998782922157946,3.990784811814885e-12,0.00012170778202716382
2026-07-22 10:20:00+03:00,1.0,2.0460807713280832e-30,0.9998924344047986,1.4222366670371745e-10,0.00010756545239552507
2026-07-22 10:25:00+03:00,1.0,2.877925778286989e-29,0.9998312703766133,2.2298732091718332e-10,0.00016872939992607593
2026-07-22 10:30:00+03:00,1.0,1.1112609963483536e-35,0.999985893702065,2.1024191129578345e-13,1.410629796587547e-05
2026-07-22 10:35:00+03:00,1.0,1.0054228283036788e-36,0.999978438557794,2.513612981367925e-14,2.1561441741729895e-05
2026-07-22 10:40:00+03:00,1.0,1.3327369159367186e-34,0.999953115723179,1.9178940301968706e-13,4.6884276579192424e-05
2026-07-22 10:45:00+03:00,1.0,7.917487406229557e-39,0.9999963585862949,6.2852052837290736e-15,3.6414130486846354e-06
2026-07-22 10:50:00+03:00,1.0,1.6561447687185967e-37,0.9999928412873247,4.247810781162983e-13,7.158713757411449e-06
2026-07-22 10:55:00+03:00,1.0,4.820349548745825e-36,0.9999874968834255,6.476784428865919e-13,1.250311549517099e-05
2026-07-22 11:00:00+03:00,1.0,7.342664054128786e-32,0.9999739070429347,3.019656016307927e-11,2.6092926807716812e-05
2026-07-22 11:05:00+03:00,1.0,7.471045287402337e-30,0.9999099195022239,8.850432119996223e-09,9.007164861913266e-05
2026-07-22 11:10:00+03:00,1.0,1.2143318003753615e-23,0.995004788405577,0.0005566600215403124,0.004438551573855006
2026-07-22 11:15:00+03:00,1.0,4.710784637104326e-20,0.8800418002136695,0.01893359709149588,0.101024602695389
2026-07-22 11:20:00+03:00,1.0,8.028851527559138e-18,0.6308603804141715,0.3130422427853904,0.056097376799576305
2026-07-22 11:25:00+03:00,2.0,5.905466191990397e-18,0.4239777147824291,0.5593824184104341,0.016639866805347212
2026-07-22 11:30:00+03:00,2.0,2.5011393200522524e-19,0.33558498338896353,0.6560563413558933,0.008358675255017328
2026-07-22 11:35:00+03:00,2.0,1.8972028837558335e-19,0.2655790783620475,0.7319884430639647,0.0024324785754812396
2026-07-22 11:40:00+03:00,2.0,1.847607417093708e-18,0.1624807768668843,0.8374095823264747,0.00010964080769806834
2026-07-22 11:45:00+03:00,2.0,1.7109683467485957e-20,0.10222359837139953,0.8972991622826513,0.000477239344823808
2026-07-22 11:50:00+03:00,2.0,2.929460324080592e-20,0.039756257214217626,0.9600057694838775,0.00023797330079501712
2026-07-22 11:55:00+03:00,2.0,3.2707081488995014e-19,0.013752620332544225,0.9861540033358068,9.337633096527054e-05
2026-07-22 12:00:00+03:00,2.0,1.616254981352958e-16,0.005004456147732578,0.9939203843203285,0.0010751595331534994
2026-07-22 12:05:00+03:00,2.0,2.102095722827927e-15,0.00046947433935848847,0.9995216198898541,8.90576986978994e-06
2026-07-22 12:10:00+03:00,2.0,1.1537443828579722e-16,2.2901954908325477e-05,0.9999683349044425,8.763140338040312e-06
2026-07-22 12:15:00+03:00,2.0,7.851299928381532e-17,1.7563916544170183e-06,0.9999961745379963,2.0690706586248967e-06
2026-07-22 12:20:00+03:00,2.0,7.077621331182126e-19,3.618102859166792e-06,0.999992087005397,4.294891647578709e-06
2026-07-22 12:25:00+03:00,2.0,7.812366488712735e-18,1.3616541202179755e-06,0.9999972836740711,1.354671359628246e-06
2026-07-22 12:30:00+03:00,2.0,8.315247537198596e-20,1.1530479686460312e-05,0.9999853698988507,3.099620515822773e-06
2026-07-22 12:35:00+03:00,2.0,8.692180156131631e-20,1.2908747131778595e-05,0.9999827573296439,4.333923804521144e-06
2026-07-22 12:40:00+03:00,2.0,1.6193860358855308e-20,1.1557417300028401e-05,0.9999858850583494,2.5575237953046897e-06
2026-07-22 12:45:00+03:00,2.0,4.651465901313102e-17,1.2293477298366592e-06,0.9999967468664345,2.0237866618930186e-06
2026-07-22 12:50:00+03:00,2.0,4.244197074038707e-16,1.8198988403459358e-06,0.9999977949579925,3.851444207964982e-07
2026-07-22 12:55:00+03:00,2.0,2.4184095219496955e-14,1.021597217695622e-06,0.999991236660407,7.741743571289228e-06
2026-07-22 13:00:00+03:00,2.0,2.799209576188866e-14,9.569483885622855e-08,0.9999978464461944,2.0578582698563824e-06
2026-07-22 13:05:00+03:00,2.0,8.5499141383526e-15,3.605902563242704e-07,0.9999993692146916,2.7019354344507023e-07
2026-07-22 13:10:00+03:00,2.0,1.854276004463273e-13,8.037708004057697e-08,0.9999994378451208,4.817792899709873e-07
2026-07-22 13:15:00+03:00,2.0,1.5740775378744782e-13,6.194013667971829e-08,0.9999983452048631,1.592853258266072e-06
2026-07-22 13:20:00+03:00,2.0,2.446657980922295e-11,1.7477850284374013e-07,0.9999836616323179,1.6163564716531025e-05
2026-07-22 13:25:00+03:00,2.0,4.5148619053558383e-10,8.635031378771691e-09,0.9999978109905299,2.179921910524271e-06
2026-07-22 13:30:00+03:00,2.0,2.1643940463535706e-11,5.458361775201381e-08,0.9999960102329635,3.935160529075201e-06
2026-07-22 13:35:00+03:00,2.0,1.106080582829561e-10,1.3840208516505437e-08,0.999996155409577,3.830637891366351e-06
2026-07-22 13:40:00+03:00,2.0,1.185877671462643e-10,9.985989852521002e-09,0.9999982492460595,1.7406500084221945e-06
2026-07-22 13:45:00+03:00,2.0,3.924846659801438e-08,2.9640038908209977e-09,0.9999987876915911,1.1700958797431378e-06
2026-07-22 13:50:00+03:00,2.0,9.517841170985176e-08,3.216366381701247e-09,0.9999995225408614,3.7906497630248924e-07
2026-07-22 13:55:00+03:00,2.0,9.837731233151935e-09,9.628483347394202e-09,0.9999968237366795,3.156798737615861e-06
2026-07-22 14:00:00+03:00,2.0,3.6182133804262667e-10,1.6673043605668647e-07,0.9999632654888702,3.65674190478493e-05
2026-07-22 14:05:00+03:00,2.0,1.7500544544231872e-09,1.3657753040623956e-08,0.999993515560269,6.4690323521290724e-06
2026-07-22 14:10:00+03:00,2.0,2.5490512297447737e-09,5.118257672742363e-09,0.9999986380508015,1.3542819031491248e-06
2026-07-22 14:15:00+03:00,2.0,1.0011306141322273e-09,9.483118435286659e-09,0.9999982994246146,1.6900914621711179e-06
2026-07-22 14:20:00+03:00,2.0,1.2059107736889256e-09,8.044214352859498e-09,0.9999986564407595,1.3343107451768384e-06
2026-07-22 14:25:00+03:00,2.0,5.871804925487721e-09,1.1793163153215005e-08,0.9999962960314791,3.686304386122081e-06
2026-07-22 14:30:00+03:00,2.0,1.4347800446001671e-08,3.717663650084055e-09,0.9999981483869167,1.8335494122654372e-06
2026-07-22 14:35:00+03:00,2.0,5.3928123533093425e-09,4.279131680285204e-09,0.9999986804113699,1.309915368348731e-06
2026-07-22 14:40:00+03:00,2.0,2.476465974065033e-09,1.470767026194294e-07,0.9999961239339059,3.72651336206351e-06
2026-07-22 14:45:00+03:00,2.0,3.9906598265645234e-08,1.0041921554445679e-05,0.9976447477870073,0.002345170383418067
2026-07-22 14:50:00+03:00,2.0,6.751722651327316e-08,1.373352653268212e-08,0.9999914370712853,8.481676520175657e-06
2026-07-22 14:55:00+03:00,2.0,5.845051070197357e-08,4.122974663842051e-09,0.9999960900244375,3.8474034745893675e-06
2026-07-22 15:00:00+03:00,2.0,7.794178351053721e-07,2.6632269493650345e-08,0.9999887249922619,1.0468955989540467e-05
2026-07-22 15:05:00+03:00,2.0,8.423317382664367e-06,7.932321718019386e-07,0.9985896289782431,0.0014011544734951378
2026-07-22 15:10:00+03:00,2.0,6.562453350555766e-06,4.421799291200002e-08,0.9997422218487549,0.0002511714794032697
2026-07-22 15:15:00+03:00,2.0,1.1527516492830827e-06,6.293456399082201e-07,0.999416946261662,0.000581271639895342
2026-07-22 15:20:00+03:00,2.0,7.604977930558429e-06,3.7586662090579254e-06,0.9966263925305777,0.0033622438244925324
2026-07-22 15:25:00+03:00,2.0,3.335004267162146e-05,3.002754421740542e-05,0.9667843507035838,0.03315227171005782
2026-07-22 15:30:00+03:00,2.0,3.756882766735365e-05,8.082128059263535e-05,0.9039966934956604,0.095884916397864
2026-07-22 15:35:00+03:00,2.0,0.0001294561654555943,9.691459901823015e-07,0.944472313399577,0.05539726128975632
2026-07-22 15:40:00+03:00,2.0,0.00020532703165775587,2.6613834281815695e-07,0.9681991325073488,0.03159527432330838
2026-07-22 15:45:00+03:00,2.0,2.9862643477077872e-05,1.8558352880958784e-06,0.9819881862329032,0.01798009528794944
2026-07-22 15:50:00+03:00,2.0,8.091336950326662e-06,3.921814686940335e-07,0.9887149351246907,0.011276581357278041
2026-07-22 15:55:00+03:00,2.0,4.759636300716774e-06,9.854818751459878e-08,0.9966044342370485,0.003390707579461646
2026-07-22 16:00:00+03:00,2.0,1.946179912888601e-05,4.933478535638985e-08,0.9985304112662776,0.0014500775987891766
2026-07-22 16:05:00+03:00,2.0,6.62457069120982e-05,4.191971004233665e-08,0.9992958378582742,0.0006378745158784592
2026-07-22 16:10:00+03:00,2.0,0.0003434833231951615,5.4649439535945505e-08,0.9991822234427984,0.0004742385827999692
2026-07-22 16:15:00+03:00,2.0,0.0019393218726499678,3.513431005370829e-08,0.9977328860187241,0.00032775697568252274
2026-07-22 16:20:00+03:00,2.0,0.015032133887366123,1.0289658560976254e-07,0.9845472049573692,0.00042055826028198414
2026-07-22 16:25:00+03:00,2.0,0.04982588047603204,4.041283092600607e-07,0.9494939700444682,0.0006797453519446409
2026-07-22 16:30:00+03:00,2.0,0.18243112600573932,3.804693181023002e-06,0.8089488333295066,0.008616235972879346
2026-07-22 16:35:00+03:00,2.0,0.4846434827749481,8.491071963776509e-08,0.5128450426850903,0.002511389630558596
2026-07-22 16:40:00+03:00,0.0,0.7601861024594704,1.737540718997248e-08,0.23934433831147822,0.0004695418520740782
2026-07-22 16:45:00+03:00,0.0,0.9002081121400156,8.358622895308968e-10,0.09962283657970378,0.00016905044308652048
2026-07-22 16:50:00+03:00,0.0,0.96413957576119,2.356869208914351e-09,0.03585595163016015,4.470252121270263e-06
2026-07-22 16:55:00+03:00,0.0,0.9849940029019163,3.5785650354200234e-10,0.014998629389245274,7.3673508219023e-06
2026-07-22 17:00:00+03:00,0.0,0.9962331985908991,1.8176530264095087e-11,0.003762388618196882,4.412772531700223e-06
2026-07-22 17:05:00+03:00,0.0,0.9993954150826375,9.845779165249126e-11,0.0006040190038156901,5.658144934850444e-07
2026-07-22 17:10:00+03:00,0.0,0.9998283788138616,3.967289343775481e-10,0.00016203563584760047,9.585154436762915e-06
2026-07-22 17:15:00+03:00,0.0,0.9995238288889846,6.040097930502997e-11,0.00045197343145823605,2.4197619896667057e-05
2026-07-22 17:20:00+03:00,0.0,0.9994877741406881,6.443730164229394e-11,0.0005117505460297659,4.752482873052555e-07
2026-07-22 17:25:00+03:00,0.0,0.9993897907805145,6.181701047198307e-11,0.0006080720174123764,2.137140625517087e-06
2026-07-22 17:30:00+03:00,0.0,0.9987176871758575,1.325539902160244e-10,0.001279574867751628,2.737823100990495e-06
2026-07-22 17:35:00+03:00,0.0,0.9976639266835217,1.2450702122788839e-08,0.0023244867866725246,1.1574080233490614e-05
2026-07-22 17:40:00+03:00,0.0,0.9922884755538443,1.0508915783716483e-06,0.0059996141933027075,0.001710859359597148
2026-07-22 17:45:00+03:00,0.0,0.7936711448911704,0.0006383899522669144,0.007832401250020722,0.19785806390828115
2026-07-22 17:50:00+03:00,3.0,8.652160994341321e-14,0.06562433011706002,2.7082541518004996e-14,0.9343756698840754
2026-07-22 17:55:00+03:00,3.0,2.0786712059345827e-09,0.04482160141538077,4.7543834616099776e-08,0.9551783489613653
2026-07-23 09:55:00+03:00,1.0,4.8814241841986244e-23,0.9895154423611593,3.1158171512172153e-17,0.01048455763707934
2026-07-23 10:00:00+03:00,3.0,5.425448633768013e-28,0.17107593430816723,7.19008997835558e-19,0.8289240656929528
2026-07-23 10:05:00+03:00,3.0,2.577929457486283e-24,0.006814906482061041,2.3126401937542024e-17,0.993185093519231
2026-07-23 10:10:00+03:00,3.0,6.753167205211768e-26,0.0005686131282555964,2.3937432292949738e-18,0.9994313868728083
2026-07-23 10:15:00+03:00,3.0,3.8375322333391927e-25,9.372814837882547e-05,8.881609693169875e-18,0.9999062718506029
2026-07-23 10:20:00+03:00,3.0,2.288638755189322e-24,5.458325792670982e-05,2.0040597673128636e-17,0.9999454167427436
2026-07-23 10:25:00+03:00,3.0,1.8388921211813464e-24,5.229845892548422e-05,1.0057882861024698e-17,0.9999477015405368
2026-07-23 10:30:00+03:00,3.0,1.133225120576532e-23,4.2966688468207216e-05,7.442802694850942e-17,0.9999570333120148
2026-07-23 10:35:00+03:00,3.0,9.152386479219536e-14,6.532296015732159e-06,2.1357468116700883e-09,0.9999934655674897
2026-07-23 10:40:00+03:00,3.0,6.807719989134471e-14,6.703201450039422e-06,3.1383645057009024e-09,0.9999932936595772
2026-07-23 10:45:00+03:00,3.0,8.558641610327104e-12,3.044314650757151e-05,3.585247669034058e-07,0.9999691983190023
2026-07-23 10:50:00+03:00,3.0,4.466481507720556e-10,0.00012183237154281837,2.552346335870975e-05,0.9998526437179873
2026-07-23 10:55:00+03:00,3.0,7.56738425848018e-11,0.00016856898813214888,0.0005628513419435704,0.9992685795928553
2026-07-23 11:00:00+03:00,3.0,6.120644017996786e-09,3.868371003968815e-05,0.013129778080987312,0.9868315320886297
2026-07-23 11:05:00+03:00,3.0,7.351162163067951e-07,4.781893975480314e-06,0.24054765653393728,0.7594468264551075
2026-07-23 11:10:00+03:00,2.0,5.42154637546315e-06,2.1344184231047066e-07,0.9697321476710545,0.030262217342503856
2026-07-23 11:15:00+03:00,2.0,4.4529174443791687e-08,3.713653170197349e-08,0.9986266112191754,0.0013733071168372673
2026-07-23 11:20:00+03:00,2.0,1.1341245041966594e-08,3.3422642440946704e-08,0.9999725864192001,2.7368816327335315e-05
2026-07-23 11:25:00+03:00,2.0,4.910664724047231e-11,4.443760971950524e-06,0.9990352459379052,0.0009603102506541682
2026-07-23 11:30:00+03:00,2.0,3.728214264322132e-11,1.5987704250736783e-07,0.9998680376614378,0.00013180242512191392
2026-07-23 11:35:00+03:00,2.0,9.494716628702863e-12,2.0297717265536032e-07,0.9999427866274553,5.701038666010467e-05
2026-07-23 11:40:00+03:00,2.0,3.6294240041520573e-13,1.068544324690981e-06,0.9999007884940165,9.814296014398489e-05
2026-07-23 11:45:00+03:00,2.0,7.377109334237281e-13,4.660050787629378e-07,0.999988339574655,1.1194420829062205e-05
2026-07-23 11:50:00+03:00,2.0,1.376030011656942e-13,5.754462112350911e-07,0.9999711023729969,2.8322179526682987e-05
2026-07-23 11:55:00+03:00,2.0,8.064952924933461e-15,4.952860292099854e-06,0.9999639341213976,3.1113020100450626e-05
2026-07-23 12:00:00+03:00,2.0,2.2696991359930197e-13,3.494108190246375e-06,0.9996943861420401,0.00030211974885136633
2026-07-23 12:05:00+03:00,2.0,8.393823294994988e-14,3.760024984850188e-07,0.9999812785687822,1.8345429676670334e-05
2026-07-23 12:10:00+03:00,2.0,3.742140261583354e-15,1.785860196299887e-06,0.9999491753043455,4.903883378640364e-05
2026-07-23 12:15:00+03:00,2.0,9.401389771853557e-14,5.925217241253183e-07,0.9999766704088144,2.273706999722261e-05
2026-07-23 12:20:00+03:00,2.0,3.080048009673858e-14,1.2694106951843057e-06,0.9999980076883568,7.229014478108328e-07
2026-07-23 12:25:00+03:00,2.0,2.915168548887281e-14,3.6571597021203163e-07,0.999996670032575,2.9642500179869755e-06
2026-07-23 12:30:00+03:00,2.0,5.671024485939282e-15,5.159340318489027e-07,0.9999860120220256,1.3472044382925153e-05
2026-07-23 12:35:00+03:00,2.0,1.0904981666120217e-15,5.880315921318146e-07,0.9999917971372193,7.614832136464809e-06
2026-07-23 12:40:00+03:00,2.0,5.252445486460483e-15,4.4913240867299806e-07,0.9999936076005402,5.94326626692755e-06
2026-07-23 12:45:00+03:00,2.0,1.2043974607084264e-15,7.478267522063308e-06,0.9999874462543088,5.075479425164759e-06
2026-07-23 12:50:00+03:00,2.0,7.42157537414585e-15,0.00024572680908894584,0.9997519260013712,2.347189489369594e-06
2026-07-23 12:55:00+03:00,2.0,1.3088210769293437e-14,0.020905070588288565,0.9790429856520044,5.194376046772067e-05
2026-07-23 13:00:00+03:00,1.0,1.659388072214446e-30,0.999995181032106,1.4652529202214244e-08,4.804314435410809e-06
2026-07-23 13:05:00+03:00,1.0,6.660289397094832e-34,0.9999876997782633,1.314562108761715e-16,1.2300222484349465e-05
2026-07-23 13:10:00+03:00,1.0,1.3777692844668975e-25,0.9994892094946132,2.0068726008253433e-10,0.0005107903044583608
2026-07-23 13:15:00+03:00,1.0,2.3108535137373427e-24,0.9939787572665348,6.701307932906733e-10,0.006021242062237014
2026-07-23 13:20:00+03:00,1.0,1.5368873975280513e-22,0.9960528361170462,5.247285223966564e-09,0.003947158634390997
2026-07-23 13:25:00+03:00,1.0,4.100746577361636e-24,0.9927213403645258,1.652641243812885e-09,0.007278657984183659
2026-07-23 13:30:00+03:00,1.0,1.0181401967914004e-22,0.9914427715725146,4.446873767576463e-09,0.00855722397990083
2026-07-23 13:35:00+03:00,1.0,1.040935498796987e-23,0.9928730131570154,3.926665990207083e-09,0.007126982916771982
2026-07-23 13:40:00+03:00,1.0,9.368681491243811e-45,0.9983801535611745,1.0381557321213153e-32,0.0016198464404441912
2026-07-23 13:45:00+03:00,3.0,6.591522179151792e-32,0.15606639552327214,7.392918439433595e-21,0.843933604477374
2026-07-23 13:50:00+03:00,3.0,4.667382371695046e-22,0.005362865620810253,2.0332329388529228e-14,0.994637134378026
2026-07-23 13:55:00+03:00,3.0,4.5291710456011394e-20,0.00014204020968199533,1.7020852637192299e-12,0.9998579597891928
2026-07-23 14:00:00+03:00,3.0,1.1170349159785032e-19,3.622847392597089e-05,3.1244340523491252e-12,0.9999637715241745
2026-07-23 14:05:00+03:00,3.0,1.9254807890151958e-19,2.812625328838738e-05,4.457520517858942e-12,0.9999718737407534
2026-07-23 14:10:00+03:00,3.0,1.9532308009756892e-17,2.2442133644073096e-05,8.065625727447695e-11,0.999977557786124
2026-07-23 14:15:00+03:00,3.0,3.6220398448954775e-16,3.343370765065467e-05,5.386848010926887e-10,0.999966565754728
2026-07-23 14:20:00+03:00,3.0,3.583876629516195e-17,2.713071184102494e-05,2.291311632183155e-10,0.999972869060617
2026-07-23 14:25:00+03:00,3.0,4.063122338915469e-16,5.421911674660569e-05,4.84707049798817e-07,0.9999452961758005
2026-07-23 14:30:00+03:00,2.0,1.841673221969869e-07,0.0006363368603671381,0.5429134392126559,0.4564500397595695
2026-07-23 14:35:00+03:00,2.0,4.3711936258502135e-08,0.0012969525007475121,0.5566794423516244,0.4420235614368816
2026-07-23 14:40:00+03:00,3.0,1.40829138549903e-10,0.006510621264467769,0.4889646823706034,0.5045246962225787
2026-07-23 14:45:00+03:00,3.0,1.0181484849701249e-08,0.002887031561245105,0.21770652631356668,0.7794064319424215
2026-07-23 14:50:00+03:00,3.0,1.3623920625137034e-11,0.005573087960701498,0.07661414068857267,0.9178127713361701
2026-07-23 14:55:00+03:00,3.0,3.023829728808292e-11,0.0004875341753881844,0.00028046440611261377,0.9992320013881149
2026-07-23 15:00:00+03:00,3.0,3.6621370787413694e-10,2.5124900550049007e-05,0.00010281437109707367,0.9998720603611889
2026-07-23 15:05:00+03:00,3.0,1.0832255096546331e-10,4.522170379819824e-05,0.00019169773139740342,0.999763080456566
2026-07-23 15:10:00+03:00,3.0,2.4264721410736356e-11,6.705028897947386e-05,0.0004296621720530991,0.9995032875144688
2026-07-23 15:15:00+03:00,3.0,5.398993897568004e-11,0.00010550215539724327,0.0011136908897397542,0.998780806901172
2026-07-23 15:20:00+03:00,3.0,2.3407683164373195e-11,3.209058685767857e-05,0.0021201923359786233,0.9978477170533221
2026-07-23 15:25:00+03:00,3.0,2.286756870229152e-11,3.0535256671895616e-05,0.022952707917757383,0.9770167568042286
2026-07-23 15:30:00+03:00,3.0,1.4645005539465455e-10,2.3679149300781365e-05,0.32676652741290946,0.6732097932904437
2026-07-23 15:35:00+03:00,2.0,9.960610272895006e-11,6.466010523338312e-05,0.9250844638549767,0.0748508759398703
2026-07-23 15:40:00+03:00,2.0,2.430072741295739e-10,2.8895740903521087e-06,0.9703171011042018,0.02968000907743733
2026-07-23 15:45:00+03:00,2.0,5.220561392859083e-11,6.209432701408603e-07,0.9989999496701675,0.0009994293327782718
2026-07-23 15:50:00+03:00,2.0,3.4695376516283125e-11,2.7446173992485123e-07,0.9999850658156112,1.465968896278158e-05
2026-07-23 15:55:00+03:00,2.0,5.575645413560434e-12,2.3917278304515064e-07,0.9999933240183073,6.43680312869593e-06
2026-07-23 16:00:00+03:00,2.0,1.3656059520624465e-11,1.624767745469658e-07,0.999996852276533,2.985231916930103e-06
2026-07-23 16:05:00+03:00,2.0,2.7082046539991582e-14,1.4228653728297034e-06,0.9999844013125471,1.4175821984798416e-05
2026-07-23 16:10:00+03:00,2.0,2.347635040967999e-12,3.558233432913077e-07,0.9999765099558774,2.3134219690324146e-05
2026-07-23 16:15:00+03:00,2.0,2.7520607362327903e-12,1.3265274627753868e-07,0.999995130526291,4.736817750120687e-06
2026-07-23 16:20:00+03:00,2.0,5.530617704216393e-13,7.613624912966819e-07,0.9999989914436439,2.471926825179534e-07
2026-07-23 16:25:00+03:00,2.0,5.6370132867122756e-12,6.668871675701118e-08,0.999994705678009,5.227628364659549e-06
2026-07-23 16:30:00+03:00,2.0,4.716334288864412e-09,3.696107988220571e-08,0.999999358926494,5.993974466477638e-07
2026-07-23 16:35:00+03:00,2.0,5.553424308619977e-10,2.011990737042602e-08,0.9999977411233023,2.2382018776960357e-06
2026-07-23 16:40:00+03:00,2.0,3.1926185056966264e-07,4.982453896747191e-09,0.9999987151321944,9.606230709798534e-07
2026-07-23 16:45:00+03:00,2.0,1.7654276477649807e-06,6.865762866289442e-09,0.9999953201040994,2.90760315299959e-06
2026-07-23 16:50:00+03:00,2.0,4.723257286834099e-06,1.4261711239428918e-08,0.9999934075311947,1.8549510315829998e-06
2026-07-23 16:55:00+03:00,2.0,8.76096810986805e-06,2.6672900842614874e-08,0.9999895922515413,1.620108336110435e-06
2026-07-23 17:00:00+03:00,2.0,2.0469338367040956e-05,4.817293548556052e-08,0.9999761157501937,3.3667376391700187e-06
2026-07-23 17:05:00+03:00,2.0,0.00031977692438812407,4.487029815877365e-08,0.9996755877679155,4.590436975129851e-06
2026-07-23 17:10:00+03:00,2.0,0.0034598902642402358,4.46157794134213e-08,0.9965270171786931,1.3047942452908856e-05
2026-07-23 17:15:00+03:00,2.0,0.05398907558128522,1.2223928855499984e-07,0.9459768746272935,3.392755052124727e-05
2026-07-23 17:20:00+03:00,2.0,0.20658404274238054,2.0056831347237127e-07,0.7933144995436884,0.0001012571465485829
2026-07-23 17:25:00+03:00,2.0,0.25183467451703817,1.7295530216455162e-07,0.748131064540049,3.408798641826326e-05
2026-07-23 17:30:00+03:00,2.0,0.2490861749313463,1.0800388290283974e-07,0.7508998269934805,1.389007251527507e-05
2026-07-23 17:35:00+03:00,2.0,0.23936421541530506,1.748794816842857e-07,0.7606252109393056,1.0398764935142523e-05
2026-07-23 17:40:00+03:00,2.0,0.23814037374101588,2.716221465068316e-07,0.7617916120996765,6.774253732270814e-05
2026-07-23 17:45:00+03:00,2.0,0.17647193213691945,6.165942649848416e-08,0.8234843361044245,4.3670100415028594e-05
2026-07-23 17:50:00+03:00,2.0,0.07358427136622504,4.803960405351441e-08,0.9263922427177106,2.343787572474561e-05
2026-07-23 17:55:00+03:00,2.0,0.011824497043579537,1.588721287998043e-08,0.9881698382126437,5.648858107014793e-06
2026-07-24 09:55:00+03:00,2.0,0.0002972766934174199,4.553107170900829e-07,0.9997022673729805,6.218286316762424e-10
2026-07-24 10:00:00+03:00,2.0,1.6185192688528951e-06,8.364638273266402e-09,0.9999971885157225,1.1846020295821555e-06
2026-07-24 10:05:00+03:00,2.0,2.0915473214979553e-05,3.3656196469740916e-06,0.9993388754086292,0.0006368434995716298
2026-07-24 10:10:00+03:00,2.0,0.00012188081425114241,0.00043657303920061015,0.6818533701326127,0.31758817601392364
2026-07-24 10:15:00+03:00,3.0,0.0007304405676815098,8.190512918767455e-05,0.48410898146039705,0.5150786728435295
2026-07-24 10:20:00+03:00,3.0,0.0008160068294558837,9.414588100922793e-05,0.1567014699092822,0.8423883773806837
2026-07-24 10:25:00+03:00,3.0,7.18905250109333e-05,4.08828382570418e-05,0.003208358989154232,0.9966788676483124
2026-07-24 10:30:00+03:00,3.0,7.898902613639152e-06,3.671947849043072e-06,0.0003283957473741455,0.9996600334031336
2026-07-24 10:35:00+03:00,3.0,5.335360008224185e-06,2.641923709068586e-06,0.00013711168649560747,0.9998549110295465
2026-07-24 10:40:00+03:00,3.0,1.4970621201466872e-05,2.6519404200911603e-06,0.00017212949747800725,0.999810247941174
2026-07-24 10:45:00+03:00,3.0,1.747701332330947e-09,7.825891584751473e-06,1.8389393905211656e-06,0.9999903334204382
2026-07-24 10:50:00+03:00,3.0,1.2444840908894365e-07,2.9207782199597687e-06,3.19634882788335e-05,0.9999649912841069
2026-07-24 10:55:00+03:00,3.0,2.499275264547123e-10,6.951459381093025e-06,1.2342428721852693e-05,0.9999807058635786
2026-07-24 11:00:00+03:00,3.0,1.3637590019904614e-07,3.810269496347022e-06,0.0041341989794198486,0.995861854374987
2026-07-24 11:05:00+03:00,3.0,2.3512279998055165e-06,3.5545482828774868e-06,0.07464203120502691,0.9253520630181039
2026-07-24 11:10:00+03:00,3.0,1.0705410660998176e-05,3.5477815242549853e-06,0.4406531334594443,0.5593326133491864
2026-07-24 11:15:00+03:00,2.0,3.906127701791616e-05,4.465597457791877e-06,0.6356341895905484,0.36432228353617824
2026-07-24 11:20:00+03:00,2.0,2.8097526428500278e-05,1.2221034034815085e-05,0.6461405463924228,0.3538191350476286
2026-07-24 11:25:00+03:00,3.0,2.9933714916382826e-06,0.00010563533186338919,0.4481240157211991,0.5517673555745484
2026-07-24 11:30:00+03:00,3.0,6.930501990415846e-05,1.3981023677473541e-06,0.475159799484695,0.524769497391317
2026-07-24 11:35:00+03:00,2.0,0.0017633082711251081,5.180643666147986e-06,0.851685164408445,0.14654634667817207
2026-07-24 11:40:00+03:00,2.0,0.0012961184079045452,2.229825999651114e-06,0.8774922874457552,0.12120936432089996
2026-07-24 11:45:00+03:00,2.0,0.0023276842863753392,2.4881388760101094e-05,0.8441934521327092,0.15345398219094541
2026-07-24 11:50:00+03:00,2.0,0.0013833920283412395,0.00017943432159972771,0.5280336934640812,0.4704034801873682
2026-07-24 11:55:00+03:00,3.0,9.886576130608447e-05,6.823578161235363e-05,0.4006611511948127,0.5991717472628402
2026-07-24 12:00:00+03:00,3.0,0.00016511547664337296,6.376644135703776e-05,0.35425343081658467,0.6455176872659298
2026-07-24 12:05:00+03:00,3.0,6.77146176843446e-05,2.4031839889486214e-05,0.28871521156160834,0.7111930419803183
2026-07-24 12:10:00+03:00,3.0,6.264028782929772e-06,6.085781992438329e-06,0.2868032552364539,0.7131843949511651
2026-07-24 12:15:00+03:00,2.0,0.0003125146580782244,1.9389627989416532e-06,0.5092506374323266,0.4904349089455404
2026-07-24 12:20:00+03:00,2.0,0.00020698688616915302,1.223836490381674e-06,0.667230217319502,0.3325615719590105
2026-07-24 12:25:00+03:00,2.0,0.0001287720683212391,1.1109960331538218e-06,0.7740618603286857,0.22580825660759787
2026-07-24 12:30:00+03:00,2.0,0.00014054589853061415,3.368646821385713e-07,0.8465298883510031,0.15332922888635295
2026-07-24 12:35:00+03:00,2.0,0.0006321812288645332,8.96354739569905e-08,0.9751642048600703,0.024203524275908973
2026-07-24 12:40:00+03:00,2.0,0.0007845528946460469,2.4850997566555898e-08,0.997715075798635,0.001500346457014421
2026-07-24 12:45:00+03:00,2.0,0.0007586451153884496,1.3482720830239747e-08,0.9991555778283715,8.576357470351081e-05
2026-07-24 12:50:00+03:00,2.0,0.00054912327256242,1.4727881730623639e-08,0.9994470643751996,3.7976255901764596e-06
2026-07-24 12:55:00+03:00,2.0,0.00029700696064212774,7.334913559092617e-09,0.9996972097550061,5.775950050125715e-06
2026-07-24 13:00:00+03:00,2.0,5.418732037879105e-05,3.4897125131701925e-08,0.9999227126573205,2.306512572771056e-05
2026-07-24 13:05:00+03:00,2.0,7.235259813040655e-05,2.274198019912724e-09,0.9999251786374012,2.4664913041278908e-06
2026-07-24 13:10:00+03:00,2.0,0.00011957424865046975,1.4378639817470288e-09,0.9998792043247343,1.2199879447276609e-06
2026-07-24 13:15:00+03:00,2.0,0.00022507737696124768,4.857783907815111e-09,0.9997744757906075,4.419745250998088e-07
2026-07-24 13:20:00+03:00,2.0,0.00022564022851723344,1.891803547981068e-09,0.9997735595108204,7.983697719475616e-07
2026-07-24 13:25:00+03:00,2.0,0.0004092747370305252,2.5010180681151354e-09,0.9995889027656796,1.8199949689413601e-06
2026-07-24 13:30:00+03:00,2.0,0.0007035404747167494,2.828584836170137e-09,0.9992912737806884,5.182917773309576e-06
2026-07-24 13:35:00+03:00,2.0,0.0010721957761672051,5.637634092727906e-09,0.9989274532742665,3.4531301462263554e-07
2026-07-24 13:40:00+03:00,2.0,0.0011997345859847065,2.2719311307691765e-09,0.9987983707578237,1.8923850975207056e-06
2026-07-24 13:45:00+03:00,2.0,0.0010784446750902483,2.4809467538621315e-09,0.9989200939649421,1.4588783100199597e-06
2026-07-24 13:50:00+03:00,2.0,0.0007648278143058563,1.1211239037097123e-08,0.9992345421528995,6.188232518750948e-07
2026-07-24 13:55:00+03:00,2.0,0.00010631612428710566,1.0330953366277823e-08,0.9998880911929747,5.58235161761636e-06
2026-07-24 14:00:00+03:00,2.0,7.503737906407868e-05,2.231278375300114e-09,0.9999215073724133,3.4530161125214744e-06
2026-07-24 14:05:00+03:00,2.0,6.473704364161985e-05,2.3890743282113786e-09,0.9999347953757634,4.651931080701472e-07
2026-07-24 14:10:00+03:00,2.0,0.00011442534765155517,3.770160916605322e-09,0.9998853244561413,2.4642538236260326e-07
2026-07-24 14:15:00+03:00,2.0,5.8871742154567205e-05,1.3339279061917342e-09,0.9999401375954519,9.893302391512607e-07
2026-07-24 14:20:00+03:00,2.0,5.2658318592885116e-05,1.0799782895077052e-09,0.9999465628842678,7.777163676163965e-07
2026-07-24 14:25:00+03:00,2.0,3.052275693396878e-05,1.2904977271485306e-09,0.9999687426544683,7.33298969015886e-07
2026-07-24 14:30:00+03:00,2.0,4.605271477789025e-05,1.6822295538682654e-09,0.9999528824487527,1.0631528103770372e-06
2026-07-24 14:35:00+03:00,2.0,3.309180812488559e-05,1.1239434113049252e-09,0.9999661336246812,7.734434892749806e-07
2026-07-24 14:40:00+03:00,2.0,7.477803352297485e-05,1.9878226523069905e-09,0.9999242241436573,9.958342441759774e-07
2026-07-24 14:45:00+03:00,2.0,0.00016886120780639017,2.5700186627148e-09,0.9998301841072533,9.521140831684308e-07
2026-07-24 14:50:00+03:00,2.0,0.0002073283209296502,2.474789361986916e-09,0.9997923102319172,3.5897198264675326e-07
2026-07-24 14:55:00+03:00,2.0,0.00017372507219843902,2.669476221790326e-09,0.9998256396423706,6.326163705928667e-07
2026-07-24 15:00:00+03:00,2.0,9.00520013481549e-05,2.2221584840734434e-09,0.9999093398099509,6.059665344466613e-07
2026-07-24 15:05:00+03:00,2.0,8.775081730555223e-05,3.5756572382692132e-09,0.9999120953619568,1.5024577220301432e-07
2026-07-24 15:10:00+03:00,2.0,3.654062433953196e-05,2.7219985593375802e-09,0.9999631034410702,3.532119982608921e-07
2026-07-24 15:15:00+03:00,2.0,9.315845518300587e-06,2.935194273990179e-09,0.9999900602472876,6.20971732218437e-07
2026-07-24 15:20:00+03:00,2.0,1.8173059938618058e-05,1.512480891316581e-09,0.9999813299724617,4.954561073682281e-07
2026-07-24 15:25:00+03:00,2.0,1.9425106515217e-05,1.4128032071593548e-09,0.9999803609789876,2.1250052917281467e-07
2026-07-24 15:30:00+03:00,2.0,1.0003811059399469e-05,1.7631702616098965e-09,0.9999897025102614,2.919165699593304e-07
2026-07-24 15:35:00+03:00,2.0,1.5158890045681006e-06,3.305003420248891e-08,0.9999965517477329,1.8993123313126885e-06
2026-07-24 15:40:00+03:00,2.0,3.9012330025156754e-06,2.0777115953682852e-09,0.999995175116781,9.215714401266102e-07
2026-07-24 15:45:00+03:00,2.0,6.906763770206481e-06,3.446186084836006e-09,0.9999899086796946,3.1811098383505385e-06
2026-07-24 15:50:00+03:00,2.0,4.190825872633867e-06,1.562865278080439e-09,0.9999939867119602,1.8209001794904773e-06
2026-07-24 15:55:00+03:00,2.0,2.7571512051202786e-06,1.8575180167254785e-09,0.9999951226537431,2.1183387660422554e-06
2026-07-24 16:00:00+03:00,2.0,3.1001801605924458e-06,2.3142669864153753e-09,0.9999956084053362,1.2891017410931503e-06
2026-07-24 16:05:00+03:00,2.0,3.836914268280563e-06,1.5048970777135585e-09,0.9999954133996336,7.481822230821855e-07
2026-07-24 16:10:00+03:00,2.0,8.495164015089144e-06,5.263719910789144e-09,0.9999905745906651,9.249823516318746e-07
2026-07-24 16:15:00+03:00,2.0,1.1670636516092075e-05,1.4435960407650252e-09,0.9999860517263718,2.2761932049302135e-06
2026-07-24 16:20:00+03:00,2.0,1.2177669344810574e-05,1.0966645706037046e-09,0.9999866880729511,1.1331606365494937e-06
2026-07-24 16:25:00+03:00,2.0,4.436674592177573e-06,2.6390047582970057e-09,0.9999940329285661,1.527757768886522e-06
2026-07-24 16:30:00+03:00,2.0,1.3884275374425951e-05,4.309537466172521e-09,0.9999850796761036,1.0317399177623236e-06
2026-07-24 16:35:00+03:00,2.0,7.699387648404057e-06,1.3038252180603533e-09,0.9999910430634421,1.256246720015586e-06
2026-07-24 16:40:00+03:00,2.0,5.209333320948711e-06,1.4940235757924774e-09,0.9999934012811884,1.3878898088000378e-06
2026-07-24 16:45:00+03:00,2.0,1.3781224841544765e-05,1.3174740236111189e-08,0.9999716457041299,1.4559896756089468e-05
2026-07-24 16:50:00+03:00,2.0,9.575906476367154e-06,1.646560134682017e-09,0.999988146545769,2.2758996515200103e-06
2026-07-24 16:55:00+03:00,2.0,5.667041295653972e-06,2.424457549349502e-09,0.9999912450858921,3.0854489008841733e-06
2026-07-24 17:00:00+03:00,2.0,1.6218661342604333e-05,4.776380651134891e-09,0.9999776802086469,6.0963527996270926e-06
2026-07-24 17:05:00+03:00,2.0,2.6528186321627158e-05,2.4037916865885747e-09,0.9999674265630524,6.042846498018392e-06
2026-07-24 17:10:00+03:00,2.0,3.912797641890231e-05,2.755944127120878e-09,0.999952989338453,7.879928705277009e-06
2026-07-24 17:15:00+03:00,2.0,2.5131574944804572e-05,1.6893958592635978e-09,0.9999705708179499,4.295915926612347e-06
2026-07-24 17:20:00+03:00,2.0,1.575470235788885e-05,2.5069504411510444e-09,0.9999790336675405,5.209122335495373e-06
2026-07-24 17:25:00+03:00,2.0,3.125780456733901e-05,2.5888018984876673e-08,0.9999683384295323,3.7787623414905757e-07
2026-07-24 17:30:00+03:00,2.0,3.0176205011737394e-05,5.46429913232227e-09,0.9999680925827389,1.7257491495669064e-06
2026-07-24 17:35:00+03:00,2.0,3.9164764674629585e-05,1.711778922874379e-09,0.9999589374447051,1.8960797753988644e-06
2026-07-24 17:40:00+03:00,2.0,4.38708253805754e-05,1.6179597733192656e-09,0.9999544963814947,1.631174276751861e-06
2026-07-24 17:45:00+03:00,2.0,5.245381712949305e-05,1.7179056388673264e-09,0.9999462855141588,1.2589491653924211e-06
2026-07-24 17:50:00+03:00,2.0,8.00041568005653e-05,2.164934835560411e-07,0.9999193111211617,4.68226977217165e-07
2026-07-24 17:55:00+03:00,2.0,0.00045392606093588443,0.0004176254976671757,0.9991107909134563,1.7657529666292184e-05
2026-07-27 09:55:00+03:00,1.0,4.604055102310164e-191,1.0,3.765479053820777e-157,1.754071464882255e-36
2026-07-27 10:00:00+03:00,1.0,7.508263584912253e-223,1.0,1.620230698956795e-157,1.725821821917496e-30
2026-07-27 10:05:00+03:00,1.0,1.2173928319618725e-166,1.0,3.1537465605262745e-115,2.6420891127628057e-20
2026-07-27 10:10:00+03:00,1.0,3.250591173379425e-162,1.0,2.390761750636437e-118,1.7779192698244743e-21
2026-07-27 10:15:00+03:00,1.0,2.338433158564827e-169,1.0,5.219006547099671e-124,1.077882830850395e-22
2026-07-27 10:20:00+03:00,1.0,2.6240515563180025e-177,1.0,4.210496220022973e-128,5.397288188450786e-24
2026-07-27 10:25:00+03:00,1.0,2.0535832506685846e-174,1.0,3.416098199319499e-125,3.7630103984723087e-23
2026-07-27 10:30:00+03:00,1.0,4.2113250012103007e-200,1.0,7.828020998574907e-145,2.264257671934624e-28
2026-07-27 10:35:00+03:00,1.0,5.204942417106987e-197,1.0,2.199900366151493e-138,9.849982459717678e-27
2026-07-27 10:40:00+03:00,1.0,1.0936751242729746e-210,1.0,1.8421020574197864e-149,8.2430664963993e-30
2026-07-27 10:45:00+03:00,1.0,4.033949966768998e-131,1.0,1.4138139127557664e-83,4.033346829647219e-15
2026-07-27 10:50:00+03:00,1.0,1.275818138358369e-69,0.9999999697756725,3.426231121438894e-47,3.0222546448626024e-08
2026-07-27 10:55:00+03:00,1.0,8.896901068389047e-72,0.9999999998472049,1.06993125935847e-52,1.5269396887916404e-10
2026-07-27 11:00:00+03:00,1.0,2.20500103477736e-83,0.999999999992724,3.1976044832909653e-62,8.63254543860896e-12
2026-07-27 11:05:00+03:00,1.0,5.551655143163535e-55,0.9981597718924062,5.025178432173496e-39,0.0018402281073055225
2026-07-27 11:10:00+03:00,3.0,1.8400730549493654e-32,0.09642844949399955,2.172685540420578e-26,0.9035715505046245
2026-07-27 11:15:00+03:00,3.0,1.0776432828805162e-25,0.0009220732736037341,1.443735408751346e-23,0.9990779267249597
2026-07-27 11:20:00+03:00,3.0,3.1894571011110374e-19,1.7356745350370492e-06,1.5922205774465296e-19,0.9999982643254554
2026-07-27 11:25:00+03:00,3.0,1.936323301769854e-15,1.1027387197582547e-07,1.0906790370101028e-18,0.9999998897255925
2026-07-27 11:30:00+03:00,3.0,3.3843509200303707e-13,3.965801687097615e-08,1.358061187073612e-17,0.9999999603423938
2026-07-27 11:35:00+03:00,3.0,7.147275979920134e-14,3.86989456861776e-08,8.374139227026532e-20,0.9999999612991822
2026-07-27 11:40:00+03:00,3.0,1.8759507287587242e-10,2.703605888985493e-08,3.1249108946122806e-19,0.9999999727770049
2026-07-27 11:45:00+03:00,3.0,0.0003382105321535116,2.2835943087413182e-07,3.832678520261329e-15,0.9996615611087032
2026-07-27 11:50:00+03:00,3.0,0.2939894190068994,1.7938369696122076e-09,2.6604962771008017e-15,0.7060105791975656
2026-07-27 11:55:00+03:00,0.0,0.8051918008891265,1.1436630860162108e-11,1.1374227541941505e-15,0.1948081990990541
2026-07-27 12:00:00+03:00,0.0,0.9984639701441577,1.5895947310612163e-13,1.7461179590894423e-18,0.0015360298572262517
2026-07-27 12:05:00+03:00,0.0,0.9999911502300677,8.892003867911549e-19,2.2381508706146466e-26,8.84976857216766e-06
2026-07-27 12:10:00+03:00,0.0,0.9999997569066477,3.6407790168558105e-24,3.0882981802385174e-37,2.4309160655247855e-07
2026-07-27 12:15:00+03:00,0.0,0.9999999970532372,8.21226589998219e-29,1.0970095976301254e-44,2.946413918088396e-09
2026-07-27 12:20:00+03:00,0.0,0.9999999997016857,7.197361400895275e-30,2.4295566924856023e-50,2.9920924398678113e-10
2026-07-27 12:25:00+03:00,0.0,0.9999999965330062,1.6634964674325994e-28,1.0797473552882202e-46,3.4687399729931227e-09
2026-07-27 12:30:00+03:00,0.0,0.9999999980718712,1.0383512272855198e-29,2.9076001861083043e-50,1.9267307079458703e-09
2026-07-27 12:35:00+03:00,0.0,0.9999999981955625,4.736403414117825e-28,8.617477109939109e-45,1.8041325950643968e-09
2026-07-27 12:40:00+03:00,0.0,0.9999999957399268,1.859599829500364e-28,3.69214392832541e-43,4.260483020947019e-09
2026-07-27 12:45:00+03:00,0.0,0.9999999996871338,3.7126728112806996e-31,2.3311139316453134e-55,3.1255610952690924e-10
2026-07-27 12:50:00+03:00,0.0,0.9999999954416126,2.3580472127737887e-29,2.3703126886518138e-48,4.560050496662889e-09
2026-07-27 12:55:00+03:00,0.0,0.9999999992905941,2.8754811812964098e-31,2.60366544449828e-50,7.096461392921043e-10
2026-07-27 13:00:00+03:00,0.0,0.9999999998872227,3.692577924379168e-32,1.033930588287738e-51,1.11256821789059e-10
2026-07-27 13:05:00+03:00,0.0,0.9999999999381544,1.4494689284272967e-31,8.738093045130387e-52,6.126913948462916e-11
2026-07-27 13:10:00+03:00,0.0,0.9999999996944098,2.427909924693899e-30,1.1373710526179582e-48,3.0692479601344387e-10
2026-07-27 13:15:00+03:00,0.0,0.9999999994361133,3.0846395579903945e-31,6.022609189213361e-48,5.638491853841387e-10
2026-07-27 13:20:00+03:00,0.0,0.999999999992724,5.3967305769207456e-37,8.826273756963627e-61,8.851843040416338e-12
2026-07-27 13:25:00+03:00,0.0,1.0,1.0679356910465094e-39,1.4241937610649797e-67,1.046316214143431e-12
2026-07-27 13:30:00+03:00,0.0,1.0,4.407859979129041e-39,1.317311105524359e-67,3.5814274945732166e-13
2026-07-27 13:35:00+03:00,0.0,1.0,5.643559190926533e-41,5.566264238351334e-70,1.4790663328660954e-12
2026-07-27 13:40:00+03:00,0.0,1.0,1.8315751230960948e-45,1.1143914772540113e-78,1.193923216452326e-13
2026-07-27 13:45:00+03:00,0.0,1.0,8.602324595730737e-46,6.228197052746405e-93,2.2364782488091296e-15
2026-07-27 13:50:00+03:00,0.0,0.9999999999490683,1.3213694750694805e-33,9.673418064577992e-60,5.038200384363754e-11
2026-07-27 13:55:00+03:00,0.0,0.9999999999890861,1.888133098503389e-38,2.442488423885598e-67,9.452812676076355e-12
2026-07-27 14:00:00+03:00,0.0,0.999999999996362,6.240203426589498e-39,5.2731596967187356e-70,2.7695453147789466e-12
2026-07-27 14:05:00+03:00,0.0,0.999999999992724,4.0063481368521776e-38,2.5656419325485616e-67,5.512188415459562e-12
2026-07-27 14:10:00+03:00,0.0,0.999999999992724,7.370625866838325e-37,5.418846176577755e-65,5.677916895768979e-12
2026-07-27 14:15:00+03:00,0.0,0.9999999999781721,6.535800348280846e-33,2.149450166670706e-62,2.346962197834689e-11
2026-07-27 14:20:00+03:00,0.0,0.9999999792999008,1.5613240673321851e-26,2.838959728901341e-47,2.0699576443539178e-08
2026-07-27 14:25:00+03:00,0.0,0.9999999922183633,4.6919220577295165e-26,3.1085116368806754e-45,7.783004390673385e-09
2026-07-27 14:30:00+03:00,0.0,0.9999999776300685,7.9961069157918685e-25,2.9417184323555665e-43,2.2371307388258192e-08
2026-07-27 14:35:00+03:00,0.0,0.9999997523373474,2.775696359860074e-20,1.5212000564577745e-41,2.4766328892509116e-07
2026-07-27 14:40:00+03:00,0.0,0.9964014765689433,1.4510130648488672e-12,2.3204771023693396e-27,0.003598523431145198
2026-07-27 14:45:00+03:00,0.0,0.9475922036490786,8.556114865207771e-11,1.648064831488149e-22,0.0524077962638382
2026-07-27 14:50:00+03:00,0.0,0.8438109618545901,1.341322961573128e-10,7.958536443902599e-22,0.1561890380126948
2026-07-27 14:55:00+03:00,3.0,0.06511651270616145,3.6247361240097464e-08,2.1503023532880233e-16,0.934883451045374
2026-07-27 15:00:00+03:00,3.0,0.00016042246232297744,1.246527031602443e-08,6.693074111594007e-18,0.9998395650726523
2026-07-27 15:05:00+03:00,3.0,4.696192537008303e-06,5.844529745554002e-09,5.60344382070932e-17,0.9999952979634642
2026-07-27 15:10:00+03:00,3.0,1.4350719568648618e-05,6.71666981929138e-09,1.0642142010931374e-17,0.9999856425650483
2026-07-27 15:15:00+03:00,3.0,4.654656632826046e-07,9.001483713653405e-08,1.4903440589342764e-14,0.9999994445208082
2026-07-27 15:20:00+03:00,3.0,3.867910319885868e-07,2.9368509661456408e-08,1.1159247998124882e-14,0.9999995838407769
2026-07-27 15:25:00+03:00,3.0,3.3441480575043525e-07,6.448277908054222e-08,1.4067958407902918e-13,0.9999996011029794
2026-07-27 15:30:00+03:00,3.0,2.758177032209592e-06,9.995458404827364e-08,1.3248497913538002e-13,0.9999971418696905
2026-07-27 15:35:00+03:00,3.0,2.6442964012757658e-06,1.918161547645458e-07,5.3384147432874926e-14,0.9999971638866755
2026-07-27 15:40:00+03:00,3.0,1.979267612350332e-08,5.543227923098988e-07,1.3952203522964507e-12,0.9999994258834533
2026-07-27 15:45:00+03:00,3.0,6.31331529639915e-08,1.2570563384134525e-07,3.4084262402358154e-13,0.999999811159814
2026-07-27 15:50:00+03:00,3.0,2.2484603751336267e-06,1.8359144628677645e-07,2.547950430227725e-13,0.9999975679486413
2026-07-27 15:55:00+03:00,3.0,9.16347252645028e-06,2.2486243374980513e-07,2.759274139765336e-13,0.9999906116649584
2026-07-27 16:00:00+03:00,3.0,4.598290874904774e-14,1.5627453118386953e-05,4.5557254560869013e-11,0.9999843725002048
2026-07-27 16:05:00+03:00,3.0,1.9448831179436205e-10,4.349074429666244e-06,1.080630462902794e-09,0.9999956496489216
2026-07-27 16:10:00+03:00,3.0,1.9304960272211656e-10,1.1260345359913269e-05,4.591091767410003e-09,0.999988734869263
2026-07-27 16:15:00+03:00,3.0,5.760559490256818e-12,6.527600190218492e-05,4.3134690764190216e-08,0.9999346808560268
2026-07-27 16:20:00+03:00,3.0,1.496566260428596e-15,0.0053260362817834205,3.416844600458338e-07,0.9946736220331697
2026-07-27 16:25:00+03:00,3.0,6.737751360909881e-17,0.05440520326715889,1.7630422549733216e-05,0.9455771663095635
2026-07-27 16:30:00+03:00,3.0,1.7548190112648033e-15,0.17141646246468634,0.008993449553807906,0.8195900879800252
2026-07-27 16:35:00+03:00,3.0,5.130775851000194e-14,0.36615004672489665,0.024906353787832566,0.6089435994873439
2026-07-27 16:40:00+03:00,1.0,1.1191171998679456e-20,0.9419103146760731,2.3866358050310268e-05,0.058065818967164624
2026-07-27 16:45:00+03:00,1.0,8.920842335730488e-27,0.9984056891945892,3.4367087862662966e-08,0.0015942764383524938
2026-07-27 16:50:00+03:00,1.0,3.1090839388444192e-28,0.9998721962295974,2.3232732030118163e-08,0.00012778053873581033
2026-07-27 16:55:00+03:00,1.0,5.586544922777983e-26,0.9982241304271947,4.309541015752925e-09,0.0017758652646601718
2026-07-27 17:00:00+03:00,1.0,1.197511119364796e-23,0.9908957109935166,3.456599816569635e-08,0.009104254441410933
2026-07-27 17:05:00+03:00,1.0,9.296326090303005e-21,0.9673490303221155,1.2136481848914046e-07,0.032650848312357365
2026-07-27 17:10:00+03:00,1.0,4.367804273863029e-21,0.9472341740896819,6.567142423771675e-07,0.05276516919687339
2026-07-27 17:15:00+03:00,1.0,8.199345292528517e-20,0.9065160047579747,1.6907386100705702e-07,0.09348382616832347
2026-07-27 17:20:00+03:00,1.0,9.404366929189633e-21,0.8875718857751451,1.1213402845003934e-06,0.11242699288376415
2026-07-27 17:25:00+03:00,1.0,9.420229995867638e-19,0.8671874421593381,0.0003974389939545125,0.13241511884538215
2026-07-27 17:30:00+03:00,1.0,1.29210464298536e-16,0.8601921309543726,0.02663694758237454,0.11317092146173294
2026-07-27 17:35:00+03:00,1.0,1.533505260979225e-17,0.854085993458492,0.09235033963526842,0.05356366690454528
2026-07-27 17:40:00+03:00,1.0,1.2253314491809284e-16,0.8416682280132353,0.14985365208256632,0.008478119902845412
2026-07-27 17:45:00+03:00,1.0,6.471659832433948e-18,0.838020375501204,0.16111493813917674,0.0008646863578256245
2026-07-27 17:50:00+03:00,1.0,4.271120790490363e-18,0.8393166444192419,0.16041240584450095,0.00027094973767506327
2026-07-27 17:55:00+03:00,1.0,1.9250642118832857e-17,0.8567599842009136,0.14315378444043228,8.623136001096296e-05
2026-07-28 09:55:00+03:00,1.0,1.2096751169252304e-16,0.9987813994923087,0.0012185929429875213,7.56638955911474e-09
2026-07-28 10:00:00+03:00,1.0,1.3294563795817906e-47,0.9999674361851929,1.5986365508032574e-35,3.256381378823815e-05
2026-07-28 10:05:00+03:00,1.0,1.9706549189352528e-29,0.9208259617481008,9.154117375151888e-18,0.07917403825232348
2026-07-28 10:10:00+03:00,1.0,2.7768362849958157e-28,0.9286162419683507,6.670647837784373e-18,0.07138375803217951
2026-07-28 10:15:00+03:00,1.0,2.5767177241450454e-41,0.994437707212896,9.208325728099746e-32,0.005562292786733886
2026-07-28 10:20:00+03:00,1.0,1.1611221536289463e-36,0.9960838508623362,1.3856134067653926e-26,0.003916149135957576
2026-07-28 10:25:00+03:00,1.0,3.332562642498451e-40,0.998637937251503,1.9337790228292373e-28,0.0013620627487813243
2026-07-28 10:30:00+03:00,1.0,2.1545293151594367e-39,0.998519962660282,6.60198085151707e-29,0.0014800373400179311
2026-07-28 10:35:00+03:00,1.0,1.8161726253431735e-38,0.9982801922276899,2.505317206300014e-28,0.001719807771164978
2026-07-28 10:40:00+03:00,1.0,5.80649731930756e-40,0.9991342034236511,1.1577728180144458e-30,0.0008657965778830163
2026-07-28 10:45:00+03:00,1.0,5.52604574865897e-51,0.9999159795599394,3.169833692057138e-38,8.402044068280142e-05
2026-07-28 10:50:00+03:00,1.0,1.0397851680979582e-32,0.9906578571877598,1.7287267193607011e-22,0.009342142811638473
2026-07-28 10:55:00+03:00,1.0,1.9716860464673936e-43,0.9911317750070797,1.5605454813013477e-34,0.00886822499471551
2026-07-28 11:00:00+03:00,1.0,3.6890597836835824e-37,0.7991381857127355,2.770395565038836e-28,0.20086181428740404
2026-07-28 11:05:00+03:00,3.0,4.877492667052953e-29,0.26341610944464594,4.0085088029878546e-22,0.7365838905550871
2026-07-28 11:10:00+03:00,3.0,4.482687629980057e-23,0.008859246325657658,2.8073270373835645e-17,0.9911407536745888
2026-07-28 11:15:00+03:00,3.0,4.654605107981487e-19,7.022098937342545e-05,1.2423623025084043e-14,0.9999297790118051
2026-07-28 11:20:00+03:00,3.0,4.9336538088862626e-18,6.2358902999160335e-06,2.0728869282755916e-14,0.9999937641090383
2026-07-28 11:25:00+03:00,3.0,9.66591309965528e-17,4.344966212407774e-06,4.943992975982916e-13,0.999995655033107
2026-07-28 11:30:00+03:00,3.0,1.4124064687155908e-13,2.0223054560107704e-06,5.259561821543539e-11,0.9999979776423501
2026-07-28 11:35:00+03:00,3.0,9.298614023214031e-12,1.502546037570886e-06,2.851412144606694e-10,0.9999984971593601
2026-07-28 11:40:00+03:00,3.0,1.5469438833464583e-06,1.738871284604916e-05,1.2746130513845031e-07,0.9999809368817161
2026-07-28 11:45:00+03:00,3.0,0.17639497575136237,3.5910223588802e-05,0.000580417724564545,0.8229886962988842
2026-07-28 11:50:00+03:00,3.0,0.32478040155358634,3.2827998504018046e-07,0.0008964821792317078,0.6743227879859216
2026-07-28 11:55:00+03:00,0.0,0.9451552074937394,9.283867763058938e-09,0.00021672922521973525,0.0546280539972887
2026-07-28 12:00:00+03:00,0.0,0.9981222380987697,5.5083200235437454e-12,2.7423965005748685e-05,0.001850337930352811
2026-07-28 12:05:00+03:00,0.0,0.9999994513529287,1.861573952272821e-13,1.020781935469385e-07,4.4656900943143656e-07
2026-07-28 12:10:00+03:00,0.0,0.9999999603496698,1.6243572572983797e-13,4.376622551939703e-10,3.9213628400011584e-08
2026-07-28 12:15:00+03:00,0.0,0.9999991137305476,1.9676443185341643e-14,4.248730076221876e-09,8.820213829011273e-07
2026-07-28 12:20:00+03:00,0.0,0.9999998914609082,6.941278742318205e-13,6.594836596329303e-10,1.0787728568666651e-07
2026-07-28 12:25:00+03:00,0.0,0.9999972795631662,7.919951104756787e-15,2.5886288418580684e-11,2.720412753702969e-06
2026-07-28 12:30:00+03:00,0.0,0.9999999690553527,1.358964748643142e-15,9.80579029132479e-14,3.09440901074137e-08
2026-07-28 12:35:00+03:00,0.0,0.9999997590639685,1.2026327303975543e-16,2.055332368660706e-13,2.40936962654065e-07
2026-07-28 12:40:00+03:00,0.0,0.9999999807441784,3.871788157914636e-16,1.031200882456201e-14,1.9255458404767674e-08
2026-07-28 12:45:00+03:00,0.0,0.9999999055762645,3.5185852694798776e-16,1.594551208961803e-14,9.442382353835058e-08
2026-07-28 12:50:00+03:00,0.0,0.9999998837665839,3.545874787540754e-16,1.4891303027909248e-14,1.1623210103914082e-07
2026-07-28 12:55:00+03:00,0.0,0.9999998204912278,1.8012566370148138e-16,2.430888093105263e-14,1.7950738569215455e-07
2026-07-28 13:00:00+03:00,0.0,0.9999999523970484,5.0950465413443064e-17,9.129537827233487e-16,4.760277143364193e-08
2026-07-28 13:05:00+03:00,0.0,0.9999999547217168,7.316147011753789e-17,8.972870311286773e-16,4.5278986075212436e-08
2026-07-28 13:10:00+03:00,0.0,0.999999933956135,7.686194325916926e-18,9.461316755777218e-16,6.604279349813003e-08
2026-07-28 13:15:00+03:00,0.0,0.9999999932115315,5.40593515301235e-16,6.838023437460823e-16,6.788080411151888e-09
2026-07-28 13:20:00+03:00,0.0,0.9999999088286172,1.2180820039985755e-15,1.9840623646167488e-13,9.116970008754627e-08
2026-07-28 13:25:00+03:00,0.0,0.9999999520805443,2.1511131505253105e-16,8.091325228745367e-16,4.791836284818622e-08
2026-07-28 13:30:00+03:00,0.0,0.9999999305000553,8.413802828848751e-16,1.2045990568076607e-13,6.949819094501966e-08
2026-07-28 13:35:00+03:00,0.0,0.9999999502397271,1.2968937611281953e-15,8.838787608566468e-16,4.9761388035165714e-08
2026-07-28 13:40:00+03:00,0.0,0.9999997292834817,5.402990571130829e-15,3.2557517873039323e-12,2.7071426802224927e-07
2026-07-28 13:45:00+03:00,0.0,0.9999999353494807,7.208708949480222e-16,1.5183441578824746e-14,6.465103205433201e-08
2026-07-28 13:50:00+03:00,0.0,0.9999998723215039,3.2288509525452516e-15,2.6970002475821366e-12,1.2767605896471675e-07
2026-07-28 13:55:00+03:00,0.0,0.999999902280256,1.6111490567284708e-12,4.491152748083033e-12,9.771345481115251e-08
2026-07-28 14:00:00+03:00,0.0,0.9999643563810091,6.88022515699577e-10,1.5151903089842198e-13,3.56429318792815e-05
2026-07-28 14:05:00+03:00,0.0,0.9449945285837502,7.769488140720516e-05,7.418041182309993e-05,0.0548535961214144
2026-07-28 14:10:00+03:00,0.0,0.9449666669002861,4.0708652315748784e-07,0.0020739806889171187,0.05295894532386072
2026-07-28 14:15:00+03:00,0.0,0.594218323570373,2.1333311161343972e-06,0.3572013967521828,0.04857814634466926
2026-07-28 14:20:00+03:00,2.0,0.03259815914720232,5.442355308541506e-07,0.9520657556334836,0.015335540984309264
2026-07-28 14:25:00+03:00,2.0,0.0003704647594328705,4.481459050269863e-08,0.9989127422976761,0.0007167481272065441
2026-07-28 14:30:00+03:00,2.0,1.500231139309788e-06,1.1280210744254677e-08,0.9999550411660065,4.344732298493189e-05
2026-07-28 14:35:00+03:00,2.0,3.9040812805936065e-07,1.779745665958824e-08,0.9999927085311612,6.883264498195086e-06
2026-07-28 14:40:00+03:00,2.0,8.691586234276906e-07,1.7084281581754483e-08,0.9999546971669803,4.441659190647544e-05
2026-07-28 14:45:00+03:00,2.0,1.0414823225794984e-06,9.37004669059589e-09,0.9999674391391354,3.151000677933458e-05
2026-07-28 14:50:00+03:00,2.0,1.963597178152637e-06,1.0680403466133098e-08,0.9999950837348365,2.941987050798778e-06
2026-07-28 14:55:00+03:00,2.0,3.256915084490689e-08,2.66730157635931e-08,0.9999926410580625,7.299698341464324e-06
2026-07-28 15:00:00+03:00,2.0,1.9046587115106355e-07,3.7974679135440555e-09,0.9999967183738776,3.0873626028132668e-06
2026-07-28 15:05:00+03:00,2.0,5.078294019250767e-07,4.024684621530712e-09,0.9999948139000354,4.674246995034566e-06
2026-07-28 15:10:00+03:00,2.0,1.4181878083487948e-07,4.082204421802535e-09,0.9999967270577045,3.1270411379870737e-06
2026-07-28 15:15:00+03:00,2.0,5.323016530722265e-08,2.607109171681945e-08,0.9999965634474325,3.3572516181945623e-06
2026-07-28 15:20:00+03:00,2.0,1.5460609672036998e-10,8.44683958122149e-06,0.9994206152669093,0.0005709377391694127
2026-07-28 15:25:00+03:00,2.0,6.471563853331487e-09,5.9198464432461e-06,0.9978450121931504,0.002149061487920181
2026-07-28 15:30:00+03:00,2.0,4.94904894399047e-10,0.0003082111563335609,0.9731390317492633,0.02655275659868285
2026-07-28 15:35:00+03:00,2.0,1.8016563445882695e-09,0.0006393864763923945,0.8232974394965173,0.1760631722253502
2026-07-28 15:40:00+03:00,2.0,5.998843066928115e-09,1.8910608911153958e-05,0.8313897459176426,0.16859133747456467
2026-07-28 15:45:00+03:00,2.0,6.210557725134186e-10,3.258131297605446e-05,0.8390698333464127,0.16089758471932974
2026-07-28 15:50:00+03:00,2.0,1.785963649972814e-09,2.0921988738223486e-05,0.8468245774899266,0.15315449873593226
2026-07-28 15:55:00+03:00,2.0,8.172974941348183e-09,0.00016825204706934888,0.8300172304525069,0.16981450932585618
2026-07-28 16:00:00+03:00,2.0,5.833619264595137e-09,0.00023641502088875215,0.6206073124360716,0.3791562667093902
2026-07-28 16:05:00+03:00,2.0,2.2313875640011044e-09,1.9556221584086038e-05,0.6193261143801253,0.38065432716579145
2026-07-28 16:10:00+03:00,2.0,1.396674979660308e-09,6.853682547178458e-06,0.6839876716348156,0.3160054732853861
2026-07-28 16:15:00+03:00,2.0,1.9353415561981804e-08,3.268390896594131e-06,0.8789758013366452,0.12102091092062633
2026-07-28 16:20:00+03:00,2.0,1.7445886542025108e-08,1.7869247235283588e-07,0.9864056115548866,0.013594192305386901
2026-07-28 16:25:00+03:00,2.0,2.2738651674290696e-09,3.238648094348739e-08,0.9996615157584621,0.0003384495802354091
2026-07-28 16:30:00+03:00,2.0,2.455201955625063e-10,7.887089776918399e-08,0.9999600264113465,3.989447317937318e-05
2026-07-28 16:35:00+03:00,2.0,1.4437359607157154e-10,5.611971005180223e-08,0.9999922714094625,7.67232758376784e-06
2026-07-28 16:40:00+03:00,2.0,2.604464069793907e-11,9.025300406409368e-08,0.9999905028140224,9.406906435723089e-06
2026-07-28 16:45:00+03:00,2.0,5.097185703550121e-14,2.4946251686369214e-06,0.9999004218658532,9.708350759646905e-05
2026-07-28 16:50:00+03:00,2.0,7.933473921151157e-13,3.764018255020125e-07,0.9999976097452791,2.013851858113089e-06
2026-07-28 16:55:00+03:00,2.0,2.83198378195727e-12,1.354557478097411e-07,0.9999948672907368,4.997250976225628e-06
2026-07-28 17:00:00+03:00,2.0,2.8828015805084463e-11,3.711968300516981e-07,0.9999436813157243,5.594745941770983e-05
2026-07-28 17:05:00+03:00,2.0,8.199386702716587e-11,2.900766925396414e-07,0.999893475366476,0.00010623447634382974
2026-07-28 17:10:00+03:00,2.0,2.1827313654922176e-11,1.817675204516428e-07,0.9999438577696016,5.596044210124829e-05
2026-07-28 17:15:00+03:00,2.0,3.608015992461729e-11,5.161902762843951e-08,0.999989658996846,1.028934693230895e-05
2026-07-28 17:20:00+03:00,2.0,5.488429047794983e-11,1.417811971778507e-07,0.9999976455610954,2.2126019677221085e-06
2026-07-28 17:25:00+03:00,2.0,3.44754686652704e-09,4.850231360377967e-07,0.9996852000437635,0.0003143114867760854
2026-07-28 17:30:00+03:00,2.0,4.1109136466933366e-09,4.488551829807906e-08,0.9999194471160345,8.050388622732405e-05
2026-07-28 17:35:00+03:00,2.0,2.7134044511228003e-10,1.5294865256749745e-07,0.9999455953686823,5.4251409994827015e-05
2026-07-28 17:40:00+03:00,2.0,8.077766522108993e-11,1.327599921116857e-07,0.9999530256583267,4.6841501123900434e-05
2026-07-28 17:45:00+03:00,2.0,9.456271930348302e-11,1.1669026386321327e-07,0.9999660495720312,3.383364491448364e-05
2026-07-28 17:50:00+03:00,2.0,3.965002517267335e-10,7.776470554394249e-07,0.9999666725367553,3.2549420292595875e-05
2026-07-28 17:55:00+03:00,2.0,5.325238833495699e-10,0.00016015575205671276,0.999822176605428,1.7667111045849794e-05
2026-07-29 09:55:00+03:00,2.0,6.889686887958762e-13,0.17600448253002687,0.8239829464582451,1.2571009620026888e-05
2026-07-29 10:00:00+03:00,2.0,2.596947602957104e-14,0.04368726711868417,0.8264217508078605,0.12989098207357677
2026-07-29 10:05:00+03:00,2.0,2.7440149354345993e-14,0.01121350441019613,0.8508823197588407,0.1379041758322326
2026-07-29 10:10:00+03:00,2.0,5.214146471204686e-13,0.002364600159561721,0.8621563525867156,0.13547904725289905
2026-07-29 10:15:00+03:00,2.0,1.6606563753605894e-13,0.0008327800021710476,0.867676691533914,0.13149052846236356
2026-07-29 10:20:00+03:00,2.0,6.415940934030687e-13,0.0007188204678388411,0.8511439462476914,0.14813723328487768
2026-07-29 10:25:00+03:00,2.0,2.6368902739362507e-14,0.0030576641413127222,0.8175671387955868,0.17937519706178576
2026-07-29 10:30:00+03:00,2.0,3.4187693256994524e-13,0.0035998915516542293,0.8347322896251966,0.16166781882159972
2026-07-29 10:35:00+03:00,2.0,1.1660517181235612e-12,0.00967242723225472,0.9040859794592782,0.08624159330737804
2026-07-29 10:38:31+03:00,2.0,1.6456087934546605e-11,0.037901643099626084,0.9498289531381843,0.01226940374659208
