Date,ForecastScore,ReversalProbability,ReturnForecastPct
2026-05-07 09:55:00+03:00,0.25002936167465184,0.25002936167465184,-0.14791473102993336
2026-05-07 10:00:00+03:00,0.24987069154637656,0.24987069154637656,-0.14913337463203544
2026-05-07 10:05:00+03:00,0.2509559104511579,0.2509559104511579,-0.14002351016716524
2026-05-07 10:10:00+03:00,0.2508049400376903,0.2508049400376903,-0.14670369629505922
2026-05-07 10:15:00+03:00,0.2491290011998961,0.2491290011998961,-0.15885655199482426
2026-05-07 10:20:00+03:00,0.24809619623543513,0.24809619623543513,-0.1582007966742744
2026-05-07 10:25:00+03:00,0.24696626597181034,0.24696626597181034,-0.16163174399492602
2026-05-07 10:30:00+03:00,0.24621297912939383,0.24621297912939383,-0.16163174399492602
2026-05-07 10:35:00+03:00,0.24629058306829338,0.24629058306829338,-0.15712756769069847
2026-05-07 10:40:00+03:00,0.2464289529677587,0.2464289529677587,-0.1564563876108447
2026-05-07 10:45:00+03:00,0.2467923395644298,0.2467923395644298,-0.15435884827526525
2026-05-07 10:50:00+03:00,0.24633327697878188,0.24633327697878188,-0.15979383105842304
2026-05-07 10:55:00+03:00,0.24693660034297418,0.24693660034297418,-0.1527525484186931
2026-05-07 11:00:00+03:00,0.2469942841838116,0.2469942841838116,-0.15541413182482797
2026-05-07 11:05:00+03:00,0.24720628042873946,0.24720628042873946,-0.15407256288743398
2026-05-07 11:10:00+03:00,0.2472870501521854,0.2472870501521854,-0.15454052057813308
2026-05-07 11:15:00+03:00,0.24772171288765502,0.24772171288765502,-0.151601759991396
2026-05-07 11:20:00+03:00,0.2487373891510399,0.2487373891510399,-0.1460248920959107
2026-05-07 11:25:00+03:00,0.2516756335449299,0.2516756335449299,-0.12885638738743396
2026-05-07 11:30:00+03:00,0.2541490572365409,0.2541490572365409,-0.12499069129510398
2026-05-07 11:35:00+03:00,0.2534640844519875,0.2534640844519875,-0.14264645902999282
2026-05-07 11:40:00+03:00,0.25300743592895186,0.25300743592895186,-0.14264645902999282
2026-05-07 11:45:00+03:00,0.25270300358026143,0.25270300358026143,-0.14264645902999282
2026-05-07 11:50:00+03:00,0.25225309975619836,0.25225309975619836,-0.14453341678141063
2026-05-07 11:55:00+03:00,0.25399676617300987,0.25399676617300987,-0.12902706787554222
2026-05-07 12:00:00+03:00,0.2553365123430149,0.2553365123430149,-0.12769322258431787
2026-05-07 12:05:00+03:00,0.25622967645635164,0.25622967645635164,-0.12769322258431787
2026-05-07 12:10:00+03:00,0.2568251191985761,0.2568251191985761,-0.12769322258431787
2026-05-07 12:15:00+03:00,0.25707859712856707,0.25707859712856707,-0.12877251576589888
2026-05-07 12:20:00+03:00,0.2573910663133864,0.2573910663133864,-0.12769322258431787
2026-05-07 12:25:00+03:00,0.2561151006999075,0.2561151006999075,-0.13891563350453476
2026-05-07 12:30:00+03:00,0.2545387777394811,0.2545387777394811,-0.14444969496679358
2026-05-07 12:35:00+03:00,0.25348789576586345,0.25348789576586345,-0.14444969496679358
2026-05-07 12:40:00+03:00,0.2527873077834517,0.2527873077834517,-0.14444969496679358
2026-05-07 12:45:00+03:00,0.25232024912851053,0.25232024912851053,-0.14444969496679358
2026-05-07 12:50:00+03:00,0.2520088766918831,0.2520088766918831,-0.14444969496679358
2026-05-07 12:55:00+03:00,0.2518012950674648,0.2518012950674648,-0.14444969496679358
2026-05-07 13:00:00+03:00,0.25176959269225685,0.25176959269225685,-0.1436341214289975
2026-05-07 13:05:00+03:00,0.25156496580185467,0.25156496580185467,-0.14503728244775846
2026-05-07 13:10:00+03:00,0.25161203984851677,0.25161203984851677,-0.1436341214289975
2026-05-07 13:15:00+03:00,0.25076141070947805,0.25076141070947805,-0.1503976604772436
2026-05-07 13:20:00+03:00,0.2512962030489241,0.2512962030489241,-0.14195548326925234
2026-05-07 13:25:00+03:00,0.2516527312752215,0.2516527312752215,-0.14195548326925234
2026-05-07 13:30:00+03:00,0.2570979736006889,0.2570979736006889,-0.10300804999907366
2026-05-07 13:35:00+03:00,0.28648553609507343,0.28648553609507343,0.07206172609786521
2026-05-07 13:40:00+03:00,0.2783297423304089,0.2783297423304089,-0.11771401456787402
2026-05-07 13:45:00+03:00,0.27049570225861397,0.27049570225861397,-0.13571577941446558
2026-05-07 13:50:00+03:00,0.2696599542562839,0.2696599542562839,-0.10300804999907366
2026-05-07 13:55:00+03:00,0.26382397939007285,0.26382397939007285,-0.14249916461606443
2026-05-07 14:00:00+03:00,0.26085012387366124,0.26085012387366124,-0.13552684014950458
2026-05-07 14:05:00+03:00,0.2589006338994527,0.2589006338994527,-0.1352761896598275
2026-05-07 14:10:00+03:00,0.2576558292826009,0.2576558292826009,-0.13486069104007117
2026-05-07 14:15:00+03:00,0.256825959538033,0.256825959538033,-0.13486069104007117
2026-05-07 14:20:00+03:00,0.2555346377805704,0.2555346377805704,-0.14046606387649
2026-05-07 14:25:00+03:00,0.25413293506550183,0.25413293506550183,-0.14459400154592825
2026-05-07 14:30:00+03:00,0.25283903009983455,0.25283903009983455,-0.14734727519533442
2026-05-07 14:35:00+03:00,0.2504831759780752,0.2504831759780752,-0.15887118977160788
2026-05-07 14:40:00+03:00,0.24880196170140148,0.24880196170140148,-0.15973066944355677
2026-05-07 14:45:00+03:00,0.2490136765138472,0.2490136765138472,-0.14943121173788554
2026-05-07 14:50:00+03:00,0.24871860127544204,0.24871860127544204,-0.15279059740492307
2026-05-07 14:55:00+03:00,0.2485218844498386,0.2485218844498386,-0.15279059740492307
2026-05-07 15:00:00+03:00,0.2483907398994363,0.2483907398994363,-0.15279059740492307
2026-05-07 15:05:00+03:00,0.24867100453500393,0.24867100453500393,-0.14995814512101663
2026-05-07 15:10:00+03:00,0.24900674453387633,0.24900674453387633,-0.14881353424084626
2026-05-07 15:15:00+03:00,0.24838417413499653,0.24838417413499653,-0.1553383693038544
2026-05-07 15:20:00+03:00,0.248227834828723,0.248227834828723,-0.15333925878172958
2026-05-07 15:25:00+03:00,0.2465779453619052,0.2465779453619052,-0.16534640504498196
2026-05-07 15:30:00+03:00,0.24653988289373074,0.24653988289373074,-0.15708115369738476
2026-05-07 15:35:00+03:00,0.24430406080724776,0.24430406080724776,-0.17436977319106728
2026-05-07 15:40:00+03:00,0.2428170034991557,0.2428170034991557,-0.1743422159407716
2026-05-07 15:45:00+03:00,0.24360186372666584,0.24360186372666584,-0.16042504309368044
2026-05-07 15:50:00+03:00,0.24412510387833927,0.24412510387833927,-0.16042504309368044
2026-05-07 15:55:00+03:00,0.24447393064612158,0.24447393064612158,-0.16042504309368044
2026-05-07 16:00:00+03:00,0.24474454580923208,0.24474454580923208,-0.16012905890447546
2026-05-07 16:05:00+03:00,0.24474253423221148,0.24474253423221148,-0.16154841032635756
2026-05-07 16:10:00+03:00,0.24513126926071035,0.24513126926071035,-0.15851598062556424
2026-05-07 16:15:00+03:00,0.24472338483085126,0.24472338483085126,-0.16370747448790826
2026-05-07 16:20:00+03:00,0.24472842691329094,0.24472842691329094,-0.16154841032635756
2026-05-07 16:25:00+03:00,0.2453399211087555,0.2453399211087555,-0.15682505749098397
2026-05-07 16:30:00+03:00,0.2468093508854102,0.2468093508854102,-0.1486343245771128
2026-05-07 16:35:00+03:00,0.24882246063715516,0.24882246063715516,-0.14072839596132045
2026-05-07 16:40:00+03:00,0.2504795168860955,0.2504795168860955,-0.1383316432958525
2026-05-07 16:45:00+03:00,0.2550979323066768,0.2550979323066768,-0.1119825726177203
2026-05-07 16:50:00+03:00,0.25401667646086296,0.25401667646086296,-0.14325727653889728
2026-05-07 16:55:00+03:00,0.25164496869599334,0.25164496869599334,-0.15595090461134353
2026-05-07 17:00:00+03:00,0.2504060252501812,0.2504060252501812,-0.15330585555020995
2026-05-07 17:05:00+03:00,0.24472918019368825,0.24472918019368825,-0.19152098405353354
2026-05-07 17:10:00+03:00,0.23985541202181965,0.23985541202181965,-0.2003262952092644
2026-05-07 17:15:00+03:00,0.23649559557184202,0.23649559557184202,-0.2012255905616775
2026-05-07 17:20:00+03:00,0.23341376545758497,0.23341376545758497,-0.20809931977028542
2026-05-07 17:25:00+03:00,0.2312779491985449,0.2312779491985449,-0.20876559620409638
2026-05-07 17:30:00+03:00,0.23165297404907215,0.23165297404907215,-0.19413246706110962
2026-05-07 17:35:00+03:00,0.23779854292588476,0.23779854292588476,-0.1477604176330028
2026-05-07 17:40:00+03:00,0.24508994142602203,0.24508994142602203,-0.12355012293089399
2026-05-07 17:45:00+03:00,0.2535444670385816,0.2535444670385816,-0.09699694245491411
2026-05-07 17:50:00+03:00,0.254301114835648,0.254301114835648,-0.13322584213209476
2026-05-07 17:55:00+03:00,0.25615075683477395,0.25615075683477395,-0.12310775059112694
2026-05-08 09:55:00+03:00,0.3097877705547192,0.3097877705547192,0.21843059012294833
2026-05-08 10:00:00+03:00,0.42427417194464156,0.42427417194464156,0.6829243831708316
2026-05-08 10:05:00+03:00,0.506424867573927,0.506424867573927,0.7204072504225039
2026-05-08 10:10:00+03:00,0.6050982843243963,0.6050982843243963,1.0515224513426216
2026-05-08 10:15:00+03:00,0.7104950099134565,0.7104950099134565,1.5592647957873058
2026-05-08 10:20:00+03:00,0.7929008288230417,0.7929008288230417,1.8759376672992878
2026-05-08 10:25:00+03:00,0.8400757130105347,0.8400757130105347,1.6536620297574538
2026-05-08 10:30:00+03:00,0.8708665717494187,0.8708665717494187,1.6383941138582285
2026-05-08 10:35:00+03:00,0.9067055561239853,0.9067055561239853,2.2081156835866027
2026-05-08 10:40:00+03:00,0.9290125730796038,0.9290125730796038,2.110354163565922
2026-05-08 10:45:00+03:00,0.9423514058399526,0.9423514058399526,2.030989911267485
2026-05-08 10:50:00+03:00,0.9511154042371882,0.9511154042371882,2.024861597769962
2026-05-08 10:55:00+03:00,0.9567488735816795,0.9567488735816795,2.0150433970769166
2026-05-08 11:00:00+03:00,0.9605719028409173,0.9605719028409173,2.0181853837089685
2026-05-08 11:05:00+03:00,0.9391608108684618,0.9391608108684618,1.4139974702717166
2026-05-08 11:10:00+03:00,0.8863092293140107,0.8863092293140107,0.9879811326094518
2026-05-08 11:15:00+03:00,0.831591841774999,0.831591841774999,0.8373308001087316
2026-05-08 11:20:00+03:00,0.7979801896549348,0.7979801896549348,0.8580943106983031
2026-05-08 11:25:00+03:00,0.7626548777778488,0.7626548777778488,0.7674397993513069
2026-05-08 11:30:00+03:00,0.7337081078483912,0.7337081078483912,0.7315046630750331
2026-05-08 11:35:00+03:00,0.6988333936926622,0.6988333936926622,0.63252444066556
2026-05-08 11:40:00+03:00,0.6718224071156658,0.6718224071156658,0.6094643199018327
2026-05-08 11:45:00+03:00,0.6526745046877191,0.6526745046877191,0.6025237625778941
2026-05-08 11:50:00+03:00,0.6401597131847593,0.6401597131847593,0.6040459536208476
2026-05-08 11:55:00+03:00,0.6348915442427991,0.6348915442427991,0.6228268739834524
2026-05-08 12:00:00+03:00,0.6324062354212577,0.6324062354212577,0.6291384154375862
2026-05-08 12:05:00+03:00,0.6051528926124448,0.6051528926124448,0.4766006330561492
2026-05-08 12:10:00+03:00,0.5969231095583483,0.5969231095583483,0.5348403162460218
2026-05-08 12:15:00+03:00,0.5979418774307937,0.5979418774307937,0.5735578817065723
2026-05-08 12:20:00+03:00,0.6080846557095998,0.6080846557095998,0.6310575007206599
2026-05-08 12:25:00+03:00,0.6157265379315835,0.6157265379315835,0.6364893496730819
2026-05-08 12:30:00+03:00,0.612559816670188,0.612559816670188,0.586078507888682
2026-05-08 12:35:00+03:00,0.6211217743061868,0.6211217743061868,0.6514598964499094
2026-05-08 12:40:00+03:00,0.624800862413023,0.624800862413023,0.6388578364952082
2026-05-08 12:45:00+03:00,0.6033713746949567,0.6033713746949567,0.4957715936861698
2026-05-08 12:50:00+03:00,0.5839215659526056,0.5839215659526056,0.4657077498147544
2026-05-08 12:55:00+03:00,0.5578480153276091,0.5578480153276091,0.39001570272228475
2026-05-08 13:00:00+03:00,0.5359095116005123,0.5359095116005123,0.363783973576935
2026-05-08 13:05:00+03:00,0.5153232463866663,0.5153232463866663,0.32942548235882957
2026-05-08 13:10:00+03:00,0.5009141580440504,0.5009141580440504,0.3254709724049112
2026-05-08 13:15:00+03:00,0.47364530933699067,0.47364530933699067,0.2224648365513802
2026-05-08 13:20:00+03:00,0.45333099252250403,0.45333099252250403,0.20981499336162057
2026-05-08 13:25:00+03:00,0.43715786856955297,0.43715786856955297,0.1941504879617211
2026-05-08 13:30:00+03:00,0.41507897130919297,0.41507897130919297,0.12563624562761946
2026-05-08 13:35:00+03:00,0.3990865650173143,0.3990865650173143,0.11776652755780656
2026-05-08 13:40:00+03:00,0.38260851882784347,0.38260851882784347,0.08135466733332589
2026-05-08 13:45:00+03:00,0.3715702073484668,0.3715702073484668,0.08101951000384293
2026-05-08 13:50:00+03:00,0.36435121331587267,0.36435121331587267,0.08190480114958083
2026-05-08 13:55:00+03:00,0.3710047059123447,0.3710047059123447,0.15297272378019472
2026-05-08 14:00:00+03:00,0.37130216785091885,0.37130216785091885,0.12764169250597923
2026-05-08 14:05:00+03:00,0.36861607921677464,0.36861607921677464,0.10978264507640956
2026-05-08 14:10:00+03:00,0.3719418313017519,0.3719418313017519,0.1413453000934697
2026-05-08 14:15:00+03:00,0.37133811111410303,0.37133811111410303,0.12401021572554126
2026-05-08 14:20:00+03:00,0.3701161788858602,0.3701161788858602,0.11894429798697495
2026-05-08 14:25:00+03:00,0.36624187947950576,0.36624187947950576,0.09990085671392117
2026-05-08 14:30:00+03:00,0.36218821905601845,0.36218821905601845,0.09067079348078015
2026-05-08 14:35:00+03:00,0.357271021722234,0.357271021722234,0.07667291768475992
2026-05-08 14:40:00+03:00,0.3307276750131875,0.3307276750131875,-0.07966367102627608
2026-05-08 14:45:00+03:00,0.31053149342914316,0.31053149342914316,-0.09776165634971376
2026-05-08 14:50:00+03:00,0.29306702749138086,0.29306702749138086,-0.12738731173494044
2026-05-08 14:55:00+03:00,0.27671224645978354,0.27671224645978354,-0.1634601891265618
2026-05-08 15:00:00+03:00,0.2649842681473172,0.2649842681473172,-0.1699177778485211
2026-05-08 15:05:00+03:00,0.25658881414100454,0.25658881414100454,-0.17446059186148027
2026-05-08 15:10:00+03:00,0.25448963975617256,0.25448963975617256,-0.1472448202967881
2026-05-08 15:15:00+03:00,0.24223562977915505,0.24223562977915505,-0.2345117462950805
2026-05-08 15:20:00+03:00,0.2342432242899613,0.2342432242899613,-0.23301791901635288
2026-05-08 15:25:00+03:00,0.22807478221284427,0.22807478221284427,-0.2401348713951514
2026-05-08 15:30:00+03:00,0.22001174290433653,0.22001174290433653,-0.27443947786474415
2026-05-08 15:35:00+03:00,0.21784397811724523,0.21784397811724523,-0.24648036967153997
2026-05-08 15:40:00+03:00,0.21535871625255157,0.21535871625255157,-0.2554429179045279
2026-05-08 15:45:00+03:00,0.20753094000933076,0.20753094000933076,-0.3107505559735298
2026-05-08 15:50:00+03:00,0.19435375181184272,0.19435375181184272,-0.3884722339266695
2026-05-08 15:55:00+03:00,0.19360765911314348,0.19360765911314348,-0.31000808039308786
2026-05-08 16:00:00+03:00,0.21077741691795016,0.21077741691795016,-0.16056673246615563
2026-05-08 16:05:00+03:00,0.22226550993089828,0.22226550993089828,-0.1602433031786351
2026-05-08 16:10:00+03:00,0.22734932985440726,0.22734932985440726,-0.18048314090328277
2026-05-08 16:15:00+03:00,0.23139738587429334,0.23139738587429334,-0.17526206766693672
2026-05-08 16:20:00+03:00,0.2332674208945962,0.2332674208945962,-0.18183378837948413
2026-05-08 16:25:00+03:00,0.2335835688217889,0.2335835688217889,-0.1892703138489301
2026-05-08 16:30:00+03:00,0.2326223621287822,0.2326223621287822,-0.19872436922658973
2026-05-08 16:35:00+03:00,0.23244441065592836,0.23244441065592836,-0.1949787049750052
2026-05-08 16:40:00+03:00,0.2338996062222194,0.2338996062222194,-0.18235788950025017
2026-05-08 16:45:00+03:00,0.23505243880518964,0.23505243880518964,-0.18090408564365112
2026-05-08 16:50:00+03:00,0.23568760931184696,0.23568760931184696,-0.18196522910579216
2026-05-08 16:55:00+03:00,0.23924320588800713,0.23924320588800713,-0.15736369470977277
2026-05-08 17:00:00+03:00,0.24180448052829323,0.24180448052829323,-0.15588517346379951
2026-05-08 17:05:00+03:00,0.2420256071643323,0.2420256071643323,-0.16746048316220796
2026-05-08 17:10:00+03:00,0.24212164975951067,0.24212164975951067,-0.1678631378465564
2026-05-08 17:15:00+03:00,0.24325183960772379,0.24325183960772379,-0.15954239585118585
2026-05-08 17:20:00+03:00,0.24420237974829423,0.24420237974829423,-0.1580123430658792
2026-05-08 17:25:00+03:00,0.25855690041048823,0.25855690041048823,-0.05687843059979891
2026-05-08 17:30:00+03:00,0.268077590951873,0.268077590951873,-0.05722286153645643
2026-05-08 17:35:00+03:00,0.2744787798625442,0.2744787798625442,-0.056842777263134574
2026-05-08 17:40:00+03:00,0.2771136719235898,0.2771136719235898,-0.06837792017919632
2026-05-08 17:45:00+03:00,0.27948052186179534,0.27948052186179534,-0.06405207805003396
2026-05-08 17:50:00+03:00,0.28239237842093945,0.28239237842093945,-0.05465423833189876
2026-05-08 17:55:00+03:00,0.28548887283405966,0.28548887283405966,-0.0465779430331962
2026-05-11 09:55:00+03:00,0.3242084407202138,0.3242084407202138,0.18784230541580108
2026-05-11 10:00:00+03:00,0.3593330300383007,0.3593330300383007,0.24303763631694836
2026-05-11 10:05:00+03:00,0.5075799040475468,0.5075799040475468,1.0564663406139532
2026-05-11 10:10:00+03:00,0.5796661541501978,0.5796661541501978,0.841359083792455
2026-05-11 10:15:00+03:00,0.6096384818697147,0.6096384818697147,0.7179262490078053
2026-05-11 10:20:00+03:00,0.6195998979880027,0.6195998979880027,0.6541154562241871
2026-05-11 10:25:00+03:00,0.6290507056675656,0.6290507056675656,0.6717499296062335
2026-05-11 10:30:00+03:00,0.6310282261691215,0.6310282261691215,0.644694115772653
2026-05-11 10:35:00+03:00,0.6308171754397541,0.6308171754397541,0.635222120180523
2026-05-11 10:40:00+03:00,0.6418954976007528,0.6418954976007528,0.7059824812801138
2026-05-11 10:45:00+03:00,0.5654077442016247,0.5654077442016247,0.20928027403470748
2026-05-11 10:50:00+03:00,0.5084454546473011,0.5084454546473011,0.1735728796501471
2026-05-11 10:55:00+03:00,0.46580768677447126,0.46580768677447126,0.14529510298219778
2026-05-11 11:00:00+03:00,0.4301823103374924,0.4301823103374924,0.10081490456137392
2026-05-11 11:05:00+03:00,0.40881986167159556,0.40881986167159556,0.1156864083234083
2026-05-11 11:10:00+03:00,0.4116702288911919,0.4116702288911919,0.2190406068941989
2026-05-11 11:15:00+03:00,0.4540430005815074,0.4540430005815074,0.4536609383109645
2026-05-11 11:20:00+03:00,0.4856171107791959,0.4856171107791959,0.47295516215053357
2026-05-11 11:25:00+03:00,0.5007552916604077,0.5007552916604077,0.4387020770559083
2026-05-11 11:30:00+03:00,0.510944927232289,0.510944927232289,0.4392656682584074
2026-05-11 11:35:00+03:00,0.518975037398277,0.518975037398277,0.44641880052096555
2026-05-11 11:40:00+03:00,0.5200467801738675,0.5200467801738675,0.42168662571985155
2026-05-11 11:45:00+03:00,0.5169366886810517,0.5169366886810517,0.3996434023147697
2026-05-11 11:50:00+03:00,0.5195563851094657,0.5195563851094657,0.42669773187162996
2026-05-11 11:55:00+03:00,0.5175696813929094,0.5175696813929094,0.4051730209751719
2026-05-11 12:00:00+03:00,0.516911996381102,0.516911996381102,0.40901501788969824
2026-05-11 12:05:00+03:00,0.527878784761584,0.527878784761584,0.4749841526020575
2026-05-11 12:10:00+03:00,0.5393588675751488,0.5393588675751488,0.4992916750059025
2026-05-11 12:15:00+03:00,0.5495735650063678,0.5495735650063678,0.5143003945917692
2026-05-11 12:20:00+03:00,0.5604933744531595,0.5604933744531595,0.5385255013315424
2026-05-11 12:25:00+03:00,0.5659138218154905,0.5659138218154905,0.5275425816795954
2026-05-11 12:30:00+03:00,0.5536993271287096,0.5536993271287096,0.43530973671924644
2026-05-11 12:35:00+03:00,0.562564387754016,0.562564387754016,0.5345073302461871
2026-05-11 12:40:00+03:00,0.5559998023362482,0.5559998023362482,0.46154718071165696
2026-05-11 12:45:00+03:00,0.5421392385881909,0.5421392385881909,0.4067513824529152
2026-05-11 12:50:00+03:00,0.49981780002518683,0.49981780002518683,0.21470477158211415
2026-05-11 12:55:00+03:00,0.45720145924692845,0.45720145924692845,0.12778891803261616
2026-05-11 13:00:00+03:00,0.4337550428269283,0.4337550428269283,0.158137680072092
2026-05-11 13:05:00+03:00,0.41385000333338845,0.41385000333338845,0.13203758731686588
2026-05-11 13:10:00+03:00,0.4017602087484298,0.4017602087484298,0.13927903467890274
2026-05-11 13:15:00+03:00,0.3915392740345837,0.3915392740345837,0.12599854293664814
2026-05-11 13:20:00+03:00,0.37962247831237855,0.37962247831237855,0.09424972196169434
2026-05-11 13:25:00+03:00,0.3705473776009472,0.3705473776009472,0.08713507096051305
2026-05-11 13:30:00+03:00,0.3653546338910207,0.3653546338910207,0.09253300018629104
2026-05-11 13:35:00+03:00,0.3567363233883388,0.3567363233883388,0.05978624297887209
2026-05-11 13:40:00+03:00,0.35403090533218057,0.35403090533218057,0.07917512721098889
2026-05-11 13:45:00+03:00,0.3538969689391014,0.3538969689391014,0.08972278422549251
2026-05-11 13:50:00+03:00,0.35691646297553303,0.35691646297553303,0.10918424142177256
2026-05-11 13:55:00+03:00,0.3589294589998208,0.3589294589998208,0.10918424142177256
2026-05-11 14:00:00+03:00,0.41174713019782555,0.41174713019782555,0.4124458287501562
2026-05-11 14:05:00+03:00,0.44248887777177986,0.44248887777177986,0.3866982828502221
2026-05-11 14:10:00+03:00,0.45834673020380495,0.45834673020380495,0.3600021530489747
2026-05-11 14:15:00+03:00,0.46884505747694016,0.46884505747694016,0.35957840983929973
2026-05-11 14:20:00+03:00,0.47775352357437617,0.47775352357437617,0.37057444769582887
2026-05-11 14:25:00+03:00,0.4805425400522759,0.4805425400522759,0.3524333057091932
2026-05-11 14:30:00+03:00,0.48212950810225336,0.48212950810225336,0.3508639367942857
2026-05-11 14:35:00+03:00,0.48237199727777963,0.48237199727777963,0.3461643394506129
2026-05-11 14:40:00+03:00,0.4825336567281305,0.4825336567281305,0.3461643394506129
2026-05-11 14:45:00+03:00,0.4824100154378855,0.4824100154378855,0.3448304408462642
2026-05-11 14:50:00+03:00,0.4844724061337242,0.4844724061337242,0.3571890296358488
2026-05-11 14:55:00+03:00,0.4888003044132398,0.4888003044132398,0.3741932200144051
2026-05-11 15:00:00+03:00,0.49085564260726355,0.49085564260726355,0.369414992787941
2026-05-11 15:05:00+03:00,0.4926269443866774,0.4926269443866774,0.37172419652545646
2026-05-11 15:10:00+03:00,0.49569088394721783,0.49569088394721783,0.38256531611041605
2026-05-11 15:15:00+03:00,0.4999042596543052,0.4999042596543052,0.3950639187329031
2026-05-11 15:20:00+03:00,0.5021199915683231,0.5021199915683231,0.3916481545209133
2026-05-11 15:25:00+03:00,0.5060415413221154,0.5060415413221154,0.40572682119418263
2026-05-11 15:30:00+03:00,0.5164218871438758,0.5164218871438758,0.4505611645877983
2026-05-11 15:35:00+03:00,0.5168233628788368,0.5168233628788368,0.412914340333354
2026-05-11 15:40:00+03:00,0.5142388643179467,0.5142388643179467,0.3964822285962423
2026-05-11 15:45:00+03:00,0.5214272797776204,0.5214272797776204,0.4479016869708648
2026-05-11 15:50:00+03:00,0.4757380632713364,0.4757380632713364,0.15306992133350295
2026-05-11 15:55:00+03:00,0.4428288458309091,0.4428288458309091,0.13811466774365122
2026-05-11 16:00:00+03:00,0.41519436100174373,0.41519436100174373,0.10288577796329128
2026-05-11 16:05:00+03:00,0.39805581442792853,0.39805581442792853,0.110891610970473
2026-05-11 16:10:00+03:00,0.3866301167120517,0.3866301167120517,0.110891610970473
2026-05-11 16:15:00+03:00,0.3827632035511498,0.3827632035511498,0.13406396178544858
2026-05-11 16:20:00+03:00,0.3698860457977115,0.3698860457977115,0.06966395299568857
2026-05-11 16:25:00+03:00,0.34811973168989974,0.34811973168989974,-0.01698617340329654
2026-05-11 16:30:00+03:00,0.32344003990552983,0.32344003990552983,-0.08821437492257449
2026-05-11 16:35:00+03:00,0.3079223825709783,0.3079223825709783,-0.08146863398026247
2026-05-11 16:40:00+03:00,0.29031130112016434,0.29031130112016434,-0.1350552863010265
2026-05-11 16:45:00+03:00,0.27779333404284745,0.27779333404284745,-0.1409602310141097
2026-05-11 16:50:00+03:00,0.2771573259861579,0.2771573259861579,-0.08387166658502261
2026-05-11 16:55:00+03:00,0.278325032359333,0.278325032359333,-0.07246471611938046
2026-05-11 17:00:00+03:00,0.27733546868643383,0.27733546868643383,-0.08514274284241892
2026-05-11 17:05:00+03:00,0.2768707549105231,0.2768707549105231,-0.0837371486958912
2026-05-11 17:10:00+03:00,0.2769186658580645,0.2769186658580645,-0.08116336245249357
2026-05-11 17:15:00+03:00,0.2769169227843248,0.2769169227843248,-0.08140545285056233
2026-05-11 17:20:00+03:00,0.277611326816519,0.277611326816519,-0.07641729269978009
2026-05-11 17:25:00+03:00,0.2823248501129559,0.2823248501129559,-0.046415325780801146
2026-05-11 17:30:00+03:00,0.28567126419224503,0.28567126419224503,-0.04499481926958739
2026-05-11 17:35:00+03:00,0.2890288562197434,0.2890288562197434,-0.037183315420531014
2026-05-11 17:40:00+03:00,0.29261904664407223,0.29261904664407223,-0.02787876747992529
2026-05-11 17:45:00+03:00,0.2943952248733497,0.2943952248733497,-0.03211853274800928
2026-05-11 17:50:00+03:00,0.2991039971148603,0.2991039971148603,-0.008106704836551357
2026-05-11 17:55:00+03:00,0.3025142755981989,0.3025142755981989,-0.00627908831592947
2026-05-12 09:55:00+03:00,0.30103711242811954,0.30103711242811954,-0.03180847290897587
2026-05-12 10:00:00+03:00,0.30459041130018816,0.30459041130018816,-0.0009858011545841982
2026-05-12 10:05:00+03:00,0.30422175776411015,0.30422175776411015,-0.019486214703386743
2026-05-12 10:10:00+03:00,0.2863963673074289,0.2863963673074289,-0.14608402018067312
2026-05-12 10:15:00+03:00,0.2859176488640834,0.2859176488640834,-0.06229423173579851
2026-05-12 10:20:00+03:00,0.28571571987812705,0.28571571987812705,-0.0614665664979535
2026-05-12 10:25:00+03:00,0.28455068129884176,0.28455068129884176,-0.06876353772595799
2026-05-12 10:30:00+03:00,0.2674382900363507,0.2674382900363507,-0.1919554491303217
2026-05-12 10:35:00+03:00,0.2541744094226837,0.2541744094226837,-0.20701664095256828
2026-05-12 10:40:00+03:00,0.24517103915390545,0.24517103915390545,-0.2083337724796409
2026-05-12 10:45:00+03:00,0.24045708380735778,0.24045708380735778,-0.19783485767068554
2026-05-12 10:50:00+03:00,0.2375415265477803,0.2375415265477803,-0.19599707038229663
2026-05-12 10:55:00+03:00,0.2356545920956583,0.2356545920956583,-0.1955382096998449
2026-05-12 11:00:00+03:00,0.23454143585891557,0.23454143585891557,-0.1943688916142561
2026-05-12 11:05:00+03:00,0.23761143190979897,0.23761143190979897,-0.16411389192742948
2026-05-12 11:10:00+03:00,0.23630185788748753,0.23630185788748753,-0.19069754364656005
2026-05-12 11:15:00+03:00,0.23912684825036404,0.23912684825036404,-0.16144896172114917
2026-05-12 11:20:00+03:00,0.24125432711772793,0.24125432711772793,-0.15954999601662304
2026-05-12 11:25:00+03:00,0.24322188149004678,0.24322188149004678,-0.1552920689582516
2026-05-12 11:30:00+03:00,0.24706008731766965,0.24706008731766965,-0.13594602758947227
2026-05-12 11:35:00+03:00,0.2497590068991803,0.2497590068991803,-0.1348843538701693
2026-05-12 11:40:00+03:00,0.250214604664468,0.250214604664468,-0.14511358607557823
2026-05-12 11:45:00+03:00,0.25186201846371253,0.25186201846371253,-0.1348843538701693
2026-05-12 11:50:00+03:00,0.2502467503311715,0.2502467503311715,-0.15565510904370924
2026-05-12 11:55:00+03:00,0.2518237813549327,0.2518237813549327,-0.13533632144331395
2026-05-12 12:00:00+03:00,0.24989191999491214,0.24989191999491214,-0.15820697541747686
2026-05-12 12:05:00+03:00,0.24757120336144703,0.24757120336144703,-0.16625477970559396
2026-05-12 12:10:00+03:00,0.2489046596712139,0.2489046596712139,-0.14397706783596526
2026-05-12 12:15:00+03:00,0.24987815374776778,0.24987815374776778,-0.14333117598548478
2026-05-12 12:20:00+03:00,0.25297119667087853,0.25297119667087853,-0.12483730884566484
2026-05-12 12:25:00+03:00,0.25523216355001316,0.25523216355001316,-0.12334710688620007
2026-05-12 12:30:00+03:00,0.25693909466439036,0.25693909466439036,-0.12185403144098604
2026-05-12 12:35:00+03:00,0.25842374503998844,0.25842374503998844,-0.11926616203440805
2026-05-12 12:40:00+03:00,0.25786490006241847,0.25786490006241847,-0.13087792191424288
2026-05-12 12:45:00+03:00,0.25745088077229766,0.25745088077229766,-0.13119064115111845
2026-05-12 12:50:00+03:00,0.2584182394792467,0.2584182394792467,-0.12185403144098604
2026-05-12 12:55:00+03:00,0.26599153326466946,0.26599153326466946,-0.07133019507486274
2026-05-12 13:00:00+03:00,0.26905654837693427,0.26905654837693427,-0.08555099217838778
2026-05-12 13:05:00+03:00,0.2663022962514847,0.2663022962514847,-0.12075636399387278
2026-05-12 13:10:00+03:00,0.2644661281678517,0.2644661281678517,-0.12075636399387278
2026-05-12 13:15:00+03:00,0.26185169950925313,0.26185169950925313,-0.13119064115111845
2026-05-12 13:20:00+03:00,0.25902754054210203,0.25902754054210203,-0.13938201023708516
2026-05-12 13:25:00+03:00,0.25800221485564834,0.25800221485564834,-0.13288026699060781
2026-05-12 13:30:00+03:00,0.26460948825294434,0.26460948825294434,-0.0792258740028872
2026-05-12 13:35:00+03:00,0.26422219896964994,0.26422219896964994,-0.11417359373878898
2026-05-12 13:40:00+03:00,0.26370718325922693,0.26370718325922693,-0.11608030678153154
2026-05-12 13:45:00+03:00,0.2605565817136616,0.2605565817136616,-0.13716261301751723
2026-05-12 13:50:00+03:00,0.26110812971649333,0.26110812971649333,-0.11723510191572388
2026-05-12 13:55:00+03:00,0.25896763480203244,0.25896763480203244,-0.13607202064474475
2026-05-12 14:00:00+03:00,0.2572547193661285,0.2572547193661285,-0.13824232685094096
2026-05-12 14:05:00+03:00,0.25952764524589716,0.25952764524589716,-0.1126273441659012
2026-05-12 14:10:00+03:00,0.25871298804141213,0.25871298804141213,-0.1300323914746437
2026-05-12 14:15:00+03:00,0.2581698832384221,0.2581698832384221,-0.1300323914746437
2026-05-12 14:20:00+03:00,0.25780781336976205,0.25780781336976205,-0.1300323914746437
2026-05-12 14:25:00+03:00,0.25644506102027426,0.25644506102027426,-0.13851930779119798
2026-05-12 14:30:00+03:00,0.25892624842300005,0.25892624842300005,-0.1130838362194395
2026-05-12 14:35:00+03:00,0.26006609071142983,0.26006609071142983,-0.11690148594747748
2026-05-12 14:40:00+03:00,0.2623585688041554,0.2623585688041554,-0.10556670817368628
2026-05-12 14:45:00+03:00,0.2618806465782855,0.2618806465782855,-0.12043038389591115
2026-05-12 14:50:00+03:00,0.2609863207786438,0.2609863207786438,-0.12473639606299275
2026-05-12 14:55:00+03:00,0.2605911616030376,0.2605911616030376,-0.12323047969901126
2026-05-12 15:00:00+03:00,0.4162077480660181,0.4162077480660181,0.8500398500607457
2026-05-12 15:05:00+03:00,0.4612374010944449,0.4612374010944449,0.4778620657233666
2026-05-12 15:10:00+03:00,0.49405456774136275,0.49405456774136275,0.494168115603081
2026-05-12 15:15:00+03:00,0.517960624191663,0.517960624191663,0.5060299915513026
2026-05-12 15:20:00+03:00,0.5317430344138544,0.5317430344138544,0.49342637690019386
2026-05-12 15:25:00+03:00,0.5440346792576904,0.5440346792576904,0.5115904937549351
2026-05-12 15:30:00+03:00,0.5552510346243155,0.5552510346243155,0.5293689693335255
2026-05-12 15:35:00+03:00,0.5534807284447909,0.5534807284447909,0.47523178027949686
2026-05-12 15:40:00+03:00,0.5590834530919153,0.5590834530919153,0.5148601410199605
2026-05-12 15:45:00+03:00,0.572231475779075,0.572231475779075,0.5706573740740303
2026-05-12 15:50:00+03:00,0.5740472435682719,0.5740472435682719,0.5293592033456698
2026-05-12 15:55:00+03:00,0.5639854211680454,0.5639854211680454,0.46346362528295026
2026-05-12 16:00:00+03:00,0.5800054076092743,0.5800054076092743,0.5978040970313903
2026-05-12 16:05:00+03:00,0.5876142191981526,0.5876142191981526,0.579266582950009
2026-05-12 16:10:00+03:00,0.5892989775368854,0.5892989775368854,0.5589870056653508
2026-05-12 16:15:00+03:00,0.5894675853169478,0.5894675853169478,0.5533022178249506
2026-05-12 16:20:00+03:00,0.5909901952262683,0.5909901952262683,0.5617048981265959
2026-05-12 16:25:00+03:00,0.5800122057889976,0.5800122057889976,0.49099092905126124
2026-05-12 16:30:00+03:00,0.5717238582704796,0.5717238582704796,0.4853358896708402
2026-05-12 16:35:00+03:00,0.5623064339213901,0.5623064339213901,0.4627090854233989
2026-05-12 16:40:00+03:00,0.5570275427329592,0.5570275427329592,0.46850958614843585
2026-05-12 16:45:00+03:00,0.5557761253360245,0.5557761253360245,0.48169711102627233
2026-05-12 16:50:00+03:00,0.5560010124472563,0.5560010124472563,0.4878691205676062
2026-05-12 16:55:00+03:00,0.5517711286151287,0.5517711286151287,0.46239927849343343
2026-05-12 17:00:00+03:00,0.5460646548679029,0.5460646548679029,0.44567916757578463
2026-05-12 17:05:00+03:00,0.5495735892636007,0.5495735892636007,0.48814256609749535
2026-05-12 17:10:00+03:00,0.543771773595543,0.543771773595543,0.4408917696419152
2026-05-12 17:15:00+03:00,0.5456814532271267,0.5456814532271267,0.474380327973919
2026-05-12 17:20:00+03:00,0.5427850056687121,0.5427850056687121,0.4501936299763143
2026-05-12 17:25:00+03:00,0.5397341772783902,0.5397341772783902,0.44371416394623703
2026-05-12 17:30:00+03:00,0.5432221667923325,0.5432221667923325,0.47573196031661985
2026-05-12 17:35:00+03:00,0.5439113110391877,0.5439113110391877,0.4662256014325674
2026-05-12 17:40:00+03:00,0.5443643560783507,0.5443643560783507,0.4661885417776497
2026-05-12 17:45:00+03:00,0.5547882928999612,0.5547882928999612,0.5253450263665197
2026-05-12 17:50:00+03:00,0.5649109504611265,0.5649109504611265,0.5440998096587749
2026-05-12 17:55:00+03:00,0.49382254954457344,0.49382254954457344,0.08555463225699328
2026-05-13 09:55:00+03:00,0.4257319450827662,0.4257319450827662,-0.0515373412434244
2026-05-13 10:00:00+03:00,0.3685402456038486,0.3685402456038486,-0.13741195306794982
2026-05-13 10:05:00+03:00,0.3322710429829045,0.3322710429829045,-0.12340065125943579
2026-05-13 10:10:00+03:00,0.30536754976906827,0.30536754976906827,-0.14400511958831508
2026-05-13 10:15:00+03:00,0.2786803764532159,0.2786803764532159,-0.21342662412475066
2026-05-13 10:20:00+03:00,0.26008558640713086,0.26008558640713086,-0.2200762199044224
2026-05-13 10:25:00+03:00,0.247873361919889,0.247873361919889,-0.2185461671191157
2026-05-13 10:30:00+03:00,0.24059791484594206,0.24059791484594206,-0.21139228191016274
2026-05-13 10:35:00+03:00,0.2345215406615496,0.2345215406615496,-0.22153769683450972
2026-05-13 10:40:00+03:00,0.2317584537741735,0.2317584537741735,-0.21088440276186823
2026-05-13 10:45:00+03:00,0.2301969820131124,0.2301969820131124,-0.2085804611839444
2026-05-13 10:50:00+03:00,0.2356478387658627,0.2356478387658627,-0.15685955352557582
2026-05-13 10:55:00+03:00,0.24400115017950072,0.24400115017950072,-0.12097045455492172
2026-05-13 11:00:00+03:00,0.24942646907765784,0.24942646907765784,-0.12204301730043578
2026-05-13 11:05:00+03:00,0.24970587787168724,0.24970587787168724,-0.1473128197353251
2026-05-13 11:10:00+03:00,0.25064120898491066,0.25064120898491066,-0.1415841038045746
2026-05-13 11:15:00+03:00,0.2536863579562981,0.2536863579562981,-0.12329082340385843
2026-05-13 11:20:00+03:00,0.26505025599602916,0.26505025599602916,-0.055679094934285446
2026-05-13 11:25:00+03:00,0.27185122051840643,0.27185122051840643,-0.0611341956752325
2026-05-13 11:30:00+03:00,0.26890897335186764,0.26890897335186764,-0.11522031608244554
2026-05-13 11:35:00+03:00,0.28851723867399093,0.28851723867399093,0.03439360143340472
2026-05-13 11:40:00+03:00,0.2997622138614439,0.2997622138614439,0.02240543227878828
2026-05-13 11:45:00+03:00,0.3067937068590678,0.3067937068590678,0.01933661103416142
2026-05-13 11:50:00+03:00,0.31204419247657694,0.31204419247657694,0.02304888853961484
2026-05-13 11:55:00+03:00,0.30355846057235575,0.30355846057235575,-0.05847045402141617
2026-05-13 12:00:00+03:00,0.29430494679916414,0.29430494679916414,-0.0840815562846707
2026-05-13 12:05:00+03:00,0.2940649203282803,0.2940649203282803,-0.04216739561817479
2026-05-13 12:10:00+03:00,0.3107418343261324,0.3107418343261324,0.0695872855806899
2026-05-13 12:15:00+03:00,0.32145354004120835,0.32145354004120835,0.06699449490975093
2026-05-13 12:20:00+03:00,0.3291183771068194,0.3291183771068194,0.07033617307090269
2026-05-13 12:25:00+03:00,0.3165178453707061,0.3165178453707061,-0.0474260090007735
2026-05-13 12:30:00+03:00,0.31742656320107887,0.31742656320107887,0.01578130284623775
2026-05-13 12:35:00+03:00,0.30686762408876483,0.30686762408876483,-0.06043679166123478
2026-05-13 12:40:00+03:00,0.2994080097731968,0.2994080097731968,-0.06340478534643272
2026-05-13 12:45:00+03:00,0.2935406037839063,0.2935406037839063,-0.06974638373890532
2026-05-13 12:50:00+03:00,0.28982643988341794,0.28982643988341794,-0.06834322272014437
2026-05-13 12:55:00+03:00,0.28656691371153664,0.28656691371153664,-0.07392138026508831
2026-05-13 13:00:00+03:00,0.2830286241609185,0.2830286241609185,-0.08371141361363818
2026-05-13 13:05:00+03:00,0.27989600397360626,0.27989600397360626,-0.08929976034238912
2026-05-13 13:10:00+03:00,0.27765623425921554,0.27765623425921554,-0.0903963490324726
2026-05-13 13:15:00+03:00,0.2773753887790778,0.2773753887790778,-0.08164445280661323
2026-05-13 13:20:00+03:00,0.27887822341394125,0.27887822341394125,-0.06956126635778491
2026-05-13 13:25:00+03:00,0.27292805826643285,0.27292805826643285,-0.12017435752529487
2026-05-13 13:30:00+03:00,0.2685852914154096,0.2685852914154096,-0.12298374134816815
2026-05-13 13:35:00+03:00,0.26399879270317034,0.26399879270317034,-0.13572039489653256
2026-05-13 13:40:00+03:00,0.26082253282613044,0.26082253282613044,-0.13661969024894569
2026-05-13 13:45:00+03:00,0.25822231426472214,0.25822231426472214,-0.14028865957953426
2026-05-13 13:50:00+03:00,0.26001992731169205,0.26001992731169205,-0.11375946683446435
2026-05-13 13:55:00+03:00,0.25948778690731983,0.25948778690731983,-0.12667255548408582
2026-05-13 14:00:00+03:00,0.2608250995378991,0.2608250995378991,-0.1140447781214284
2026-05-13 14:05:00+03:00,0.2613657259633008,0.2613657259633008,-0.11665062421072542
2026-05-13 14:10:00+03:00,0.26056192131198924,0.26056192131198924,-0.1253446192722185
2026-05-13 14:15:00+03:00,0.25870802124000797,0.25870802124000797,-0.13527980812494356
2026-05-13 14:20:00+03:00,0.25691824641473066,0.25691824641473066,-0.13948478904896158
2026-05-13 14:25:00+03:00,0.2555351034134548,0.2555351034134548,-0.140931229575376
2026-05-13 14:30:00+03:00,0.26256445471582546,0.26256445471582546,-0.08210118484907061
2026-05-13 14:35:00+03:00,0.2669682363590914,0.2669682363590914,-0.084134688398314
2026-05-13 14:40:00+03:00,0.269731523493287,0.269731523493287,-0.0853789822237197
2026-05-13 14:45:00+03:00,0.2789557510886697,0.2789557510886697,-0.03336545161936097
2026-05-13 14:50:00+03:00,0.2859071095047238,0.2859071095047238,-0.027855001969150785
2026-05-13 14:55:00+03:00,0.3780175432257463,0.3780175432257463,0.4991345205160861
2026-05-13 15:00:00+03:00,0.4577344371569254,0.4577344371569254,0.6081802011413581
2026-05-13 15:05:00+03:00,0.5077399615428253,0.5077399615428253,0.5891447090547539
2026-05-13 15:10:00+03:00,0.5640703522135094,0.5640703522135094,0.733513211617206
2026-05-13 15:15:00+03:00,0.6018827217890699,0.6018827217890699,0.7352167716228654
2026-05-13 15:20:00+03:00,0.6315447738971568,0.6315447738971568,0.7648867283361748
2026-05-13 15:25:00+03:00,0.6492563292965496,0.6492563292965496,0.7510584895629009
2026-05-13 15:30:00+03:00,0.5411939362295441,0.5411939362295441,0.02857922173219475
2026-05-13 15:35:00+03:00,0.4681393184200424,0.4681393184200424,0.021917514700235976
2026-05-13 15:40:00+03:00,0.4211296686249564,0.4211296686249564,0.033035487561160246
2026-05-13 15:45:00+03:00,0.38898876367087615,0.38898876367087615,0.027786986410682633
2026-05-13 15:50:00+03:00,0.36756149370148933,0.36756149370148933,0.027786986410682633
2026-05-13 15:55:00+03:00,0.3473068884431904,0.3473068884431904,-0.011989399803269818
2026-05-13 16:00:00+03:00,0.33261380867631984,0.33261380867631984,-0.020069194872232004
2026-05-13 16:05:00+03:00,0.324454674465509,0.324454674465509,-0.008973106718456851
2026-05-13 16:10:00+03:00,0.31106835112854003,0.31106835112854003,-0.06385993762261326
2026-05-13 16:15:00+03:00,0.31088968124283956,0.31088968124283956,-0.003592882535619062
2026-05-13 16:20:00+03:00,0.30180716681615055,0.30180716681615055,-0.06540201757859654
2026-05-13 16:25:00+03:00,0.3038814446233839,0.3038814446233839,-0.00921258332064376
2026-05-13 16:30:00+03:00,0.30757244812586215,0.30757244812586215,0.006277816817400348
2026-05-13 16:35:00+03:00,0.3195663916914203,0.3195663916914203,0.06843604094042795
2026-05-13 16:40:00+03:00,0.3384259414579884,0.3384259414579884,0.13634625079088805
2026-05-13 16:45:00+03:00,0.3395250897329019,0.3395250897329019,0.06453623805159464
2026-05-13 16:50:00+03:00,0.3403267761962094,0.3403267761962094,0.0649771439084111
2026-05-13 16:55:00+03:00,0.35413147749526835,0.35413147749526835,0.14775362146992885
2026-05-13 17:00:00+03:00,0.34557658073316816,0.34557658073316816,0.035988831413915255
2026-05-13 17:05:00+03:00,0.36460939011363697,0.36460939011363697,0.1898924702892684
2026-05-13 17:10:00+03:00,0.3794028481439462,0.3794028481439462,0.20245645411936855
2026-05-13 17:15:00+03:00,0.38638493797662027,0.38638493797662027,0.18524885746605446
2026-05-13 17:20:00+03:00,0.38454835479301486,0.38454835479301486,0.14599313537020722
2026-05-13 17:25:00+03:00,0.3746276829556491,0.3746276829556491,0.09214991783360355
2026-05-13 17:30:00+03:00,0.3646996914575079,0.3646996914575079,0.07117658007326289
2026-05-13 17:35:00+03:00,0.35217003917393425,0.35217003917393425,0.033036284370304
2026-05-13 17:40:00+03:00,0.33411675124587514,0.33411675124587514,-0.031974978152056514
2026-05-13 17:45:00+03:00,0.3392979740099305,0.3392979740099305,0.08137153091978147
2026-05-13 17:50:00+03:00,0.33075433483900746,0.33075433483900746,0.0034120122322926047
2026-05-13 17:55:00+03:00,0.34602539415113637,0.34602539415113637,0.13720978923612995
2026-05-14 09:55:00+03:00,0.3453313122628798,0.3453313122628798,0.06926305425778734
2026-05-14 10:00:00+03:00,0.33142575491895027,0.33142575491895027,-0.01919077018637578
2026-05-14 10:05:00+03:00,0.31796136915372747,0.31796136915372747,-0.048086591227224945
2026-05-14 10:10:00+03:00,0.31254698538706566,0.31254698538706566,-0.02350150165349346
2026-05-14 10:15:00+03:00,0.30484611542416734,0.30484611542416734,-0.051785420359484614
2026-05-14 10:20:00+03:00,0.30360180846243184,0.30360180846243184,-0.024880002946002552
2026-05-14 10:25:00+03:00,0.30443082267448335,0.30443082267448335,-0.013589428867048423
2026-05-14 10:30:00+03:00,0.29409408769122686,0.29409408769122686,-0.08980712726849659
2026-05-14 10:35:00+03:00,0.2872616318624822,0.2872616318624822,-0.08938193671735122
2026-05-14 10:40:00+03:00,0.2867736027261756,0.2867736027261756,-0.06032444072697686
2026-05-14 10:45:00+03:00,0.28775677041391434,0.28775677041391434,-0.05113541523534861
2026-05-14 10:50:00+03:00,0.29328610057529286,0.29328610057529286,-0.017535198603257914
2026-05-14 10:55:00+03:00,0.2946322665444442,0.2946322665444442,-0.03354824317656564
2026-05-14 11:00:00+03:00,0.29643330334291557,0.29643330334291557,-0.027339644696157427
2026-05-14 11:05:00+03:00,0.2969468543984058,0.2969468543984058,-0.03205804121710088
2026-05-14 11:10:00+03:00,0.29784766172775307,0.29784766172775307,-0.028221975274252555
2026-05-14 11:15:00+03:00,0.29823421112603016,0.29823421112603016,-0.029690461136394376
2026-05-14 11:20:00+03:00,0.2987883043229161,0.2987883043229161,-0.027656957587150983
2026-05-14 11:25:00+03:00,0.2986323234210139,0.2986323234210139,-0.03126384605094909
2026-05-14 11:30:00+03:00,0.2976900475879691,0.2976900475879691,-0.03704176578795934
2026-05-14 11:35:00+03:00,0.2963075946071003,0.2963075946071003,-0.04226497045639214
2026-05-14 11:40:00+03:00,0.28859341794339394,0.28859341794339394,-0.09042445125417833
2026-05-14 11:45:00+03:00,0.28158151759225936,0.28158151759225936,-0.10406200892984968
2026-05-14 11:50:00+03:00,0.280910872181109,0.280910872181109,-0.07506003710042876
2026-05-14 11:55:00+03:00,0.28006736132030063,0.28006736132030063,-0.07789648449802272
2026-05-14 12:00:00+03:00,0.2750260070821514,0.2750260070821514,-0.11048236551793075
2026-05-14 12:05:00+03:00,0.2714974511899404,0.2714974511899404,-0.11172213971684201
2026-05-14 12:10:00+03:00,0.27558891905484273,0.27558891905484273,-0.06509578231201704
2026-05-14 12:15:00+03:00,0.27245185733891264,0.27245185733891264,-0.10744589501713431
2026-05-14 12:20:00+03:00,0.2680411676492007,0.2680411676492007,-0.12468113217463311
2026-05-14 12:25:00+03:00,0.26452755896465335,0.26452755896465335,-0.1289863101645218
2026-05-14 12:30:00+03:00,0.2623186863335672,0.2623186863335672,-0.12798161222263613
2026-05-14 12:35:00+03:00,0.26378413400050377,0.26378413400050377,-0.10612705772161236
2026-05-14 12:40:00+03:00,0.26301075309475763,0.26301075309475763,-0.11908988368945823
2026-05-14 12:45:00+03:00,0.26249516582426025,0.26249516582426025,-0.11908988368945823
2026-05-14 12:50:00+03:00,0.26028685732031165,0.26028685732031165,-0.13308515673836702
2026-05-14 12:55:00+03:00,0.25722837968089085,0.25722837968089085,-0.14515026018055507
2026-05-14 13:00:00+03:00,0.24927170545882021,0.24927170545882021,-0.1915669279566663
2026-05-14 13:05:00+03:00,0.24236127633541535,0.24236127633541535,-0.204581252948619
2026-05-14 13:10:00+03:00,0.24019165241127297,0.24019165241127297,-0.18490339992182966
2026-05-14 13:15:00+03:00,0.23863268169586757,0.23863268169586757,-0.18580269527424276
2026-05-14 13:20:00+03:00,0.2367376471257636,0.2367376471257636,-0.19266917341223655
2026-05-14 13:25:00+03:00,0.23529524701857993,0.23529524701857993,-0.19411250421712786
2026-05-14 13:30:00+03:00,0.2341719570228366,0.2341719570228366,-0.19541794007285126
2026-05-14 13:35:00+03:00,0.23332683954935038,0.23332683954935038,-0.19619599912323704
2026-05-14 13:40:00+03:00,0.2325519902761488,0.2325519902761488,-0.1979074536009679
2026-05-14 13:45:00+03:00,0.23203542409401443,0.23203542409401443,-0.1979074536009679
2026-05-14 13:50:00+03:00,0.23169104663925816,0.23169104663925816,-0.1979074536009679
2026-05-14 13:55:00+03:00,0.23146146166942067,0.23146146166942067,-0.1979074536009679
2026-05-14 14:00:00+03:00,0.23131115082548845,0.23131115082548845,-0.1978852070098601
2026-05-14 14:05:00+03:00,0.23104914243897196,0.23104914243897196,-0.1991970744591461
2026-05-14 14:10:00+03:00,0.23076347690235954,0.23076347690235954,-0.2000981158682088
2026-05-14 14:15:00+03:00,0.23051161942812878,0.23051161942812878,-0.2005970644650942
2026-05-14 14:20:00+03:00,0.23098821605696934,0.23098821605696934,-0.19537476303283516
2026-05-14 14:25:00+03:00,0.2339341976543628,0.2339341976543628,-0.1743862354005756
2026-05-14 14:30:00+03:00,0.23717327273034244,0.23717327273034244,-0.16437419135506542
2026-05-14 14:35:00+03:00,0.24079599130632873,0.24079599130632873,-0.15301440830361773
2026-05-14 14:40:00+03:00,0.2410508265275965,0.2410508265275965,-0.16983349250368027
2026-05-14 14:45:00+03:00,0.23958508593802094,0.23958508593802094,-0.18277313227407171
2026-05-14 14:50:00+03:00,0.23878784288146535,0.23878784288146535,-0.18134081947093197
2026-05-14 14:55:00+03:00,0.2398225728506709,0.2398225728506709,-0.16896573114373623
2026-05-14 15:00:00+03:00,0.23651317964312835,0.23651317964312835,-0.2009046066613083
2026-05-14 15:05:00+03:00,0.2342266586912575,0.2342266586912575,-0.2015573081574516
2026-05-14 15:10:00+03:00,0.23218531738915646,0.23218531738915646,-0.2057733063404657
2026-05-14 15:15:00+03:00,0.23147312874128959,0.23147312874128959,-0.20048642160681124
2026-05-14 15:20:00+03:00,0.23111600413990938,0.23111600413990938,-0.1995308084895677
2026-05-14 15:25:00+03:00,0.23625796207081867,0.23625796207081867,-0.15687937364426624
2026-05-14 15:30:00+03:00,0.24033417597029771,0.24033417597029771,-0.1518700245114333
2026-05-14 15:35:00+03:00,0.24305165190328373,0.24305165190328373,-0.1518700245114333
2026-05-14 15:40:00+03:00,0.2463273923782603,0.2463273923782603,-0.14065172300561915
2026-05-14 15:45:00+03:00,0.2490410828152233,0.2490410828152233,-0.13662360836733198
2026-05-14 15:50:00+03:00,0.25033180244052783,0.25033180244052783,-0.14056445492743536
2026-05-14 15:55:00+03:00,0.24943174183929437,0.24943174183929437,-0.1540690924604231
2026-05-14 16:00:00+03:00,0.2489984268002327,0.2489984268002327,-0.15278199314581972
2026-05-14 16:05:00+03:00,0.24891691747514233,0.24891691747514233,-0.15118356547844305
2026-05-14 16:10:00+03:00,0.25039429866629154,0.25039429866629154,-0.1394585028415842
2026-05-14 16:15:00+03:00,0.25067886590928623,0.25067886590928623,-0.14480189730412327
2026-05-14 16:20:00+03:00,0.25159863005311617,0.25159863005311617,-0.1392325609290052
2026-05-14 16:25:00+03:00,0.2538700935866855,0.2538700935866855,-0.12669880518019797
2026-05-14 16:30:00+03:00,0.2554815152924291,0.2554815152924291,-0.12596971545173058
2026-05-14 16:35:00+03:00,0.25571476478673966,0.25571476478673966,-0.13230177887834238
2026-05-14 16:40:00+03:00,0.2721151439911656,0.2721151439911656,-0.016241674332835025
2026-05-14 16:45:00+03:00,0.26896582148646214,0.26896582148646214,-0.11610501683052488
2026-05-14 16:50:00+03:00,0.2667316106378654,0.2667316106378654,-0.1171062459183931
2026-05-14 16:55:00+03:00,0.2654426132466155,0.2654426132466155,-0.11561604395892831
2026-05-14 17:00:00+03:00,0.2777667390440355,0.2777667390440355,-0.021915899289060282
2026-05-14 17:05:00+03:00,0.28415367586098894,0.28415367586098894,-0.0344603497751939
2026-05-14 17:10:00+03:00,0.2885487239308079,0.2885487239308079,-0.03351558618653201
2026-05-14 17:15:00+03:00,0.2843886377048997,0.2843886377048997,-0.08343190812458018
2026-05-14 17:20:00+03:00,0.28683440268196414,0.28683440268196414,-0.04647561014384325
2026-05-14 17:25:00+03:00,0.28178186056879756,0.28178186056879756,-0.09402680934048692
2026-05-14 17:30:00+03:00,0.2753736026229857,0.2753736026229857,-0.11637776117455687
2026-05-14 17:35:00+03:00,0.27139898647982336,0.27139898647982336,-0.11416831813257998
2026-05-14 17:40:00+03:00,0.2761786725140949,0.2761786725140949,-0.06046429732682939
2026-05-14 17:45:00+03:00,0.27991163238588135,0.27991163238588135,-0.05661693625831139
2026-05-14 17:50:00+03:00,0.2823840760661364,0.2823840760661364,-0.05673076830096839
2026-05-14 17:55:00+03:00,0.2846075149893539,0.2846075149893539,-0.0526954914428882
2026-05-15 09:55:00+03:00,0.30927273370024616,0.30927273370024616,0.10013008491144929
2026-05-15 10:00:00+03:00,0.36874965728763937,0.36874965728763937,0.3554730691589266
2026-05-15 10:05:00+03:00,0.4061173817934447,0.4061173817934447,0.34231326722035343
2026-05-15 10:10:00+03:00,0.4336134406750463,0.4336134406750463,0.3572051019433398
2026-05-15 10:15:00+03:00,0.44763617216119456,0.44763617216119456,0.3323707628281373
2026-05-15 10:20:00+03:00,0.4698170691955944,0.4698170691955944,0.4062918851554274
2026-05-15 10:25:00+03:00,0.49727561804782006,0.49727561804782006,0.47960014008335966
2026-05-15 10:30:00+03:00,0.5385168640263629,0.5385168640263629,0.6159743834276478
2026-05-15 10:35:00+03:00,0.6212320436829685,0.6212320436829685,1.0051187489291589
2026-05-15 10:40:00+03:00,0.6765647415212591,0.6765647415212591,1.006743289995179
2026-05-15 10:45:00+03:00,0.7114676163688276,0.7114676163688276,0.989852503189703
2026-05-15 10:50:00+03:00,0.7349000002904998,0.7349000002904998,0.9912332169749628
2026-05-15 10:55:00+03:00,0.750908266132326,0.750908266132326,0.9945015199121269
2026-05-15 11:00:00+03:00,0.7603264510816954,0.7603264510816954,0.9839476514890519
2026-05-15 11:05:00+03:00,0.7628381466119265,0.7628381466119265,0.9529943572203156
2026-05-15 11:10:00+03:00,0.765938799449452,0.765938799449452,0.9645850785270831
2026-05-15 11:15:00+03:00,0.7627255914669983,0.7627255914669983,0.9223957053590587
2026-05-15 11:20:00+03:00,0.6642290128962479,0.6642290128962479,0.31610976117664585
2026-05-15 11:25:00+03:00,0.5927573432395317,0.5927573432395317,0.2824417063623382
2026-05-15 11:30:00+03:00,0.5381902689105603,0.5381902689105603,0.24200747585542615
2026-05-15 11:35:00+03:00,0.47906330798819086,0.47906330798819086,0.10472567469026127
2026-05-15 11:40:00+03:00,0.44075598895671875,0.44075598895671875,0.11164313841250692
2026-05-15 11:45:00+03:00,0.4050187419841859,0.4050187419841859,0.046989392901726226
2026-05-15 11:50:00+03:00,0.3822447488335124,0.3822447488335124,0.0537772893045003
2026-05-15 11:55:00+03:00,0.3668160498626712,0.3668160498626712,0.05219084474770072
2026-05-15 12:00:00+03:00,0.3567980807741785,0.3567980807741785,0.05391773006904326
2026-05-15 12:05:00+03:00,0.3496301713288468,0.3496301713288468,0.0507615719542788
2026-05-15 12:10:00+03:00,0.345137694636409,0.345137694636409,0.0526081736023074
2026-05-15 12:15:00+03:00,0.3433513369285273,0.3433513369285273,0.06038286448241679
2026-05-15 12:20:00+03:00,0.34342122670251124,0.34342122670251124,0.06845035202332025
2026-05-15 12:25:00+03:00,0.3406105444754161,0.3406105444754161,0.050104508447594044
2026-05-15 12:30:00+03:00,0.338253059639377,0.338253059639377,0.04697610239225736
2026-05-15 12:35:00+03:00,0.3398102260516826,0.3398102260516826,0.06709586148008544
2026-05-15 12:40:00+03:00,0.34066155352501665,0.34066155352501665,0.065902325762947
2026-05-15 12:45:00+03:00,0.3401563025746918,0.3401563025746918,0.059028887082607895
2026-05-15 12:50:00+03:00,0.3403869012851632,0.3403869012851632,0.0626683304620063
2026-05-15 12:55:00+03:00,0.34027099984042497,0.34027099984042497,0.06094003320236605
2026-05-15 13:00:00+03:00,0.33996517257584663,0.33996517257584663,0.05947345249166184
2026-05-15 13:05:00+03:00,0.340297108977009,0.340297108977009,0.06290935839435724
2026-05-15 13:10:00+03:00,0.3409726025806538,0.3409726025806538,0.06581577237876451
2026-05-15 13:15:00+03:00,0.33278218708963314,0.33278218708963314,0.009491139099183192
2026-05-15 13:20:00+03:00,0.3256062804623068,0.3256062804623068,-0.0019757906123655513
2026-05-15 13:25:00+03:00,0.32324772995249756,0.32324772995249756,0.014205585283265808
2026-05-15 13:30:00+03:00,0.31711196415192094,0.31711196415192094,-0.01641252075276777
2026-05-15 13:35:00+03:00,0.3141422109440757,0.3141422109440757,-0.008823918731472256
2026-05-15 13:40:00+03:00,0.3031145952838486,0.3031145952838486,-0.07151716853651134
2026-05-15 13:45:00+03:00,0.2947773915782062,0.2947773915782062,-0.07855907069987464
2026-05-15 13:50:00+03:00,0.2888368916084783,0.2888368916084783,-0.08130373575141386
2026-05-15 13:55:00+03:00,0.2856155706657216,0.2856155706657216,-0.07600526534438368
2026-05-15 14:00:00+03:00,0.31967924710735596,0.31967924710735596,0.16004692494029776
2026-05-15 14:05:00+03:00,0.3423883647351122,0.3423883647351122,0.16004692494029776
2026-05-15 14:10:00+03:00,0.35659767739215237,0.35659767739215237,0.1544008798469135
2026-05-15 14:15:00+03:00,0.36286883455746094,0.36286883455746094,0.13484524797371827
2026-05-15 14:20:00+03:00,0.36619739043043803,0.36619739043043803,0.12960702877362645
2026-05-15 14:25:00+03:00,0.3690885641698572,0.3690885641698572,0.1337395725606882
2026-05-15 14:30:00+03:00,0.3696750049926874,0.3696750049926874,0.12548555155122523
2026-05-15 14:35:00+03:00,0.3700659655412409,0.3700659655412409,0.12548555155122523
2026-05-15 14:40:00+03:00,0.44457871072600763,0.44457871072600763,0.5608471909071383
2026-05-15 14:45:00+03:00,0.4925798429535139,0.4925798429535139,0.5508787222570325
2026-05-15 14:50:00+03:00,0.5273328721199574,0.5273328721199574,0.5672883405257515
2026-05-15 14:55:00+03:00,0.5386312423585524,0.5386312423585524,0.4971654718664882
2026-05-15 15:00:00+03:00,0.5417171883368371,0.5417171883368371,0.47125776092883
2026-05-15 15:05:00+03:00,0.5466352130351586,0.5466352130351586,0.4879089214946402
2026-05-15 15:10:00+03:00,0.5534646115325667,0.5534646115325667,0.5086685604058266
2026-05-15 15:15:00+03:00,0.5628264056022969,0.5628264056022969,0.536981438715525
2026-05-15 15:20:00+03:00,0.577425617496167,0.577425617496167,0.586877853993542
2026-05-15 15:25:00+03:00,0.5997644542478883,0.5997644542478883,0.6643840089098128
2026-05-15 15:30:00+03:00,0.6228607534077965,0.6228607534077965,0.7167778919100783
2026-05-15 15:35:00+03:00,0.6381379686936088,0.6381379686936088,0.715996027667426
2026-05-15 15:40:00+03:00,0.6499377915478023,0.6499377915478023,0.7265273199021673
2026-05-15 15:45:00+03:00,0.6576532793480057,0.6576532793480057,0.7255388980793447
2026-05-15 15:50:00+03:00,0.6627969378814746,0.6627969378814746,0.7255388980793447
2026-05-15 15:55:00+03:00,0.6659568340644657,0.6659568340644657,0.7237791491637509
2026-05-15 16:00:00+03:00,0.6680634315197931,0.6680634315197931,0.7237791491637509
2026-05-15 16:05:00+03:00,0.6740033714015273,0.6740033714015273,0.753736344136291
2026-05-15 16:10:00+03:00,0.6762350795405007,0.6762350795405007,0.7422418725738321
2026-05-15 16:15:00+03:00,0.6658295631108961,0.6658295631108961,0.6655912926357345
2026-05-15 16:20:00+03:00,0.6505973114187202,0.6505973114187202,0.6142088001354481
2026-05-15 16:25:00+03:00,0.5928057312003336,0.5928057312003336,0.33533442590913465
2026-05-15 16:30:00+03:00,0.5597544081154677,0.5597544081154677,0.36689200238350195
2026-05-15 16:35:00+03:00,0.6039889733945418,0.6039889733945418,0.7684618118490933
2026-05-15 16:40:00+03:00,0.5198092066705589,0.5198092066705589,0.08514198548588368
2026-05-15 16:45:00+03:00,0.46391985920144335,0.46391985920144335,0.08659678798994547
2026-05-15 16:50:00+03:00,0.42648880604598344,0.42648880604598344,0.08551454963279406
2026-05-15 16:55:00+03:00,0.4030335133862493,0.4030335133862493,0.09494877142180413
2026-05-15 17:00:00+03:00,0.37199216738421764,0.37199216738421764,-0.004989358162122447
2026-05-15 17:05:00+03:00,0.3446582585579909,0.3446582585579909,-0.05051233168817372
2026-05-15 17:10:00+03:00,0.3242367261941165,0.3242367261941165,-0.06598885683874615
2026-05-15 17:15:00+03:00,0.3096828480736121,0.3096828480736121,-0.07266756142525171
2026-05-15 17:20:00+03:00,0.30185546393666696,0.30185546393666696,-0.05937727880428383
2026-05-15 17:25:00+03:00,0.29454042262147434,0.29454042262147434,-0.07424866002980393
2026-05-15 17:30:00+03:00,0.28883123801460164,0.28883123801460164,-0.08020948232993251
2026-05-15 17:35:00+03:00,0.27915449931457964,0.27915449931457964,-0.12323003397674274
2026-05-15 17:40:00+03:00,0.277353849450915,0.277353849450915,-0.08900583645841313
2026-05-15 17:45:00+03:00,0.27614068858869,0.27614068858869,-0.08909797984707116
2026-05-15 17:50:00+03:00,0.27533191468053997,0.27533191468053997,-0.08909797984707116
2026-05-15 17:55:00+03:00,0.28063230485888135,0.28063230485888135,-0.04762052126815239
2026-05-18 09:55:00+03:00,0.28408392028997165,0.28408392028997165,-0.04819226614239911
2026-05-18 10:00:00+03:00,0.34777378867864767,0.34777378867864767,0.3313548537283939
2026-05-18 10:05:00+03:00,0.3943405450392564,0.3943405450392564,0.3550324847282781
2026-05-18 10:10:00+03:00,0.3933699519601152,0.3933699519601152,0.16735410456218108
2026-05-18 10:15:00+03:00,0.3945424323101986,0.3945424323101986,0.17832087362526927
2026-05-18 10:20:00+03:00,0.39610961568503267,0.39610961568503267,0.18303933840093464
2026-05-18 10:25:00+03:00,0.38245298481888024,0.38245298481888024,0.09289037270234297
2026-05-18 10:30:00+03:00,0.40357523187095545,0.40357523187095545,0.27469215090574595
2026-05-18 10:35:00+03:00,0.4349971645986562,0.4349971645986562,0.3749319232390927
2026-05-18 10:40:00+03:00,0.4599752544109286,0.4599752544109286,0.39813619070981054
2026-05-18 10:45:00+03:00,0.5137797919990807,0.5137797919990807,0.6167685206844727
2026-05-18 10:50:00+03:00,0.5422173901529015,0.5422173901529015,0.5717858160390497
2026-05-18 10:55:00+03:00,0.5662680705571824,0.5662680705571824,0.602504994127814
2026-05-18 11:00:00+03:00,0.5744754847024691,0.5744754847024691,0.5554556500550235
2026-05-18 11:05:00+03:00,0.6170814193567431,0.6170814193567431,0.7908212250717769
2026-05-18 11:10:00+03:00,0.6155060715544423,0.6155060715544423,0.5984305291642978
2026-05-18 11:15:00+03:00,0.5932296588823079,0.5932296588823079,0.47278370538174697
2026-05-18 11:20:00+03:00,0.542373339160417,0.542373339160417,0.2646625307964014
2026-05-18 11:25:00+03:00,0.4885201748047799,0.4885201748047799,0.1458683302200362
2026-05-18 11:30:00+03:00,0.4322988606087342,0.4322988606087342,0.017132135703251998
2026-05-18 11:35:00+03:00,0.4172771918589234,0.4172771918589234,0.15888922670265127
2026-05-18 11:40:00+03:00,0.43198062543605853,0.43198062543605853,0.30482902922951755
2026-05-18 11:45:00+03:00,0.41712215601558983,0.41712215601558983,0.15923567051709434
2026-05-18 11:50:00+03:00,0.4114837646631815,0.4114837646631815,0.18496479682726333
2026-05-18 11:55:00+03:00,0.3976759890912915,0.3976759890912915,0.12386568138631418
2026-05-18 12:00:00+03:00,0.38990245764657167,0.38990245764657167,0.13268389609417955
2026-05-18 12:05:00+03:00,0.38917601201729274,0.38917601201729274,0.15987822637244586
2026-05-18 12:10:00+03:00,0.3882395183524072,0.3882395183524072,0.15713489329783237
2026-05-18 12:15:00+03:00,0.3909193135133723,0.3909193135133723,0.17710098302531727
2026-05-18 12:20:00+03:00,0.3992073683826979,0.3992073683826979,0.21590695421946848
2026-05-18 12:25:00+03:00,0.4016436882986869,0.4016436882986869,0.19754261040302376
2026-05-18 12:30:00+03:00,0.43650644628458796,0.43650644628458796,0.3910349403633653
2026-05-18 12:35:00+03:00,0.425939008926555,0.425939008926555,0.1941355809828812
2026-05-18 12:40:00+03:00,0.4110255583256231,0.4110255583256231,0.1466511266364399
2026-05-18 12:45:00+03:00,0.409634511710336,0.409634511710336,0.19821085036261066
2026-05-18 12:50:00+03:00,0.41387354893194545,0.41387354893194545,0.2288506958595196
2026-05-18 12:55:00+03:00,0.40812853511973873,0.40812853511973873,0.17782198894538306
2026-05-18 13:00:00+03:00,0.41557813352933604,0.41557813352933604,0.2447897051304821
2026-05-18 13:05:00+03:00,0.41038842389818636,0.41038842389818636,0.18456907974036516
2026-05-18 13:10:00+03:00,0.4128200984677413,0.4128200984677413,0.2196570420717019
2026-05-18 13:15:00+03:00,0.4041576795815968,0.4041576795815968,0.1580782798125456
2026-05-18 13:20:00+03:00,0.3977052503649745,0.3977052503649745,0.15396336095128688
2026-05-18 13:25:00+03:00,0.3942824882057242,0.3942824882057242,0.15929984658638083
2026-05-18 13:30:00+03:00,0.3965631679094155,0.3965631679094155,0.18679793847914072
2026-05-18 13:35:00+03:00,0.3929424286745403,0.3929424286745403,0.1557876353251646
2026-05-18 13:40:00+03:00,0.38913589130523274,0.38913589130523274,0.1473103079572037
2026-05-18 13:45:00+03:00,0.39036747800073035,0.39036747800073035,0.17017568162423374
2026-05-18 13:50:00+03:00,0.3908040779552732,0.3908040779552732,0.16785454664099217
2026-05-18 13:55:00+03:00,0.3881137853665558,0.3881137853665558,0.14976974431744544
2026-05-18 14:00:00+03:00,0.38139927600015877,0.38139927600015877,0.11955901593587707
2026-05-18 14:05:00+03:00,0.3766818246493977,0.3766818246493977,0.11806626340012749
2026-05-18 14:10:00+03:00,0.37817226119415465,0.37817226119415465,0.14655853828507595
2026-05-18 14:15:00+03:00,0.37378333004113046,0.37378333004113046,0.113432680437428
2026-05-18 14:20:00+03:00,0.3733782707659512,0.3733782707659512,0.12901943557520515
2026-05-18 14:25:00+03:00,0.37083427315080786,0.37083427315080786,0.11496542669823541
2026-05-18 14:30:00+03:00,0.3688893600064984,0.3688893600064984,0.11342039754639424
2026-05-18 14:35:00+03:00,0.36877590049557624,0.36877590049557624,0.12075245055302077
2026-05-18 14:40:00+03:00,0.34544612314885614,0.34544612314885614,-0.03019582043580398
2026-05-18 14:45:00+03:00,0.3235393208832667,0.3235393208832667,-0.0746881905472698
2026-05-18 14:50:00+03:00,0.3203512787508574,0.3203512787508574,0.0040985199186072
2026-05-18 14:55:00+03:00,0.3124024246113819,0.3124024246113819,-0.03543246318622698
2026-05-18 15:00:00+03:00,0.3073412480901333,0.3073412480901333,-0.03379099791046688
2026-05-18 15:05:00+03:00,0.2899625634268756,0.2899625634268756,-0.13476231465503136
2026-05-18 15:10:00+03:00,0.2845987044227402,0.2845987044227402,-0.08872007437306283
2026-05-18 15:15:00+03:00,0.28327277341263146,0.28327277341263146,-0.07255866481712593
2026-05-18 15:20:00+03:00,0.27919092003056806,0.27919092003056806,-0.09560293319748672
2026-05-18 15:25:00+03:00,0.2796489921779249,0.2796489921779249,-0.07269122316847448
2026-05-18 15:30:00+03:00,0.2752213424893927,0.2752213424893927,-0.10698348126625222
2026-05-18 15:35:00+03:00,0.2702369626296575,0.2702369626296575,-0.12206520451700346
2026-05-18 15:40:00+03:00,0.2662242947633534,0.2662242947633534,-0.12723484769676047
2026-05-18 15:45:00+03:00,0.26123598754394567,0.26123598754394567,-0.14477289473487784
2026-05-18 15:50:00+03:00,0.26373330422639835,0.26373330422639835,-0.10120115660099839
2026-05-18 15:55:00+03:00,0.2542001746281891,0.2542001746281891,-0.18681801047391777
2026-05-18 16:00:00+03:00,0.24716053553368428,0.24716053553368428,-0.19231032252585226
2026-05-18 16:05:00+03:00,0.24420496772885894,0.24420496772885894,-0.17842748280802415
2026-05-18 16:10:00+03:00,0.2401545350298286,0.2401545350298286,-0.19507248963071996
2026-05-18 16:15:00+03:00,0.23962765620952153,0.23962765620952153,-0.17768752796795959
2026-05-18 16:20:00+03:00,0.23604591634939,0.23604591634939,-0.20365107807224953
2026-05-18 16:25:00+03:00,0.2355999985904115,0.2355999985904115,-0.1879544560363419
2026-05-18 16:30:00+03:00,0.23404952324534678,0.23404952324534678,-0.19805254543898287
2026-05-18 16:35:00+03:00,0.23751151304672066,0.23751151304672066,-0.16233522221124283
2026-05-18 16:40:00+03:00,0.243120000701338,0.243120000701338,-0.1369561749847775
2026-05-18 16:45:00+03:00,0.23983087038344222,0.23983087038344222,-0.191850550996624
2026-05-18 16:50:00+03:00,0.23677185553265287,0.23677185553265287,-0.19884905689604743
2026-05-18 16:55:00+03:00,0.2370507539130334,0.2370507539130334,-0.1802405679115548
2026-05-18 17:00:00+03:00,0.24065756554953605,0.24065756554953605,-0.1534523962038001
2026-05-18 17:05:00+03:00,0.24324678864103705,0.24324678864103705,-0.15202770011678451
2026-05-18 17:10:00+03:00,0.24501916371001894,0.24501916371001894,-0.1516714283504629
2026-05-18 17:15:00+03:00,0.24620074708934023,0.24620074708934023,-0.1516714283504629
2026-05-18 17:20:00+03:00,0.25897899623032605,0.25897899623032605,-0.0632946928332987
2026-05-18 17:25:00+03:00,0.26892994016366256,0.26892994016366256,-0.05321519952014007
2026-05-18 17:30:00+03:00,0.2776254312521769,0.2776254312521769,-0.038860544127260435
2026-05-18 17:35:00+03:00,0.30043403841450045,0.30043403841450045,0.07373868269474136
2026-05-18 17:40:00+03:00,0.2987121045209902,0.2987121045209902,-0.03827980289105391
2026-05-18 17:45:00+03:00,0.3192977727592285,0.3192977727592285,0.10401767479547656
2026-05-18 17:50:00+03:00,0.3356681062126229,0.3356681062126229,0.1204633871771979
2026-05-18 17:55:00+03:00,0.34489388361572376,0.34489388361572376,0.10999323821575684
2026-05-20 09:55:00+03:00,0.4901792695231853,0.4901792695231853,0.9883845485844298
2026-05-20 10:00:00+03:00,0.6033511566423821,0.6033511566423821,1.1387513871996031
2026-05-20 10:05:00+03:00,0.6801976498750882,0.6801976498750882,1.153138834971005
2026-05-20 10:10:00+03:00,0.7326901834077754,0.7326901834077754,1.1663684035211317
2026-05-20 10:15:00+03:00,0.7649723168896863,0.7649723168896863,1.1382139556309163
2026-05-20 10:20:00+03:00,0.8091488644737642,0.8091488644737642,1.4200341858155505
2026-05-20 10:25:00+03:00,0.8546519203305465,0.8546519203305465,1.7495360603093757
2026-05-20 10:30:00+03:00,0.8904659464549488,0.8904659464549488,1.9306045402654162
2026-05-20 10:35:00+03:00,0.9134343847753451,0.9134343847753451,1.8959661018459302
2026-05-20 10:40:00+03:00,0.8592681872475907,0.8592681872475907,0.9085373716674706
2026-05-20 10:45:00+03:00,0.8457265263499835,0.8457265263499835,1.102153398206605
2026-05-20 10:50:00+03:00,0.7417763670930398,0.7417763670930398,0.44418363895735646
2026-05-20 10:55:00+03:00,0.6546644761671254,0.6546644761671254,0.3415211820526154
2026-05-20 11:00:00+03:00,0.6333466661717264,0.6333466661717264,0.5550999010746638
2026-05-20 11:05:00+03:00,0.5265462672637732,0.5265462672637732,0.0018029369463706765
2026-05-20 11:10:00+03:00,0.4726540414048625,0.4726540414048625,0.11315140359357098
2026-05-20 11:15:00+03:00,0.42182166145493283,0.42182166145493283,0.017795031415216368
2026-05-20 11:20:00+03:00,0.38888579145198277,0.38888579145198277,0.02407797642642902
2026-05-20 11:25:00+03:00,0.3633236191587262,0.3633236191587262,0.00013686213217981767
2026-05-20 11:30:00+03:00,0.35372087051536893,0.35372087051536893,0.04908377098663547
2026-05-20 11:35:00+03:00,0.31814037405838713,0.31814037405838713,-0.15575011842626676
2026-05-20 11:40:00+03:00,0.29557336564523196,0.29557336564523196,-0.1468663540017702
2026-05-20 11:45:00+03:00,0.27681338967475055,0.27681338967475055,-0.17578918583091338
2026-05-20 11:50:00+03:00,0.2814574411382803,0.2814574411382803,-0.04875422920106028
2026-05-20 11:55:00+03:00,0.27844702706044394,0.27844702706044394,-0.09221131516740044
2026-05-20 12:00:00+03:00,0.28155410644179224,0.28155410644179224,-0.05570200334161799
2026-05-20 12:05:00+03:00,0.28043113322227203,0.28043113322227203,-0.07836265104345133
2026-05-20 12:10:00+03:00,0.28122938132467706,0.28122938132467706,-0.06733098919755562
2026-05-20 12:15:00+03:00,0.27718329941761377,0.27718329941761377,-0.10031484620498446
2026-05-20 12:20:00+03:00,0.2692008623553946,0.2692008623553946,-0.13974531991565034
2026-05-20 12:25:00+03:00,0.264181853722179,0.264181853722179,-0.13744488076125966
2026-05-20 12:30:00+03:00,0.2737489731076189,0.2737489731076189,-0.04379164885434694
2026-05-20 12:35:00+03:00,0.2632828906938679,0.2632828906938679,-0.16776648275143904
2026-05-20 12:40:00+03:00,0.25701905739771896,0.25701905739771896,-0.16219002852541123
2026-05-20 12:45:00+03:00,0.24804348240327687,0.24804348240327687,-0.20036838829771583
2026-05-20 12:50:00+03:00,0.23669643975479662,0.23669643975479662,-0.24507046658199835
2026-05-20 12:55:00+03:00,0.22851321016237122,0.22851321016237122,-0.25037982273841825
2026-05-20 13:00:00+03:00,0.2197695152418503,0.2197695152418503,-0.27919297120131903
2026-05-20 13:05:00+03:00,0.22279467390660337,0.22279467390660337,-0.20375286920942837
2026-05-20 13:10:00+03:00,0.22416739505419014,0.22416739505419014,-0.20902121014518027
2026-05-20 13:15:00+03:00,0.21939936905618015,0.21939936905618015,-0.2569601040409468
2026-05-20 13:20:00+03:00,0.2208491840704937,0.2208491840704937,-0.21771738172853394
2026-05-20 13:25:00+03:00,0.2157349578204156,0.2157349578204156,-0.2696628736818433
2026-05-20 13:30:00+03:00,0.215946928722401,0.215946928722401,-0.23834197290154543
2026-05-20 13:35:00+03:00,0.21105532562347684,0.21105532562347684,-0.2822014588759956
2026-05-20 13:40:00+03:00,0.21664720635869542,0.21664720635869542,-0.20651384703373038
2026-05-20 13:45:00+03:00,0.21848742959599932,0.21848742959599932,-0.22209530266147962
2026-05-20 13:50:00+03:00,0.22405653187542618,0.22405653187542618,-0.18665577954603127
2026-05-20 13:55:00+03:00,0.2307354152595168,0.2307354152595168,-0.163224853610078
2026-05-20 14:00:00+03:00,0.24506740801744875,0.24506740801744875,-0.08905688987135797
2026-05-20 14:05:00+03:00,0.26053996275608854,0.26053996275608854,-0.04703499948395577
2026-05-20 14:10:00+03:00,0.2705279892078464,0.2705279892078464,-0.04931622316914593
2026-05-20 14:15:00+03:00,0.2779047953923125,0.2779047953923125,-0.04431252681104516
2026-05-20 14:20:00+03:00,0.2763280442928124,0.2763280442928124,-0.09040155065855196
2026-05-20 14:25:00+03:00,0.2805011727277809,0.2805011727277809,-0.05317876076279253
2026-05-20 14:30:00+03:00,0.28145230989298126,0.28145230989298126,-0.06608117579668411
2026-05-20 14:35:00+03:00,0.29871274715798735,0.29871274715798735,0.04631883810763188
2026-05-20 14:40:00+03:00,0.30996114996139496,0.30996114996139496,0.044643025997214134
2026-05-20 14:45:00+03:00,0.3177103011681002,0.3177103011681002,0.046264817465821374
2026-05-20 14:50:00+03:00,0.3225558748468533,0.3225558748468533,0.04418696936827426
2026-05-20 14:55:00+03:00,0.32327145777730315,0.32327145777730315,0.027777512317017812
2026-05-20 15:00:00+03:00,0.3236861820404779,0.3236861820404779,0.0273683183115929
2026-05-20 15:05:00+03:00,0.3224733305463674,0.3224733305463674,0.017554149528845608
2026-05-20 15:10:00+03:00,0.3219526539670893,0.3219526539670893,0.019456832920378413
2026-05-20 15:15:00+03:00,0.3190995160994683,0.3190995160994683,0.0028016636646184447
2026-05-20 15:20:00+03:00,0.3166525519557357,0.3166525519557357,-0.0008480270234401753
2026-05-20 15:25:00+03:00,0.3150242387211082,0.3150242387211082,-0.0008279292366071836
2026-05-20 15:30:00+03:00,0.3133786314635602,0.3133786314635602,-0.004590252866665459
2026-05-20 15:35:00+03:00,0.3059700809963717,0.3059700809963717,-0.04780671761464148
2026-05-20 15:40:00+03:00,0.2994277496582319,0.2994277496582319,-0.0590429362429695
2026-05-20 15:45:00+03:00,0.2950661954328053,0.2950661954328053,-0.0590429362429695
2026-05-20 15:50:00+03:00,0.29747146815567665,0.29747146815567665,-0.022218346761255243
2026-05-20 15:55:00+03:00,0.3080957350788342,0.3080957350788342,0.03789606149495573
2026-05-20 16:00:00+03:00,0.31840059472561766,0.31840059472561766,0.0587388414566127
2026-05-20 16:05:00+03:00,0.3240081780999792,0.3240081780999792,0.05060871274462764
2026-05-20 16:10:00+03:00,0.332185772044683,0.332185772044683,0.07900798610711442
2026-05-20 16:15:00+03:00,0.3370574794313056,0.3370574794313056,0.0753271127339661
2026-05-20 16:20:00+03:00,0.3284517086233423,0.3284517086233423,-0.0020077937715408576
2026-05-20 16:25:00+03:00,0.34435160992971847,0.34435160992971847,0.1363592771908203
2026-05-20 16:30:00+03:00,0.3544964794219558,0.3544964794219558,0.13356617754597908
2026-05-20 16:35:00+03:00,0.3608729141155303,0.3608729141155303,0.13118879779996417
2026-05-20 16:40:00+03:00,0.3696519578886905,0.3696519578886905,0.1588410877918985
2026-05-20 16:45:00+03:00,0.3764377071744156,0.3764377071744156,0.16449327733052108
2026-05-20 16:50:00+03:00,0.37548446582832334,0.37548446582832334,0.1310908056288185
2026-05-20 16:55:00+03:00,0.3773038138478906,0.3773038138478906,0.14613009656285103
2026-05-20 17:00:00+03:00,0.42033095045604746,0.42033095045604746,0.39132909901332213
2026-05-20 17:05:00+03:00,0.47332989424809613,0.47332989424809613,0.5326036559583444
2026-05-20 17:10:00+03:00,0.5452237450059496,0.5452237450059496,0.7607211383909332
2026-05-20 17:15:00+03:00,0.4926483640021913,0.4926483640021913,0.15942242132168394
2026-05-20 17:20:00+03:00,0.4588620579737178,0.4588620579737178,0.1670734990539149
2026-05-20 17:25:00+03:00,0.3915095810039687,0.3915095810039687,-0.13073358222588327
2026-05-20 17:30:00+03:00,0.4316382110095084,0.4316382110095084,0.4019070195415365
2026-05-20 17:35:00+03:00,0.31567152171176277,0.31567152171176277,-0.7687907848614071
2026-05-20 17:40:00+03:00,0.23336327241039487,0.23336327241039487,-0.8712155449418646
2026-05-20 17:45:00+03:00,0.17919750650376598,0.17919750650376598,-0.8555568926176322
2026-05-20 17:50:00+03:00,0.14406148253652165,0.14406148253652165,-0.834650821998763
2026-05-20 17:55:00+03:00,0.118047032440696,0.118047032440696,-0.8920494711815833
2026-05-21 09:55:00+03:00,0.10040810626683712,0.10040810626683712,-0.8990013394220807
2026-05-21 10:00:00+03:00,0.08917677385864013,0.08917677385864013,-0.8866606336036232
2026-05-21 10:05:00+03:00,0.08593467711575711,0.08593467711575711,-0.7962467907421701
2026-05-21 10:10:00+03:00,0.08019069714392821,0.08019069714392821,-0.8715456424592295
2026-05-21 10:15:00+03:00,0.08318263569556422,0.08318263569556422,-0.7358061498850926
2026-05-21 10:20:00+03:00,0.08000875036254693,0.08000875036254693,-0.8355532542375533
2026-05-21 10:25:00+03:00,0.08773637946293833,0.08773637946293833,-0.6582776341222244
2026-05-21 10:30:00+03:00,0.11535261296775119,0.11535261296775119,-0.37965118291204386
2026-05-21 10:35:00+03:00,0.15517883548880168,0.15517883548880168,-0.18762567627830465
2026-05-21 10:40:00+03:00,0.18369867428567388,0.18369867428567388,-0.17198888294588588
2026-05-21 10:45:00+03:00,0.21628598171858737,0.21628598171858737,-0.07056495100153483
2026-05-21 10:50:00+03:00,0.2435606217996013,0.2435606217996013,-0.03174629886716994
2026-05-21 10:55:00+03:00,0.26407490339249245,0.26407490339249245,-0.015817174835720493
2026-05-21 11:00:00+03:00,0.36653982630298865,0.36653982630298865,0.517172532317015
2026-05-21 11:05:00+03:00,0.41937310686342255,0.41937310686342255,0.42716692713789745
2026-05-21 11:10:00+03:00,0.4482525645737111,0.4482525645737111,0.39061176691175203
2026-05-21 11:15:00+03:00,0.4592091126313576,0.4592091126313576,0.34283095758830284
2026-05-21 11:20:00+03:00,0.44199160348396144,0.44199160348396144,0.1996103660137581
2026-05-21 11:25:00+03:00,0.38621523220688725,0.38621523220688725,-0.08681232020962239
2026-05-21 11:30:00+03:00,0.27843916188284884,0.27843916188284884,-0.9169662548400145
2026-05-21 11:35:00+03:00,0.2058395078070848,0.2058395078070848,-0.9355694801404226
2026-05-21 11:40:00+03:00,0.15219294741730335,0.15219294741730335,-1.0877198701059676
2026-05-21 11:45:00+03:00,0.11563049512324396,0.11563049512324396,-1.1152107897250272
2026-05-21 11:50:00+03:00,0.09091672910651885,0.09091672910651885,-1.1273310736838207
2026-05-21 11:55:00+03:00,0.07403743950421142,0.07403743950421142,-1.1421402703619206
2026-05-21 12:00:00+03:00,0.06239020090216826,0.06239020090216826,-1.1570346113767869
2026-05-21 12:05:00+03:00,0.0540367135088659,0.0540367135088659,-1.1800911399091258
2026-05-21 12:10:00+03:00,0.0454007980881845,0.0454007980881845,-1.3204207487653665
2026-05-21 12:15:00+03:00,0.04142034102851751,0.04142034102851751,-1.2345285057045299
2026-05-21 12:20:00+03:00,0.038651992370796154,0.038651992370796154,-1.2396591452482464
2026-05-21 12:25:00+03:00,0.03672977598468098,0.03672977598468098,-1.2431162598486325
2026-05-21 12:30:00+03:00,0.03427209944388105,0.03427209944388105,-1.299317958120503
2026-05-21 12:35:00+03:00,0.033379497997404445,0.033379497997404445,-1.2629707121039195
2026-05-21 12:40:00+03:00,0.03243603614588726,0.03243603614588726,-1.27962763697359
2026-05-21 12:45:00+03:00,0.03149034312341015,0.03149034312341015,-1.2952561996255096
2026-05-21 12:50:00+03:00,0.030209613938033293,0.030209613938033293,-1.3289294437141588
2026-05-21 12:55:00+03:00,0.029223927919492975,0.029223927919492975,-1.3360386832002868
2026-05-21 13:00:00+03:00,0.028516700989467604,0.028516700989467604,-1.338766174793144
2026-05-21 13:05:00+03:00,0.02775509220455748,0.02775509220455748,-1.3548550531554377
2026-05-21 13:10:00+03:00,0.026819323540507173,0.026819323540507173,-1.3795662733628589
2026-05-21 13:15:00+03:00,0.026328147375918716,0.026328147375918716,-1.371776955767519
2026-05-21 13:20:00+03:00,0.02612275333521839,0.02612275333521839,-1.364715257167948
2026-05-21 13:25:00+03:00,0.02618417176486336,0.02618417176486336,-1.3534458722517229
2026-05-21 13:30:00+03:00,0.02636025247322572,0.02636025247322572,-1.3459091821610814
2026-05-21 13:35:00+03:00,0.02582408681964327,0.02582408681964327,-1.3834473482629228
2026-05-21 13:40:00+03:00,0.021487959161579577,0.021487959161579577,-1.7050703280998454
2026-05-21 13:45:00+03:00,0.018555287731668854,0.018555287731668854,-1.7098624718092543
2026-05-21 13:50:00+03:00,0.01654515704327145,0.01654515704327145,-1.716223438565049
2026-05-21 13:55:00+03:00,0.015136880863218015,0.015136880863218015,-1.7242232768336414
2026-05-21 14:00:00+03:00,0.013940229494412272,0.013940229494412272,-1.7557019532904077
2026-05-21 14:05:00+03:00,0.012795660751902766,0.012795660751902766,-1.801506575050568
2026-05-21 14:10:00+03:00,0.012133254661914632,0.012133254661914632,-1.7877681221825523
2026-05-21 14:15:00+03:00,0.01179845100603564,0.01179845100603564,-1.7735977459117696
2026-05-21 14:20:00+03:00,0.011704978421261085,0.011704978421261085,-1.7569179572620266
2026-05-21 14:25:00+03:00,0.011737419897847209,0.011737419897847209,-1.7450831763309234
2026-05-21 14:30:00+03:00,0.011836406768274054,0.011836406768274054,-1.735628255937516
2026-05-21 14:35:00+03:00,0.011843622192257602,0.011843622192257602,-1.7427952400303532
2026-05-21 14:40:00+03:00,0.012043164115674923,0.012043164115674923,-1.7194398294244804
2026-05-21 14:45:00+03:00,0.01280927124266184,0.01280927124266184,-1.6503629242608553
2026-05-21 14:50:00+03:00,0.013346332569812781,0.013346332569812781,-1.647690015732201
2026-05-21 14:55:00+03:00,0.01396428849878924,0.01396428849878924,-1.6220459626731645
2026-05-21 15:00:00+03:00,0.013745250609093257,0.013745250609093257,-1.6867772427799963
2026-05-21 15:05:00+03:00,0.013721065141283035,0.013721065141283035,-1.6735993821911495
2026-05-21 15:10:00+03:00,0.013576684992269371,0.013576684992269371,-1.6874811180173979
2026-05-21 15:15:00+03:00,0.013509531296979342,0.013509531296979342,-1.684297075630878
2026-05-21 15:20:00+03:00,0.013552279598317153,0.013552279598317153,-1.6748431559112122
2026-05-21 15:25:00+03:00,0.013544703749926603,0.013544703749926603,-1.6787181308982433
2026-05-21 15:30:00+03:00,0.013610125836801382,0.013610125836801382,-1.6711764333227475
2026-05-21 15:35:00+03:00,0.01371318953326601,0.01371318953326601,-1.6649028917212965
2026-05-21 15:40:00+03:00,0.013612977876614958,0.013612977876614958,-1.6829417768159527
2026-05-21 15:45:00+03:00,0.013415794434071742,0.013415794434071742,-1.6973302424762304
2026-05-21 15:50:00+03:00,0.01332378263997768,0.01332378263997768,-1.6929326617124505
2026-05-21 15:55:00+03:00,0.013403948682280061,0.013403948682280061,-1.6774713455203056
2026-05-21 16:00:00+03:00,0.016995410130726488,0.016995410130726488,-1.394974577414041
2026-05-21 16:05:00+03:00,0.0198254172752152,0.0198254172752152,-1.3690723766966877
2026-05-21 16:10:00+03:00,0.02155046685423478,0.02155046685423478,-1.3785264004599709
2026-05-21 16:15:00+03:00,0.022471357413571577,0.022471357413571577,-1.3922408667613237
2026-05-21 16:20:00+03:00,0.02290999513603933,0.02290999513603933,-1.4029898402738217
2026-05-21 16:25:00+03:00,0.023210105415471374,0.023210105415471374,-1.402513740629899
2026-05-21 16:30:00+03:00,0.023798986221514308,0.023798986221514308,-1.378995403492806
2026-05-21 16:35:00+03:00,0.02465267662822451,0.02465267662822451,-1.3524532679333934
2026-05-21 16:40:00+03:00,0.027274253848876356,0.027274253848876356,-1.2486967005999092
2026-05-21 16:45:00+03:00,0.04368153596470864,0.04368153596470864,-0.8159639835681477
2026-05-21 16:50:00+03:00,0.11935086949912822,0.11935086949912822,-0.09642322170830257
2026-05-21 16:55:00+03:00,0.18735926037201794,0.18735926037201794,0.02487191854440753
2026-05-21 17:00:00+03:00,0.23727404080756745,0.23727404080756745,0.05465098917779215
2026-05-21 17:05:00+03:00,0.34843597771911644,0.34843597771911644,0.51578224731653
2026-05-21 17:10:00+03:00,0.38239189533069384,0.38239189533069384,0.283390972264543
2026-05-21 17:15:00+03:00,0.3270107967472743,0.3270107967472743,-0.2386880098049582
2026-05-21 17:25:00+03:00,0.37094771998978127,0.37094771998978127,0.29987340245054694
2026-05-21 17:30:00+03:00,0.42066388025887314,0.42066388025887314,0.41766086734815383
2026-05-21 17:35:00+03:00,0.4750956657524707,0.4750956657524707,0.5417350531855987
2026-05-21 17:40:00+03:00,0.5171475409939728,0.5171475409939728,0.5761016508844746
2026-05-22 09:55:00+03:00,0.5455060103292525,0.5455060103292525,0.5780468156966694
2026-05-22 10:00:00+03:00,0.5045215007713163,0.5045215007713163,0.22924564750746193
2026-05-22 10:05:00+03:00,0.5277965334317711,0.5277965334317711,0.5228133684211063
2026-05-22 10:10:00+03:00,0.48093627118919574,0.48093627118919574,0.15885261520237584
2026-05-22 10:15:00+03:00,0.44984565633165624,0.44984565633165624,0.15975960664789662
2026-05-22 10:20:00+03:00,0.39955020936812075,0.39955020936812075,-0.029800320139171343
2026-05-22 10:25:00+03:00,0.3642300948905964,0.3642300948905964,-0.04215583269104282
2026-05-22 10:30:00+03:00,0.34449407133681237,0.34449407133681237,-0.016001479012632845
2026-05-22 10:35:00+03:00,0.3398025532876039,0.3398025532876039,0.040229620895816866
2026-05-22 10:40:00+03:00,0.33989642962516675,0.33989642962516675,0.06103620100704017
2026-05-22 10:45:00+03:00,0.327855186443718,0.327855186443718,-0.018832174433306578
2026-05-22 10:50:00+03:00,0.3196862245524782,0.3196862245524782,-0.019795261878463234
2026-05-22 10:55:00+03:00,0.30858476314740196,0.30858476314740196,-0.05895195849376772
2026-05-22 11:00:00+03:00,0.2987123366237949,0.2987123366237949,-0.07649516736115282
2026-05-22 11:05:00+03:00,0.3135125153036646,0.3135125153036646,0.06749675677956257
2026-05-22 11:10:00+03:00,0.3232130696247567,0.3232130696247567,0.06643487213953984
2026-05-22 11:15:00+03:00,0.3514889150344687,0.3514889150344687,0.20057190841036138
2026-05-22 11:20:00+03:00,0.37452544035653074,0.37452544035653074,0.2254013169888153
2026-05-22 11:25:00+03:00,0.5590270471713692,0.5590270471713692,1.605721968705341
2026-05-22 11:30:00+03:00,0.6820824744720919,0.6820824744720919,1.6068945186870935
2026-05-22 11:35:00+03:00,0.7647588506985348,0.7647588506985348,1.620875680272569
2026-05-22 11:40:00+03:00,0.8337366111659569,0.8337366111659569,2.0754409537742156
2026-05-22 11:45:00+03:00,0.8809376712322567,0.8809376712322567,2.143420207299099
2026-05-22 11:50:00+03:00,0.9123153660483024,0.9123153660483024,2.138082210199574
2026-05-22 11:55:00+03:00,0.9362667248001578,0.9362667248001578,2.36039476456103
2026-05-22 12:00:00+03:00,0.9528608777554807,0.9528608777554807,2.4219532207822385
2026-05-22 12:05:00+03:00,0.936458985089334,0.936458985089334,1.4530139090501604
2026-05-22 12:10:00+03:00,0.952177229397848,0.952177229397848,2.343571075484427
2026-05-22 12:15:00+03:00,0.9633452706293718,0.9633452706293718,2.409288765697537
2026-05-22 12:20:00+03:00,0.9705055226140278,0.9705055226140278,2.381037353696828
2026-05-22 12:25:00+03:00,0.9757599327771733,0.9757599327771733,2.4296708717667004
2026-05-22 12:30:00+03:00,0.9766082025311038,0.9766082025311038,2.206331726060167
2026-05-22 12:35:00+03:00,0.9800250528003283,0.9800250528003283,2.45102774014396
2026-05-22 12:40:00+03:00,0.9822148960594616,0.9822148960594616,2.44135071829597
2026-05-22 12:45:00+03:00,0.9836677719528595,0.9836677719528595,2.440587412208442
2026-05-22 12:50:00+03:00,0.9848685216721269,0.9848685216721269,2.4664819909237123
2026-05-22 12:55:00+03:00,0.9855304231425472,0.9855304231425472,2.450860288552007
2026-05-22 13:00:00+03:00,0.9860759003452919,0.9860759003452919,2.4625594914267985
2026-05-22 13:05:00+03:00,0.9866155006962977,0.9866155006962977,2.4829663146732552
2026-05-22 13:10:00+03:00,0.9867853655852126,0.9867853655852126,2.4609805950242962
2026-05-22 13:15:00+03:00,0.9863593202600807,0.9863593202600807,2.403405080842651
2026-05-22 13:20:00+03:00,0.9862156356514168,0.9862156356514168,2.417754075473318
2026-05-22 13:25:00+03:00,0.9831928645813263,0.9831928645813263,2.1808287247345626
2026-05-22 13:30:00+03:00,0.9815122868847885,0.9815122868847885,2.2028715133010333
2026-05-22 13:35:00+03:00,0.9811536030258463,0.9811536030258463,2.2569895465231533
2026-05-22 13:40:00+03:00,0.9826315680236507,0.9826315680236507,2.4061086708931083
2026-05-22 13:45:00+03:00,0.9842638824759082,0.9842638824759082,2.476449582998443
2026-05-22 13:50:00+03:00,0.9854043163007459,0.9854043163007459,2.4825907718429674
2026-05-22 13:55:00+03:00,0.9860488132238786,0.9860488132238786,2.4690764074854137
2026-05-22 14:00:00+03:00,0.9863910776478468,0.9863910776478468,2.4591159829582345
2026-05-22 14:05:00+03:00,0.9855146263120412,0.9855146263120412,2.347996234801013
2026-05-22 14:10:00+03:00,0.9877397501488606,0.9877397501488606,2.7032534197553395
2026-05-22 14:15:00+03:00,0.989175888531407,0.989175888531407,2.6945504698232265
2026-05-22 14:20:00+03:00,0.9893782901499605,0.9893782901499605,2.573207429623497
2026-05-22 14:25:00+03:00,0.9901770187970814,0.9901770187970814,2.67818351205386
2026-05-22 14:30:00+03:00,0.9907323079592106,0.9907323079592106,2.6822233247728215
2026-05-22 14:35:00+03:00,0.9913402975229813,0.9913402975229813,2.726475086721632
2026-05-22 14:40:00+03:00,0.9919194904838323,0.9919194904838323,2.761580665240631
2026-05-22 14:45:00+03:00,0.9934205979664686,0.9934205979664686,3.079902260035371
2026-05-22 14:50:00+03:00,0.993424114058398,0.993424114058398,2.7868824332862925
2026-05-22 14:55:00+03:00,0.9943965493482354,0.9943965493482354,3.06906936658819
2026-05-22 15:00:00+03:00,0.99507060588808,0.99507060588808,3.0793515400357214
2026-05-22 15:05:00+03:00,0.9956163344079862,0.9956163344079862,3.119867824582152
2026-05-22 15:10:00+03:00,0.9959520120243063,0.9959520120243063,3.1076796171138326
2026-05-22 15:15:00+03:00,0.9965956901463925,0.9965956901463925,3.3322837366837614
2026-05-22 15:20:00+03:00,0.9965263264338181,0.9965263264338181,3.0751856765632684
2026-05-22 15:25:00+03:00,0.9968097440252612,0.9968097440252612,3.2291322019443496
2026-05-22 15:30:00+03:00,0.9971718564570966,0.9971718564570966,3.335253180029796
2026-05-22 15:35:00+03:00,0.9976935282440537,0.9976935282440537,3.580433264430416
2026-05-22 15:40:00+03:00,0.9980511383093639,0.9980511383093639,3.591779684317134
2026-05-22 15:45:00+03:00,0.9982725770565033,0.9982725770565033,3.572356569074684
2026-05-22 15:50:00+03:00,0.998438793467791,0.998438793467791,3.5936788426591857
2026-05-22 15:55:00+03:00,0.998533985033377,0.998533985033377,3.575701533202714
2026-05-22 16:00:00+03:00,0.9985825390067875,0.9985825390067875,3.559148864099447
2026-05-22 16:05:00+03:00,0.9986384159475206,0.9986384159475206,3.5855172126647545
2026-05-22 16:10:00+03:00,0.9984612766562352,0.9984612766562352,3.386034828326353
2026-05-22 16:15:00+03:00,0.9984270434310134,0.9984270434310134,3.4545689819151044
2026-05-22 16:20:00+03:00,0.998414405839854,0.998414405839854,3.4635980537742412
2026-05-22 16:25:00+03:00,0.9983810242958424,0.9983810242958424,3.441766835798101
2026-05-22 16:30:00+03:00,0.9983973931766328,0.9983973931766328,3.4759866980056806
2026-05-22 16:35:00+03:00,0.9984466530038356,0.9984466530038356,3.5125537338465445
2026-05-22 16:40:00+03:00,0.99490161252897,0.99490161252897,2.4875997591148993
2026-05-22 16:45:00+03:00,0.9851023344093827,0.9851023344093827,1.97752339374719
2026-05-22 16:50:00+03:00,0.9797224796122105,0.9797224796122105,2.02993114194424
2026-05-22 16:55:00+03:00,0.9349933908753644,0.9349933908753644,1.1946605836527848
2026-05-22 17:00:00+03:00,0.9380360566452653,0.9380360566452653,1.735377938091378
2026-05-22 17:05:00+03:00,0.9385822742809158,0.9385822742809158,1.69637829597136
2026-05-22 17:10:00+03:00,0.9421440490648166,0.9421440490648166,1.7843383416225957
2026-05-22 17:15:00+03:00,0.940851128130489,0.940851128130489,1.6845782384047632
2026-05-22 17:20:00+03:00,0.9121022204864736,0.9121022204864736,1.2288079950633077
2026-05-22 17:25:00+03:00,0.8856136797850083,0.8856136797850083,1.1488085222587487
2026-05-22 17:30:00+03:00,0.8731519316847166,0.8731519316847166,1.2046249985063135
2026-05-22 17:35:00+03:00,0.9021394749960977,0.9021394749960977,1.9051960332107143
2026-05-22 17:40:00+03:00,0.9217934938737871,0.9217934938737871,1.9177099049534116
2026-05-22 17:45:00+03:00,0.9191461455746474,0.9191461455746474,1.5120623853920245
2026-05-22 17:50:00+03:00,0.9349732024591819,0.9349732024591819,1.9939670477298088
2026-05-22 17:55:00+03:00,0.930465437320276,0.930465437320276,1.5603339010953479
2026-05-25 09:55:00+03:00,0.7188484184005197,0.7188484184005197,-0.037482014180123716
2026-05-25 10:00:00+03:00,0.5971814159103476,0.5971814159103476,0.09018093910771637
2026-05-25 10:05:00+03:00,0.5015930515761604,0.5015930515761604,-0.0038528811311882814
2026-05-25 10:10:00+03:00,0.43399867001982967,0.43399867001982967,-0.030142379917132252
2026-05-25 10:15:00+03:00,0.38899224881407984,0.38899224881407984,-0.02975433085047291
2026-05-25 10:20:00+03:00,0.3614385493636508,0.3614385493636508,-0.013042256018874286
2026-05-25 10:25:00+03:00,0.343908714124751,0.343908714124751,-0.007370426587390604
2026-05-25 10:30:00+03:00,0.3407129617830174,0.3407129617830174,0.04866580387160364
2026-05-25 10:35:00+03:00,0.34846481754975756,0.34846481754975756,0.111285015850191
2026-05-25 10:40:00+03:00,0.3472652431187634,0.3472652431187634,0.07122411559740152
2026-05-25 10:45:00+03:00,0.35371088483550334,0.35371088483550334,0.11673464028244887
2026-05-25 10:50:00+03:00,0.3514951892431456,0.3514951892431456,0.07588380303399676
2026-05-25 10:55:00+03:00,0.36027794017076614,0.36027794017076614,0.13981548548067682
2026-05-25 11:00:00+03:00,0.36805971977380453,0.36805971977380453,0.15157645133136552
2026-05-25 11:05:00+03:00,0.36939567220560626,0.36939567220560626,0.1279918089637262
2026-05-25 11:10:00+03:00,0.3562006708606991,0.3562006708606991,0.038908739626264434
2026-05-25 11:15:00+03:00,0.3584890362185748,0.3584890362185748,0.10941312055274434
2026-05-25 11:20:00+03:00,0.35967417143559793,0.35967417143559793,0.10729296762380057
2026-05-25 11:25:00+03:00,0.3601469317993101,0.3601469317993101,0.10531441747679399
2026-05-25 11:30:00+03:00,0.3502974475907941,0.3502974475907941,0.0406176393811501
2026-05-25 11:35:00+03:00,0.3470826419702095,0.3470826419702095,0.06225173043731253
2026-05-25 11:40:00+03:00,0.34793564307755803,0.34793564307755803,0.08133192128097323
2026-05-25 11:45:00+03:00,0.34705320134229417,0.34705320134229417,0.07212042062901894
2026-05-25 11:50:00+03:00,0.34444985188907756,0.34444985188907756,0.05923726105629603
2026-05-25 11:55:00+03:00,0.3352089242212169,0.3352089242212169,0.010213401397231488
2026-05-25 12:00:00+03:00,0.32861317413816477,0.32861317413816477,0.007316298824687027
2026-05-25 12:05:00+03:00,0.3240571181365172,0.3240571181365172,0.006256806059970306
2026-05-25 12:10:00+03:00,0.3250148020792557,0.3250148020792557,0.032642665788957956
2026-05-25 12:15:00+03:00,0.3251388096872201,0.3251388096872201,0.02927369811573346
2026-05-25 12:20:00+03:00,0.32680478522737566,0.32680478522737566,0.03961628918304909
2026-05-25 12:25:00+03:00,0.32605018126098456,0.32605018126098456,0.027423782652055254
2026-05-25 12:30:00+03:00,0.31926846099075723,0.31926846099075723,-0.01445671071577161
2026-05-25 12:35:00+03:00,0.3096270637418275,0.3096270637418275,-0.04968817879566034
2026-05-25 12:40:00+03:00,0.2951810826463324,0.2951810826463324,-0.10717234805398856
2026-05-25 12:45:00+03:00,0.2988991903117461,0.2988991903117461,-0.013032648914074074
2026-05-25 12:50:00+03:00,0.3103785032361082,0.3103785032361082,0.04654231612161493
2026-05-25 12:55:00+03:00,0.31775814022672766,0.31775814022672766,0.04477155459718506
2026-05-25 13:00:00+03:00,0.3187472599538708,0.3187472599538708,0.019047738586260805
2026-05-25 13:05:00+03:00,0.3085221109599506,0.3085221109599506,-0.05499169638186962
2026-05-25 13:10:00+03:00,0.29554073056777214,0.29554073056777214,-0.09912801170322402
2026-05-25 13:15:00+03:00,0.27641230244585435,0.27641230244585435,-0.17879332851208207
2026-05-25 13:20:00+03:00,0.27425242704041436,0.27425242704041436,-0.09826413779161909
2026-05-25 13:25:00+03:00,0.2718587672262509,0.2718587672262509,-0.1052531313273208
2026-05-25 13:30:00+03:00,0.4761992993227667,0.4761992993227667,1.3575263703425118
2026-05-25 13:35:00+03:00,0.5740228550102219,0.5740228550102219,0.9578749953627904
2026-05-25 13:40:00+03:00,0.5959297848336114,0.5959297848336114,0.654575254806488
2026-05-25 13:45:00+03:00,0.6555499691228366,0.6555499691228366,0.9718416569282263
2026-05-25 13:50:00+03:00,0.6563764826908471,0.6563764826908471,0.6930869605646234
2026-05-25 13:55:00+03:00,0.6505356609451443,0.6505356609451443,0.6527243830554539
2026-05-25 14:00:00+03:00,0.6476019887898872,0.6476019887898872,0.6587248009059123
2026-05-25 14:05:00+03:00,0.6452702817683138,0.6452702817683138,0.6563731030396088
2026-05-25 14:10:00+03:00,0.6461856304200502,0.6461856304200502,0.671884552389719
2026-05-25 14:15:00+03:00,0.6440449925590115,0.6440449925590115,0.6546170383886913
2026-05-25 14:20:00+03:00,0.639532099529194,0.639532099529194,0.6354511832734803
2026-05-25 14:25:00+03:00,0.664629751998846,0.664629751998846,0.819938868029268
2026-05-25 14:30:00+03:00,0.6481545599820209,0.6481545599820209,0.6041960100588677
2026-05-25 14:35:00+03:00,0.6276035367280844,0.6276035367280844,0.5467597027260183
2026-05-25 14:40:00+03:00,0.6127883076700532,0.6127883076700532,0.5401529902181585
2026-05-25 14:45:00+03:00,0.6038169086254618,0.6038169086254618,0.5455188789567427
2026-05-25 14:50:00+03:00,0.598744790867528,0.598744790867528,0.5509152716614439
2026-05-25 14:55:00+03:00,0.5952151105402607,0.5952151105402607,0.5500341520940109
2026-05-25 15:00:00+03:00,0.5900502110302078,0.5900502110302078,0.5333766759829309
2026-05-25 15:05:00+03:00,0.5859718170891423,0.5859718170891423,0.5296271484891996
2026-05-25 15:10:00+03:00,0.5880234045866652,0.5880234045866652,0.5579102912259921
2026-05-25 15:15:00+03:00,0.5887518500022223,0.5887518500022223,0.5541033474919347
2026-05-25 15:20:00+03:00,0.5871911996595859,0.5871911996595859,0.5419535863168465
2026-05-25 15:25:00+03:00,0.6199991432316858,0.6199991432316858,0.7531392121124826
2026-05-25 15:30:00+03:00,0.6740605673023977,0.6740605673023977,0.9924112774789929
2026-05-25 15:35:00+03:00,0.7102341746643945,0.7102341746643945,0.9935326794219226
2026-05-25 15:40:00+03:00,0.6983596192686514,0.6983596192686514,0.7288705875331469
2026-05-25 15:45:00+03:00,0.6888269172226894,0.6888269172226894,0.7183131041164704
2026-05-25 15:50:00+03:00,0.6613564000841353,0.6613564000841353,0.5864583624875231
2026-05-25 15:55:00+03:00,0.6403892320633578,0.6403892320633578,0.5705123788317848
2026-05-25 16:00:00+03:00,0.626969555698646,0.626969555698646,0.5738593212361944
2026-05-25 16:05:00+03:00,0.6120787185896945,0.6120787185896945,0.5384545926657642
2026-05-25 16:10:00+03:00,0.6092284315778119,0.6092284315778119,0.5806616590796808
2026-05-25 16:15:00+03:00,0.6203778735550495,0.6203778735550495,0.6606918503634147
2026-05-25 16:20:00+03:00,0.6518751394753954,0.6518751394753954,0.8200438715316171
2026-05-25 16:25:00+03:00,0.6659083406017862,0.6659083406017862,0.7718831938091998
2026-05-25 16:30:00+03:00,0.6124453148732218,0.6124453148732218,0.3896670674604037
2026-05-25 16:35:00+03:00,0.4911641971365216,0.4911641971365216,-0.15157370530161293
2026-05-25 16:40:00+03:00,0.4131166770443762,0.4131166770443762,-0.13018823498414508
2026-05-25 16:45:00+03:00,0.3628149302296533,0.3628149302296533,-0.11723457895678008
2026-05-25 16:50:00+03:00,0.3287167856820933,0.3287167856820933,-0.12143672045524133
2026-05-25 16:55:00+03:00,0.3077346288957533,0.3077346288957533,-0.10844706979377304
2026-05-25 17:00:00+03:00,0.2892868403028503,0.2892868403028503,-0.14189070843426066
2026-05-25 17:05:00+03:00,0.2771787788568842,0.2771787788568842,-0.14043899604830531
2026-05-25 17:10:00+03:00,0.26938335862096296,0.26938335862096296,-0.1383344583481454
2026-05-25 17:15:00+03:00,0.26623950619468834,0.26623950619468834,-0.1228539449643506
2026-05-25 17:20:00+03:00,0.2647762243277508,0.2647762243277508,-0.11813215066691483
2026-05-25 17:25:00+03:00,0.2621895719701812,0.2621895719701812,-0.13020172520660098
2026-05-25 17:30:00+03:00,0.2604077540569426,0.2604077540569426,-0.1306343181929309
2026-05-25 17:35:00+03:00,0.2672610413316704,0.2672610413316704,-0.07173502414287672
2026-05-25 17:40:00+03:00,0.2652162116119072,0.2652162116119072,-0.11992859536299003
2026-05-25 17:45:00+03:00,0.26377275740376294,0.26377275740376294,-0.12052729623995344
2026-05-25 17:50:00+03:00,0.26365602051659276,0.26365602051659276,-0.11423558818118328
2026-05-25 17:55:00+03:00,0.2694265523047705,0.2694265523047705,-0.07173502414287672
2026-05-26 09:55:00+03:00,0.2723029741890819,0.2723029741890819,-0.07867178846608422
2026-05-26 10:00:00+03:00,0.29809872612317656,0.29809872612317656,0.08143442257340634
2026-05-26 10:05:00+03:00,0.31042685091412986,0.31042685091412986,0.05030675924166094
2026-05-26 10:10:00+03:00,0.304808538252871,0.304808538252871,-0.04219736313638096
2026-05-26 10:15:00+03:00,0.3003327612392733,0.3003327612392733,-0.04727630608327852
2026-05-26 10:20:00+03:00,0.2993523695005562,0.2993523695005562,-0.033394427756644605
2026-05-26 10:25:00+03:00,0.3482371433936149,0.3482371433936149,0.2750551890956709
2026-05-26 10:30:00+03:00,0.3518825066940755,0.3518825066940755,0.10131872122722427
2026-05-26 10:35:00+03:00,0.3455324756703226,0.3455324756703226,0.04545227994110105
2026-05-26 10:40:00+03:00,0.35904104540641363,0.35904104540641363,0.15651085120279096
2026-05-26 10:45:00+03:00,0.3562102446178614,0.3562102446178614,0.08324437165944536
2026-05-26 10:50:00+03:00,0.3670826360171695,0.3670826360171695,0.16210876843648814
2026-05-26 10:55:00+03:00,0.35853647827068374,0.35853647827068374,0.06394061172186331
2026-05-26 11:00:00+03:00,0.3460440712624409,0.3460440712624409,0.019782511517900947
2026-05-26 11:05:00+03:00,0.33830035284249227,0.33830035284249227,0.023636631716151938
2026-05-26 11:10:00+03:00,0.32607642211160115,0.32607642211160115,-0.02370567979751337
2026-05-26 11:15:00+03:00,0.3287705139815604,0.3287705139815604,0.04831489890921585
2026-05-26 11:20:00+03:00,0.3253455011880855,0.3253455011880855,0.014127888798626186
2026-05-26 11:25:00+03:00,0.3294816927626946,0.3294816927626946,0.05604682752488594
2026-05-26 11:30:00+03:00,0.3181556792160213,0.3181556792160213,-0.037737160908716524
2026-05-26 11:35:00+03:00,0.3107206462332098,0.3107206462332098,-0.03693793470999223
2026-05-26 11:40:00+03:00,0.30647327266787666,0.30647327266787666,-0.0320475624543384
2026-05-26 11:45:00+03:00,0.3038839440992245,0.3038839440992245,-0.030381957962791226
2026-05-26 11:50:00+03:00,0.3055587125286312,0.3055587125286312,-0.00723736850072276
2026-05-26 11:55:00+03:00,0.30558659132147686,0.30558659132147686,-0.014598377607324
2026-05-26 12:00:00+03:00,0.305605177183374,0.305605177183374,-0.014598377607324
2026-05-26 12:05:00+03:00,0.3047982158446127,0.3047982158446127,-0.020167647303512146
2026-05-26 12:10:00+03:00,0.32804170645781855,0.32804170645781855,0.13303883069480668
2026-05-26 12:15:00+03:00,0.34181912301942863,0.34181912301942863,0.12245235108974606
2026-05-26 12:20:00+03:00,0.352294520731064,0.352294520731064,0.13040868812558268
2026-05-26 12:25:00+03:00,0.3418884732682486,0.3418884732682486,0.0198201930073312
2026-05-26 12:35:00+03:00,0.3295618881531214,0.3295618881531214,-0.016257937317981974
2026-06-01 09:55:00+03:00,0.3079037773323459,0.3079037773323459,-0.11135910137213419
2026-06-01 10:00:00+03:00,0.2908268195518041,0.2908268195518041,-0.1310647503940055
2026-06-01 10:05:00+03:00,0.27790754766146025,0.27790754766146025,-0.14271041826306305
2026-06-01 10:10:00+03:00,0.26878638977220204,0.26878638977220204,-0.14659874485597196
2026-06-01 10:15:00+03:00,0.2625671845573637,0.2625671845573637,-0.14766041857527498
2026-06-01 10:20:00+03:00,0.25853420079997397,0.25853420079997397,-0.14679253673193196
2026-06-01 10:25:00+03:00,0.25586960173495316,0.25586960173495316,-0.1466081227129629
2026-06-01 10:30:00+03:00,0.2599125033503011,0.2599125033503011,-0.10298396519373032
2026-06-01 10:35:00+03:00,0.2641000908654533,0.2641000908654533,-0.09209255831120568
2026-06-01 10:40:00+03:00,0.26505663903528953,0.26505663903528953,-0.1055024508434037
2026-06-01 10:45:00+03:00,0.2623404423131684,0.2623404423131684,-0.13047364486595203
2026-06-01 10:50:00+03:00,0.26264786562440534,0.26264786562440534,-0.11463086693463485
2026-06-01 10:55:00+03:00,0.2603505127437566,0.2603505127437566,-0.13337353829257834
2026-06-01 11:00:00+03:00,0.25371068519267465,0.25371068519267465,-0.1727958684161561
2026-06-01 11:05:00+03:00,0.24484012265227045,0.24484012265227045,-0.208512238939905
2026-06-01 11:10:00+03:00,0.23823710624642044,0.23823710624642044,-0.21418270548997978
2026-06-01 11:15:00+03:00,0.23995244013190511,0.23995244013190511,-0.16507296389148807
2026-06-01 11:20:00+03:00,0.2432406501844076,0.2432406501844076,-0.14845803104851366
2026-06-01 11:25:00+03:00,0.2473778735472091,0.2473778735472091,-0.13363440638270094
2026-06-01 11:30:00+03:00,0.24778499381834718,0.24778499381834718,-0.15158070984692562
2026-06-01 11:35:00+03:00,0.24677954070184566,0.24677954070184566,-0.16147022850422174
2026-06-01 11:40:00+03:00,0.2469876761142139,0.2469876761142139,-0.15465554097413503
2026-06-01 11:45:00+03:00,0.2615482920468301,0.2615482920468301,-0.04893110432687626
2026-06-01 11:50:00+03:00,0.2585797394470682,0.2585797394470682,-0.14125179326919385
2026-06-01 11:55:00+03:00,0.2566007043805602,0.2566007043805602,-0.14125179326919385
2026-06-01 12:00:00+03:00,0.2552813476695549,0.2552813476695549,-0.14125179326919385
2026-06-01 12:05:00+03:00,0.25617304210869396,0.25617304210869396,-0.12784252461757342
2026-06-01 12:10:00+03:00,0.2553270633568155,0.2553270633568155,-0.13873330761952044
2026-06-01 12:15:00+03:00,0.25770424020158467,0.25770424020158467,-0.11662183692406611
2026-06-01 12:20:00+03:00,0.25908874791359887,0.25908874791359887,-0.11811203888353085
2026-06-01 12:25:00+03:00,0.25884020881199926,0.25884020881199926,-0.1268737885418721
2026-06-01 12:30:00+03:00,0.25901821772353006,0.25901821772353006,-0.12429533565142158
2026-06-01 12:35:00+03:00,0.2569418164012514,0.2569418164012514,-0.1408799313328271
2026-06-01 12:40:00+03:00,0.2534335563973003,0.2534335563973003,-0.15720185377649146
2026-06-01 12:45:00+03:00,0.25096735359461914,0.25096735359461914,-0.15818951617549615
2026-06-01 12:50:00+03:00,0.25053179543154486,0.25053179543154486,-0.1488584672537078
2026-06-01 12:55:00+03:00,0.24857699723462148,0.24857699723462148,-0.16173299463670499
2026-06-01 13:00:00+03:00,0.24708260459256165,0.24708260459256165,-0.16322319659616977
2026-06-01 13:05:00+03:00,0.24577868481397788,0.24577868481397788,-0.1656261296523849
2026-06-01 13:10:00+03:00,0.24627849186085574,0.24627849186085574,-0.15497984128455808
2026-06-01 13:15:00+03:00,0.24766645714211855,0.24766645714211855,-0.14685858754513864
2026-06-01 13:20:00+03:00,0.2492954630429151,0.2492954630429151,-0.14147836336230094
2026-06-01 13:25:00+03:00,0.2559992350683013,0.2559992350683013,-0.09954519653218698
2026-06-01 13:30:00+03:00,0.25360237189994517,0.25360237189994517,-0.15104302746402282
2026-06-01 13:35:00+03:00,0.2519051657433778,0.2519051657433778,-0.15180798378711902
2026-06-01 13:40:00+03:00,0.2500775499023432,0.2500775499023432,-0.15718820796995675
2026-06-01 13:45:00+03:00,0.2488591393416535,0.2488591393416535,-0.15718820796995675
2026-06-01 13:50:00+03:00,0.24894450972680174,0.24894450972680174,-0.15025633693821777
2026-06-01 13:55:00+03:00,0.24797215951747328,0.24797215951747328,-0.158208884567497
2026-06-01 14:00:00+03:00,0.24723312233599273,0.24723312233599273,-0.15891368712242293
2026-06-01 14:05:00+03:00,0.24794808775618646,0.24794808775618646,-0.14958263820063455
2026-06-01 14:10:00+03:00,0.24842473136964896,0.24842473136964896,-0.14958263820063455
2026-06-01 14:15:00+03:00,0.24793057887532335,0.24793057887532335,-0.15584584507925167
2026-06-01 14:20:00+03:00,0.24775905223995448,0.24775905223995448,-0.15462448792818698
2026-06-01 14:25:00+03:00,0.24952600896051444,0.24952600896051444,-0.14019209170757793
2026-06-01 14:30:00+03:00,0.24990128838695538,0.24990128838695538,-0.14632342456536715
2026-06-01 14:35:00+03:00,0.24945131555997294,0.24945131555997294,-0.15170364874820488
2026-06-01 14:40:00+03:00,0.24915133367531797,0.24915133367531797,-0.15170364874820488
2026-06-01 14:45:00+03:00,0.24895134575221467,0.24895134575221467,-0.15170364874820488
2026-06-01 14:50:00+03:00,0.2488992280703744,0.2488992280703744,-0.1510780731932273
2026-06-01 14:55:00+03:00,0.24886448294914756,0.24886448294914756,-0.1510780731932273
2026-06-01 15:00:00+03:00,0.2510802358598188,0.2510802358598188,-0.13398888634017656
2026-06-01 15:05:00+03:00,0.252557404466933,0.252557404466933,-0.13398888634017656
2026-06-01 15:10:00+03:00,0.25354218353834246,0.25354218353834246,-0.13398888634017656
2026-06-01 15:15:00+03:00,0.2544753042157953,0.2544753042157953,-0.13189831901159815
2026-06-01 15:20:00+03:00,0.3316530647504399,0.3316530647504399,0.3522182329181285
2026-06-01 15:25:00+03:00,0.38770296780136815,0.38770296780136815,0.3786965758924826
2026-06-01 15:30:00+03:00,0.420248298299627,0.420248298299627,0.35093214978299764
2026-06-01 15:35:00+03:00,0.4419366669768555,0.4419366669768555,0.35088306700398925
2026-06-01 15:40:00+03:00,0.45336885002246735,0.45336885002246735,0.3334317113242041
2026-06-01 15:45:00+03:00,0.45624212122048124,0.45624212122048124,0.3059895023614681
2026-06-01 15:50:00+03:00,0.4561964696332821,0.4561964696332821,0.29462255870434434
2026-06-01 15:55:00+03:00,0.45913368603412447,0.45913368603412447,0.31181496393334895
2026-06-01 16:00:00+03:00,0.4666002868419426,0.4666002868419426,0.34362131411325686
2026-06-01 16:05:00+03:00,0.46978152066627915,0.46978152066627915,0.333260092116435
2026-06-01 16:10:00+03:00,0.4268290521489135,0.4268290521489135,0.06283064492948431
2026-06-01 16:15:00+03:00,0.3996004614834026,0.3996004614834026,0.07181259004609661
2026-06-01 16:20:00+03:00,0.4224533330649678,0.4224533330649678,0.3178888664841465
2026-06-01 16:25:00+03:00,0.39319548101318036,0.39319548101318036,0.04943803254453822
2026-06-01 16:30:00+03:00,0.5242174994523519,0.5242174994523519,1.00397358742669
2026-06-01 16:35:00+03:00,0.6342412011737821,0.6342412011737821,1.227589776511233
2026-06-01 16:40:00+03:00,0.7437998911921061,0.7437998911921061,1.9415494147923356
2026-06-01 16:45:00+03:00,0.8210559015056995,0.8210559015056995,2.147991263599483
2026-06-01 16:50:00+03:00,0.8741432621031769,0.8741432621031769,2.254040556351563
2026-06-01 16:55:00+03:00,0.9100380751319632,0.9100380751319632,2.293066630217457
2026-06-01 17:00:00+03:00,0.93400892007524,0.93400892007524,2.296382542296031
2026-06-01 17:05:00+03:00,0.9507567196782636,0.9507567196782636,2.36295338807483
2026-06-01 17:10:00+03:00,0.9623750478923182,0.9623750478923182,2.406926896650264
2026-06-01 17:15:00+03:00,0.9687008672907452,0.9687008672907452,2.2804502791823804
2026-06-01 17:20:00+03:00,0.972062867756824,0.972062867756824,2.217349790324597
2026-06-01 17:25:00+03:00,0.966854272264312,0.966854272264312,1.8610429177625614
2026-06-01 17:30:00+03:00,0.9370477340446934,0.9370477340446934,1.3234050535070387
2026-06-01 17:35:00+03:00,0.8999229224846792,0.8999229224846792,1.1252229241970673
2026-06-01 17:40:00+03:00,0.8185791857779335,0.8185791857779335,0.6885359908713515
2026-06-01 17:45:00+03:00,0.7555885203135322,0.7555885203135322,0.6336005316580517
2026-06-01 17:50:00+03:00,0.7075944144694728,0.7075944144694728,0.5969169297392338
2026-06-01 17:55:00+03:00,0.7210167686480093,0.7210167686480093,0.9006836420157837
2026-06-02 09:55:00+03:00,0.732259935040627,0.732259935040627,0.9183622208036238
2026-06-02 10:00:00+03:00,0.6981539412527757,0.6981539412527757,0.6342893543372056
2026-06-02 10:05:00+03:00,0.6830454143509841,0.6830454143509841,0.6820380172212663
2026-06-02 10:10:00+03:00,0.6482442703232687,0.6482442703232687,0.5312539100488377
2026-06-02 10:15:00+03:00,0.6050683464179258,0.6050683464179258,0.41500919413683174
2026-06-02 10:20:00+03:00,0.5742631440326341,0.5742631440326341,0.4033611094563455
2026-06-02 10:25:00+03:00,0.554247332729905,0.554247332729905,0.40636265209614725
2026-06-02 10:30:00+03:00,0.5434110415935636,0.5434110415935636,0.42081792348514724
2026-06-02 10:35:00+03:00,0.5345573037436727,0.5345573037436727,0.41142247355214434
2026-06-02 10:40:00+03:00,0.4900384090584967,0.4900384090584967,0.18655046759338928
2026-06-02 10:45:00+03:00,0.4421512064114397,0.4421512064114397,0.07442869201201227
2026-06-02 10:50:00+03:00,0.41382020495568383,0.41382020495568383,0.09711343677867101
2026-06-02 10:55:00+03:00,0.3907620563667844,0.3907620563667844,0.07075617745654021
2026-06-02 11:00:00+03:00,0.3898262149277686,0.3898262149277686,0.16034583998267896
2026-06-02 11:05:00+03:00,0.3751573692444905,0.3751573692444905,0.07324766698381241
2026-06-02 11:10:00+03:00,0.3615869674180569,0.3615869674180569,0.04893461064327314
2026-06-02 11:15:00+03:00,0.35129598462366585,0.35129598462366585,0.040868091983995276
2026-06-02 11:20:00+03:00,0.3407248966300758,0.3407248966300758,0.01652882886088773
2026-06-02 11:25:00+03:00,0.32823884835435324,0.32823884835435324,-0.019980407656699683
2026-06-02 11:30:00+03:00,0.32036850250196314,0.32036850250196314,-0.016893975374615705
2026-06-02 11:35:00+03:00,0.31849279456186147,0.31849279456186147,0.005803937985228504
2026-06-02 11:40:00+03:00,0.3120690010930517,0.3120690010930517,-0.029200501286100234
2026-06-02 11:45:00+03:00,0.30662496200592054,0.30662496200592054,-0.03719979982985687
2026-06-02 11:50:00+03:00,0.3031276751613046,0.3031276751613046,-0.036287485643302655
2026-06-02 11:55:00+03:00,0.30084222167916286,0.30084222167916286,-0.035969408015411174
2026-06-02 12:00:00+03:00,0.3021185235131811,0.3021185235131811,-0.016795875685102584
2026-06-02 12:05:00+03:00,0.30322010801068233,0.30322010801068233,-0.015093710029439511
2026-06-02 12:10:00+03:00,0.3101187743594998,0.3101187743594998,0.026055563233526046
2026-06-02 12:15:00+03:00,0.3145906103009763,0.3145906103009763,0.025218835434039626
2026-06-02 12:20:00+03:00,0.3175718342619606,0.3175718342619606,0.025218835434039626
2026-06-02 12:25:00+03:00,0.31282492769976566,0.31282492769976566,-0.019834278445746485
2026-06-02 12:30:00+03:00,0.30693801769657825,0.30693801769657825,-0.03851969717218831
2026-06-02 12:35:00+03:00,0.3065897589172352,0.3065897589172352,-0.014031341429812123
2026-06-02 12:40:00+03:00,0.30343481216747903,0.30343481216747903,-0.034006862547710896
2026-06-02 12:45:00+03:00,0.2936658421596279,0.2936658421596279,-0.08810045678538447
2026-06-02 12:50:00+03:00,0.28758602759999735,0.28758602759999735,-0.08497431331481371
2026-06-02 12:55:00+03:00,0.28335018102348936,0.28335018102348936,-0.08629229513706456
2026-06-02 13:00:00+03:00,0.28061575837029545,0.28061575837029545,-0.08564640328658404
2026-06-02 13:05:00+03:00,0.2781774533969287,0.2781774533969287,-0.09009641380123913
2026-06-02 13:10:00+03:00,0.2765519167480175,0.2765519167480175,-0.09009641380123913
2026-06-02 13:15:00+03:00,0.2763439437849011,0.2763439437849011,-0.08376915602948498
2026-06-02 13:20:00+03:00,0.27620529514282355,0.27620529514282355,-0.08376915602948498
2026-06-02 13:25:00+03:00,0.2761128627147718,0.2761128627147718,-0.08376915602948498
2026-06-02 13:30:00+03:00,0.27566208453455443,0.27566208453455443,-0.08657625674946837
2026-06-02 13:35:00+03:00,0.2753611480360811,0.2753611480360811,-0.08657927379835645
2026-06-02 13:40:00+03:00,0.2753511046794039,0.2753511046794039,-0.08520363116867302
2026-06-02 13:45:00+03:00,0.2759708774655729,0.2759708774655729,-0.08069411110238259
2026-06-02 13:50:00+03:00,0.2752354389979166,0.2752354389979166,-0.08897684977659519
2026-06-02 13:55:00+03:00,0.27258723303774607,0.27258723303774607,-0.1047156028913965
2026-06-02 14:00:00+03:00,0.2672486489790924,0.2672486489790924,-0.13131981656292385
2026-06-02 14:05:00+03:00,0.2629938970973465,0.2629938970973465,-0.13658332583148247
2026-06-02 14:10:00+03:00,0.25609994446117607,0.25609994446117607,-0.1678675690112457
2026-06-02 14:15:00+03:00,0.25543658331373087,0.25543658331373087,-0.13753087496474617
2026-06-02 14:20:00+03:00,0.2549073758087392,0.2549073758087392,-0.13819148444668033
2026-06-02 14:25:00+03:00,0.25435136491567806,0.25435136491567806,-0.1397368087636794
2026-06-02 14:30:00+03:00,0.2545263251063444,0.2545263251063444,-0.1355929409945661
2026-06-02 14:35:00+03:00,0.2527427122332078,0.2527427122332078,-0.15010185880103064
2026-06-02 14:40:00+03:00,0.25269102881009753,0.25269102881009753,-0.14139148147924271
2026-06-02 14:45:00+03:00,0.2528964580428216,0.2528964580428216,-0.13956438092296808
2026-06-02 14:50:00+03:00,0.2529084117230898,0.2529084117230898,-0.14051601703630826
2026-06-02 14:55:00+03:00,0.25509146267258714,0.25509146267258714,-0.12408724863597749
2026-06-02 15:00:00+03:00,0.25341980720096874,0.25341980720096874,-0.14779414506452973
2026-06-02 15:05:00+03:00,0.2504985680063039,0.2504985680063039,-0.16176235907505188
2026-06-02 15:10:00+03:00,0.24634819493302176,0.24634819493302176,-0.17907893879367442
2026-06-02 15:15:00+03:00,0.21973958271389582,0.21973958271389582,-0.3935597317959324
2026-06-02 15:20:00+03:00,0.20232059998133492,0.20232059998133492,-0.3902480379706622
2026-06-02 15:25:00+03:00,0.19028831467653315,0.19028831467653315,-0.39459267273987814
2026-06-02 15:30:00+03:00,0.18228801091306623,0.18228801091306623,-0.39437234332066073
2026-06-02 15:35:00+03:00,0.20661911249521958,0.20661911249521958,-0.13457020083341373
2026-06-02 15:40:00+03:00,0.19296257813514928,0.19296257813514928,-0.3965831998925086
2026-06-02 15:45:00+03:00,0.18433440494183514,0.18433440494183514,-0.39164143914045335
2026-06-02 15:50:00+03:00,0.17773871488715692,0.17773871488715692,-0.4004193290300444
2026-06-02 15:55:00+03:00,0.17317060754477606,0.17317060754477606,-0.40221166565012495
2026-06-02 16:00:00+03:00,0.23571507590784246,0.23571507590784246,0.1047144965162822
2026-06-02 16:05:00+03:00,0.21138257988254627,0.21138257988254627,-0.4068336083141546
2026-06-02 16:10:00+03:00,0.19506246541912686,0.19506246541912686,-0.4078744147457156
2026-06-02 16:15:00+03:00,0.18409462514366498,0.18409462514366498,-0.4088035319393973
2026-06-02 16:20:00+03:00,0.17718604283816639,0.17718604283816639,-0.4045438533467288
2026-06-02 16:25:00+03:00,0.17284836538761572,0.17284836538761572,-0.4017268603562427
2026-06-02 16:30:00+03:00,0.1952019774528491,0.1952019774528491,-0.174167736175179
2026-06-02 16:35:00+03:00,0.2096733275254162,0.2096733275254162,-0.17757627161087125
2026-06-02 16:40:00+03:00,0.2177037010060464,0.2177037010060464,-0.1904785879066812
2026-06-02 16:45:00+03:00,0.2239903928475657,0.2239903928475657,-0.1830117235651406
2026-06-02 16:50:00+03:00,0.2280415753424948,0.2280415753424948,-0.18412767363889218
2026-06-02 16:55:00+03:00,0.23367296520394637,0.23367296520394637,-0.16103663043866367
2026-06-02 17:00:00+03:00,0.2380886462930688,0.2380886462930688,-0.15590328844813983
2026-06-02 17:05:00+03:00,0.24098203884108202,0.24098203884108202,-0.1562934271386218
2026-06-02 17:10:00+03:00,0.24473164327806593,0.24473164327806593,-0.1422986486055103
2026-06-02 17:15:00+03:00,0.24674781901455684,0.24674781901455684,-0.14599570944213386
2026-06-02 17:20:00+03:00,0.24725493811646188,0.24725493811646188,-0.15242877969432528
2026-06-02 17:25:00+03:00,0.24530917137496427,0.24530917137496427,-0.1702076618344522
2026-06-02 17:30:00+03:00,0.24305912807142577,0.24305912807142577,-0.17772676647105107
2026-06-02 17:35:00+03:00,0.24173903983699468,0.24173903983699468,-0.17630213981524553
2026-06-02 17:40:00+03:00,0.24098933047471077,0.24098933047471077,-0.17527151382827935
2026-06-02 17:45:00+03:00,0.23952918817185692,0.23952918817185692,-0.1828918545694626
2026-06-02 17:50:00+03:00,0.23774562389429837,0.23774562389429837,-0.18937027619119157
2026-06-02 17:55:00+03:00,0.23660610940501425,0.23660610940501425,-0.1889728790893196
2026-06-03 09:55:00+03:00,0.2532359629201309,0.2532359629201309,-0.05868477360932979
2026-06-03 10:00:00+03:00,0.25595699410202033,0.25595699410202033,-0.11925122610599041
2026-06-03 10:05:00+03:00,0.25451783280046747,0.25451783280046747,-0.14380397421984437
2026-06-03 10:10:00+03:00,0.2523351380270657,0.2523351380270657,-0.15319880003346772
2026-06-03 10:15:00+03:00,0.2512869942140804,0.2512869942140804,-0.1500628300572764
2026-06-03 10:20:00+03:00,0.252489975821203,0.252489975821203,-0.1355431930885403
2026-06-03 10:25:00+03:00,0.24964637056437639,0.24964637056437639,-0.16357339352030242
2026-06-03 10:30:00+03:00,0.2522803520547619,0.2522803520547619,-0.1288659396757697
2026-06-03 10:35:00+03:00,0.2580898745977383,0.2580898745977383,-0.09880900483518867
2026-06-03 10:40:00+03:00,0.26455326791959505,0.26455326791959505,-0.08004869653320006
2026-06-03 10:45:00+03:00,0.2661236202403809,0.2661236202403809,-0.09989247941032109
2026-06-03 10:50:00+03:00,0.26229239081202677,0.26229239081202677,-0.1362153678299813
2026-06-03 10:55:00+03:00,0.26404178671558554,0.26404178671558554,-0.10410396618205679
2026-06-03 11:00:00+03:00,0.2690302628630966,0.2690302628630966,-0.07640040669375497
2026-06-03 11:05:00+03:00,0.26873720163846654,0.26873720163846654,-0.10261042049752483
2026-06-03 11:10:00+03:00,0.27115897460600147,0.27115897460600147,-0.08359022143407158
2026-06-03 11:15:00+03:00,0.275230851866483,0.275230851866483,-0.06603387299962617
2026-06-03 11:20:00+03:00,0.27573420585624875,0.27573420585624875,-0.08181889556686257
2026-06-03 11:25:00+03:00,0.27755914450130326,0.27755914450130326,-0.0711618993004209
2026-06-03 11:30:00+03:00,0.27380025650961654,0.27380025650961654,-0.10718865257941518
2026-06-03 11:35:00+03:00,0.26834161751321367,0.26834161751321367,-0.12917703748523615
2026-06-03 11:40:00+03:00,0.2639898927093134,0.2639898927093134,-0.13455726166807394
2026-06-03 11:45:00+03:00,0.26360655001958616,0.26360655001958616,-0.11567733481925795
2026-06-03 11:50:00+03:00,0.2596640485640969,0.2596640485640969,-0.14344856012036306
2026-06-03 11:55:00+03:00,0.2586626351188071,0.2586626351188071,-0.13109768084725668
2026-06-03 12:00:00+03:00,0.25921544980606387,0.25921544980606387,-0.12193345274139343
2026-06-03 12:05:00+03:00,0.25816714308665195,0.25816714308665195,-0.1325806144743552
2026-06-03 12:10:00+03:00,0.25909825681502585,0.25909825681502585,-0.12034161774092325
2026-06-03 12:15:00+03:00,0.25971899930060843,0.25971899930060843,-0.12034161774092325
2026-06-03 12:20:00+03:00,0.26013282762433015,0.26013282762433015,-0.12034161774092325
2026-06-03 12:25:00+03:00,0.2589791420813054,0.2589791420813054,-0.13106759936785872
2026-06-03 12:30:00+03:00,0.2594385180259278,0.2594385180259278,-0.1218432863039552
2026-06-03 12:35:00+03:00,0.2602991163284752,0.2602991163284752,-0.11770866006026023
2026-06-03 12:40:00+03:00,0.2603741108888136,0.2603741108888136,-0.12142774689345477
2026-06-03 12:45:00+03:00,0.2634300086686359,0.2634300086686359,-0.09921613178848103
2026-06-03 12:50:00+03:00,0.2647331734812287,0.2647331734812287,-0.10459635597131883
2026-06-03 12:55:00+03:00,0.2692379138272382,0.2692379138272382,-0.0782140320147963
2026-06-03 13:00:00+03:00,0.283222366984103,0.283222366984103,-0.002117221627378031
2026-06-03 13:05:00+03:00,0.277060561826188,0.277060561826188,-0.11099082043383227
2026-06-03 13:10:00+03:00,0.26385611353156263,0.26385611353156263,-0.18066794012213686
2026-06-03 13:15:00+03:00,0.25534514339321024,0.25534514339321024,-0.17834985457829314
2026-06-03 13:20:00+03:00,0.24864450898314,0.24864450898314,-0.18652642392475408
2026-06-03 13:25:00+03:00,0.24306553036021555,0.24306553036021555,-0.19546589079613813
2026-06-03 13:30:00+03:00,0.23987621606865464,0.23987621606865464,-0.19119363646628645
2026-06-03 13:35:00+03:00,0.2371476021334139,0.2371476021334139,-0.19605107259629395
2026-06-03 13:40:00+03:00,0.23439219285044097,0.23439219285044097,-0.2036539657765941
2026-06-03 13:45:00+03:00,0.2327872017540035,0.2327872017540035,-0.2017645076172685
2026-06-03 13:50:00+03:00,0.23140815010841884,0.23140815010841884,-0.20428299326694185
2026-06-03 13:55:00+03:00,0.23123022270052995,0.23123022270052995,-0.19825300605283497
2026-06-03 14:00:00+03:00,0.2323597602853599,0.2323597602853599,-0.1881930763645775
2026-06-03 14:05:00+03:00,0.23223469689671739,0.23223469689671739,-0.19525853568122958
2026-06-03 14:10:00+03:00,0.2332214677936267,0.2332214677936267,-0.186655051016351
2026-06-03 14:15:00+03:00,0.2338437430003261,0.2338437430003261,-0.18693971946110652
2026-06-03 14:20:00+03:00,0.23391391633490533,0.23391391633490533,-0.18970267520677225
2026-06-03 14:25:00+03:00,0.2341946599512088,0.2341946599512088,-0.18782630236307393
2026-06-03 14:30:00+03:00,0.23438182236207777,0.23438182236207777,-0.18782630236307393
2026-06-03 14:35:00+03:00,0.23507610959847147,0.23507610959847147,-0.18327499397063146
2026-06-03 14:40:00+03:00,0.23699968284395126,0.23699968284395126,-0.1717042038412343
2026-06-03 14:45:00+03:00,0.24130303956134883,0.24130303956134883,-0.1482207979119412
2026-06-03 14:50:00+03:00,0.24239772399894627,0.24239772399894627,-0.16194149755736428
2026-06-03 14:55:00+03:00,0.2409700420729042,0.2409700420729042,-0.17890113317067116
2026-06-03 15:00:00+03:00,0.24256657267380305,0.24256657267380305,-0.15890181777381968
2026-06-03 15:05:00+03:00,0.24363092640773562,0.24363092640773562,-0.15890181777381968
2026-06-03 15:10:00+03:00,0.24563401971066676,0.24563401971066676,-0.1489108997686918
2026-06-03 15:15:00+03:00,0.24592870508957415,0.24592870508957415,-0.15694084870210356
2026-06-03 15:20:00+03:00,0.2473041252245804,0.2473041252245804,-0.14784922604938885
2026-06-03 15:25:00+03:00,0.2516639825243083,0.2516639825243083,-0.1217774500727048
2026-06-03 15:30:00+03:00,0.25340330963365976,0.25340330963365976,-0.13053919973104602
2026-06-03 15:35:00+03:00,0.2667999038697954,0.2667999038697954,-0.0421483692455853
2026-06-03 15:40:00+03:00,0.27407037456978545,0.27407037456978545,-0.05373034885741923
2026-06-03 15:45:00+03:00,0.279015954461246,0.279015954461246,-0.05303937309667876
2026-06-03 15:50:00+03:00,0.27091721565739774,0.27091721565739774,-0.13598838466485055
2026-06-03 15:55:00+03:00,0.27691384851965417,0.27691384851965417,-0.05303937309667876
2026-06-03 16:00:00+03:00,0.2810823137917365,0.2810823137917365,-0.051844045002208655
2026-06-03 16:05:00+03:00,0.27342867878830407,0.27342867878830407,-0.12742911667361945
2026-06-03 16:10:00+03:00,0.2681281326017363,0.2681281326017363,-0.12891931863308423
2026-06-03 16:15:00+03:00,0.27881164686475834,0.27881164686475834,-0.02701233915494705
2026-06-03 16:20:00+03:00,0.2730099017040988,0.2730099017040988,-0.11923295017090768
2026-06-03 16:25:00+03:00,0.27007751914556055,0.27007751914556055,-0.1122836247194494
2026-06-03 16:30:00+03:00,0.2933771823888097,0.2933771823888097,0.0608060109611099
2026-06-03 16:35:00+03:00,0.29689725242754106,0.29689725242754106,-0.018458643003258328
2026-06-03 16:40:00+03:00,0.3084519734400798,0.3084519734400798,0.04270362036348228
2026-06-03 16:45:00+03:00,0.31714591129889447,0.31714591129889447,0.049123453825684574
2026-06-03 16:50:00+03:00,0.3227309056131606,0.3227309056131606,0.04775890704455593
2026-06-03 16:55:00+03:00,0.32815867717185093,0.32815867717185093,0.05874720466856606
2026-06-03 17:00:00+03:00,0.33134540019734804,0.33134540019734804,0.055971262756551524
2026-06-03 17:05:00+03:00,0.3352223452899317,0.3352223452899317,0.06720588463858083
2026-06-03 17:10:00+03:00,0.33445981915150785,0.33445981915150785,0.04567339956665382
2026-06-03 17:15:00+03:00,0.3349650288638576,0.3349650288638576,0.052226964827989907
2026-06-03 17:20:00+03:00,0.32858027682538044,0.32858027682538044,0.00818051130652411
2026-06-03 17:25:00+03:00,0.32208094255468606,0.32208094255468606,-0.006846349802829017
2026-06-03 17:30:00+03:00,0.3268024731018526,0.3268024731018526,0.05280765399029369
2026-06-03 17:35:00+03:00,0.33945400025628425,0.33945400025628425,0.11291841445745937
2026-06-03 17:40:00+03:00,0.355280417548326,0.355280417548326,0.15828136347878477
2026-06-03 17:45:00+03:00,0.3602381048449839,0.3602381048449839,0.12405715205493528
2026-06-03 17:50:00+03:00,0.36222948845704356,0.36222948845704356,0.11592886729974383
2026-06-03 17:55:00+03:00,0.37139862309674304,0.37139862309674304,0.16394405876816617
2026-06-04 09:55:00+03:00,0.3377321671829834,0.3377321671829834,-0.09712889097890172
2026-06-04 10:00:00+03:00,0.3105126434306511,0.3105126434306511,-0.1325728923261199
2026-06-04 10:05:00+03:00,0.29030140962630346,0.29030140962630346,-0.1482996560055825
2026-06-04 10:10:00+03:00,0.2749289255347647,0.2749289255347647,-0.16298885530512855
2026-06-04 10:15:00+03:00,0.2644474612745636,0.2644474612745636,-0.16480876183158194
2026-06-04 10:20:00+03:00,0.2578635026314911,0.2578635026314911,-0.16165983040598916
2026-06-04 10:25:00+03:00,0.25347736352771877,0.25347736352771877,-0.1616351706797373
2026-06-04 10:30:00+03:00,0.25034612625285113,0.25034612625285113,-0.1632496340592502
2026-06-04 10:35:00+03:00,0.24847972939181448,0.24847972939181448,-0.16152654460539262
2026-06-04 10:40:00+03:00,0.25079034416016044,0.25079034416016044,-0.13424154593642654
2026-06-04 10:45:00+03:00,0.25334368740672925,0.25334368740672925,-0.1266052966858881
2026-06-04 10:50:00+03:00,0.25697416303214937,0.25697416303214937,-0.11222844511481773
2026-06-04 10:55:00+03:00,0.26006655013843083,0.26006655013843083,-0.10726516086943427
2026-06-04 11:00:00+03:00,0.26599961784759074,0.26599961784759074,-0.07912612409572362
2026-06-04 11:05:00+03:00,0.28258343213638853,0.28258343213638853,0.008047924454848948
2026-06-04 11:10:00+03:00,0.29469999133309854,0.29469999133309854,0.015094830000415614
2026-06-04 11:15:00+03:00,0.30682292110878395,0.30682292110878395,0.04163682268942938
2026-06-04 11:20:00+03:00,0.3178324010222458,0.3178324010222458,0.06053841834385244
2026-06-04 11:25:00+03:00,0.3235346497682958,0.3235346497682958,0.04999675511101481
2026-06-04 11:30:00+03:00,0.32045733446920793,0.32045733446920793,0.00482778514382454
2026-06-04 11:35:00+03:00,0.3299843239554516,0.3299843239554516,0.08005847348803527
2026-06-04 11:40:00+03:00,0.34585724390879674,0.34585724390879674,0.13932489250272462
2026-06-04 11:45:00+03:00,0.3665183601779769,0.3665183601779769,0.20017461078290483
2026-06-04 11:50:00+03:00,0.36763639788755714,0.36763639788755714,0.12347880716045492
2026-06-04 11:55:00+03:00,0.3648513806453749,0.3648513806453749,0.10154405366064927
2026-06-04 12:00:00+03:00,0.3632245604108881,0.3632245604108881,0.10298058680245971
2026-06-04 12:05:00+03:00,0.3547500782459967,0.3547500782459967,0.05614771420518478
2026-06-04 12:10:00+03:00,0.3575959469842809,0.3575959469842809,0.10987345590659468
2026-06-04 12:15:00+03:00,0.3507534209021123,0.3507534209021123,0.054575345845689904
2026-06-04 12:20:00+03:00,0.3509577673900791,0.3509577673900791,0.08496682876109883
2026-06-04 12:25:00+03:00,0.34599810975189427,0.34599810975189427,0.05244918805075572
2026-06-04 12:30:00+03:00,0.3390196778685811,0.3390196778685811,0.028565366891384333
2026-06-04 12:35:00+03:00,0.33243480877778026,0.33243480877778026,0.01582781839018948
2026-06-04 12:40:00+03:00,0.32763697447384327,0.32763697447384327,0.013123663958879662
2026-06-04 12:45:00+03:00,0.31273591842288306,0.31273591842288306,-0.06707574079084254
2026-06-04 12:50:00+03:00,0.30464969059451363,0.30464969059451363,-0.05404369666624507
2026-06-04 12:55:00+03:00,0.3115331290991083,0.3115331290991083,0.02908393638926845
2026-06-04 13:00:00+03:00,0.31446249943269183,0.31446249943269183,0.018157214848469532
2026-06-04 13:05:00+03:00,0.3164154129884142,0.3164154129884142,0.018157214848469532
2026-06-04 13:10:00+03:00,0.3227601118471123,0.3227601118471123,0.051095525451626767
2026-06-04 13:15:00+03:00,0.32945279345785466,0.32945279345785466,0.06691188734132404
2026-06-04 13:20:00+03:00,0.33718590794461956,0.33718590794461956,0.08767096662740073
2026-06-04 13:25:00+03:00,0.3497526425288672,0.3497526425288672,0.13377069041595827
2026-06-04 13:30:00+03:00,0.3629864724688649,0.3629864724688649,0.16337362395938199
2026-06-04 13:35:00+03:00,0.37213204026529306,0.37213204026529306,0.165327933287738
2026-06-04 13:40:00+03:00,0.3793200718747913,0.3793200718747913,0.1719158647849989
2026-06-04 13:45:00+03:00,0.3831319985080686,0.3831319985080686,0.16599845142937886
2026-06-04 13:50:00+03:00,0.38593898594058135,0.38593898594058135,0.16760421686015659
2026-06-04 13:55:00+03:00,0.3879675388911805,0.3879675388911805,0.168553868658309
2026-06-04 14:00:00+03:00,0.3908133976741876,0.3908133976741876,0.17755456343339596
2026-06-04 14:05:00+03:00,0.3866504614035419,0.3866504614035419,0.1407971821015221
2026-06-04 14:10:00+03:00,0.3680832464781728,0.3680832464781728,0.04137692000259829
2026-06-04 14:15:00+03:00,0.35264854028698933,0.35264854028698933,0.021365948863972306
2026-06-04 14:20:00+03:00,0.3422518942079702,0.3422518942079702,0.020661146309046394
2026-06-04 14:25:00+03:00,0.3213771106768553,0.3213771106768553,-0.07492198105516021
2026-06-04 14:30:00+03:00,0.30584877018189494,0.30584877018189494,-0.08650027323339803
2026-06-04 14:35:00+03:00,0.30768950040752047,0.30768950040752047,-0.0017151134464338971
2026-06-04 14:40:00+03:00,0.2861733421110682,0.2861733421110682,-0.165703867444486
2026-06-04 14:45:00+03:00,0.26657815824531084,0.26657815824531084,-0.20772324751831248
2026-06-04 14:50:00+03:00,0.25347308189183027,0.25347308189183027,-0.20806428575074673
2026-06-04 14:55:00+03:00,0.24484929459720642,0.24484929459720642,-0.20713924123834265
2026-06-04 15:00:00+03:00,0.2386242082146111,0.2386242082146111,-0.21104404556055334
2026-06-04 15:05:00+03:00,0.23402926297015672,0.23402926297015672,-0.21471023708845646
2026-06-04 15:10:00+03:00,0.23114425980177783,0.23114425980177783,-0.21323912253690075
2026-06-04 15:15:00+03:00,0.2297716093058168,0.2297716093058168,-0.20871093986500028
2026-06-04 15:20:00+03:00,0.2307091028684112,0.2307091028684112,-0.1936456517712599
2026-06-04 15:25:00+03:00,0.22980682593779778,0.22980682593779778,-0.2060468139986859
2026-06-04 15:30:00+03:00,0.23089987213102323,0.23089987213102323,-0.1922976891319295
2026-06-04 15:35:00+03:00,0.2297624896932373,0.2297624896932373,-0.20745038856665712
2026-06-04 15:40:00+03:00,0.23248618005243984,0.23248618005243984,-0.17938022390611202
2026-06-04 15:45:00+03:00,0.23573466453368078,0.23573466453368078,-0.16807769999461258
2026-06-04 15:50:00+03:00,0.23848015544033774,0.23848015544033774,-0.16354224012005117
2026-06-04 15:55:00+03:00,0.23830290704461068,0.23830290704461068,-0.1793409347133684
2026-06-04 16:00:00+03:00,0.23612064194962082,0.23612064194962082,-0.1958739208144474
2026-06-04 16:05:00+03:00,0.23500177908231507,0.23500177908231507,-0.19316206335921318
2026-06-04 16:10:00+03:00,0.23437401268739722,0.23437401268739722,-0.19221042724587303
2026-06-04 16:15:00+03:00,0.23648040154069871,0.23648040154069871,-0.17210745603466387
2026-06-04 16:20:00+03:00,0.23711017415666094,0.23711017415666094,-0.1782269244361962
2026-06-04 16:25:00+03:00,0.23551708637213734,0.23551708637213734,-0.19432642379179807
2026-06-04 16:30:00+03:00,0.2388955758955628,0.2388955758955628,-0.159179001141224
2026-06-04 16:35:00+03:00,0.2453919656360325,0.2453919656360325,-0.12676959478789895
2026-06-04 16:40:00+03:00,0.257701185055859,0.257701185055859,-0.06852905245081571
2026-06-04 16:45:00+03:00,0.2579996605975308,0.2579996605975308,-0.12623929604985343
2026-06-04 16:50:00+03:00,0.25821489882426113,0.25821489882426113,-0.12611728158307806
2026-06-04 16:55:00+03:00,0.26533683186834345,0.26533683186834345,-0.07503355793452259
2026-06-04 17:00:00+03:00,0.265561292544935,0.265561292544935,-0.1078574338848796
2026-06-04 17:05:00+03:00,0.28084816600775314,0.28084816600775314,-0.0016011150818282464
2026-06-04 17:10:00+03:00,0.29103941498296526,0.29103941498296526,-0.0016011150818282464
2026-06-04 17:15:00+03:00,0.29924930820269285,0.29924930820269285,0.007865901907470519
2026-06-04 17:20:00+03:00,0.2965586773758568,0.2965586773758568,-0.04774991618924759
2026-06-04 17:25:00+03:00,0.2960019576810551,0.2960019576810551,-0.039155599320370695
2026-06-04 17:30:00+03:00,0.28200727328002273,0.28200727328002273,-0.137763661424833
2026-06-04 17:35:00+03:00,0.2703503071761233,0.2703503071761233,-0.15560310865112326
2026-06-04 17:40:00+03:00,0.264877567251299,0.264877567251299,-0.13798095607044647
2026-06-04 17:45:00+03:00,0.27365390313434845,0.27365390313434845,-0.04768213847969795
2026-06-04 17:50:00+03:00,0.26856524096061696,0.26856524096061696,-0.12676165449386315
2026-06-04 17:55:00+03:00,0.26194830578413564,0.26194830578413564,-0.15128488310351532
2026-06-05 09:55:00+03:00,0.2550087074132181,0.2550087074132181,-0.17096276973606284
2026-06-05 10:00:00+03:00,0.2543587256592404,0.2543587256592404,-0.14019503655559715
2026-06-05 10:05:00+03:00,0.2535881057322982,0.2535881057322982,-0.14276675474846817
2026-06-05 10:10:00+03:00,0.25465241185825116,0.25465241185825116,-0.13079291480671318
2026-06-05 10:15:00+03:00,0.25990727634638744,0.25990727634638744,-0.09708572739703641
2026-06-05 10:20:00+03:00,0.26390857625996095,0.26390857625996095,-0.0934586335648784
2026-06-05 10:25:00+03:00,0.2611129838527134,0.2611129838527134,-0.13396352167154083
2026-06-05 10:30:00+03:00,0.25844248029543543,0.25844248029543543,-0.14008663696383666
2026-06-05 10:35:00+03:00,0.25666214459058345,0.25666214459058345,-0.14008663696383666
2026-06-05 10:40:00+03:00,0.2555728668626397,0.2555728668626397,-0.13934374585437864
2026-06-05 10:45:00+03:00,0.2548466817106772,0.2548466817106772,-0.13934374585437864
2026-06-05 10:50:00+03:00,0.2550691034036513,0.2550691034036513,-0.13398332499747195
2026-06-05 10:55:00+03:00,0.2573261058714169,0.2573261058714169,-0.11815585466514014
2026-06-05 11:00:00+03:00,0.25883077418326067,0.25883077418326067,-0.11815585466514014
2026-06-05 11:05:00+03:00,0.2885480573369415,0.2885480573369415,0.07782783785707742
2026-06-05 11:10:00+03:00,0.2959918843586767,0.2959918843586767,-0.002815129934479085
2026-06-05 11:15:00+03:00,0.30004990039950247,0.30004990039950247,-0.008906662733837707
2026-06-05 11:20:00+03:00,0.30492555682987027,0.30492555682987027,0.005660436756529106
2026-06-05 11:25:00+03:00,0.30274379731506196,0.30274379731506196,-0.031126530263938613
2026-06-05 11:30:00+03:00,0.2985376124329812,0.2985376124329812,-0.05019827528372844
2026-06-05 11:35:00+03:00,0.29335041402844153,0.29335041402844153,-0.06697592929902156
2026-06-05 11:40:00+03:00,0.2934425549874507,0.2934425549874507,-0.04207031291850439
2026-06-05 11:45:00+03:00,0.2900176751419085,0.2900176751419085,-0.06652228212113198
2026-06-05 11:50:00+03:00,0.28780529411749356,0.28780529411749356,-0.06601987383667725
2026-06-05 11:55:00+03:00,0.2864815520432722,0.2864815520432722,-0.06494893969229644
2026-06-05 12:00:00+03:00,0.2855990573271246,0.2855990573271246,-0.06494893969229644
2026-06-05 12:05:00+03:00,0.2856208486312995,0.2856208486312995,-0.06063735233647809
2026-06-05 12:10:00+03:00,0.2912429326838948,0.2912429326838948,-0.021751921029579954
2026-06-05 12:15:00+03:00,0.29769986824668376,0.29769986824668376,-0.0034105010101382416
2026-06-05 12:20:00+03:00,0.3017995112464305,0.3017995112464305,-0.004789002302647339
2026-06-05 12:25:00+03:00,0.30517447413619503,0.30517447413619503,-0.00047741494682893666
2026-06-05 12:30:00+03:00,0.30931027709443193,0.30931027709443193,0.012107044928455112
2026-06-05 12:35:00+03:00,0.31089436032457407,0.31089436032457407,0.004293023068295257
2026-06-05 12:40:00+03:00,0.31318451498833744,0.31318451498833744,0.012511954753572639
2026-06-05 12:45:00+03:00,0.3137656909255934,0.3137656909255934,0.006219085598288116
2026-06-05 12:50:00+03:00,0.31434665685146845,0.31434665685146845,0.007509391637013742
2026-06-05 12:55:00+03:00,0.31473396746871846,0.31473396746871846,0.007509391637013742
2026-06-05 13:00:00+03:00,0.31674046537278033,0.31674046537278033,0.0191093123301166
2026-06-05 13:05:00+03:00,0.3169769020824563,0.3169769020824563,0.01181456962690242
2026-06-05 13:10:00+03:00,0.3215851404670576,0.3215851404670576,0.04105794671292026
2026-06-05 13:15:00+03:00,0.32162392049155264,0.32162392049155264,0.021195244394238356
2026-06-05 13:20:00+03:00,0.32949247254918057,0.32949247254918057,0.0719957546339363
2026-06-05 13:25:00+03:00,0.3227960140842466,0.3227960140842466,-0.006125805912073358
2026-06-05 13:30:00+03:00,0.32852122965621944,0.32852122965621944,0.06079564565352197
2026-06-05 13:35:00+03:00,0.3356705078037253,0.3356705078037253,0.08202256402927757
2026-06-05 13:40:00+03:00,0.34094472903130446,0.34094472903130446,0.08523353845636192
2026-06-05 13:45:00+03:00,0.3441828193365871,0.3441828193365871,0.0834769090523679
2026-06-05 13:50:00+03:00,0.34118113903859654,0.34118113903859654,0.050510612735401056
2026-06-05 13:55:00+03:00,0.32830385082246916,0.32830385082246916,-0.02161055622421868
2026-06-05 14:00:00+03:00,0.3295804315141985,0.3295804315141985,0.0439416650129874
2026-06-05 14:05:00+03:00,0.31652836141902624,0.31652836141902624,-0.04950203326856514
2026-06-05 14:10:00+03:00,0.31031391606549247,0.31031391606549247,-0.03226201734503293
2026-06-05 14:15:00+03:00,0.3029674994385204,0.3029674994385204,-0.05451726479413349
2026-06-05 14:20:00+03:00,0.297873497731176,0.297873497731176,-0.055895766086642616
2026-06-05 14:25:00+03:00,0.29496234868599924,0.29496234868599924,-0.05249553645675975
2026-06-05 14:30:00+03:00,0.29740836519511926,0.29740836519511926,-0.022176527687421847
2026-06-05 14:35:00+03:00,0.29905163952041036,0.29905163952041036,-0.02209057222493217
2026-06-05 14:40:00+03:00,0.30361932969016975,0.30361932969016975,0.0013772230035661625
2026-06-05 14:45:00+03:00,0.30653461566828205,0.30653461566828205,0.0005074939457117577
2026-06-05 14:50:00+03:00,0.3058934398829664,0.3058934398829664,-0.016931849297947447
2026-06-05 14:55:00+03:00,0.30503744506305475,0.30503744506305475,-0.019847126280283314
2026-06-05 15:00:00+03:00,0.39303547838322067,0.39303547838322067,0.51239948306707
2026-06-05 15:05:00+03:00,0.5015437840017546,0.5015437840017546,0.828764862674941
2026-06-05 15:10:00+03:00,0.5732147317504647,0.5732147317504647,0.8240215400783016
2026-06-05 15:15:00+03:00,0.6214842901633858,0.6214842901633858,0.8274916990174181
2026-06-05 15:20:00+03:00,0.6122396965287353,0.6122396965287353,0.5611381732968608
2026-06-05 15:25:00+03:00,0.6214061607998599,0.6214061607998599,0.6545657727532881
2026-06-05 15:30:00+03:00,0.614287126599112,0.614287126599112,0.5736971023523973
2026-06-05 15:35:00+03:00,0.6085951946780813,0.6085951946780813,0.5680309478371425
2026-06-05 15:40:00+03:00,0.6080474865210896,0.6080474865210896,0.5875374349161202
2026-06-05 15:45:00+03:00,0.6065637147152957,0.6065637147152957,0.5807986303066593
2026-06-05 15:50:00+03:00,0.6056523391589174,0.6056523391589174,0.5812667012043519
2026-06-05 15:55:00+03:00,0.5275731954883501,0.5275731954883501,0.1266511035169902
2026-06-05 16:00:00+03:00,0.4693376558863849,0.4693376558863849,0.088121555706326
2026-06-05 16:05:00+03:00,0.4597311410899062,0.4597311410899062,0.26438498250010933
2026-06-05 16:10:00+03:00,0.434050798687957,0.434050798687957,0.1496822461133858
2026-06-05 16:15:00+03:00,0.40582093760944127,0.40582093760944127,0.08074015721322467
2026-06-05 16:20:00+03:00,0.3940957788083281,0.3940957788083281,0.12506927499494488
2026-06-05 16:25:00+03:00,0.3904237820730631,0.3904237820730631,0.1504734482975696
2026-06-05 16:30:00+03:00,0.3863266777210014,0.3863266777210014,0.1404052536301875
2026-06-05 16:35:00+03:00,0.3933478258010825,0.3933478258010825,0.1992795923906915
2026-06-05 16:40:00+03:00,0.3917187165562569,0.3917187165562569,0.16136789193553358
2026-06-05 16:45:00+03:00,0.3970043226195597,0.3970043226195597,0.19964801738283164
2026-06-05 16:50:00+03:00,0.39372512364455264,0.39372512364455264,0.1587534974563022
2026-06-05 16:55:00+03:00,0.3931772725768577,0.3931772725768577,0.16866845084375995
2026-06-05 17:00:00+03:00,0.38875884437409436,0.38875884437409436,0.14405290734548262
2026-06-05 17:05:00+03:00,0.38643020354787555,0.38643020354787555,0.147818752869774
2026-06-05 17:10:00+03:00,0.3851941778020816,0.3851941778020816,0.14974725621847032
2026-06-05 17:15:00+03:00,0.36821699050099793,0.36821699050099793,0.04853895360128333
2026-06-05 17:20:00+03:00,0.3739308443303916,0.3739308443303916,0.15509422163883096
2026-06-05 17:25:00+03:00,0.3577158231007921,0.3577158231007921,0.029052840977186526
2026-06-05 17:30:00+03:00,0.34284926659704873,0.34284926659704873,0.002183729535553751
2026-06-05 17:35:00+03:00,0.3296417312971505,0.3296417312971505,-0.02007143933782764
2026-06-05 17:40:00+03:00,0.3237531010845212,0.3237531010845212,-0.00036243507759433524
2026-06-05 17:45:00+03:00,0.3179402498578479,0.3179402498578479,-0.013079742179662611
2026-06-05 17:50:00+03:00,0.312040316497529,0.312040316497529,-0.026871268862417926
2026-06-05 17:55:00+03:00,0.3112967635341416,0.3112967635341416,-0.005213294798096071
2026-06-08 09:55:00+03:00,0.34629441007681977,0.34629441007681977,0.21690660004207504
2026-06-08 10:00:00+03:00,0.4232944187502555,0.4232944187502555,0.5286034913562502
2026-06-08 10:05:00+03:00,0.47564398209669917,0.47564398209669917,0.5346030646083926
2026-06-08 10:10:00+03:00,0.4885077337167091,0.4885077337167091,0.4064001548470465
2026-06-08 10:15:00+03:00,0.4632909225409917,0.4632909225409917,0.2101216606190333
2026-06-08 10:20:00+03:00,0.4320101488592524,0.4320101488592524,0.12260608372832975
2026-06-08 10:25:00+03:00,0.4020756514932999,0.4020756514932999,0.06556657508098665
2026-06-08 10:30:00+03:00,0.3751024278525413,0.3751024278525413,0.019995374101155712
2026-06-08 10:35:00+03:00,0.35560513090796886,0.35560513090796886,0.009955039877227685
2026-06-08 10:40:00+03:00,0.34250825861300344,0.34250825861300344,0.00929850091092379
2026-06-08 10:45:00+03:00,0.33263039874235456,0.33263039874235456,0.001644971833783743
2026-06-08 10:50:00+03:00,0.3274926267138476,0.3274926267138476,0.011299248158456256
2026-06-08 10:55:00+03:00,0.3248487373665008,0.3248487373665008,0.016480814947994863
2026-06-08 11:00:00+03:00,0.32105276637972946,0.32105276637972946,0.0029523384790918275
2026-06-08 11:05:00+03:00,0.31819583483723607,0.31819583483723607,0.0007683126297633564
2026-06-08 11:10:00+03:00,0.3176016568353082,0.3176016568353082,0.009517633361694006
2026-06-08 11:15:00+03:00,0.31560980148060014,0.31560980148060014,-0.0011443972718154206
2026-06-08 11:20:00+03:00,0.3145152134185605,0.3145152134185605,0.00042004603201359174
2026-06-08 11:25:00+03:00,0.31639483734229573,0.31639483734229573,0.01778882360990453
2026-06-08 11:30:00+03:00,0.32328413461119054,0.32328413461119054,0.05456323757456252
2026-06-08 11:35:00+03:00,0.3148714138082305,0.3148714138082305,-0.0318928887501941
2026-06-08 11:40:00+03:00,0.31645061316449685,0.31645061316449685,0.016586833473282298
2026-06-08 11:45:00+03:00,0.30744648543090525,0.30744648543090525,-0.05179975605805603
2026-06-08 11:50:00+03:00,0.3023528133730943,0.3023528133730943,-0.04545550219369131
2026-06-08 11:55:00+03:00,0.29902660642204865,0.29902660642204865,-0.044971398023209534
2026-06-08 12:00:00+03:00,0.29546005108512974,0.29546005108512974,-0.05439503841596936
2026-06-08 12:05:00+03:00,0.2986836204265566,0.2986836204265566,-0.015755417964552113
2026-06-08 12:10:00+03:00,0.31939054517903814,0.31939054517903814,0.10471529127332906
2026-06-08 12:15:00+03:00,0.33522386406534155,0.33522386406534155,0.117330263177304
2026-06-08 12:20:00+03:00,0.3501894153595212,0.3501894153595212,0.14445716762340952
2026-06-08 12:25:00+03:00,0.3745458792227104,0.3745458792227104,0.23063411010333515
2026-06-08 12:30:00+03:00,0.3920320278973821,0.3920320278973821,0.23798672854751154
2026-06-08 12:35:00+03:00,0.40472328823859066,0.40472328823859066,0.24406261532020015
2026-06-08 12:40:00+03:00,0.4170309704928442,0.4170309704928442,0.2665805536514526
2026-06-08 12:45:00+03:00,0.43203523084080714,0.43203523084080714,0.3060958308466861
2026-06-08 12:50:00+03:00,0.43944816551922056,0.43944816551922056,0.29108012288078755
2026-06-08 12:55:00+03:00,0.4454684961957122,0.4454684961957122,0.29733710567809757
2026-06-08 13:00:00+03:00,0.4532186517982022,0.4532186517982022,0.31896759895454735
2026-06-08 13:05:00+03:00,0.4561284555124826,0.4561284555124826,0.3059111354260464
2026-06-08 13:10:00+03:00,0.4480319591850749,0.4480319591850749,0.24745320629613649
2026-06-08 13:15:00+03:00,0.43536861413504074,0.43536861413504074,0.2045439354503004
2026-06-08 13:20:00+03:00,0.4284816906268693,0.4284816906268693,0.21378172382981744
2026-06-08 13:25:00+03:00,0.4208393270682435,0.4208393270682435,0.1956294663550669
2026-06-08 13:30:00+03:00,0.41056510261336515,0.41056510261336515,0.16450829689094526
2026-06-08 13:35:00+03:00,0.41326070404244886,0.41326070404244886,0.22156668810217772
2026-06-08 13:40:00+03:00,0.4094676306653037,0.4094676306653037,0.18830920115100933
2026-06-08 13:45:00+03:00,0.4036962527512815,0.4036962527512815,0.1688132188496793
2026-06-08 13:50:00+03:00,0.40046460297843073,0.40046460297843073,0.17252913049013432
2026-06-08 13:55:00+03:00,0.41114346930186324,0.41114346930186324,0.24874787651143912
2026-06-08 14:00:00+03:00,0.3928038537292846,0.3928038537292846,0.09495231679791644
2026-06-08 14:05:00+03:00,0.372938384383376,0.372938384383376,0.04626231722914546
2026-06-08 14:10:00+03:00,0.3438697924880571,0.3438697924880571,-0.060477075442715786
2026-06-08 14:15:00+03:00,0.3173493706588603,0.3173493706588603,-0.11204730163415967
2026-06-08 14:20:00+03:00,0.29903120959861546,0.29903120959861546,-0.11677973962466091
2026-06-08 14:25:00+03:00,0.2981445914756514,0.2981445914756514,-0.03573923295338555
2026-06-08 14:30:00+03:00,0.2969439742052137,0.2969439742052137,-0.03995368663677714
2026-06-08 14:35:00+03:00,0.28044742524186594,0.28044742524186594,-0.15452573854498192
2026-06-08 14:40:00+03:00,0.26734913159260854,0.26734913159260854,-0.17090238186466067
2026-06-08 14:45:00+03:00,0.2588249395041608,0.2588249395041608,-0.16926788967827852
2026-06-08 14:50:00+03:00,0.2530417152123359,0.2530417152123359,-0.17005670538177367
2026-06-08 14:55:00+03:00,0.2494856241473578,0.2494856241473578,-0.16770713175402235
2026-06-08 15:00:00+03:00,0.24570784485373814,0.24570784485373814,-0.17880168402219984
2026-06-08 15:05:00+03:00,0.2437190024173119,0.2437190024173119,-0.1746095310952393
2026-06-08 15:10:00+03:00,0.2447949148114918,0.2447949148114918,-0.15583432423969826
2026-06-08 15:15:00+03:00,0.24776578562920515,0.24776578562920515,-0.13854978688248093
2026-06-08 15:20:00+03:00,0.24763723373341046,0.24763723373341046,-0.1547169104098809
2026-06-08 15:25:00+03:00,0.2478816004425207,0.2478816004425207,-0.15216877959658887
2026-06-08 15:30:00+03:00,0.24690457949787678,0.24690457949787678,-0.1609982578033145
2026-06-08 15:35:00+03:00,0.24734197297700578,0.24734197297700578,-0.15256353077770712
2026-06-08 15:40:00+03:00,0.247263979465511,0.247263979465511,-0.15541841096280526
2026-06-08 15:45:00+03:00,0.2484388478789061,0.2484388478789061,-0.145974224899275
2026-06-08 15:50:00+03:00,0.24953214017312617,0.24953214017312617,-0.14360218886359213
2026-06-08 15:55:00+03:00,0.25039672975531835,0.25039672975531835,-0.1425656221495204
2026-06-08 16:00:00+03:00,0.2513431903186677,0.2513431903186677,-0.13974500732766554
2026-06-08 16:05:00+03:00,0.252381136212817,0.252381136212817,-0.1366525277083983
2026-06-08 16:10:00+03:00,0.2529348620780408,0.2529348620780408,-0.13770186419208094
2026-06-08 16:15:00+03:00,0.2540438031216823,0.2540438031216823,-0.13209932210776576
2026-06-08 16:20:00+03:00,0.25474418418789535,0.25474418418789535,-0.13239321983611274
2026-06-08 16:25:00+03:00,0.25563842786182983,0.25563842786182983,-0.12917057318694586
2026-06-08 16:30:00+03:00,0.2561098264766284,0.2561098264766284,-0.13011038938685107
2026-06-08 16:35:00+03:00,0.2546163625248665,0.2546163625248665,-0.1438296430234037
2026-06-08 16:40:00+03:00,0.2542061731467596,0.2542061731467596,-0.13936534436442238
2026-06-08 16:45:00+03:00,0.2558588009185633,0.2558588009185633,-0.1248203823053528
2026-06-08 16:50:00+03:00,0.25754265670149534,0.25754265670149534,-0.12046629310978074
2026-06-08 16:55:00+03:00,0.25841100390394145,0.25841100390394145,-0.1223655306108173
2026-06-08 17:00:00+03:00,0.25919720778129524,0.25919720778129524,-0.1208165315843866
2026-06-08 17:05:00+03:00,0.25794893606551855,0.25794893606551855,-0.1341385780748814
2026-06-08 17:10:00+03:00,0.25707962096845016,0.25707962096845016,-0.13441962049084524
2026-06-08 17:15:00+03:00,0.25873879474531775,0.25873879474531775,-0.11761728770130343
2026-06-08 17:20:00+03:00,0.26007553237790876,0.26007553237790876,-0.11590233002519254
2026-06-08 17:25:00+03:00,0.261829167479614,0.261829167479614,-0.10951434133752297
2026-06-08 17:30:00+03:00,0.26421310427788647,0.26421310427788647,-0.10058358365266758
2026-06-08 17:35:00+03:00,0.265925309000331,0.265925309000331,-0.09968428830025446
2026-06-08 17:40:00+03:00,0.264179704749502,0.264179704749502,-0.12101843827818907
2026-06-08 17:45:00+03:00,0.2632353766613384,0.2632353766613384,-0.11938128325799435
2026-06-08 17:50:00+03:00,0.2618861240687173,0.2618861240687173,-0.1247615074408322
2026-06-08 17:55:00+03:00,0.2618157578207473,0.2618157578207473,-0.11856570972019828
2026-06-09 09:55:00+03:00,0.2570503603016501,0.2570503603016501,-0.1543576827029806
2026-06-09 10:00:00+03:00,0.25513844042365186,0.25513844042365186,-0.1446320663657404
2026-06-09 10:05:00+03:00,0.2506474698254217,0.2506474698254217,-0.16955849503920384
2026-06-09 10:10:00+03:00,0.2490191249908318,0.2490191249908318,-0.15889456707401559
2026-06-09 10:15:00+03:00,0.250239884571806,0.250239884571806,-0.14115328953771067
2026-06-09 10:20:00+03:00,0.2508774573226875,0.2508774573226875,-0.14249770639098033
2026-06-09 10:25:00+03:00,0.24892581253087345,0.24892581253087345,-0.16081154813776216
2026-06-09 10:30:00+03:00,0.24851407977987586,0.24851407977987586,-0.15391719394821554
2026-06-09 10:35:00+03:00,0.2500881577668157,0.2500881577668157,-0.13974449411608364
2026-06-09 10:40:00+03:00,0.25095331233229795,0.25095331233229795,-0.14114765513484462
2026-06-09 10:45:00+03:00,0.25094837030075134,0.25094837030075134,-0.14559155239485094
2026-06-09 10:50:00+03:00,0.24751493416501505,0.24751493416501505,-0.1722258991963687
2026-06-09 10:55:00+03:00,0.24967634436919015,0.24967634436919015,-0.1378111074821246
2026-06-09 11:00:00+03:00,0.250869505339813,0.250869505339813,-0.13969499066319055
2026-06-09 11:05:00+03:00,0.2513519912818602,0.2513519912818602,-0.14207963883560704
2026-06-09 11:10:00+03:00,0.2514860456556153,0.2514860456556153,-0.14351195163874678
2026-06-09 11:15:00+03:00,0.24879490030891127,0.24879490030891127,-0.1649961070447546
2026-06-09 11:20:00+03:00,0.2477119784411042,0.2477119784411042,-0.15945456015320317
2026-06-09 11:25:00+03:00,0.43851328914593857,0.43851328914593857,1.1069274340520086
2026-06-09 11:30:00+03:00,0.5632934622663748,0.5632934622663748,1.083672839531109
2026-06-09 11:35:00+03:00,0.6462482581017791,0.6462482581017791,1.0814810982006746
2026-06-09 11:40:00+03:00,0.6969088070163214,0.6969088070163214,1.038866854415832
2026-06-09 11:45:00+03:00,0.5435447263080841,0.5435447263080841,-0.18234045597121976
2026-06-09 11:50:00+03:00,0.4411666611121989,0.4411666611121989,-0.18341890162781344
2026-06-09 11:55:00+03:00,0.3729146176482754,0.3729146176482754,-0.18341890162781344
2026-06-09 12:00:00+03:00,0.3272863759827781,0.3272863759827781,-0.18443105594535797
2026-06-09 12:05:00+03:00,0.29699442756199484,0.29699442756199484,-0.18341890162781344
2026-06-09 12:10:00+03:00,0.27660804899989555,0.27660804899989555,-0.18494895441312004
2026-06-09 12:15:00+03:00,0.263017129958496,0.263017129958496,-0.18494895441312004
2026-06-09 12:20:00+03:00,0.2539565172642297,0.2539565172642297,-0.18494895441312004
2026-06-09 12:25:00+03:00,0.24791610880138545,0.24791610880138545,-0.18494895441312004
2026-06-09 12:30:00+03:00,0.24452942244643466,0.24452942244643466,-0.17985001841769704
2026-06-09 12:35:00+03:00,0.239849356777821,0.239849356777821,-0.1992941763763197
2026-06-09 12:40:00+03:00,0.23692069862561838,0.23692069862561838,-0.19774248075023265
2026-06-09 12:45:00+03:00,0.2384092928174514,0.2384092928174514,-0.1702892859236505
2026-06-09 12:50:00+03:00,0.24033807014080694,0.24033807014080694,-0.1629585265337742
2026-06-09 12:55:00+03:00,0.243798802711661,0.243798802711661,-0.14614867639983495
2026-06-09 13:00:00+03:00,0.24629874844512908,0.24629874844512908,-0.14467276362640494
2026-06-09 13:05:00+03:00,0.24825288979624852,0.24825288979624852,-0.14247590407535435
2026-06-09 13:10:00+03:00,0.24736771238489544,0.24736771238489544,-0.15932191630691706
2026-06-09 13:15:00+03:00,0.24727493510131784,0.24727493510131784,-0.15546640663373035
2026-06-09 13:20:00+03:00,0.2469115615970819,0.2469115615970819,-0.1578020021602734
2026-06-09 13:25:00+03:00,0.24746087154722923,0.24746087154722923,-0.15168278761409337
2026-06-09 13:30:00+03:00,0.2477356476910887,0.2477356476910887,-0.1523875901690193
2026-06-09 13:35:00+03:00,0.24905432540036518,0.24905432540036518,-0.14367107387605682
2026-06-09 13:40:00+03:00,0.24993344387321617,0.24993344387321617,-0.14367107387605682
2026-06-09 13:45:00+03:00,0.2504577597772747,0.2504577597772747,-0.14414316576819247
2026-06-09 13:50:00+03:00,0.24871227349474445,0.24871227349474445,-0.16029616643604586
2026-06-09 13:55:00+03:00,0.25018793788129606,0.25018793788129606,-0.13999072809894708
2026-06-09 14:00:00+03:00,0.25226695130859256,0.25226695130859256,-0.13168836867797254
2026-06-09 14:05:00+03:00,0.2541671101668281,0.2541671101668281,-0.12781496279201512
2026-06-09 14:10:00+03:00,0.2548836349182494,0.2548836349182494,-0.13196088843361162
2026-06-09 14:15:00+03:00,0.25589550717284437,0.25589550717284437,-0.12793571381547153
2026-06-09 14:20:00+03:00,0.2559673031010751,0.2559673031010751,-0.13247896289428757
2026-06-09 14:25:00+03:00,0.25661795262806153,0.25661795262806153,-0.12793571381547153
2026-06-09 14:30:00+03:00,0.2620185469994121,0.2620185469994121,-0.09125921404429245
2026-06-09 14:35:00+03:00,0.26627541021273665,0.26627541021273665,-0.08650738130812577
2026-06-09 14:40:00+03:00,0.26934854147341697,0.26934854147341697,-0.08480988020589025
2026-06-09 14:45:00+03:00,0.27291852201325634,0.27291852201325634,-0.07389610627598316
2026-06-09 14:50:00+03:00,0.26887884846901444,0.26887884846901444,-0.12074215567592923
2026-06-09 14:55:00+03:00,0.2749375166666629,0.2749375166666629,-0.05737316058371724
2026-06-09 15:00:00+03:00,0.2764596489914036,0.2764596489914036,-0.07521646738538709
2026-06-09 15:05:00+03:00,0.29091044827601203,0.29091044827601203,0.017034690937769194
2026-06-09 15:10:00+03:00,0.30591574647494324,0.30591574647494324,0.05212136260817018
2026-06-09 15:15:00+03:00,0.3054421905307079,0.3054421905307079,-0.017194626002495755
2026-06-09 15:20:00+03:00,0.31556226594323844,0.31556226594323844,0.051854823012780986
2026-06-09 15:25:00+03:00,0.33248181670048105,0.33248181670048105,0.11615345996867392
2026-06-09 15:30:00+03:00,0.350699319381843,0.350699319381843,0.1586879820066997
2026-06-09 15:35:00+03:00,0.367944630107255,0.367944630107255,0.18941420558629724
2026-06-09 15:40:00+03:00,0.37363822217720616,0.37363822217720616,0.15441932527320928
2026-06-09 15:45:00+03:00,0.38558323294049096,0.38558323294049096,0.20341590122150888
2026-06-09 15:50:00+03:00,0.3835522857031067,0.3835522857031067,0.1431737781150477
2026-06-09 15:55:00+03:00,0.38629245134938184,0.38629245134938184,0.1680468396447679
2026-06-09 16:00:00+03:00,0.3887534789233209,0.3887534789233209,0.1718744590090274
2026-06-09 16:05:00+03:00,0.3836421132066405,0.3836421132066405,0.13076563185594225
2026-06-09 16:10:00+03:00,0.38803011603220045,0.38803011603220045,0.1781579790947413
2026-06-09 16:15:00+03:00,0.38660014331627407,0.38660014331627407,0.15181365872840838
2026-06-09 16:20:00+03:00,0.36480148276510793,0.36480148276510793,0.020101395399017147
2026-06-09 16:25:00+03:00,0.34836855589469484,0.34836855589469484,0.007496314778133455
2026-06-09 16:30:00+03:00,0.3461953123673076,0.3461953123673076,0.064803742429219
2026-06-09 16:35:00+03:00,0.3468765308894133,0.3468765308894133,0.07836977888875662
2026-06-09 16:40:00+03:00,0.35287641463883457,0.35287641463883457,0.11316505144525718
2026-06-09 16:45:00+03:00,0.32847157161848417,0.32847157161848417,-0.07484019271229363
2026-06-09 16:50:00+03:00,0.31075472781013175,0.31075472781013175,-0.0852276229957327
2026-06-09 16:55:00+03:00,0.30328826793695224,0.30328826793695224,-0.05432862153710282
2026-06-09 17:00:00+03:00,0.2931219342051768,0.2931219342051768,-0.091332898375704
2026-06-09 17:05:00+03:00,0.28573039992913957,0.28573039992913957,-0.09579692526852969
2026-06-09 17:10:00+03:00,0.2871486678015974,0.2871486678015974,-0.050524535245371184
2026-06-09 17:15:00+03:00,0.2986120821477611,0.2986120821477611,0.020837771560294045
2026-06-09 17:20:00+03:00,0.294453894203932,0.294453894203932,-0.05952565456137778
2026-06-09 17:25:00+03:00,0.29168176890804587,0.29168176890804587,-0.05952565456137778
2026-06-09 17:30:00+03:00,0.29097764818674965,0.29097764818674965,-0.05149379892575306
2026-06-09 17:35:00+03:00,0.2906190548198905,0.2906190548198905,-0.050718732541044226
2026-06-09 17:40:00+03:00,0.2953816474016324,0.2953816474016324,-0.01626220510260132
2026-06-09 17:45:00+03:00,0.3048900343136875,0.3048900343136875,0.026035191769235258
2026-06-09 17:50:00+03:00,0.31190903869663217,0.31190903869663217,0.030497559420323495
2026-06-09 17:55:00+03:00,0.3106267757133873,0.3106267757133873,-0.00913999782194858
2026-06-10 09:55:00+03:00,0.33686354758797377,0.33686354758797377,0.1631374637372965
2026-06-10 10:00:00+03:00,0.3443456812477769,0.3443456812477769,0.10160366276485336
2026-06-10 10:05:00+03:00,0.33085544232681735,0.33085544232681735,-0.018600219743037306
2026-06-10 10:10:00+03:00,0.333035686262096,0.333035686262096,0.055278977378683494
2026-06-10 10:15:00+03:00,0.31613975813116063,0.31613975813116063,-0.06846209751328935
2026-06-10 10:20:00+03:00,0.312555281118278,0.312555281118278,-0.015177275225724205
2026-06-10 10:25:00+03:00,0.30736569362112465,0.30736569362112465,-0.03432484053682235
2026-06-10 10:30:00+03:00,0.3157914912721294,0.3157914912721294,0.045043175969635287
2026-06-10 10:35:00+03:00,0.33659016562767463,0.33659016562767463,0.140517555200486
2026-06-10 10:40:00+03:00,0.3464455425439619,0.3464455425439619,0.11581319502883533
2026-06-10 10:45:00+03:00,0.3380931400478169,0.3380931400478169,0.020506587197410536
2026-06-10 10:50:00+03:00,0.3307252113130698,0.3307252113130698,0.008576958986279084
2026-06-10 10:55:00+03:00,0.32573326401483726,0.32573326401483726,0.008044168841704133
2026-06-10 11:00:00+03:00,0.3374284525690049,0.3374284525690049,0.10474531930450527
2026-06-10 11:05:00+03:00,0.3302281948336632,0.3302281948336632,0.008218048938631322
2026-06-10 11:10:00+03:00,0.328047067863666,0.328047067863666,0.02554877085633821
2026-06-10 11:15:00+03:00,0.3315867800861022,0.3315867800861022,0.05800192853427386
2026-06-10 11:20:00+03:00,0.32517123752522054,0.32517123752522054,0.0004515748551323914
2026-06-10 11:25:00+03:00,0.3220176422331887,0.3220176422331887,0.007957746842460858
2026-06-10 11:30:00+03:00,0.3132227212618678,0.3132227212618678,-0.03743939370314391
2026-06-10 11:35:00+03:00,0.3083968407226782,0.3083968407226782,-0.030290827665040758
2026-06-10 11:40:00+03:00,0.3117757099193662,0.3117757099193662,0.014211816526193114
2026-06-10 11:45:00+03:00,0.31388741850679086,0.31388741850679086,0.013277452438699352
2026-06-10 11:50:00+03:00,0.31443300044783024,0.31443300044783024,0.007543991964954186
2026-06-10 11:55:00+03:00,0.32552534478915923,0.32552534478915923,0.07725134690341891
2026-06-10 12:00:00+03:00,0.34179975026482406,0.34179975026482406,0.1326698984403806
2026-06-10 12:05:00+03:00,0.334012494877983,0.334012494877983,0.01400081028104719
2026-06-10 12:10:00+03:00,0.32480218817844986,0.32480218817844986,-0.01292841563196216
2026-06-10 12:15:00+03:00,0.3157164203487028,0.3157164203487028,-0.03304250165922344
2026-06-10 12:20:00+03:00,0.3094836201711686,0.3094836201711686,-0.034252458147846325
2026-06-10 12:25:00+03:00,0.30260985310471217,0.30260985310471217,-0.053143986482031176
2026-06-10 12:30:00+03:00,0.296007479030171,0.296007479030171,-0.06738573801933244
2026-06-10 12:35:00+03:00,0.2861391516131989,0.2861391516131989,-0.1068939893796283
2026-06-10 12:40:00+03:00,0.2798821507657965,0.2798821507657965,-0.10452619389798021
2026-06-10 12:45:00+03:00,0.2719421881517049,0.2719421881517049,-0.13260143378480774
2026-06-10 12:50:00+03:00,0.2680789444976722,0.2680789444976722,-0.12185527637206046
2026-06-10 12:55:00+03:00,0.268897367025309,0.268897367025309,-0.09680075395537693
2026-06-10 13:00:00+03:00,0.2657443862057788,0.2657443862057788,-0.12413504070323543
2026-06-10 13:05:00+03:00,0.2651647117944811,0.2651647117944811,-0.11279555750089969
2026-06-10 13:10:00+03:00,0.26373545799694725,0.26373545799694725,-0.12054943653416361
2026-06-10 13:15:00+03:00,0.2612799131487438,0.2612799131487438,-0.13182967184217828
2026-06-10 13:20:00+03:00,0.2599769060936246,0.2599769060936246,-0.12931118619250487
2026-06-10 13:25:00+03:00,0.26304284957130825,0.26304284957130825,-0.10011094232560663
2026-06-10 13:30:00+03:00,0.2635738442615782,0.2635738442615782,-0.11124007512705934
2026-06-10 13:35:00+03:00,0.2620389649462691,0.2620389649462691,-0.12530738321604903
2026-06-10 13:40:00+03:00,0.25519275698463295,0.25519275698463295,-0.16999103145283156
2026-06-10 13:45:00+03:00,0.25360851881405666,0.25360851881405666,-0.1468645812301489
2026-06-10 13:50:00+03:00,0.24600465466661856,0.24600465466661856,-0.19846225894093697
2026-06-10 13:55:00+03:00,0.24093541190165982,0.24093541190165982,-0.19846225894093697
2026-06-10 14:00:00+03:00,0.2475999268181206,0.2475999268181206,-0.12042004831838106
2026-06-10 14:05:00+03:00,0.26371349941296734,0.26371349941296734,-0.0367305403572707
2026-06-10 14:10:00+03:00,0.28207505989547216,0.28207505989547216,0.014796783510125578
2026-06-10 14:15:00+03:00,0.2918042354829006,0.2918042354829006,-0.0019576200328981093
2026-06-10 14:20:00+03:00,0.29884068283031556,0.29884068283031556,0.0017317742278774256
2026-06-10 14:25:00+03:00,0.3061139323294705,0.3061139323294705,0.01890444323443762
2026-06-10 14:30:00+03:00,0.38246903659954357,0.38246903659954357,0.4466964843349936
2026-06-10 14:35:00+03:00,0.4462359592158987,0.4462359592158987,0.521681660167314
2026-06-10 14:40:00+03:00,0.46485776229460096,0.46485776229460096,0.38310765002155767
2026-06-10 14:45:00+03:00,0.4588961485861015,0.4588961485861015,0.2769308880543377
2026-06-10 14:50:00+03:00,0.4415090653435736,0.4415090653435736,0.1979772088123564
2026-06-10 14:55:00+03:00,0.423814201628994,0.423814201628994,0.16129513976590537
2026-06-10 15:00:00+03:00,0.4098632477004363,0.4098632477004363,0.14820170793063056
2026-06-10 15:05:00+03:00,0.41211712959775804,0.41211712959775804,0.2175683103565044
2026-06-10 15:10:00+03:00,0.39595761448939776,0.39595761448939776,0.1106010997933659
2026-06-10 15:15:00+03:00,0.38391707312770795,0.38391707312770795,0.10269959400379929
2026-06-10 15:20:00+03:00,0.4052193236763108,0.4052193236763108,0.27858206481427894
2026-06-10 15:25:00+03:00,0.4205663257596748,0.4205663257596748,0.28524466842354207
2026-06-10 15:30:00+03:00,0.37690318128692923,0.37690318128692923,-0.051476341972265395
2026-06-10 15:35:00+03:00,0.34687074625753883,0.34687074625753883,-0.05795696881134145
2026-06-10 15:40:00+03:00,0.34964125541354546,0.34964125541354546,0.0929795078882402
2026-06-10 15:45:00+03:00,0.3378359542595692,0.3378359542595692,0.00465558276572325
2026-06-10 15:50:00+03:00,0.33420142481178894,0.33420142481178894,0.03264745348446394
2026-06-10 15:55:00+03:00,0.33062242309868023,0.33062242309868023,0.02506568359474289
2026-06-10 16:00:00+03:00,0.35568482440413685,0.35568482440413685,0.1961369257232013
2026-06-10 16:05:00+03:00,0.38083960085939583,0.38083960085939583,0.2461041156720842
2026-06-10 16:10:00+03:00,0.40762932792176865,0.40762932792176865,0.3044840128957598
2026-06-10 16:15:00+03:00,0.4273508024430569,0.4273508024430569,0.3152576454188582
2026-06-10 16:20:00+03:00,0.4210711887992957,0.4210711887992957,0.2015079503033383
2026-06-10 16:25:00+03:00,0.4196472222888896,0.4196472222888896,0.2179125309048536
2026-06-10 16:30:00+03:00,0.41351404692971366,0.41351404692971366,0.187043908934269
2026-06-10 16:35:00+03:00,0.3734850595484717,0.3734850595484717,-0.042532446439278525
2026-06-10 16:40:00+03:00,0.34261278190688704,0.34261278190688704,-0.07197107261348024
2026-06-10 16:45:00+03:00,0.3215996521305517,0.3215996521305517,-0.07505095889937348
2026-06-10 16:50:00+03:00,0.30854632577547125,0.30854632577547125,-0.0682448350398185
2026-06-10 16:55:00+03:00,0.3047703556588671,0.3047703556588671,-0.03379209950669053
2026-06-10 17:00:00+03:00,0.3011316700219921,0.3011316700219921,-0.041544295613765055
2026-06-10 17:05:00+03:00,0.30142409227799694,0.30142409227799694,-0.022839678451551514
2026-06-10 17:10:00+03:00,0.30833308977618545,0.30833308977618545,0.02218338045953724
2026-06-10 17:15:00+03:00,0.3193871099637901,0.3193871099637901,0.06404939345785164
2026-06-10 17:20:00+03:00,0.3134506234928494,0.3134506234928494,-0.023821633730914223
2026-06-10 17:25:00+03:00,0.3272617140585654,0.3272617140585654,0.09235436256388597
2026-06-10 17:30:00+03:00,0.31824887003395436,0.31824887003395436,-0.026910700567769077
2026-06-10 17:35:00+03:00,0.31963773066960005,0.31963773066960005,0.022764066282937267
2026-06-10 17:40:00+03:00,0.3123818523050584,0.3123818523050584,-0.03229626434165278
2026-06-10 17:45:00+03:00,0.30094543627740095,0.30094543627740095,-0.07863167131864905
2026-06-10 17:50:00+03:00,0.29873178328186945,0.29873178328186945,-0.04050393462408301
2026-06-10 17:55:00+03:00,0.3093706692749834,0.3093706692749834,0.04072594626851363
2026-06-11 09:55:00+03:00,0.2988101950983025,0.2988101950983025,-0.07954822116797886
2026-06-11 10:00:00+03:00,0.29524349179469705,0.29524349179469705,-0.05490217039301466
2026-06-11 10:05:00+03:00,0.3011007987603342,0.3011007987603342,0.001512707248570299
2026-06-11 10:10:00+03:00,0.2918761456512099,0.2918761456512099,-0.08979210235836127
2026-06-11 10:15:00+03:00,0.2832373031403602,0.2832373031403602,-0.10798176274489435
2026-06-11 10:20:00+03:00,0.27620532132427944,0.27620532132427944,-0.11740838338856564
2026-06-11 10:25:00+03:00,0.2681903732865374,0.2681903732865374,-0.14247767295467734
2026-06-11 10:30:00+03:00,0.2617906327709328,0.2617906327709328,-0.1505746729671002
2026-06-11 10:35:00+03:00,0.25957708140033925,0.25957708140033925,-0.1349016896737089
2026-06-11 10:40:00+03:00,0.25999827535312153,0.25999827535312153,-0.12063972650689461
2026-06-11 10:45:00+03:00,0.25998922093182714,0.25998922093182714,-0.12280578840748652
2026-06-11 10:50:00+03:00,0.25798807828894244,0.25798807828894244,-0.13784496418250422
2026-06-11 10:55:00+03:00,0.258541803445572,0.258541803445572,-0.1236087322558371
2026-06-11 11:00:00+03:00,0.25854064730646104,0.25854064730646104,-0.12638513338716906
2026-06-11 11:05:00+03:00,0.2617558249598645,0.2617558249598645,-0.10252461381596985
2026-06-11 11:10:00+03:00,0.2596130854535705,0.2596130854535705,-0.13445339164390954
2026-06-11 11:15:00+03:00,0.2529391062932982,0.2529391062932982,-0.17500488904731734
2026-06-11 11:20:00+03:00,0.24598709407401784,0.24598709407401784,-0.1949933437108507
2026-06-11 11:25:00+03:00,0.24581093208992133,0.24581093208992133,-0.15968125730506258
2026-06-11 11:30:00+03:00,0.24382088768881083,0.24382088768881083,-0.1743477156062409
2026-06-11 11:35:00+03:00,0.24314878563378609,0.24314878563378609,-0.16919454725134067
2026-06-11 11:40:00+03:00,0.24296687826814753,0.24296687826814753,-0.16710740670523425
2026-06-11 11:45:00+03:00,0.24300457518867985,0.24300457518867985,-0.16586305726162098
2026-06-11 11:50:00+03:00,0.24329179847882015,0.24329179847882015,-0.1638151060085522
2026-06-11 11:55:00+03:00,0.24192205483155527,0.24192205483155527,-0.17608143649013455
2026-06-11 12:00:00+03:00,0.2429746170646338,0.2429746170646338,-0.16066316569873315
2026-06-11 12:05:00+03:00,0.24432113571326242,0.24432113571326242,-0.15566037363428314
2026-06-11 12:10:00+03:00,0.24352392155147284,0.24352392155147284,-0.16886773319347786
2026-06-11 12:15:00+03:00,0.24396743674143556,0.24396743674143556,-0.1612474953093354
2026-06-11 12:20:00+03:00,0.2452280753661881,0.2452280753661881,-0.15376597690587826
2026-06-11 12:25:00+03:00,0.24572916903171232,0.24572916903171232,-0.15639013879533387
2026-06-11 12:30:00+03:00,0.2454834956127538,0.2454834956127538,-0.16089032565462916
2026-06-11 12:35:00+03:00,0.24467280367833477,0.24467280367833477,-0.16593750166396068
2026-06-11 12:40:00+03:00,0.2434239449177603,0.2434239449177603,-0.17149589373277027
2026-06-11 12:45:00+03:00,0.2417856972151421,0.2417856972151421,-0.1778584082423073
2026-06-11 12:50:00+03:00,0.2413173893404905,0.2413173893404905,-0.1729279022339858
2026-06-11 12:55:00+03:00,0.24100518409072277,0.24100518409072277,-0.1729279022339858
2026-06-11 13:00:00+03:00,0.24201577053821788,0.24201577053821788,-0.16337109290325
2026-06-11 13:05:00+03:00,0.2415373919712166,0.2415373919712166,-0.17240293860347888
2026-06-11 13:10:00+03:00,0.24101822668218745,0.24101822668218745,-0.17398176345456795
2026-06-11 13:15:00+03:00,0.2428532781174716,0.2428532781174716,-0.15692714645472614
2026-06-11 13:20:00+03:00,0.24165597589583043,0.24165597589583043,-0.17587370208601777
2026-06-11 13:25:00+03:00,0.24092517273314257,0.24092517273314257,-0.1753409119414428
2026-06-11 13:30:00+03:00,0.24080276767422476,0.24080276767422476,-0.17246248867426917
2026-06-11 13:35:00+03:00,0.24086338402259327,0.24086338402259327,-0.17134273241063833
2026-06-11 13:40:00+03:00,0.24168234156378376,0.24168234156378376,-0.16523672289879415
2026-06-11 13:45:00+03:00,0.24222831325791078,0.24222831325791078,-0.16523672289879415
2026-06-11 13:50:00+03:00,0.24269114196732153,0.24269114196732153,-0.16446433197585436
2026-06-11 13:55:00+03:00,0.24605229462754474,0.24605229462754474,-0.14091654179029542
2026-06-11 14:00:00+03:00,0.24829306306769355,0.24829306306769355,-0.14091654179029542
2026-06-11 14:05:00+03:00,0.2495901402450655,0.2495901402450655,-0.14241708102644246
2026-06-11 14:10:00+03:00,0.24777292538602955,0.24777292538602955,-0.16310703947403665
2026-06-11 14:15:00+03:00,0.24676150795314766,0.24676150795314766,-0.1615479898325392
2026-06-11 14:20:00+03:00,0.3268768285720508,0.3268768285720508,0.3543285400377208
2026-06-11 14:25:00+03:00,0.42628053236192487,0.42628053236192487,0.6243263024501089
2026-06-11 14:30:00+03:00,0.4384500583496198,0.4384500583496198,0.3075343176051677
2026-06-11 14:35:00+03:00,0.46187296164560593,0.46187296164560593,0.3958082491515848
2026-06-11 14:40:00+03:00,0.4786119359832892,0.4786119359832892,0.40228031808674464
2026-06-11 14:45:00+03:00,0.5035194391853776,0.5035194391853776,0.4818158179533017
2026-06-11 14:50:00+03:00,0.5134798614643724,0.5134798614643724,0.44326729921083
2026-06-11 14:55:00+03:00,0.5246489611628058,0.5246489611628058,0.4695112365180372
2026-06-11 15:00:00+03:00,0.5284720289538378,0.5284720289538378,0.44850749652804917
2026-06-11 15:05:00+03:00,0.5340847846201894,0.5340847846201894,0.4662656469972317
2026-06-11 15:10:00+03:00,0.5394579606218998,0.5394579606218998,0.4757439150544269
2026-06-11 15:15:00+03:00,0.5410829339273056,0.5410829339273056,0.464374771139701
2026-06-11 15:20:00+03:00,0.5123511384599333,0.5123511384599333,0.29226726228823735
2026-06-11 15:25:00+03:00,0.4682330966979081,0.4682330966979081,0.1442056883921442
2026-06-11 15:30:00+03:00,0.5196132980432379,0.5196132980432379,0.6187778310182411
2026-06-11 15:35:00+03:00,0.5241284564602338,0.5241284564602338,0.44280095934216573
2026-06-11 15:40:00+03:00,0.5937596977456535,0.5937596977456535,0.8636327459000371
2026-06-11 15:45:00+03:00,0.6780219523841761,0.6780219523841761,1.1983852030674222
2026-06-11 15:50:00+03:00,0.7714303768545351,0.7714303768545351,1.8823110424892333
2026-06-11 15:55:00+03:00,0.8351455712568512,0.8351455712568512,1.9369838412566518
2026-06-11 16:00:00+03:00,0.8787951645354775,0.8787951645354775,1.9861012515513243
2026-06-11 16:05:00+03:00,0.9089452880696715,0.9089452880696715,2.03446197292854
2026-06-11 16:10:00+03:00,0.9293003689575972,0.9293003689575972,2.0469249779356296
2026-06-11 16:15:00+03:00,0.9442163946617879,0.9442163946617879,2.1182976346643767
2026-06-11 16:20:00+03:00,0.9543852268089393,0.9543852268089393,2.1312627609965027
2026-06-11 16:25:00+03:00,0.9604321939597336,0.9604321939597336,2.090199313259123
2026-06-11 16:30:00+03:00,0.9398365813154315,0.9398365813154315,1.4260268807095318
2026-06-11 16:35:00+03:00,0.9351691929372924,0.9351691929372924,1.5901666708378581
2026-06-11 16:40:00+03:00,0.9223796957243284,0.9223796957243284,1.416388033368178
2026-06-11 16:45:00+03:00,0.8801191089282038,0.8801191089282038,1.0310647122124623
2026-06-11 16:50:00+03:00,0.8313715355708043,0.8313715355708043,0.8657289516388524
2026-06-11 16:55:00+03:00,0.8230615291257737,0.8230615291257737,1.0637104572016987
2026-06-11 17:00:00+03:00,0.7931828297180779,0.7931828297180779,0.8646217796098361
2026-06-11 17:05:00+03:00,0.8072788216855289,0.8072788216855289,1.1586327528517466
2026-06-11 17:10:00+03:00,0.8143115773358343,0.8143115773358343,1.1342906479652684
2026-06-11 17:15:00+03:00,0.8164811862157273,0.8164811862157273,1.1092219645627999
2026-06-11 17:20:00+03:00,0.8194220159935219,0.8194220159935219,1.1239919622418795
2026-06-11 17:25:00+03:00,0.8227437143088285,0.8227437143088285,1.1377070067030102
2026-06-11 17:30:00+03:00,0.8237037097667236,0.8237037097667236,1.1250576256986828
2026-06-11 17:35:00+03:00,0.8120150968971269,0.8120150968971269,1.010785144183786
2026-06-11 17:40:00+03:00,0.8165825955443209,0.8165825955443209,1.1253705732876629
2026-06-11 17:45:00+03:00,0.8183433765064003,0.8183433765064003,1.112637023688237
2026-06-11 17:50:00+03:00,0.815915462653303,0.815915462653303,1.0780352153868513
2026-06-11 17:55:00+03:00,0.7999056013541744,0.7999056013541744,0.9530598729268103
2026-06-12 09:55:00+03:00,0.8558212564451254,0.8558212564451254,2.009445446302063
2026-06-12 10:00:00+03:00,0.8932507271556608,0.8932507271556608,2.0164998024081697
2026-06-12 10:05:00+03:00,0.9180855236944621,0.9180855236944621,2.0110196573455323
2026-06-12 10:10:00+03:00,0.9348907002740805,0.9348907002740805,2.022618103834048
2026-06-12 10:15:00+03:00,0.9468038921852601,0.9468038921852601,2.0572496206551474
2026-06-12 10:20:00+03:00,0.9551211475033827,0.9551211475033827,2.0765501519329495
2026-06-12 10:25:00+03:00,0.9606340105981978,0.9606340105981978,2.0748762446023776
2026-06-12 10:30:00+03:00,0.9644864741553174,0.9644864741553174,2.084224400505968
2026-06-12 10:35:00+03:00,0.9663679951830618,0.9663679951830618,2.0489162561746865
2026-06-12 10:40:00+03:00,0.964508462658858,0.964508462658858,1.913719722434328
2026-06-12 10:45:00+03:00,0.9660609715573524,0.9660609715573524,2.0331833231549616
2026-06-12 10:50:00+03:00,0.9669541594028436,0.9669541594028436,2.0263981597212664
2026-06-12 10:55:00+03:00,0.9672018641567549,0.9672018641567549,2.010131134257945
2026-06-12 11:00:00+03:00,0.9672369153910174,0.9672369153910174,2.0041763305340474
2026-06-12 11:05:00+03:00,0.9580947554921672,0.9580947554921672,1.6975282059506889
2026-06-12 11:10:00+03:00,0.7371390147514421,0.7371390147514421,-0.03837365150023174
2026-06-12 11:15:00+03:00,0.5965993692234929,0.5965993692234929,0.007534914887587975
2026-06-12 11:20:00+03:00,0.5020700688796285,0.5020700688796285,0.0019501921042113213
2026-06-12 11:25:00+03:00,0.43784032529022526,0.43784032529022526,-0.0061757846725583425
2026-06-12 11:30:00+03:00,0.396579311613674,0.396579311613674,0.004281347946510576
2026-06-12 11:35:00+03:00,0.45978742973998477,0.45978742973998477,0.5461706006800368
2026-06-12 11:40:00+03:00,0.5051381357463979,0.5051381357463979,0.5652965588645883
2026-06-12 11:45:00+03:00,0.5435343714489466,0.5435343714489466,0.6146040082296109
2026-06-12 11:50:00+03:00,0.5562989011261115,0.5562989011261115,0.5375294914569427
2026-06-12 11:55:00+03:00,0.5605289361965258,0.5605289361965258,0.5123162651769251
2026-06-12 12:00:00+03:00,0.562949188094045,0.562949188094045,0.5099708762923563
2026-06-12 12:05:00+03:00,0.5642907273385704,0.5642907273385704,0.5083762127213919
2026-06-12 12:10:00+03:00,0.5674456543558599,0.5674456543558599,0.5216536153778206
2026-06-12 12:15:00+03:00,0.5174214882534021,0.5174214882534021,0.21904493290674476
2026-06-12 12:20:00+03:00,0.4771389866209686,0.4771389866209686,0.17769263445366848
2026-06-12 12:25:00+03:00,0.4532490703112392,0.4532490703112392,0.19545958771352082
2026-06-12 12:30:00+03:00,0.4282274656966963,0.4282274656966963,0.1405109087822665
2026-06-12 12:35:00+03:00,0.40924949853566955,0.40924949853566955,0.1264017340084214
2026-06-12 12:40:00+03:00,0.35293646793802347,0.35293646793802347,-0.17311280164789103
2026-06-12 12:45:00+03:00,0.3228412745033616,0.3228412745033616,-0.11614536735524754
2026-06-12 12:50:00+03:00,0.30313549496066156,0.30313549496066156,-0.11349065657566032
2026-06-12 12:55:00+03:00,0.28637920560052743,0.28637920560052743,-0.1406828210576446
2026-06-12 13:00:00+03:00,0.2737552401636937,0.2737552401636937,-0.15181683157158918
2026-06-12 13:05:00+03:00,0.26176336309319204,0.26176336309319204,-0.17978765353450055
2026-06-12 13:10:00+03:00,0.2478428121962638,0.2478428121962638,-0.22813013258411083
2026-06-12 13:15:00+03:00,0.23250228600647596,0.23250228600647596,-0.28056442610842264
2026-06-12 13:20:00+03:00,0.2225562799185917,0.2225562799185917,-0.2780576151182988
2026-06-12 13:25:00+03:00,0.23814870776645244,0.23814870776645244,-0.09972367125539587
2026-06-12 13:30:00+03:00,0.23312911080593393,0.23312911080593393,-0.21953930550762465
2026-06-12 13:35:00+03:00,0.230896337689764,0.230896337689764,-0.21034052000644196
2026-06-12 13:40:00+03:00,0.23012883921548524,0.23012883921548524,-0.20443589272221813
2026-06-12 13:45:00+03:00,0.22482445457803069,0.22482445457803069,-0.24446222505435636
2026-06-12 13:50:00+03:00,0.21951664835809287,0.21951664835809287,-0.25974889481357094
2026-06-12 13:55:00+03:00,0.2166621639189038,0.2166621639189038,-0.2538128417586967
2026-06-12 14:00:00+03:00,0.2849708793003151,0.2849708793003151,0.22734931581617132
2026-06-12 14:05:00+03:00,0.3295413128428236,0.3295413128428236,0.22162636163977334
2026-06-12 14:10:00+03:00,0.35634912584272377,0.35634912584272377,0.20439088185155782
2026-06-12 14:15:00+03:00,0.37584415839765795,0.37584415839765795,0.2140315071419452
2026-06-12 14:20:00+03:00,0.3917170249719886,0.3917170249719886,0.23103491319535882
2026-06-12 14:25:00+03:00,0.41555908070363434,0.41555908070363434,0.30841050389878505
2026-06-12 14:30:00+03:00,0.46848825488292306,0.46848825488292306,0.5228133772300056
2026-06-12 14:35:00+03:00,0.5341081348362005,0.5341081348362005,0.708771702757003
2026-06-12 14:40:00+03:00,0.6869292038663923,0.6869292038663923,2.7274543240151754
2026-06-12 14:45:00+03:00,0.7891415639590255,0.7891415639590255,2.7969204025119927
2026-06-12 14:50:00+03:00,0.8586394467543841,0.8586394467543841,3.2790508030797505
2026-06-12 14:55:00+03:00,0.9049165141717445,0.9049165141717445,3.2466963641174327
2026-06-12 15:00:00+03:00,0.9355587907585756,0.9355587907585756,3.1401045506367518
2026-06-12 15:05:00+03:00,0.9561428527433601,0.9561428527433601,3.217251208087925
2026-06-12 15:10:00+03:00,0.9700958709612368,0.9700958709612368,3.3600635549938507
2026-06-12 15:15:00+03:00,0.9794112256035553,0.9794112256035553,3.369791231797406
2026-06-12 15:20:00+03:00,0.9855653706629494,0.9855653706629494,3.330156909512178
2026-06-12 15:25:00+03:00,0.9896017042185131,0.9896017042185131,3.287080505509581
2026-06-12 15:30:00+03:00,0.9922718566818902,0.9922718566818902,3.274385955529419
2026-06-12 15:35:00+03:00,0.9936130599424841,0.9936130599424841,3.063058821601559
2026-06-12 15:40:00+03:00,0.9945610432524893,0.9945610432524893,3.084527117108897
2026-06-12 15:45:00+03:00,0.9958251994932455,0.9958251994932455,3.453088427311941
2026-06-12 15:50:00+03:00,0.9966865068860664,0.9966865068860664,3.4695987109522193
2026-06-12 15:55:00+03:00,0.9967974603749934,0.9967974603749934,3.1677164991731863
2026-06-12 16:00:00+03:00,0.9972490418913094,0.9972490418913094,3.397652629090889
2026-06-12 16:05:00+03:00,0.997619845140989,0.997619845140989,3.4554113055356686
2026-06-12 16:10:00+03:00,0.9976871002468112,0.9976871002468112,3.31852946766279
2026-06-12 16:15:00+03:00,0.997945644485415,0.997945644485415,3.4860705180062803
2026-06-12 16:20:00+03:00,0.9980778665528354,0.9980778665528354,3.449830255546916
2026-06-12 16:25:00+03:00,0.9981153732665733,0.9981153732665733,3.40768821939948
2026-06-12 16:30:00+03:00,0.9531474356068139,0.9531474356068139,1.2628916722089432
2026-06-12 16:35:00+03:00,0.6824573159794632,0.6824573159794632,-0.48754161423990433
2026-06-12 16:40:00+03:00,0.7069560137559858,0.7069560137559858,0.9214961188838483
2026-06-12 16:45:00+03:00,0.7876171130793431,0.7876171130793431,1.7810779273264616
2026-06-12 16:50:00+03:00,0.8559947966228918,0.8559947966228918,2.7392306288000605
2026-06-12 16:55:00+03:00,0.9026537341838022,0.9026537341838022,3.0226947512291495
2026-06-12 17:00:00+03:00,0.9339735541954289,0.9339735541954289,3.1062314980959544
2026-06-12 17:05:00+03:00,0.9548027694975115,0.9548027694975115,3.0850968679172848
2026-06-12 17:10:00+03:00,0.9686912953846595,0.9686912953846595,3.0860702153430144
2026-06-12 17:15:00+03:00,0.9779848781596305,0.9779848781596305,3.1004176757354527
2026-06-12 17:20:00+03:00,0.9842461719395948,0.9842461719395948,3.1288649993997653
2026-06-12 17:25:00+03:00,0.9884295448809814,0.9884295448809814,3.132983440600862
2026-06-12 17:30:00+03:00,0.9908103057839468,0.9908103057839468,2.977107713274452
2026-06-12 17:35:00+03:00,0.9912729030229568,0.9912729030229568,2.7037551438508385
2026-06-12 17:40:00+03:00,0.9890766575922716,0.9890766575922716,2.3765038984749034
2026-06-12 17:45:00+03:00,0.9757708438884932,0.9757708438884932,1.7832597311327656
2026-06-12 17:50:00+03:00,0.9442887381179584,0.9442887381179584,1.341000108875637
2026-06-12 17:55:00+03:00,0.9180429571188031,0.9180429571188031,1.2724677958148731
2026-06-15 09:55:00+03:00,0.7157481625851202,0.7157481625851202,-0.002190411492128285
2026-06-15 10:00:00+03:00,0.5999244853983501,0.5999244853983501,0.12019194287518864
2026-06-15 10:05:00+03:00,0.5066584039592106,0.5066584039592106,0.017727448338136876
2026-06-15 10:10:00+03:00,0.43736528171661465,0.43736528171661465,-0.030213065986299113
2026-06-15 10:15:00+03:00,0.3912666935683155,0.3912666935683155,-0.02954808403393234
2026-06-15 10:20:00+03:00,0.3728309672333152,0.3728309672333152,0.052192699855657776
2026-06-15 10:25:00+03:00,0.35040543371995714,0.35040543371995714,-0.014797285852500985
2026-06-15 10:30:00+03:00,0.33465147276643276,0.33465147276643276,-0.020260171885844256
2026-06-15 10:35:00+03:00,0.3231788303408223,0.3231788303408223,-0.02688703492774864
2026-06-15 10:40:00+03:00,0.32461320117897846,0.32461320117897846,0.03384514252322811
2026-06-15 10:45:00+03:00,0.3236581082807615,0.3236581082807615,0.02129734766024103
2026-06-15 10:50:00+03:00,0.33465703442472944,0.33465703442472944,0.09606139917018343
2026-06-15 10:55:00+03:00,0.34297442864013433,0.34297442864013433,0.10222723113747362
2026-06-15 11:00:00+03:00,0.3392231616972101,0.3392231616972101,0.0430482228213271
2026-06-15 11:05:00+03:00,0.33865274617758834,0.33865274617758834,0.05552733429732322
2026-06-15 11:10:00+03:00,0.3341329673830063,0.3341329673830063,0.028632268828149725
2026-06-15 11:15:00+03:00,0.31957198500173745,0.31957198500173745,-0.04944197404786112
2026-06-15 11:20:00+03:00,0.31279281508380274,0.31279281508380274,-0.029170618558666535
2026-06-15 11:25:00+03:00,0.30711013718748936,0.30711013718748936,-0.037181608310910205
2026-06-15 11:30:00+03:00,0.3018178354434425,0.3018178354434425,-0.04762018021401831
2026-06-15 11:35:00+03:00,0.3468032301396168,0.3468032301396168,0.2570901161794811
2026-06-15 11:40:00+03:00,0.31869632694949623,0.31869632694949623,-0.1165625386429059
2026-06-15 11:45:00+03:00,0.30947035310141363,0.30947035310141363,-0.048119590796188084
2026-06-15 11:50:00+03:00,0.30601290351016297,0.30601290351016297,-0.029482889938087342
2026-06-15 11:55:00+03:00,0.29568718859211435,0.29568718859211435,-0.08591381827994127
2026-06-15 12:00:00+03:00,0.2903615529012236,0.2903615529012236,-0.07472494403880936
2026-06-15 12:05:00+03:00,0.28635943140977294,0.28635943140977294,-0.07795655247572457
2026-06-15 12:10:00+03:00,0.2831620249025126,0.2831620249025126,-0.0817558632561023
2026-06-15 12:15:00+03:00,0.27792458686428073,0.27792458686428073,-0.10432645231483552
2026-06-15 12:20:00+03:00,0.2782818958710981,0.2782818958710981,-0.07642592864442652
2026-06-15 12:25:00+03:00,0.2780271563019316,0.2780271563019316,-0.07995867037519959
2026-06-15 12:30:00+03:00,0.2739617069577487,0.2739617069577487,-0.10829835490543029
2026-06-15 12:35:00+03:00,0.2757511113402444,0.2757511113402444,-0.07563105470859692
2026-06-15 12:40:00+03:00,0.2774908880134752,0.2774908880134752,-0.07172831440336357
2026-06-15 12:45:00+03:00,0.2780287731146078,0.2780287731146078,-0.07616831190864742
2026-06-15 12:50:00+03:00,0.2741740261837504,0.2741740261837504,-0.10674171322337506
2026-06-15 12:55:00+03:00,0.2703392869411658,0.2703392869411658,-0.11609849707533007
2026-06-15 13:00:00+03:00,0.2726650691114846,0.2726650691114846,-0.08043983002498474
2026-06-15 13:05:00+03:00,0.27559208065945545,0.27559208065945545,-0.0705993314415162
2026-06-15 13:10:00+03:00,0.27307942166600635,0.27307942166600635,-0.10284751992650018
2026-06-15 13:15:00+03:00,0.26264551564046623,0.26264551564046623,-0.1692648846497851
2026-06-15 13:20:00+03:00,0.25798586574196053,0.25798586574196053,-0.15140779681808186
2026-06-15 13:25:00+03:00,0.25273191881484564,0.25273191881484564,-0.16809758648012002
2026-06-15 13:30:00+03:00,0.24937933061751894,0.24937933061751894,-0.16692181041496398
2026-06-15 13:35:00+03:00,0.25045309735829396,0.25045309735829396,-0.14135852489351272
2026-06-15 13:40:00+03:00,0.2546333249554065,0.2546333249554065,-0.1152962977987239
2026-06-15 13:45:00+03:00,0.2589151078630113,0.2589151078630113,-0.10425553258899746
2026-06-15 13:50:00+03:00,0.25739986670285026,0.25739986670285026,-0.1368741952467524
2026-06-15 13:55:00+03:00,0.2606696937326483,0.2606696937326483,-0.10491520331969653
2026-06-15 14:00:00+03:00,0.2762733654414834,0.2762733654414834,-0.010449548001896555
2026-06-15 14:05:00+03:00,0.27687704418221476,0.27687704418221476,-0.07860347774694892
2026-06-15 14:10:00+03:00,0.2774255364814746,0.2774255364814746,-0.07755697832784492
2026-06-15 14:15:00+03:00,0.28736030762075176,0.28736030762075176,-0.011014872860345347
2026-06-15 14:20:00+03:00,0.2885239720064049,0.2885239720064049,-0.04850821178145328
2026-06-15 14:25:00+03:00,0.28990375826784265,0.28990375826784265,-0.044301117491434804
2026-06-15 14:30:00+03:00,0.29696499568537016,0.29696499568537016,-0.002349571423598155
2026-06-15 14:35:00+03:00,0.30330607357777256,0.30330607357777256,0.00857446303055181
2026-06-15 14:40:00+03:00,0.288462405497423,0.288462405497423,-0.12579283878214514
2026-06-15 14:45:00+03:00,0.2802247297668601,0.2802247297668601,-0.11342779654708139
2026-06-15 14:50:00+03:00,0.27290390236078726,0.27290390236078726,-0.12707633357510065
2026-06-15 14:55:00+03:00,0.2700759700361878,0.2700759700361878,-0.1117720473333388
2026-06-15 15:00:00+03:00,0.2812511505233332,0.2812511505233332,-0.019220560524948464
2026-06-15 15:05:00+03:00,0.2926734992154366,0.2926734992154366,0.0075307351160538985
2026-06-15 15:10:00+03:00,0.301033615663903,0.301033615663903,0.012487665278047079
2026-06-15 15:15:00+03:00,0.3066073652606035,0.3066073652606035,0.012489913480452952
2026-06-15 15:20:00+03:00,0.30154095550200827,0.30154095550200827,-0.04721373838268807
2026-06-15 15:25:00+03:00,0.30346276143578826,0.30346276143578826,-0.010842395830719853
2026-06-15 15:30:00+03:00,0.3090008895778554,0.3090008895778554,0.017619223505336155
2026-06-15 15:35:00+03:00,0.32338525005191116,0.32338525005191116,0.08662371929199963
2026-06-15 15:40:00+03:00,0.3268674759733553,0.3268674759733553,0.04761013432241745
2026-06-15 15:45:00+03:00,0.32884968726900254,0.32884968726900254,0.0454127336774694
2026-06-15 15:50:00+03:00,0.31680648418419916,0.31680648418419916,-0.04416961163045848
2026-06-15 15:55:00+03:00,0.3078418402303457,0.3078418402303457,-0.050693833132859724
2026-06-15 16:00:00+03:00,0.3031538039949752,0.3031538039949752,-0.04172133472798678
2026-06-15 16:05:00+03:00,0.3028184675681968,0.3028184675681968,-0.02252369521378986
2026-06-15 16:10:00+03:00,0.30296806161560824,0.30296806161560824,-0.019979277140461812
2026-06-15 16:15:00+03:00,0.3029700125572603,0.3029700125572603,-0.020645486759392963
2026-06-15 16:20:00+03:00,0.30615646493485943,0.30615646493485943,0.0008741531772403618
2026-06-15 16:25:00+03:00,0.30762845916193216,0.30762845916193216,-0.0035030167408983902
2026-06-15 16:30:00+03:00,0.4800716063197614,0.4800716063197614,1.1228422818950177
2026-06-15 16:35:00+03:00,0.5930770866246947,0.5930770866246947,1.1035922390800454
2026-06-15 16:40:00+03:00,0.648503684001565,0.648503684001565,0.9303889841504331
2026-06-15 16:45:00+03:00,0.7193939692603873,0.7193939692603873,1.2546664760871815
2026-06-15 16:50:00+03:00,0.7317010074846866,0.7317010074846866,0.9224371154314076
2026-06-15 16:55:00+03:00,0.7637199387809,0.7637199387809,1.132203811748442
2026-06-15 17:00:00+03:00,0.7450745304198154,0.7450745304198154,0.8034877342538753
2026-06-15 17:05:00+03:00,0.7296952927505811,0.7296952927505811,0.7831441357012773
2026-06-15 17:10:00+03:00,0.6694148785405764,0.6694148785405764,0.4731270536868221
2026-06-15 17:15:00+03:00,0.6179369895574262,0.6179369895574262,0.40783291883765393
2026-06-15 17:20:00+03:00,0.6389460899090923,0.6389460899090923,0.7428286945929827
2026-06-15 17:25:00+03:00,0.6523813351776302,0.6523813351776302,0.7390524432824028
2026-06-15 17:30:00+03:00,0.5256089442607017,0.5256089442607017,-0.0930879661876101
2026-06-15 17:35:00+03:00,0.44178357413559455,0.44178357413559455,-0.0880885661742248
2026-06-15 17:40:00+03:00,0.3858999940521898,0.3858999940521898,-0.0880885661742248
2026-06-15 17:45:00+03:00,0.3486442739965866,0.3486442739965866,-0.0880885661742248
2026-06-15 17:50:00+03:00,0.32286112239750436,0.32286112239750436,-0.09495331741011341
2026-06-15 17:55:00+03:00,0.3092015338228903,0.3092015338228903,-0.06956490676099196
2026-06-16 09:55:00+03:00,0.3318488211312471,0.3318488211312471,0.13838628495637575
2026-06-16 10:00:00+03:00,0.35758276194947486,0.35758276194947486,0.20257728348336287
2026-06-16 10:05:00+03:00,0.34699249824783995,0.34699249824783995,0.03020257080586204
2026-06-16 10:10:00+03:00,0.3397758987431198,0.3397758987431198,0.029177256050455524
2026-06-16 10:15:00+03:00,0.3248767374395951,0.3248767374395951,-0.03871753312412932
2026-06-16 10:20:00+03:00,0.3127020960708666,0.3127020960708666,-0.05433454782961209
2026-06-16 10:25:00+03:00,0.30157134652931133,0.30157134652931133,-0.07567889349657592
2026-06-16 10:30:00+03:00,0.30648863317704345,0.30648863317704345,0.009317784290027819
2026-06-16 10:35:00+03:00,0.3111907210479237,0.3111907210479237,0.01876010511338894
2026-06-16 10:40:00+03:00,0.3144439411338856,0.3144439411338856,0.019542863782223904
2026-06-16 10:45:00+03:00,0.3230313417308806,0.3230313417308806,0.061296892339817666
2026-06-16 10:50:00+03:00,0.3253753791005096,0.3253753791005096,0.039457301245592935
2026-06-16 10:55:00+03:00,0.33164532655380535,0.33164532655380535,0.06977764878140796
2026-06-16 11:00:00+03:00,0.3290873897418991,0.3290873897418991,0.026176943465551054
2026-06-16 11:05:00+03:00,0.3169137139588898,0.3169137139588898,-0.0445258663930875
2026-06-16 11:10:00+03:00,0.30725187108493646,0.30725187108493646,-0.05532773190393908
2026-06-16 11:15:00+03:00,0.3014683300006638,0.3014683300006638,-0.05072017804789746
2026-06-16 11:20:00+03:00,0.29459999292069555,0.29459999292069555,-0.0719827300565487
2026-06-16 11:25:00+03:00,0.293834685209744,0.293834685209744,-0.04513401517494166
2026-06-16 11:30:00+03:00,0.29150282818013984,0.29150282818013984,-0.05787901404498077
2026-06-16 11:35:00+03:00,0.28922051301661084,0.28922051301661084,-0.06301101615871128
2026-06-16 11:40:00+03:00,0.28499119812389806,0.28499119812389806,-0.08231839785462229
2026-06-16 11:45:00+03:00,0.27985973255236085,0.27985973255236085,-0.09908212998868533
2026-06-16 11:50:00+03:00,0.2727413999283142,0.2727413999283142,-0.12646922799723156
2026-06-16 11:55:00+03:00,0.26773759846237877,0.26773759846237877,-0.12841021657103327
2026-06-16 12:00:00+03:00,0.2636182124271421,0.2636182124271421,-0.134322611539881
2026-06-16 12:05:00+03:00,0.2583678716196469,0.2583678716196469,-0.15346268667715854
2026-06-16 12:10:00+03:00,0.24994288122291106,0.24994288122291106,-0.19227907443719183
2026-06-16 12:15:00+03:00,0.24406247656063296,0.24406247656063296,-0.19440508996265776
2026-06-16 12:20:00+03:00,0.24047640850564284,0.24047640850564284,-0.1917119762677834
2026-06-16 12:25:00+03:00,0.23712218146234357,0.23712218146234357,-0.1994984159860559
2026-06-16 12:30:00+03:00,0.23792493650675967,0.23792493650675967,-0.1751647483636882
2026-06-16 12:35:00+03:00,0.23941092048082324,0.23941092048082324,-0.1676824520163449
2026-06-16 12:40:00+03:00,0.24248452041369659,0.24248452041369659,-0.15149727943240365
2026-06-16 12:45:00+03:00,0.24616684531052255,0.24616684531052255,-0.13899592440013384
2026-06-16 12:50:00+03:00,0.24879563263779,0.24879563263779,-0.13767428636441587
2026-06-16 12:55:00+03:00,0.25069220574037787,0.25069220574037787,-0.13658090176824106
2026-06-16 13:00:00+03:00,0.2544668780061568,0.2544668780061568,-0.11771880869939046
2026-06-16 13:05:00+03:00,0.25469737472887005,0.25469737472887005,-0.13488051155148545
2026-06-16 13:10:00+03:00,0.25431844271421095,0.25431844271421095,-0.1389222006066974
2026-06-16 13:15:00+03:00,0.25134375242902135,0.25134375242902135,-0.15984766635147163
2026-06-16 13:20:00+03:00,0.24936062557222827,0.24936062557222827,-0.15984766635147163
2026-06-16 13:25:00+03:00,0.2477088294548983,0.2477088294548983,-0.16241381909726835
2026-06-16 13:30:00+03:00,0.2468533960709345,0.2468533960709345,-0.16050036784761493
2026-06-16 13:35:00+03:00,0.24722015717288412,0.24722015717288412,-0.153240141580098
2026-06-16 13:40:00+03:00,0.24843876279982224,0.24843876279982224,-0.1457511166264525
2026-06-16 13:45:00+03:00,0.253056878812118,0.253056878812118,-0.11703205444349533
2026-06-16 13:50:00+03:00,0.2554738418396634,0.2554738418396634,-0.12196661883173612
2026-06-16 13:55:00+03:00,0.2563447263478811,0.2563447263478811,-0.1275165897294186
2026-06-16 14:00:00+03:00,0.2545395473238888,0.2545395473238888,-0.14561528149611144
2026-06-16 14:05:00+03:00,0.25352520866617917,0.25352520866617917,-0.14416829478128843
2026-06-16 14:10:00+03:00,0.2713980210840289,0.2713980210840289,-0.011209197695512213
2026-06-16 14:15:00+03:00,0.29550661148860435,0.29550661148860435,0.06879660185868337
2026-06-16 14:20:00+03:00,0.30697787433990725,0.30697787433990725,0.03914689125009693
2026-06-16 14:25:00+03:00,0.3189209522913376,0.3189209522913376,0.06684577112604094
2026-06-16 14:30:00+03:00,0.318550944508169,0.318550944508169,0.012613979940371134
2026-06-16 14:35:00+03:00,0.31737303802279976,0.31737303802279976,0.006417383147226926
2026-06-16 14:40:00+03:00,0.327527107849382,0.327527107849382,0.07751618363969215
2026-06-16 14:45:00+03:00,0.3506170782727297,0.3506170782727297,0.1781397338453243
2026-06-16 14:50:00+03:00,0.39271351200227983,0.39271351200227983,0.33472636881044165
2026-06-16 14:55:00+03:00,0.42254185936675814,0.42254185936675814,0.34489926996283093
2026-06-16 15:00:00+03:00,0.4477291647548117,0.4477291647548117,0.37543614553384236
2026-06-16 15:05:00+03:00,0.5004088919219128,0.5004088919219128,0.5851581817608806
2026-06-16 15:10:00+03:00,0.5019686796413181,0.5019686796413181,0.3888398604424264
2026-06-16 15:15:00+03:00,0.4847525518573018,0.4847525518573018,0.2834230793286342
2026-06-16 15:20:00+03:00,0.46343613885870827,0.46343613885870827,0.22580451619827935
2026-06-16 15:25:00+03:00,0.4416072429614661,0.4416072429614661,0.1804485438063312
2026-06-16 15:30:00+03:00,0.4330293132535149,0.4330293132535149,0.2160846554193631
2026-06-16 15:35:00+03:00,0.40348292823503284,0.40348292823503284,0.0702131653176178
2026-06-16 15:40:00+03:00,0.3679415629206483,0.3679415629206483,-0.03461827939411867
2026-06-16 15:45:00+03:00,0.3433208640094481,0.3433208640094481,-0.04102381833236296
2026-06-16 15:50:00+03:00,0.32681164276358815,0.32681164276358815,-0.041685565641450775
2026-06-16 15:55:00+03:00,0.3236273512230441,0.3236273512230441,0.011391579686506469
2026-06-16 16:00:00+03:00,0.31881967922795906,0.31881967922795906,-0.006572161095749397
2026-06-16 16:05:00+03:00,0.3115431481174094,0.3115431481174094,-0.034316643560559336
2026-06-16 16:10:00+03:00,0.305744543817886,0.305744543817886,-0.04086698384882413
2026-06-16 16:15:00+03:00,0.30269598460470665,0.30269598460470665,-0.03521593891297246
2026-06-16 16:20:00+03:00,0.3003873592282534,0.3003873592282534,-0.03712327094261201
2026-06-16 16:25:00+03:00,0.2983537988383099,0.2983537988383099,-0.04054505095485266
2026-06-16 16:30:00+03:00,0.2945728881185804,0.2945728881185804,-0.05747581024031794
2026-06-16 16:35:00+03:00,0.28772133217713497,0.28772133217713497,-0.08836493820020619
2026-06-16 16:40:00+03:00,0.28337449921881824,0.28337449921881824,-0.08676814720963291
2026-06-16 16:45:00+03:00,0.28049350148085467,0.28049350148085467,-0.08664613274285753
2026-06-16 16:50:00+03:00,0.2785728363222123,0.2785728363222123,-0.08664613274285753
2026-06-16 16:55:00+03:00,0.27766346617416315,0.27766346617416315,-0.08396913373934528
2026-06-16 17:00:00+03:00,0.27801260768994196,0.27801260768994196,-0.077107346192353
2026-06-16 17:05:00+03:00,0.2843762034406088,0.2843762034406088,-0.03405630829747713
2026-06-16 17:10:00+03:00,0.2867022582187575,0.2867022582187575,-0.047338669604498305
2026-06-16 17:15:00+03:00,0.29809153799047267,0.29809153799047267,0.01936612304330034
2026-06-16 17:20:00+03:00,0.30498210671375076,0.30498210671375076,0.014719600348688903
2026-06-16 17:25:00+03:00,0.30903260137797345,0.30903260137797345,0.011114297597623331
2026-06-16 17:30:00+03:00,0.31169009533115705,0.31169009533115705,0.010829578125315887
2026-06-16 17:35:00+03:00,0.30115419016767664,0.30115419016767664,-0.07383924701882573
2026-06-16 17:40:00+03:00,0.2965123593712432,0.2965123593712432,-0.05696570374346764
2026-06-16 17:45:00+03:00,0.2944219383520965,0.2944219383520965,-0.049928432476159385
2026-06-16 17:50:00+03:00,0.2940888881788691,0.2940888881788691,-0.04254238961212565
2026-06-16 17:55:00+03:00,0.2918331298198006,0.2918331298198006,-0.05674798940515902
2026-06-17 09:55:00+03:00,0.28562341750031184,0.28562341750031184,-0.09033039141783607
2026-06-17 10:00:00+03:00,0.282240127920152,0.282240127920152,-0.08486097080902028
2026-06-17 10:05:00+03:00,0.2779531108028602,0.2779531108028602,-0.09961272227199885
2026-06-17 10:10:00+03:00,0.2747051949251904,0.2747051949251904,-0.10246794572507785
2026-06-17 10:15:00+03:00,0.27353457526779795,0.27353457526779795,-0.09519962151314551
2026-06-17 10:20:00+03:00,0.27272829927365233,0.27272829927365233,-0.09538797150885749
2026-06-17 10:25:00+03:00,0.2727089058555314,0.2727089058555314,-0.09162108719177839
2026-06-17 10:30:00+03:00,0.27156683521310465,0.27156683521310465,-0.09984769181148644
2026-06-17 10:35:00+03:00,0.26947212873228565,0.26947212873228565,-0.10964656640968214
2026-06-17 10:40:00+03:00,0.2672210623757104,0.2672210623757104,-0.11597682515418116
2026-06-17 10:45:00+03:00,0.2621905300694373,0.2621905300694373,-0.14255657318236642
2026-06-17 10:50:00+03:00,0.2592198614993866,0.2592198614993866,-0.13963741413708938
2026-06-17 10:55:00+03:00,0.2655365674856691,0.2655365674856691,-0.07839898561015764
2026-06-17 11:00:00+03:00,0.26104808594759005,0.26104808594759005,-0.14270502605665616
2026-06-17 11:05:00+03:00,0.25779650108899177,0.25779650108899177,-0.14468629989790535
2026-06-17 11:10:00+03:00,0.2538015275464001,0.2538015275464001,-0.1587673787352822
2026-06-17 11:15:00+03:00,0.251204833411215,0.251204833411215,-0.15825030253174724
2026-06-17 11:20:00+03:00,0.24968002298774572,0.24968002298774572,-0.15665077195270183
2026-06-17 11:25:00+03:00,0.2492166835936405,0.2492166835936405,-0.15237523949592846
2026-06-17 11:30:00+03:00,0.24890588211563433,0.24890588211563433,-0.15238995712738215
2026-06-17 11:35:00+03:00,0.24880919611048108,0.24880919611048108,-0.1515381031266748
2026-06-17 11:40:00+03:00,0.2689204278964196,0.2689204278964196,-0.006710176056481495
2026-06-17 11:45:00+03:00,0.30132615626441567,0.30132615626441567,0.11577457336295181
2026-06-17 11:50:00+03:00,0.32049040519138233,0.32049040519138233,0.10058000519543313
2026-06-17 11:55:00+03:00,0.30229334334369634,0.30229334334369634,-0.10813019947888469
2026-06-17 12:00:00+03:00,0.28941066641965113,0.28941066641965113,-0.11368493396920452
2026-06-17 12:05:00+03:00,0.281672433661184,0.281672433661184,-0.1074011097504173
2026-06-17 12:10:00+03:00,0.27566339329797623,0.27566339329797623,-0.11368493396920452
2026-06-17 12:15:00+03:00,0.2717709189463402,0.2717709189463402,-0.11284344050704732
2026-06-17 12:20:00+03:00,0.27035843935052983,0.27035843935052983,-0.1041213445237409
2026-06-17 12:25:00+03:00,0.26959850973648264,0.26959850973648264,-0.10278749923251657
2026-06-17 12:30:00+03:00,0.2689785241907826,0.2689785241907826,-0.1036193991077692
2026-06-17 12:35:00+03:00,0.26875434584444,0.26875434584444,-0.10223178740900636
2026-06-17 12:40:00+03:00,0.26482457885839805,0.26482457885839805,-0.13033042199334163
2026-06-17 12:45:00+03:00,0.2621240564372111,0.2621240564372111,-0.13093876054600198
2026-06-17 12:50:00+03:00,0.26262820676181337,0.26262820676181337,-0.11370669374806647
2026-06-17 12:55:00+03:00,0.2629643069782149,0.2629643069782149,-0.11370669374806647
2026-06-17 13:00:00+03:00,0.2631883737891492,0.2631883737891492,-0.11370669374806647
2026-06-17 13:05:00+03:00,0.26094274111397375,0.26094274111397375,-0.1316216993034851
2026-06-17 13:10:00+03:00,0.2594456526638568,0.2594456526638568,-0.1316216993034851
2026-06-17 13:15:00+03:00,0.2563605356116926,0.2563605356116926,-0.14750305575266626
2026-06-17 13:20:00+03:00,0.25502575592492865,0.25502575592492865,-0.14197987133480278
2026-06-17 13:25:00+03:00,0.2542379391059798,0.2542379391059798,-0.14120181228441703
2026-06-17 13:30:00+03:00,0.25363925679561755,0.25363925679561755,-0.1417619896398857
2026-06-17 13:35:00+03:00,0.25379253587565453,0.25379253587565453,-0.13755812853271013
2026-06-17 13:40:00+03:00,0.2534909876716941,0.2534909876716941,-0.1406288239225374
2026-06-17 13:45:00+03:00,0.2532899555357204,0.2532899555357204,-0.1406288239225374
2026-06-17 13:50:00+03:00,0.2532394065332333,0.2532394065332333,-0.13999315942800752
2026-06-17 13:55:00+03:00,0.25340759800352997,0.25340759800352997,-0.13845742388512325
2026-06-17 14:00:00+03:00,0.26382592182354636,0.26382592182354636,-0.062995261897015
2026-06-17 14:05:00+03:00,0.27095700085612284,0.27095700085612284,-0.061684698490967096
2026-06-17 14:10:00+03:00,0.2782312346352139,0.2782312346352139,-0.044031454819362735
2026-06-17 14:15:00+03:00,0.2880791904524916,0.2880791904524916,-0.0097864431446242
2026-06-17 14:20:00+03:00,0.29239830241851467,0.29239830241851467,-0.025054798225752205
2026-06-17 14:25:00+03:00,0.29436486553239266,0.29436486553239266,-0.03131511689319371
2026-06-17 14:30:00+03:00,0.3271533180485963,0.3271533180485963,0.16997366821015403
2026-06-17 14:35:00+03:00,0.3386147889502634,0.3386147889502634,0.10624013481509684
2026-06-17 14:40:00+03:00,0.34045461441369584,0.34045461441369584,0.069669341447911
2026-06-17 14:45:00+03:00,0.3456876718259907,0.3456876718259907,0.09501333451657286
2026-06-17 14:50:00+03:00,0.3618800818347101,0.3618800818347101,0.17305872360525304
2026-06-17 14:55:00+03:00,0.37163194671211397,0.37163194671211397,0.16676374910457226
2026-06-17 15:00:00+03:00,0.3576990825283561,0.3576990825283561,0.03895797844133556
2026-06-17 15:05:00+03:00,0.36105684604979515,0.36105684604979515,0.11915076301405667
2026-06-17 15:10:00+03:00,0.3637763354113458,0.3637763354113458,0.1221255839827617
2026-06-17 15:15:00+03:00,0.35924531889272127,0.35924531889272127,0.08247427249163986
2026-06-17 15:20:00+03:00,0.3669895988129263,0.3669895988129263,0.1492517600876963
2026-06-17 15:25:00+03:00,0.36711204800073666,0.36711204800073666,0.11829340101165414
2026-06-17 15:30:00+03:00,0.37197695293135363,0.37197695293135363,0.1476842689028912
2026-06-17 15:35:00+03:00,0.37342296028543215,0.37342296028543215,0.1366936445684283
2026-06-17 15:40:00+03:00,0.38027381643608454,0.38027381643608454,0.1724773401438498
2026-06-17 15:45:00+03:00,0.37390350186630866,0.37390350186630866,0.10546085152455607
2026-06-17 15:50:00+03:00,0.36576263240849505,0.36576263240849505,0.08099272912505204
2026-06-17 15:55:00+03:00,0.36033538610328597,0.36033538610328597,0.08099272912505204
2026-06-17 16:00:00+03:00,0.3596087714807556,0.3596087714807556,0.09919615026638252
2026-06-17 16:05:00+03:00,0.35991559519648286,0.35991559519648286,0.10414281301538507
2026-06-17 16:10:00+03:00,0.36110086911175354,0.36110086911175354,0.11025449061046652
2026-06-17 16:15:00+03:00,0.35748049982169205,0.35748049982169205,0.08259333538301802
2026-06-17 16:20:00+03:00,0.3513072266569251,0.3513072266569251,0.05863257306027413
2026-06-17 16:25:00+03:00,0.3430720971867985,0.3430720971867985,0.03192663843408597
2026-06-17 16:30:00+03:00,0.3466256311397999,0.3466256311397999,0.08994022097216221
2026-06-17 16:35:00+03:00,0.36514394376449966,0.36514394376449966,0.18890606631089518
2026-06-17 16:40:00+03:00,0.36507570930682387,0.36507570930682387,0.11329559087564661
2026-06-17 16:45:00+03:00,0.3646529279288423,0.3646529279288423,0.11095098532290036
2026-06-17 16:50:00+03:00,0.3681899015789767,0.3681899015789767,0.13454383979089096
2026-06-17 16:55:00+03:00,0.38346717660928015,0.38346717660928015,0.21242526114560226
2026-06-17 17:00:00+03:00,0.3978388207665787,0.3978388207665787,0.2371587373698343
2026-06-17 17:05:00+03:00,0.40909833167380144,0.40909833167380144,0.24701984665460197
2026-06-17 17:10:00+03:00,0.42838629704319,0.42838629704319,0.3155823799336974
2026-06-17 17:15:00+03:00,0.4392488837278469,0.4392488837278469,0.30403082659183417
2026-06-17 17:20:00+03:00,0.4354244967081351,0.4354244967081351,0.23949894737515787
2026-06-17 17:25:00+03:00,0.45263341217799336,0.45263341217799336,0.3542205677543517
2026-06-17 17:30:00+03:00,0.4424660110862492,0.4424660110862492,0.2284172323611618
2026-06-17 17:35:00+03:00,0.4351411068444403,0.4351411068444403,0.22519028297335517
2026-06-17 17:40:00+03:00,0.43311719456503833,0.43311719456503833,0.2420334247144087
2026-06-17 17:45:00+03:00,0.4524870807327073,0.4524870807327073,0.36223747879568835
2026-06-17 17:50:00+03:00,0.45150850414125937,0.45150850414125937,0.2819325131167119
2026-06-17 17:55:00+03:00,0.456737816583197,0.456737816583197,0.3160337977692286
2026-06-18 09:55:00+03:00,0.41759198693030675,0.41759198693030675,0.059359624738678674
2026-06-18 10:00:00+03:00,0.37367232419896373,0.37367232419896373,-0.06024111245660031
2026-06-18 10:05:00+03:00,0.34127790865371943,0.34127790865371943,-0.08242269504982694
2026-06-18 10:10:00+03:00,0.3182736411435135,0.3182736411435135,-0.09260130220125815
2026-06-18 10:15:00+03:00,0.3014076905812155,0.3014076905812155,-0.10377299620564945
2026-06-18 10:20:00+03:00,0.29066868216714514,0.29066868216714514,-0.10007209625607404
2026-06-18 10:25:00+03:00,0.28519376615752956,0.28519376615752956,-0.08782073462172274
2026-06-18 10:30:00+03:00,0.28150721949691526,0.28150721949691526,-0.088085450436484
2026-06-18 10:35:00+03:00,0.2759487315011037,0.2759487315011037,-0.11075718470681928
2026-06-18 10:40:00+03:00,0.27325976549193454,0.27325976549193454,-0.10326884457534173
2026-06-18 10:45:00+03:00,0.27088731506630026,0.27088731506630026,-0.1075326495780493
2026-06-18 10:50:00+03:00,0.2688670888428297,0.2688670888428297,-0.11076979892405835
2026-06-18 10:55:00+03:00,0.26716209293268967,0.26716209293268967,-0.11342106960169439
2026-06-18 11:00:00+03:00,0.26718121670942896,0.26718121670942896,-0.10489041700904043
2026-06-18 11:05:00+03:00,0.26681490954298015,0.26681490954298015,-0.10768033472645629
2026-06-18 11:10:00+03:00,0.2667883393193105,0.2667883393193105,-0.1060775828274004
2026-06-18 11:15:00+03:00,0.2681201810568691,0.2681201810568691,-0.0961940143123491
2026-06-18 11:20:00+03:00,0.26092340736833075,0.26092340736833075,-0.15691041259542807
2026-06-18 11:25:00+03:00,0.2563138370595846,0.2563138370595846,-0.15545269792776079
2026-06-18 11:30:00+03:00,0.25324922218978524,0.25324922218978524,-0.15538746709384127
2026-06-18 11:35:00+03:00,0.251211743321984,0.251211743321984,-0.15534416509899784
2026-06-18 11:40:00+03:00,0.2502013279073838,0.2502013279073838,-0.15265676582187593
2026-06-18 11:45:00+03:00,0.2496766126927,0.2496766126927,-0.15150893353794348
2026-06-18 11:50:00+03:00,0.2508531507973,0.2508531507973,-0.13982082540218246
2026-06-18 11:55:00+03:00,0.25374458729194743,0.25374458729194743,-0.1239127404160371
2026-06-18 12:00:00+03:00,0.25554678503088724,0.25554678503088724,-0.12485255661594227
2026-06-18 12:05:00+03:00,0.25487847431707755,0.25487847431707755,-0.13896966787241002
2026-06-18 12:10:00+03:00,0.2567663980436343,0.2567663980436343,-0.12138256061613635
2026-06-18 12:15:00+03:00,0.25643072660920785,0.25643072660920785,-0.1333645232818823
2026-06-18 12:20:00+03:00,0.2569251204505689,0.2569251204505689,-0.12794910803579929
2026-06-18 12:25:00+03:00,0.2592637392761991,0.2592637392761991,-0.1129545431652739
2026-06-18 12:30:00+03:00,0.26191761255141144,0.26191761255141144,-0.1048759743706221
2026-06-18 12:35:00+03:00,0.26319293418821266,0.26319293418821266,-0.10851280860512265
2026-06-18 12:40:00+03:00,0.26500085668296774,0.26500085668296774,-0.10147275660235767
2026-06-18 12:45:00+03:00,0.26578443973580984,0.26578443973580984,-0.10456671236588519
2026-06-18 12:50:00+03:00,0.2668634085622414,0.2668634085622414,-0.10048509420335297
2026-06-18 12:55:00+03:00,0.26772785320742604,0.26772785320742604,-0.09942342048404998
2026-06-18 13:00:00+03:00,0.268167196456678,0.268167196456678,-0.10042523477525626
2026-06-18 13:05:00+03:00,0.26867137313594347,0.26867137313594347,-0.09888011385856535
2026-06-18 13:10:00+03:00,0.2688521245931623,0.2688521245931623,-0.1000161002859578
2026-06-18 13:15:00+03:00,0.26912799189359965,0.26912799189359965,-0.09888011385856535
2026-06-18 13:20:00+03:00,0.2695181808284808,0.2695181808284808,-0.09737379440177794
2026-06-18 13:25:00+03:00,0.2697783067850682,0.2697783067850682,-0.09737379440177794
2026-06-18 13:30:00+03:00,0.2698164386453146,0.2698164386453146,-0.09836145680078258
2026-06-18 13:35:00+03:00,0.27038003429873686,0.27038003429873686,-0.09443798525234239
2026-06-18 13:40:00+03:00,0.27198339425935597,0.27198339425935597,-0.08554248814397912
2026-06-18 13:45:00+03:00,0.27203789997611366,0.27203789997611366,-0.09288752981965302
2026-06-18 13:50:00+03:00,0.27343796771817036,0.27343796771817036,-0.0830247661710693
2026-06-18 13:55:00+03:00,0.27323601553966703,0.27323601553966703,-0.09122928751869207
2026-06-18 14:00:00+03:00,0.2739785010752621,0.2739785010752621,-0.08488519253143392
2026-06-18 14:05:00+03:00,0.27757697544438903,0.27757697544438903,-0.06273293921943264
2026-06-18 14:10:00+03:00,0.27427505791912177,0.27427505791912177,-0.10378417259063846
2026-06-18 14:15:00+03:00,0.2720737795689436,0.2720737795689436,-0.10378417259063846
2026-06-18 14:20:00+03:00,0.2747820604095393,0.2747820604095393,-0.07356270570320954
2026-06-18 14:25:00+03:00,0.27241178122922194,0.27241178122922194,-0.10378417259063846
2026-06-18 14:30:00+03:00,0.27063046871174706,0.27063046871174706,-0.10526196431637161
2026-06-18 14:35:00+03:00,0.2753449538687123,0.2753449538687123,-0.06273293921943264
2026-06-18 14:40:00+03:00,0.272585917138074,0.272585917138074,-0.10526196431637161
2026-06-18 14:45:00+03:00,0.2745881108992498,0.2745881108992498,-0.07738992293258226
2026-06-18 14:50:00+03:00,0.27427702068456583,0.27427702068456583,-0.0892416462376913
2026-06-18 14:55:00+03:00,0.27021392935097394,0.27021392935097394,-0.11754136560014869
2026-06-18 15:00:00+03:00,0.2679771976344652,0.2679771976344652,-0.11403486651390855
2026-06-18 15:05:00+03:00,0.2666687000742122,0.2666687000742122,-0.11268114264572375
2026-06-18 15:10:00+03:00,0.26509250794995964,0.26509250794995964,-0.11790763537846692
2026-06-18 15:15:00+03:00,0.26420614683366606,0.26420614683366606,-0.11668421856982954
2026-06-18 15:20:00+03:00,0.26356611649101996,0.26356611649101996,-0.11704954693288762
2026-06-18 15:25:00+03:00,0.26302393201992336,0.26302393201992336,-0.11790902660483649
2026-06-18 15:30:00+03:00,0.26271155679859076,0.26271155679859076,-0.1175436982417784
2026-06-18 15:35:00+03:00,0.2621478740066202,0.2621478740066202,-0.12019231390596852
2026-06-18 15:40:00+03:00,0.26201226393949967,0.26201226393949967,-0.11840178668735776
2026-06-18 15:45:00+03:00,0.2613995276417405,0.2613995276417405,-0.12229983565546267
2026-06-18 15:50:00+03:00,0.25591762949612784,0.25591762949612784,-0.16098970914639568
2026-06-18 15:55:00+03:00,0.2501070153760049,0.2501070153760049,-0.1779202600809089
2026-06-18 16:00:00+03:00,0.21575544180392056,0.21575544180392056,-0.464291318823372
2026-06-18 16:05:00+03:00,0.1833110749684895,0.1833110749684895,-0.5840121695099804
2026-06-18 16:10:00+03:00,0.1611296744762309,0.1611296744762309,-0.5916662174229406
2026-06-18 16:15:00+03:00,0.14727034032586514,0.14727034032586514,-0.5788437015957769
2026-06-18 16:20:00+03:00,0.13806660341951474,0.13806660341951474,-0.5783541160574498
2026-06-18 16:25:00+03:00,0.13196076935445267,0.13196076935445267,-0.5779444901220234
2026-06-18 16:30:00+03:00,0.1649278230404549,0.1649278230404549,-0.19828660974221402
2026-06-18 16:35:00+03:00,0.18712282277889175,0.18712282277889175,-0.19652972170112495
2026-06-18 16:40:00+03:00,0.1999116040634712,0.1999116040634712,-0.21292339334517782
2026-06-18 16:45:00+03:00,0.20916148316292757,0.20916148316292757,-0.20697682271095694
2026-06-18 16:50:00+03:00,0.21680539507777954,0.21680539507777954,-0.19496602311183547
2026-06-18 16:55:00+03:00,0.222664711814785,0.222664711814785,-0.18882244198435774
2026-06-18 17:00:00+03:00,0.22618865473868807,0.22618865473868807,-0.19189365766420305
2026-06-18 17:05:00+03:00,0.2289219684440373,0.2289219684440373,-0.1888084046619781
2026-06-18 17:10:00+03:00,0.23034086837595377,0.23034086837595377,-0.19204892147559857
2026-06-18 17:15:00+03:00,0.23160811587558974,0.23160811587558974,-0.1894662769473096
2026-06-18 17:20:00+03:00,0.2321209777795815,0.2321209777795815,-0.19213469525056512
2026-06-18 17:25:00+03:00,0.23255337483341879,0.23255337483341879,-0.1914065469373579
2026-06-18 17:30:00+03:00,0.23275880030274115,0.23275880030274115,-0.19207311529787457
2026-06-18 17:35:00+03:00,0.23289208381716955,0.23289208381716955,-0.19210263172328954
2026-06-18 17:40:00+03:00,0.23275327523502934,0.23275327523502934,-0.1939371504447111
2026-06-18 17:45:00+03:00,0.23281606564065613,0.23281606564065613,-0.19268509943222129
2026-06-18 17:50:00+03:00,0.23270259645068705,0.23270259645068705,-0.1939371504447111
2026-06-18 17:55:00+03:00,0.23349736294553985,0.23349736294553985,-0.18694344786853703
2026-06-19 09:55:00+03:00,0.32779520740727575,0.32779520740727575,0.41054079986155584
2026-06-19 10:00:00+03:00,0.3510278163153527,0.3510278163153527,0.17953441961462221
2026-06-19 10:05:00+03:00,0.3012115178971557,0.3012115178971557,-0.2812864033042675
2026-06-19 10:10:00+03:00,0.2708324699936796,0.2708324699936796,-0.2563496954669318
2026-06-19 10:15:00+03:00,0.2726890943627419,0.2726890943627419,-0.08263072715722972
2026-06-19 10:20:00+03:00,0.28440549390658715,0.28440549390658715,-0.00964415497703557
2026-06-19 10:25:00+03:00,0.2904278548442568,0.2904278548442568,-0.02178494693807254
2026-06-19 10:30:00+03:00,0.29462442832304936,0.29462442832304936,-0.020546303178872873
2026-06-19 10:35:00+03:00,0.295732618033356,0.295732618033356,-0.03211528479046063
2026-06-19 10:40:00+03:00,0.29794281635290903,0.29794281635290903,-0.02203365516065327
2026-06-19 10:45:00+03:00,0.31013919229722087,0.31013919229722087,0.04911948246177969
2026-06-19 10:50:00+03:00,0.31650964948326055,0.31650964948326055,0.03769251461904577
2026-06-19 10:55:00+03:00,0.3195542851168387,0.3195542851168387,0.029834688429102717
2026-06-19 11:00:00+03:00,0.3205489578902643,0.3205489578902643,0.023033826191421285
2026-06-19 11:05:00+03:00,0.30300989401216494,0.30300989401216494,-0.1031467053079388
2026-06-19 11:10:00+03:00,0.2727502719808953,0.2727502719808953,-0.25013795180582266
2026-06-19 11:15:00+03:00,0.2539552533395326,0.2539552533395326,-0.23835797239628273
2026-06-19 11:20:00+03:00,0.24439318218735095,0.24439318218735095,-0.2135283017879568
2026-06-19 11:25:00+03:00,0.2393331257879014,0.2393331257879014,-0.20275295050032593
2026-06-19 11:30:00+03:00,0.23682052533603,0.23682052533603,-0.19576826579551726
2026-06-19 11:35:00+03:00,0.24264553277076345,0.24264553277076345,-0.13706098160113975
2026-06-19 11:40:00+03:00,0.2482962250396306,0.2482962250396306,-0.12373762975782157
2026-06-19 11:45:00+03:00,0.2525260508724519,0.2525260508724519,-0.1202788872196968
2026-06-19 11:50:00+03:00,0.25515262090964547,0.25515262090964547,-0.12172248725802885
2026-06-19 11:55:00+03:00,0.25562436318647164,0.25562436318647164,-0.13132895462301644
2026-06-19 12:00:00+03:00,0.25764158922171754,0.25764158922171754,-0.11856318688403222
2026-06-19 12:05:00+03:00,0.256491090707229,0.256491090707229,-0.13732781268349042
2026-06-19 12:10:00+03:00,0.2660735602088305,0.2660735602088305,-0.0616391868803309
2026-06-19 12:15:00+03:00,0.2629120088192032,0.2629120088192032,-0.13127598977679403
2026-06-19 12:20:00+03:00,0.26397229001218836,0.26397229001218836,-0.10765439896058887
2026-06-19 12:25:00+03:00,0.27180721267721447,0.27180721267721447,-0.05638385294018003
2026-06-19 12:30:00+03:00,0.27856819202965405,0.27856819202965405,-0.045630242742658395
2026-06-19 12:35:00+03:00,0.2880106508546397,0.2880106508546397,-0.011768594318478213
2026-06-19 12:40:00+03:00,0.2964552388246387,0.2964552388246387,0.0026927987515763916
2026-06-19 12:45:00+03:00,0.2915968354896636,0.2915968354896636,-0.06957042388798282
2026-06-19 12:50:00+03:00,0.28459462433896726,0.28459462433896726,-0.09666464885684198
2026-06-19 12:55:00+03:00,0.27733682482770405,0.27733682482770405,-0.11572348732109654
2026-06-19 13:00:00+03:00,0.2781384296248317,0.2781384296248317,-0.07465027624600881
2026-06-19 13:05:00+03:00,0.28056428725167465,0.28056428725167465,-0.06122157234675834
2026-06-19 13:10:00+03:00,0.27954121824088746,0.27954121824088746,-0.08001274112358722
2026-06-19 13:15:00+03:00,0.2724673280532706,0.2724673280532706,-0.12693283997004257
2026-06-19 13:20:00+03:00,0.2687967915099616,0.2687967915099616,-0.11911043768228538
2026-06-19 13:25:00+03:00,0.2676287199131473,0.2676287199131473,-0.10962229449755208
2026-06-19 13:30:00+03:00,0.2739374656592688,0.2739374656592688,-0.0585456377620935
2026-06-19 13:35:00+03:00,0.284367609991369,0.284367609991369,-0.015535638109895437
2026-06-19 13:40:00+03:00,0.2913210395461025,0.2913210395461025,-0.015535638109895437
2026-06-19 13:45:00+03:00,0.3005305893014749,0.3005305893014749,0.0151314471768428
2026-06-19 13:50:00+03:00,0.3006261711462333,0.3006261711462333,-0.02555467133918683
2026-06-19 13:55:00+03:00,0.30265720445073147,0.30265720445073147,-0.012166285459014946
2026-06-19 14:00:00+03:00,0.3072544414757893,0.3072544414757893,0.00959662614446278
2026-06-19 14:05:00+03:00,0.3066842700271049,0.3066842700271049,-0.014820889515328341
2026-06-19 14:10:00+03:00,0.3036682876814094,0.3036682876814094,-0.03283263750015463
2026-06-19 14:15:00+03:00,0.3010448862427505,0.3010448862427505,-0.037058838084759085
2026-06-19 14:20:00+03:00,0.2977521945866505,0.2977521945866505,-0.04777456620124655
2026-06-19 14:25:00+03:00,0.29555706681591715,0.29555706681591715,-0.04777456620124655
2026-06-19 14:30:00+03:00,0.29417323476085344,0.29417323476085344,-0.04721969866563031
2026-06-19 14:35:00+03:00,0.30166881320436534,0.30166881320436534,0.010064643629310114
2026-06-19 14:40:00+03:00,0.30811350945608645,0.30811350945608645,0.019658472779341657
2026-06-19 14:45:00+03:00,0.30410042032677725,0.30410042032677725,-0.03642296808688288
2026-06-19 14:50:00+03:00,0.30062442295892705,0.30062442295892705,-0.04196486156424005
2026-06-19 14:55:00+03:00,0.2975593107516646,0.2975593107516646,-0.047165063607016
2026-06-19 15:00:00+03:00,0.29463928526940203,0.29463928526940203,-0.053291328646997836
2026-06-19 15:05:00+03:00,0.27908525116489663,0.27908525116489663,-0.15317967370461677
2026-06-19 15:10:00+03:00,0.2738727443697246,0.2738727443697246,-0.114173320842528
2026-06-19 15:15:00+03:00,0.2661161518311842,0.2661161518311842,-0.14644828613800034
2026-06-19 15:20:00+03:00,0.2561419667139153,0.2561419667139153,-0.18399561318189603
2026-06-19 15:25:00+03:00,0.24870677006983063,0.24870677006983063,-0.19028595282980992
2026-06-19 15:30:00+03:00,0.2439351373391805,0.2439351373391805,-0.18879964636560478
2026-06-19 15:35:00+03:00,0.24339692814340022,0.24339692814340022,-0.16784543493570359
2026-06-19 15:40:00+03:00,0.24010376782324996,0.24010376782324996,-0.19114040315100522
2026-06-19 15:45:00+03:00,0.23511330572718747,0.23511330572718747,-0.21390404994512885
2026-06-19 15:50:00+03:00,0.24283865087804576,0.24283865087804576,-0.1270084818789176
2026-06-19 15:55:00+03:00,0.24726362849983619,0.24726362849983619,-0.1324721921232919
2026-06-19 16:00:00+03:00,0.2573357846195634,0.2573357846195634,-0.0800485953206579
2026-06-19 16:05:00+03:00,0.26428203510635534,0.26428203510635534,-0.07838809843418372
2026-06-19 16:10:00+03:00,0.26765523589087076,0.26765523589087076,-0.08744067202296052
2026-06-19 16:15:00+03:00,0.26910127915415627,0.26910127915415627,-0.0932594818972577
2026-06-19 16:20:00+03:00,0.27389897042766265,0.27389897042766265,-0.065751011255465
2026-06-19 16:25:00+03:00,0.28005965635755437,0.28005965635755437,-0.044955547018208884
2026-06-19 16:30:00+03:00,0.2849048954081443,0.2849048954081443,-0.03983216793499223
2026-06-19 16:35:00+03:00,0.27245917563628497,0.27245917563628497,-0.15423361159150875
2026-06-19 16:40:00+03:00,0.32480977426552016,0.32480977426552016,0.242898161520367
2026-06-19 16:45:00+03:00,0.3432264153561502,0.3432264153561502,0.14433332964121395
2026-06-19 16:50:00+03:00,0.3545613925853159,0.3545613925853159,0.13856590191670426
2026-06-19 16:55:00+03:00,0.377996885983682,0.377996885983682,0.2337948476279427
2026-06-19 17:00:00+03:00,0.33774770542840005,0.33774770542840005,-0.12961632813734522
2026-06-19 17:05:00+03:00,0.3102548081141485,0.3102548081141485,-0.1346012462228587
2026-06-19 17:10:00+03:00,0.2882674355097788,0.2882674355097788,-0.16270624880248716
2026-06-19 17:15:00+03:00,0.2737837314550067,0.2737837314550067,-0.16134647076434483
2026-06-19 17:20:00+03:00,0.26470398390709066,0.26470398390709066,-0.1568726306161673
2026-06-19 17:25:00+03:00,0.26174109005155977,0.26174109005155977,-0.13322359445315113
2026-06-19 17:30:00+03:00,0.25375899934202134,0.25375899934202134,-0.17974739529767592
2026-06-19 17:35:00+03:00,0.2527714551198759,0.2527714551198759,-0.1459543551418078
2026-06-19 17:40:00+03:00,0.252220743620829,0.252220743620829,-0.1451301159485291
2026-06-19 17:45:00+03:00,0.2517507651813735,0.2517507651813735,-0.14591748232296298
2026-06-19 17:50:00+03:00,0.2518256904825771,0.2518256904825771,-0.14294828342294053
2026-06-19 17:55:00+03:00,0.2561520431061964,0.2561520431061964,-0.11082373590456564
2026-06-22 09:55:00+03:00,0.25535482903562107,0.25535482903562107,-0.13841582337819275
2026-06-22 10:00:00+03:00,0.262587483440386,0.262587483440386,-0.08107160976023048
2026-06-22 10:05:00+03:00,0.2620089734133252,0.2620089734133252,-0.12061163351353134
2026-06-22 10:10:00+03:00,0.2598462679334432,0.2598462679334432,-0.13396589753179966
2026-06-22 10:15:00+03:00,0.2564975606917702,0.2564975606917702,-0.14850135671694792
2026-06-22 10:20:00+03:00,0.25488242618920104,0.25488242618920104,-0.14377175538804687
2026-06-22 10:25:00+03:00,0.25463155874241417,0.25463155874241417,-0.13748034672950207
2026-06-22 10:30:00+03:00,0.25517135592973034,0.25517135592973034,-0.1321263442621851
2026-06-22 10:35:00+03:00,0.25639963381423686,0.25639963381423686,-0.12558996208509646
2026-06-22 10:40:00+03:00,0.257379330702315,0.257379330702315,-0.12438402614220784
2026-06-22 10:45:00+03:00,0.2628711278492809,0.2628711278492809,-0.0887593119768992
2026-06-22 10:50:00+03:00,0.26635557364353135,0.26635557364353135,-0.09003935469431924
2026-06-22 10:55:00+03:00,0.27076540593044574,0.27076540593044574,-0.07502314292641603
2026-06-22 11:00:00+03:00,0.2762221839857603,0.2762221839857603,-0.05718355941472172
2026-06-22 11:05:00+03:00,0.283863161852579,0.283863161852579,-0.029375076628488744
2026-06-22 11:10:00+03:00,0.28500811445321483,0.28500811445321483,-0.0568032683584088
2026-06-22 11:15:00+03:00,0.2880269559185442,0.2880269559185442,-0.04105808475030642
2026-06-22 11:20:00+03:00,0.2873118690613281,0.2873118690613281,-0.060126670820802045
2026-06-22 11:25:00+03:00,0.28833703213444456,0.28833703213444456,-0.049587854429129385
2026-06-22 11:30:00+03:00,0.2857478722289548,0.2857478722289548,-0.07268072735574295
2026-06-22 11:35:00+03:00,0.28133115488880195,0.28133115488880195,-0.09203821659125978
2026-06-22 11:40:00+03:00,0.2802605725808358,0.2802605725808358,-0.07851982388033081
2026-06-22 11:45:00+03:00,0.2894897269869335,0.2894897269869335,-0.009397083548320317
2026-06-22 11:50:00+03:00,0.30012714997940704,0.30012714997940704,0.020536637092273897
2026-06-22 11:55:00+03:00,0.3012265369629356,0.3012265369629356,-0.01962044663680728
2026-06-22 12:00:00+03:00,0.3075717278688779,0.3075717278688779,0.018026909461196526
2026-06-22 12:05:00+03:00,0.30078213817745053,0.30078213817745053,-0.05702602142395319
2026-06-22 12:10:00+03:00,0.2972891148528375,0.2972891148528375,-0.04978411556102545
2026-06-22 12:15:00+03:00,0.29510976586695464,0.29510976586695464,-0.04874137803987651
2026-06-22 12:20:00+03:00,0.29825230188594287,0.29825230188594287,-0.017098815275828277
2026-06-22 12:25:00+03:00,0.2943169535649185,0.2943169535649185,-0.05880074980472184
2026-06-22 12:30:00+03:00,0.2915885099839044,0.2915885099839044,-0.05953950148195164
2026-06-22 12:35:00+03:00,0.2971853092340673,0.2971853092340673,-0.008427504400518813
2026-06-22 12:40:00+03:00,0.29959311544485706,0.29959311544485706,-0.01739025806741809
2026-06-22 12:45:00+03:00,0.3025702761315477,0.3025702761315477,-0.008099832657695354
2026-06-22 12:50:00+03:00,0.30433118501009687,0.30433118501009687,-0.009611035028811134
2026-06-22 12:55:00+03:00,0.3043136810701747,0.3043136810701747,-0.017684962447505673
2026-06-22 13:00:00+03:00,0.30430201177689326,0.30430201177689326,-0.017684962447505673
2026-06-22 13:05:00+03:00,0.3044516527763855,0.3044516527763855,-0.01661515396232166
2026-06-22 13:10:00+03:00,0.3029648613832466,0.3029648613832466,-0.027440386936415213
2026-06-22 13:15:00+03:00,0.30232850463863264,0.30232850463863264,-0.02501087415872496
2026-06-22 13:20:00+03:00,0.2979299241270084,0.2979299241270084,-0.05251254662797877
2026-06-22 13:25:00+03:00,0.29881825686025615,0.29881825686025615,-0.026062102199103796
2026-06-22 13:30:00+03:00,0.2973181069554681,0.2973181069554681,-0.04047314353029871
2026-06-22 13:35:00+03:00,0.29742735264796827,0.29742735264796827,-0.03281078746197023
2026-06-22 13:40:00+03:00,0.3034404564656429,0.3034404564656429,0.007416254052493544
2026-06-22 13:45:00+03:00,0.30172508969743855,0.30172508969743855,-0.03132344975376191
2026-06-22 13:50:00+03:00,0.3048288681679966,0.3048288681679966,-0.0024638459161213425
2026-06-22 13:55:00+03:00,0.31068926277021447,0.31068926277021447,0.022752207687227913
2026-06-22 14:00:00+03:00,0.31407156578096856,0.31407156578096856,0.019291430218236878
2026-06-22 14:05:00+03:00,0.3163266722672109,0.3163266722672109,0.019293001005195397
2026-06-22 14:10:00+03:00,0.3104856907784038,0.3104856907784038,-0.03015652863667982
2026-06-22 14:15:00+03:00,0.3134250795643279,0.3134250795643279,0.01591343484556668
2026-06-22 14:20:00+03:00,0.3086621963373095,0.3086621963373095,-0.029394956712176123
2026-06-22 14:25:00+03:00,0.3148397177782491,0.3148397177782491,0.03321941735130173
2026-06-22 14:30:00+03:00,0.3194511997169809,0.3194511997169809,0.03643980384543602
2026-06-22 14:35:00+03:00,0.32316767454895334,0.32316767454895334,0.040622289527422695
2026-06-22 14:40:00+03:00,0.31963238194843646,0.31963238194843646,0.0009465584043785951
2026-06-22 14:45:00+03:00,0.31706844218683816,0.31706844218683816,-0.00044128700708573635
2026-06-22 14:50:00+03:00,0.3162017320778855,0.3162017320778855,0.005196387779858412
2026-06-22 14:55:00+03:00,0.31143424458224783,0.31143424458224783,-0.023089293919558312
2026-06-22 15:00:00+03:00,0.3166478170663826,0.3166478170663826,0.03295831148076428
2026-06-22 15:05:00+03:00,0.3119720393763533,0.3119720393763533,-0.021448666360665464
2026-06-22 15:10:00+03:00,0.30549778505395647,0.30549778505395647,-0.04456547202802079
2026-06-22 15:15:00+03:00,0.3009441869442884,0.3009441869442884,-0.0462177733653033
2026-06-22 15:20:00+03:00,0.2977843891578814,0.2977843891578814,-0.04708210830389082
2026-06-22 15:25:00+03:00,0.2995887543704699,0.2995887543704699,-0.02013769100841214
2026-06-22 15:30:00+03:00,0.3096486057202543,0.3096486057202543,0.03881679528435831
2026-06-22 15:35:00+03:00,0.32471556520334716,0.32471556520334716,0.09228225140031049
2026-06-22 15:40:00+03:00,0.32637819525186174,0.32637819525186174,0.038676016237818016
2026-06-22 15:45:00+03:00,0.32671215545806437,0.32671215545806437,0.03362322251472524
2026-06-22 15:50:00+03:00,0.32589152600506954,0.32589152600506954,0.02678741722904591
2026-06-22 15:55:00+03:00,0.3340642558200853,0.3340642558200853,0.08295158393730016
2026-06-22 16:00:00+03:00,0.3302450117973936,0.3302450117973936,0.023183602551504433
2026-06-22 16:05:00+03:00,0.34303661895454607,0.34303661895454607,0.12089850616567906
2026-06-22 16:10:00+03:00,0.34727586975056035,0.34727586975056035,0.09417747443526228
2026-06-22 16:15:00+03:00,0.3422900814657814,0.3422900814657814,0.04434153756911624
2026-06-22 16:20:00+03:00,0.33834424472682006,0.33834424472682006,0.040301295446584576
2026-06-22 16:25:00+03:00,0.32422843091132275,0.32422843091132275,-0.036601240288962875
2026-06-22 16:30:00+03:00,0.3159453764803749,0.3159453764803749,-0.028839395325702774
2026-06-22 16:35:00+03:00,0.3176224709082972,0.3176224709082972,0.019600709438811852
2026-06-22 16:40:00+03:00,0.31602342703919156,0.31602342703919156,0.0015348614080571844
2026-06-22 16:45:00+03:00,0.3089194964042526,0.3089194964042526,-0.039563793018249103
2026-06-22 16:50:00+03:00,0.30396181678363243,0.30396181678363243,-0.04110010366601709
2026-06-22 16:55:00+03:00,0.443871365747922,0.443871365747922,0.8410034820845509
2026-06-22 17:00:00+03:00,0.5232664432755589,0.5232664432755589,0.7452430281149317
2026-06-22 17:05:00+03:00,0.5775075222121518,0.5775075222121518,0.753973360268898
2026-06-22 17:10:00+03:00,0.6120978969675481,0.6120978969675481,0.7435230653102302
2026-06-22 17:15:00+03:00,0.6398167612408765,0.6398167612408765,0.7747775505904169
2026-06-22 17:20:00+03:00,0.5326346309957658,0.5326346309957658,0.013630249391048184
2026-06-22 17:25:00+03:00,0.45420325779563214,0.45420325779563214,-0.03351170246204126
2026-06-22 17:30:00+03:00,0.4095657592532116,0.4095657592532116,0.018090052382939013
2026-06-22 17:35:00+03:00,0.376305915174944,0.376305915174944,-0.005265866021028595
2026-06-22 17:40:00+03:00,0.3531657907910559,0.3531657907910559,-0.011791208603559509
2026-06-22 17:45:00+03:00,0.3400844368097192,0.3400844368097192,0.003979428816728992
2026-06-22 17:50:00+03:00,0.33161094650418976,0.33161094650418976,0.00563173015401151
2026-06-22 17:55:00+03:00,0.32388406120704893,0.32388406120704893,-0.00831192907102756
2026-06-23 09:55:00+03:00,0.361984662310807,0.361984662310807,0.2598425115704988
2026-06-23 10:00:00+03:00,0.3880067113306088,0.3880067113306088,0.2634752436901849
2026-06-23 10:05:00+03:00,0.40301848973488913,0.40301848973488913,0.24980487767915133
2026-06-23 10:10:00+03:00,0.42344753344829145,0.42344753344829145,0.31046008591226654
2026-06-23 10:15:00+03:00,0.43238174285173253,0.43238174285173253,0.2832871456529619
2026-06-23 10:20:00+03:00,0.4437443114604859,0.4437443114604859,0.31463251742188475
2026-06-23 10:25:00+03:00,0.4496708640330596,0.4496708640330596,0.30509249631002733
2026-06-23 10:30:00+03:00,0.4606714254911919,0.4606714254911919,0.3458099987709539
2026-06-23 10:35:00+03:00,0.4717323269886121,0.4717323269886121,0.36728041146043217
2026-06-23 10:40:00+03:00,0.4834471780873653,0.4834471780873653,0.3922727642483845
2026-06-23 10:45:00+03:00,0.48906368178942367,0.48906368178942367,0.3796444096121684
2026-06-23 10:50:00+03:00,0.4923712448861831,0.4923712448861831,0.37712987938391274
2026-06-23 10:55:00+03:00,0.5020382155601599,0.5020382155601599,0.4201136726974173
2026-06-23 11:00:00+03:00,0.5137256740906943,0.5137256740906943,0.45040295562762195
2026-06-23 11:05:00+03:00,0.5193611269733099,0.5193611269733099,0.4379322695517475
2026-06-23 11:10:00+03:00,0.5267956728485852,0.5267956728485852,0.45921644006807866
2026-06-23 11:15:00+03:00,0.5370364742151503,0.5370364742151503,0.4899442268147403
2026-06-23 11:20:00+03:00,0.5258515996424484,0.5258515996424484,0.3857569078166136
2026-06-23 11:25:00+03:00,0.5229802538402276,0.5229802538402276,0.4121674090821131
2026-06-23 11:30:00+03:00,0.5090394774852073,0.5090394774852073,0.3428995950405605
2026-06-23 11:35:00+03:00,0.474800443664821,0.474800443664821,0.1971569011586344
2026-06-23 11:40:00+03:00,0.4305329638757614,0.4305329638757614,0.06512181192882524
2026-06-23 11:45:00+03:00,0.39955535870224385,0.39955535870224385,0.05571663696987112
2026-06-23 11:50:00+03:00,0.3811258155051776,0.3811258155051776,0.06995087761475913
2026-06-23 11:55:00+03:00,0.3536080943073515,0.3536080943073515,-0.030685759421365623
2026-06-23 12:00:00+03:00,0.3335447512932699,0.3335447512932699,-0.04255331775556998
2026-06-23 12:05:00+03:00,0.3173067930676808,0.3173067930676808,-0.06259879800034951
2026-06-23 12:10:00+03:00,0.30706742657289776,0.30706742657289776,-0.05846647242710612
2026-06-23 12:15:00+03:00,0.2922067097162748,0.2922067097162748,-0.11655570998342721
2026-06-23 12:20:00+03:00,0.28722115345802035,0.28722115345802035,-0.08059925384199555
2026-06-23 12:25:00+03:00,0.27979606655787426,0.27979606655787426,-0.11047597494365839
2026-06-23 12:30:00+03:00,0.27037881663280394,0.27037881663280394,-0.14404651870994958
2026-06-23 12:35:00+03:00,0.26433113974191397,0.26433113974191397,-0.14228609890557045
2026-06-23 12:40:00+03:00,0.26011039784656104,0.26011039784656104,-0.1437290680734645
2026-06-23 12:45:00+03:00,0.25825579732321235,0.25825579732321235,-0.13642604429725969
2026-06-23 12:50:00+03:00,0.25771892308637767,0.25771892308637767,-0.13113447966945868
2026-06-23 12:55:00+03:00,0.2574595541720575,0.2574595541720575,-0.13039130233047974
2026-06-23 13:00:00+03:00,0.2568864044471965,0.2568864044471965,-0.13341311521351806
2026-06-23 13:05:00+03:00,0.25461905356400755,0.25461905356400755,-0.14777404944942352
2026-06-23 13:10:00+03:00,0.2528394151422205,0.2528394151422205,-0.14983353343661704
2026-06-23 13:15:00+03:00,0.2535622202012178,0.2535622202012178,-0.13526059230096266
2026-06-23 13:20:00+03:00,0.25404409024054936,0.25404409024054936,-0.13526059230096266
2026-06-23 13:25:00+03:00,0.2488386044268959,0.2488386044268959,-0.1780738977160796
2026-06-23 13:30:00+03:00,0.2475242102439656,0.2475242102439656,-0.16114123752074033
2026-06-23 13:35:00+03:00,0.2470281544248402,0.2470281544248402,-0.15818668475275355
2026-06-23 13:40:00+03:00,0.24663271397685216,0.24663271397685216,-0.1586890930372083
2026-06-23 13:45:00+03:00,0.24668546340473033,0.24668546340473033,-0.15623628812965595
2026-06-23 13:50:00+03:00,0.24716042794835807,0.24716042794835807,-0.15283712803622032
2026-06-23 13:55:00+03:00,0.2477113289059862,0.2477113289059862,-0.1510315144663343
2026-06-23 14:00:00+03:00,0.2490998202651812,0.2490998202651812,-0.14319963793224547
2026-06-23 14:05:00+03:00,0.2498803948669768,0.2498803948669768,-0.14430844300705917
2026-06-23 14:10:00+03:00,0.25046852382872437,0.25046852382872437,-0.1437905445392971
2026-06-23 14:15:00+03:00,0.2508606098032227,0.2508606098032227,-0.1437905445392971
2026-06-23 14:20:00+03:00,0.2510083113524593,0.2510083113524593,-0.14465982421376053
2026-06-23 14:25:00+03:00,0.25132886133055476,0.25132886133055476,-0.1429624859999277
2026-06-23 14:30:00+03:00,0.2513163336531185,0.2513163336531185,-0.14469153509063237
2026-06-23 14:35:00+03:00,0.2515342095309942,0.2515342095309942,-0.1429624859999277
2026-06-23 14:40:00+03:00,0.2517100572261452,0.2517100572261452,-0.14272887081999416
2026-06-23 14:45:00+03:00,0.2518272890229125,0.2518272890229125,-0.14272887081999416
2026-06-23 14:50:00+03:00,0.25177613759653444,0.25177613759653444,-0.14371653321899883
2026-06-23 14:55:00+03:00,0.25168382617257284,0.25168382617257284,-0.14416148513562566
2026-06-23 15:00:00+03:00,0.2523764183790583,0.2523764183790583,-0.13841277839931482
2026-06-23 15:05:00+03:00,0.25246831064781733,0.25246831064781733,-0.14122775442973878
2026-06-23 15:10:00+03:00,0.2520405399190114,0.2520405399190114,-0.14496257999996814
2026-06-23 15:15:00+03:00,0.2533440843935446,0.2533440843935446,-0.13288124982761093
2026-06-23 15:20:00+03:00,0.2586389019834278,0.2586389019834278,-0.09997974293864696
2026-06-23 15:25:00+03:00,0.28856165861192407,0.28856165861192407,0.07872528021513822
2026-06-23 15:30:00+03:00,0.31272399727861744,0.31272399727861744,0.10522337800205173
2026-06-23 15:35:00+03:00,0.33103699327433606,0.33103699327433606,0.11892504662135456
2026-06-23 15:40:00+03:00,0.33267161328789024,0.33267161328789024,0.052152568410339065
2026-06-23 15:45:00+03:00,0.3371567840649075,0.3371567840649075,0.07389952477139336
2026-06-23 15:50:00+03:00,0.3430604344436772,0.3430604344436772,0.09232049835132372
2026-06-23 15:55:00+03:00,0.34024840591416955,0.34024840591416955,0.04931860432233369
2026-06-23 16:00:00+03:00,0.3201933766586966,0.3201933766586966,-0.0738370144976347
2026-06-23 16:05:00+03:00,0.30560162873411567,0.30560162873411567,-0.0825928524481071
2026-06-23 16:10:00+03:00,0.30888900999465274,0.30888900999465274,0.007409830006329164
2026-06-23 16:15:00+03:00,0.31264214048097594,0.31264214048097594,0.01777629548539163
2026-06-23 16:20:00+03:00,0.314836944926875,0.314836944926875,0.015742791936148245
2026-06-23 16:25:00+03:00,0.3440479229197796,0.3440479229197796,0.18948328550095092
2026-06-23 16:30:00+03:00,0.3249130285573937,0.3249130285573937,-0.058338486923463245
2026-06-23 16:35:00+03:00,0.3107849292597577,0.3107849292597577,-0.0680340377579395
2026-06-23 16:40:00+03:00,0.29551772658047837,0.29551772658047837,-0.1103837760851054
2026-06-23 16:45:00+03:00,0.28495329632924166,0.28495329632924166,-0.11324237632394935
2026-06-23 16:50:00+03:00,0.27706812359113686,0.27706812359113686,-0.11950292237107797
2026-06-23 16:55:00+03:00,0.2713846661670047,0.2713846661670047,-0.12268949047701247
2026-06-23 17:00:00+03:00,0.26782140743027244,0.26782140743027244,-0.12100252279830476
2026-06-23 17:05:00+03:00,0.2661656363277181,0.2661656363277181,-0.1156421019413981
2026-06-23 17:10:00+03:00,0.2656562259166555,0.2656562259166555,-0.11123620104382081
2026-06-23 17:15:00+03:00,0.26467280780093233,0.26467280780093233,-0.11600892058373131
2026-06-23 17:20:00+03:00,0.26632596452691526,0.26632596452691526,-0.09899569972372176
2026-06-23 17:25:00+03:00,0.26508488469670444,0.26508488469670444,-0.1162646845844681
2026-06-23 17:30:00+03:00,0.26707221209536763,0.26707221209536763,-0.09555521014233666
2026-06-23 17:35:00+03:00,0.2655181493057833,0.2655181493057833,-0.11674222068597605
2026-06-23 17:40:00+03:00,0.2727977119601859,0.2727977119601859,-0.05666546495928389
2026-06-23 17:45:00+03:00,0.2751839901021332,0.2751839901021332,-0.07413868494316997
2026-06-23 17:50:00+03:00,0.2758659093519712,0.2758659093519712,-0.0806478406014463
2026-06-23 17:55:00+03:00,0.279898085988095,0.279898085988095,-0.05524758133455799
2026-06-24 09:55:00+03:00,0.27897629157777515,0.27897629157777515,-0.08088022127645546
2026-06-24 10:00:00+03:00,0.27998673366494514,0.27998673366494514,-0.06926807251035463
2026-06-24 10:05:00+03:00,0.2839203665102928,0.2839203665102928,-0.04633235891024188
2026-06-24 10:10:00+03:00,0.2745338317320244,0.2745338317320244,-0.13336104903821933
2026-06-24 10:15:00+03:00,0.2713862691640622,0.2713862691640622,-0.11011821889700481
2026-06-24 10:20:00+03:00,0.270259289960822,0.270259289960822,-0.10296678545360452
2026-06-24 10:25:00+03:00,0.27263578362359797,0.27263578362359797,-0.080267158016876
2026-06-24 10:30:00+03:00,0.2690126602778754,0.2690126602778754,-0.11833880094746596
2026-06-24 10:35:00+03:00,0.2668983674693452,0.2668983674693452,-0.11609856297598435
2026-06-24 10:40:00+03:00,0.26063264418418036,0.26063264418418036,-0.15286068363157657
2026-06-24 10:45:00+03:00,0.2562044221616142,0.2562044221616142,-0.1547997625519202
2026-06-24 10:50:00+03:00,0.2599545832443973,0.2599545832443973,-0.1043137321903602
2026-06-24 10:55:00+03:00,0.2767960978864197,0.2767960978864197,-0.003712129609707099
2026-06-24 11:00:00+03:00,0.29021505121489244,0.29021505121489244,0.010935655766550383
2026-06-24 11:05:00+03:00,0.3076298392233788,0.3076298392233788,0.06610518030631099
2026-06-24 11:10:00+03:00,0.3141698286583869,0.3141698286583869,0.033339377722232805
2026-06-24 11:15:00+03:00,0.32883923542417104,0.32883923542417104,0.09924312067729293
2026-06-24 11:20:00+03:00,0.33928186242864383,0.33928186242864383,0.10338908676013718
2026-06-24 11:25:00+03:00,0.3409283210057983,0.3409283210057983,0.06985419775178606
2026-06-24 11:30:00+03:00,0.33429101183062304,0.33429101183062304,0.01968816884193751
2026-06-24 11:35:00+03:00,0.3326259830267754,0.3326259830267754,0.03779105303965288
2026-06-24 11:40:00+03:00,0.33627859353292605,0.33627859353292605,0.06849887052288565
2026-06-24 11:45:00+03:00,0.3383518324138408,0.3383518324138408,0.06618804494015398
2026-06-24 11:50:00+03:00,0.330195429532819,0.330195429532819,0.003892317932480573
2026-06-24 11:55:00+03:00,0.315280143428514,0.315280143428514,-0.06114261229557831
2026-06-24 12:00:00+03:00,0.296890542295061,0.296890542295061,-0.12245616179469311
2026-06-24 12:05:00+03:00,0.2845594578874543,0.2845594578874543,-0.1229898985377993
2026-06-24 12:10:00+03:00,0.27767080865971877,0.27767080865971877,-0.11307176661424817
2026-06-24 12:15:00+03:00,0.2816291902511703,0.2816291902511703,-0.051548495469775586
2026-06-24 12:20:00+03:00,0.28360144931751513,0.28360144931751513,-0.05622246714635995
2026-06-24 12:25:00+03:00,0.2764125689970821,0.2764125689970821,-0.11767269643868415
2026-06-24 12:30:00+03:00,0.2794349868769542,0.2794349868769542,-0.06107145994132253
2026-06-24 12:35:00+03:00,0.27226572155671536,0.27226572155671536,-0.12791581354492906
2026-06-24 12:40:00+03:00,0.27930008210622775,0.27930008210622775,-0.04266731757464162
2026-06-24 12:45:00+03:00,0.28359332706583684,0.28359332706583684,-0.04542221816542495
2026-06-24 12:50:00+03:00,0.28686316435297093,0.28686316435297093,-0.0425885525973755
2026-06-24 12:55:00+03:00,0.2850688070464301,0.2850688070464301,-0.0705187039060706
2026-06-24 13:00:00+03:00,0.2838725688420696,0.2838725688420696,-0.0705187039060706
2026-06-24 13:05:00+03:00,0.27711814644733523,0.27711814644733523,-0.11377392899344779
2026-06-24 13:10:00+03:00,0.2787129700150639,0.2787129700150639,-0.06951688961486432
2026-06-24 13:15:00+03:00,0.2793807648517802,0.2793807648517802,-0.07233186564528821
2026-06-24 13:20:00+03:00,0.28419915715042243,0.28419915715042243,-0.04158673830616922
2026-06-24 13:25:00+03:00,0.27675644858978843,0.27675644858978843,-0.11807910698333648
2026-06-24 13:30:00+03:00,0.2742380344380792,0.2742380344380792,-0.1000463909017526
2026-06-24 13:35:00+03:00,0.2772287130729348,0.2772287130729348,-0.06642265293143478
2026-06-24 13:40:00+03:00,0.27805120201129635,0.27805120201129635,-0.07475852399016791
2026-06-24 13:45:00+03:00,0.28223506900302975,0.28223506900302975,-0.04908636555617367
2026-06-24 13:50:00+03:00,0.28567666460779556,0.28567666460779556,-0.04454094859892027
2026-06-24 13:55:00+03:00,0.2879710616776395,0.2879710616776395,-0.04454094859892027
2026-06-24 14:00:00+03:00,0.27944275287868814,0.27944275287868814,-0.1168014347485037
2026-06-24 14:05:00+03:00,0.27375721367938727,0.27375721367938727,-0.1168014347485037
2026-06-24 14:10:00+03:00,0.2806492024132862,0.2806492024132862,-0.04020667401137781
2026-06-24 14:15:00+03:00,0.2841625161242711,0.2841625161242711,-0.04772265550778668
2026-06-24 14:20:00+03:00,0.28238695497887495,0.28238695497887495,-0.07680921668334562
2026-06-24 14:25:00+03:00,0.28253604526583936,0.28253604526583936,-0.06731124358554072
2026-06-24 14:30:00+03:00,0.2822655816141616,0.2822655816141616,-0.06993873162999036
2026-06-24 14:35:00+03:00,0.28245512968936376,0.28245512968936376,-0.06731124358554072
2026-06-24 14:40:00+03:00,0.2822822909510449,0.2822822909510449,-0.06943632334553561
2026-06-24 14:45:00+03:00,0.2826881618808805,0.2826881618808805,-0.0657379011567052
2026-06-24 14:50:00+03:00,0.28120709124700527,0.28120709124700527,-0.07821987182196687
2026-06-24 14:55:00+03:00,0.2802197108244218,0.2802197108244218,-0.07821987182196687
2026-06-24 15:00:00+03:00,0.37875992527750874,0.37875992527750874,0.5257460686373877
2026-06-24 15:05:00+03:00,0.45486597974308973,0.45486597974308973,0.5877908768550465
2026-06-24 15:10:00+03:00,0.5161114933943011,0.5161114933943011,0.6522015031669823
2026-06-24 15:15:00+03:00,0.5596848655520598,0.5596848655520598,0.6693945868543845
2026-06-24 15:20:00+03:00,0.5835142339573474,0.5835142339573474,0.636824555768282
2026-06-24 15:25:00+03:00,0.6047395685712684,0.6047395685712684,0.6701479266564218
2026-06-24 15:30:00+03:00,0.6204985934675235,0.6204985934675235,0.680320725752421
2026-06-24 15:35:00+03:00,0.6261787015108337,0.6261787015108337,0.6499919373241474
2026-06-24 15:40:00+03:00,0.610440820327565,0.610440820327565,0.5318896918000009
2026-06-24 15:45:00+03:00,0.6283616107315073,0.6283616107315073,0.7063073541775529
2026-06-24 15:50:00+03:00,0.6320609230428683,0.6320609230428683,0.65398397419731
2026-06-24 15:55:00+03:00,0.6425222911132488,0.6425222911132488,0.7046774445394697
2026-06-24 16:00:00+03:00,0.6481140046720056,0.6481140046720056,0.6957925768595321
2026-06-24 16:05:00+03:00,0.6512846353332208,0.6512846353332208,0.6922267039571935
2026-06-24 16:10:00+03:00,0.6573309288987912,0.6573309288987912,0.7175801577625563
2026-06-24 16:15:00+03:00,0.7170431548987716,0.7170431548987716,1.1621202486933047
2026-06-24 16:20:00+03:00,0.7615549777333221,0.7615549777333221,1.213439564143649
2026-06-24 16:25:00+03:00,0.7922067565964208,0.7922067565964208,1.2245967980778218
2026-06-24 16:30:00+03:00,0.8122692519987504,0.8122692519987504,1.2203277560247743
2026-06-24 16:35:00+03:00,0.8258030758452543,0.8258030758452543,1.2221470449814262
2026-06-24 16:40:00+03:00,0.8124175379578167,0.8124175379578167,1.0022195327773649
2026-06-24 16:45:00+03:00,0.7976327043737776,0.7976327043737776,0.9535368516086064
2026-06-24 16:50:00+03:00,0.8335403625160047,0.8335403625160047,1.462459116729769
2026-06-24 16:55:00+03:00,0.6506349545609531,0.6506349545609531,-0.06261466722522296
2026-06-24 17:00:00+03:00,0.5360610539241825,0.5360610539241825,-0.011728709512789561
2026-06-24 17:05:00+03:00,0.45957270116736393,0.45957270116736393,-0.012444445396900426
2026-06-24 17:10:00+03:00,0.4090226622606117,0.4090226622606117,-0.009454379551571288
2026-06-24 17:15:00+03:00,0.361189596338377,0.361189596338377,-0.10905414793135945
2026-06-24 17:20:00+03:00,0.3401085846415534,0.3401085846415534,-0.03212087237494003
2026-06-24 17:25:00+03:00,0.32195894415026527,0.32195894415026527,-0.06064856235125587
2026-06-24 17:30:00+03:00,0.3070036800372315,0.3070036800372315,-0.08097494293295653
2026-06-24 17:35:00+03:00,0.29944018332579714,0.29944018332579714,-0.06381871036439145
2026-06-24 17:40:00+03:00,0.2936547701867542,0.2936547701867542,-0.0690872401324263
2026-06-24 17:45:00+03:00,0.28569483278239816,0.28569483278239816,-0.0986481661037246
2026-06-24 17:50:00+03:00,0.28434059014281177,0.28434059014281177,-0.0701581742768071
2026-06-24 17:55:00+03:00,0.27987396275413917,0.27987396275413917,-0.09581301171833251
2026-06-25 09:55:00+03:00,0.26477810101114374,0.26477810101114374,-0.18827979664213007
2026-06-25 10:00:00+03:00,0.2609304695244176,0.2609304695244176,-0.1397473029958861
2026-06-25 10:05:00+03:00,0.25532405256157836,0.25532405256157836,-0.16317795718374314
2026-06-25 10:10:00+03:00,0.2513437330421019,0.2513437330421019,-0.16507300010406403
2026-06-25 10:15:00+03:00,0.24870076923029952,0.24870076923029952,-0.16499029259519396
2026-06-25 10:20:00+03:00,0.2078509557196133,0.2078509557196133,-0.5494550742851517
2026-06-25 10:25:00+03:00,0.18082471037933417,0.18082471037933417,-0.5467586104645217
2026-06-25 10:30:00+03:00,0.2076053183777935,0.2076053183777935,-0.11982918222670419
2026-06-25 10:35:00+03:00,0.299136855981816,0.299136855981816,0.34490191598866415
2026-06-25 10:40:00+03:00,0.3029211682133345,0.3029211682133345,-0.003688228548348248
2026-06-25 10:45:00+03:00,0.23958205297540133,0.23958205297540133,-0.6099004200527455
2026-06-25 10:50:00+03:00,0.19740304464651803,0.19740304464651803,-0.6092244071256103
2026-06-25 10:55:00+03:00,0.16941837289020778,0.16941837289020778,-0.6072943353853184
2026-06-25 11:00:00+03:00,0.1510787786054704,0.1510787786054704,-0.6027766654418709
2026-06-25 11:05:00+03:00,0.13937218251303551,0.13937218251303551,-0.5954356950859988
2026-06-25 11:10:00+03:00,0.14584243849986755,0.14584243849986755,-0.42082625185968214
2026-06-25 11:15:00+03:00,0.15242349301135882,0.15242349301135882,-0.39680507018028144
2026-06-25 11:20:00+03:00,0.15717373049765468,0.15717373049765468,-0.39303504330113215
2026-06-25 11:25:00+03:00,0.1611003081262442,0.1611003081262442,-0.38520488624293225
2026-06-25 11:30:00+03:00,0.16685799406296842,0.16685799406296842,-0.3537064072528883
2026-06-25 11:35:00+03:00,0.16984660737537657,0.16984660737537657,-0.36209952689946284
2026-06-25 11:40:00+03:00,0.19859487584634264,0.19859487584634264,-0.13252802334628308
2026-06-25 11:45:00+03:00,0.21685390482414793,0.21685390482414793,-0.13940042130696445
2026-06-25 11:50:00+03:00,0.22917723964913683,0.22917723964913683,-0.13825493937876657
2026-06-25 11:55:00+03:00,0.2378152765555425,0.2378152765555425,-0.1350497011274156
2026-06-25 12:00:00+03:00,0.2174493044721101,0.2174493044721101,-0.3591472076043382
2026-06-25 12:05:00+03:00,0.20576282358699907,0.20576282358699907,-0.34067240225922285
2026-06-25 12:10:00+03:00,0.19800213411480383,0.19800213411480383,-0.34038004036604874
2026-06-25 12:15:00+03:00,0.19635691378296985,0.19635691378296985,-0.3070740062029558
2026-06-25 12:20:00+03:00,0.1978996429127872,0.1978996429127872,-0.283058454311994
2026-06-25 12:25:00+03:00,0.2038359768884024,0.2038359768884024,-0.24021782341956152
2026-06-25 12:30:00+03:00,0.20921410347376374,0.20921410347376374,-0.22821779466312064
2026-06-25 12:35:00+03:00,0.21273553400670853,0.21273553400670853,-0.22875469640107465
2026-06-25 12:40:00+03:00,0.211611707007622,0.211611707007622,-0.258405846944265
2026-06-25 12:45:00+03:00,0.2107876183902389,0.2107876183902389,-0.25905709287911227
2026-06-25 12:50:00+03:00,0.2155750591550855,0.2155750591550855,-0.2138557612308678
2026-06-25 12:55:00+03:00,0.21195644825616128,0.21195644825616128,-0.2719794696956173
2026-06-25 13:00:00+03:00,0.2113182788185347,0.2113182788185347,-0.25644347083037855
2026-06-25 13:05:00+03:00,0.21506941208979616,0.21506941208979616,-0.22097498824309805
2026-06-25 13:10:00+03:00,0.2183698481998248,0.2183698481998248,-0.2143487533088445
2026-06-25 13:15:00+03:00,0.2196609100459346,0.2196609100459346,-0.22188667430309836
2026-06-25 13:20:00+03:00,0.22155259110530948,0.22155259110530948,-0.21334437956375077
2026-06-25 13:25:00+03:00,0.22101771080116706,0.22101771080116706,-0.2282804464343968
2026-06-25 13:30:00+03:00,0.22035547382394968,0.22035547382394968,-0.23084831920073515
2026-06-25 13:35:00+03:00,0.22022616234460518,0.22022616234460518,-0.2282256718852473
2026-06-25 13:40:00+03:00,0.22180827822674815,0.22180827822674815,-0.21434382924938672
2026-06-25 13:45:00+03:00,0.221660503687582,0.221660503687582,-0.2243272675158297
2026-06-25 13:50:00+03:00,0.2262096100668319,0.2262096100668319,-0.18635421571580751
2026-06-25 13:55:00+03:00,0.22590125055717747,0.22590125055717747,-0.21348571700325644
2026-06-25 14:00:00+03:00,0.22823529803361473,0.22823529803361473,-0.19278781581702548
2026-06-25 14:05:00+03:00,0.2268268543975766,0.2268268543975766,-0.21699632169730868
2026-06-25 14:10:00+03:00,0.23321928634797054,0.23321928634797054,-0.15826917039835234
2026-06-25 14:15:00+03:00,0.23481546454433544,0.23481546454433544,-0.17918376106245926
2026-06-25 14:20:00+03:00,0.23274547949732044,0.23274547949732044,-0.2044041511452288
2026-06-25 14:25:00+03:00,0.22965207620558808,0.22965207620558808,-0.21850094456117916
2026-06-25 14:30:00+03:00,0.22712257275934825,0.22712257275934825,-0.2223849384074928
2026-06-25 14:35:00+03:00,0.22742352358865217,0.22742352358865217,-0.20598370963498075
2026-06-25 14:40:00+03:00,0.22838341046832872,0.22838341046832872,-0.1997975451981191
2026-06-25 14:45:00+03:00,0.22734507996000483,0.22734507996000483,-0.21353000872316552
2026-06-25 14:50:00+03:00,0.22697222979980453,0.22697222979980453,-0.21090016309881
2026-06-25 14:55:00+03:00,0.22911565803025413,0.22911565803025413,-0.1914485203629352
2026-06-25 15:00:00+03:00,0.23069603840898648,0.23069603840898648,-0.19023126643036753
2026-06-25 15:05:00+03:00,0.22671033821960285,0.22671033821960285,-0.23166784733583834
2026-06-25 15:10:00+03:00,0.22547215270866827,0.22547215270866827,-0.2197999126574411
2026-06-25 15:15:00+03:00,0.2293852464524468,0.2293852464524468,-0.18129288789105982
2026-06-25 15:20:00+03:00,0.23128510624941068,0.23128510624941068,-0.18694897080544715
2026-06-25 15:25:00+03:00,0.22549862989250016,0.22549862989250016,-0.24528919397764246
2026-06-25 15:30:00+03:00,0.21812616189362807,0.21812616189362807,-0.27593181121138094
2026-06-25 15:35:00+03:00,0.2134123625456766,0.2134123625456766,-0.2741466241343258
2026-06-25 15:40:00+03:00,0.20779182396339224,0.20779182396339224,-0.29641702750165716
2026-06-25 15:45:00+03:00,0.20338370684512502,0.20338370684512502,-0.30246532662109726
2026-06-25 15:50:00+03:00,0.20058723215744423,0.20058723215744423,-0.30115977466670196
2026-06-25 15:55:00+03:00,0.1971094988973471,0.1971094988973471,-0.31609478554659
2026-06-25 16:00:00+03:00,0.19638103329546422,0.19638103329546422,-0.3013742985650409
2026-06-25 16:05:00+03:00,0.19591577374509722,0.19591577374509722,-0.3011873680277919
2026-06-25 16:10:00+03:00,0.20453615208727322,0.20453615208727322,-0.22318139363829495
2026-06-25 16:15:00+03:00,0.21061253636645264,0.21061253636645264,-0.2204383038509077
2026-06-25 16:20:00+03:00,0.23217808484130395,0.23217808484130395,-0.08525613754971653
2026-06-25 16:25:00+03:00,0.24547626797621933,0.24547626797621933,-0.09306744381075659
2026-06-25 16:30:00+03:00,0.25587496995403414,0.25587496995403414,-0.08198319241189937
2026-06-25 16:35:00+03:00,0.2604564740462025,0.2604564740462025,-0.0990268727087821
2026-06-25 16:40:00+03:00,0.2803301569720619,0.2803301569720619,0.017620054508246705
2026-06-25 16:45:00+03:00,0.2934235276210157,0.2934235276210157,0.016589606738359547
2026-06-25 16:50:00+03:00,0.3030318701955063,0.3030318701955063,0.02239750487800364
2026-06-25 16:55:00+03:00,0.3098654229593346,0.3098654229593346,0.02521499120980118
2026-06-25 17:00:00+03:00,0.31385526750143755,0.31385526750143755,0.02148867249656084
2026-06-25 17:05:00+03:00,0.32142454640317986,0.32142454640317986,0.05349014046123051
2026-06-25 17:10:00+03:00,0.33510052363069737,0.33510052363069737,0.10814031274897458
2026-06-25 17:15:00+03:00,0.34333681895322765,0.34333681895322765,0.10264423363546119
2026-06-25 17:20:00+03:00,0.34841240814668073,0.34841240814668073,0.10004751621610028
2026-06-25 17:25:00+03:00,0.34834652583575704,0.34834652583575704,0.07831861107440741
2026-06-25 17:30:00+03:00,0.3358651920873918,0.3358651920873918,-0.0027636556259526108
2026-06-25 17:35:00+03:00,0.3364742642190544,0.3364742642190544,0.055914553357600545
2026-06-25 17:40:00+03:00,0.34062504617658357,0.34062504617658357,0.0798226165327655
2026-06-25 17:45:00+03:00,0.3430222389876675,0.3430222389876675,0.07747679769123596
2026-06-25 17:50:00+03:00,0.344228492548439,0.344228492548439,0.0749884444986758
2026-06-25 17:55:00+03:00,0.3446639944303879,0.3446639944303879,0.07264383894592957
2026-06-26 09:55:00+03:00,0.358336597156595,0.358336597156595,0.15574886429299084
2026-06-26 10:00:00+03:00,0.3551364253994753,0.3551364253994753,0.07942020543414745
2026-06-26 10:05:00+03:00,0.3271732453149381,0.3271732453149381,-0.09506964816260167
2026-06-26 10:10:00+03:00,0.3048441898063604,0.3048441898063604,-0.12226986755003601
2026-06-26 10:15:00+03:00,0.30069834054475725,0.30069834054475725,-0.044896154201923694
2026-06-26 10:20:00+03:00,0.29779786831485355,0.29779786831485355,-0.045846567712930206
2026-06-26 10:25:00+03:00,0.3087763281283885,0.3087763281283885,0.04090976925955674
2026-06-26 10:30:00+03:00,0.3160116181998344,0.3160116181998344,0.040365535865547794
2026-06-26 10:35:00+03:00,0.3237866880101828,0.3237866880101828,0.05943773585785056
2026-06-26 10:40:00+03:00,0.32200895080035813,0.32200895080035813,0.014035055426635074
2026-06-26 10:45:00+03:00,0.31826071585370647,0.31826071585370647,-0.003073342528394222
2026-06-26 10:50:00+03:00,0.30895019251221395,0.30895019251221395,-0.0497233927847995
2026-06-26 10:55:00+03:00,0.30421222514329543,0.30421222514329543,-0.039506887437636744
2026-06-26 11:00:00+03:00,0.29705417405007045,0.29705417405007045,-0.06753869052759791
2026-06-26 11:05:00+03:00,0.2900066745325306,0.2900066745325306,-0.08380835124561671
2026-06-26 11:10:00+03:00,0.28544732559227426,0.28544732559227426,-0.08280756480939044
2026-06-26 11:15:00+03:00,0.28281272261597945,0.28281272261597945,-0.07989684405106638
2026-06-26 11:20:00+03:00,0.27896877124656044,0.27896877124656044,-0.09498717289540753
2026-06-26 11:25:00+03:00,0.271247577031195,0.271247577031195,-0.13324908210452555
2026-06-26 11:30:00+03:00,0.26816179637401794,0.26816179637401794,-0.11778328835120493
2026-06-26 11:35:00+03:00,0.2621813335875012,0.2621813335875012,-0.14742606455219787
2026-06-26 11:40:00+03:00,0.26165098683506355,0.26165098683506355,-0.12126292072467737
2026-06-26 11:45:00+03:00,0.26156805341673034,0.26156805341673034,-0.11924344817132072
2026-06-26 11:50:00+03:00,0.26130690975744364,0.26130690975744364,-0.12077918371420501
2026-06-26 11:55:00+03:00,0.259720022585627,0.259720022585627,-0.13138328362348173
2026-06-26 12:00:00+03:00,0.25625507441782114,0.25625507441782114,-0.14971807540171875
2026-06-26 12:05:00+03:00,0.24934853179322838,0.24934853179322838,-0.1857475229480587
2026-06-26 12:10:00+03:00,0.2439826131805292,0.2439826131805292,-0.19185547017102147
2026-06-26 12:15:00+03:00,0.23998829369959687,0.23998829369959687,-0.1952179180045147
2026-06-26 12:20:00+03:00,0.23694181626126767,0.23694181626126767,-0.1983219211399713
2026-06-26 12:25:00+03:00,0.23469649943591572,0.23469649943591572,-0.20006097171493106
2026-06-26 12:30:00+03:00,0.23338817304062875,0.23338817304062875,-0.19853091892962432
2026-06-26 12:35:00+03:00,0.2323274039554898,0.2323274039554898,-0.20006097171493106
2026-06-26 12:40:00+03:00,0.23162022456539713,0.23162022456539713,-0.20006097171493106
2026-06-26 12:45:00+03:00,0.23123288131919784,0.23123288131919784,-0.1993781156418891
2026-06-26 12:50:00+03:00,0.233694103047368,0.233694103047368,-0.17757490153786318
2026-06-26 12:55:00+03:00,0.23564755759405812,0.23564755759405812,-0.17510148724820715
2026-06-26 13:00:00+03:00,0.24060499553500264,0.24060499553500264,-0.14666058421673484
2026-06-26 13:05:00+03:00,0.24322399784211673,0.24322399784211673,-0.15193322968408277
2026-06-26 13:10:00+03:00,0.24107353798820094,0.24107353798820094,-0.18245711861865885
2026-06-26 13:15:00+03:00,0.23983406487176798,0.23983406487176798,-0.1809119977019679
2026-06-26 13:20:00+03:00,0.2391084076926976,0.2391084076926976,-0.18011201775325666
2026-06-26 13:25:00+03:00,0.23838671148416676,0.23838671148416676,-0.18200405225950864
2026-06-26 13:30:00+03:00,0.23806362251294197,0.23806362251294197,-0.1807468288301142
2026-06-26 13:35:00+03:00,0.23623802543892053,0.23623802543892053,-0.1936382835407831
2026-06-26 13:40:00+03:00,0.2351981094512841,0.2351981094512841,-0.1922109704606253
2026-06-26 13:45:00+03:00,0.23409134486086491,0.23409134486086491,-0.1955460412848768
2026-06-26 13:50:00+03:00,0.23335350180058545,0.23335350180058545,-0.1955460412848768
2026-06-26 13:55:00+03:00,0.2329527859509168,0.2329527859509168,-0.19480954593603672
2026-06-26 14:00:00+03:00,0.23288560625846097,0.23288560625846097,-0.19319646765712545
2026-06-26 14:05:00+03:00,0.23339923591092082,0.23339923591092082,-0.18870708766458605
2026-06-26 14:10:00+03:00,0.2333950224473137,0.2333950224473137,-0.19149120504260914
2026-06-26 14:15:00+03:00,0.23445181960490924,0.23445181960490924,-0.1830073739622502
2026-06-26 14:20:00+03:00,0.23501762903250295,0.23501762903250295,-0.18411355728692486
2026-06-26 14:25:00+03:00,0.23698402482419892,0.23698402482419892,-0.17152058211562685
2026-06-26 14:30:00+03:00,0.24063107399936895,0.24063107399936895,-0.153313487028571
2026-06-26 14:35:00+03:00,0.24421907034664572,0.24421907034664572,-0.14442692689470932
2026-06-26 14:40:00+03:00,0.24674996668356125,0.24674996668356125,-0.14336525317540633
2026-06-26 14:45:00+03:00,0.24892511033537792,0.24892511033537792,-0.13964534560269015
2026-06-26 14:50:00+03:00,0.25248429444066073,0.25248429444066073,-0.12372501717435447
2026-06-26 14:55:00+03:00,0.2564990299367652,0.2564990299367652,-0.11150471607218683
2026-06-26 15:00:00+03:00,0.2585832064320342,0.2585832064320342,-0.11589601020115513
2026-06-26 15:05:00+03:00,0.260575788862828,0.260575788862828,-0.11142469278453355
2026-06-26 15:10:00+03:00,0.2612993754119543,0.2612993754119543,-0.11590842043488674
2026-06-26 15:15:00+03:00,0.26197765519260297,0.26197765519260297,-0.1144540185798519
2026-06-26 15:20:00+03:00,0.2624298417130354,0.2624298417130354,-0.1144540185798519
2026-06-26 15:25:00+03:00,0.26394625239625563,0.26394625239625563,-0.10547955783914267
2026-06-26 15:30:00+03:00,0.2649571928517358,0.2649571928517358,-0.10547955783914267
2026-06-26 15:35:00+03:00,0.2656311531553892,0.2656311531553892,-0.10547955783914267
2026-06-26 15:40:00+03:00,0.2730585060795395,0.2730585060795395,-0.05536276988686875
2026-06-26 15:45:00+03:00,0.2871596282111817,0.2871596282111817,0.007183425060144555
2026-06-26 15:50:00+03:00,0.2882518945208693,0.2882518945208693,-0.04947361792802338
2026-06-26 15:55:00+03:00,0.2812577148940267,0.2812577148940267,-0.10476818713101278
2026-06-26 16:00:00+03:00,0.28299490496209745,0.28299490496209745,-0.0587466994072096
2026-06-26 16:05:00+03:00,0.2835161600106881,0.2835161600106881,-0.06324007740285938
2026-06-26 16:10:00+03:00,0.2778424656653821,0.2778424656653821,-0.1066667447842751
2026-06-26 16:15:00+03:00,0.29517384489655163,0.29517384489655163,0.038965030523605795
2026-06-26 16:20:00+03:00,0.2917782812923824,0.2917782812923824,-0.06223079739627922
2026-06-26 16:25:00+03:00,0.284994172337462,0.284994172337462,-0.09463513233251483
2026-06-26 16:30:00+03:00,0.29857673870870705,0.29857673870870705,0.03004945853952157
2026-06-26 16:35:00+03:00,0.31783936237391835,0.31783936237391835,0.09545435690768149
2026-06-26 16:40:00+03:00,0.3155484391288755,0.3155484391288755,-0.002620195342748578
2026-06-26 16:45:00+03:00,0.3507545153281705,0.3507545153281705,0.22651966138565707
2026-06-26 16:50:00+03:00,0.35261037524564137,0.35261037524564137,0.09536542961453721
2026-06-26 16:55:00+03:00,0.33656086110476313,0.33656086110476313,-0.017269942399680698
2026-06-26 17:00:00+03:00,0.3288268865805704,0.3288268865805704,0.002725180675842773
2026-06-26 17:05:00+03:00,0.3177022348987688,0.3177022348987688,-0.037854052688208406
2026-06-26 17:10:00+03:00,0.31018589429492727,0.31018589429492727,-0.03854502844894889
2026-06-26 17:15:00+03:00,0.3051750005590329,0.3051750005590329,-0.03854502844894889
2026-06-26 17:20:00+03:00,0.3037669187001623,0.3037669187001623,-0.02525037782230559
2026-06-26 17:25:00+03:00,0.3016496405044881,0.3016496405044881,-0.03334047665737421
2026-06-26 17:30:00+03:00,0.2973455780969623,0.2973455780969623,-0.053435644516010655
2026-06-26 17:35:00+03:00,0.2966254652979679,0.2966254652979679,-0.03847117432906574
2026-06-26 17:40:00+03:00,0.29624531390909425,0.29624531390909425,-0.03778011999260612
2026-06-26 17:45:00+03:00,0.29599187964984514,0.29599187964984514,-0.03778011999260612
2026-06-26 17:50:00+03:00,0.29338329322090934,0.29338329322090934,-0.0547711062322712
2026-06-26 17:55:00+03:00,0.28847527173950943,0.28847527173950943,-0.07723064298813577
2026-06-29 09:55:00+03:00,0.28409526957312903,0.28409526957312903,-0.08519341864504044
2026-06-29 10:00:00+03:00,0.3441456437246061,0.3441456437246061,0.3103458413342009
2026-06-29 10:05:00+03:00,0.35410037666851263,0.35410037666851263,0.13197594687233255
2026-06-29 10:10:00+03:00,0.37734673426843834,0.37734673426843834,0.2317750491683549
2026-06-29 10:15:00+03:00,0.39443981285871904,0.39443981285871904,0.24116494369147323
2026-06-29 10:20:00+03:00,0.3954915297626467,0.3954915297626467,0.17973859752369253
2026-06-29 10:25:00+03:00,0.3853362786586182,0.3853362786586182,0.11347471704065695
2026-06-29 10:30:00+03:00,0.40112391682740495,0.40112391682740495,0.2491348575528326
2026-06-29 10:35:00+03:00,0.41354906506812933,0.41354906506812933,0.26025855360749134
2026-06-29 10:40:00+03:00,0.4328184209726107,0.4328184209726107,0.32404855823726963
2026-06-29 10:45:00+03:00,0.4394364800471681,0.4394364800471681,0.28798008711675954
2026-06-29 10:50:00+03:00,0.44306761640270825,0.44306761640270825,0.28344167167040274
2026-06-29 10:55:00+03:00,0.43898775974543275,0.43898775974543275,0.24547593705277954
2026-06-29 11:00:00+03:00,0.4376506923796815,0.4376506923796815,0.253583061979813
2026-06-29 11:05:00+03:00,0.4490903507668228,0.4490903507668228,0.32522781281950125
2026-06-29 11:10:00+03:00,0.4504575126594153,0.4504575126594153,0.28898542492818197
2026-06-29 11:15:00+03:00,0.4549122467961371,0.4549122467961371,0.3095266387231959
2026-06-29 11:20:00+03:00,0.4696114536068245,0.4696114536068245,0.377174969158729
2026-06-29 11:25:00+03:00,0.4991782560456655,0.4991782560456655,0.491488230219956
2026-06-29 11:30:00+03:00,0.4879881174960281,0.4879881174960281,0.3129714094207735
2026-06-29 11:35:00+03:00,0.4931116158268312,0.4931116158268312,0.385520400467452
2026-06-29 11:40:00+03:00,0.48391471343111137,0.48391471343111137,0.3128037905266246
2026-06-29 11:45:00+03:00,0.4737592625465786,0.4737592625465786,0.28948202885328816
2026-06-29 11:50:00+03:00,0.46473860916953713,0.46473860916953713,0.27639592162309307
2026-06-29 11:55:00+03:00,0.4609645260870715,0.4609645260870715,0.2894200812064674
2026-06-29 12:00:00+03:00,0.45607578170017543,0.45607578170017543,0.27562134528301424
2026-06-29 12:05:00+03:00,0.4640456982614232,0.4640456982614232,0.3406463448668005
2026-06-29 12:10:00+03:00,0.46580931935039993,0.46580931935039993,0.32015734863101225
2026-06-29 12:15:00+03:00,0.4590643356619874,0.4590643356619874,0.27421568438793503
2026-06-29 12:20:00+03:00,0.46411984718194843,0.46411984718194843,0.3295797109796013
2026-06-29 12:25:00+03:00,0.4523453889666554,0.4523453889666554,0.2414989309168642
2026-06-29 12:30:00+03:00,0.4404802712162018,0.4404802712162018,0.2178153189840298
2026-06-29 12:35:00+03:00,0.4269264241403641,0.4269264241403641,0.18418869723899836
2026-06-29 12:40:00+03:00,0.4199545807381618,0.4199545807381618,0.1965373403897118
2026-06-29 12:45:00+03:00,0.4238021487518392,0.4238021487518392,0.2467850324684739
2026-06-29 12:50:00+03:00,0.4190341404429377,0.4190341404429377,0.20346524303109975
2026-06-29 12:55:00+03:00,0.4161548285328834,0.4161548285328834,0.20524645848922396
2026-06-29 13:00:00+03:00,0.4132306511932711,0.4132306511932711,0.19926404166211004
2026-06-29 13:05:00+03:00,0.41733873435348123,0.41733873435348123,0.23514344111241092
2026-06-29 13:10:00+03:00,0.4244574788285739,0.4244574788285739,0.26083452864438583
2026-06-29 13:15:00+03:00,0.4117600876704743,0.4117600876704743,0.15713241311129383
2026-06-29 13:20:00+03:00,0.39634133846216707,0.39634133846216707,0.11446396454524792
2026-06-29 13:25:00+03:00,0.3740148542155205,0.3740148542155205,0.03793432554564222
2026-06-29 13:30:00+03:00,0.36708370879779945,0.36708370879779945,0.08886688851543648
2026-06-29 13:35:00+03:00,0.34378522311196963,0.34378522311196963,-0.033861381549708046
2026-06-29 13:40:00+03:00,0.34812546279380013,0.34812546279380013,0.09637720699437145
2026-06-29 13:45:00+03:00,0.3506777939871772,0.3506777939871772,0.09423626195862767
2026-06-29 13:50:00+03:00,0.33588038219667465,0.33588038219667465,-0.013145195395725149
2026-06-29 13:55:00+03:00,0.31758288084997016,0.31758288084997016,-0.07168690768927931
2026-06-29 14:00:00+03:00,0.30758496262014295,0.30758496262014295,-0.05612140127035194
2026-06-29 14:05:00+03:00,0.3218814185708047,0.3218814185708047,0.08308776573134662
2026-06-29 14:10:00+03:00,0.3076030413550518,0.3076030413550518,-0.07630722776884956
2026-06-29 14:15:00+03:00,0.30323918285647633,0.30323918285647633,-0.040025896210018425
2026-06-29 14:20:00+03:00,0.2948878891449154,0.2948878891449154,-0.07836237642762227
2026-06-29 14:25:00+03:00,0.292787330586423,0.292787330586423,-0.053789006898013705
2026-06-29 14:30:00+03:00,0.28644076880412184,0.28644076880412184,-0.08901767157692995
2026-06-29 14:35:00+03:00,0.2825383954714999,0.2825383954714999,-0.08664097341378352
2026-06-29 14:40:00+03:00,0.2798687056931124,0.2798687056931124,-0.08713304376101373
2026-06-29 14:45:00+03:00,0.281624438254872,0.281624438254872,-0.06188063678043016
2026-06-29 14:50:00+03:00,0.28936677115952836,0.28936677115952836,-0.0163876077968393
2026-06-29 14:55:00+03:00,0.2957459434365155,0.2957459434365155,-0.008145505767187668
2026-06-29 15:00:00+03:00,0.3028490010691957,0.3028490010691957,0.01094043815198594
2026-06-29 15:05:00+03:00,0.29645235641016665,0.29645235641016665,-0.0653620465185867
2026-06-29 15:10:00+03:00,0.3001027021391804,0.3001027021391804,-0.01062375496065498
2026-06-29 15:15:00+03:00,0.30172874750381573,0.30172874750381573,-0.01609469350538055
2026-06-29 15:20:00+03:00,0.2904856781794345,0.2904856781794345,-0.10298094996519438
2026-06-29 15:25:00+03:00,0.28314151618193273,0.28314151618193273,-0.10187211996559689
2026-06-29 15:30:00+03:00,0.278991816787986,0.278991816787986,-0.09641621937658935
2026-06-29 15:35:00+03:00,0.28162856689742105,0.28162856689742105,-0.05773138164540225
2026-06-29 15:40:00+03:00,0.28663927100082937,0.28663927100082937,-0.03507380393658652
2026-06-29 15:45:00+03:00,0.28997634699789515,0.28997634699789515,-0.03509721149165806
2026-06-29 15:50:00+03:00,0.286297217375644,0.286297217375644,-0.07656320625848997
2026-06-29 15:55:00+03:00,0.2838572614447945,0.2838572614447945,-0.07647163595352147
2026-06-29 16:00:00+03:00,0.2729396785337696,0.2729396785337696,-0.14516789309988587
2026-06-29 16:05:00+03:00,0.27458287928912345,0.27458287928912345,-0.07911769004535378
2026-06-29 16:10:00+03:00,0.28494657222264747,0.28494657222264747,-0.014526924093224295
2026-06-29 16:15:00+03:00,0.2901442462056401,0.2901442462056401,-0.026188365812809065
2026-06-29 16:20:00+03:00,0.384388461895261,0.384388461895261,0.5199304852324701
2026-06-29 16:25:00+03:00,0.4475902282759498,0.4475902282759498,0.5221210307384065
2026-06-29 16:30:00+03:00,0.5609850132133624,0.5609850132133624,1.0083041666775105
2026-06-29 16:35:00+03:00,0.6293421745707029,0.6293421745707029,0.948149245140773
2026-06-29 16:40:00+03:00,0.6782756104897311,0.6782756104897311,0.9755672852905957
2026-06-29 16:45:00+03:00,0.7262379030266174,0.7262379030266174,1.1136127176208155
2026-06-29 16:50:00+03:00,0.7562136099496123,0.7562136099496123,1.0941875809983768
2026-06-29 16:55:00+03:00,0.7396869908624262,0.7396869908624262,0.8008233463243217
2026-06-29 17:00:00+03:00,0.7483894509613686,0.7483894509613686,0.9474478071564669
2026-06-29 17:05:00+03:00,0.7328639954098535,0.7328639954098535,0.7897198453869261
2026-06-29 17:10:00+03:00,0.7124413691092487,0.7124413691092487,0.7222981050382273
2026-06-29 17:15:00+03:00,0.7025133864926801,0.7025133864926801,0.7465729168738514
2026-06-29 17:20:00+03:00,0.6940196593032625,0.6940196593032625,0.7341736233572705
2026-06-29 17:25:00+03:00,0.6719921825274914,0.6719921825274914,0.6301681737760519
2026-06-29 17:30:00+03:00,0.682974511590365,0.682974511590365,0.7969082051847879
2026-06-29 17:35:00+03:00,0.6874528646191123,0.6874528646191123,0.7773958213150098
2026-06-29 17:40:00+03:00,0.6605075800727356,0.6605075800727356,0.5868637199977802
2026-06-29 17:45:00+03:00,0.6376220418541345,0.6376220418541345,0.5573628523748467
2026-06-29 17:50:00+03:00,0.6616417520395761,0.6616417520395761,0.8078975325486318
2026-06-29 17:55:00+03:00,0.6333663234176654,0.6333663234176654,0.5276619772824168
2026-06-30 09:55:00+03:00,0.5048441563463517,0.5048441563463517,-0.15363606628719756
2026-06-30 10:00:00+03:00,0.4148562832632189,0.4148562832632189,-0.18749417224723244
2026-06-30 10:05:00+03:00,0.35341042499972697,0.35341042499972697,-0.19921443072486467
2026-06-30 10:10:00+03:00,0.31259931605938884,0.31259931605938884,-0.19797549672956258
2026-06-30 10:15:00+03:00,0.2836984372071556,0.2836984372071556,-0.21180465144031807
2026-06-30 10:20:00+03:00,0.2650788411589677,0.2650788411589677,-0.20649017311673556
2026-06-30 10:25:00+03:00,0.2525731580724743,0.2525731580724743,-0.20724821160785248
2026-06-30 10:30:00+03:00,0.24420929885015893,0.24420929885015893,-0.2074671627263438
2026-06-30 10:35:00+03:00,0.24140986950056484,0.24140986950056484,-0.18501359528962472
2026-06-30 10:40:00+03:00,0.24846954187765127,0.24846954187765127,-0.11629897022630782
2026-06-30 10:45:00+03:00,0.25273873262638175,0.25273873262638175,-0.11955428412376362
2026-06-30 10:50:00+03:00,0.2530955907924064,0.2530955907924064,-0.13829192829247347
2026-06-30 10:55:00+03:00,0.2495324868110638,0.2495324868110638,-0.16762134491535985
2026-06-30 11:00:00+03:00,0.25075954902650616,0.25075954902650616,-0.13980193289082193
2026-06-30 11:05:00+03:00,0.2503546772463021,0.2503546772463021,-0.14915493865572524
2026-06-30 11:10:00+03:00,0.25323223557987673,0.25323223557987673,-0.12526201991627148
2026-06-30 11:15:00+03:00,0.25376575618912295,0.25376575618912295,-0.13570270421239183
2026-06-30 11:20:00+03:00,0.2538550299378682,0.2538550299378682,-0.13772398166474226
2026-06-30 11:25:00+03:00,0.253914545770365,0.253914545770365,-0.13772398166474226
2026-06-30 11:30:00+03:00,0.2538497362874514,0.2538497362874514,-0.1385178863580302
2026-06-30 11:35:00+03:00,0.25427739353656786,0.25427739353656786,-0.1349452883178898
2026-06-30 11:40:00+03:00,0.2540281100139209,0.2540281100139209,-0.13900087305676498
2026-06-30 11:45:00+03:00,0.258099140489112,0.258099140489112,-0.1072900203039972
2026-06-30 11:50:00+03:00,0.2593148892569895,0.2593148892569895,-0.11838852128599951
2026-06-30 11:55:00+03:00,0.26171228174206784,0.26171228174206784,-0.10663731880785389
2026-06-30 12:00:00+03:00,0.26410336237975307,0.26410336237975307,-0.1008165071237617
2026-06-30 12:05:00+03:00,0.2657035741838778,0.2657035741838778,-0.10077142321350173
2026-06-30 12:10:00+03:00,0.2722489460626811,0.2722489460626811,-0.06140109516527077
2026-06-30 12:15:00+03:00,0.2781264928650795,0.2781264928650795,-0.05076599995269177
2026-06-30 12:20:00+03:00,0.281133230137427,0.281133230137427,-0.057157860615329736
2026-06-30 12:25:00+03:00,0.2812423952476044,0.2812423952476044,-0.07056464526392116
2026-06-30 12:30:00+03:00,0.28321915015717536,0.28321915015717536,-0.05709702892424693
2026-06-30 12:35:00+03:00,0.2921223333354359,0.2921223333354359,-0.004946233856517189
2026-06-30 12:40:00+03:00,0.29620320395249705,0.29620320395249705,-0.017489461873487128
2026-06-30 12:45:00+03:00,0.2915718474175367,0.2915718474175367,-0.06855389002513587
2026-06-30 12:50:00+03:00,0.2985715770178147,0.2985715770178147,0.0009671881417595774
2026-06-30 12:55:00+03:00,0.3014056596416804,0.3014056596416804,-0.011366613615458175
2026-06-30 13:00:00+03:00,0.29664904257028735,0.29664904257028735,-0.05718339925842682
2026-06-30 13:05:00+03:00,0.293642434928684,0.293642434928684,-0.056027521415591475
2026-06-30 13:10:00+03:00,0.29321254778901046,0.29321254778901046,-0.04502106705443469
2026-06-30 13:15:00+03:00,0.304976588753416,0.304976588753416,0.036071225812796766
2026-06-30 13:20:00+03:00,0.3082522611789094,0.3082522611789094,0.005942348596506343
2026-06-30 13:25:00+03:00,0.3106634830047454,0.3106634830047454,0.0074590476039287255
2026-06-30 13:30:00+03:00,0.31227096422196937,0.31227096422196937,0.0074590476039287255
2026-06-30 13:35:00+03:00,0.31645530743550193,0.31645530743550193,0.028043039397900198
2026-06-30 13:40:00+03:00,0.31932063655535664,0.31932063655535664,0.02854017740319117
2026-06-30 13:45:00+03:00,0.31266514945039303,0.31266514945039303,-0.02889678941803145
2026-06-30 13:50:00+03:00,0.30680042346076736,0.30680042346076736,-0.03873470086255738
2026-06-30 13:55:00+03:00,0.30598304414308647,0.30598304414308647,-0.01752721186637552
2026-06-30 14:00:00+03:00,0.30206341985042545,0.30206341985042545,-0.04068945349978423
2026-06-30 14:05:00+03:00,0.298960134499211,0.298960134499211,-0.044092018781079934
2026-06-30 14:10:00+03:00,0.30948984684888425,0.30948984684888425,0.04051095990445236
2026-06-30 14:15:00+03:00,0.3173514766209397,0.3173514766209397,0.04597572817722908
2026-06-30 14:20:00+03:00,0.3211885170361078,0.3211885170361078,0.03684945775794137
2026-06-30 14:25:00+03:00,0.3252897395593,0.3252897395593,0.046877024393428064
2026-06-30 14:30:00+03:00,0.3169694750737128,0.3169694750737128,-0.026669204222522416
2026-06-30 14:35:00+03:00,0.31463091801152654,0.31463091801152654,-0.004889921914176473
2026-06-30 14:40:00+03:00,0.3126674455436429,0.3126674455436429,-0.007614401224160347
2026-06-30 14:45:00+03:00,0.31085121669378213,0.31085121669378213,-0.011039872769771286
2026-06-30 14:50:00+03:00,0.3150169617313319,0.3150169617313319,0.024811421979523806
2026-06-30 14:55:00+03:00,0.32621026896123606,0.32621026896123606,0.0791261423735979
2026-06-30 15:00:00+03:00,0.36088604156091814,0.36088604156091814,0.24432053007530122
2026-06-30 15:05:00+03:00,0.3778419603383428,0.3778419603383428,0.20793680708109882
2026-06-30 15:10:00+03:00,0.3949101130268229,0.3949101130268229,0.2419884752318742
2026-06-30 15:15:00+03:00,0.4009023902195618,0.4009023902195618,0.21018033037517503
2026-06-30 15:20:00+03:00,0.4046563443471788,0.4046563443471788,0.20874968123214557
2026-06-30 15:25:00+03:00,0.40937020568110755,0.40937020568110755,0.22185451130135136
2026-06-30 15:30:00+03:00,0.4055277663230207,0.4055277663230207,0.18023514733790852
2026-06-30 15:35:00+03:00,0.40310146812609415,0.40310146812609415,0.1810480381414276
2026-06-30 15:40:00+03:00,0.39926585298638306,0.39926585298638306,0.16768811207871825
2026-06-30 15:45:00+03:00,0.39845300904869296,0.39845300904869296,0.17820047096120212
2026-06-30 15:50:00+03:00,0.38544698242432957,0.38544698242432957,0.1018641052940256
2026-06-30 15:55:00+03:00,0.3837739996370186,0.3837739996370186,0.1450831917601728
2026-06-30 16:00:00+03:00,0.38835187594314496,0.38835187594314496,0.1795636552341715
2026-06-30 16:05:00+03:00,0.3918411879838013,0.3918411879838013,0.18219074240653904
2026-06-30 16:10:00+03:00,0.3938944760738363,0.3938944760738363,0.18055186944354107
2026-06-30 16:15:00+03:00,0.39438462573928007,0.39438462573928007,0.17526744000462482
2026-06-30 16:20:00+03:00,0.3914798135331505,0.3914798135331505,0.1557253483586988
2026-06-30 16:25:00+03:00,0.38831393179939666,0.38831393179939666,0.1482440369138098
2026-06-30 16:30:00+03:00,0.38534178288653004,0.38534178288653004,0.14298448467724792
2026-06-30 16:35:00+03:00,0.38998805920013724,0.38998805920013724,0.18311260502490195
2026-06-30 16:40:00+03:00,0.38731078618406656,0.38731078618406656,0.14819134387809338
2026-06-30 16:45:00+03:00,0.38114522480783414,0.38114522480783414,0.12129891665692863
2026-06-30 16:50:00+03:00,0.3767959257050033,0.3767959257050033,0.11982112493119548
2026-06-30 16:55:00+03:00,0.37248089262980594,0.37248089262980594,0.11104107005715852
2026-06-30 17:00:00+03:00,0.37029295793524736,0.37029295793524736,0.11531864946354882
2026-06-30 17:05:00+03:00,0.3592267889863944,0.3592267889863944,0.05463134370008527
2026-06-30 17:10:00+03:00,0.36064599448790724,0.36064599448790724,0.11028142386125861
2026-06-30 17:15:00+03:00,0.357876289766233,0.357876289766233,0.08700831076562249
2026-06-30 17:20:00+03:00,0.3633580603413611,0.3633580603413611,0.1326146738161499
2026-06-30 17:25:00+03:00,0.3657847343887155,0.3657847343887155,0.12505409930086375
2026-06-30 17:30:00+03:00,0.3503402539119693,0.3503402539119693,0.016238830689754107
2026-06-30 17:35:00+03:00,0.3408929267305116,0.3408929267305116,0.021847612051129374
2026-06-30 17:40:00+03:00,0.3365307208969888,0.3365307208969888,0.03455154777062742
2026-06-30 17:45:00+03:00,0.3330301324221879,0.3330301324221879,0.030676404413512305
2026-06-30 17:50:00+03:00,0.33911766161791285,0.33911766161791285,0.08481159503876344
2026-06-30 17:55:00+03:00,0.3328789194570338,0.3328789194570338,0.018333919899345515
2026-07-01 09:55:00+03:00,0.3433007782909129,0.3433007782909129,0.11164965496474129
2026-07-01 10:00:00+03:00,0.36149910671178725,0.36149910671178725,0.18034103530235687
2026-07-01 10:05:00+03:00,0.382341642685604,0.382341642685604,0.23214292936681155
2026-07-01 10:10:00+03:00,0.3903311346721248,0.3903311346721248,0.19713252316770918
2026-07-01 10:15:00+03:00,0.37849297780240826,0.37849297780240826,0.09221347119771241
2026-07-01 10:20:00+03:00,0.33980367873965717,0.33980367873965717,-0.11670489984629692
2026-07-01 10:25:00+03:00,0.31195787790715623,0.31195787790715623,-0.13208776567751868
2026-07-01 10:30:00+03:00,0.29903410416640425,0.29903410416640425,-0.09037252030451833
2026-07-01 10:35:00+03:00,0.28281688864068105,0.28281688864068105,-0.14701176206166086
2026-07-01 10:40:00+03:00,0.27200181293581105,0.27200181293581105,-0.14703935815888974
2026-07-01 10:45:00+03:00,0.2640765071871499,0.2640765071871499,-0.15254004337568805
2026-07-01 10:50:00+03:00,0.26557824792213974,0.26557824792213974,-0.10155816163106209
2026-07-01 10:55:00+03:00,0.258770497497072,0.258770497497072,-0.160468045528321
2026-07-01 11:00:00+03:00,0.253981587465758,0.253981587465758,-0.16241763752334898
2026-07-01 11:05:00+03:00,0.2570938755418038,0.2570938755418038,-0.11449300296996673
2026-07-01 11:10:00+03:00,0.25210851386089017,0.25210851386089017,-0.16832300784100243
2026-07-01 11:15:00+03:00,0.24813438224502912,0.24813438224502912,-0.1734394766907454
2026-07-01 11:20:00+03:00,0.24552343237831664,0.24552343237831664,-0.17313612229473282
2026-07-01 11:25:00+03:00,0.24389999762490505,0.24389999762490505,-0.17221259846597495
2026-07-01 11:30:00+03:00,0.2423031937362669,0.2423031937362669,-0.17627386453190785
2026-07-01 11:35:00+03:00,0.2414439592466431,0.2414439592466431,-0.1746511922589607
2026-07-01 11:40:00+03:00,0.24086215770580624,0.24086215770580624,-0.17472209761887536
2026-07-01 11:45:00+03:00,0.24158231557705928,0.24158231557705928,-0.16601257599305194
2026-07-01 11:50:00+03:00,0.24254626413206745,0.24254626413206745,-0.16223477937514583
2026-07-01 11:55:00+03:00,0.24437414863437992,0.24437414863437992,-0.15304401667397016
2026-07-01 12:00:00+03:00,0.2458329525278665,0.2458329525278665,-0.15119213629445236
2026-07-01 12:05:00+03:00,0.24793953160310067,0.24793953160310067,-0.14249748523003533
2026-07-01 12:10:00+03:00,0.24881169607671613,0.24881169607671613,-0.14656821056280936
2026-07-01 12:15:00+03:00,0.2505004765876163,0.2505004765876163,-0.13811783866540783
2026-07-01 12:20:00+03:00,0.2515320623599649,0.2515320623599649,-0.13883436058926657
2026-07-01 12:25:00+03:00,0.25257310379758396,0.25257310379758396,-0.1361515316947112
2026-07-01 12:30:00+03:00,0.25561459512775814,0.25561459512775814,-0.11850970924370031
2026-07-01 12:35:00+03:00,0.25744072223410946,0.25744072223410946,-0.12001208681610334
2026-07-01 12:40:00+03:00,0.25917997752299415,0.25917997752299415,-0.11612653937061866
2026-07-01 12:45:00+03:00,0.2581504474276199,0.2581504474276199,-0.13252808769202865
2026-07-01 12:50:00+03:00,0.2568029647195422,0.2568029647195422,-0.13753558731563617
2026-07-01 12:55:00+03:00,0.25604067673424236,0.25604067673424236,-0.13650314972157856
2026-07-01 13:00:00+03:00,0.25512914813629545,0.25512914813629545,-0.1395674895461642
2026-07-01 13:05:00+03:00,0.25393521525352036,0.25393521525352036,-0.14403879070260767
2026-07-01 13:10:00+03:00,0.25387796106967975,0.25387796106967975,-0.13840809171500532
2026-07-01 13:15:00+03:00,0.2522054905175616,0.2522054905175616,-0.15090980640319737
2026-07-01 13:20:00+03:00,0.25085239964250944,0.25085239964250944,-0.15274490906113464
2026-07-01 13:25:00+03:00,0.24965687978359782,0.24965687978359782,-0.15501145719528142
2026-07-01 13:30:00+03:00,0.24902597978816288,0.24902597978816288,-0.15372780934158148
2026-07-01 13:35:00+03:00,0.2484068679897284,0.2484068679897284,-0.15526202090338845
2026-07-01 13:40:00+03:00,0.24834447194804554,0.24834447194804554,-0.15255602377532915
2026-07-01 13:45:00+03:00,0.24842478570148022,0.24842478570148022,-0.15161620757542396
2026-07-01 13:50:00+03:00,0.24833817358358698,0.24833817358358698,-0.1526967432203923
2026-07-01 13:55:00+03:00,0.24818303215900522,0.24818303215900522,-0.15344838050898205
2026-07-01 14:00:00+03:00,0.24934251135988825,0.24934251135988825,-0.14374803181741438
2026-07-01 14:05:00+03:00,0.2513969602954567,0.2513969602954567,-0.13400372487619397
2026-07-01 14:10:00+03:00,0.2549585843799458,0.2549585843799458,-0.11755603669745773
2026-07-01 14:15:00+03:00,0.25736320278552344,0.25736320278552344,-0.11733129269299625
2026-07-01 14:20:00+03:00,0.2584690116343896,0.2584690116343896,-0.1210380212708958
2026-07-01 14:25:00+03:00,0.25733987050478657,0.25733987050478657,-0.13507434850014027
2026-07-01 14:30:00+03:00,0.2532164413550907,0.2532164413550907,-0.160948855679463
2026-07-01 14:35:00+03:00,0.248228083387441,0.248228083387441,-0.178539729537528
2026-07-01 14:40:00+03:00,0.24803636965088408,0.24803636965088408,-0.15401419034674396
2026-07-01 14:45:00+03:00,0.24853182401291588,0.24853182401291588,-0.14921181486386734
2026-07-01 14:50:00+03:00,0.24944318622908335,0.24944318622908335,-0.14475622311998934
2026-07-01 14:55:00+03:00,0.25147870924544685,0.25147870924544685,-0.1338930194393167
2026-07-01 15:00:00+03:00,0.2535099418075067,0.2535099418075067,-0.1288054960568753
2026-07-01 15:05:00+03:00,0.2554754636199934,0.2554754636199934,-0.12421474247550782
2026-07-01 15:10:00+03:00,0.2556756871616738,0.2556756871616738,-0.13256649984172086
2026-07-01 15:15:00+03:00,0.25690795023399277,0.25690795023399277,-0.12429972906680882
2026-07-01 15:20:00+03:00,0.25770668407046393,0.25770668407046393,-0.12447038068627701
2026-07-01 15:25:00+03:00,0.25827625148479694,0.25827625148479694,-0.12419256962789833
2026-07-01 15:30:00+03:00,0.2586559630943523,0.2586559630943523,-0.12419256962789833
2026-07-01 15:35:00+03:00,0.25887758432028535,0.25887758432028535,-0.12442872946036965
2026-07-01 15:40:00+03:00,0.2593556696319168,0.2593556696319168,-0.1219564721164675
2026-07-01 15:45:00+03:00,0.2595411275899521,0.2595411275899521,-0.12295309916151463
2026-07-01 15:50:00+03:00,0.26008497887601906,0.26008497887601906,-0.11981389880256303
2026-07-01 15:55:00+03:00,0.2602857058954998,0.2602857058954998,-0.12102176471563197
2026-07-01 16:00:00+03:00,0.2632091800344453,0.2632091800344453,-0.10040024139118635
2026-07-01 16:05:00+03:00,0.27330829320630273,0.27330829320630273,-0.04234864931493154
2026-07-01 16:10:00+03:00,0.27400225569563885,0.27400225569563885,-0.08506138389279806
2026-07-01 16:15:00+03:00,0.2712671736187346,0.2712671736187346,-0.10838144268198793
2026-07-01 16:20:00+03:00,0.2718133467037914,0.2718133467037914,-0.09105136838374833
2026-07-01 16:25:00+03:00,0.26959848359292476,0.26959848359292476,-0.1099271074471988
2026-07-01 16:30:00+03:00,0.2680205826676203,0.2680205826676203,-0.11067580944446452
2026-07-01 16:35:00+03:00,0.26748274504000624,0.26748274504000624,-0.10688276343567354
2026-07-01 16:40:00+03:00,0.2664181101032205,0.2664181101032205,-0.11209587493367242
2026-07-01 16:45:00+03:00,0.2649280838882077,0.2649280838882077,-0.11788801194035207
2026-07-01 16:50:00+03:00,0.2647438708631616,0.2647438708631616,-0.11188221220253666
2026-07-01 16:55:00+03:00,0.26717365846275876,0.26717365846275876,-0.0931628923090089
2026-07-01 17:00:00+03:00,0.26429818720848314,0.26429818720848314,-0.1263628355453276
2026-07-01 17:05:00+03:00,0.26255898490209634,0.26255898490209634,-0.12502899025410327
2026-07-01 17:10:00+03:00,0.2612849355889742,0.2612849355889742,-0.12588846992605215
2026-07-01 17:15:00+03:00,0.25954208217147917,0.25954208217147917,-0.13261626163190046
2026-07-01 17:20:00+03:00,0.2558966029752259,0.2558966029752259,-0.1515642465214888
2026-07-01 17:25:00+03:00,0.25568136002088027,0.25568136002088027,-0.1346470239844301
2026-07-01 17:30:00+03:00,0.25656850579448826,0.25656850579448826,-0.1268746230149519
2026-07-01 17:35:00+03:00,0.2618667329611782,0.2618667329611782,-0.09212179091284517
2026-07-01 17:40:00+03:00,0.2645232889580873,0.2645232889580873,-0.09849854171999348
2026-07-01 17:45:00+03:00,0.26794446796933213,0.26794446796933213,-0.08651294407212518
2026-07-01 17:50:00+03:00,0.2763440404456658,0.2763440404456658,-0.043189574263378334
2026-07-01 17:55:00+03:00,0.2867323176103498,0.2867323176103498,-0.01038609692409962
2026-07-02 09:55:00+03:00,0.2741809064840821,0.2741809064840821,-0.15035166409284642
2026-07-02 10:00:00+03:00,0.262578415097788,0.262578415097788,-0.17557838001944454
2026-07-02 10:05:00+03:00,0.2560306048178312,0.2560306048178312,-0.16624117828668356
2026-07-02 10:10:00+03:00,0.25125882566524876,0.25125882566524876,-0.16942829581276614
2026-07-02 10:15:00+03:00,0.24765435417948858,0.24765435417948858,-0.17275808983197646
2026-07-02 10:20:00+03:00,0.24621932885603215,0.24621932885603215,-0.16516110362423397
2026-07-02 10:25:00+03:00,0.20513787001442274,0.20513787001442274,-0.5634302698706273
2026-07-02 10:30:00+03:00,0.1835147605952755,0.1835147605952755,-0.4907504742998223
2026-07-02 10:35:00+03:00,0.18713426123936522,0.18713426123936522,-0.3030601068117372
2026-07-02 10:40:00+03:00,0.1899497421835426,0.1899497421835426,-0.29936952143666695
2026-07-02 10:45:00+03:00,0.20342628127167114,0.20342628127167114,-0.1995914046552474
2026-07-02 10:50:00+03:00,0.2146643123777321,0.2146643123777321,-0.18148131609956217
2026-07-02 10:55:00+03:00,0.21893224853111093,0.21893224853111093,-0.20750390827597479
2026-07-02 11:00:00+03:00,0.22044657980492038,0.22044657980492038,-0.21847337334583256
2026-07-02 11:05:00+03:00,0.22283461776189945,0.22283461776189945,-0.20711475247977143
2026-07-02 11:10:00+03:00,0.21470804410674932,0.21470804410674932,-0.29065325633021094
2026-07-02 11:15:00+03:00,0.18356745638273614,0.18356745638273614,-0.570986695945418
2026-07-02 11:20:00+03:00,0.16299850952316117,0.16299850952316117,-0.5684065673104981
2026-07-02 11:25:00+03:00,0.1502784049882867,0.1502784049882867,-0.5551954954359747
2026-07-02 11:30:00+03:00,0.15613984845502368,0.15613984845502368,-0.38894137913619853
2026-07-02 11:35:00+03:00,0.1622152354666386,0.1622152354666386,-0.3669418020367015
2026-07-02 11:40:00+03:00,0.16620173120525258,0.16620173120525258,-0.3675795415025252
2026-07-02 11:45:00+03:00,0.16900378080373937,0.16900378080373937,-0.3661362089165512
2026-07-02 11:50:00+03:00,0.16974020384255506,0.16974020384255506,-0.3775249451482616
2026-07-02 11:55:00+03:00,0.1721866068232646,0.1721866068232646,-0.3579542802969144
2026-07-02 12:00:00+03:00,0.1791604373767731,0.1791604373767731,-0.30694583293203864
2026-07-02 12:05:00+03:00,0.19013052012781634,0.19013052012781634,-0.2505981870679254
2026-07-02 12:10:00+03:00,0.1977186381366419,0.1977186381366419,-0.24823519178337888
2026-07-02 12:15:00+03:00,0.1939131799955599,0.1939131799955599,-0.32818889089953857
2026-07-02 12:20:00+03:00,0.20006172483369603,0.20006172483369603,-0.2497713440066115
2026-07-02 12:25:00+03:00,0.1949745785033322,0.1949745785033322,-0.3329571237012322
2026-07-02 12:30:00+03:00,0.1960091132594001,0.1960091132594001,-0.29179023446285407
2026-07-02 12:35:00+03:00,0.19981114260682512,0.19981114260682512,-0.26407363268659134
2026-07-02 12:40:00+03:00,0.20281428844526558,0.20281428844526558,-0.25998249174869786
2026-07-02 12:45:00+03:00,0.20595995960448094,0.20595995960448094,-0.2500797768195313
2026-07-02 12:50:00+03:00,0.2082110399779323,0.2082110399779323,-0.24875548524376578
2026-07-02 12:55:00+03:00,0.20928856836143642,0.20928856836143642,-0.2524005042461005
2026-07-02 13:00:00+03:00,0.20978519653977618,0.20978519653977618,-0.2543166442184184
2026-07-02 13:05:00+03:00,0.20978419879157464,0.20978419879157464,-0.2571948170199145
2026-07-02 13:10:00+03:00,0.21033976553383937,0.21033976553383937,-0.25237957500082864
2026-07-02 13:15:00+03:00,0.21092228648552508,0.21092228648552508,-0.25055040503488785
2026-07-02 13:20:00+03:00,0.21143725728082938,0.21143725728082938,-0.24946052566264712
2026-07-02 13:25:00+03:00,0.21932045373478867,0.21932045373478867,-0.1869435793790111
2026-07-02 13:30:00+03:00,0.21661766567351917,0.21661766567351917,-0.2530669797178899
2026-07-02 13:35:00+03:00,0.2166138199077853,0.2166138199077853,-0.2376765716627761
2026-07-02 13:40:00+03:00,0.21292005302525757,0.21292005302525757,-0.26958643917099995
2026-07-02 13:45:00+03:00,0.21538488870043054,0.21538488870043054,-0.22725592594900523
2026-07-02 13:50:00+03:00,0.2093516764701172,0.2093516764701172,-0.2941887481429847
2026-07-02 13:55:00+03:00,0.20455849288499617,0.20455849288499617,-0.3012274966683738
2026-07-02 14:00:00+03:00,0.20679770092317007,0.20679770092317007,-0.2528826231401635
2026-07-02 14:05:00+03:00,0.20293379524667507,0.20293379524667507,-0.30051301429117505
2026-07-02 14:10:00+03:00,0.19949688307974725,0.19949688307974725,-0.30844067932372826
2026-07-02 14:15:00+03:00,0.1965588180138249,0.1965588180138249,-0.31444956861861556
2026-07-02 14:20:00+03:00,0.19440735878662396,0.19440735878662396,-0.31624929926594986
2026-07-02 14:25:00+03:00,0.19314617151108843,0.19314617151108843,-0.31463266897195685
2026-07-02 14:30:00+03:00,0.19377224921280317,0.19377224921280317,-0.30106771809302746
2026-07-02 14:35:00+03:00,0.19479353918951114,0.19479353918951114,-0.295550543756311
2026-07-02 14:40:00+03:00,0.21726525799324717,0.21726525799324717,-0.1172413764146072
2026-07-02 14:45:00+03:00,0.23264674313933684,0.23264674313933684,-0.1142673199143595
2026-07-02 14:50:00+03:00,0.24249978093710803,0.24249978093710803,-0.11724841712290231
2026-07-02 14:55:00+03:00,0.24995996985517446,0.24995996985517446,-0.11063745449064884
2026-07-02 15:00:00+03:00,0.2539314307004408,0.2539314307004408,-0.11807086452231734
2026-07-02 15:05:00+03:00,0.25719764764383635,0.25719764764383635,-0.11347547228959905
2026-07-02 15:10:00+03:00,0.2588836625578353,0.2588836625578353,-0.11712483451419305
2026-07-02 15:15:00+03:00,0.25972917755676744,0.25972917755676744,-0.11919866951870209
2026-07-02 15:20:00+03:00,0.25409415245911043,0.25409415245911043,-0.16653046252287196
2026-07-02 15:25:00+03:00,0.2494397053016402,0.2494397053016402,-0.1735848842179568
2026-07-02 15:30:00+03:00,0.24889042758803506,0.24889042758803506,-0.15365652881934216
2026-07-02 15:35:00+03:00,0.2503754694392325,0.2503754694392325,-0.13946739962035015
2026-07-02 15:40:00+03:00,0.25000358078986595,0.25000358078986595,-0.14988566562645142
2026-07-02 15:45:00+03:00,0.2505058355207365,0.2505058355207365,-0.14413309063718682
2026-07-02 15:50:00+03:00,0.2511311261718242,0.2511311261718242,-0.14191500452113567
2026-07-02 15:55:00+03:00,0.25166367902459624,0.25166367902459624,-0.1410329196584971
2026-07-02 16:00:00+03:00,0.2517813873137774,0.2517813873137774,-0.14284326133231373
2026-07-02 16:05:00+03:00,0.2548049286965464,0.2548049286965464,-0.12061148893901066
2026-07-02 16:10:00+03:00,0.2588416163794702,0.2588416163794702,-0.10563666478140535
2026-07-02 16:15:00+03:00,0.2651530835321659,0.2651530835321659,-0.07934069645698921
2026-07-02 16:20:00+03:00,0.27294096796667106,0.27294096796667106,-0.05395137160778062
2026-07-02 16:25:00+03:00,0.2828486688752228,0.2828486688752228,-0.021349585814409277
2026-07-02 16:30:00+03:00,0.284246096760993,0.284246096760993,-0.057405746974803974
2026-07-02 16:35:00+03:00,0.2943113595903307,0.2943113595903307,0.0051375756945271685
2026-07-02 16:40:00+03:00,0.29398222854424627,0.29398222854424627,-0.04277108630045568
2026-07-02 16:45:00+03:00,0.29167575965987713,0.29167575965987713,-0.05735448003802311
2026-07-02 16:50:00+03:00,0.2937240821274991,0.2937240821274991,-0.03240951638592345
2026-07-02 16:55:00+03:00,0.306538319251336,0.306538319251336,0.044013469616619484
2026-07-02 17:00:00+03:00,0.32029545231198375,0.32029545231198375,0.0774621914226696
2026-07-02 17:05:00+03:00,0.34966148934392544,0.34966148934392544,0.2012728608561421
2026-07-02 17:10:00+03:00,0.35129241061138006,0.35129241061138006,0.09166344075005774
2026-07-02 17:15:00+03:00,0.3478286882269907,0.3478286882269907,0.06278180993397295
2026-07-02 17:20:00+03:00,0.3535738273049218,0.3535738273049218,0.11355405078200513
2026-07-02 17:25:00+03:00,0.35688522384724974,0.35688522384724974,0.11033038384486557
2026-07-02 17:30:00+03:00,0.355095492074082,0.355095492074082,0.08528164473396754
2026-07-02 17:35:00+03:00,0.3558439054421682,0.3558439054421682,0.09749480122122035
2026-07-02 17:40:00+03:00,0.36031861698034595,0.36031861698034595,0.12223419406281955
2026-07-02 17:45:00+03:00,0.36010223993319856,0.36010223993319856,0.10235278212286684
2026-07-02 17:50:00+03:00,0.3597712875585241,0.3597712875585241,0.1011856279188257
2026-07-02 17:55:00+03:00,0.35948362886965995,0.35948362886965995,0.10076643629304179
2026-07-03 09:55:00+03:00,0.3263336749392523,0.3263336749392523,-0.12264955726699858
2026-07-03 10:00:00+03:00,0.31835338190316526,0.31835338190316526,-0.021966374671367247
2026-07-03 10:05:00+03:00,0.308070407950409,0.308070407950409,-0.0563196746532199
2026-07-03 10:10:00+03:00,0.30445808282886666,0.30445808282886666,-0.03375760856547397
2026-07-03 10:15:00+03:00,0.3457903276850658,0.3457903276850658,0.24082964955182226
2026-07-03 10:20:00+03:00,0.36047296647853067,0.36047296647853067,0.16414848734807447
2026-07-03 10:25:00+03:00,0.3641132905337318,0.3641132905337318,0.1266080122365016
2026-07-03 10:30:00+03:00,0.38264677929571406,0.38264677929571406,0.22365906561792198
2026-07-03 10:35:00+03:00,0.4336028156309021,0.4336028156309021,0.4473438257047109
2026-07-03 10:40:00+03:00,0.4571596480300488,0.4571596480300488,0.3872758320301003
2026-07-03 10:45:00+03:00,0.40772272981603924,0.40772272981603924,-0.007370764294989684
2026-07-03 10:50:00+03:00,0.3739190945346971,0.3739190945346971,-0.013085891217075426
2026-07-03 10:55:00+03:00,0.3447701714112578,0.3447701714112578,-0.05873956413462035
2026-07-03 11:00:00+03:00,0.32619083547339994,0.32619083547339994,-0.052747387957571
2026-07-03 11:05:00+03:00,0.31644133501130967,0.31644133501130967,-0.034426373780241555
2026-07-03 11:10:00+03:00,0.317468197890912,0.317468197890912,0.01639468678035017
2026-07-03 11:15:00+03:00,0.3257521103512472,0.3257521103512472,0.06580798481630652
2026-07-03 11:20:00+03:00,0.3298742015798873,0.3298742015798873,0.056828012649013986
2026-07-03 11:25:00+03:00,0.33316254520958155,0.33316254520958155,0.06029862383865529
2026-07-03 11:30:00+03:00,0.3403797542719892,0.3403797542719892,0.09220824936391302
2026-07-03 11:35:00+03:00,0.3406299677522343,0.3406299677522343,0.06327101662623258
2026-07-03 11:40:00+03:00,0.33165563551763017,0.33165563551763017,0.0035009594049994976
2026-07-03 11:45:00+03:00,0.3247314127900175,0.3247314127900175,-0.002807451193662516
2026-07-03 11:50:00+03:00,0.3199413517768811,0.3199413517768811,-0.00397636407792674
2026-07-03 11:55:00+03:00,0.3201027179608376,0.3201027179608376,0.018386831419007564
2026-07-03 12:00:00+03:00,0.32046365049889386,0.32046365049889386,0.020060366139077062
2026-07-03 12:05:00+03:00,0.3201158532718157,0.3201158532718157,0.016170343915704048
2026-07-03 12:10:00+03:00,0.31915321522574003,0.31915321522574003,0.011323295405626321
2026-07-03 12:15:00+03:00,0.31966450094424054,0.31966450094424054,0.01896311501100893
2026-07-03 12:20:00+03:00,0.3191011240872631,0.3191011240872631,0.01297559674290885
2026-07-03 12:25:00+03:00,0.32663119389906864,0.32663119389906864,0.0644678765249164
2026-07-03 12:30:00+03:00,0.33144644180198657,0.33144644180198657,0.06315690717675006
2026-07-03 12:35:00+03:00,0.3281081764916747,0.3281081764916747,0.02060185566540829
2026-07-03 12:40:00+03:00,0.33254224685781686,0.33254224685781686,0.06386854820198827
2026-07-03 12:45:00+03:00,0.32965965663707975,0.32965965663707975,0.02600817528693454
2026-07-03 12:50:00+03:00,0.341189229195467,0.341189229195467,0.111864876667831
2026-07-03 12:55:00+03:00,0.3496857062039588,0.3496857062039588,0.11689267216547415
2026-07-03 13:00:00+03:00,0.354886801558296,0.354886801558296,0.11401945230305903
2026-07-03 13:05:00+03:00,0.3583541984611875,0.3583541984611875,0.11401945230305903
2026-07-03 13:10:00+03:00,0.36052854997067696,0.36052854997067696,0.11316726833916899
2026-07-03 13:15:00+03:00,0.37482965621167086,0.37482965621167086,0.19140163665141016
2026-07-03 13:20:00+03:00,0.37315536278867084,0.37315536278867084,0.12334356781258973
2026-07-03 13:25:00+03:00,0.37479487261389927,0.37479487261389927,0.14028574031922766
2026-07-03 13:30:00+03:00,0.37061742481967846,0.37061742481967846,0.1077459082803328
2026-07-03 13:35:00+03:00,0.3624462397524293,0.3624462397524293,0.07385022639676744
2026-07-03 13:40:00+03:00,0.3619732106425871,0.3619732106425871,0.105178619226649
2026-07-03 13:45:00+03:00,0.3573721814435425,0.3573721814435425,0.07822425121432605
2026-07-03 13:50:00+03:00,0.353765450083235,0.353765450083235,0.07479987819491982
2026-07-03 13:55:00+03:00,0.3522836546875107,0.3522836546875107,0.08065330055317851
2026-07-03 14:00:00+03:00,0.3503870668359815,0.3503870668359815,0.07488865121360025
2026-07-03 14:05:00+03:00,0.35352042407670553,0.35352042407670553,0.10259784792238665
2026-07-03 14:10:00+03:00,0.36385550747796414,0.36385550747796414,0.1534065435826464
2026-07-03 14:15:00+03:00,0.3478548569976519,0.3478548569976519,0.008275500632944919
2026-07-03 14:20:00+03:00,0.32882540505885566,0.32882540505885566,-0.04870547334425729
2026-07-03 14:25:00+03:00,0.31602412327743246,0.31602412327743246,-0.0495082293623558
2026-07-03 14:30:00+03:00,0.31036556002380505,0.31036556002380505,-0.029596337586997364
2026-07-03 14:35:00+03:00,0.3038038843812726,0.3038038843812726,-0.04890548770746189
2026-07-03 14:40:00+03:00,0.3028329774299976,0.3028329774299976,-0.02538627953315552
2026-07-03 14:45:00+03:00,0.29840167242782384,0.29840167242782384,-0.05156456681168289
2026-07-03 14:50:00+03:00,0.2934112893434504,0.2934112893434504,-0.06590177907639609
2026-07-03 14:55:00+03:00,0.2859615070129093,0.2859615070129093,-0.09551860529366624
2026-07-03 15:00:00+03:00,0.28529362482192117,0.28529362482192117,-0.06465680790882142
2026-07-03 15:05:00+03:00,0.2889113570632707,0.2889113570632707,-0.036255907050076086
2026-07-03 15:10:00+03:00,0.2899029239396661,0.2899029239396661,-0.04610387595916174
2026-07-03 15:15:00+03:00,0.5120906535846783,0.5120906535846783,1.86137730934929
2026-07-03 15:20:00+03:00,0.6602158066813532,0.6602158066813532,1.86137730934929
2026-07-03 15:25:00+03:00,0.7539274592199083,0.7539274592199083,1.7107512558482247
2026-07-03 15:30:00+03:00,0.8208020826251994,0.8208020826251994,1.8397653649375836
2026-07-03 15:35:00+03:00,0.8639480010742985,0.8639480010742985,1.7941127568269202
2026-07-03 15:40:00+03:00,0.8907983140482545,0.8907983140482545,1.7388222873248995
2026-07-03 15:45:00+03:00,0.9105141648734619,0.9105141648734619,1.7911383717212233
2026-07-03 15:50:00+03:00,0.9252277288916464,0.9252277288916464,1.8409114752677185
2026-07-03 15:55:00+03:00,0.9350132557987427,0.9350132557987427,1.840130204801561
2026-07-03 16:00:00+03:00,0.9413557875771378,0.9413557875771378,1.8341501711191197
2026-07-03 16:05:00+03:00,0.9269267115281812,0.9269267115281812,1.4229963631870324
2026-07-03 16:10:00+03:00,0.9361454771522713,0.9361454771522713,1.8401158054897353
2026-07-03 16:15:00+03:00,0.9430115881756457,0.9430115881756457,1.8645866816208452
2026-07-03 16:20:00+03:00,0.9467857514844564,0.9467857514844564,1.8373683260144458
2026-07-03 16:25:00+03:00,0.9500254793196689,0.9500254793196689,1.8618248028337296
2026-07-03 16:30:00+03:00,0.9510079712967177,0.9510079712967177,1.8225929224463557
2026-07-03 16:35:00+03:00,0.9516994039331284,0.9516994039331284,1.8237644360246563
2026-07-03 16:40:00+03:00,0.9532067791621597,0.9532067791621597,1.85856678285517
2026-07-03 16:45:00+03:00,0.9541610636125644,0.9541610636125644,1.8568288532277688
2026-07-03 16:50:00+03:00,0.9544591489778278,0.9544591489778278,1.8453684303403537
2026-07-03 16:55:00+03:00,0.95466344725255,0.95466344725255,1.8455553833371956
2026-07-03 17:00:00+03:00,0.9541556143620032,0.9541556143620032,1.8243836300500453
2026-07-03 17:05:00+03:00,0.9369225130827578,0.9369225130827578,1.4464438825593757
2026-07-03 17:10:00+03:00,0.9423818994850529,0.9423818994850529,1.8261128465972387
2026-07-03 17:15:00+03:00,0.9458871916629158,0.9458871916629158,1.8217887309198195
2026-07-03 17:20:00+03:00,0.9479521165366519,0.9479521165366519,1.8131396068396972
2026-07-03 17:25:00+03:00,0.9323166635434771,0.9323166635434771,1.438805504492762
2026-07-03 17:30:00+03:00,0.9372325686170441,0.9372325686170441,1.7628283460840535
2026-07-03 17:35:00+03:00,0.922477084356778,0.922477084356778,1.3968291740290943
2026-07-03 17:40:00+03:00,0.9123623637445875,0.9123623637445875,1.3926611837980516
2026-07-03 17:45:00+03:00,0.9051343938903753,0.9051343938903753,1.3854526449282196
2026-07-03 17:50:00+03:00,0.8999965873094733,0.8999965873094733,1.3807530447354042
2026-07-03 17:55:00+03:00,0.6825662538470297,0.6825662538470297,-0.15387864581735497
2026-07-06 09:55:00+03:00,0.5418182470464762,0.5418182470464762,-0.12193057685385318
2026-07-06 10:00:00+03:00,0.44582396604864577,0.44582396604864577,-0.13822582289120114
2026-07-06 10:05:00+03:00,0.35290070516435146,0.35290070516435146,-0.39172375187276925
2026-07-06 10:10:00+03:00,0.4319979340692094,0.4319979340692094,0.5540709181108632
2026-07-06 10:15:00+03:00,0.5008714708178338,0.5008714708178338,0.6522348127102294
2026-07-06 10:20:00+03:00,0.5516612463809274,0.5516612463809274,0.6829112999986732
2026-07-06 10:25:00+03:00,0.5678633310495308,0.5678633310495308,0.5741338215387175
2026-07-06 10:30:00+03:00,0.5786264058274052,0.5786264058274052,0.5739040085293232
2026-07-06 10:35:00+03:00,0.5855424901168917,0.5855424901168917,0.5723493142672377
2026-07-06 10:40:00+03:00,0.5870319221805275,0.5870319221805275,0.5537107163703411
2026-07-06 10:45:00+03:00,0.5874980592990368,0.5874980592990368,0.5505780437813238
2026-07-06 10:50:00+03:00,0.5350951018275151,0.5350951018275151,0.24442151624013503
2026-07-06 10:55:00+03:00,0.49918868573604025,0.49918868573604025,0.2387151452421095
2026-07-06 11:00:00+03:00,0.47593854969171917,0.47593854969171917,0.2427558286283193
2026-07-06 11:05:00+03:00,0.4621565186937018,0.4621565186937018,0.252833207586654
2026-07-06 11:10:00+03:00,0.46746978332592987,0.46746978332592987,0.33701450905564206
2026-07-06 11:15:00+03:00,0.47120261940963315,0.47120261940963315,0.3381142043134296
2026-07-06 11:20:00+03:00,0.47325849636941875,0.47325849636941875,0.3356184114924914
2026-07-06 11:25:00+03:00,0.47367758214767886,0.47367758214767886,0.3301278481815776
2026-07-06 11:30:00+03:00,0.46381156955221586,0.46381156955221586,0.27131172480117766
2026-07-06 11:35:00+03:00,0.44916073075246576,0.44916073075246576,0.22394525798112697
2026-07-06 11:40:00+03:00,0.445291404099102,0.445291404099102,0.2586084988349
2026-07-06 11:45:00+03:00,0.4419818468766944,0.4419818468766944,0.2543368113567593
2026-07-06 11:50:00+03:00,0.45990656848972705,0.45990656848972705,0.3709305601803741
2026-07-06 11:55:00+03:00,0.48238308004059927,0.48238308004059927,0.4315859638389419
2026-07-06 12:00:00+03:00,0.4341560607622505,0.4341560607622505,0.05593517518772587
2026-07-06 12:05:00+03:00,0.41019473764168646,0.41019473764168646,0.10776576503439525
2026-07-06 12:10:00+03:00,0.4850357879695482,0.4850357879695482,0.6441448995683516
2026-07-06 12:15:00+03:00,0.583004777588568,0.583004777588568,0.983334294134466
2026-07-06 12:20:00+03:00,0.626198840544463,0.626198840544463,0.8146839325255341
2026-07-06 12:25:00+03:00,0.5762202418065553,0.5762202418065553,0.33348908175060027
2026-07-06 12:30:00+03:00,0.5249963498790041,0.5249963498790041,0.22923794860468852
2026-07-06 12:35:00+03:00,0.48763519302125685,0.48763519302125685,0.21023165714791067
2026-07-06 12:40:00+03:00,0.46410876879093294,0.46410876879093294,0.21841899160830186
2026-07-06 12:45:00+03:00,0.44260521678880965,0.44260521678880965,0.1837475805501366
2026-07-06 12:50:00+03:00,0.4066386328401923,0.4066386328401923,0.04949337800841063
2026-07-06 12:55:00+03:00,0.3862496923536798,0.3862496923536798,0.0725097829059548
2026-07-06 13:00:00+03:00,0.3651677228295005,0.3651677228295005,0.02405544991807192
2026-07-06 13:05:00+03:00,0.3570763222531912,0.3570763222531912,0.0627653209892903
2026-07-06 13:10:00+03:00,0.35311153182561555,0.35311153182561555,0.07189467164289574
2026-07-06 13:15:00+03:00,0.35100159442918577,0.35100159442918577,0.07528650347280523
2026-07-06 13:20:00+03:00,0.3516645975958495,0.3516645975958495,0.08838210968334632
2026-07-06 13:25:00+03:00,0.33539369001362385,0.33539369001362385,-0.020922764873712522
2026-07-06 13:30:00+03:00,0.32401467601629563,0.32401467601629563,-0.024553012350103067
2026-07-06 13:35:00+03:00,0.31521667560100486,0.31521667560100486,-0.032868549797600545
2026-07-06 13:40:00+03:00,0.3123447823852659,0.3123447823852659,-0.012433161452950616
2026-07-06 13:45:00+03:00,0.3095754992956067,0.3095754992956067,-0.018232934736610383
2026-07-06 13:50:00+03:00,0.3087565356059,0.3087565356059,-0.011265644463823892
2026-07-06 13:55:00+03:00,0.30971328669196446,0.30971328669196446,-0.001142836014808039
2026-07-06 14:00:00+03:00,0.31208236718847154,0.31208236718847154,0.01042057212666433
2026-07-06 14:05:00+03:00,0.31786081195740584,0.31786081195740584,0.03805555169232734
2026-07-06 14:10:00+03:00,0.3222378524541272,0.3222378524541272,0.04147033829113064
2026-07-06 14:15:00+03:00,0.328311340148909,0.328311340148909,0.06183576883727656
2026-07-06 14:20:00+03:00,0.3240520773118871,0.3240520773118871,0.007564844866329796
2026-07-06 14:25:00+03:00,0.3189620357422895,0.3189620357422895,-0.007521223039641695
2026-07-06 14:30:00+03:00,0.3149220699847123,0.3149220699847123,-0.011889108148100801
2026-07-06 14:35:00+03:00,0.30815092364122126,0.30815092364122126,-0.03980156172402113
2026-07-06 14:40:00+03:00,0.3074499448948926,0.3074499448948926,-0.013681733208623549
2026-07-06 14:45:00+03:00,0.3028038552257877,0.3028038552257877,-0.0423367195234519
2026-07-06 14:50:00+03:00,0.3008377258973315,0.3008377258973315,-0.03451109811251315
2026-07-06 14:55:00+03:00,0.33198097438821117,0.33198097438821117,0.1730638853905618
2026-07-06 15:00:00+03:00,0.4012861832349507,0.4012861832349507,0.455800570606427
2026-07-06 15:05:00+03:00,0.3844884992662327,0.3844884992662327,0.08397014511040826
2026-07-06 15:10:00+03:00,0.3682870296938056,0.3682870296938056,0.05203049199972768
2026-07-06 15:15:00+03:00,0.3541927426292691,0.3541927426292691,0.030622284854608037
2026-07-06 15:20:00+03:00,0.3374946543550564,0.3374946543550564,-0.018093403013379143
2026-07-06 15:25:00+03:00,0.3282628686114657,0.3282628686114657,-0.00523654034836492
2026-07-06 15:30:00+03:00,0.3209891653677111,0.3209891653677111,-0.01279255477371489
2026-07-06 15:35:00+03:00,0.39810741502681374,0.39810741502681374,0.47989349910502294
2026-07-06 15:40:00+03:00,0.45938511367570145,0.45938511367570145,0.5377514306093898
2026-07-06 15:45:00+03:00,0.4988454982586356,0.4988454982586356,0.5295312524058997
2026-07-06 15:50:00+03:00,0.5120913435276532,0.5120913435276532,0.45326418546782155
2026-07-06 15:55:00+03:00,0.5238109493929929,0.5238109493929929,0.4700204623067017
2026-07-06 16:00:00+03:00,0.528164548127921,0.528164548127921,0.44996138001931196
2026-07-06 16:05:00+03:00,0.5023633144169998,0.5023633144169998,0.28427685946830256
2026-07-06 16:10:00+03:00,0.4728501700181995,0.4728501700181995,0.21203399565234293
2026-07-06 16:15:00+03:00,0.4600004734291851,0.4600004734291851,0.25226427075556224
2026-07-06 16:20:00+03:00,0.44330394375135773,0.44330394375135773,0.20428404273728226
2026-07-06 16:25:00+03:00,0.43544862758088415,0.43544862758088415,0.22370681030106274
2026-07-06 16:30:00+03:00,0.4219932118361366,0.4219932118361366,0.17470032760459384
2026-07-06 16:35:00+03:00,0.40496789175411846,0.40496789175411846,0.12562817521920341
2026-07-06 16:40:00+03:00,0.3998602742171571,0.3998602742171571,0.1637587721883989
2026-07-06 16:45:00+03:00,0.4003450993006334,0.4003450993006334,0.1871778049978967
2026-07-06 16:50:00+03:00,0.299494220586393,0.299494220586393,-0.6869394985718814
2026-07-06 16:55:00+03:00,0.28374698902677453,0.28374698902677453,-0.14224352016482886
2026-07-06 17:00:00+03:00,0.2704416284846759,0.2704416284846759,-0.16390705107395803
2026-07-06 17:05:00+03:00,0.2620988402418852,0.2620988402418852,-0.159798722367323
2026-07-06 17:10:00+03:00,0.25370911096031107,0.25370911096031107,-0.18204031743038565
2026-07-06 17:15:00+03:00,0.24862142003728438,0.24862142003728438,-0.17802526982479144
2026-07-06 17:20:00+03:00,0.24496651864239666,0.24496651864239666,-0.180113017327182
2026-07-06 17:25:00+03:00,0.2405953424992196,0.2405953424992196,-0.19561291320678723
2026-07-06 17:30:00+03:00,0.23828629290795322,0.23828629290795322,-0.1907364342155781
2026-07-06 17:35:00+03:00,0.23623072723901603,0.23623072723901603,-0.19489502336912057
2026-07-06 17:40:00+03:00,0.23457493948984254,0.23457493948984254,-0.197202651046042
2026-07-06 17:45:00+03:00,0.23328224816258653,0.23328224816258653,-0.19873270383134867
2026-07-06 17:50:00+03:00,0.2335950943568412,0.2335950943568412,-0.18925714822259634
2026-07-06 17:55:00+03:00,0.24514782500167415,0.24514782500167415,-0.10236058892924807
2026-07-07 09:55:00+03:00,0.2820389063906494,0.2820389063906494,0.09431708278029195
2026-07-07 10:00:00+03:00,0.294272869368224,0.294272869368224,0.014670003358113097
2026-07-07 10:05:00+03:00,0.29914311565952706,0.29914311565952706,-0.007292744924719319
2026-07-07 10:10:00+03:00,0.31960843123867305,0.31960843123867305,0.10416324719283433
2026-07-07 10:15:00+03:00,0.3335375292926599,0.3335375292926599,0.10594496461277525
2026-07-07 10:20:00+03:00,0.38014334484147194,0.38014334484147194,0.3278942208908312
2026-07-07 10:25:00+03:00,0.4049950786369171,0.4049950786369171,0.29190157552409357
2026-07-07 10:30:00+03:00,0.3930641945842867,0.3930641945842867,0.122099035734835
2026-07-07 10:35:00+03:00,0.4111955366835159,0.4111955366835159,0.27787268441070295
2026-07-07 10:40:00+03:00,0.47406200034736384,0.47406200034736384,0.5731891335593337
2026-07-07 10:45:00+03:00,0.48162284741295786,0.48162284741295786,0.37282767663279254
2026-07-07 10:50:00+03:00,0.5209471468948214,0.5209471468948214,0.5727910740277573
2026-07-07 10:55:00+03:00,0.5410927064488602,0.5410927064488602,0.5366538622230799
2026-07-07 11:00:00+03:00,0.5330767154496722,0.5330767154496722,0.41179693124773076
2026-07-07 11:05:00+03:00,0.5057258271486589,0.5057258271486589,0.2847868722147795
2026-07-07 11:10:00+03:00,0.48719936603791103,0.48719936603791103,0.2830861145766071
2026-07-07 11:15:00+03:00,0.46970581504971615,0.46970581504971615,0.25307970626963106
2026-07-07 11:20:00+03:00,0.4419647932889959,0.4419647932889959,0.15737005311534813
2026-07-07 11:25:00+03:00,0.4712366469278273,0.4712366469278273,0.4362918936629074
2026-07-07 11:30:00+03:00,0.48058545944871095,0.48058545944871095,0.3776992802633211
2026-07-07 11:35:00+03:00,0.412918366566949,0.412918366566949,-0.07979955390067603
2026-07-07 11:40:00+03:00,0.37155555563984294,0.37155555563984294,-0.05321962376566172
2026-07-07 11:45:00+03:00,0.3626465386733815,0.3626465386733815,0.07114429462284874
2026-07-07 11:50:00+03:00,0.3576689916005504,0.3576689916005504,0.07725952017293461
2026-07-07 11:55:00+03:00,0.3554055029816262,0.3554055029816262,0.08393938048078772
2026-07-07 12:00:00+03:00,0.3645178704430183,0.3645178704430183,0.1497888435329263
2026-07-07 12:05:00+03:00,0.37038755812540536,0.37038755812540536,0.14853821355909527
2026-07-07 12:10:00+03:00,0.37737316752797845,0.37737316752797845,0.16718415932894032
2026-07-07 12:15:00+03:00,0.35397350201698463,0.35397350201698463,-0.011140383245385369
2026-07-07 12:20:00+03:00,0.33591084027976953,0.33591084027976953,-0.02791055969187548
2026-07-07 12:25:00+03:00,0.31749767452431427,0.31749767452431427,-0.07243881953505758
2026-07-07 12:30:00+03:00,0.3102313111104412,0.3102313111104412,-0.03728802432672783
2026-07-07 12:35:00+03:00,0.31167501501548656,0.31167501501548656,0.005405808810008534
2026-07-07 12:40:00+03:00,0.3068943458403748,0.3068943458403748,-0.03352893348870166
2026-07-07 12:45:00+03:00,0.30162073800622075,0.30162073800622075,-0.047991438900732694
2026-07-07 12:50:00+03:00,0.2981049994501181,0.2981049994501181,-0.047991438900732694
2026-07-07 12:55:00+03:00,0.29328628925750844,0.29328628925750844,-0.06538612517773629
2026-07-07 13:00:00+03:00,0.2826790381207251,0.2826790381207251,-0.11908853073044055
2026-07-07 13:05:00+03:00,0.27478694262765,0.27478694262765,-0.12522352434914605
2026-07-07 13:10:00+03:00,0.25866212560753904,0.25866212560753904,-0.21039064402577273
2026-07-07 13:15:00+03:00,0.24047238719221753,0.24047238719221753,-0.27382715606305236
2026-07-07 13:20:00+03:00,0.22736749333383116,0.22736749333383116,-0.28254297246750454
2026-07-07 13:25:00+03:00,0.2180881839870036,0.2180881839870036,-0.28741864443039794
2026-07-07 13:30:00+03:00,0.2135123679447283,0.2135123679447283,-0.27303653287509944
2026-07-07 13:35:00+03:00,0.21013332020005912,0.21013332020005912,-0.27594958172798895
2026-07-07 13:40:00+03:00,0.208036405502662,0.208036405502662,-0.2745668427782255
2026-07-07 13:45:00+03:00,0.20635257819076613,0.20635257819076613,-0.27710616867010357
2026-07-07 13:50:00+03:00,0.1511442694066773,0.1511442694066773,-1.1365999467297998
2026-07-07 13:55:00+03:00,0.11287808944398342,0.11287808944398342,-1.1933972563716126
2026-07-07 14:00:00+03:00,0.08882077564343702,0.08882077564343702,-1.1368640740341112
2026-07-07 14:05:00+03:00,0.07374142230767242,0.07374142230767242,-1.102664901252481
2026-07-07 14:10:00+03:00,0.06145749039225274,0.06145749039225274,-1.1860002742539066
2026-07-07 14:15:00+03:00,0.05397271459296347,0.05397271459296347,-1.1582180087639309
2026-07-07 14:20:00+03:00,0.04820272097018168,0.04820272097018168,-1.189073170755972
2026-07-07 14:25:00+03:00,0.04390687006840629,0.04390687006840629,-1.2077097950327387
2026-07-07 14:30:00+03:00,0.0407773219940747,0.0407773219940747,-1.2190564235674812
2026-07-07 14:35:00+03:00,0.040328232553763506,0.040328232553763506,-1.1527824408342846
2026-07-07 14:40:00+03:00,0.0720813279504165,0.0720813279504165,-0.5096391042437344
2026-07-07 14:45:00+03:00,0.0961685301818877,0.0961685301818877,-0.47473450582030663
2026-07-07 14:50:00+03:00,0.07387879162599807,0.07387879162599807,-1.300285828484826
2026-07-07 14:55:00+03:00,0.058907964886568395,0.058907964886568395,-1.3059342914444212
2026-07-07 15:00:00+03:00,0.04884403929505568,0.04884403929505568,-1.310218515110325
2026-07-07 15:05:00+03:00,0.04245347515657457,0.04245347515657457,-1.294031847720053
2026-07-07 15:10:00+03:00,0.03788944519222827,0.03788944519222827,-1.3094416845003436
2026-07-07 15:15:00+03:00,0.03640655366559492,0.03640655366559492,-1.2348053422506595
2026-07-07 15:20:00+03:00,0.03402743447474579,0.03402743447474579,-1.3007941349505407
2026-07-07 15:25:00+03:00,0.03354214618690001,0.03354214618690001,-1.2478714220841018
2026-07-07 15:30:00+03:00,0.033617134277011074,0.033617134277011074,-1.2299842249692685
2026-07-07 15:35:00+03:00,0.032656166056718165,0.032656166056718165,-1.2766376392918954
2026-07-07 15:40:00+03:00,0.03297036241824131,0.03297036241824131,-1.232465745152336
2026-07-07 15:45:00+03:00,0.03234385399476987,0.03234385399476987,-1.2709265722694196
2026-07-07 15:50:00+03:00,0.03257385308693861,0.03257385308693861,-1.2408809184073435
2026-07-07 15:55:00+03:00,0.03255209092299078,0.03255209092299078,-1.2488315512887302
2026-07-07 16:00:00+03:00,0.03253103596604482,0.03253103596604482,-1.2491312293915597
2026-07-07 16:05:00+03:00,0.0328409894280449,0.0328409894280449,-1.234506707307286
2026-07-07 16:10:00+03:00,0.032948818379899734,0.032948818379899734,-1.238922761067721
2026-07-07 16:15:00+03:00,0.03163585075033936,0.03163585075033936,-1.3051910970991885
2026-07-07 16:20:00+03:00,0.0321023727460649,0.0321023727460649,-1.2408574067664109
2026-07-07 16:25:00+03:00,0.03175317767183139,0.03175317767183139,-1.2715010176492032
2026-07-07 16:30:00+03:00,0.03157996170217584,0.03157996170217584,-1.2686590950995997
2026-07-07 16:35:00+03:00,0.0352852197227931,0.0352852197227931,-1.1129741486619458
2026-07-07 16:40:00+03:00,0.03674649852653669,0.03674649852653669,-1.1497638327365554
2026-07-07 16:45:00+03:00,0.036084997778366754,0.036084997778366754,-1.215559115474279
2026-07-07 16:50:00+03:00,0.03745230616837882,0.03745230616837882,-1.143282529685799
2026-07-07 16:55:00+03:00,0.04091684912406645,0.04091684912406645,-1.0557482176448765
2026-07-07 17:00:00+03:00,0.03978292116291316,0.03978292116291316,-1.1776228812765421
2026-07-07 17:05:00+03:00,0.04677552759624164,0.04677552759624164,-0.9345552004632541
2026-07-07 17:10:00+03:00,0.04558255949500283,0.04558255949500283,-1.1071275445593218
2026-07-07 17:15:00+03:00,0.044686963655948084,0.044686963655948084,-1.110631410574761
2026-07-07 17:20:00+03:00,0.04218429330666421,0.04218429330666421,-1.1821080803147588
2026-07-07 17:25:00+03:00,0.04012864556314935,0.04012864556314935,-1.1979149440343104
2026-07-07 17:30:00+03:00,0.03890443726167776,0.03890443726167776,-1.19188873183623
2026-07-07 17:35:00+03:00,0.038709300694991046,0.038709300694991046,-1.1670492543263193
2026-07-07 17:40:00+03:00,0.04695502134152741,0.04695502134152741,-0.9124307447429336
2026-07-07 17:45:00+03:00,0.04514918728097843,0.04514918728097843,-1.1267484455517214
2026-07-07 17:50:00+03:00,0.048279511462878046,0.048279511462878046,-0.9895388451900154
2026-07-07 17:55:00+03:00,0.05521271432549176,0.05521271432549176,-0.8687305809446176
2026-07-08 09:55:00+03:00,0.051253640953874975,0.051253640953874975,-1.1055180378201428
2026-07-08 10:00:00+03:00,0.04131955515139433,0.04131955515139433,-1.4537246155612924
2026-07-08 10:05:00+03:00,0.033963440785504506,0.033963440785504506,-1.5067188504325288
2026-07-08 10:10:00+03:00,0.030302674357997956,0.030302674357997956,-1.4199261925123494
2026-07-08 10:15:00+03:00,0.028250610749912,0.028250610749912,-1.395622621403577
2026-07-08 10:20:00+03:00,0.026921527471270256,0.026921527471270256,-1.3932485781330313
2026-07-08 10:25:00+03:00,0.0253184066958321,0.0253184066958321,-1.4388453610163823
2026-07-08 10:30:00+03:00,0.030681630858344407,0.030681630858344407,-1.128310587972365
2026-07-08 10:35:00+03:00,0.03450085475466093,0.03450085475466093,-1.1195464460781257
2026-07-08 10:40:00+03:00,0.03864074653637201,0.03864074653637201,-1.0655842898854393
2026-07-08 10:45:00+03:00,0.04380917440476892,0.04380917440476892,-0.993218292878418
2026-07-08 10:50:00+03:00,0.04631214304924823,0.04631214304924823,-1.0203853412859596
2026-07-08 10:55:00+03:00,0.05958428990558049,0.05958428990558049,-0.7540339640247304
2026-07-08 11:00:00+03:00,0.13165446656867738,0.13165446656867738,-0.08408900089792518
2026-07-08 11:05:00+03:00,0.17350580864492549,0.17350580864492549,-0.12971890587103496
2026-07-08 11:10:00+03:00,0.20764940693116934,0.20764940693116934,-0.08374849169785477
2026-07-08 11:15:00+03:00,0.3170755128860058,0.3170755128860058,0.4481401318859735
2026-07-08 11:20:00+03:00,0.39889363974401804,0.39889363974401804,0.4997027273756752
2026-07-08 11:25:00+03:00,0.37468744383606617,0.37468744383606617,0.03121361331131307
2026-07-08 11:30:00+03:00,0.3501365393910668,0.3501365393910668,-0.025058892874492738
2026-07-08 11:35:00+03:00,0.3459648422002551,0.3459648422002551,0.05576233092419449
2026-07-08 11:40:00+03:00,0.35227718362491395,0.35227718362491395,0.11321822278299905
2026-07-08 11:45:00+03:00,0.3542522485955472,0.3542522485955472,0.09929389384189218
2026-07-08 11:50:00+03:00,0.3616267918469295,0.3616267918469295,0.13681813332372583
2026-07-08 11:55:00+03:00,0.36631812528996077,0.36631812528996077,0.13543778425822567
2026-07-08 12:00:00+03:00,0.3751321827947891,0.3751321827947891,0.17003416598895194
2026-07-08 12:05:00+03:00,0.3857869752774361,0.3857869752774361,0.19869616252629177
2026-07-08 12:10:00+03:00,0.39756995028527703,0.39756995028527703,0.22645911229688206
2026-07-08 12:15:00+03:00,0.40005212595124645,0.40005212595124645,0.19455836299222945
2026-07-08 12:20:00+03:00,0.39512467095547527,0.39512467095547527,0.15491436745351458
2026-07-08 12:25:00+03:00,0.38323555857562147,0.38323555857562147,0.10191078930439289
2026-07-08 12:30:00+03:00,0.3703779202429726,0.3703779202429726,0.07079204081011081
2026-07-08 12:35:00+03:00,0.3616270222591381,0.3616270222591381,0.0696501281352717
2026-07-08 12:40:00+03:00,0.362290725430977,0.362290725430977,0.11055869670888352
2026-07-08 12:45:00+03:00,0.3582445052237569,0.3582445052237569,0.08240844766245421
2026-07-08 12:50:00+03:00,0.3174796710511632,0.3174796710511632,-0.18464363438064688
2026-07-08 12:55:00+03:00,0.3241692934315699,0.3241692934315699,0.05560591130253621
2026-07-08 13:00:00+03:00,0.31120797742714984,0.31120797742714984,-0.06152895597968608
2026-07-08 13:05:00+03:00,0.2957286781930355,0.2957286781930355,-0.11090917291531834
2026-07-08 13:10:00+03:00,0.23351437764101493,0.23351437764101493,-0.6284652947324834
2026-07-08 13:15:00+03:00,0.18990731469504807,0.18990731469504807,-0.6608671963657704
2026-07-08 13:20:00+03:00,0.16017174136656995,0.16017174136656995,-0.6713317427993719
2026-07-08 13:25:00+03:00,0.1393511814305828,0.1393511814305828,-0.6873877344949769
2026-07-08 13:30:00+03:00,0.1253650434246164,0.1253650434246164,-0.6891168580173072
2026-07-08 13:35:00+03:00,0.12787376671325718,0.12787376671325718,-0.5207698356922471
2026-07-08 13:40:00+03:00,0.12996824852613242,0.12996824852613242,-0.515520077014044
2026-07-08 13:45:00+03:00,0.12829252335511238,0.12829252335511238,-0.5547439004177219
2026-07-08 13:50:00+03:00,0.1286176268838455,0.1286176268838455,-0.5360329334451163
2026-07-08 13:55:00+03:00,0.1288060360105455,0.1288060360105455,-0.5363952442342712
2026-07-08 14:00:00+03:00,0.12593676343861276,0.12593676343861276,-0.5759037012172883
2026-07-08 14:05:00+03:00,0.12889357631385745,0.12889357631385745,-0.5128409939700593
2026-07-08 14:10:00+03:00,0.12932443801330373,0.12932443801330373,-0.5321305230991109
2026-07-08 14:15:00+03:00,0.12696432930135484,0.12696432930135484,-0.5666895839740759
2026-07-08 14:20:00+03:00,0.12787317985606825,0.12787317985606825,-0.5342322846059062
2026-07-08 14:25:00+03:00,0.126087540207659,0.126087540207659,-0.5654739325120258
2026-07-08 14:30:00+03:00,0.12385365861027452,0.12385365861027452,-0.5795997398465375
2026-07-08 14:35:00+03:00,0.12317190971552097,0.12317190971552097,-0.5686406534641995
2026-07-08 14:40:00+03:00,0.11971411475139491,0.11971411475139491,-0.6104050068771874
2026-07-08 14:45:00+03:00,0.11666485353343008,0.11666485353343008,-0.6211997249710944
2026-07-08 14:50:00+03:00,0.1133640948820772,0.1133640948820772,-0.6400424145929065
2026-07-08 14:55:00+03:00,0.11035112785629672,0.11035112785629672,-0.6524294889903475
2026-07-08 15:00:00+03:00,0.10831953009201635,0.10831953009201635,-0.6527831351922708
2026-07-08 15:05:00+03:00,0.11046206946034487,0.11046206946034487,-0.6011330085124186
2026-07-08 15:10:00+03:00,0.10933792433590803,0.10933792433590803,-0.6383992858000292
2026-07-08 15:15:00+03:00,0.18349932769922472,0.18349932769922472,0.04326788232924419
2026-07-08 15:20:00+03:00,0.23823743605938422,0.23823743605938422,0.07725900262631655
2026-07-08 15:25:00+03:00,0.2533838935791548,0.2533838935791548,-0.06532015886841391
2026-07-08 15:30:00+03:00,0.2660346214726714,0.2660346214726714,-0.04738117097896709
2026-07-08 15:35:00+03:00,0.2743119423080391,0.2743119423080391,-0.04847266347394388
2026-07-08 15:40:00+03:00,0.2693846635233805,0.2693846635233805,-0.12390613557945356
2026-07-08 15:45:00+03:00,0.25856566052000074,0.25856566052000074,-0.18204561903301006
2026-07-08 15:50:00+03:00,0.2597385796460133,0.2597385796460133,-0.11754962323807278
2026-07-08 15:55:00+03:00,0.25812872394329284,0.25812872394329284,-0.13551016948740774
2026-07-08 16:00:00+03:00,0.25461760671706263,0.25461760671706263,-0.15416243784584446
2026-07-08 16:05:00+03:00,0.2504873646253893,0.2504873646253893,-0.16809012303742446
2026-07-08 16:10:00+03:00,0.24648494916599614,0.24648494916599614,-0.17793523555574753
2026-07-08 16:15:00+03:00,0.25158045401017215,0.25158045401017215,-0.11832626346771935
2026-07-08 16:20:00+03:00,0.24798966124498878,0.24798966124498878,-0.17180589552694278
2026-07-08 16:25:00+03:00,0.25180717865823266,0.25180717865823266,-0.12412557969705423
2026-07-08 16:30:00+03:00,0.24960141421203957,0.24960141421203957,-0.1603776004993404
2026-07-08 16:35:00+03:00,0.2476243615365486,0.2476243615365486,-0.1643251633943461
2026-07-08 16:40:00+03:00,0.2450461002854291,0.2450461002854291,-0.1742193662245827
2026-07-08 16:45:00+03:00,0.23409807723122583,0.23409807723122583,-0.2502211633512035
2026-07-08 16:50:00+03:00,0.2252766522073765,0.2252766522073765,-0.26343593282284095
2026-07-08 16:55:00+03:00,0.22040963212738762,0.22040963212738762,-0.254613347696814
2026-07-08 17:00:00+03:00,0.22023837023975001,0.22023837023975001,-0.228426153930045
2026-07-08 17:05:00+03:00,0.21823685209472216,0.21823685209472216,-0.24441055231562833
2026-07-08 17:10:00+03:00,0.21994036222436886,0.21994036222436886,-0.2188269289270014
2026-07-08 17:15:00+03:00,0.22271415645273315,0.22271415645273315,-0.20533987436942272
2026-07-08 17:20:00+03:00,0.2255713631095212,0.2255713631095212,-0.1971421713639142
2026-07-08 17:25:00+03:00,0.22822025268770163,0.22822025268770163,-0.1911388360323662
2026-07-08 17:30:00+03:00,0.2324007841958085,0.2324007841958085,-0.1719272163419957
2026-07-08 17:35:00+03:00,0.23384212547425562,0.23384212547425562,-0.18258405481760517
2026-07-08 17:40:00+03:00,0.24370771218347692,0.24370771218347692,-0.11419519004032778
2026-07-08 17:45:00+03:00,0.25347211008592874,0.25347211008592874,-0.0908211895811152
2026-07-08 17:50:00+03:00,0.26051270447520514,0.26051270447520514,-0.0869775221647182
2026-07-08 17:55:00+03:00,0.20132834295135382,0.20132834295135382,-0.7736794497355886
2026-07-09 09:55:00+03:00,0.22780568121197958,0.22780568121197958,-0.07222731773913302
2026-07-09 10:00:00+03:00,0.3467143880667592,0.3467143880667592,0.5428659219360034
2026-07-09 10:05:00+03:00,0.4756859413609844,0.4756859413609844,0.8651215433421647
2026-07-09 10:10:00+03:00,0.5525504472600811,0.5525504472600811,0.8000037023797695
2026-07-09 10:15:00+03:00,0.5649046591634557,0.5649046591634557,0.552922069944967
2026-07-09 10:20:00+03:00,0.5554198903376601,0.5554198903376601,0.4491483473082121
2026-07-09 10:25:00+03:00,0.5148575940306823,0.5148575940306823,0.25115479408287394
2026-07-09 10:30:00+03:00,0.4844729238370063,0.4844729238370063,0.2315081150908111
2026-07-09 10:35:00+03:00,0.43399316902708707,0.43399316902708707,0.04588701046064148
2026-07-09 10:40:00+03:00,0.39101558826340904,0.39101558826340904,-0.0159145706338482
2026-07-09 10:45:00+03:00,0.41881791418361203,0.41881791418361203,0.3299485516209527
2026-07-09 10:50:00+03:00,0.4732743778270545,0.4732743778270545,0.5382381447442675
2026-07-09 10:55:00+03:00,0.5735052637722046,0.5735052637722046,0.9695809424687707
2026-07-09 11:00:00+03:00,0.6524826615104248,0.6524826615104248,1.0760898141235422
2026-07-09 11:05:00+03:00,0.6582350933857243,0.6582350933857243,0.7182663486216548
2026-07-09 11:10:00+03:00,0.6326834301427945,0.6326834301427945,0.5370407999513315
2026-07-09 11:15:00+03:00,0.6047900399142232,0.6047900399142232,0.47341615796238207
2026-07-09 11:20:00+03:00,0.5655950776751348,0.5655950776751348,0.3545161202468753
2026-07-09 11:25:00+03:00,0.5444999862803664,0.5444999862803664,0.3835076489509173
2026-07-09 11:30:00+03:00,0.536082259298139,0.536082259298139,0.4160283325779646
2026-07-09 11:35:00+03:00,0.5031334976419095,0.5031334976419095,0.2579909158629764
2026-07-09 11:40:00+03:00,0.4899961010228317,0.4899961010228317,0.30933293814038015
2026-07-09 11:45:00+03:00,0.4724938456751246,0.4724938456751246,0.25848487221633826
2026-07-09 11:50:00+03:00,0.44707691510644365,0.44707691510644365,0.17702909167544284
2026-07-09 11:55:00+03:00,0.42177430922307474,0.42177430922307474,0.12614591222885627
2026-07-09 12:00:00+03:00,0.40170601286496793,0.40170601286496793,0.10630599705301116
2026-07-09 12:05:00+03:00,0.3778871185613618,0.3778871185613618,0.03986052872366211
2026-07-09 12:10:00+03:00,0.3585311497941695,0.3585311497941695,0.017050493759545475
2026-07-09 12:15:00+03:00,0.3441118146100246,0.3441118146100246,0.006986253543068494
2026-07-09 12:20:00+03:00,0.3354490912940086,0.3354490912940086,0.013305781833424929
2026-07-09 12:25:00+03:00,0.3291654806896514,0.3291654806896514,0.009927816511802613
2026-07-09 12:30:00+03:00,0.3171504565985203,0.3171504565985203,-0.04324231114628455
2026-07-09 12:35:00+03:00,0.2967144396501993,0.2967144396501993,-0.13315529436177265
2026-07-09 12:40:00+03:00,0.28419975535287456,0.28419975535287456,-0.12480456460252758
2026-07-09 12:45:00+03:00,0.2760685224879499,0.2760685224879499,-0.123217473284727
2026-07-09 12:50:00+03:00,0.28023097202121705,0.28023097202121705,-0.05385991323230301
2026-07-09 12:55:00+03:00,0.2831041165479499,0.2831041165479499,-0.05317181019154261
2026-07-09 13:00:00+03:00,0.2837394428034854,0.2837394428034854,-0.06217678583635906
2026-07-09 13:05:00+03:00,0.2847864769124347,0.2847864769124347,-0.057781851130959974
2026-07-09 13:10:00+03:00,0.27675360882655314,0.27675360882655314,-0.12101999056485711
2026-07-09 13:15:00+03:00,0.2779976984625334,0.2779976984625334,-0.07287962236707014
2026-07-09 13:20:00+03:00,0.26411114521535634,0.26411114521535634,-0.18361157822218013
2026-07-09 13:25:00+03:00,0.2554722319942542,0.2554722319942542,-0.17869031835362637
2026-07-09 13:30:00+03:00,0.25260495405739863,0.25260495405739863,-0.15603129238673324
2026-07-09 13:35:00+03:00,0.26032435177934515,0.26032435177934515,-0.08416508117076174
2026-07-09 13:40:00+03:00,0.2671891087226585,0.2671891087226585,-0.07185137630301427
2026-07-09 13:45:00+03:00,0.277941527923374,0.277941527923374,-0.028685933194112632
2026-07-09 13:50:00+03:00,0.2887202505684045,0.2887202505684045,-0.004163615613135632
2026-07-09 13:55:00+03:00,0.2860079618273538,0.2860079618273538,-0.0726478523023798
2026-07-09 14:00:00+03:00,0.2853940232559597,0.2853940232559597,-0.0641654584201152
2026-07-09 14:05:00+03:00,0.28640054386739383,0.28640054386739383,-0.054192476875393525
2026-07-09 14:10:00+03:00,0.2892401443853931,0.2892401443853931,-0.039084474056519866
2026-07-09 14:15:00+03:00,0.2897860118345016,0.2897860118345016,-0.04844669990989703
2026-07-09 14:20:00+03:00,0.29177102547521777,0.29177102547521777,-0.03719019694940696
2026-07-09 14:25:00+03:00,0.2964193668659125,0.2964193668659125,-0.014431781273269186
2026-07-09 14:30:00+03:00,0.29786380904317616,0.29786380904317616,-0.025702127777997172
2026-07-09 14:35:00+03:00,0.29585030331653545,0.29585030331653545,-0.046249574055831875
2026-07-09 14:40:00+03:00,0.3058001514233107,0.3058001514233107,0.029957661256826255
2026-07-09 14:45:00+03:00,0.3010797946921701,0.3010797946921701,-0.04667728797316975
2026-07-09 14:50:00+03:00,0.2981963051694207,0.2981963051694207,-0.04484355727303057
2026-07-09 14:55:00+03:00,0.29586886004761387,0.29586886004761387,-0.04766495037217444
2026-07-09 15:00:00+03:00,0.29434319731475594,0.29434319731475594,-0.04748389686492339
2026-07-09 15:05:00+03:00,0.2932259110869398,0.2932259110869398,-0.048182528752715656
2026-07-09 15:10:00+03:00,0.2925675850187921,0.2925675850187921,-0.04757904027755712
2026-07-09 15:15:00+03:00,0.2919498934433263,0.2919498934433263,-0.04882643178972213
2026-07-09 15:20:00+03:00,0.2916424519815052,0.2916424519815052,-0.0480982834765149
2026-07-09 15:25:00+03:00,0.2850105073026427,0.2850105073026427,-0.09385748391318478
2026-07-09 15:30:00+03:00,0.28691184163256,0.28691184163256,-0.04882643178972213
2026-07-09 15:35:00+03:00,0.2865353596291934,0.2865353596291934,-0.060360046945167695
2026-07-09 15:40:00+03:00,0.28641663415593926,0.28641663415593926,-0.059427799877441914
2026-07-09 15:45:00+03:00,0.2863374838404365,0.2863374838404365,-0.059427799877441914
2026-07-09 15:50:00+03:00,0.28789378088193773,0.28789378088193773,-0.04814756456942727
2026-07-09 15:55:00+03:00,0.28919644420032253,0.28919644420032253,-0.04629953497881385
2026-07-09 16:00:00+03:00,0.29003134673562425,0.29003134673562425,-0.0465331501587474
2026-07-09 16:05:00+03:00,0.2775586160286939,0.2775586160286939,-0.14132670046421933
2026-07-09 16:10:00+03:00,0.2697121852528099,0.2697121852528099,-0.1377600682629309
2026-07-09 16:15:00+03:00,0.2595841907895178,0.2595841907895178,-0.17569756769850678
2026-07-09 16:20:00+03:00,0.253300395823389,0.253300395823389,-0.17200343972429874
2026-07-09 16:25:00+03:00,0.24840767443417971,0.24840767443417971,-0.17755988899725555
2026-07-09 16:30:00+03:00,0.2435318408964346,0.2435318408964346,-0.19043646842962586
2026-07-09 16:35:00+03:00,0.24216329191018188,0.24216329191018188,-0.1754393663589493
2026-07-09 16:40:00+03:00,0.23902141237794186,0.23902141237794186,-0.19323298788611115
2026-07-09 16:45:00+03:00,0.23683798348314114,0.23683798348314114,-0.1939493369451256
2026-07-09 16:50:00+03:00,0.2349526720551901,0.2349526720551901,-0.1974221124660604
2026-07-09 16:55:00+03:00,0.23346083192116762,0.23346083192116762,-0.19932683559677558
2026-07-09 17:00:00+03:00,0.2326341527852481,0.2326341527852481,-0.19796551328717055
2026-07-09 17:05:00+03:00,0.23157189827965058,0.23157189827965058,-0.2021167357311001
2026-07-09 17:10:00+03:00,0.23074806429668648,0.23074806429668648,-0.20305881116520746
2026-07-09 17:15:00+03:00,0.23031450595394284,0.23031450595394284,-0.2021167357311001
2026-07-09 17:20:00+03:00,0.23029564018834392,0.23029564018834392,-0.19992008971150482
2026-07-09 17:25:00+03:00,0.23001288988171448,0.23001288988171448,-0.2021167357311001
2026-07-09 17:30:00+03:00,0.23063552700984916,0.23063552700984916,-0.19553799940112038
2026-07-09 17:35:00+03:00,0.23097280432827205,0.23097280432827205,-0.19616701077736443
2026-07-09 17:40:00+03:00,0.2313580367082298,0.2313580367082298,-0.19487105325921658
2026-07-09 17:45:00+03:00,0.19564207654029717,0.19564207654029717,-0.5579593153010638
2026-07-09 17:50:00+03:00,0.17069747182529266,0.17069747182529266,-0.5731421777802286
2026-07-09 17:55:00+03:00,0.15496024843880674,0.15496024843880674,-0.5611619214672684
2026-07-10 09:55:00+03:00,0.16146009668622802,0.16146009668622802,-0.36662933408578235
2026-07-10 10:00:00+03:00,0.1489822105026193,0.1489822105026193,-0.5587700716010066
2026-07-10 10:05:00+03:00,0.2812749740843016,0.2812749740843016,0.46733035237426007
2026-07-10 10:10:00+03:00,0.38079010752991044,0.38079010752991044,0.533573516137093
2026-07-10 10:15:00+03:00,0.4167852441194337,0.4167852441194337,0.3575314234573094
2026-07-10 10:20:00+03:00,0.45609828244654865,0.45609828244654865,0.445819262019791
2026-07-10 10:25:00+03:00,0.5220050041453986,0.5220050041453986,0.684135220322141
2026-07-10 10:30:00+03:00,0.5268358081816077,0.5268358081816077,0.44923914644269286
2026-07-10 10:35:00+03:00,0.6039207000905745,0.6039207000905745,0.927070106588119
2026-07-10 10:40:00+03:00,0.5116558967544023,0.5116558967544023,0.033070189017937776
2026-07-10 10:45:00+03:00,0.5411805970800374,0.5411805970800374,0.5740588389244907
2026-07-10 10:50:00+03:00,0.6028313500446119,0.6028313500446119,0.8468794577379167
2026-07-10 10:55:00+03:00,0.5126886522683387,0.5126886522683387,0.044524776187688964
2026-07-10 11:00:00+03:00,0.44005642366270264,0.44005642366270264,-0.03937839457232469
2026-07-10 11:05:00+03:00,0.41063715163624276,0.41063715163624276,0.08587625905812693
2026-07-10 11:10:00+03:00,0.34923366751446194,0.34923366751446194,-0.21035172839531643
2026-07-10 11:15:00+03:00,0.2718109383728997,0.2718109383728997,-0.590743012603078
2026-07-10 11:20:00+03:00,0.2710230591787853,0.2710230591787853,-0.09944643172253514
2026-07-10 11:25:00+03:00,0.2532609347754145,0.2532609347754145,-0.23448618146152547
2026-07-10 11:30:00+03:00,0.2388569619136712,0.2388569619136712,-0.25642301075614804
2026-07-10 11:35:00+03:00,0.20064349576069407,0.20064349576069407,-0.5579310583877902
2026-07-10 11:40:00+03:00,0.17411823493336567,0.17411823493336567,-0.571971350852448
2026-07-10 11:45:00+03:00,0.16000025685978297,0.16000025685978297,-0.5254785843462819
2026-07-10 11:50:00+03:00,0.15572354206754543,0.15572354206754543,-0.46384082119437
2026-07-10 11:55:00+03:00,0.15375145626236209,0.15375145626236209,-0.453834277598605
2026-07-10 12:00:00+03:00,0.14906716719130017,0.14906716719130017,-0.49302177790936824
2026-07-10 12:05:00+03:00,0.13974516216617588,0.13974516216617588,-0.5718206084771061
2026-07-10 12:10:00+03:00,0.13471269983956083,0.13471269983956083,-0.5560322194313051
2026-07-10 12:15:00+03:00,0.13373168673795585,0.13373168673795585,-0.5254561079263391
2026-07-10 12:20:00+03:00,0.13337771943606985,0.13337771943606985,-0.5216923855472382
2026-07-10 12:25:00+03:00,0.13225414746387842,0.13225414746387842,-0.5328900072813122
2026-07-10 12:30:00+03:00,0.12855876575180816,0.12855876575180816,-0.5715193550864833
2026-07-10 12:35:00+03:00,0.1251669740159404,0.1251669740159404,-0.5841911901621114
2026-07-10 12:40:00+03:00,0.1236951444895695,0.1236951444895695,-0.573398684998457
2026-07-10 12:45:00+03:00,0.12099065256594181,0.12099065256594181,-0.5972040495327823
2026-07-10 12:50:00+03:00,0.11875035919641391,0.11875035919641391,-0.6033917085759756
2026-07-10 12:55:00+03:00,0.11769790293588307,0.11769790293588307,-0.5971509163340951
2026-07-10 13:00:00+03:00,0.11696261217666887,0.11696261217666887,-0.5976248845386551
2026-07-10 13:05:00+03:00,0.11771640171551366,0.11771640171551366,-0.5803390417118113
2026-07-10 13:10:00+03:00,0.11844082777244853,0.11844082777244853,-0.5773049906366089
2026-07-10 13:15:00+03:00,0.11711239107223839,0.11711239107223839,-0.6025118816407342
2026-07-10 13:20:00+03:00,0.11418936886001219,0.11418936886001219,-0.6321413760515057
2026-07-10 13:25:00+03:00,0.1155820254898726,0.1155820254898726,-0.5842649802793993
2026-07-10 13:30:00+03:00,0.11630580655896396,0.11630580655896396,-0.5870939269480816
2026-07-10 13:35:00+03:00,0.11816619827975877,0.11816619827975877,-0.5682883733577998
2026-07-10 13:40:00+03:00,0.11641561939153725,0.11641561939153725,-0.6098494602230005
2026-07-10 13:45:00+03:00,0.11966997157158185,0.11966997157158185,-0.5493360694197025
2026-07-10 13:50:00+03:00,0.11979480647011316,0.11979480647011316,-0.5766015628687218
2026-07-10 13:55:00+03:00,0.11892325228962665,0.11892325228962665,-0.5897466952097578
2026-07-10 14:00:00+03:00,0.12115940635983372,0.12115940635983372,-0.5517204455499696
2026-07-10 14:05:00+03:00,0.1263800143983992,0.1263800143983992,-0.5046083411553001
2026-07-10 14:10:00+03:00,0.14545809282111463,0.14545809282111463,-0.3367435737684363
2026-07-10 14:15:00+03:00,0.16271977771230384,0.16271977771230384,-0.2943163119331372
2026-07-10 14:20:00+03:00,0.1732483421997195,0.1732483421997195,-0.30326782811154473
2026-07-10 14:25:00+03:00,0.18428417506108827,0.18428417506108827,-0.2671710393331297
2026-07-10 14:30:00+03:00,0.18776989244342837,0.18776989244342837,-0.3019332681693691
2026-07-10 14:35:00+03:00,0.1935308870056587,0.1935308870056587,-0.2709968880039515
2026-07-10 14:40:00+03:00,0.2149777644346185,0.2149777644346185,-0.12805536696268013
2026-07-10 14:45:00+03:00,0.2293067493279543,0.2293067493279543,-0.12782175178274657
2026-07-10 14:50:00+03:00,0.238703810847903,0.238703810847903,-0.12899235174665197
2026-07-10 14:55:00+03:00,0.24492049104580324,0.24492049104580324,-0.12935396030930396
2026-07-10 15:00:00+03:00,0.24918178789358547,0.24918178789358547,-0.12847445327888987
2026-07-10 15:05:00+03:00,0.25205065337368626,0.25205065337368626,-0.12826379999656976
2026-07-10 15:10:00+03:00,0.2536858381929919,0.2536858381929919,-0.1303526268915648
2026-07-10 15:15:00+03:00,0.25472800001703944,0.25472800001703944,-0.13071423545421673
2026-07-10 15:20:00+03:00,0.2552072296229255,0.2552072296229255,-0.13234099279590764
2026-07-10 15:25:00+03:00,0.2570882040597046,0.2570882040597046,-0.12061611343455338
2026-07-10 15:30:00+03:00,0.25811588909473454,0.25811588909473454,-0.12230680426886226
2026-07-10 15:35:00+03:00,0.2587076125777313,0.2587076125777313,-0.12300543615665453
2026-07-10 15:40:00+03:00,0.2577402249322317,0.2577402249322317,-0.13324842424698097
2026-07-10 15:45:00+03:00,0.2586903702869328,0.2586903702869328,-0.12126200528503392
2026-07-10 15:50:00+03:00,0.259935990073877,0.259935990073877,-0.11669957324444799
2026-07-10 15:55:00+03:00,0.26040184867142674,0.26040184867142674,-0.11941397569442054
2026-07-10 16:00:00+03:00,0.26107697566353966,0.26107697566353966,-0.11669957324444799
2026-07-10 16:05:00+03:00,0.2634703269167387,0.2634703269167387,-0.1023514404897345
2026-07-10 16:10:00+03:00,0.262163053542991,0.262163053542991,-0.12386019968399266
2026-07-10 16:15:00+03:00,0.2556618888364665,0.2556618888364665,-0.16695991000973037
2026-07-10 16:20:00+03:00,0.24812934351326454,0.24812934351326454,-0.1923559616474206
2026-07-10 16:25:00+03:00,0.24287369038194978,0.24287369038194978,-0.19424176723560216
2026-07-10 16:30:00+03:00,0.23916059040104853,0.23916059040104853,-0.19593245233114917
2026-07-10 16:35:00+03:00,0.23677602770610864,0.23677602770610864,-0.1951984034297302
2026-07-10 16:40:00+03:00,0.23551742054077818,0.23551742054077818,-0.19252788030636675
2026-07-10 16:45:00+03:00,0.23567181311579308,0.23567181311579308,-0.18456221705519782
2026-07-10 16:50:00+03:00,0.2358370803042306,0.2358370803042306,-0.18406470934734204
2026-07-10 16:55:00+03:00,0.23581166958808236,0.23581166958808236,-0.18514715244882884
2026-07-10 17:00:00+03:00,0.23579472911065022,0.23579472911065022,-0.18514715244882884
2026-07-10 17:05:00+03:00,0.23591902430080203,0.23591902430080203,-0.18406470934734204
2026-07-10 17:10:00+03:00,0.23592877808054658,0.23592877808054658,-0.1846482038519434
2026-07-10 17:15:00+03:00,0.2358728014389597,0.2358728014389597,-0.18514715244882884
2026-07-10 17:20:00+03:00,0.23575676676303767,0.23575676676303767,-0.1857761638250729
2026-07-10 17:25:00+03:00,0.23567941031242298,0.23567941031242298,-0.1857761638250729
2026-07-10 17:30:00+03:00,0.23796855289865482,0.23796855289865482,-0.16725422057983325
2026-07-10 17:35:00+03:00,0.23524119789333967,0.23524119789333967,-0.20119705924494335
2026-07-10 17:40:00+03:00,0.23369384817807579,0.23369384817807579,-0.19899689234375537
2026-07-10 17:45:00+03:00,0.23380518779524578,0.23380518779524578,-0.1897733166886034
2026-07-10 17:50:00+03:00,0.2367426449750157,0.2367426449750157,-0.16706955955983768
2026-07-10 17:55:00+03:00,0.24175886547731437,0.24175886547731437,-0.14341733651742625
2026-07-13 09:55:00+03:00,0.3460168669454889,0.3460168669454889,0.4841426941005109
2026-07-13 10:00:00+03:00,0.428098318705602,0.428098318705602,0.5581777671157411
2026-07-13 10:05:00+03:00,0.5229026909723784,0.5229026909723784,0.8145070168861901
2026-07-13 10:10:00+03:00,0.6574818565530789,0.6574818565530789,1.595824847652058
2026-07-13 10:15:00+03:00,0.594467600374511,0.594467600374511,0.318428383646867
2026-07-13 10:20:00+03:00,0.6952604023931891,0.6952604023931891,1.4166229310577394
2026-07-13 10:25:00+03:00,0.7617727834823526,0.7617727834823526,1.4060921327504967
2026-07-13 10:30:00+03:00,0.8089803788302881,0.8089803788302881,1.4515849435775001
2026-07-13 10:35:00+03:00,0.8428879668491348,0.8428879668491348,1.4931868058049151
2026-07-13 10:40:00+03:00,0.8649247910004723,0.8649247910004723,1.4832155876818316
2026-07-13 10:45:00+03:00,0.8786328662843493,0.8786328662843493,1.466353871244455
2026-07-13 10:50:00+03:00,0.8891011673561142,0.8891011673561142,1.4892746372714607
2026-07-13 10:55:00+03:00,0.8927310663212742,0.8927310663212742,1.4331561846930039
2026-07-13 11:00:00+03:00,0.8974093507533882,0.8974093507533882,1.470408183225926
2026-07-13 11:05:00+03:00,0.8947996647661897,0.8947996647661897,1.3800655538986393
2026-07-13 11:10:00+03:00,0.870729250504865,0.870729250504865,1.1150116247907507
2026-07-13 11:15:00+03:00,0.6674853549409357,0.6674853549409357,-0.12024938361455982
2026-07-13 11:20:00+03:00,0.5128300432677072,0.5128300432677072,-0.2755227034823859
2026-07-13 11:25:00+03:00,0.41118050921641713,0.41118050921641713,-0.26271412161557584
2026-07-13 11:30:00+03:00,0.3541238936871624,0.3541238936871624,-0.1739008391261181
2026-07-13 11:35:00+03:00,0.3771801675407489,0.3771801675407489,0.2307007499595299
2026-07-13 11:40:00+03:00,0.3844299566467942,0.3844299566467942,0.18241028309639923
2026-07-13 11:45:00+03:00,0.31791276169876637,0.31791276169876637,-0.3327084928529273
2026-07-13 11:50:00+03:00,0.27455101304917073,0.27455101304917073,-0.3233770076324224
2026-07-13 11:55:00+03:00,0.23165062332546113,0.23165062332546113,-0.4689062803571511
2026-07-13 12:00:00+03:00,0.20208806607790564,0.20208806607790564,-0.48011636022791043
2026-07-13 12:05:00+03:00,0.19436763570163024,0.19436763570163024,-0.351897006557878
2026-07-13 12:10:00+03:00,0.19012862470205763,0.19012862470205763,-0.34305447274445966
2026-07-13 12:15:00+03:00,0.18653856941414262,0.18653856941414262,-0.35048862916490175
2026-07-13 12:20:00+03:00,0.18355805336427797,0.18355805336427797,-0.3562521310709966
2026-07-13 12:25:00+03:00,0.1785620927879534,0.1785620927879534,-0.386515725987983
2026-07-13 12:30:00+03:00,0.17803664694461901,0.17803664694461901,-0.3582626889093834
2026-07-13 12:35:00+03:00,0.1761288439830794,0.1761288439830794,-0.373814693905065
2026-07-13 12:40:00+03:00,0.16806541622698618,0.16806541622698618,-0.4458528324452693
2026-07-13 12:45:00+03:00,0.16830639692358404,0.16830639692358404,-0.3857692469309379
2026-07-13 12:50:00+03:00,0.16759173068885666,0.16759173068885666,-0.39480505899867
2026-07-13 12:55:00+03:00,0.16707312499111185,0.16707312499111185,-0.3952431613308039
2026-07-13 13:00:00+03:00,0.1671757174519764,0.1671757174519764,-0.390598160579128
2026-07-13 13:05:00+03:00,0.16754393011013646,0.16754393011013646,-0.38750846226298563
2026-07-13 13:10:00+03:00,0.16774968242749755,0.16774968242749755,-0.38791705717616
2026-07-13 13:15:00+03:00,0.16204048339545996,0.16204048339545996,-0.4507719592815903
2026-07-13 13:20:00+03:00,0.16050340413459835,0.16050340413459835,-0.4257053539479116
2026-07-13 13:25:00+03:00,0.15719297041317262,0.15719297041317262,-0.450959418192442
2026-07-13 13:30:00+03:00,0.15199718813862145,0.15199718813862145,-0.4854522516918151
2026-07-13 13:35:00+03:00,0.1413298765453771,0.1413298765453771,-0.5768251572709652
2026-07-13 13:40:00+03:00,0.13905373925191677,0.13905373925191677,-0.5140997988699217
2026-07-13 13:45:00+03:00,0.1367488345034083,0.1367488345034083,-0.5239090422078861
2026-07-13 13:50:00+03:00,0.12307135777255603,0.12307135777255603,-0.6983366854213185
2026-07-13 13:55:00+03:00,0.11417701073798919,0.11417701073798919,-0.6946240477465742
2026-07-13 14:00:00+03:00,0.11126597011072921,0.11126597011072921,-0.646712800593234
2026-07-13 14:05:00+03:00,0.10422737163774069,0.10422737163774069,-0.7300241997525397
2026-07-13 14:10:00+03:00,0.09798678115284531,0.09798678115284531,-0.757843666029218
2026-07-13 14:15:00+03:00,0.09116727171037665,0.09116727171037665,-0.8089974904770427
2026-07-13 14:20:00+03:00,0.07698264012003174,0.07698264012003174,-1.0477272354539364
2026-07-13 14:25:00+03:00,0.06490830282558245,0.06490830282558245,-1.1362074331342156
2026-07-13 14:30:00+03:00,0.05728667696804745,0.05728667696804745,-1.1206872697266355
2026-07-13 14:35:00+03:00,0.05098339251791437,0.05098339251791437,-1.1662973577857028
2026-07-13 14:40:00+03:00,0.04628733802751046,0.04628733802751046,-1.1859246278399174
2026-07-13 14:45:00+03:00,0.042444581604783524,0.042444581604783524,-1.2156009753979047
2026-07-13 14:50:00+03:00,0.03933121263987628,0.03933121263987628,-1.2398212986207011
2026-07-13 14:55:00+03:00,0.030488701129738074,0.030488701129738074,-1.7055265664766361
2026-07-13 15:00:00+03:00,0.025228241772871616,0.025228241772871616,-1.6381002166307619
2026-07-13 15:05:00+03:00,0.02135019440446361,0.02135019440446361,-1.6764033354266878
2026-07-13 15:10:00+03:00,0.019241790868875418,0.019241790868875418,-1.6276936942414926
2026-07-13 15:15:00+03:00,0.0170725389999441,0.0170725389999441,-1.7081770577286153
2026-07-13 15:20:00+03:00,0.016610466100911526,0.016610466100911526,-1.6067061992273706
2026-07-13 15:25:00+03:00,0.015585764838420101,0.015585764838420101,-1.6784733891347154
2026-07-13 15:30:00+03:00,0.01545587842238396,0.01545587842238396,-1.62217721563845
2026-07-13 15:35:00+03:00,0.017098983983544508,0.017098983983544508,-1.4787050852064356
2026-07-13 15:40:00+03:00,0.020492405951272528,0.020492405951272528,-1.3355558252459263
2026-07-13 15:45:00+03:00,0.0281756651820772,0.0281756651820772,-1.1031316129910596
2026-07-13 15:50:00+03:00,0.032432173744529925,0.032432173744529925,-1.1339354360085052
2026-07-13 15:55:00+03:00,0.03509586174321399,0.03509586174321399,-1.1403515097842432
2026-07-13 16:00:00+03:00,0.032340871622403,0.032340871622403,-1.3437276266961378
2026-07-13 16:05:00+03:00,0.06286412731137127,0.06286412731137127,-0.5592816297158116
2026-07-13 16:10:00+03:00,0.08020422999194488,0.08020422999194488,-0.6004849498426403
2026-07-13 16:15:00+03:00,0.09725060106911992,0.09725060106911992,-0.5272462976813078
2026-07-13 16:20:00+03:00,0.11429824688572573,0.11429824688572573,-0.45918037307603293
2026-07-13 16:25:00+03:00,0.12275612629232666,0.12275612629232666,-0.49312838526534597
2026-07-13 16:30:00+03:00,0.19613230695269077,0.19613230695269077,0.06701092612495205
2026-07-13 16:35:00+03:00,0.2535248531131617,0.2535248531131617,0.12025960954843608
2026-07-13 16:40:00+03:00,0.29429742392989394,0.29429742392989394,0.13572775011227375
2026-07-13 16:45:00+03:00,0.3060718522360823,0.3060718522360823,0.03849637480650015
2026-07-13 16:50:00+03:00,0.31028548942029244,0.31028548942029244,0.014608069710949368
2026-07-13 16:55:00+03:00,0.31378415061595116,0.31378415061595116,0.019170993454958225
2026-07-13 17:00:00+03:00,0.31721491711564115,0.31721491711564115,0.026406784425654528
2026-07-13 17:05:00+03:00,0.3251293529942284,0.3251293529942284,0.062903472047417
2026-07-13 17:10:00+03:00,0.33959487775098723,0.33959487775098723,0.12070492352522567
2026-07-13 17:15:00+03:00,0.36365028372416736,0.36365028372416736,0.2079512618902188
2026-07-13 17:20:00+03:00,0.39492494425650393,0.39492494425650393,0.29726965928322563
2026-07-13 17:25:00+03:00,0.4189087051773377,0.4189087051773377,0.3154166170926932
2026-07-13 17:30:00+03:00,0.43340388500138194,0.43340388500138194,0.30677229675104134
2026-07-13 17:35:00+03:00,0.43465506447454605,0.43465506447454605,0.2578377586846766
2026-07-13 17:40:00+03:00,0.4271179145590089,0.4271179145590089,0.2085107923061973
2026-07-13 17:45:00+03:00,0.4141095793444507,0.4141095793444507,0.1606254097989774
2026-07-13 17:50:00+03:00,0.40558987951865455,0.40558987951865455,0.16154960435506716
2026-07-13 17:55:00+03:00,0.4004889885241665,0.4004889885241665,0.1650538239994287
2026-07-14 09:55:00+03:00,0.39820964817494786,0.39820964817494786,0.17182508187846599
2026-07-14 10:00:00+03:00,0.4351368626154059,0.4351368626154059,0.3963313910026059
2026-07-14 10:05:00+03:00,0.3747764838572402,0.3747764838572402,-0.13766790927885678
2026-07-14 10:10:00+03:00,0.28099156274730336,0.28099156274730336,-0.7111942111739806
2026-07-14 10:15:00+03:00,0.2905862351430013,0.2905862351430013,-0.005289755612383967
2026-07-14 10:20:00+03:00,0.23372917784655828,0.23372917784655828,-0.576735161566243
2026-07-14 10:25:00+03:00,0.31348599417019773,0.31348599417019773,0.32721033044577635
2026-07-14 10:30:00+03:00,0.359750861497504,0.359750861497504,0.2872209692743129
2026-07-14 10:35:00+03:00,0.5209276481793645,0.5209276481793645,1.1864298349481408
2026-07-14 10:40:00+03:00,0.5077540905888719,0.5077540905888719,0.3433781990627558
2026-07-14 10:45:00+03:00,0.49516477260527875,0.49516477260527875,0.3214085032678389
2026-07-14 10:50:00+03:00,0.43446841149679627,0.43446841149679627,0.0020934647646207267
2026-07-14 10:55:00+03:00,0.3942448103889626,0.3942448103889626,0.0037029159645826887
2026-07-14 11:00:00+03:00,0.3797092697306967,0.3797092697306967,0.08343305882620539
2026-07-14 11:05:00+03:00,0.35678626980910605,0.35678626980910605,-0.002679134742923049
2026-07-14 11:10:00+03:00,0.36151597256261425,0.36151597256261425,0.12574768264791678
2026-07-14 11:15:00+03:00,0.3665302390629413,0.3665302390629413,0.1371919269858569
2026-07-14 11:20:00+03:00,0.35991719548687623,0.35991719548687623,0.07509458617515889
2026-07-14 11:25:00+03:00,0.3329334239307935,0.3329334239307935,-0.07649899014659008
2026-07-14 11:30:00+03:00,0.285534905861831,0.285534905861831,-0.3142780395526482
2026-07-14 11:35:00+03:00,0.254419793399418,0.254419793399418,-0.3097790823951874
2026-07-14 11:40:00+03:00,0.18774406676310806,0.18774406676310806,-0.9909133390262246
2026-07-14 11:45:00+03:00,0.14075917298366122,0.14075917298366122,-1.0669931116118359
2026-07-14 11:50:00+03:00,0.10960663349900006,0.10960663349900006,-1.061512271560019
2026-07-14 11:55:00+03:00,0.08889489422145547,0.08889489422145547,-1.0597069985576821
2026-07-14 12:00:00+03:00,0.07381857772708857,0.07381857772708857,-1.101707844486321
2026-07-14 12:05:00+03:00,0.062121365583862415,0.062121365583862415,-1.1617656163549617
2026-07-14 12:10:00+03:00,0.056008505006289226,0.056008505006289226,-1.100367237260808
2026-07-14 12:15:00+03:00,0.05164989511564006,0.05164989511564006,-1.1102003548423205
2026-07-14 12:20:00+03:00,0.05307738072012866,0.05307738072012866,-0.9767393425565633
2026-07-14 12:25:00+03:00,0.04888357860131992,0.04888357860131992,-1.1394526582005384
2026-07-14 12:30:00+03:00,0.04611708448086061,0.04611708448086061,-1.1383657507340088
2026-07-14 12:35:00+03:00,0.05843745319803878,0.05843745319803878,-0.7729322102279961
2026-07-14 12:40:00+03:00,0.06970413755647253,0.06970413755647253,-0.7179407322185979
2026-07-14 12:45:00+03:00,0.0751812245783589,0.0751812245783589,-0.7539924267690771
2026-07-14 12:50:00+03:00,0.07047027923752737,0.07047027923752737,-0.9321423948275896
2026-07-14 12:55:00+03:00,0.06820431934681905,0.06820431934681905,-0.9106095890122821
2026-07-14 13:00:00+03:00,0.06662137633563626,0.06662137633563626,-0.9123578616288114
2026-07-14 13:05:00+03:00,0.07098213615275936,0.07098213615275936,-0.7945885004451954
2026-07-14 13:10:00+03:00,0.06569234201907692,0.06569234201907692,-0.9842377160503704
2026-07-14 13:15:00+03:00,0.07177041019981119,0.07177041019981119,-0.7676139322067304
2026-07-14 13:20:00+03:00,0.06588039952055644,0.06588039952055644,-0.993646113013135
2026-07-14 13:25:00+03:00,0.06816982492211757,0.06816982492211757,-0.8420044607521633
2026-07-14 13:30:00+03:00,0.084931156662592,0.084931156662592,-0.5838675275579742
2026-07-14 13:35:00+03:00,0.10070987724822668,0.10070987724822668,-0.5233725491472824
2026-07-14 13:40:00+03:00,0.10909482584715202,0.10909482584715202,-0.5507036040990793
2026-07-14 13:45:00+03:00,0.1116680940326593,0.1116680940326593,-0.5914440993828803
2026-07-14 13:50:00+03:00,0.09840434623752428,0.09840434623752428,-0.8482394736227371
2026-07-14 13:55:00+03:00,0.08384415922796688,0.08384415922796688,-0.987833136112474
2026-07-14 14:00:00+03:00,0.07330421474093923,0.07330421474093923,-1.0115285868822164
2026-07-14 14:05:00+03:00,0.07013375703112563,0.07013375703112563,-0.9096412303761336
2026-07-14 14:10:00+03:00,0.06292755388623926,0.06292755388623926,-1.0487471523266734
2026-07-14 14:15:00+03:00,0.06203042210424699,0.06203042210424699,-0.9389830594862698
2026-07-14 14:20:00+03:00,0.05288266749367131,0.05288266749367131,-1.218065060131996
2026-07-14 14:25:00+03:00,0.04735345668392429,0.04735345668392429,-1.1940921160126254
2026-07-14 14:30:00+03:00,0.041650297966310104,0.041650297966310104,-1.2845946170926856
2026-07-14 14:35:00+03:00,0.037226228488039866,0.037226228488039866,-1.316067541940051
2026-07-14 14:40:00+03:00,0.034784111168871555,0.034784111168871555,-1.2902545744840084
2026-07-14 14:45:00+03:00,0.04302987625058227,0.04302987625058227,-0.9450745439742584
2026-07-14 14:50:00+03:00,0.06627670761201265,0.06627670761201265,-0.6105399929399709
2026-07-14 14:55:00+03:00,0.08503406986191127,0.08503406986191127,-0.5653287656902645
2026-07-14 15:00:00+03:00,0.09612493910504452,0.09612493910504452,-0.5845439179458696
2026-07-14 15:05:00+03:00,0.10250697917244903,0.10250697917244903,-0.5986635205975632
2026-07-14 15:10:00+03:00,0.10448713681071083,0.10448713681071083,-0.6316244806774629
2026-07-14 15:15:00+03:00,0.10211665448783529,0.10211665448783529,-0.6892100662336161
2026-07-14 15:20:00+03:00,0.10037943667404733,0.10037943667404733,-0.6917848122298323
2026-07-14 15:25:00+03:00,0.10212583270043235,0.10212583270043235,-0.6458247134224193
2026-07-14 15:30:00+03:00,0.09431530088281534,0.09431530088281534,-0.8012291587564105
2026-07-14 15:35:00+03:00,0.08713008746870127,0.08713008746870127,-0.8419263405075893
2026-07-14 15:40:00+03:00,0.0856527545983109,0.0856527545983109,-0.7753310737819523
2026-07-14 15:45:00+03:00,0.08337380491516587,0.08337380491516587,-0.8004246263585013
2026-07-14 15:50:00+03:00,0.08262145951254263,0.08262145951254263,-0.7854199335555534
2026-07-14 15:55:00+03:00,0.0859021822910837,0.0859021822910837,-0.716646524026742
2026-07-14 16:00:00+03:00,0.08888858243788822,0.08888858243788822,-0.7030949343902504
2026-07-14 16:05:00+03:00,0.09040705028639875,0.09040705028639875,-0.711068100554062
2026-07-14 16:10:00+03:00,0.09194770521056811,0.09194770521056811,-0.7021590339644991
2026-07-14 16:15:00+03:00,0.08218244421650653,0.08218244421650653,-0.9188834928152564
2026-07-14 16:20:00+03:00,0.0775708728729142,0.0775708728729142,-0.8742139499339635
2026-07-14 16:25:00+03:00,0.07569848280016919,0.07569848280016919,-0.8476870577766641
2026-07-14 16:30:00+03:00,0.06973561114358318,0.06973561114358318,-0.9599444303320115
2026-07-14 16:35:00+03:00,0.09615773054298121,0.09615773054298121,-0.4568744586259712
2026-07-14 16:40:00+03:00,0.14779950949251028,0.14779950949251028,-0.14522260588004232
2026-07-14 16:45:00+03:00,0.18255820900333125,0.18255820900333125,-0.14269361276254125
2026-07-14 16:50:00+03:00,0.20698494945819623,0.20698494945819623,-0.13316531196167855
2026-07-14 16:55:00+03:00,0.2223697100370121,0.2223697100370121,-0.13999081808107605
2026-07-14 17:00:00+03:00,0.23369934244034601,0.23369934244034601,-0.13185538125372603
2026-07-14 17:05:00+03:00,0.2428041672290948,0.2428041672290948,-0.12020895750532667
2026-07-14 17:10:00+03:00,0.24699835742939322,0.24699835742939322,-0.13430420097398493
2026-07-14 17:15:00+03:00,0.2539915997936206,0.2539915997936206,-0.10303342031550293
2026-07-14 17:20:00+03:00,0.25299157515213894,0.25299157515213894,-0.14545618786604173
2026-07-14 17:25:00+03:00,0.254378426578835,0.254378426578835,-0.12986045116848915
2026-07-14 17:30:00+03:00,0.2549880513830511,0.2549880513830511,-0.13223622698263704
2026-07-14 17:35:00+03:00,0.2518538078878718,0.2518538078878718,-0.15935308410358845
2026-07-14 17:40:00+03:00,0.24988490584703224,0.24988490584703224,-0.1584167363961343
2026-07-14 17:45:00+03:00,0.24780457690448537,0.24780457690448537,-0.16439372656718812
2026-07-14 17:50:00+03:00,0.24592942997933884,0.24592942997933884,-0.16821492140159489
2026-07-14 17:55:00+03:00,0.24649970121623882,0.24649970121623882,-0.15404688806198333
2026-07-16 09:55:00+03:00,0.24755612885339448,0.24755612885339448,-0.14883719821884556
2026-07-16 10:00:00+03:00,0.25054052080188194,0.25054052080188194,-0.1314762142904114
2026-07-16 10:05:00+03:00,0.2454917301030277,0.2454917301030277,-0.18612408079896597
2026-07-16 10:10:00+03:00,0.2393034780756664,0.2393034780756664,-0.2089825494431138
2026-07-16 10:15:00+03:00,0.2352000950346664,0.2352000950346664,-0.20880110596264867
2026-07-16 10:20:00+03:00,0.23195850390732947,0.23195850390732947,-0.21296142701728096
2026-07-16 10:25:00+03:00,0.22938995252485544,0.22938995252485544,-0.21632624385067886
2026-07-16 10:30:00+03:00,0.2276517389163491,0.2276517389163491,-0.21654010397484455
2026-07-16 10:35:00+03:00,0.23116942075771063,0.23116942075771063,-0.1786628780901805
2026-07-16 10:40:00+03:00,0.233518771306326,0.233518771306326,-0.17862933408702106
2026-07-16 10:45:00+03:00,0.23535131419686373,0.23535131419686373,-0.17651962339021088
2026-07-16 10:50:00+03:00,0.23372287348630838,0.23372287348630838,-0.19935702300162753
2026-07-16 10:55:00+03:00,0.23518192120725256,0.23518192120725256,-0.17893990654506411
2026-07-16 11:00:00+03:00,0.23633431229272314,0.23633431229272314,-0.17751536153793446
2026-07-16 11:05:00+03:00,0.2370280407265334,0.2370280407265334,-0.17810596089756794
2026-07-16 11:10:00+03:00,0.23714135030950928,0.23714135030950928,-0.18087793947824138
2026-07-16 11:15:00+03:00,0.23727371608199677,0.23727371608199677,-0.18042624596368959
2026-07-16 11:20:00+03:00,0.23837769081019541,0.23837769081019541,-0.1723897949660426
2026-07-16 11:25:00+03:00,0.23943694999499196,0.23943694999499196,-0.1698466606136378
2026-07-16 11:30:00+03:00,0.24036216538541494,0.24036216538541494,-0.16812745880291866
2026-07-16 11:35:00+03:00,0.24233441975436631,0.24233441975436631,-0.15755873056209163
2026-07-16 11:40:00+03:00,0.24464288526279734,0.24464288526279734,-0.1498856328397113
2026-07-16 11:45:00+03:00,0.2467540970608712,0.2467540970608712,-0.14549448132836942
2026-07-16 11:50:00+03:00,0.2476361512751793,0.2476361512751793,-0.14952563704287486
2026-07-16 11:55:00+03:00,0.2477742035085533,0.2477742035085533,-0.15299156885322837
2026-07-16 12:00:00+03:00,0.24804535825342333,0.24804535825342333,-0.151610417022724
2026-07-16 12:05:00+03:00,0.2480666479200452,0.2480666479200452,-0.1528400335042106
2026-07-16 12:10:00+03:00,0.24841344995906905,0.24841344995906905,-0.15027735908920786
2026-07-16 12:15:00+03:00,0.2472001755334048,0.2472001755334048,-0.16145727241281393
2026-07-16 12:20:00+03:00,0.20692108981432644,0.20692108981432644,-0.5485348902783052
2026-07-16 12:25:00+03:00,0.17961334848614866,0.17961334848614866,-0.5544947360495293
2026-07-16 12:30:00+03:00,0.16103721726844894,0.16103721726844894,-0.5593951468788719
2026-07-16 12:35:00+03:00,0.14859305048650204,0.14859305048650204,-0.560192328958482
2026-07-16 12:40:00+03:00,0.13871852091015785,0.13871852091015785,-0.5815029319780868
2026-07-16 12:45:00+03:00,0.13241666671540098,0.13241666671540098,-0.5776539205740907
2026-07-16 12:50:00+03:00,0.12816791014865508,0.12816791014865508,-0.5783028028318381
2026-07-16 12:55:00+03:00,0.12565428340746201,0.12565428340746201,-0.5739613149225572
2026-07-16 13:00:00+03:00,0.1228247106439897,0.1228247106439897,-0.5898143095926561
2026-07-16 13:05:00+03:00,0.12202817414634545,0.12202817414634545,-0.5748299559214123
2026-07-16 13:10:00+03:00,0.12283183485841104,0.12283183485841104,-0.5569501669784475
2026-07-16 13:15:00+03:00,0.13279837930412366,0.13279837930412366,-0.44290692551617616
2026-07-16 13:20:00+03:00,0.17022730207784686,0.17022730207784686,-0.16064914752113765
2026-07-16 13:25:00+03:00,0.19591402062435806,0.19591402062435806,-0.15495573737960744
2026-07-16 13:30:00+03:00,0.21310411350070688,0.21310411350070688,-0.15444852581376786
2026-07-16 13:35:00+03:00,0.2246869663153527,0.2246869663153527,-0.15350004808134318
2026-07-16 13:40:00+03:00,0.23249734727421745,0.23249734727421745,-0.15281719200830118
2026-07-16 13:45:00+03:00,0.2376157888310264,0.2376157888310264,-0.15350004808134318
2026-07-16 13:50:00+03:00,0.2414643546147014,0.2414643546147014,-0.15013776104056212
2026-07-16 13:55:00+03:00,0.22183484234873788,0.22183484234873788,-0.34007438878225077
2026-07-16 14:00:00+03:00,0.2086184394634745,0.2086184394634745,-0.34132972287592567
2026-07-16 14:05:00+03:00,0.19980526031879028,0.19980526031879028,-0.3413513988901016
2026-07-16 14:10:00+03:00,0.19554664950707512,0.19554664950707512,-0.32589105661866247
2026-07-16 14:15:00+03:00,0.19804144806777096,0.19804144806777096,-0.27696940928528113
2026-07-16 14:20:00+03:00,0.19958287539468206,0.19958287539468206,-0.27805327363394194
2026-07-16 14:25:00+03:00,0.20061943482136269,0.20061943482136269,-0.2779736402887271
2026-07-16 14:30:00+03:00,0.20607668873598406,0.20607668873598406,-0.2365885754900018
2026-07-16 14:35:00+03:00,0.20785686114589355,0.20785686114589355,-0.2524765248329638
2026-07-16 14:40:00+03:00,0.20105794765659823,0.20105794765659823,-0.32453331246991457
2026-07-16 14:45:00+03:00,0.20292317262014029,0.20292317262014029,-0.2662991859389815
2026-07-16 14:50:00+03:00,0.20081246541018136,0.20081246541018136,-0.29629459320653573
2026-07-16 14:55:00+03:00,0.1955405829785071,0.1955405829785071,-0.3323315069221005
2026-07-16 15:00:00+03:00,0.19057776054725475,0.19057776054725475,-0.34628384237218607
2026-07-16 15:05:00+03:00,0.19224308074777846,0.19224308074777846,-0.29939081529173195
2026-07-16 15:10:00+03:00,0.19745195950668948,0.19745195950668948,-0.2627482803598532
2026-07-16 15:15:00+03:00,0.20187800319797744,0.20187800319797744,-0.25445613262654565
2026-07-16 15:20:00+03:00,0.21622753985678608,0.21622753985678608,-0.161060319244714
2026-07-16 15:25:00+03:00,0.22653010582216512,0.22653010582216512,-0.15534815618719747
2026-07-16 15:30:00+03:00,0.23392430356572466,0.23392430356572466,-0.15128934129776464
2026-07-16 15:35:00+03:00,0.24848591165092532,0.24848591165092532,-0.0797398717704909
2026-07-16 15:40:00+03:00,0.2506430377584767,0.2506430377584767,-0.1353882305815691
2026-07-16 15:45:00+03:00,0.25595126618168046,0.25595126618168046,-0.10648846513405362
2026-07-16 15:50:00+03:00,0.2561929180864604,0.2561929180864604,-0.13105640740227592
2026-07-16 15:55:00+03:00,0.25788733472649844,0.25788733472649844,-0.11955663582531678
2026-07-16 16:00:00+03:00,0.2588652485266441,0.2588652485266441,-0.12068846674954437
2026-07-16 16:05:00+03:00,0.2580660872116864,0.2580660872116864,-0.13158071800883536
2026-07-16 16:10:00+03:00,0.2576183822177015,0.2576183822177015,-0.1309388595187451
2026-07-16 16:15:00+03:00,0.25771754836691,0.25771754836691,-0.12794416363599811
2026-07-16 16:20:00+03:00,0.258058219129328,0.258058219129328,-0.1258816568162713
2026-07-16 16:25:00+03:00,0.2593780127282181,0.2593780127282181,-0.11771539126406141
2026-07-16 16:30:00+03:00,0.2635077647868087,0.2635077647868087,-0.0938074225262556
2026-07-16 16:35:00+03:00,0.2658867227671793,0.2658867227671793,-0.09653233655325025
2026-07-16 16:40:00+03:00,0.27117423577902694,0.27117423577902694,-0.06988039253836222
2026-07-16 16:45:00+03:00,0.27751507670594927,0.27751507670594927,-0.05003169510960035
2026-07-16 16:50:00+03:00,0.28264720867079346,0.28264720867079346,-0.04372618448244574
2026-07-16 16:55:00+03:00,0.27951744320149874,0.27951744320149874,-0.09020012322192203
2026-07-16 17:00:00+03:00,0.2729545924565393,0.2729545924565393,-0.1231605095531021
2026-07-16 17:05:00+03:00,0.2683620804161768,0.2683620804161768,-0.12478789939928595
2026-07-16 17:10:00+03:00,0.2718521646225239,0.2718521646225239,-0.07681756624295817
2026-07-16 17:15:00+03:00,0.27823942410357705,0.27823942410357705,-0.04812996676872153
2026-07-16 17:20:00+03:00,0.28065428004423376,0.28065428004423376,-0.061061653988098416
2026-07-16 17:25:00+03:00,0.2752829162836491,0.2752829162836491,-0.11147589506142724
2026-07-16 17:30:00+03:00,0.27074459767925096,0.27074459767925096,-0.11858325324344969
2026-07-16 17:35:00+03:00,0.26785821080825967,0.26785821080825967,-0.1175470950050056
2026-07-16 17:40:00+03:00,0.26665882962820797,0.26665882962820797,-0.11216687082216774
2026-07-16 17:45:00+03:00,0.26577699978776165,0.26577699978776165,-0.11277586163914291
2026-07-16 17:50:00+03:00,0.2646478769833646,0.2646478769833646,-0.11679276850457386
2026-07-16 17:55:00+03:00,0.2646628271100589,0.2646628271100589,-0.11109982508486041
2026-07-17 09:55:00+03:00,0.2768294711921899,0.2768294711921899,-0.024767013938055044
2026-07-17 10:00:00+03:00,0.27034146298699074,0.27034146298699074,-0.12932485471552357
2026-07-17 10:05:00+03:00,0.2787044889528359,0.2787044889528359,-0.037905658380307426
2026-07-17 10:10:00+03:00,0.2881884678193209,0.2881884678193209,-0.011180387364293694
2026-07-17 10:15:00+03:00,0.3428962634401176,0.3428962634401176,0.28728150607994624
2026-07-17 10:20:00+03:00,0.3470380095081591,0.3470380095081591,0.09327112937145421
2026-07-17 10:25:00+03:00,0.3306222794370679,0.3306222794370679,-0.03247813047264898
2026-07-17 10:30:00+03:00,0.32126724087792574,0.32126724087792574,-0.021592619253730592
2026-07-17 10:35:00+03:00,0.3150305485051643,0.3150305485051643,-0.021592619253730592
2026-07-17 10:40:00+03:00,0.3172076156592124,0.3172076156592124,0.020887998019307685
2026-07-17 10:45:00+03:00,0.3114262111537817,0.3114262111537817,-0.027732567329705898
2026-07-17 10:50:00+03:00,0.3087417992856068,0.3087417992856068,-0.019739246704313932
2026-07-17 10:55:00+03:00,0.3218508231027259,0.3218508231027259,0.07801019479832279
2026-07-17 11:00:00+03:00,0.3309805037475128,0.3309805037475128,0.08048401496341516
2026-07-17 11:05:00+03:00,0.32489582929443844,0.32489582929443844,0.0013142114678301965
2026-07-17 11:10:00+03:00,0.31733527759077623,0.31733527759077623,-0.022372672073840666
2026-07-17 11:15:00+03:00,0.31161378418644387,0.31161378418644387,-0.027030330871193976
2026-07-17 11:20:00+03:00,0.30656949251281734,0.30656949251281734,-0.03548722081842075
2026-07-17 11:25:00+03:00,0.30351647678499283,0.30351647678499283,-0.03335112700847547
2026-07-17 11:30:00+03:00,0.30329306518869015,0.30329306518869015,-0.020935564433442754
2026-07-17 11:35:00+03:00,0.30344267421888416,0.30344267421888416,-0.01890206088419936
2026-07-17 11:40:00+03:00,0.3025260976151319,0.3025260976151319,-0.0258384399012935
2026-07-17 11:45:00+03:00,0.3159277579480142,0.3159277579480142,0.06668385779257359
2026-07-17 11:50:00+03:00,0.31012779004017915,0.31012779004017915,-0.03078838632830143
2026-07-17 11:55:00+03:00,0.3147450586531008,0.3147450586531008,0.026194642253107223
2026-07-17 12:00:00+03:00,0.31761061066718405,0.31761061066718405,0.024796649280228886
2026-07-17 12:05:00+03:00,0.31900806255439274,0.31900806255439274,0.0214183522948175
2026-07-17 12:10:00+03:00,0.31880007435558566,0.31880007435558566,0.013881689888886833
2026-07-17 12:15:00+03:00,0.31474492081608174,0.31474492081608174,-0.012357300434153505
2026-07-17 12:20:00+03:00,0.31595797986337837,0.31595797986337837,0.013881689888886833
2026-07-17 12:25:00+03:00,0.3167666858949094,0.3167666858949094,0.013881689888886833
2026-07-17 12:30:00+03:00,0.32098192822560284,0.32098192822560284,0.03804406582461695
2026-07-17 12:35:00+03:00,0.32093350371421075,0.32093350371421075,0.019292493403319715
2026-07-17 12:40:00+03:00,0.3432378803337978,0.3432378803337978,0.16012782187254984
2026-07-17 12:45:00+03:00,0.3489414206305964,0.3489414206305964,0.10376666079555504
2026-07-17 12:50:00+03:00,0.33301277695798787,0.33301277695798787,-0.024783585537471287
2026-07-17 12:55:00+03:00,0.32569317712158363,0.32569317712158363,-0.0024245506320603816
2026-07-17 13:00:00+03:00,0.3206951330094524,0.3206951330094524,-0.0032193924248303724
2026-07-17 13:05:00+03:00,0.3226899268795334,0.3226899268795334,0.0320960688783903
2026-07-17 13:10:00+03:00,0.32795087163254166,0.32795087163254166,0.05758750775510544
2026-07-17 13:15:00+03:00,0.32637862656343714,0.32637862656343714,0.024560736862009876
2026-07-17 13:20:00+03:00,0.32207140087791175,0.32207140087791175,0.0029437000864620797
2026-07-17 13:25:00+03:00,0.32233174527013636,0.32233174527013636,0.023723356195804957
2026-07-17 13:30:00+03:00,0.32252384254870925,0.32252384254870925,0.023845370662580346
2026-07-17 13:35:00+03:00,0.32145862883947557,0.32145862883947557,0.015967169001349098
2026-07-17 13:40:00+03:00,0.3197300353856607,0.3197300353856607,0.009206065875651244
2026-07-17 13:45:00+03:00,0.32328396869954457,0.32328396869954457,0.04016959264516493
2026-07-17 13:50:00+03:00,0.32551366291510275,0.32551366291510275,0.039261146358388954
2026-07-17 13:55:00+03:00,0.3184484016917523,0.3184484016917523,-0.01759611392226271
2026-07-17 14:00:00+03:00,0.3150145378104114,0.3150145378104114,-0.008949693959216984
2026-07-17 14:05:00+03:00,0.3074701741547439,0.3074701741547439,-0.04495457629126306
2026-07-17 14:10:00+03:00,0.3010938012365315,0.3010938012365315,-0.05436203733858154
2026-07-17 14:15:00+03:00,0.3023809858181607,0.3023809858181607,-0.016152372189939545
2026-07-17 14:20:00+03:00,0.2974962715256244,0.2974962715256244,-0.055798966754924816
2026-07-17 14:25:00+03:00,0.3067338135295199,0.3067338135295199,0.02888477020060119
2026-07-17 14:30:00+03:00,0.3026757348188712,0.3026757348188712,-0.039914811044572104
2026-07-17 14:35:00+03:00,0.2998029640532517,0.2998029640532517,-0.0410747622613679
2026-07-17 14:40:00+03:00,0.30886671340566785,0.30886671340566785,0.03278228607765912
2026-07-17 14:45:00+03:00,0.3056768474401434,0.3056768474401434,-0.02902731307312425
2026-07-17 14:50:00+03:00,0.3128242337248165,0.3128242337248165,0.0330543134080122
2026-07-17 14:55:00+03:00,0.31905172390310177,0.31905172390310177,0.04258518306249381
2026-07-17 15:00:00+03:00,0.32281240243251547,0.32281240243251547,0.040043646634624105
2026-07-17 15:05:00+03:00,0.3244237725303335,0.3244237725303335,0.03420358767524889
2026-07-17 15:10:00+03:00,0.3272151571407705,0.3272151571407705,0.045377767450063104
2026-07-17 15:15:00+03:00,0.3310390452849633,0.3310390452849633,0.05804609035698449
2026-07-17 15:20:00+03:00,0.3308205000647901,0.3308205000647901,0.040151320962196736
2026-07-17 15:25:00+03:00,0.3522735673469963,0.3522735673469963,0.17489568339631334
2026-07-17 15:30:00+03:00,0.3688554983651636,0.3688554983651636,0.18858437059058952
2026-07-17 15:35:00+03:00,0.3703666952982273,0.3703666952982273,0.13070351783607764
2026-07-17 15:40:00+03:00,0.3793744915144972,0.3793744915144972,0.179328178934795
2026-07-17 15:45:00+03:00,0.37989525345433245,0.37989525345433245,0.14611843441430902
2026-07-17 15:50:00+03:00,0.37840863479698433,0.37840863479698433,0.1348948614010803
2026-07-17 15:55:00+03:00,0.3713435345145018,0.3713435345145018,0.0972286342711684
2026-07-17 16:00:00+03:00,0.3695060216788394,0.3695060216788394,0.11514062567515763
2026-07-17 16:05:00+03:00,0.36720833009446147,0.36720833009446147,0.108473436246582
2026-07-17 16:10:00+03:00,0.36724121934135057,0.36724121934135057,0.11819028933608199
2026-07-17 16:15:00+03:00,0.3540456215817878,0.3540456215817878,0.03422082117160979
2026-07-17 16:20:00+03:00,0.345248556408746,0.345248556408746,0.03422082117160979
2026-07-17 16:25:00+03:00,0.3421247008983287,0.3421247008983287,0.05201522027727366
2026-07-17 16:30:00+03:00,0.3399433016149088,0.3399433016149088,0.05137741061755292
2026-07-17 16:35:00+03:00,0.33594881045210184,0.33594881045210184,0.03488575640988807
2026-07-17 16:40:00+03:00,0.3448493052239805,0.3448493052239805,0.10855095896293002
2026-07-17 16:45:00+03:00,0.338613430983988,0.338613430983988,0.030922504384590512
2026-07-17 16:50:00+03:00,0.3262660331323811,0.3262660331323811,-0.023836241183431736
2026-07-17 16:55:00+03:00,0.3163853400415671,0.3163853400415671,-0.035158249381787694
2026-07-17 17:00:00+03:00,0.31578968688301867,0.31578968688301867,0.005485815050727764
2026-07-17 17:05:00+03:00,0.314573513761699,0.314573513761699,7.03183270137583e-06
2026-07-17 17:10:00+03:00,0.31057326246874667,0.31057326246874667,-0.02155716127993954
2026-07-17 17:15:00+03:00,0.3083200043534996,0.3083200043534996,-0.018739654291608916
2026-07-17 17:20:00+03:00,0.3105295425872309,0.3105295425872309,0.00626483977950993
2026-07-17 17:25:00+03:00,0.31200256807638516,0.31200256807638516,0.00626483977950993
2026-07-17 17:30:00+03:00,0.3095472110241749,0.3095472110241749,-0.016874303069105635
2026-07-17 17:35:00+03:00,0.31446589544719133,0.31446589544719133,0.02690345191895279
2026-07-17 17:40:00+03:00,0.31091509300579606,0.31091509300579606,-0.018739654291608916
2026-07-17 17:45:00+03:00,0.47172035209473145,0.47172035209473145,1.024403922787876
2026-07-17 17:50:00+03:00,0.5783517977001749,0.5783517977001749,1.01939752437973
2026-07-17 17:55:00+03:00,0.682266575435139,0.682266575435139,1.3825901491411428
2026-07-20 09:55:00+03:00,0.7528406955209624,0.7528406955209624,1.4019849841132261
2026-07-20 10:00:00+03:00,0.6113659364186154,0.6113659364186154,0.0358792741966016
2026-07-20 10:05:00+03:00,0.5530317569528719,0.5530317569528719,0.25628923551485255
2026-07-20 10:10:00+03:00,0.5476933758843591,0.5476933758843591,0.4502409110863879
2026-07-20 10:15:00+03:00,0.5742273030623662,0.5742273030623662,0.6288501651915092
2026-07-20 10:20:00+03:00,0.5240870880311795,0.5240870880311795,0.23171062623793587
2026-07-20 10:25:00+03:00,0.48865454294490523,0.48865454294490523,0.219866127952951
2026-07-20 10:30:00+03:00,0.4310765220195279,0.4310765220195279,0.008424074623986743
2026-07-20 10:35:00+03:00,0.44333378085578173,0.44333378085578173,0.31729002535824113
2026-07-20 10:40:00+03:00,0.4390943817230048,0.4390943817230048,0.24506023563538926
2026-07-20 10:45:00+03:00,0.4148041307994943,0.4148041307994943,0.11595237583086832
2026-07-20 10:50:00+03:00,0.4220727115958132,0.4220727115958132,0.25676998370823834
2026-07-20 10:55:00+03:00,0.4491586541125243,0.4491586541125243,0.38546652473329507
2026-07-20 11:00:00+03:00,0.46527762082700447,0.46527762082700447,0.3743073149774728
2026-07-20 11:05:00+03:00,0.4741722782126264,0.4741722782126264,0.3636478587217157
2026-07-20 11:10:00+03:00,0.45379196633416213,0.45379196633416213,0.21046609294076604
2026-07-20 11:15:00+03:00,0.41992272783908513,0.41992272783908513,0.08668739304440476
2026-07-20 11:20:00+03:00,0.3851328121630904,0.3851328121630904,0.007608003636125981
2026-07-20 11:25:00+03:00,0.36537910099209536,0.36537910099209536,0.03033297216830894
2026-07-20 11:30:00+03:00,0.37439863367951787,0.37439863367951787,0.1693851466150148
2026-07-20 11:35:00+03:00,0.4087295640677659,0.4087295640677659,0.335659129230062
2026-07-20 11:40:00+03:00,0.4188352096327306,0.4188352096327306,0.2615193640603804
2026-07-20 11:45:00+03:00,0.4227130989926278,0.4227130989926278,0.24477316451882714
2026-07-20 11:50:00+03:00,0.44844733340106796,0.44844733340106796,0.37891347957868976
2026-07-20 11:55:00+03:00,0.4423605159567461,0.4423605159567461,0.24422129150646182
2026-07-20 12:00:00+03:00,0.43207194815212635,0.43207194815212635,0.20742378137349574
2026-07-20 12:05:00+03:00,0.4643375137197018,0.4643375137197018,0.4345362652703639
2026-07-20 12:10:00+03:00,0.5065496370573513,0.5065496370573513,0.5556215097705457
2026-07-20 12:15:00+03:00,0.4981464457640485,0.4981464457640485,0.3432496146644599
2026-07-20 12:20:00+03:00,0.4978298090986061,0.4978298090986061,0.37369509477645163
2026-07-20 12:25:00+03:00,0.48532626585148336,0.48532626585148336,0.3027662688866344
2026-07-20 12:30:00+03:00,0.48943589771466883,0.48943589771466883,0.3745752302962513
2026-07-20 12:35:00+03:00,0.523469285261986,0.523469285261986,0.5567375123571896
2026-07-20 12:40:00+03:00,0.5250234004502733,0.5250234004502733,0.43311730965189865
2026-07-20 12:45:00+03:00,0.5025373483877124,0.5025373483877124,0.29744551915616696
2026-07-20 12:50:00+03:00,0.48785629822132864,0.48785629822132864,0.2992408508006409
2026-07-20 12:55:00+03:00,0.4783432396858974,0.4783432396858974,0.3008308007778599
2026-07-20 13:00:00+03:00,0.46744922567264885,0.46744922567264885,0.27438430647273
2026-07-20 13:05:00+03:00,0.4610188938254189,0.4610188938254189,0.279230814923247
2026-07-20 13:10:00+03:00,0.47048739766937636,0.47048739766937636,0.35877724527463756
2026-07-20 13:15:00+03:00,0.4622829310667367,0.4622829310667367,0.2747975359686495
2026-07-20 13:20:00+03:00,0.44588626161124034,0.44588626161124034,0.21058795056115368
2026-07-20 13:25:00+03:00,0.42825987122874754,0.42825987122874754,0.17053054796069508
2026-07-20 13:30:00+03:00,0.4145711233193559,0.4145711233193559,0.1588078919791222
2026-07-20 13:35:00+03:00,0.40501258989040323,0.40501258989040323,0.1561815757539552
2026-07-20 13:40:00+03:00,0.39589023760695724,0.39589023760695724,0.13941154415532772
2026-07-20 13:45:00+03:00,0.38579007061144477,0.38579007061144477,0.11464165042970251
2026-07-20 13:50:00+03:00,0.3782876480781291,0.3782876480781291,0.10986333135569948
2026-07-20 13:55:00+03:00,0.37307832718210177,0.37307832718210177,0.10857045048612424
2026-07-20 14:00:00+03:00,0.3606442036369041,0.3606442036369041,0.0517979062114574
2026-07-20 14:05:00+03:00,0.3585019891186797,0.3585019891186797,0.09095744123468645
2026-07-20 14:10:00+03:00,0.36317703437253224,0.36317703437253224,0.12893523202715212
2026-07-20 14:15:00+03:00,0.37878325119326056,0.37878325119326056,0.20445223150449113
2026-07-20 14:20:00+03:00,0.38955601897624287,0.38955601897624287,0.20664458830827362
2026-07-20 14:25:00+03:00,0.38773366684925403,0.38773366684925403,0.15252107765358272
2026-07-20 14:30:00+03:00,0.3580545421447846,0.3580545421447846,-0.030402556848682625
2026-07-20 14:35:00+03:00,0.331978685720529,0.331978685720529,-0.07444710882765618
2026-07-20 14:40:00+03:00,0.31052481966787243,0.31052481966787243,-0.10391667395024808
2026-07-20 14:45:00+03:00,0.2950887977191767,0.2950887977191767,-0.11227375399425063
2026-07-20 14:50:00+03:00,0.28067407133995737,0.28067407133995737,-0.14328158288533033
2026-07-20 14:55:00+03:00,0.2761134400316419,0.2761134400316419,-0.10544743516861523
2026-07-20 15:00:00+03:00,0.2731710376043332,0.2731710376043332,-0.10472684284597833
2026-07-20 15:05:00+03:00,0.27057005104197673,0.27057005104197673,-0.10943647362660383
2026-07-20 15:10:00+03:00,0.2688360600004058,0.2688360600004058,-0.10943647362660383
2026-07-20 15:15:00+03:00,0.267583593815013,0.267583593815013,-0.11014895876398119
2026-07-20 15:20:00+03:00,0.2667486163580845,0.2667486163580845,-0.11014895876398119
2026-07-20 15:25:00+03:00,0.2663719238730406,0.2663719238730406,-0.10882028961256213
2026-07-20 15:30:00+03:00,0.2666891269896477,0.2666891269896477,-0.1046354728081455
2026-07-20 15:35:00+03:00,0.26846919224436167,0.26846919224436167,-0.09317236701427538
2026-07-20 15:40:00+03:00,0.2674121027477612,0.2674121027477612,-0.10960913345294297
2026-07-20 15:45:00+03:00,0.2687652490409598,0.2687652490409598,-0.09452454264834417
2026-07-20 15:50:00+03:00,0.28165700968108154,0.28165700968108154,-0.010540073910211908
2026-07-20 15:55:00+03:00,0.2877416452150857,0.2877416452150857,-0.027623995635483668
2026-07-20 16:00:00+03:00,0.2915961508875444,0.2915961508875444,-0.02900890539789938
2026-07-20 16:05:00+03:00,0.28580939739495903,0.28580939739495903,-0.08784012352814617
2026-07-20 16:10:00+03:00,0.2801428401242993,0.2801428401242993,-0.10100150371073742
2026-07-20 16:15:00+03:00,0.27544202309806365,0.27544202309806365,-0.10778329176122817
2026-07-20 16:20:00+03:00,0.26872634374978854,0.26872634374978854,-0.13453570632306605
2026-07-20 16:25:00+03:00,0.2679007290658752,0.2679007290658752,-0.1072696417334737
2026-07-20 16:30:00+03:00,0.2682017874518485,0.2682017874518485,-0.10101571297658177
2026-07-20 16:35:00+03:00,0.29285712300052097,0.29285712300052097,0.06548374537489698
2026-07-20 16:40:00+03:00,0.28586686533514205,0.28586686533514205,-0.09351879647714091
2026-07-20 16:45:00+03:00,0.29076786660383486,0.29076786660383486,-0.0261192740835021
2026-07-20 16:50:00+03:00,0.2837432087883455,0.2837432087883455,-0.09884560597196326
2026-07-20 16:55:00+03:00,0.279143466476299,0.279143466476299,-0.0982366151549881
2026-07-20 17:00:00+03:00,0.2746627807966507,0.2746627807966507,-0.10861649323107535
2026-07-20 17:05:00+03:00,0.2679574729585488,0.2679574729585488,-0.13642538439150076
2026-07-20 17:10:00+03:00,0.2630243690954337,0.2630243690954337,-0.1399427823468486
2026-07-20 17:15:00+03:00,0.2602961910228772,0.2602961910228772,-0.13568492456190887
2026-07-20 17:20:00+03:00,0.2573325841191526,0.2573325841191526,-0.14440065157663215
2026-07-20 17:25:00+03:00,0.25681998170121967,0.25681998170121967,-0.1332753214245827
2026-07-20 17:30:00+03:00,0.2570889055109544,0.2570889055109544,-0.1286691616516643
2026-07-20 17:35:00+03:00,0.2572163551191803,0.2572163551191803,-0.12905930034214627
2026-07-20 17:40:00+03:00,0.25514398925905457,0.25514398925905457,-0.14543645715647605
2026-07-20 17:45:00+03:00,0.2570718291241928,0.2570718291241928,-0.12042365011770324
2026-07-20 17:50:00+03:00,0.2613668677203701,0.2613668677203701,-0.09820505851213542
2026-07-20 17:55:00+03:00,0.2644940088258637,0.2644940088258637,-0.09628044840431582
2026-07-21 09:55:00+03:00,0.24330731962442975,0.24330731962442975,-0.2832113067623778
2026-07-21 10:00:00+03:00,0.24643067189372356,0.24643067189372356,-0.14116352145477376
2026-07-21 10:05:00+03:00,0.2502780961977371,0.2502780961977371,-0.12780113586529798
2026-07-21 10:10:00+03:00,0.2532072770382997,0.2532072770382997,-0.12506633402665404
2026-07-21 10:15:00+03:00,0.2566365462788395,0.2566365462788395,-0.11405624884128047
2026-07-21 10:20:00+03:00,0.2635879169848552,0.2635879169848552,-0.0800233221301976
2026-07-21 10:25:00+03:00,0.26830411729851567,0.26830411729851567,-0.07943516084795166
2026-07-21 10:30:00+03:00,0.2635155778621283,0.2635155778621283,-0.1379647198223471
2026-07-21 10:35:00+03:00,0.26247782554969745,0.26247782554969745,-0.12173105651803047
2026-07-21 10:40:00+03:00,0.2619199127127641,0.2619199127127641,-0.12073074398842347
2026-07-21 10:45:00+03:00,0.2524667898618015,0.2524667898618015,-0.19102489384112994
2026-07-21 10:50:00+03:00,0.24521329518711987,0.24521329518711987,-0.19870718496381592
2026-07-21 10:55:00+03:00,0.242775359300743,0.242775359300743,-0.17947038225940035
2026-07-21 11:00:00+03:00,0.24842419236314375,0.24842419236314375,-0.12342754796216937
2026-07-21 11:05:00+03:00,0.24822705809674547,0.24822705809674547,-0.1535512166414062
2026-07-21 11:10:00+03:00,0.2483297281764769,0.2483297281764769,-0.15174552262408444
2026-07-21 11:15:00+03:00,0.2490219471311684,0.2490219471311684,-0.14695060330668572
2026-07-21 11:20:00+03:00,0.2496786905466254,0.2496786905466254,-0.14545452524419222
2026-07-21 11:25:00+03:00,0.2507869694625932,0.2507869694625932,-0.1403352392667226
2026-07-21 11:30:00+03:00,0.2577092177164371,0.2577092177164371,-0.09432523011654988
2026-07-21 11:35:00+03:00,0.2590325281890505,0.2590325281890505,-0.11855546957295715
2026-07-21 11:40:00+03:00,0.2577108667616986,0.2577108667616986,-0.1351098086841547
2026-07-21 11:45:00+03:00,0.256829759143464,0.256829759143464,-0.1351098086841547
2026-07-21 11:50:00+03:00,0.25676193675314407,0.25676193675314407,-0.13118196544813585
2026-07-21 11:55:00+03:00,0.25660639535293517,0.25660639535293517,-0.1320146793693266
2026-07-21 12:00:00+03:00,0.25659916851568043,0.25659916851568043,-0.13128653105611937
2026-07-21 12:05:00+03:00,0.2565943506241773,0.2565943506241773,-0.13128653105611937
2026-07-21 12:10:00+03:00,0.2567015467117787,0.2567015467117787,-0.13045381713492862
2026-07-21 12:15:00+03:00,0.25696462641288403,0.25696462641288403,-0.12901028838850653
2026-07-21 12:20:00+03:00,0.25860940421305617,0.25860940421305617,-0.11800979150867133
2026-07-21 12:25:00+03:00,0.2596363816307932,0.2596363816307932,-0.11852768997643343
2026-07-21 12:30:00+03:00,0.26022332121134273,0.26022332121134273,-0.11925583828964065
2026-07-21 12:35:00+03:00,0.2636941379580972,0.2636941379580972,-0.09655388796682796
2026-07-21 12:40:00+03:00,0.26608110537942786,0.26608110537942786,-0.09602109782225296
2026-07-21 12:45:00+03:00,0.2676885871265195,0.2676885871265195,-0.09590326147947449
2026-07-21 12:50:00+03:00,0.286055786641098,0.286055786641098,0.023586746268783567
2026-07-21 12:55:00+03:00,0.29022355756358925,0.29022355756358925,-0.030716805882950015
2026-07-21 13:00:00+03:00,0.298927150458323,0.298927150458323,0.009342474230942564
2026-07-21 13:05:00+03:00,0.304660764471376,0.304660764471376,0.008884651855829545
2026-07-21 13:10:00+03:00,0.3071612674437971,0.3071612674437971,5.4190824839993204e-05
2026-07-21 13:15:00+03:00,0.32792427171072974,0.32792427171072974,0.1226095409756204
2026-07-21 13:20:00+03:00,0.3313259271470956,0.3313259271470956,0.05685128049944893
2026-07-21 13:25:00+03:00,0.3315307223325752,0.3315307223325752,0.04352357657409559
2026-07-21 13:30:00+03:00,0.3384420937827677,0.3384420937827677,0.08685684018959733
2026-07-21 13:35:00+03:00,0.3464874513988702,0.3464874513988702,0.10840123987934266
2026-07-21 13:40:00+03:00,0.3535679107045793,0.3535679107045793,0.11906091594158658
2026-07-21 13:45:00+03:00,0.37318017568908884,0.37318017568908884,0.20922576767817344
2026-07-21 13:50:00+03:00,0.38716361442659003,0.38716361442659003,0.21461697949792047
2026-07-21 13:55:00+03:00,0.39414078682029796,0.39414078682029796,0.2006802055577384
2026-07-21 14:00:00+03:00,0.4027768170366954,0.4027768170366954,0.2243191165637905
2026-07-21 14:05:00+03:00,0.4098833381535732,0.4098833381535732,0.2322797759717031
2026-07-21 14:10:00+03:00,0.4149685363489808,0.4149685363489808,0.23432698940055696
2026-07-21 14:15:00+03:00,0.4208785384510919,0.4208785384510919,0.24913358617686787
2026-07-21 14:20:00+03:00,0.43253013029110143,0.43253013029110143,0.294096790917293
2026-07-21 14:25:00+03:00,0.44274678265554895,0.44274678265554895,0.30828874537509304
2026-07-21 14:30:00+03:00,0.48419314806109026,0.48419314806109026,0.5085952191913843
2026-07-21 14:35:00+03:00,0.5124504892153515,0.5124504892153515,0.5122696383055038
2026-07-21 14:40:00+03:00,0.5311413823044591,0.5311413823044591,0.5114050825537015
2026-07-21 14:45:00+03:00,0.5437926548367766,0.5437926548367766,0.5125240140169773
2026-07-21 14:50:00+03:00,0.4633976518450661,0.4633976518450661,-0.02147785133298881
2026-07-21 14:55:00+03:00,0.41174175784040434,0.41174175784040434,-0.008312650571065621
2026-07-21 15:00:00+03:00,0.46015982985250015,0.46015982985250015,0.4889289868336463
2026-07-21 15:05:00+03:00,0.4956966773115619,0.4956966773115619,0.5079787090953948
2026-07-21 15:10:00+03:00,0.49414390952444537,0.49414390952444537,0.3618756696783354
2026-07-21 15:15:00+03:00,0.49322434903660967,0.49322434903660967,0.36254149559375287
2026-07-21 15:20:00+03:00,0.48586259127216797,0.48586259127216797,0.32362871398167115
2026-07-21 15:25:00+03:00,0.3582364687769574,0.3582364687769574,-0.6593538512615232
2026-07-21 15:30:00+03:00,0.25206242868232054,0.25206242868232054,-1.149193754800744
2026-07-21 15:35:00+03:00,0.18220450250088838,0.18220450250088838,-1.1154105198866757
2026-07-21 15:40:00+03:00,0.13558552297334953,0.13558552297334953,-1.1170769128562075
2026-07-21 15:45:00+03:00,0.11692228609522291,0.11692228609522291,-0.7952942912675319
2026-07-21 15:50:00+03:00,0.08997644371339227,0.08997644371339227,-1.1969843401948328
2026-07-21 15:55:00+03:00,0.08403549143037757,0.08403549143037757,-0.8462528252269221
2026-07-21 16:00:00+03:00,0.08463634676402179,0.08463634676402179,-0.7558074876628067
2026-07-21 16:05:00+03:00,0.08461662237158576,0.08461662237158576,-0.7635681901809139
2026-07-21 16:10:00+03:00,0.08578825987423262,0.08578825987423262,-0.7419521931987476
2026-07-21 16:15:00+03:00,0.10726521850539152,0.10726521850539152,-0.4522846817223002
2026-07-21 16:20:00+03:00,0.12258773752842048,0.12258773752842048,-0.4410508705914776
2026-07-21 16:25:00+03:00,0.11061319770150524,0.11061319770150524,-0.7507789332698175
2026-07-21 16:30:00+03:00,0.09887590893966253,0.09887590893966253,-0.823447961529959
2026-07-21 16:35:00+03:00,0.0920403226366653,0.0920403226366653,-0.8033843943521813
2026-07-21 16:40:00+03:00,0.08339826433345225,0.08339826433345225,-0.8913029091168234
2026-07-21 16:45:00+03:00,0.10849721839598087,0.10849721839598087,-0.4211417655145006
2026-07-21 16:50:00+03:00,0.11951110618272107,0.11951110618272107,-0.485715724561881
2026-07-21 16:55:00+03:00,0.12609179064586895,0.12609179064586895,-0.49480225660929095
2026-07-21 17:00:00+03:00,0.1149840780091748,0.1149840780091748,-0.7149052081599465
2026-07-21 17:05:00+03:00,0.09544918539374019,0.09544918539374019,-0.9726928316200607
2026-07-21 17:10:00+03:00,0.10775658420897948,0.10775658420897948,-0.5229377041326262
2026-07-21 17:15:00+03:00,0.1215974051266753,0.1215974051266753,-0.455826925555902
2026-07-21 17:20:00+03:00,0.1319631853059088,0.1319631853059088,-0.4430430842367198
2026-07-21 17:25:00+03:00,0.13610747056671474,0.13610747056671474,-0.4745282504828518
2026-07-21 17:30:00+03:00,0.17630445225811806,0.17630445225811806,-0.13100060225129823
2026-07-21 17:35:00+03:00,0.16670804249661053,0.16670804249661053,-0.46252294405562316
2026-07-21 17:40:00+03:00,0.16928266305809672,0.16928266305809672,-0.3667222406482513
2026-07-21 17:45:00+03:00,0.19251552759987933,0.19251552759987933,-0.1766123236664116
2026-07-21 17:50:00+03:00,0.21071559898482123,0.21071559898482123,-0.15539842805171736
2026-07-21 17:55:00+03:00,0.2001444748613958,0.2001444748613958,-0.3516506525339797
2026-07-22 09:55:00+03:00,0.15651803756225707,0.15651803756225707,-0.8673443600702837
2026-07-22 10:00:00+03:00,0.11511541620528991,0.11511541620528991,-1.2518667371705543
2026-07-22 10:05:00+03:00,0.08794434351014228,0.08794434351014228,-1.2324148763132419
2026-07-22 10:10:00+03:00,0.08248667030563496,0.08248667030563496,-0.8504410177380232
2026-07-22 10:15:00+03:00,0.10841082085537662,0.10841082085537662,-0.4155440587268906
2026-07-22 10:20:00+03:00,0.10844223773860204,0.10844223773860204,-0.6313386420577662
2026-07-22 10:25:00+03:00,0.12435432833709772,0.12435432833709772,-0.43024374470386495
2026-07-22 10:30:00+03:00,0.10899076901378744,0.10899076901378744,-0.8040855851552176
2026-07-22 10:35:00+03:00,0.10061314455548657,0.10061314455548657,-0.768042478544753
2026-07-22 10:40:00+03:00,0.09621735261838969,0.09621735261838969,-0.7461807626422358
2026-07-22 10:45:00+03:00,0.08009281141272558,0.08009281141272558,-1.0557714497786803
2026-07-22 10:50:00+03:00,0.06920413938398962,0.06920413938398962,-1.0601806254336128
2026-07-22 10:55:00+03:00,0.06912030506307358,0.06912030506307358,-0.8696749957627226
2026-07-22 11:00:00+03:00,0.07442443157713745,0.07442443157713745,-0.7607525008949171
2026-07-22 11:05:00+03:00,0.08008173187178555,0.08008173187178555,-0.7227803608136367
2026-07-22 11:10:00+03:00,0.10187948414469711,0.10187948414469711,-0.47035140851130375
2026-07-22 11:15:00+03:00,0.12071029032919592,0.12071029032919592,-0.4223041912911543
2026-07-22 11:20:00+03:00,0.13410550408510644,0.13410550408510644,-0.41327751340338337
2026-07-22 11:25:00+03:00,0.14157088593303535,0.14157088593303535,-0.4290683793471744
2026-07-22 11:30:00+03:00,0.1515848411968407,0.1515848411968407,-0.3761748192923534
2026-07-22 11:35:00+03:00,0.1616526073655286,0.1616526073655286,-0.34261072544644183
2026-07-22 11:40:00+03:00,0.16234670015133895,0.16234670015133895,-0.4032602961346701
2026-07-22 11:45:00+03:00,0.15845743947207486,0.15845743947207486,-0.4505588700235553
2026-07-22 11:50:00+03:00,0.15573354983518062,0.15573354983518062,-0.4520342961931572
2026-07-22 11:55:00+03:00,0.15744355981284702,0.15744355981284702,-0.4133924856167832
2026-07-22 12:00:00+03:00,0.15818494976794598,0.15818494976794598,-0.4176554894094989
2026-07-22 12:05:00+03:00,0.16111295347671195,0.16111295347671195,-0.3920176443072335
2026-07-22 12:10:00+03:00,0.16261728968482395,0.16261728968482395,-0.396664942236824
2026-07-22 12:15:00+03:00,0.16561810132813617,0.16561810132813617,-0.3761512881760037
2026-07-22 12:20:00+03:00,0.1656079129841412,0.1656079129841412,-0.39679835390456875
2026-07-22 12:25:00+03:00,0.20416525327891866,0.20416525327891866,-0.07099360296374413
2026-07-22 12:30:00+03:00,0.22184252558806752,0.22184252558806752,-0.12974758978109452
2026-07-22 12:35:00+03:00,0.2343396842176001,0.2343396842176001,-0.12439582264637174
2026-07-22 12:40:00+03:00,0.22011474274075657,0.22011474274075657,-0.31140220411352487
2026-07-22 12:45:00+03:00,0.2563229382477892,0.2563229382477892,0.03658148679886625
2026-07-22 12:50:00+03:00,0.2760228213729433,0.2760228213729433,0.007318328773379869
2026-07-22 12:55:00+03:00,0.2902116001754029,0.2902116001754029,0.014334936595214346
2026-07-22 13:00:00+03:00,0.30360866416675447,0.30360866416675447,0.040193352871326596
2026-07-22 13:05:00+03:00,0.3191568474335789,0.3191568474335789,0.08262169546710285
2026-07-22 13:10:00+03:00,0.32280887541534214,0.32280887541534214,0.03956464582584624
2026-07-22 13:15:00+03:00,0.35150529994676527,0.35150529994676527,0.2022746119065174
2026-07-22 13:20:00+03:00,0.37319906824124743,0.37319906824124743,0.21749273132761637
2026-07-22 13:25:00+03:00,0.3837022407694978,0.3837022407694978,0.19394531788765218
2026-07-22 13:30:00+03:00,0.3978675285716478,0.3978675285716478,0.2364054985467207
2026-07-22 13:35:00+03:00,0.40758632483004886,0.40758632483004886,0.23802514475500489
2026-07-22 13:40:00+03:00,0.4111940436626681,0.4111940436626681,0.22108878044965305
2026-07-22 13:45:00+03:00,0.41071257679783774,0.41071257679783774,0.20396421578341914
2026-07-22 13:50:00+03:00,0.4072021626002444,0.4072021626002444,0.1849135357717017
2026-07-22 13:55:00+03:00,0.4165892223624871,0.4165892223624871,0.2543380007911868
2026-07-22 14:00:00+03:00,0.4310500194568756,0.4310500194568756,0.3020950182573526
2026-07-22 14:05:00+03:00,0.432974682966126,0.432974682966126,0.2571876065378138
2026-07-22 14:10:00+03:00,0.4345865811213397,0.4345865811213397,0.25911069091077843
2026-07-22 14:15:00+03:00,0.4418811087227942,0.4418811087227942,0.29532839113528925
2026-07-22 14:20:00+03:00,0.4481052394023209,0.4481052394023209,0.30321876967198114
2026-07-22 14:25:00+03:00,0.44484066411442375,0.44484066411442375,0.260087369426199
2026-07-22 14:30:00+03:00,0.4406575980510211,0.4406575980510211,0.24833789384395252
2026-07-22 14:35:00+03:00,0.4428629906766319,0.4428629906766319,0.27751476449706214
2026-07-22 14:40:00+03:00,0.44841825028588156,0.44841825028588156,0.3012396481964556
2026-07-22 14:45:00+03:00,0.4368162085842832,0.4368162085842832,0.21161515918492435
2026-07-22 14:50:00+03:00,0.4294448281215305,0.4294448281215305,0.21377030651620418
2026-07-22 14:55:00+03:00,0.42210242701249745,0.42210242701249745,0.19933424527988214
2026-07-22 15:00:00+03:00,0.4133864869665509,0.4133864869665509,0.17645057430213304
2026-07-22 15:05:00+03:00,0.38631627124421575,0.38631627124421575,0.04403303387855268
2026-07-22 15:10:00+03:00,0.37252757010878934,0.37252757010878934,0.07140263012281567
2026-07-22 15:15:00+03:00,0.3704914290721904,0.3704914290721904,0.11635646311582193
2026-07-22 15:20:00+03:00,0.36585629405010095,0.36585629405010095,0.09591740986235107
2026-07-22 15:25:00+03:00,0.35333250435565533,0.35333250435565533,0.035593223760790126
2026-07-22 15:30:00+03:00,0.3266202247478488,0.3266202247478488,-0.09035051150867963
2026-07-22 15:35:00+03:00,0.30794097896095557,0.30794097896095557,-0.09668340122575078
2026-07-22 15:40:00+03:00,0.29368879982242085,0.29368879982242085,-0.10988849181634953
2026-07-22 15:45:00+03:00,0.28788248956418505,0.28788248956418505,-0.0829485432946686
2026-07-22 15:50:00+03:00,0.2898942347009768,0.2898942347009768,-0.041397661574936365
2026-07-22 15:55:00+03:00,0.3009353471072638,0.3009353471072638,0.024085700003008626
2026-07-22 16:00:00+03:00,0.29885677243600656,0.29885677243600656,-0.03959151840453458
2026-07-22 16:05:00+03:00,0.2921042334703366,0.2921042334703366,-0.07737403188194865
2026-07-22 16:10:00+03:00,0.28269812526888904,0.28269812526888904,-0.11309054007623587
2026-07-22 16:15:00+03:00,0.27889580792309654,0.27889580792309654,-0.09496216532547307
2026-07-22 16:20:00+03:00,0.27356168231591943,0.27356168231591943,-0.11554470808873327
2026-07-22 16:25:00+03:00,0.2719492679105398,0.2719492679105398,-0.10120969763530119
2026-07-22 16:30:00+03:00,0.26471381441562886,0.26471381441562886,-0.1473685309645027
2026-07-22 16:35:00+03:00,0.2599260980790205,0.2599260980790205,-0.1470930291562596
2026-07-22 16:40:00+03:00,0.2567464589785326,0.2567464589785326,-0.14699968924660095
2026-07-22 16:45:00+03:00,0.25504574388915013,0.25504574388915013,-0.14379173690334676
2026-07-22 16:50:00+03:00,0.25125109919268945,0.25125109919268945,-0.16434715120404764
2026-07-22 16:55:00+03:00,0.2445902744751116,0.2445902744751116,-0.19718845380081887
2026-07-22 17:00:00+03:00,0.24014972466339304,0.24014972466339304,-0.19718845380081887
2026-07-22 17:05:00+03:00,0.23731636967274028,0.23731636967274028,-0.19616080929996693
2026-07-22 17:10:00+03:00,0.23522103189046573,0.23522103189046573,-0.19783166242228606
2026-07-22 17:15:00+03:00,0.23398618911039934,0.23398618911039934,-0.196519794973
2026-07-22 17:20:00+03:00,0.23591264184296218,0.23591264184296218,-0.17454575623299318
2026-07-22 17:25:00+03:00,0.23473808973408633,0.23473808973408633,-0.1941702213452486
2026-07-22 17:30:00+03:00,0.23676737482311191,0.23676737482311191,-0.17175900412288286
2026-07-22 17:35:00+03:00,0.23559730749578525,0.23559730749578525,-0.1918383105505415
2026-07-22 17:40:00+03:00,0.23757022251765722,0.23757022251765722,-0.16994988290276428
2026-07-22 17:45:00+03:00,0.23571783097242718,0.23571783097242718,-0.19518185642904265
2026-07-22 17:50:00+03:00,0.24239899462159978,0.24239899462159978,-0.1333596382472785
2026-07-22 17:55:00+03:00,0.24590344424907254,0.24590344424907254,-0.14056673550253637
2026-07-23 09:55:00+03:00,0.25358663331478737,0.25358663331478737,-0.10065182077140294
2026-07-23 10:00:00+03:00,0.2721638058223172,0.2721638058223172,-0.006316548573682832
2026-07-23 10:05:00+03:00,0.28219108724542097,0.28219108724542097,-0.022301066285578087
2026-07-23 10:10:00+03:00,0.2887321235422385,0.2887321235422385,-0.023282966574081954
2026-07-23 10:15:00+03:00,0.2908957862318201,0.2908957862318201,-0.03838384682355889
2026-07-23 10:20:00+03:00,0.293325863644333,0.293325863644333,-0.03157178855305295
2026-07-23 10:25:00+03:00,0.29357488300496487,0.29357488300496487,-0.04103894265133518
2026-07-23 10:30:00+03:00,0.29364412671173734,0.29364412671173734,-0.04171004434940229
2026-07-23 10:35:00+03:00,0.2930653374935262,0.2930653374935262,-0.0460535049430425
2026-07-23 10:40:00+03:00,0.29330698571288477,0.29330698571288477,-0.04169231325908358
2026-07-23 10:45:00+03:00,0.29741500148206673,0.29741500148206673,-0.014623958517437856
2026-07-23 10:50:00+03:00,0.2971980008422598,0.2971980008422598,-0.03483626383349191
2026-07-23 10:55:00+03:00,0.3120643091084998,0.3120643091084998,0.06469306976729014
2026-07-23 11:00:00+03:00,0.3130253488694531,0.3130253488694531,0.006262192217005939
2026-07-23 11:05:00+03:00,0.31285138986905703,0.31285138986905703,0.0008163239058978895
2026-07-23 11:10:00+03:00,0.31433958564812897,0.31433958564812897,0.011518284692715012
2026-07-23 11:15:00+03:00,0.31422461099903654,0.31422461099903654,0.004141879094114529
2026-07-23 11:20:00+03:00,0.31648903025941516,0.31648903025941516,0.01969141607110885
2026-07-23 11:25:00+03:00,0.32819439402746237,0.32819439402746237,0.08546914152279926
2026-07-23 11:30:00+03:00,0.32985035089306114,0.32985035089306114,0.04616475416494293
2026-07-23 11:35:00+03:00,0.33108761107868406,0.33108761107868406,0.047027988645475846
2026-07-23 11:40:00+03:00,0.32967404413330514,0.32967404413330514,0.032461127627824556
2026-07-23 11:45:00+03:00,0.3268771731431211,0.3268771731431211,0.020275807740186818
2026-07-23 11:50:00+03:00,0.3221805549582724,0.3221805549582724,0.0014500048873237249
2026-07-23 11:55:00+03:00,0.3359439953682352,0.3359439953682352,0.11025336928556803
2026-07-23 12:00:00+03:00,0.35234508940521525,0.35234508940521525,0.15466624077299954
2026-07-23 12:05:00+03:00,0.3596445732193305,0.3596445732193305,0.13245476444033308
2026-07-23 12:10:00+03:00,0.4200075023083455,0.4200075023083455,0.4574168375096785
2026-07-23 12:15:00+03:00,0.4594079704411569,0.4594079704411569,0.452541968396451
2026-07-23 12:20:00+03:00,0.48882549603583353,0.48882549603583353,0.4708151604238366
2026-07-23 12:25:00+03:00,0.5049455543803592,0.5049455543803592,0.4505671317429537
2026-07-23 12:30:00+03:00,0.5119439861089734,0.5119439861089734,0.42890082007280983
2026-07-23 12:35:00+03:00,0.4483109765122837,0.4483109765122837,0.019751038274134398
2026-07-23 12:40:00+03:00,0.40484715348673156,0.40484715348673156,0.012854222676657855
2026-07-23 12:45:00+03:00,0.38070760916346735,0.38070760916346735,0.04457939353230922
2026-07-23 12:50:00+03:00,0.3504417286898801,0.3504417286898801,-0.05069985639703822
2026-07-23 12:55:00+03:00,0.33508589399403177,0.33508589399403177,-0.017468435689031666
2026-07-23 13:00:00+03:00,0.2630032102810899,0.2630032102810899,-0.5821056571932022
2026-07-23 13:05:00+03:00,0.26462436468715667,0.26462436468715667,-0.10330592984699974
2026-07-23 13:10:00+03:00,0.27148437625331,0.27148437625331,-0.06171943190736344
2026-07-23 13:15:00+03:00,0.27355459102812546,0.27355459102812546,-0.07953441103261424
2026-07-23 13:20:00+03:00,0.2943708836279893,0.2943708836279893,0.052287220164300284
2026-07-23 13:25:00+03:00,0.30816844103369734,0.30816844103369734,0.05177123113446667
2026-07-23 13:30:00+03:00,0.3168825020775685,0.3168825020775685,0.04864245099132063
2026-07-23 13:35:00+03:00,0.32119728976926987,0.32119728976926987,0.038943894546846776
2026-07-23 13:40:00+03:00,0.31691644930930013,0.31691644930930013,-0.008481804629310166
2026-07-23 13:45:00+03:00,0.30408939212845654,0.30408939212845654,-0.07776528849900251
2026-07-23 13:50:00+03:00,0.26751764398088407,0.26751764398088407,-0.3030573949383993
2026-07-23 13:55:00+03:00,0.24307316836520457,0.24307316836520457,-0.30363950306120935
2026-07-23 14:00:00+03:00,0.21937588996897045,0.21937588996897045,-0.3749320205395991
2026-07-23 14:05:00+03:00,0.20695465955702227,0.20695465955702227,-0.34156621772949347
2026-07-23 14:10:00+03:00,0.19353681399611944,0.19353681399611944,-0.39294207357406086
2026-07-23 14:15:00+03:00,0.18946774564521712,0.18946774564521712,-0.3440911401611458
2026-07-23 14:20:00+03:00,0.18369196491867015,0.18369196491867015,-0.3743963124195476
2026-07-23 14:25:00+03:00,0.18083129216447083,0.18083129216447083,-0.3644667901453643
2026-07-23 14:30:00+03:00,0.19860463416772897,0.19860463416772897,-0.18944298160158882
2026-07-23 14:35:00+03:00,0.20960618406550366,0.20960618406550366,-0.196269646310841
2026-07-23 14:40:00+03:00,0.22765821222342222,0.22765821222342222,-0.11339595042845543
2026-07-23 14:45:00+03:00,0.23210024192439402,0.23210024192439402,-0.17134355965151976
2026-07-23 14:50:00+03:00,0.24261119537166073,0.24261119537166073,-0.11371510884731725
2026-07-23 14:55:00+03:00,0.22068262051292367,0.22068262051292367,-0.3587907933872647
2026-07-23 15:00:00+03:00,0.20625205726521048,0.20625205726521048,-0.3569293903281186
2026-07-23 15:05:00+03:00,0.1999812287584621,0.1999812287584621,-0.3245980377092576
2026-07-23 15:10:00+03:00,0.19571948174976248,0.19571948174976248,-0.3253656973771819
2026-07-23 15:15:00+03:00,0.1928469213524592,0.1928469213524592,-0.32566273616451885
2026-07-23 15:20:00+03:00,0.19152229022295883,0.19152229022295883,-0.3200959430321095
2026-07-23 15:25:00+03:00,0.20535549846213752,0.20535549846213752,-0.19246960448005881
2026-07-23 15:30:00+03:00,0.21797590335867725,0.21797590335867725,-0.16550656816525697
2026-07-23 15:35:00+03:00,0.23172282241395606,0.23172282241395606,-0.12468894656688104
2026-07-23 15:40:00+03:00,0.24333488581892304,0.24333488581892304,-0.10650983956935077
2026-07-23 15:45:00+03:00,0.2540447184287487,0.2540447184287487,-0.08488300148033638
2026-07-23 15:50:00+03:00,0.25942165602852907,0.25942165602852907,-0.09767308636535757
2026-07-23 15:55:00+03:00,0.26106776889406885,0.26106776889406885,-0.11192032617499843
2026-07-23 16:00:00+03:00,0.26188103880941926,0.26188103880941926,-0.1140253628026672
2026-07-23 16:05:00+03:00,0.2635664774961056,0.2635664774961056,-0.10558183541165024
2026-07-23 16:10:00+03:00,0.2629897342752295,0.2629897342752295,-0.1181654433010279
2026-07-23 16:15:00+03:00,0.26119282804677274,0.26119282804677274,-0.12873874248046835
2026-07-23 16:20:00+03:00,0.26168126134996567,0.26168126134996567,-0.11612743151757901
2026-07-23 16:25:00+03:00,0.2650515340315329,0.2650515340315329,-0.09374728089045707
2026-07-23 16:30:00+03:00,0.26792932686874005,0.26792932686874005,-0.08916906488259622
2026-07-23 16:35:00+03:00,0.27186293334830497,0.27186293334830497,-0.07467764214716549
2026-07-23 16:40:00+03:00,0.3005478903061458,0.3005478903061458,0.09869992306957705
2026-07-23 16:45:00+03:00,0.31804710388113944,0.31804710388113944,0.08849748615487543
2026-07-23 16:50:00+03:00,0.3308116748258087,0.3308116748258087,0.095404590000971
2026-07-23 16:55:00+03:00,0.33833801660787904,0.33833801660787904,0.08922234062912462
2026-07-23 17:00:00+03:00,0.34959260545820187,0.34959260545820187,0.12806204827014026
2026-07-23 17:05:00+03:00,0.361447318220122,0.361447318220122,0.15468541855487244
2026-07-23 17:10:00+03:00,0.36496037168441176,0.36496037168441176,0.12782526964006977
2026-07-23 17:15:00+03:00,0.3616478547546943,0.3616478547546943,0.09264546099141799
2026-07-23 17:20:00+03:00,0.3577745518230857,0.3577745518230857,0.08214673516048666
2026-07-23 17:25:00+03:00,0.3521828622242268,0.3521828622242268,0.0629915574460283
2026-07-23 17:30:00+03:00,0.3526993685488008,0.3526993685488008,0.08993955393253636
2026-07-23 17:35:00+03:00,0.3517798644453036,0.3517798644453036,0.08196307536782821
2026-07-23 17:40:00+03:00,0.3434365095821423,0.3434365095821423,0.032249359640669086
2026-07-23 17:45:00+03:00,0.3359669264363424,0.3359669264363424,0.01971318739217452
2026-07-23 17:50:00+03:00,0.33504343849458473,0.33504343849458473,0.04623860120077692
2026-07-23 17:55:00+03:00,0.33609106018157486,0.33609106018157486,0.056973606761898374
2026-07-24 09:55:00+03:00,0.3426719655358164,0.3426719655358164,0.09434367922722797
2026-07-24 10:00:00+03:00,0.35301343533053703,0.35301343533053703,0.13133350305134098
2026-07-24 10:05:00+03:00,0.3464777105969212,0.3464777105969212,0.04669155658337921
2026-07-24 10:10:00+03:00,0.322225718743995,0.322225718743995,-0.08908019824728736
2026-07-24 10:15:00+03:00,0.3030412840527601,0.3030412840527601,-0.11114989616460039
2026-07-24 10:20:00+03:00,0.28922529516392304,0.28922529516392304,-0.11876862644992126
2026-07-24 10:25:00+03:00,0.273788145296443,0.273788145296443,-0.16629632091328825
2026-07-24 10:30:00+03:00,0.2684582290050168,0.2684582290050168,-0.1282386957190436
2026-07-24 10:35:00+03:00,0.2651125273792212,0.2651125273792212,-0.12667851854776432
2026-07-24 10:40:00+03:00,0.26274916569853607,0.26274916569853607,-0.12767709005079406
2026-07-24 10:45:00+03:00,0.26321769234611475,0.26321769234611475,-0.11242678909731117
2026-07-24 10:50:00+03:00,0.26353004344450054,0.26353004344450054,-0.11242678909731117
2026-07-24 10:55:00+03:00,0.2790578872631142,0.2790578872631142,-0.004531593807086493
2026-07-24 11:00:00+03:00,0.2922672217158537,0.2922672217158537,0.01454869267067141
2026-07-24 11:05:00+03:00,0.301319116025082,0.301319116025082,0.01617618291582124
2026-07-24 11:10:00+03:00,0.3087510852170827,0.3087510852170827,0.02539581440081069
2026-07-24 11:15:00+03:00,0.31229352396559806,0.31229352396559806,0.016077966658782847
2026-07-24 11:20:00+03:00,0.31478850044266554,0.31478850044266554,0.016960600429979617
2026-07-24 11:25:00+03:00,0.30686015554147217,0.30686015554147217,-0.048154329347259606
2026-07-24 11:30:00+03:00,0.29909466585106786,0.29909466585106786,-0.06558726678983663
2026-07-24 11:35:00+03:00,0.294036089807341,0.294036089807341,-0.06474865138685111
2026-07-24 11:40:00+03:00,0.2893827540450375,0.2893827540450375,-0.07385423039996772
2026-07-24 11:45:00+03:00,0.2828016589812834,0.2828016589812834,-0.09897818173347038
2026-07-24 11:50:00+03:00,0.2749969904049969,0.2749969904049969,-0.12426182638116391
2026-07-24 11:55:00+03:00,0.27350041880268033,0.27350041880268033,-0.09686623973723324
2026-07-24 12:00:00+03:00,0.2715679626292492,0.2715679626292492,-0.10370627987611877
2026-07-24 12:05:00+03:00,0.2656136664518657,0.2656136664518657,-0.13855600280844949
2026-07-24 12:10:00+03:00,0.2654751678813072,0.2654751678813072,-0.10985469069150602
2026-07-24 12:15:00+03:00,0.2661169817758656,0.2661169817758656,-0.10444669473215183
2026-07-24 12:20:00+03:00,0.2702395775142054,0.2702395775142054,-0.07764711377508751
2026-07-24 12:25:00+03:00,0.2768001863177423,0.2768001863177423,-0.05067320505500245
2026-07-24 12:30:00+03:00,0.27579390072379323,0.27579390072379323,-0.08893638992144638
2026-07-24 12:35:00+03:00,0.27479986706692244,0.27479986706692244,-0.091278405449965
2026-07-24 12:40:00+03:00,0.27350296500097654,0.27350296500097654,-0.09588963451148837
2026-07-24 12:45:00+03:00,0.2705115720392925,0.2705115720392925,-0.11150401282041733
2026-07-24 12:50:00+03:00,0.27021044390128346,0.27021044390128346,-0.09905438938659117
2026-07-24 12:55:00+03:00,0.26645519793387,0.26645519793387,-0.1253686352244337
2026-07-24 13:00:00+03:00,0.2694330082963301,0.2694330082963301,-0.08506511435262931
2026-07-24 13:05:00+03:00,0.27023492864216747,0.27023492864216747,-0.09363411191373541
2026-07-24 13:10:00+03:00,0.2692704853216517,0.2692704853216517,-0.10459122315523196
2026-07-24 13:15:00+03:00,0.26594062639271254,0.26594062639271254,-0.12452844094979006
2026-07-24 13:20:00+03:00,0.2657746571732474,0.2657746571732474,-0.10925280348734376
2026-07-24 13:25:00+03:00,0.2634113717876674,0.2634113717876674,-0.1260186429092548
2026-07-24 13:30:00+03:00,0.2609958274646524,0.2609958274646524,-0.13234338475621377
2026-07-24 13:35:00+03:00,0.2602614911160647,0.2602614911160647,-0.12574844589330839
2026-07-24 13:40:00+03:00,0.25943438930690477,0.25943438930690477,-0.12828435772700653
2026-07-24 13:45:00+03:00,0.2588396802037991,0.2588396802037991,-0.1286101924641169
2026-07-24 13:50:00+03:00,0.25773016510479785,0.25773016510479785,-0.1339904166469547
2026-07-24 13:55:00+03:00,0.26261144992158525,0.26261144992158525,-0.092337619547868
2026-07-24 14:00:00+03:00,0.26482255052494513,0.26482255052494513,-0.09994020499141051
2026-07-24 14:05:00+03:00,0.2669048249151558,0.2669048249151558,-0.09550056165617866
2026-07-24 14:10:00+03:00,0.26626028434918764,0.26626028434918764,-0.11041362588236979
2026-07-24 14:15:00+03:00,0.26684835409730745,0.26684835409730745,-0.10291992568011893
2026-07-24 14:20:00+03:00,0.2681850517548235,0.2681850517548235,-0.09601282183402327
2026-07-24 14:25:00+03:00,0.2700001706210506,0.2700001706210506,-0.08930061782638092
2026-07-24 14:30:00+03:00,0.26906469590066895,0.26906469590066895,-0.10495342922936231
2026-07-24 14:35:00+03:00,0.2705866000516142,0.2705866000516142,-0.08930061782638092
2026-07-24 14:40:00+03:00,0.2684535413749674,0.2684535413749674,-0.11234613655756619
2026-07-24 14:45:00+03:00,0.2668173519681317,0.2668173519681317,-0.11393292569047059
2026-07-24 14:50:00+03:00,0.2654562275821578,0.2654562275821578,-0.11593955174641843
2026-07-24 14:55:00+03:00,0.2639392193214825,0.2639392193214825,-0.12047914430726016
2026-07-24 15:00:00+03:00,0.2644103308461113,0.2644103308461113,-0.10947467804033525
2026-07-24 15:05:00+03:00,0.2644864193551256,0.2644864193551256,-0.1112332642083856
2026-07-24 15:10:00+03:00,0.26953369806140676,0.26953369806140676,-0.0749202856384562
2026-07-24 15:15:00+03:00,0.27836268769314254,0.27836268769314254,-0.03654630072544926
2026-07-24 15:20:00+03:00,0.281601587306953,0.281601587306953,-0.054973979817280486
2026-07-24 15:25:00+03:00,0.28445135191221765,0.28445135191221765,-0.05013855348363294
2026-07-24 15:30:00+03:00,0.2895102078677388,0.2895102078677388,-0.02827079911751448
2026-07-24 15:35:00+03:00,0.30518321143474636,0.30518321143474636,0.053417332316210625
2026-07-24 15:40:00+03:00,0.32093858965983474,0.32093858965983474,0.08724474001964869
2026-07-24 15:45:00+03:00,0.3198082236192055,0.3198082236192055,0.012030911263758338
2026-07-24 15:50:00+03:00,0.3295859727290364,0.3295859727290364,0.08027629785845915
2026-07-24 15:55:00+03:00,0.3372537712945213,0.3372537712945213,0.08753905146639415
2026-07-24 16:00:00+03:00,0.343146515244366,0.343146515244366,0.09245517152148414
2026-07-24 16:05:00+03:00,0.34933404236492294,0.34933404236492294,0.1065962663677512
2026-07-24 16:10:00+03:00,0.33754500744078986,0.33754500744078986,0.004080128963838039
2026-07-24 16:15:00+03:00,0.3252435589573543,0.3252435589573543,-0.025957730354151845
2026-07-24 16:20:00+03:00,0.3153029327066434,0.3153029327066434,-0.037926080990584476
2026-07-24 16:25:00+03:00,0.32043751701982576,0.32043751701982576,0.04085219691343787
2026-07-24 16:30:00+03:00,0.31167021507961185,0.31167021507961185,-0.0408940746757824
2026-07-24 16:35:00+03:00,0.3083077380787647,0.3083077380787647,-0.02380994099757149
2026-07-24 16:40:00+03:00,0.31787987189654726,0.31787987189654726,0.05448038248852944
2026-07-24 16:45:00+03:00,0.3093738093245584,0.3093738093245584,-0.045000403637123286
2026-07-24 16:50:00+03:00,0.3060789132344525,0.3060789132344525,-0.02858815868861513
2026-07-24 16:55:00+03:00,0.30665038281792645,0.30665038281792645,-0.009745415389834722
2026-07-24 17:00:00+03:00,0.3032023638352814,0.3032023638352814,-0.035888848586749504
2026-07-24 17:05:00+03:00,0.3023804872465713,0.3023804872465713,-0.02573853608696296
2026-07-24 17:10:00+03:00,0.30037680521081916,0.30037680521081916,-0.035743636505843744
2026-07-24 17:15:00+03:00,0.29635047406718357,0.29635047406718357,-0.0544631446762729
2026-07-24 17:20:00+03:00,0.2949091891784866,0.2949091891784866,-0.045777657344342984
2026-07-24 17:25:00+03:00,0.2918278857466124,0.2918278857466124,-0.060635359489685084
2026-07-24 17:30:00+03:00,0.2894142261844794,0.2894142261844794,-0.06317353803818293
2026-07-24 17:35:00+03:00,0.28792892986660623,0.28792892986660623,-0.062298645901556204
2026-07-24 17:40:00+03:00,0.2870735130714873,0.2870735130714873,-0.061347009788216056
2026-07-24 17:45:00+03:00,0.2865032352080747,0.2865032352080747,-0.061347009788216056
2026-07-24 17:50:00+03:00,0.2878668527885776,0.2878668527885776,-0.049106647214464595
2026-07-24 17:55:00+03:00,0.29088439599685334,0.29088439599685334,-0.034478888887286084
2026-07-27 09:55:00+03:00,0.2445577286548896,0.2445577286548896,-0.4459800561406747
2026-07-27 10:00:00+03:00,0.4359210287600171,0.4359210287600171,1.1021676954130433
2026-07-27 10:05:00+03:00,0.6026322832637723,0.6026322832637723,1.6665687526708475
2026-07-27 10:10:00+03:00,0.7117959384873518,0.7117959384873518,1.620961637357114
2026-07-27 10:15:00+03:00,0.7831950707209757,0.7831950707209757,1.591278116364022
2026-07-27 10:20:00+03:00,0.8303742768119093,0.8303742768119093,1.582521099442401
2026-07-27 10:25:00+03:00,0.8620805013651313,0.8620805013651313,1.587785924119934
2026-07-27 10:30:00+03:00,0.8795614989243745,0.8795614989243745,1.5161723124785411
2026-07-27 10:35:00+03:00,0.8911786240133782,0.8911786240133782,1.5154938021129678
2026-07-27 10:40:00+03:00,0.9047782766162589,0.9047782766162589,1.634820477492415
2026-07-27 10:45:00+03:00,0.9088269732296137,0.9088269732296137,1.5310984286340419
2026-07-27 10:50:00+03:00,0.9113087956996556,0.9113087956996556,1.5270070808261926
2026-07-27 10:55:00+03:00,0.9183301382197242,0.9183301382197242,1.6378196208014824
2026-07-27 11:00:00+03:00,0.9172514132072701,0.9172514132072701,1.5196840972792178
2026-07-27 11:05:00+03:00,0.9201396994496212,0.9201396994496212,1.5907388785328782
2026-07-27 11:10:00+03:00,0.9232615342850999,0.9232615342850999,1.6164180689813326
2026-07-27 11:15:00+03:00,0.926004640599679,0.926004640599679,1.631149234672486
2026-07-27 11:20:00+03:00,0.9288605691197013,0.9288605691197013,1.6548137497686317
2026-07-27 11:25:00+03:00,0.9288860991667123,0.9288860991667123,1.6122744299095875
2026-07-27 11:30:00+03:00,0.9238999664924663,0.9238999664924663,1.5125272456480514
2026-07-27 11:35:00+03:00,0.9251707514853675,0.9251707514853675,1.6034428409790717
2026-07-27 11:40:00+03:00,0.9321634446505801,0.9321634446505801,1.7541376677477167
2026-07-27 11:45:00+03:00,0.9354911472028148,0.9354911472028148,1.7177108267571444
2026-07-27 11:50:00+03:00,0.9372748456116777,0.9372748456116777,1.7063502029413653
2026-07-27 11:55:00+03:00,0.9384555302314717,0.9384555302314717,1.7061317985876512
2026-07-27 12:00:00+03:00,0.9305217161107604,0.9305217161107604,1.5169743628301318
2026-07-27 12:05:00+03:00,0.9274939366294692,0.9274939366294692,1.5602574862299377
2026-07-27 12:10:00+03:00,0.928314296505816,0.928314296505816,1.619721202982044
2026-07-27 12:15:00+03:00,0.9227222885518926,0.9227222885518926,1.4981344677786985
2026-07-27 12:20:00+03:00,0.905083382310683,0.905083382310683,1.2902456054490898
2026-07-27 12:25:00+03:00,0.8706912562877032,0.8706912562877032,1.0498956096886618
2026-07-27 12:30:00+03:00,0.8798297720911253,0.8798297720911253,1.4231968291229478
2026-07-27 12:35:00+03:00,0.8836490877795917,0.8836490877795917,1.3884619313995372
2026-07-27 12:40:00+03:00,0.8780941672487022,0.8780941672487022,1.278401973826135
2026-07-27 12:45:00+03:00,0.8883368056964293,0.8883368056964293,1.4821936573171852
2026-07-27 12:50:00+03:00,0.8652422152604172,0.8652422152604172,1.1034788903969974
2026-07-27 12:55:00+03:00,0.8729394864494014,0.8729394864494014,1.374008487131533
2026-07-27 13:00:00+03:00,0.8457627445348712,0.8457627445348712,1.0188002950222812
2026-07-27 13:05:00+03:00,0.8272216989794944,0.8272216989794944,1.0151186802585828
2026-07-27 13:10:00+03:00,0.8181646872492343,0.8181646872492343,1.0443088558471196
2026-07-27 13:15:00+03:00,0.8020155872109125,0.8020155872109125,0.9580033360274048
2026-07-27 13:20:00+03:00,0.7990985037229865,0.7990985037229865,1.024209261972473
2026-07-27 13:25:00+03:00,0.8032240541817405,0.8032240541817405,1.079337185251366
2026-07-27 13:30:00+03:00,0.8050759077569584,0.8050759077569584,1.0709298995648597
2026-07-27 13:35:00+03:00,0.8015198090446589,0.8015198090446589,1.0275606718743187
2026-07-27 13:40:00+03:00,0.7990616616535751,0.7990616616535751,1.0267907070832474
2026-07-27 13:45:00+03:00,0.798681335690929,0.798681335690929,1.0379462872327658
2026-07-27 13:50:00+03:00,0.8016829637864468,0.8016829637864468,1.067545457557062
2026-07-27 13:55:00+03:00,0.8008384260477107,0.8008384260477107,1.0416103367431655
2026-07-27 14:00:00+03:00,0.8103018704278622,0.8103018704278622,1.1371703291923503
2026-07-27 14:05:00+03:00,0.8184196144299036,0.8184196144299036,1.1557914657021109
2026-07-27 14:10:00+03:00,0.8423103650450705,0.8423103650450705,1.3825692348236862
2026-07-27 14:15:00+03:00,0.8375946968892077,0.8375946968892077,1.1335697669467744
2026-07-27 14:20:00+03:00,0.8419819105652582,0.8419819105652582,1.2141107277120553
2026-07-27 14:25:00+03:00,0.8634954774040056,0.8634954774040056,1.4690290719733419
2026-07-27 14:30:00+03:00,0.8762918593142909,0.8762918593142909,1.4433363134580248
2026-07-27 14:35:00+03:00,0.8741289525476634,0.8741289525476634,1.290235307438855
2026-07-27 14:40:00+03:00,0.8840772424663387,0.8840772424663387,1.454772268460103
2026-07-27 14:45:00+03:00,0.8938830024769925,0.8938830024769925,1.5098913771090525
2026-07-27 14:50:00+03:00,0.8959600106557887,0.8959600106557887,1.4338130239986668
2026-07-27 14:55:00+03:00,0.9149281380654893,0.9149281380654893,1.8214320229766272
2026-07-27 15:00:00+03:00,0.9067595717084899,0.9067595717084899,1.3841925216349564
2026-07-27 15:05:00+03:00,0.9201693650256733,0.9201693650256733,1.7621070266461167
2026-07-27 15:10:00+03:00,0.9351748756012841,0.9351748756012841,1.9729647325594757
2026-07-27 15:15:00+03:00,0.9388750476348182,0.9388750476348182,1.7553306824138228
2026-07-27 15:20:00+03:00,0.9498109997538214,0.9498109997538214,2.075280027185767
2026-07-27 15:25:00+03:00,0.9508817188495895,0.9508817188495895,1.8231306113370283
2026-07-27 15:30:00+03:00,0.9494204127936172,0.9494204127936172,1.7574336404141826
2026-07-27 15:35:00+03:00,0.9511052526350151,0.9511052526350151,1.8389211971549633
2026-07-27 15:40:00+03:00,0.9527692398986394,0.9527692398986394,1.8571440050168833
2026-07-27 15:45:00+03:00,0.9553520537271365,0.9553520537271365,1.9102709508807412
2026-07-27 15:50:00+03:00,0.955494541676574,0.955494541676574,1.853525377591381
2026-07-27 15:55:00+03:00,0.9541020908332639,0.9541020908332639,1.8051575947422849
2026-07-27 16:00:00+03:00,0.8205426244920258,0.8205426244920258,0.4819890577574025
2026-07-27 16:05:00+03:00,0.8553166522999137,0.8553166522999137,1.5834318162905265
2026-07-27 16:10:00+03:00,0.7506715170057336,0.7506715170057336,0.45866858444932024
2026-07-27 16:15:00+03:00,0.7025919732997284,0.7025919732997284,0.5864935793624952
2026-07-27 16:20:00+03:00,0.6804230157718285,0.6804230157718285,0.6469762447006439
2026-07-27 16:25:00+03:00,0.6588752702051942,0.6588752702051942,0.6053628601245495
2026-07-27 16:30:00+03:00,0.6929470583404298,0.6929470583404298,0.9349520999364996
2026-07-27 16:35:00+03:00,0.5020405969476678,0.5020405969476678,-0.5757700839261778
2026-07-27 16:40:00+03:00,0.4415889178777333,0.4415889178777333,0.018959783774928993
2026-07-27 16:45:00+03:00,0.3640045906857053,0.3640045906857053,-0.25993790120170884
2026-07-27 16:50:00+03:00,0.30360872737308775,0.30360872737308775,-0.33929947594573384
2026-07-27 16:55:00+03:00,0.3109810517367227,0.3109810517367227,0.030014135181695437
2026-07-27 17:00:00+03:00,0.31762031815238173,0.31762031815238173,0.04126865513880814
2026-07-27 17:05:00+03:00,0.3272102939047036,0.3272102939047036,0.07445718102303162
2026-07-27 17:10:00+03:00,0.34117075656765017,0.34117075656765017,0.12187088881233245
2026-07-27 17:15:00+03:00,0.3690195092603363,0.3690195092603363,0.2334986462839297
2026-07-27 17:20:00+03:00,0.382265939657734,0.382265939657734,0.201998002153846
2026-07-27 17:25:00+03:00,0.39212651432987233,0.39212651432987233,0.2081227224782461
2026-07-27 17:30:00+03:00,0.39994030680884396,0.39994030680884396,0.21548112804797617
2026-07-27 17:35:00+03:00,0.40188132011986755,0.40188132011986755,0.19604484357079444
2026-07-27 17:40:00+03:00,0.4026194397925835,0.4026194397925835,0.19272450949239803
2026-07-27 17:45:00+03:00,0.3943168615629484,0.3943168615629484,0.13954661362998774
2026-07-27 17:50:00+03:00,0.39004604221801215,0.39004604221801215,0.14727287062174255
2026-07-27 17:55:00+03:00,0.38052829352784395,0.38052829352784395,0.1061467398563885
2026-07-28 09:55:00+03:00,0.36615311256551564,0.36615311256551564,0.05529309036268271
2026-07-28 10:00:00+03:00,0.36331039772837853,0.36331039772837853,0.09808848970838
2026-07-28 10:05:00+03:00,0.3853402839244697,0.3853402839244697,0.24268098990856954
2026-07-28 10:10:00+03:00,0.41396692827263193,0.41396692827263193,0.3237849447373486
2026-07-28 10:15:00+03:00,0.39650852070951564,0.39650852070951564,0.10635231289697727
2026-07-28 10:20:00+03:00,0.38705970472452317,0.38705970472452317,0.11995466106594921
2026-07-28 10:25:00+03:00,0.38828289432251484,0.38828289432251484,0.16594488970190166
2026-07-28 10:30:00+03:00,0.38126654103874885,0.38126654103874885,0.11803924333513241
2026-07-28 10:35:00+03:00,0.3754587281833663,0.3754587281833663,0.11102506040333981
2026-07-28 10:40:00+03:00,0.39905165977771545,0.39905165977771545,0.27550336396251296
2026-07-28 10:45:00+03:00,0.45810818843684054,0.45810818843684054,0.5264943088173807
2026-07-28 10:50:00+03:00,0.492359949911034,0.492359949911034,0.49645538488116486
2026-07-28 10:55:00+03:00,0.4978134141948228,0.4978134141948228,0.3958112716164058
2026-07-28 11:00:00+03:00,0.49993140957962096,0.49993140957962096,0.38707256931498996
2026-07-28 11:05:00+03:00,0.4991186838738909,0.4991186838738909,0.3742644779279355
2026-07-28 11:10:00+03:00,0.47788322929117444,0.47788322929117444,0.25443358723331133
2026-07-28 11:15:00+03:00,0.397528569208821,0.397528569208821,-0.18233333098333565
2026-07-28 11:20:00+03:00,0.3443973250625173,0.3443973250625173,-0.1788478254010929
2026-07-28 11:25:00+03:00,0.3056554670954073,0.3056554670954073,-0.20558500023236959
2026-07-28 11:30:00+03:00,0.286288282822963,0.286288282822963,-0.15426921006643624
2026-07-28 11:35:00+03:00,0.2708174445909389,0.2708174445909389,-0.17425570104440574
2026-07-28 11:40:00+03:00,0.23548586443893882,0.23548586443893882,-0.3994589758401088
2026-07-28 11:45:00+03:00,0.22991711007985824,0.22991711007985824,-0.23155369802565384
2026-07-28 11:50:00+03:00,0.22286918916871443,0.22286918916871443,-0.26011965917775637
2026-07-28 11:55:00+03:00,0.2253048021092466,0.2253048021092466,-0.20014175381221808
2026-07-28 12:00:00+03:00,0.2280794567072096,0.2280794567072096,-0.1908420749620172
2026-07-28 12:05:00+03:00,0.23168791388401222,0.23168791388401222,-0.17681395737326358
2026-07-28 12:10:00+03:00,0.2630524724207297,0.2630524724207297,0.03013621344322299
2026-07-28 12:15:00+03:00,0.28261222627045063,0.28261222627045063,0.02126175786341339
2026-07-28 12:20:00+03:00,0.2850139831871457,0.2850139831871457,-0.05091537677096301
2026-07-28 12:25:00+03:00,0.2787592468327528,0.2787592468327528,-0.10726896781489945
2026-07-28 12:30:00+03:00,0.274931688000495,0.274931688000495,-0.10475051290426954
2026-07-28 12:35:00+03:00,0.2755575896057794,0.2755575896057794,-0.08165476990025265
2026-07-28 12:40:00+03:00,0.2725075891852938,0.2725075891852938,-0.10688149046871022
2026-07-28 12:45:00+03:00,0.2736529018296327,0.2736529018296327,-0.08373186663630368
2026-07-28 12:50:00+03:00,0.27144676900377157,0.27144676900377157,-0.10534368299480351
2026-07-28 12:55:00+03:00,0.27106602568473154,0.27106602568473154,-0.09735924804683434
2026-07-28 13:00:00+03:00,0.2710347896249415,0.2710347896249415,-0.09573624293757575
2026-07-28 13:05:00+03:00,0.27101396558508145,0.27101396558508145,-0.09573624293757575
2026-07-28 13:10:00+03:00,0.27100008289184147,0.27100008289184147,-0.09573624293757575
2026-07-28 13:15:00+03:00,0.2703323629007648,0.2703323629007648,-0.10054468030287382
2026-07-28 13:20:00+03:00,0.2711677958061409,0.2711677958061409,-0.09121344747737319
2026-07-28 13:25:00+03:00,0.2707267644430394,0.2707267644430394,-0.09847832955461015
2026-07-28 13:30:00+03:00,0.2703211391228017,0.2703211391228017,-0.09929390309240625
2026-07-28 13:35:00+03:00,0.27092683997383554,0.27092683997383554,-0.09290852804558337
2026-07-28 13:40:00+03:00,0.27137544153158855,0.27137544153158855,-0.0925830490846992
2026-07-28 13:45:00+03:00,0.2713354352767651,0.2713354352767651,-0.09504892733662895
2026-07-28 13:50:00+03:00,0.2716478384002083,0.2716478384002083,-0.0925830490846992
2026-07-28 13:55:00+03:00,0.2730574567486891,0.2730574567486891,-0.08389235918852918
2026-07-28 14:00:00+03:00,0.27348625386200237,0.27348625386200237,-0.08757992775189694
2026-07-28 14:05:00+03:00,0.27755407244102853,0.27755407244102853,-0.06057792331721723
2026-07-28 14:10:00+03:00,0.27465307672475453,0.27465307672475453,-0.10090055503635359
2026-07-28 14:15:00+03:00,0.29022311942569085,0.29022311942569085,0.02045130649033529
2026-07-28 14:20:00+03:00,0.3014330591577085,0.3014330591577085,0.02591717196150504
2026-07-28 14:25:00+03:00,0.31136160742777147,0.31136160742777147,0.04196156544152009
2026-07-28 14:30:00+03:00,0.3208289701678697,0.3208289701678697,0.06035094336025186
2026-07-28 14:35:00+03:00,0.3179848576617263,0.3179848576617263,0.0003543625781194339
2026-07-28 14:40:00+03:00,0.31503694146836875,0.31503694146836875,-0.006714179878545161
2026-07-28 14:45:00+03:00,0.3109413237895248,0.3109413237895248,-0.0211540754223707
2026-07-28 14:50:00+03:00,0.30710885954724676,0.30710885954724676,-0.02869150256241915
2026-07-28 14:55:00+03:00,0.3049395845525053,0.3049395845525053,-0.026048154362603018
2026-07-28 15:00:00+03:00,0.30561767163830206,0.30561767163830206,-0.01159205746947936
2026-07-28 15:05:00+03:00,0.30761402951538636,0.30761402951538636,-0.0011876634778044052
2026-07-28 15:10:00+03:00,0.3070864268767317,0.3070864268767317,-0.013719606381402438
2026-07-28 15:15:00+03:00,0.30652241380963546,0.30652241380963546,-0.015159045086920255
2026-07-28 15:20:00+03:00,0.3191046888104121,0.3191046888104121,0.06995621119211182
2026-07-28 15:25:00+03:00,0.33139399405351644,0.33139399405351644,0.09463422503890404
2026-07-28 15:30:00+03:00,0.34785710781046336,0.34785710781046336,0.14580625110167167
2026-07-28 15:35:00+03:00,0.4026094781275573,0.4026094781275573,0.402327043105997
2026-07-28 15:40:00+03:00,0.43685488297465036,0.43685488297465036,0.3893339422872108
2026-07-28 15:45:00+03:00,0.4715214016030083,0.4715214016030083,0.4576507464384833
2026-07-28 15:50:00+03:00,0.49389282688222785,0.49389282688222785,0.45336581518119035
2026-07-28 15:55:00+03:00,0.5072889799611482,0.5072889799611482,0.4445793213769837
2026-07-28 16:00:00+03:00,0.5674757584100399,0.5674757584100399,0.7581218164858428
2026-07-28 16:05:00+03:00,0.6078351570449277,0.6078351570449277,0.7596972386064785
2026-07-28 16:10:00+03:00,0.6214665651005841,0.6214665651005841,0.6733850477425528
2026-07-28 16:15:00+03:00,0.6407864628808003,0.6407864628808003,0.7394366057834167
2026-07-28 16:20:00+03:00,0.6529337959058577,0.6529337959058577,0.7346042941048208
2026-07-28 16:25:00+03:00,0.6214045031641579,0.6214045031641579,0.49155448753847786
2026-07-28 16:30:00+03:00,0.5986464979921667,0.5986464979921667,0.4814199311592287
2026-07-28 16:35:00+03:00,0.580395434031435,0.580395434031435,0.46352460108100624
2026-07-28 16:40:00+03:00,0.5912290577727872,0.5912290577727872,0.5995240681219167
2026-07-28 16:45:00+03:00,0.5139556883469992,0.5139556883469992,0.10180997045994346
2026-07-28 16:50:00+03:00,0.4618303672995726,0.4618303672995726,0.09799400417991777
2026-07-28 16:55:00+03:00,0.4303937738063823,0.4303937738063823,0.11863117232261947
2026-07-28 17:00:00+03:00,0.41566442347728266,0.41566442347728266,0.1568094668795862
2026-07-28 17:05:00+03:00,0.4116094343166025,0.4116094343166025,0.19153635995836898
2026-07-28 17:10:00+03:00,0.4022761612064877,0.4022761612064877,0.15154872776845527
2026-07-28 17:15:00+03:00,0.3946918423710697,0.3946918423710697,0.14324063024518094
2026-07-28 17:20:00+03:00,0.38374063455706453,0.38374063455706453,0.10686455935494278
2026-07-28 17:25:00+03:00,0.37387416963762443,0.37387416963762443,0.09079736589301525
2026-07-28 17:30:00+03:00,0.371868585998448,0.371868585998448,0.11932623107301797
2026-07-28 17:35:00+03:00,0.3630073535755128,0.3630073535755128,0.07211314326361007
2026-07-28 17:40:00+03:00,0.3537691533201388,0.3537691533201388,0.05075812858364069
2026-07-28 17:45:00+03:00,0.34774352621331467,0.34774352621331467,0.051617883415880694
2026-07-28 17:50:00+03:00,0.3400264354233164,0.3400264354233164,0.027536006631488173
2026-07-28 17:55:00+03:00,0.3254080771022935,0.3254080771022935,-0.036199429555478016
2026-07-29 09:55:00+03:00,0.3879585498619832,0.3879585498619832,0.4041421992785604
2026-07-29 10:00:00+03:00,0.3781516564671435,0.3781516564671435,0.09999387179006004
2026-07-29 10:05:00+03:00,0.36509218432118856,0.36509218432118856,0.058659464772097616
2026-07-29 10:10:00+03:00,0.35898570336734953,0.35898570336734953,0.07526748849114599
2026-07-29 10:15:00+03:00,0.35809727598423846,0.35809727598423846,0.09536192832076985
2026-07-29 10:20:00+03:00,0.3843537031509319,0.3843537031509319,0.25727057982960616
2026-07-29 10:25:00+03:00,0.39249846985876485,0.39249846985876485,0.20205597276511025
2026-07-29 10:30:00+03:00,0.40443077546902284,0.40443077546902284,0.2405172889335325
2026-07-29 10:35:00+03:00,0.37602846639526466,0.37602846639526466,0.01573681913664583
2026-07-29 10:38:31+03:00,0.36947722842676245,0.36947722842676245,0.09547557174219096
