{
  "accuracy": 0.5083333333333333,
  "long": {
    "f1-score": 0.3979591836734694,
    "precision": 0.4588235294117647,
    "recall": 0.35135135135135137,
    "support": 111.0
  },
  "long_accuracy": 0.5083333333333333,
  "macro avg": {
    "f1-score": 0.49123311296349526,
    "precision": 0.49715370018975336,
    "recall": 0.4973811020322648,
    "support": 240.0
  },
  "not_long": {
    "f1-score": 0.5845070422535211,
    "precision": 0.535483870967742,
    "recall": 0.6434108527131783,
    "support": 129.0
  },
  "observation_count": 240,
  "weighted avg": {
    "f1-score": 0.4982286576602472,
    "precision": 0.5000284629981024,
    "recall": 0.5083333333333333,
    "support": 240.0
  }
}