{
  "accuracy": 0.4875,
  "long": {
    "f1-score": 0.4675324675324675,
    "precision": 0.45,
    "recall": 0.4864864864864865,
    "support": 111.0
  },
  "long_accuracy": 0.4875,
  "macro avg": {
    "f1-score": 0.48677828195900485,
    "precision": 0.48750000000000004,
    "recall": 0.48742928975487115,
    "support": 240.0
  },
  "not_long": {
    "f1-score": 0.5060240963855421,
    "precision": 0.525,
    "recall": 0.4883720930232558,
    "support": 129.0
  },
  "observation_count": 240,
  "weighted avg": {
    "f1-score": 0.4882217180409951,
    "precision": 0.49031250000000004,
    "recall": 0.4875,
    "support": 240.0
  }
}