{
  "accuracy": 0.4791666666666667,
  "long": {
    "f1-score": 0.3961352657004831,
    "precision": 0.4270833333333333,
    "recall": 0.36936936936936937,
    "support": 111.0
  },
  "long_accuracy": 0.4791666666666667,
  "macro avg": {
    "f1-score": 0.4691299039125126,
    "precision": 0.47048611111111105,
    "recall": 0.4715063901110413,
    "support": 240.0
  },
  "not_long": {
    "f1-score": 0.5421245421245421,
    "precision": 0.5138888888888888,
    "recall": 0.5736434108527132,
    "support": 129.0
  },
  "observation_count": 240,
  "weighted avg": {
    "f1-score": 0.4746045017784148,
    "precision": 0.4737413194444444,
    "recall": 0.4791666666666667,
    "support": 240.0
  }
}