{
  "accuracy": 0.4666666666666667,
  "long": {
    "f1-score": 0.3786407766990291,
    "precision": 0.4105263157894737,
    "recall": 0.35135135135135137,
    "support": 111.0
  },
  "long_accuracy": 0.4666666666666667,
  "macro avg": {
    "f1-score": 0.4557437460137481,
    "precision": 0.45698729582577136,
    "recall": 0.45862141210978424,
    "support": 240.0
  },
  "not_long": {
    "f1-score": 0.5328467153284672,
    "precision": 0.503448275862069,
    "recall": 0.5658914728682171,
    "support": 129.0
  },
  "observation_count": 240,
  "weighted avg": {
    "f1-score": 0.46152646871235203,
    "precision": 0.46047186932849365,
    "recall": 0.4666666666666667,
    "support": 240.0
  }
}