{
  "accuracy": 0.4583333333333333,
  "long": {
    "f1-score": 0.39814814814814814,
    "precision": 0.4095238095238095,
    "recall": 0.38738738738738737,
    "support": 111.0
  },
  "long_accuracy": 0.4583333333333333,
  "macro avg": {
    "f1-score": 0.45286195286195285,
    "precision": 0.45291005291005293,
    "recall": 0.4533836161743139,
    "support": 240.0
  },
  "not_long": {
    "f1-score": 0.5075757575757576,
    "precision": 0.4962962962962963,
    "recall": 0.5193798449612403,
    "support": 129.0
  },
  "observation_count": 240,
  "weighted avg": {
    "f1-score": 0.45696548821548816,
    "precision": 0.45616402116402116,
    "recall": 0.4583333333333333,
    "support": 240.0
  }
}