{
  "accuracy": 0.4909090909090909,
  "long": {
    "f1-score": 0.37777777777777777,
    "precision": 0.5483870967741935,
    "recall": 0.288135593220339,
    "support": 59.0
  },
  "long_accuracy": 0.4909090909090909,
  "macro avg": {
    "f1-score": 0.4735042735042735,
    "precision": 0.5083707635769702,
    "recall": 0.5068128946493852,
    "support": 110.0
  },
  "not_long": {
    "f1-score": 0.5692307692307692,
    "precision": 0.46835443037974683,
    "recall": 0.7254901960784313,
    "support": 51.0
  },
  "observation_count": 110,
  "weighted avg": {
    "f1-score": 0.4665423465423465,
    "precision": 0.5112810423549501,
    "recall": 0.4909090909090909,
    "support": 110.0
  }
}