{
  "accuracy": 0.45416666666666666,
  "long": {
    "f1-score": 0.45643153526970953,
    "precision": 0.4230769230769231,
    "recall": 0.4954954954954955,
    "support": 111.0
  },
  "long_accuracy": 0.45416666666666666,
  "macro avg": {
    "f1-score": 0.45415719022899703,
    "precision": 0.456993006993007,
    "recall": 0.4570500733291431,
    "support": 240.0
  },
  "not_long": {
    "f1-score": 0.45188284518828453,
    "precision": 0.4909090909090909,
    "recall": 0.4186046511627907,
    "support": 129.0
  },
  "observation_count": 240,
  "weighted avg": {
    "f1-score": 0.4539866143509436,
    "precision": 0.4595367132867133,
    "recall": 0.45416666666666666,
    "support": 240.0
  }
}