{
  "accuracy": 0.4791666666666667,
  "long": {
    "f1-score": 0.4897959183673469,
    "precision": 0.44776119402985076,
    "recall": 0.5405405405405406,
    "support": 111.0
  },
  "long_accuracy": 0.4791666666666667,
  "macro avg": {
    "f1-score": 0.47894051237516283,
    "precision": 0.4833145592790763,
    "recall": 0.4834485648439137,
    "support": 240.0
  },
  "not_long": {
    "f1-score": 0.46808510638297873,
    "precision": 0.5188679245283019,
    "recall": 0.4263565891472868,
    "support": 129.0
  },
  "observation_count": 240,
  "weighted avg": {
    "f1-score": 0.478126356925749,
    "precision": 0.4859810616727683,
    "recall": 0.4791666666666667,
    "support": 240.0
  }
}