Date,ForecastScore,ReturnForecastPct
2026-05-07 09:55:00+03:00,0.12633527955931845,-0.5486550140677829
2026-05-07 10:00:00+03:00,0.17376831387322522,-0.1014295813214293
2026-05-07 10:05:00+03:00,0.1909070489821942,-0.21376067605125879
2026-05-07 10:10:00+03:00,0.1743018809515378,-0.4874843341272523
2026-05-07 10:15:00+03:00,0.15542844895692115,-0.5874255136166969
2026-05-07 10:20:00+03:00,0.1631075977628841,-0.3534035716738458
2026-05-07 10:25:00+03:00,0.16056671191954744,-0.4327731895808258
2026-05-07 10:30:00+03:00,0.1378927293478511,-0.7161828325426152
2026-05-07 10:35:00+03:00,0.14534770096856767,-0.41554932681071244
2026-05-07 10:40:00+03:00,0.15111414651363647,-0.4070820860484933
2026-05-07 10:45:00+03:00,0.16778979506700364,-0.28259257398939885
2026-05-07 10:50:00+03:00,0.17513690778000532,-0.31710139505075124
2026-05-07 10:55:00+03:00,0.19640118554516922,-0.1767482274044963
2026-05-07 11:00:00+03:00,0.19551108295794278,-0.30503066802905165
2026-05-07 11:05:00+03:00,0.20619140184763848,-0.20727482921132348
2026-05-07 11:10:00+03:00,0.2149637288873725,-0.1938491657809703
2026-05-07 11:15:00+03:00,0.2381280659641954,-0.06348030486012753
2026-05-07 11:20:00+03:00,0.2518634880105295,-0.07562053995967538
2026-05-07 11:25:00+03:00,0.26417457876608313,-0.05329710743896304
2026-05-07 11:30:00+03:00,0.24602197109164411,-0.2573842464196028
2026-05-07 11:35:00+03:00,0.23253714880018275,-0.2694836572027369
2026-05-07 11:40:00+03:00,0.22187165888594285,-0.28438724439752255
2026-05-07 11:45:00+03:00,0.20270082749690477,-0.40107631636794877
2026-05-07 11:50:00+03:00,0.18945495477706925,-0.40596920645554224
2026-05-07 11:55:00+03:00,0.2291779017713416,-0.007876774301098772
2026-05-07 12:00:00+03:00,0.2729998826396611,0.10438127525126147
2026-05-07 12:05:00+03:00,0.2849985792255462,-0.0070402470584903995
2026-05-07 12:10:00+03:00,0.28116915088534006,-0.08959058660287486
2026-05-07 12:15:00+03:00,0.32739715166633215,0.22393363734454066
2026-05-07 12:20:00+03:00,0.3569294951514573,0.21632307525812736
2026-05-07 12:25:00+03:00,0.35632133594934534,0.09281766789382732
2026-05-07 12:30:00+03:00,0.32788771838738423,-0.09561927553144828
2026-05-07 12:35:00+03:00,0.3056036819150363,-0.12015475635983164
2026-05-07 12:40:00+03:00,0.30618874851952793,-0.010724060277112164
2026-05-07 12:45:00+03:00,0.2770595049042877,-0.23149358499330133
2026-05-07 12:50:00+03:00,0.2831324816758935,-0.038256289764260744
2026-05-07 12:55:00+03:00,0.2756532481043371,-0.12100279411241865
2026-05-07 13:00:00+03:00,0.30413604169440656,0.10533349977551953
2026-05-07 13:05:00+03:00,0.2965754137376377,-0.07058022514060028
2026-05-07 13:10:00+03:00,0.2882376446600321,-0.09430487647299708
2026-05-07 13:15:00+03:00,0.2880998559553007,-0.05557089759507555
2026-05-07 13:20:00+03:00,0.29923248443293315,0.0207472293932659
2026-05-07 13:25:00+03:00,0.32776756167568716,0.15403900087126896
2026-05-07 13:30:00+03:00,0.35374154726680007,0.1958979432432275
2026-05-07 13:35:00+03:00,0.44255106095557956,0.614284726184338
2026-05-07 13:40:00+03:00,0.40062708004723174,0.010328782951145922
2026-05-07 13:45:00+03:00,0.3718230833984135,0.0046327359043972
2026-05-07 13:50:00+03:00,0.3628579311917924,0.07135477042042795
2026-05-07 13:55:00+03:00,0.34839937139001736,0.01630714774459109
2026-05-07 14:00:00+03:00,0.34692545680974235,0.06933635997923962
2026-05-07 14:05:00+03:00,0.3354616374812487,0.0008844896576327306
2026-05-07 14:10:00+03:00,0.32718228661088217,-0.0033884428000365207
2026-05-07 14:15:00+03:00,0.3239021323936158,0.011575525334955827
2026-05-07 14:20:00+03:00,0.29121238808271893,-0.21197965186402035
2026-05-07 14:25:00+03:00,0.2454264634922227,-0.4387554546200414
2026-05-07 14:30:00+03:00,0.21288939918755034,-0.4613792194810068
2026-05-07 14:35:00+03:00,0.17879732793992867,-0.6209711900796483
2026-05-07 14:40:00+03:00,0.15492037565670974,-0.6380138982333404
2026-05-07 14:45:00+03:00,0.14265729340554462,-0.5853518402568562
2026-05-07 14:50:00+03:00,0.1336917519533705,-0.5963645225603686
2026-05-07 14:55:00+03:00,0.11925991632937391,-0.7285866946816512
2026-05-07 15:00:00+03:00,0.11164104920116781,-0.6945414392771295
2026-05-07 15:05:00+03:00,0.09454085861882051,-0.9380996643208196
2026-05-07 15:10:00+03:00,0.08209430106329015,-0.9653324037988049
2026-05-07 15:15:00+03:00,0.07528992483623714,-0.9268717639041393
2026-05-07 15:20:00+03:00,0.07720090545273986,-0.7860246515987659
2026-05-07 15:25:00+03:00,0.05757717968107614,-1.5307012941384461
2026-05-07 15:30:00+03:00,0.05463734093494907,-1.0462326465886576
2026-05-07 15:35:00+03:00,0.041558942766831544,-1.615615634793598
2026-05-07 15:40:00+03:00,0.03442798477884401,-1.4839973308813628
2026-05-07 15:45:00+03:00,0.038970320194470394,-1.053551215034627
2026-05-07 15:50:00+03:00,0.040671945775663944,-1.0970270053546558
2026-05-07 15:55:00+03:00,0.04323348489845763,-1.0503978805859746
2026-05-07 16:00:00+03:00,0.055578118333402704,-0.7909132582174063
2026-05-07 16:05:00+03:00,0.059955578436373454,-0.8714874486233951
2026-05-07 16:10:00+03:00,0.06509343917014189,-0.8236693903017753
2026-05-07 16:15:00+03:00,0.06899530216883913,-0.8139104883653656
2026-05-07 16:20:00+03:00,0.07521402310262075,-0.7448251675248342
2026-05-07 16:25:00+03:00,0.08226094586948807,-0.6948087418917064
2026-05-07 16:30:00+03:00,0.07926620868178554,-0.8382613619350081
2026-05-07 16:35:00+03:00,0.10042880590533698,-0.48093502500386187
2026-05-07 16:40:00+03:00,0.11527619178052902,-0.4722993866138812
2026-05-07 16:45:00+03:00,0.13320136632555307,-0.3848692505218866
2026-05-07 16:50:00+03:00,0.12237688871592818,-0.6711869289129166
2026-05-07 16:55:00+03:00,0.10512423873208757,-0.8573597606869204
2026-05-07 17:00:00+03:00,0.09602869712559046,-0.8069260139975357
2026-05-07 17:05:00+03:00,0.0833273442710247,-0.9589344661561401
2026-05-07 17:10:00+03:00,0.06673244775450222,-1.2332953195015823
2026-05-07 17:15:00+03:00,0.05786832738180749,-1.1438654021351486
2026-05-07 17:20:00+03:00,0.04811879914658571,-1.3118801559109363
2026-05-07 17:25:00+03:00,0.04537528201073246,-1.1470107250015145
2026-05-07 17:30:00+03:00,0.04832749333262571,-0.9924143485295839
2026-05-07 17:35:00+03:00,0.05738980341327437,-0.8226702457085449
2026-05-07 17:40:00+03:00,0.07618332786384643,-0.6057634091503619
2026-05-07 17:45:00+03:00,0.09123840861383611,-0.5707063611091451
2026-05-07 17:50:00+03:00,0.07917175106757932,-0.9849228195108958
2026-05-07 17:55:00+03:00,0.075561569179749,-0.8742631116350951
2026-05-08 09:55:00+03:00,0.26292739250381125,0.6502413414156654
2026-05-08 10:00:00+03:00,0.4643973826458411,1.2798723011151332
2026-05-08 10:05:00+03:00,0.44341043452138224,0.1874209815105941
2026-05-08 10:10:00+03:00,0.5346072453078826,0.8250713872025546
2026-05-08 10:15:00+03:00,0.5978087113499525,0.8422546396105733
2026-05-08 10:20:00+03:00,0.7042194741146143,1.5318334704326853
2026-05-08 10:25:00+03:00,0.7106119763519066,0.8402995817430505
2026-05-08 10:30:00+03:00,0.7208236641446429,0.8839982530851292
2026-05-08 10:35:00+03:00,0.7154377371368792,0.7962780349047746
2026-05-08 10:40:00+03:00,0.6790579908072217,0.5862234624718798
2026-05-08 10:45:00+03:00,0.6728700902667032,0.6983510159096071
2026-05-08 10:50:00+03:00,0.6711927729675433,0.7141473102762187
2026-05-08 10:55:00+03:00,0.6559784108730624,0.6252717994450351
2026-05-08 11:00:00+03:00,0.6630565692192909,0.7345701086858811
2026-05-08 11:05:00+03:00,0.7023868864159197,0.9892186851667168
2026-05-08 11:10:00+03:00,0.6541334508687947,0.49015524370148367
2026-05-08 11:15:00+03:00,0.638021399263045,0.5852163401880847
2026-05-08 11:20:00+03:00,0.6267867190491646,0.5822451338361416
2026-05-08 11:25:00+03:00,0.6233011173196725,0.6064786958207139
2026-05-08 11:30:00+03:00,0.644594136788994,0.7566275606817564
2026-05-08 11:35:00+03:00,0.6792945881091811,0.9028079113168407
2026-05-08 11:40:00+03:00,0.6750564566005749,0.7114293177381024
2026-05-08 11:45:00+03:00,0.6493249552114387,0.5693288958965841
2026-05-08 11:50:00+03:00,0.6348202410338909,0.5852434948038294
2026-05-08 11:55:00+03:00,0.5880055925550485,0.3682825969643025
2026-05-08 12:00:00+03:00,0.5900334260683475,0.5618116867503805
2026-05-08 12:05:00+03:00,0.5385067364854015,0.25451367395493646
2026-05-08 12:10:00+03:00,0.5627581321264532,0.596219700246328
2026-05-08 12:15:00+03:00,0.5674063297935574,0.527440402858258
2026-05-08 12:20:00+03:00,0.6108587482080667,0.7804721889294209
2026-05-08 12:25:00+03:00,0.6391284105820734,0.7757136290964264
2026-05-08 12:30:00+03:00,0.663381278611615,0.8130455004209591
2026-05-08 12:35:00+03:00,0.6886422225309845,0.8788017186164219
2026-05-08 12:40:00+03:00,0.7086627540349009,0.9028291423257574
2026-05-08 12:45:00+03:00,0.7021321769169737,0.760854534800827
2026-05-08 12:50:00+03:00,0.7246173278906394,0.9576522017124093
2026-05-08 12:55:00+03:00,0.7224896204539072,0.82799131270723
2026-05-08 13:00:00+03:00,0.7069310082291835,0.7315029458367283
2026-05-08 13:05:00+03:00,0.6999561522713729,0.7540106891915326
2026-05-08 13:10:00+03:00,0.6941054450692801,0.746011886654577
2026-05-08 13:15:00+03:00,0.6713765270565993,0.6260277286441808
2026-05-08 13:20:00+03:00,0.6757426082623119,0.7506037559651529
2026-05-08 13:25:00+03:00,0.6252467593604065,0.4256575832404332
2026-05-08 13:30:00+03:00,0.6212884393598345,0.6004857886567252
2026-05-08 13:35:00+03:00,0.6120811924754168,0.5609714841240233
2026-05-08 13:40:00+03:00,0.5872942947788016,0.4515992696757925
2026-05-08 13:45:00+03:00,0.5522949470113626,0.34508698989623376
2026-05-08 13:50:00+03:00,0.5358204273359911,0.38458537022752676
2026-05-08 13:55:00+03:00,0.5338540561481842,0.43656336558685915
2026-05-08 14:00:00+03:00,0.5021307793131818,0.26081359957799893
2026-05-08 14:05:00+03:00,0.4358033862510656,-0.020248704766632163
2026-05-08 14:10:00+03:00,0.38841143917668475,-0.042068674979310924
2026-05-08 14:15:00+03:00,0.34592890579714886,-0.12033327252247665
2026-05-08 14:20:00+03:00,0.305978864357148,-0.21130519039646128
2026-05-08 14:25:00+03:00,0.30338672360060503,-0.03153413791659838
2026-05-08 14:30:00+03:00,0.29453462408678327,-0.08160436631183458
2026-05-08 14:35:00+03:00,0.2742523851372527,-0.19068361955587632
2026-05-08 14:40:00+03:00,0.2683447710034437,-0.13142530486966975
2026-05-08 14:45:00+03:00,0.26989306048762723,-0.09084842372958507
2026-05-08 14:50:00+03:00,0.248898353801306,-0.26555239893249344
2026-05-08 14:55:00+03:00,0.23781351085693014,-0.24040165924661783
2026-05-08 15:00:00+03:00,0.20044970031552253,-0.5513259053745689
2026-05-08 15:05:00+03:00,0.19798788563397313,-0.3070808329361001
2026-05-08 15:10:00+03:00,0.15686357224809305,-0.8288856306253525
2026-05-08 15:15:00+03:00,0.1302217007828409,-0.8129711914939376
2026-05-08 15:20:00+03:00,0.11493903900145218,-0.76483029216523
2026-05-08 15:25:00+03:00,0.10306893204278504,-0.7970460809806963
2026-05-08 15:30:00+03:00,0.08908544042713501,-0.9315562660921382
2026-05-08 15:35:00+03:00,0.08337473881061996,-0.8476896950501266
2026-05-08 15:40:00+03:00,0.07330080678217568,-1.0026025798209885
2026-05-08 15:45:00+03:00,0.07375317229472915,-0.8285872305631132
2026-05-08 15:50:00+03:00,0.05794618325912196,-1.3529741730093552
2026-05-08 15:55:00+03:00,0.05334756938654746,-1.0961720426996961
2026-05-08 16:00:00+03:00,0.05256842656441648,-1.0234285353569168
2026-05-08 16:05:00+03:00,0.0517468313873003,-1.032488972478125
2026-05-08 16:10:00+03:00,0.05669226155642824,-0.887670844759824
2026-05-08 16:15:00+03:00,0.06629886722654804,-0.7578039198123024
2026-05-08 16:20:00+03:00,0.06584165475310984,-0.9006033448835923
2026-05-08 16:25:00+03:00,0.06067020246163783,-1.0302391932046084
2026-05-08 16:30:00+03:00,0.05231782894888109,-1.2035314442649223
2026-05-08 16:35:00+03:00,0.04068715537503727,-1.5554049741886014
2026-05-08 16:40:00+03:00,0.03131847016977501,-1.7140480989644762
2026-05-08 16:45:00+03:00,0.027745119119682964,-1.4736086440111762
2026-05-08 16:50:00+03:00,0.02438837711699235,-1.5484742584308022
2026-05-08 16:55:00+03:00,0.043233272456997617,-0.7866680757501624
2026-05-08 17:00:00+03:00,0.06766433887726288,-0.5927855281165643
2026-05-08 17:05:00+03:00,0.062122719911834275,-1.023137825866601
2026-05-08 17:10:00+03:00,0.057191001151916894,-1.0612354494960694
2026-05-08 17:15:00+03:00,0.07959786040966846,-0.5570716093385447
2026-05-08 17:20:00+03:00,0.1120268460876843,-0.35859521453750176
2026-05-08 17:25:00+03:00,0.10628285610070609,-0.7034666546339324
2026-05-08 17:30:00+03:00,0.09605711936219352,-0.8220437041129693
2026-05-08 17:35:00+03:00,0.08369026642607737,-0.9499371131086839
2026-05-08 17:40:00+03:00,0.07677234771297492,-0.9165635225526537
2026-05-08 17:45:00+03:00,0.07591319690435731,-0.8318117983263241
2026-05-08 17:50:00+03:00,0.09763074392650044,-0.487586112356511
2026-05-08 17:55:00+03:00,0.1297995838289946,-0.3037834749767695
2026-05-11 09:55:00+03:00,0.2698279600591878,0.4751243895444582
2026-05-11 10:00:00+03:00,0.2688525641112267,-0.10566907748082091
2026-05-11 10:05:00+03:00,0.29527764692810715,0.07813480660469134
2026-05-11 10:10:00+03:00,0.3688154144241244,0.40958039047704986
2026-05-11 10:15:00+03:00,0.428057282749102,0.4686475270498778
2026-05-11 10:20:00+03:00,0.4526470271394142,0.3825801941905731
2026-05-11 10:25:00+03:00,0.4712494185807884,0.39530039026832803
2026-05-11 10:30:00+03:00,0.39402548762286554,-0.17504049803121427
2026-05-11 10:35:00+03:00,0.3464566985274221,-0.14462054227702212
2026-05-11 10:40:00+03:00,0.3160063110773494,-0.13501388595333702
2026-05-11 10:45:00+03:00,0.3160139371352751,0.008665376618083148
2026-05-11 10:50:00+03:00,0.3422171168585784,0.17377893382928203
2026-05-11 10:55:00+03:00,0.38575249704078823,0.3268708775524716
2026-05-11 11:00:00+03:00,0.32160031424060864,-0.3063676639735417
2026-05-11 11:05:00+03:00,0.28462349484346766,-0.2546298961415045
2026-05-11 11:10:00+03:00,0.29103837180252234,-0.018615729959763905
2026-05-11 11:15:00+03:00,0.2940204910617062,-0.027455348824187716
2026-05-11 11:20:00+03:00,0.31438986403279595,0.09286709213796894
2026-05-11 11:25:00+03:00,0.3278656185156766,0.092214442391079
2026-05-11 11:30:00+03:00,0.36766277255746466,0.27748236549915034
2026-05-11 11:35:00+03:00,0.32028139136721756,-0.21284246254976383
2026-05-11 11:40:00+03:00,0.303329596448115,-0.09949833156409298
2026-05-11 11:45:00+03:00,0.2833661226262387,-0.16492690527070247
2026-05-11 11:50:00+03:00,0.28896795147637516,-0.027028476881738962
2026-05-11 11:55:00+03:00,0.292898141752558,-0.02568883045954408
2026-05-11 12:00:00+03:00,0.2959981938171849,-0.022408791157280342
2026-05-11 12:05:00+03:00,0.3131432973849238,0.07666631030172627
2026-05-11 12:10:00+03:00,0.31288832721550297,0.0005369750324870006
2026-05-11 12:15:00+03:00,0.30666834106257207,-0.040679755938026384
2026-05-11 12:20:00+03:00,0.2951072012590475,-0.09327994068656498
2026-05-11 12:25:00+03:00,0.30963365342421667,0.05804552526390277
2026-05-11 12:30:00+03:00,0.303819869639893,-0.04539325589565251
2026-05-11 12:35:00+03:00,0.3172834137289744,0.06983137959305877
2026-05-11 12:40:00+03:00,0.34940414652809265,0.21168139787912335
2026-05-11 12:45:00+03:00,0.38629531838519593,0.3022998366524319
2026-05-11 12:50:00+03:00,0.3946294161469534,0.20703307980908073
2026-05-11 12:55:00+03:00,0.3879057557270891,0.13289494847381314
2026-05-11 13:00:00+03:00,0.37404599135737354,0.07432201803200328
2026-05-11 13:05:00+03:00,0.34428064724479,-0.0627893896787186
2026-05-11 13:10:00+03:00,0.37589500784716634,0.261669799579386
2026-05-11 13:15:00+03:00,0.3746588549994547,0.12823609703227376
2026-05-11 13:20:00+03:00,0.3112954105491289,-0.3336955549550886
2026-05-11 13:25:00+03:00,0.27271119416893375,-0.29948523142989697
2026-05-11 13:30:00+03:00,0.24954759875892032,-0.2764081552300986
2026-05-11 13:35:00+03:00,0.22073013370175631,-0.40550511992081767
2026-05-11 13:40:00+03:00,0.2076984955748565,-0.3431041217062694
2026-05-11 13:45:00+03:00,0.18117230034274687,-0.5409443491404651
2026-05-11 13:50:00+03:00,0.1473756331070874,-0.7940743652483454
2026-05-11 13:55:00+03:00,0.1184381995802452,-0.9362172568779414
2026-05-11 14:00:00+03:00,0.1559691025226309,-0.1978301715369968
2026-05-11 14:05:00+03:00,0.18036429874987925,-0.20291133608084216
2026-05-11 14:10:00+03:00,0.19837731107980958,-0.1887689989298844
2026-05-11 14:15:00+03:00,0.2000471266203096,-0.2759154309528274
2026-05-11 14:20:00+03:00,0.2294364193486673,-0.054656779754823116
2026-05-11 14:25:00+03:00,0.23115964508527076,-0.18822711083479085
2026-05-11 14:30:00+03:00,0.23824812784846106,-0.14180469684018598
2026-05-11 14:35:00+03:00,0.23102017244328005,-0.2377949489255582
2026-05-11 14:40:00+03:00,0.23075635460095914,-0.19999910468435741
2026-05-11 14:45:00+03:00,0.23905296177448068,-0.13364989666749874
2026-05-11 14:50:00+03:00,0.2515519613343591,-0.08227669187196177
2026-05-11 14:55:00+03:00,0.27526255512415565,0.023353115228359745
2026-05-11 15:00:00+03:00,0.26685998911512876,-0.14784950336488362
2026-05-11 15:05:00+03:00,0.28238760447838535,0.0029122342926181126
2026-05-11 15:10:00+03:00,0.27922864777655576,-0.09103917923176127
2026-05-11 15:15:00+03:00,0.3394783112268396,0.30210665392492536
2026-05-11 15:20:00+03:00,0.3602698269397418,0.18825206733198407
2026-05-11 15:25:00+03:00,0.3705025705836618,0.16642605211572392
2026-05-11 15:30:00+03:00,0.4323968375478352,0.4873532383741442
2026-05-11 15:35:00+03:00,0.4748966529055043,0.4945718608763209
2026-05-11 15:40:00+03:00,0.4437893830156389,0.147416084686825
2026-05-11 15:45:00+03:00,0.4943891175084668,0.5647966395998284
2026-05-11 15:50:00+03:00,0.5282899908124253,0.5657990257223484
2026-05-11 15:55:00+03:00,0.5465650349289871,0.5400686661069681
2026-05-11 16:00:00+03:00,0.47904503188342923,0.06939460834018522
2026-05-11 16:05:00+03:00,0.4596705015812236,0.22603703123677182
2026-05-11 16:10:00+03:00,0.45044038126859004,0.2477292414713195
2026-05-11 16:15:00+03:00,0.4619760566854019,0.35037216480259986
2026-05-11 16:20:00+03:00,0.4311721231231341,0.12284424960629566
2026-05-11 16:25:00+03:00,0.3895229048306633,-0.013283141469672102
2026-05-11 16:30:00+03:00,0.3573708761965157,-0.04336639949384114
2026-05-11 16:35:00+03:00,0.33486250903473347,-0.05084946598626869
2026-05-11 16:40:00+03:00,0.31126662011955075,-0.11262402312992643
2026-05-11 16:45:00+03:00,0.3024162341082731,-0.06287065297285083
2026-05-11 16:50:00+03:00,0.30817149318246156,0.016747874080823077
2026-05-11 16:55:00+03:00,0.3470146087601495,0.23346688649019895
2026-05-11 17:00:00+03:00,0.359830000092624,0.15530128008536104
2026-05-11 17:05:00+03:00,0.36021103194661946,0.10506619456037763
2026-05-11 17:10:00+03:00,0.3879762948806546,0.2701985897503489
2026-05-11 17:15:00+03:00,0.37130589017648963,0.05649933502041207
2026-05-11 17:20:00+03:00,0.3578808064265408,0.04155419358934907
2026-05-11 17:25:00+03:00,0.3693921847381899,0.16933935448920096
2026-05-11 17:30:00+03:00,0.3186481901622498,-0.23611150031643402
2026-05-11 17:35:00+03:00,0.2753244261202107,-0.32071038067415714
2026-05-11 17:40:00+03:00,0.295755517225479,0.05360743853230702
2026-05-11 17:45:00+03:00,0.31911502055602964,0.11514689396905638
2026-05-11 17:50:00+03:00,0.32115646609403287,0.02895135912703027
2026-05-11 17:55:00+03:00,0.27746413078768467,-0.31632714151572316
2026-05-12 09:55:00+03:00,0.24523463394659364,-0.34588357890989285
2026-05-12 10:00:00+03:00,0.25867764756102846,-0.060874260506359676
2026-05-12 10:05:00+03:00,0.2675072651854275,-0.061808623947756755
2026-05-12 10:10:00+03:00,0.21679693778259163,-0.5981687199523198
2026-05-12 10:15:00+03:00,0.21300657167412532,-0.2698999328300132
2026-05-12 10:20:00+03:00,0.20865477566543036,-0.2861532016078727
2026-05-12 10:25:00+03:00,0.20358853539941027,-0.3058752229996333
2026-05-12 10:30:00+03:00,0.165498080699343,-0.7349168631973212
2026-05-12 10:35:00+03:00,0.1560156228945643,-0.5036768087062943
2026-05-12 10:40:00+03:00,0.13868850086222512,-0.6539250866533624
2026-05-12 10:45:00+03:00,0.13047387898577495,-0.604459796746848
2026-05-12 10:50:00+03:00,0.13348364934504053,-0.49380224371584797
2026-05-12 10:55:00+03:00,0.14911804240950524,-0.3471441885475281
2026-05-12 11:00:00+03:00,0.15410360055744887,-0.40207060140134
2026-05-12 11:05:00+03:00,0.1587170480150243,-0.3886625212626257
2026-05-12 11:10:00+03:00,0.15755749910177724,-0.4336745336745017
2026-05-12 11:15:00+03:00,0.16408516982807914,-0.35775315560972043
2026-05-12 11:20:00+03:00,0.1710141894991655,-0.33272804950420426
2026-05-12 11:25:00+03:00,0.17680673382033213,-0.32160434272047284
2026-05-12 11:30:00+03:00,0.20817081475708024,-0.09591437156748744
2026-05-12 11:35:00+03:00,0.22785258865021935,-0.10489857043292347
2026-05-12 11:40:00+03:00,0.22239802555277471,-0.2522702447621826
2026-05-12 11:45:00+03:00,0.25450365609633724,0.014612827583594185
2026-05-12 11:50:00+03:00,0.2320562582197463,-0.32547456660371316
2026-05-12 11:55:00+03:00,0.2465852380296809,-0.0844532586383315
2026-05-12 12:00:00+03:00,0.20712077626223083,-0.5406354406037244
2026-05-12 12:05:00+03:00,0.1639332246910593,-0.8087971601836391
2026-05-12 12:10:00+03:00,0.16659957195614533,-0.37509734384111637
2026-05-12 12:15:00+03:00,0.14706256773888945,-0.6339057325389795
2026-05-12 12:20:00+03:00,0.2212971347266496,0.12326017789459102
2026-05-12 12:25:00+03:00,0.24359719994453602,-0.05469811375697078
2026-05-12 12:30:00+03:00,0.2562645928981682,-0.07023578104837691
2026-05-12 12:35:00+03:00,0.2628534566880726,-0.08352140561979401
2026-05-12 12:40:00+03:00,0.25256103162490245,-0.19528112414286866
2026-05-12 12:45:00+03:00,0.23149519975561003,-0.318561414485801
2026-05-12 12:50:00+03:00,0.22200302406721706,-0.2770060938253386
2026-05-12 12:55:00+03:00,0.28597420667419293,0.21221731052306278
2026-05-12 13:00:00+03:00,0.29288844528553154,-0.012171584173026297
2026-05-12 13:05:00+03:00,0.27862412002281356,-0.14774560947339602
2026-05-12 13:10:00+03:00,0.280301926030536,-0.06536565666245052
2026-05-12 13:15:00+03:00,0.253426825958495,-0.28697703016208137
2026-05-12 13:20:00+03:00,0.2254652851966599,-0.38319602853247964
2026-05-12 13:25:00+03:00,0.19680658738337814,-0.49385819112936485
2026-05-12 13:30:00+03:00,0.2104297518132558,-0.1800617406022365
2026-05-12 13:35:00+03:00,0.21570735366662655,-0.21080142683460412
2026-05-12 13:40:00+03:00,0.1962235583385996,-0.4263323510966814
2026-05-12 13:45:00+03:00,0.16450209129932813,-0.669435199826173
2026-05-12 13:50:00+03:00,0.1562923540360265,-0.4923263952995074
2026-05-12 13:55:00+03:00,0.13994078727933945,-0.6376570877079724
2026-05-12 14:00:00+03:00,0.14806833044090778,-0.4012011970370499
2026-05-12 14:05:00+03:00,0.17818086738773348,-0.17813121101529963
2026-05-12 14:10:00+03:00,0.1692009019180776,-0.4484550560266076
2026-05-12 14:15:00+03:00,0.16358584457405453,-0.4443013466754421
2026-05-12 14:20:00+03:00,0.15818896122871162,-0.46298100840818057
2026-05-12 14:25:00+03:00,0.1578676490860604,-0.4264443754247969
2026-05-12 14:30:00+03:00,0.16124625837872714,-0.38845815622311447
2026-05-12 14:35:00+03:00,0.16650088860784892,-0.3581823492289735
2026-05-12 14:40:00+03:00,0.18464888041975877,-0.22549734605551083
2026-05-12 14:45:00+03:00,0.21705644486493844,-0.06959046303439684
2026-05-12 14:50:00+03:00,0.25746242839429895,0.0571624216341184
2026-05-12 14:55:00+03:00,0.2690883470196501,-0.04505026152493309
2026-05-12 15:00:00+03:00,0.4129464622493723,0.7870854869487031
2026-05-12 15:05:00+03:00,0.42994672953646484,0.3097688335327146
2026-05-12 15:10:00+03:00,0.4171172569557634,0.16741360884566328
2026-05-12 15:15:00+03:00,0.4361885806118037,0.3297728103947181
2026-05-12 15:20:00+03:00,0.44044402407625044,0.28077601937955493
2026-05-12 15:25:00+03:00,0.4858544672893986,0.527386611111751
2026-05-12 15:30:00+03:00,0.4473133502000258,0.12421690567957559
2026-05-12 15:35:00+03:00,0.40245161674044866,0.0013179379045302646
2026-05-12 15:40:00+03:00,0.39260147073031826,0.1297027921673236
2026-05-12 15:45:00+03:00,0.3504702131908415,-0.1073723007093502
2026-05-12 15:50:00+03:00,0.3978572924879507,0.3649336356366355
2026-05-12 15:55:00+03:00,0.3896553857310679,0.1304215181457023
2026-05-12 16:00:00+03:00,0.4981640398810355,0.8207777036749927
2026-05-12 16:05:00+03:00,0.5285477769975447,0.5523316212506814
2026-05-12 16:10:00+03:00,0.5322107568426966,0.45510555971843053
2026-05-12 16:15:00+03:00,0.4514424794073925,-0.05070927899674267
2026-05-12 16:20:00+03:00,0.4280547469376458,0.14681509817216087
2026-05-12 16:25:00+03:00,0.40402587857869365,0.09462488614168511
2026-05-12 16:30:00+03:00,0.37740185040727153,0.026576169046068857
2026-05-12 16:35:00+03:00,0.3901234722368677,0.21547880529322733
2026-05-12 16:40:00+03:00,0.40561999708242713,0.2567761733663517
2026-05-12 16:45:00+03:00,0.3971441516944343,0.14460364263899197
2026-05-12 16:50:00+03:00,0.3710489865777788,0.01493037705096127
2026-05-12 16:55:00+03:00,0.31674573130522204,-0.2619634259649161
2026-05-12 17:00:00+03:00,0.2874060415286932,-0.20407461116139125
2026-05-12 17:05:00+03:00,0.2559367244665769,-0.3072846168313118
2026-05-12 17:10:00+03:00,0.25515187848556203,-0.13886743064199594
2026-05-12 17:15:00+03:00,0.22863668248783695,-0.3628201023658836
2026-05-12 17:20:00+03:00,0.21652349504086602,-0.30944680180605977
2026-05-12 17:25:00+03:00,0.20435947922256426,-0.3482982635497808
2026-05-12 17:30:00+03:00,0.2060046077841059,-0.2586063980984718
2026-05-12 17:35:00+03:00,0.21253693056356177,-0.2126146534600498
2026-05-12 17:40:00+03:00,0.23452770807840553,-0.07758863170094953
2026-05-12 17:45:00+03:00,0.25731999080771645,-0.02080306314819743
2026-05-12 17:50:00+03:00,0.25465170013288646,-0.14974386088249006
2026-05-12 17:55:00+03:00,0.23292294035680108,-0.3182430555888164
2026-05-13 09:55:00+03:00,0.26552831099108753,0.0409223499868629
2026-05-13 10:00:00+03:00,0.23862134493454762,-0.332934427561818
2026-05-13 10:05:00+03:00,0.2654447520698911,0.015444761717419543
2026-05-13 10:10:00+03:00,0.2560397248173821,-0.18124453674094
2026-05-13 10:15:00+03:00,0.21735757633002628,-0.49184644864224614
2026-05-13 10:20:00+03:00,0.19122669752617144,-0.49595687867476873
2026-05-13 10:25:00+03:00,0.176813445486186,-0.46072570566519083
2026-05-13 10:30:00+03:00,0.17585893393712865,-0.3683297584131366
2026-05-13 10:35:00+03:00,0.1652767579511801,-0.4756305673664582
2026-05-13 10:40:00+03:00,0.15882199916345163,-0.46866510217699187
2026-05-13 10:45:00+03:00,0.15145513554284665,-0.5050139671652939
2026-05-13 10:50:00+03:00,0.16934600001826255,-0.27077661310402534
2026-05-13 10:55:00+03:00,0.20404812560014796,-0.08973043405269998
2026-05-13 11:00:00+03:00,0.21417639684475637,-0.18868986162601
2026-05-13 11:05:00+03:00,0.21808903980206698,-0.21175623973234034
2026-05-13 11:10:00+03:00,0.21871450645870572,-0.22823154257749623
2026-05-13 11:15:00+03:00,0.19189593060766474,-0.498794307160067
2026-05-13 11:20:00+03:00,0.25304949119475023,0.13473365977649013
2026-05-13 11:25:00+03:00,0.30417646483933297,0.19737175787591066
2026-05-13 11:30:00+03:00,0.2817456248718257,-0.1821616148708628
2026-05-13 11:35:00+03:00,0.3416447210083905,0.3049360198241789
2026-05-13 11:40:00+03:00,0.3928903091208886,0.3702117798593254
2026-05-13 11:45:00+03:00,0.42727786757778563,0.3715004953198047
2026-05-13 11:50:00+03:00,0.423608940542844,0.21686984373560714
2026-05-13 11:55:00+03:00,0.40193960165386444,0.10012539753364583
2026-05-13 12:00:00+03:00,0.3659581750550069,-0.041218291750693616
2026-05-13 12:05:00+03:00,0.35243591881726205,0.029283711137500695
2026-05-13 12:10:00+03:00,0.35524087786694586,0.10481181450972508
2026-05-13 12:15:00+03:00,0.3952256737285243,0.331435151595108
2026-05-13 12:20:00+03:00,0.40583877715406275,0.23810566683873693
2026-05-13 12:25:00+03:00,0.37351726146048286,-0.007313821269275252
2026-05-13 12:30:00+03:00,0.37626615186182083,0.1478004806629815
2026-05-13 12:35:00+03:00,0.3261051191642372,-0.21211644342677483
2026-05-13 12:40:00+03:00,0.31490534622897126,-0.04466625645807125
2026-05-13 12:45:00+03:00,0.30823523881954323,-0.03914058879595803
2026-05-13 12:50:00+03:00,0.28321613788625366,-0.19205088609657986
2026-05-13 12:55:00+03:00,0.26005400127333234,-0.24584841219830092
2026-05-13 13:00:00+03:00,0.27932108596935185,0.012712062670388234
2026-05-13 13:05:00+03:00,0.26354539204733546,-0.19523313272982115
2026-05-13 13:10:00+03:00,0.25274203127330186,-0.1975482825971954
2026-05-13 13:15:00+03:00,0.22526180900800344,-0.3806138518254999
2026-05-13 13:20:00+03:00,0.22558547400862147,-0.21088296663088038
2026-05-13 13:25:00+03:00,0.2139311236759591,-0.3146369412945296
2026-05-13 13:30:00+03:00,0.2072458474522863,-0.3045872260190332
2026-05-13 13:35:00+03:00,0.17994530106897316,-0.5529773410591845
2026-05-13 13:40:00+03:00,0.16234765671386245,-0.545113234177761
2026-05-13 13:45:00+03:00,0.1533826990477826,-0.5101908531099963
2026-05-13 13:50:00+03:00,0.1846616527837049,-0.1551307550872721
2026-05-13 13:55:00+03:00,0.15397272980717638,-0.7158965828468902
2026-05-13 14:00:00+03:00,0.16177702931319102,-0.3569468234824606
2026-05-13 14:05:00+03:00,0.16923346788594015,-0.3350425110795015
2026-05-13 14:10:00+03:00,0.16763432215904578,-0.4008078692673842
2026-05-13 14:15:00+03:00,0.16676563392049173,-0.3987429459028354
2026-05-13 14:20:00+03:00,0.1415211852988842,-0.7248872906848833
2026-05-13 14:25:00+03:00,0.12429706751539826,-0.7317894204790962
2026-05-13 14:30:00+03:00,0.13040779847757078,-0.48142422864457357
2026-05-13 14:35:00+03:00,0.13428713215182347,-0.4837171866674338
2026-05-13 14:40:00+03:00,0.13006180906219195,-0.5695259139807656
2026-05-13 14:45:00+03:00,0.15449905091837526,-0.2759545864089709
2026-05-13 14:50:00+03:00,0.15457663795191232,-0.435530292894213
2026-05-13 14:55:00+03:00,0.20692690548231948,-0.0011413785622984762
2026-05-13 15:00:00+03:00,0.20215688863595363,-0.30845981740245687
2026-05-13 15:05:00+03:00,0.1924667305668036,-0.37121846001859143
2026-05-13 15:10:00+03:00,0.25458886295611083,0.14183423635434653
2026-05-13 15:15:00+03:00,0.28993458163231495,0.10434418651496072
2026-05-13 15:20:00+03:00,0.35642733534480137,0.3587550464886226
2026-05-13 15:25:00+03:00,0.36033236394471757,0.11991413094604202
2026-05-13 15:30:00+03:00,0.34573426366548765,0.009794333024520043
2026-05-13 15:35:00+03:00,0.3057039443405459,-0.21250006826921183
2026-05-13 15:40:00+03:00,0.2987569931480675,-0.06252293051587236
2026-05-13 15:45:00+03:00,0.28574791005939676,-0.12340787202851097
2026-05-13 15:50:00+03:00,0.26492929436751406,-0.21897994200209775
2026-05-13 15:55:00+03:00,0.23349869822849076,-0.37947343673696016
2026-05-13 16:00:00+03:00,0.2123429131264342,-0.381531240619113
2026-05-13 16:05:00+03:00,0.19854460547736377,-0.3784216522044067
2026-05-13 16:10:00+03:00,0.17352217206094633,-0.5611995826007539
2026-05-13 16:15:00+03:00,0.17500562460248184,-0.35501970923049486
2026-05-13 16:20:00+03:00,0.16828170968091713,-0.4351559950118511
2026-05-13 16:25:00+03:00,0.18041907520960893,-0.27205437962309686
2026-05-13 16:30:00+03:00,0.22342084200147502,-0.0060780307988278805
2026-05-13 16:35:00+03:00,0.29120370326675976,0.23752610248837383
2026-05-13 16:40:00+03:00,0.34314837991218683,0.2770566767627574
2026-05-13 16:45:00+03:00,0.3335729605993539,0.005093591028876915
2026-05-13 16:50:00+03:00,0.3240953479157038,-0.015734231317889535
2026-05-13 16:55:00+03:00,0.30477679974267047,-0.10753930837254687
2026-05-13 17:00:00+03:00,0.2640723827727358,-0.3397924199807127
2026-05-13 17:05:00+03:00,0.35690789289904273,0.4609832495505448
2026-05-13 17:10:00+03:00,0.4191045835392613,0.4627600942288046
2026-05-13 17:15:00+03:00,0.4546264406942551,0.4283799642086478
2026-05-13 17:20:00+03:00,0.4492390923084657,0.26038527661311595
2026-05-13 17:25:00+03:00,0.4320511286392167,0.17989931160295408
2026-05-13 17:30:00+03:00,0.42726239046288605,0.21965993472313347
2026-05-13 17:35:00+03:00,0.4151603655380565,0.16640239349136657
2026-05-13 17:40:00+03:00,0.37754053384982783,-0.02217545346691336
2026-05-13 17:45:00+03:00,0.3848390940471988,0.18342381844126504
2026-05-13 17:50:00+03:00,0.36785649695255024,0.04773821745448122
2026-05-13 17:55:00+03:00,0.4180415714501984,0.4144235111709268
2026-05-14 09:55:00+03:00,0.44803728961956113,0.39448367205380197
2026-05-14 10:00:00+03:00,0.4594860401974956,0.34525471020541826
2026-05-14 10:05:00+03:00,0.4590871132879513,0.29884482727887446
2026-05-14 10:10:00+03:00,0.4378880057847259,0.17551802071518607
2026-05-14 10:15:00+03:00,0.42590404968881607,0.188418280712755
2026-05-14 10:20:00+03:00,0.4355225998061815,0.29201990096276753
2026-05-14 10:25:00+03:00,0.4181891764259342,0.15137162139486454
2026-05-14 10:30:00+03:00,0.40159542385951963,0.1204616255607763
2026-05-14 10:35:00+03:00,0.36474389778486727,-0.04806741348745177
2026-05-14 10:40:00+03:00,0.34368202250011837,-0.023865773814808176
2026-05-14 10:45:00+03:00,0.3260890516397133,-0.04838770959911262
2026-05-14 10:50:00+03:00,0.33575876823281664,0.09280338838282302
2026-05-14 10:55:00+03:00,0.3608000551720926,0.2062107165284052
2026-05-14 11:00:00+03:00,0.3842027689604359,0.24582837662573087
2026-05-14 11:05:00+03:00,0.3834430546480133,0.14812506125571373
2026-05-14 11:10:00+03:00,0.37919541534158285,0.12518172134827765
2026-05-14 11:15:00+03:00,0.36465407045104575,0.05135778191678787
2026-05-14 11:20:00+03:00,0.35092396619108374,0.025064232280120228
2026-05-14 11:25:00+03:00,0.32235794212142593,-0.10978643978745545
2026-05-14 11:30:00+03:00,0.3944812587671468,0.453543842451103
2026-05-14 11:35:00+03:00,0.36052325130557744,-0.044431125211815393
2026-05-14 11:40:00+03:00,0.33178454960689774,-0.08766837817498561
2026-05-14 11:45:00+03:00,0.29232057578204623,-0.2468113342147683
2026-05-14 11:50:00+03:00,0.2901621144408443,-0.060212456605246045
2026-05-14 11:55:00+03:00,0.29267299407766534,-0.03269855080423577
2026-05-14 12:00:00+03:00,0.2808338476269653,-0.12985184865179755
2026-05-14 12:05:00+03:00,0.297224805976146,0.039334209427920507
2026-05-14 12:10:00+03:00,0.2941581354860904,-0.055101691208538764
2026-05-14 12:15:00+03:00,0.26209354863889406,-0.292134043341402
2026-05-14 12:20:00+03:00,0.23857769374851057,-0.3117704026020562
2026-05-14 12:25:00+03:00,0.2264104134889562,-0.2798064780004041
2026-05-14 12:30:00+03:00,0.21715448193651407,-0.29008728992554417
2026-05-14 12:35:00+03:00,0.21660545645663962,-0.24078868984965218
2026-05-14 12:40:00+03:00,0.20237552517778332,-0.3684441148999649
2026-05-14 12:45:00+03:00,0.19506452519081546,-0.34696347824434226
2026-05-14 12:50:00+03:00,0.20720611832070418,-0.1965931404663082
2026-05-14 12:55:00+03:00,0.2041905049384683,-0.2915453392556594
2026-05-14 13:00:00+03:00,0.18433274365556446,-0.47366990691222205
2026-05-14 13:05:00+03:00,0.1466694902445602,-0.8520920487587048
2026-05-14 13:10:00+03:00,0.14527651662211807,-0.48196856435816804
2026-05-14 13:15:00+03:00,0.14293148827677182,-0.49886416341858697
2026-05-14 13:20:00+03:00,0.12208929867915404,-0.7900201777959273
2026-05-14 13:25:00+03:00,0.10819193034192777,-0.7900703085017371
2026-05-14 13:30:00+03:00,0.10130930050135123,-0.7454699931930314
2026-05-14 13:35:00+03:00,0.09842668483535066,-0.7155165968714905
2026-05-14 13:40:00+03:00,0.10275612667967671,-0.6170733153444435
2026-05-14 13:45:00+03:00,0.10250316309277034,-0.6645015243101696
2026-05-14 13:50:00+03:00,0.09687622270533303,-0.7571278496311481
2026-05-14 13:55:00+03:00,0.08962527220018872,-0.8253640097937318
2026-05-14 14:00:00+03:00,0.08702938609803738,-0.7807989091215868
2026-05-14 14:05:00+03:00,0.08162243344985076,-0.8559756187225883
2026-05-14 14:10:00+03:00,0.08357080555723143,-0.745929575562023
2026-05-14 14:15:00+03:00,0.07942889458975776,-0.8535270069601468
2026-05-14 14:20:00+03:00,0.08258002008250481,-0.7374876312702712
2026-05-14 14:25:00+03:00,0.09774707511970479,-0.541110686633675
2026-05-14 14:30:00+03:00,0.10652234921643643,-0.5585649473567951
2026-05-14 14:35:00+03:00,0.12131691518447874,-0.4497079302881303
2026-05-14 14:40:00+03:00,0.09551353972365488,-1.0989481385712747
2026-05-14 14:45:00+03:00,0.07298932000132681,-1.3237322830700209
2026-05-14 14:50:00+03:00,0.05702774166167558,-1.3764832552453008
2026-05-14 14:55:00+03:00,0.050752712548707765,-1.1685665187885639
2026-05-14 15:00:00+03:00,0.040502329372891416,-1.4880075493793188
2026-05-14 15:05:00+03:00,0.033102450238098685,-1.5314226634314207
2026-05-14 15:10:00+03:00,0.026080789356711556,-1.7355037048212232
2026-05-14 15:15:00+03:00,0.021960137677448567,-1.6719606743039468
2026-05-14 15:20:00+03:00,0.01901842873055656,-1.6931083668305587
2026-05-14 15:25:00+03:00,0.019660429232696723,-1.465447109253484
2026-05-14 15:30:00+03:00,0.02063520167715327,-1.4284681533605856
2026-05-14 15:35:00+03:00,0.020820952776564816,-1.4596776541118104
2026-05-14 15:40:00+03:00,0.02338569117650544,-1.3136880065393863
2026-05-14 15:45:00+03:00,0.024739411367687765,-1.3325345900496315
2026-05-14 15:50:00+03:00,0.02315261307159613,-1.4885596905987502
2026-05-14 15:55:00+03:00,0.021573493255319452,-1.5284261903817555
2026-05-14 16:00:00+03:00,0.01991460647588856,-1.579193044151319
2026-05-14 16:05:00+03:00,0.01769807517744309,-1.6883202047528363
2026-05-14 16:10:00+03:00,0.015538945492852863,-1.7696101834698372
2026-05-14 16:15:00+03:00,0.014073129273102544,-1.773046450730674
2026-05-14 16:20:00+03:00,0.014605263164833264,-1.6072281479868755
2026-05-14 16:25:00+03:00,0.01695387634697904,-1.4491806814713917
2026-05-14 16:30:00+03:00,0.01693702145540058,-1.5702651027127572
2026-05-14 16:35:00+03:00,0.01597196045031931,-1.6606388233302185
2026-05-14 16:40:00+03:00,0.026423316360541783,-1.0612517877103829
2026-05-14 16:45:00+03:00,0.02444886174672708,-1.4759556971332866
2026-05-14 16:50:00+03:00,0.021221102161326087,-1.6361751542813479
2026-05-14 16:55:00+03:00,0.017407846725050982,-1.8361702678468568
2026-05-14 17:00:00+03:00,0.04203101307743265,-0.7234681718696617
2026-05-14 17:05:00+03:00,0.04175839662806508,-1.1306717568773577
2026-05-14 17:10:00+03:00,0.03519516425934031,-1.4398106620888595
2026-05-14 17:15:00+03:00,0.027717184597843912,-1.7071405522941185
2026-05-14 17:20:00+03:00,0.025165167382655236,-1.4865516723131684
2026-05-14 17:25:00+03:00,0.020623043256829458,-1.7560438795629518
2026-05-14 17:30:00+03:00,0.017265589434787548,-1.7994729969588394
2026-05-14 17:35:00+03:00,0.014332909243339676,-1.9060038480274786
2026-05-14 17:40:00+03:00,0.015431505488182196,-1.5497523494438417
2026-05-14 17:45:00+03:00,0.014453980272456347,-1.7172316842408566
2026-05-14 17:50:00+03:00,0.013510811814898011,-1.7524530908102658
2026-05-14 17:55:00+03:00,0.01431526685051717,-1.599370177901654
2026-05-15 09:55:00+03:00,0.0549437918906733,-0.5071333301432639
2026-05-15 10:00:00+03:00,0.18334538075956067,0.2636655577058558
2026-05-15 10:05:00+03:00,0.1703487315288924,-0.4746859586455371
2026-05-15 10:10:00+03:00,0.16895796056211415,-0.3947565132232178
2026-05-15 10:15:00+03:00,0.20152053820205856,-0.10629715335444256
2026-05-15 10:20:00+03:00,0.4453094638712302,1.641748102111831
2026-05-15 10:25:00+03:00,0.37088332620557213,-0.22247524191359103
2026-05-15 10:30:00+03:00,0.39479993026602755,0.26849995351099687
2026-05-15 10:35:00+03:00,0.32329910799155537,-0.3474342284482274
2026-05-15 10:40:00+03:00,0.28870670837037243,-0.22947259384121627
2026-05-15 10:45:00+03:00,0.27739900180424154,-0.13582703549131558
2026-05-15 10:50:00+03:00,0.2763339470367608,-0.08791738858017666
2026-05-15 10:55:00+03:00,0.295499970671996,0.047610328750552204
2026-05-15 11:00:00+03:00,0.2846099192895165,-0.1157022151724
2026-05-15 11:05:00+03:00,0.3086294559681481,0.09608992388544171
2026-05-15 11:10:00+03:00,0.34931935130992475,0.24522373079184684
2026-05-15 11:15:00+03:00,0.4185916768942791,0.4892018842262067
2026-05-15 11:20:00+03:00,0.3467372692538194,-0.27697709212060495
2026-05-15 11:25:00+03:00,0.3441757619329717,0.05882968735888138
2026-05-15 11:30:00+03:00,0.3579167436115574,0.1551755540743826
2026-05-15 11:35:00+03:00,0.2724165998317966,-0.6675520294825329
2026-05-15 11:40:00+03:00,0.24295735091775186,-0.33538584630986007
2026-05-15 11:45:00+03:00,0.2455076534992084,-0.1464347675693664
2026-05-15 11:50:00+03:00,0.28086437294328725,0.08541167035188527
2026-05-15 11:55:00+03:00,0.3036987059586849,0.0807531511198649
2026-05-15 12:00:00+03:00,0.30990109449412706,0.022523401915582636
2026-05-15 12:05:00+03:00,0.29279283726750005,-0.12629006651457178
2026-05-15 12:10:00+03:00,0.30381048436697067,0.030276408110881597
2026-05-15 12:15:00+03:00,0.3391457664396686,0.2040964971134355
2026-05-15 12:20:00+03:00,0.36098830047418345,0.1938751869716885
2026-05-15 12:25:00+03:00,0.335960047840085,-0.06007533157678196
2026-05-15 12:30:00+03:00,0.3272159514384453,-0.005397061117723584
2026-05-15 12:35:00+03:00,0.30964434115813944,-0.08720098904474045
2026-05-15 12:40:00+03:00,0.3391732596704467,0.18101245355019888
2026-05-15 12:45:00+03:00,0.3358295391599923,0.037456867720145996
2026-05-15 12:50:00+03:00,0.3392582410647309,0.07387518793364262
2026-05-15 12:55:00+03:00,0.31131166752677036,-0.134224021630014
2026-05-15 13:00:00+03:00,0.293573796899551,-0.12748762542277833
2026-05-15 13:05:00+03:00,0.2716556918825334,-0.20654517053603577
2026-05-15 13:10:00+03:00,0.2569852436476863,-0.20702291956679575
2026-05-15 13:15:00+03:00,0.21596623719833904,-0.5164665157214501
2026-05-15 13:20:00+03:00,0.20187279784424939,-0.3692116997336921
2026-05-15 13:25:00+03:00,0.1764052650805286,-0.5524262394342402
2026-05-15 13:30:00+03:00,0.15448255768196106,-0.6208543689771056
2026-05-15 13:35:00+03:00,0.1402466052240738,-0.6153327391452196
2026-05-15 13:40:00+03:00,0.12839187916144507,-0.650598119325391
2026-05-15 13:45:00+03:00,0.14918906872129362,-0.31413639162242457
2026-05-15 13:50:00+03:00,0.1281798403816423,-0.7538340757489222
2026-05-15 13:55:00+03:00,0.1348355888135352,-0.4601166354737454
2026-05-15 14:00:00+03:00,0.1871581778946978,-0.046295854827091094
2026-05-15 14:05:00+03:00,0.2275331690002941,-0.008642917692325178
2026-05-15 14:10:00+03:00,0.24953986124195118,-0.04224054730479426
2026-05-15 14:15:00+03:00,0.2585112562844093,-0.08250671231107805
2026-05-15 14:20:00+03:00,0.2548206685923241,-0.15456395601049336
2026-05-15 14:25:00+03:00,0.25500960294856356,-0.13430234963383228
2026-05-15 14:30:00+03:00,0.24752875893299997,-0.19369139810607247
2026-05-15 14:35:00+03:00,0.22402841666870763,-0.35812444572034025
2026-05-15 14:40:00+03:00,0.22174830978998905,-0.2360327824928533
2026-05-15 14:45:00+03:00,0.207888001161577,-0.34785661005116103
2026-05-15 14:50:00+03:00,0.20512749305956887,-0.28718765297888654
2026-05-15 14:55:00+03:00,0.21997101391913487,-0.14886518601094315
2026-05-15 15:00:00+03:00,0.23418785259073419,-0.11621809596318067
2026-05-15 15:05:00+03:00,0.1903819180596272,-0.6604671644396601
2026-05-15 15:10:00+03:00,0.16161271331805743,-0.6537190006950726
2026-05-15 15:15:00+03:00,0.14383696241137858,-0.6324288039832293
2026-05-15 15:20:00+03:00,0.11527368838798562,-0.9569818240884914
2026-05-15 15:25:00+03:00,0.10272387592226107,-0.8083538796089011
2026-05-15 15:30:00+03:00,0.11641055115049595,-0.47690952100545003
2026-05-15 15:35:00+03:00,0.11056465687253705,-0.6810934004864888
2026-05-15 15:40:00+03:00,0.09943892943595327,-0.8112881177824496
2026-05-15 15:45:00+03:00,0.09559779453258743,-0.7432431496864681
2026-05-15 15:50:00+03:00,0.0873664293002819,-0.8552820929656296
2026-05-15 15:55:00+03:00,0.08057594901366413,-0.8845006033690768
2026-05-15 16:00:00+03:00,0.07236698127615532,-0.9765876900569408
2026-05-15 16:05:00+03:00,0.06966146859675357,-0.9059775605698646
2026-05-15 16:10:00+03:00,0.07349996030131868,-0.7850327490330057
2026-05-15 16:15:00+03:00,0.07067145959641787,-0.8999144802936248
2026-05-15 16:20:00+03:00,0.06897158740847872,-0.8955328651823784
2026-05-15 16:25:00+03:00,0.07190603285454371,-0.8073451764173682
2026-05-15 16:30:00+03:00,0.1042836439783771,-0.3849131354063094
2026-05-15 16:35:00+03:00,0.17132049158179527,-0.015159499417342842
2026-05-15 16:40:00+03:00,0.19162003811014997,-0.19462715200390202
2026-05-15 16:45:00+03:00,0.16094903655785892,-0.6771531889321771
2026-05-15 16:50:00+03:00,0.1468529130761366,-0.5829179190277235
2026-05-15 16:55:00+03:00,0.13679185757205398,-0.592118199390723
2026-05-15 17:00:00+03:00,0.12244907661282232,-0.7092612652259132
2026-05-15 17:05:00+03:00,0.10257215093275113,-0.9175259889932547
2026-05-15 17:10:00+03:00,0.08728818964688634,-0.9696276554284939
2026-05-15 17:15:00+03:00,0.0842817842322019,-0.8040501855271244
2026-05-15 17:20:00+03:00,0.07996964264741188,-0.8520748434327001
2026-05-15 17:25:00+03:00,0.07617958228917254,-0.8723205638858113
2026-05-15 17:30:00+03:00,0.07106571449420684,-0.9339062734938821
2026-05-15 17:35:00+03:00,0.07338127561548219,-0.8057589940717861
2026-05-15 17:40:00+03:00,0.08387217744229902,-0.6497206019148206
2026-05-15 17:45:00+03:00,0.08773478085810647,-0.6997596548656713
2026-05-15 17:50:00+03:00,0.08746766344564684,-0.7491489118869019
2026-05-15 17:55:00+03:00,0.11709133944285768,-0.36039693964733677
2026-05-18 09:55:00+03:00,0.13730130755929368,-0.355844205792651
2026-05-18 10:00:00+03:00,0.2765829522335571,0.48533409922271614
2026-05-18 10:05:00+03:00,0.39206965669836313,0.6201446808480694
2026-05-18 10:10:00+03:00,0.3480378145689231,-0.12279826186945061
2026-05-18 10:15:00+03:00,0.3383423363842688,0.015135182372328375
2026-05-18 10:20:00+03:00,0.3371335151973092,0.04951580142743818
2026-05-18 10:25:00+03:00,0.34790210987791353,0.12258692636594598
2026-05-18 10:30:00+03:00,0.28899383385654864,-0.3776458856678396
2026-05-18 10:35:00+03:00,0.29774114088518217,0.006903158228625152
2026-05-18 10:40:00+03:00,0.28938138530076285,-0.0916410324428119
2026-05-18 10:45:00+03:00,0.28966818103156716,-0.04992685772652216
2026-05-18 10:50:00+03:00,0.28454155891293254,-0.08771376446181046
2026-05-18 10:55:00+03:00,0.2927276843815164,-0.0068066731376766245
2026-05-18 11:00:00+03:00,0.30805608637413695,0.05810192796830337
2026-05-18 11:05:00+03:00,0.37312299346000033,0.3853250262958635
2026-05-18 11:10:00+03:00,0.4034628599884802,0.3101456221937854
2026-05-18 11:15:00+03:00,0.43349025738653274,0.3666871905724877
2026-05-18 11:20:00+03:00,0.4274178769515053,0.21489878376208385
2026-05-18 11:25:00+03:00,0.39898039365274024,0.06535081031427911
2026-05-18 11:30:00+03:00,0.35206828725720857,-0.12712184777378183
2026-05-18 11:35:00+03:00,0.3741200501150168,0.22072224149026065
2026-05-18 11:40:00+03:00,0.4532529882157883,0.5967405443031673
2026-05-18 11:45:00+03:00,0.4412541434283521,0.2188146822360648
2026-05-18 11:50:00+03:00,0.44987128193422304,0.31585863629882927
2026-05-18 11:55:00+03:00,0.4259339118100539,0.14025570473862695
2026-05-18 12:00:00+03:00,0.43321740207285664,0.2785055405319169
2026-05-18 12:05:00+03:00,0.45433601042554705,0.37249890605548874
2026-05-18 12:10:00+03:00,0.4784683978567641,0.43042553527685606
2026-05-18 12:15:00+03:00,0.5028580678811828,0.4785228791782468
2026-05-18 12:20:00+03:00,0.5324794294537543,0.557107037178345
2026-05-18 12:25:00+03:00,0.5565513228906742,0.5830031614726651
2026-05-18 12:30:00+03:00,0.6618932964072843,1.3020955949655602
2026-05-18 12:35:00+03:00,0.6343341589493033,0.5323833850215388
2026-05-18 12:40:00+03:00,0.591433582408908,0.3898842621918865
2026-05-18 12:45:00+03:00,0.5541902604968184,0.340104464167513
2026-05-18 12:50:00+03:00,0.5571055264429137,0.5004946321288454
2026-05-18 12:55:00+03:00,0.5516902254688151,0.45766076279078244
2026-05-18 13:00:00+03:00,0.5913481462675763,0.7202719865066911
2026-05-18 13:05:00+03:00,0.569686479510042,0.4297134387692701
2026-05-18 13:10:00+03:00,0.5816958719194208,0.5850503266412886
2026-05-18 13:15:00+03:00,0.5508278148550886,0.35813848337411425
2026-05-18 13:20:00+03:00,0.5146049102565526,0.26757802948677806
2026-05-18 13:25:00+03:00,0.49811338720455095,0.3120506613353689
2026-05-18 13:30:00+03:00,0.5218559092682276,0.513004834775826
2026-05-18 13:35:00+03:00,0.4875420097193564,0.2220836954870768
2026-05-18 13:40:00+03:00,0.47643451871029113,0.2909746566274065
2026-05-18 13:45:00+03:00,0.4674467333959762,0.2817770451009794
2026-05-18 13:50:00+03:00,0.47512751200977177,0.3608211826659375
2026-05-18 13:55:00+03:00,0.4517066571306002,0.1942566692206308
2026-05-18 14:00:00+03:00,0.43736130237518805,0.20182289323656516
2026-05-18 14:05:00+03:00,0.4044886921199093,0.05816742830628495
2026-05-18 14:10:00+03:00,0.40417222374964284,0.19161575260540345
2026-05-18 14:15:00+03:00,0.3871651761712715,0.08871917503131853
2026-05-18 14:20:00+03:00,0.3777248986764631,0.1006330551367325
2026-05-18 14:25:00+03:00,0.35878855611662386,0.01946689390794816
2026-05-18 14:30:00+03:00,0.32092079132046203,-0.16038958614996282
2026-05-18 14:35:00+03:00,0.30049725286067847,-0.12360643075398903
2026-05-18 14:40:00+03:00,0.21193653523058958,-1.2148003882791536
2026-05-18 14:45:00+03:00,0.15146749901600762,-1.2799466328763933
2026-05-18 14:50:00+03:00,0.14791881305258886,-0.4885544976880554
2026-05-18 14:55:00+03:00,0.14040127356806945,-0.5528811360553838
2026-05-18 15:00:00+03:00,0.12802340907731377,-0.6578835490897086
2026-05-18 15:05:00+03:00,0.09225012825555487,-1.471114337826346
2026-05-18 15:10:00+03:00,0.07351946481014607,-1.1973516530326935
2026-05-18 15:15:00+03:00,0.08522711023808002,-0.6306579140554852
2026-05-18 15:20:00+03:00,0.07664962463752135,-0.945303874106318
2026-05-18 15:25:00+03:00,0.09034449617300813,-0.5871822734645215
2026-05-18 15:30:00+03:00,0.07645931451439458,-1.0469438768824468
2026-05-18 15:35:00+03:00,0.07114113984386991,-0.936711119961481
2026-05-18 15:40:00+03:00,0.05898691999236493,-1.2167546265522327
2026-05-18 15:45:00+03:00,0.05218016613684372,-1.1638353328060227
2026-05-18 15:50:00+03:00,0.07809137349140731,-0.5332855167740005
2026-05-18 15:55:00+03:00,0.08633799985321165,-0.6601488094415381
2026-05-18 16:00:00+03:00,0.07622290686703243,-0.9761911327404865
2026-05-18 16:05:00+03:00,0.07558310583974286,-0.8310537486610647
2026-05-18 16:10:00+03:00,0.0664089904699215,-1.053490719566966
2026-05-18 16:15:00+03:00,0.08188315608408782,-0.6102470063271938
2026-05-18 16:20:00+03:00,0.0849201500012904,-0.7251085261199318
2026-05-18 16:25:00+03:00,0.09161498107273339,-0.6489509938105962
2026-05-18 16:30:00+03:00,0.0836798019677902,-0.8782844275269258
2026-05-18 16:35:00+03:00,0.0929014035441251,-0.6174145808004213
2026-05-18 16:40:00+03:00,0.11717172692066867,-0.39636501798312573
2026-05-18 16:45:00+03:00,0.10320898232604848,-0.8242594561924806
2026-05-18 16:50:00+03:00,0.08876652884430723,-0.9419960935358954
2026-05-18 16:55:00+03:00,0.08941260808150515,-0.7267893309772814
2026-05-18 17:00:00+03:00,0.09785496774570153,-0.6011682477822771
2026-05-18 17:05:00+03:00,0.10312321175842454,-0.6062902575992752
2026-05-18 17:10:00+03:00,0.1006618439509043,-0.6982108550637128
2026-05-18 17:15:00+03:00,0.10050063555846507,-0.674105504429192
2026-05-18 17:20:00+03:00,0.10340391162646646,-0.6278500896774699
2026-05-18 17:25:00+03:00,0.14004321246405163,-0.24701375440750015
2026-05-18 17:30:00+03:00,0.1888322263417876,-0.0588852587608988
2026-05-18 17:35:00+03:00,0.2056260705093616,-0.17599920771130936
2026-05-18 17:40:00+03:00,0.22107243569297447,-0.14297469172871904
2026-05-18 17:45:00+03:00,0.29742686631631127,0.283065343323184
2026-05-18 17:50:00+03:00,0.3259057204255432,0.15003418509397087
2026-05-18 17:55:00+03:00,0.39023311437702385,0.41533858711633853
2026-05-20 09:55:00+03:00,0.5654765482046469,1.5250778114155745
2026-05-20 10:00:00+03:00,0.6801607578037157,1.4863018317184082
2026-05-20 10:05:00+03:00,0.7362257077331263,1.2050990851721888
2026-05-20 10:10:00+03:00,0.7782227407218586,1.2588622367493212
2026-05-20 10:15:00+03:00,0.7642294240314244,0.8715585630730178
2026-05-20 10:20:00+03:00,0.7167873439530829,0.6178176011532203
2026-05-20 10:25:00+03:00,0.6842055842645751,0.6119886368395941
2026-05-20 10:30:00+03:00,0.706483317523123,0.9088015933205593
2026-05-20 10:35:00+03:00,0.6964359748763793,0.7326585507880449
2026-05-20 10:40:00+03:00,0.6494495284015195,0.4859759869506527
2026-05-20 10:45:00+03:00,0.7369888644294015,1.5012919274521561
2026-05-20 10:50:00+03:00,0.5760063100847106,-0.13770468040927034
2026-05-20 10:55:00+03:00,0.469460412123894,-0.13183019338703555
2026-05-20 11:00:00+03:00,0.483686034454941,0.402371322445854
2026-05-20 11:05:00+03:00,0.38976856881231703,-0.28022973538594337
2026-05-20 11:10:00+03:00,0.3688087769230785,0.03255332356059061
2026-05-20 11:15:00+03:00,0.3366018065855388,-0.09278834306207245
2026-05-20 11:20:00+03:00,0.30507116262292594,-0.1686574870360097
2026-05-20 11:25:00+03:00,0.26822098436972913,-0.30260875027716394
2026-05-20 11:30:00+03:00,0.251910679987335,-0.2301220209826226
2026-05-20 11:35:00+03:00,0.19297644331074215,-0.8254703646089305
2026-05-20 11:40:00+03:00,0.16518972691317474,-0.6258519859549163
2026-05-20 11:45:00+03:00,0.16601372235055661,-0.3896321309567557
2026-05-20 11:50:00+03:00,0.25288499210194504,0.23724782370965708
2026-05-20 11:55:00+03:00,0.25663876445825995,-0.11244761193788808
2026-05-20 12:00:00+03:00,0.2635707602602756,-0.08015711018104936
2026-05-20 12:05:00+03:00,0.23506847161460448,-0.3547201579590537
2026-05-20 12:10:00+03:00,0.22821825911214108,-0.2436015022754725
2026-05-20 12:15:00+03:00,0.21461879726160943,-0.32466008837671995
2026-05-20 12:20:00+03:00,0.19517501670886003,-0.42984725130164025
2026-05-20 12:25:00+03:00,0.1922399630790106,-0.3279750091847697
2026-05-20 12:30:00+03:00,0.2131867108181018,-0.1350778376909069
2026-05-20 12:35:00+03:00,0.20376706427085806,-0.33255124391692586
2026-05-20 12:40:00+03:00,0.20174190408448345,-0.2929587412485877
2026-05-20 12:45:00+03:00,0.1946484326727818,-0.346901956594179
2026-05-20 12:50:00+03:00,0.16599253754634025,-0.6304679710250649
2026-05-20 12:55:00+03:00,0.1482386760406489,-0.6107290277599482
2026-05-20 13:00:00+03:00,0.12814545908840955,-0.7429829446005274
2026-05-20 13:05:00+03:00,0.11139521944768277,-0.8065443223908344
2026-05-20 13:10:00+03:00,0.10089903790169823,-0.793262188109499
2026-05-20 13:15:00+03:00,0.0868139589839235,-0.9526483689390183
2026-05-20 13:20:00+03:00,0.07850696219889808,-0.9251189359392286
2026-05-20 13:25:00+03:00,0.06952748209267617,-1.017923076744155
2026-05-20 13:30:00+03:00,0.06277785329712635,-1.0408712760522763
2026-05-20 13:35:00+03:00,0.05219135257336139,-1.2720822824659122
2026-05-20 13:40:00+03:00,0.04528541141265926,-1.2648678662784223
2026-05-20 13:45:00+03:00,0.04412155256332461,-1.1236688002701531
2026-05-20 13:50:00+03:00,0.05620217664328103,-0.7902894770238268
2026-05-20 13:55:00+03:00,0.06463552113223639,-0.7829444029520345
2026-05-20 14:00:00+03:00,0.12643940525440175,-0.14786916066930575
2026-05-20 14:05:00+03:00,0.22208818580184644,0.21116733120437298
2026-05-20 14:10:00+03:00,0.2772303760496415,0.15945709649602818
2026-05-20 14:15:00+03:00,0.2609049353361875,-0.2053608205317828
2026-05-20 14:20:00+03:00,0.2275899937151742,-0.41304948923660334
2026-05-20 14:25:00+03:00,0.22499971943287142,-0.22864062147620307
2026-05-20 14:30:00+03:00,0.2105295630105873,-0.34325250395390833
2026-05-20 14:35:00+03:00,0.20815357603214327,-0.27587147683756313
2026-05-20 14:40:00+03:00,0.21426692104962086,-0.21016847671410244
2026-05-20 14:45:00+03:00,0.18861337108377627,-0.502640922062694
2026-05-20 14:50:00+03:00,0.16240205489877843,-0.6240696164989268
2026-05-20 14:55:00+03:00,0.13245591966520523,-0.8433219304110562
2026-05-20 15:00:00+03:00,0.1097460207242002,-0.9053731976323189
2026-05-20 15:05:00+03:00,0.0872329703101114,-1.118743971024295
2026-05-20 15:10:00+03:00,0.06349060629008388,-1.5968751839558724
2026-05-20 15:15:00+03:00,0.04531241442749589,-1.8788598645849643
2026-05-20 15:20:00+03:00,0.03440315452779148,-1.7139116013665965
2026-05-20 15:25:00+03:00,0.026197304845031483,-1.8359588281739478
2026-05-20 15:30:00+03:00,0.020096233788959705,-1.939924779442566
2026-05-20 15:35:00+03:00,0.016485624138504625,-1.8624696521189255
2026-05-20 15:40:00+03:00,0.013407499026061177,-1.9809863691845175
2026-05-20 15:45:00+03:00,0.011089072127269348,-2.0373836254414983
2026-05-20 15:50:00+03:00,0.01414684378383915,-1.4816641900567562
2026-05-20 15:55:00+03:00,0.02412660004806942,-1.0969027258506596
2026-05-20 16:00:00+03:00,0.02631011370245507,-1.277557865810094
2026-05-20 16:05:00+03:00,0.027678922741803464,-1.281779725565414
2026-05-20 16:10:00+03:00,0.03266827992162992,-1.11354657663637
2026-05-20 16:15:00+03:00,0.03643155557713654,-1.0983619785821135
2026-05-20 16:20:00+03:00,0.04451185290472759,-0.9352979484274137
2026-05-20 16:25:00+03:00,0.09973888135701622,-0.256006988010901
2026-05-20 16:30:00+03:00,0.08906919087412417,-0.8788891541196718
2026-05-20 16:35:00+03:00,0.09154553910382039,-0.6940188954719319
2026-05-20 16:40:00+03:00,0.09512744495628966,-0.6629634496613026
2026-05-20 16:45:00+03:00,0.10084515236752453,-0.6128930643258942
2026-05-20 16:50:00+03:00,0.0941391574814861,-0.7879331023717759
2026-05-20 16:55:00+03:00,0.08949582934273898,-0.7912916801369637
2026-05-20 17:00:00+03:00,0.32509139005197,1.0330868180267672
2026-05-20 17:05:00+03:00,0.4687435722624653,0.9217419667492326
2026-05-20 17:10:00+03:00,0.37736509991445044,-0.3023407907036584
2026-05-20 17:15:00+03:00,0.2604173605368359,-1.3494373108967175
2026-05-20 17:20:00+03:00,0.18200373566765096,-1.3750757889105074
2026-05-20 17:25:00+03:00,0.12263963699181492,-2.278735258404748
2026-05-20 17:30:00+03:00,0.09016509711966426,-1.3743036253311498
2026-05-20 17:35:00+03:00,0.06162415504751891,-2.206697577345519
2026-05-20 17:40:00+03:00,0.042384413229825696,-2.2795375446525052
2026-05-20 17:45:00+03:00,0.02980283960121135,-2.1964697521188934
2026-05-20 17:50:00+03:00,0.021234212859721765,-2.2564142427876295
2026-05-20 17:55:00+03:00,0.01598928682151949,-2.1144981248268233
2026-05-21 09:55:00+03:00,0.012198288412169413,-2.19890684645558
2026-05-21 10:00:00+03:00,0.010330481950817356,-2.026823487415434
2026-05-21 10:05:00+03:00,0.013075620771563977,-1.5244439156911347
2026-05-21 10:10:00+03:00,0.011678571680376231,-1.8827430631255289
2026-05-21 10:15:00+03:00,0.015318724444217979,-1.4281578239242612
2026-05-21 10:20:00+03:00,0.025806282133467164,-1.0670790430365096
2026-05-21 10:25:00+03:00,0.04483748047782264,-0.7740563199649182
2026-05-21 10:30:00+03:00,0.07708550593566792,-0.48554724660303517
2026-05-21 10:35:00+03:00,0.0940000545881535,-0.542194316728333
2026-05-21 10:40:00+03:00,0.1075216111209721,-0.5138391439264322
2026-05-21 10:45:00+03:00,0.13582338845160957,-0.30904590267910015
2026-05-21 10:50:00+03:00,0.27286633089919393,0.4694435797479839
2026-05-21 10:55:00+03:00,0.3102371465434363,0.15432484650283948
2026-05-21 11:00:00+03:00,0.3451652507547636,0.21440152802806153
2026-05-21 11:05:00+03:00,0.31573121046523417,-0.13058653451967922
2026-05-21 11:10:00+03:00,0.267387112771835,-0.379265281208637
2026-05-21 11:15:00+03:00,0.26001521879487444,-0.16016623662806648
2026-05-21 11:20:00+03:00,0.289007714637212,0.0757332881137043
2026-05-21 11:25:00+03:00,0.26765345986200734,-0.2144196636283632
2026-05-21 11:30:00+03:00,0.19676693671311793,-0.9853338834842511
2026-05-21 11:35:00+03:00,0.15192111564145125,-0.9223455060225069
2026-05-21 11:40:00+03:00,0.12435302444427786,-0.8677040714853569
2026-05-21 11:45:00+03:00,0.10721808395832373,-0.8405871954325056
2026-05-21 11:50:00+03:00,0.09113874185595416,-0.9497339658571518
2026-05-21 11:55:00+03:00,0.09650708691847412,-0.6376264038813485
2026-05-21 12:00:00+03:00,0.1002848086910095,-0.6346448196252404
2026-05-21 12:05:00+03:00,0.08823518984183286,-0.9068919185509798
2026-05-21 12:10:00+03:00,0.06528347799028832,-1.5034556685907703
2026-05-21 12:15:00+03:00,0.0610231449893716,-1.008839313016949
2026-05-21 12:20:00+03:00,0.06310501890405465,-0.8824032568998822
2026-05-21 12:25:00+03:00,0.0551180914050901,-1.1564154448832529
2026-05-21 12:30:00+03:00,0.04652952658596449,-1.299391192346788
2026-05-21 12:35:00+03:00,0.03994364012704459,-1.3448132798402177
2026-05-21 12:40:00+03:00,0.03973610395148438,-1.1541652242520928
2026-05-21 12:45:00+03:00,0.03472837831515937,-1.3842196392460722
2026-05-21 12:50:00+03:00,0.03153396561797661,-1.375688901323626
2026-05-21 12:55:00+03:00,0.027491094458308413,-1.5028174493611932
2026-05-21 13:00:00+03:00,0.028156435690992004,-1.2971276645910872
2026-05-21 13:05:00+03:00,0.02714492411130895,-1.3761439352015359
2026-05-21 13:10:00+03:00,0.026076500628756397,-1.3998514002922213
2026-05-21 13:15:00+03:00,0.029395505047162172,-1.1976916441152203
2026-05-21 13:20:00+03:00,0.02599419137511874,-1.5082368103833237
2026-05-21 13:25:00+03:00,0.028231412188508713,-1.2458309838031003
2026-05-21 13:30:00+03:00,0.028559356407983235,-1.3017059358701684
2026-05-21 13:35:00+03:00,0.028899342607008494,-1.2955843848795292
2026-05-21 13:40:00+03:00,0.024331975304561018,-1.6221408275429212
2026-05-21 13:45:00+03:00,0.020108960363926932,-1.7508499384448826
2026-05-21 13:50:00+03:00,0.016544390286924338,-1.8546480230334974
2026-05-21 13:55:00+03:00,0.012791319429723542,-2.133666495994833
2026-05-21 14:00:00+03:00,0.009288953085968275,-2.537569399746216
2026-05-21 14:05:00+03:00,0.006837004339385224,-2.6178075700211596
2026-05-21 14:10:00+03:00,0.004671182524407857,-3.4530088295166537
2026-05-21 14:15:00+03:00,0.0032066415475792837,-3.5497345889026706
2026-05-21 14:20:00+03:00,0.002228109903437027,-3.5611294264033377
2026-05-21 14:25:00+03:00,0.0018897666751410374,-2.841703005386311
2026-05-21 14:30:00+03:00,0.0016947877576525096,-2.80668001044441
2026-05-21 14:35:00+03:00,0.0020988009553336824,-2.421630965907909
2026-05-21 14:40:00+03:00,0.002571410790600198,-2.3299723924824245
2026-05-21 14:45:00+03:00,0.004052895319841349,-1.9969319211200283
2026-05-21 14:50:00+03:00,0.006622917331675026,-1.7467041505907452
2026-05-21 14:55:00+03:00,0.007687098734040076,-1.834482849563979
2026-05-21 15:00:00+03:00,0.009210206941348208,-1.7267492678699052
2026-05-21 15:05:00+03:00,0.010677350932728641,-1.675776218746972
2026-05-21 15:10:00+03:00,0.011275223697724624,-1.7183197020663763
2026-05-21 15:15:00+03:00,0.011137414283652426,-1.785379888730518
2026-05-21 15:20:00+03:00,0.011886808263354982,-1.68392013212005
2026-05-21 15:25:00+03:00,0.010357156420744779,-1.9778903162687598
2026-05-21 15:30:00+03:00,0.010691744560826817,-1.763583376330188
2026-05-21 15:35:00+03:00,0.01135548028439117,-1.7101303249571953
2026-05-21 15:40:00+03:00,0.012697417034375566,-1.6162758689380907
2026-05-21 15:45:00+03:00,0.012316943298841598,-1.7553208949385153
2026-05-21 15:50:00+03:00,0.01139022732826112,-1.848435436240194
2026-05-21 15:55:00+03:00,0.009273637528308924,-2.156529371099836
2026-05-21 16:00:00+03:00,0.014715776008733712,-1.3668630711828629
2026-05-21 16:05:00+03:00,0.01491419790025309,-1.6185062350320005
2026-05-21 16:10:00+03:00,0.013897305649014334,-1.7425714065920204
2026-05-21 16:15:00+03:00,0.012839461663754445,-1.791582181921824
2026-05-21 16:20:00+03:00,0.012782060574631895,-1.7107319463924984
2026-05-21 16:25:00+03:00,0.010050190281731623,-2.202032662004699
2026-05-21 16:30:00+03:00,0.01029278916940385,-1.7891366332022534
2026-05-21 16:35:00+03:00,0.010537866120074936,-1.7780128911238198
2026-05-21 16:40:00+03:00,0.01571005839410897,-1.3581985374820749
2026-05-21 16:45:00+03:00,0.017059990745870827,-1.493958746577172
2026-05-21 16:50:00+03:00,0.027266304399819374,-1.0575098425589224
2026-05-21 16:55:00+03:00,0.05434501072190703,-0.6313517760321743
2026-05-21 17:00:00+03:00,0.052144434242267855,-1.0568303617539863
2026-05-21 17:05:00+03:00,0.12046497634942872,-0.12997615896649767
2026-05-21 17:10:00+03:00,0.1699801076194956,-0.10051187232493691
2026-05-21 17:15:00+03:00,0.32072676385721594,0.6184642630668152
2026-05-21 17:25:00+03:00,0.5157383000216991,1.4647349428588972
2026-05-21 17:30:00+03:00,0.5810770821282931,0.8127359221519649
2026-05-21 17:35:00+03:00,0.711020816898943,2.061949951250188
2026-05-21 17:40:00+03:00,0.8000597806538547,2.2025702719765183
2026-05-22 09:55:00+03:00,0.8572321315589827,2.0734339363791014
2026-05-22 10:00:00+03:00,0.6765888157961796,0.007050789471927314
2026-05-22 10:05:00+03:00,0.6227403211567754,0.40795223651169166
2026-05-22 10:10:00+03:00,0.5765822031061593,0.3488711505670917
2026-05-22 10:15:00+03:00,0.5594453737913316,0.4274209688830943
2026-05-22 10:20:00+03:00,0.40893578707967626,-0.6342641615924712
2026-05-22 10:25:00+03:00,0.2978369223939429,-0.8218134670937238
2026-05-22 10:30:00+03:00,0.2813434308950287,-0.15220446578535965
2026-05-22 10:35:00+03:00,0.275159155951864,-0.11579931088059991
2026-05-22 10:40:00+03:00,0.35219378198403584,0.39109457708410583
2026-05-22 10:45:00+03:00,0.3524829822650046,0.08853078193982171
2026-05-22 10:50:00+03:00,0.3628384756420334,0.15142667672189142
2026-05-22 10:55:00+03:00,0.3144852835853109,-0.23436728851299543
2026-05-22 11:00:00+03:00,0.3448478175197544,0.19566585455724433
2026-05-22 11:05:00+03:00,0.35761194441388156,0.15059607763882682
2026-05-22 11:10:00+03:00,0.39221795138641585,0.3049110237494283
2026-05-22 11:15:00+03:00,0.43825895164712614,0.43737159549521404
2026-05-22 11:20:00+03:00,0.4690756857227852,0.43808082558034117
2026-05-22 11:25:00+03:00,0.5883109996443985,1.1289263910907594
2026-05-22 11:30:00+03:00,0.6573545426114012,1.030603718255187
2026-05-22 11:35:00+03:00,0.7128203746689173,1.1188468061183565
2026-05-22 11:40:00+03:00,0.770606669567534,1.363673926896234
2026-05-22 11:45:00+03:00,0.8291795083633035,1.7558007907811748
2026-05-22 11:50:00+03:00,0.8815979793521161,2.435592850959607
2026-05-22 11:55:00+03:00,0.914679984957713,2.2672940844869767
2026-05-22 12:00:00+03:00,0.938621952040908,2.4381437613158212
2026-05-22 12:05:00+03:00,0.9405196724801121,1.737142519113182
2026-05-22 12:10:00+03:00,0.9572314780390173,2.6164298038097344
2026-05-22 12:15:00+03:00,0.9688382842633251,2.6947774533059192
2026-05-22 12:20:00+03:00,0.9759521936200686,2.592409595537528
2026-05-22 12:25:00+03:00,0.980586594719512,2.5766497009192375
2026-05-22 12:30:00+03:00,0.9811695696668185,2.3069121752749564
2026-05-22 12:35:00+03:00,0.9840506280660128,2.5746161701008785
2026-05-22 12:40:00+03:00,0.9857899966252746,2.549393580346147
2026-05-22 12:45:00+03:00,0.9804456507526054,2.0427600995906623
2026-05-22 12:50:00+03:00,0.9829083832459877,2.488489817468793
2026-05-22 12:55:00+03:00,0.9832218891492663,2.350621314145935
2026-05-22 13:00:00+03:00,0.984791360340041,2.492355364960434
2026-05-22 13:05:00+03:00,0.98521946994872,2.422878482312626
2026-05-22 13:10:00+03:00,0.9844793587023591,2.3256068119486155
2026-05-22 13:15:00+03:00,0.9828285573171367,2.2347491024576898
2026-05-22 13:20:00+03:00,0.9804719090332612,2.151844168330209
2026-05-22 13:25:00+03:00,0.9754464781729764,1.9759677431349978
2026-05-22 13:30:00+03:00,0.9754492865830865,2.1457215307642934
2026-05-22 13:35:00+03:00,0.9743686652180548,2.084508784971093
2026-05-22 13:40:00+03:00,0.9716420971218167,1.9874888049260164
2026-05-22 13:45:00+03:00,0.9765617631173077,2.4343815587986706
2026-05-22 13:50:00+03:00,0.9760298012819437,2.136016494812435
2026-05-22 13:55:00+03:00,0.9748052250371034,2.0871550160937664
2026-05-22 14:00:00+03:00,0.9662989524172578,1.7845257448173182
2026-05-22 14:05:00+03:00,0.9623824224586487,1.839743614336405
2026-05-22 14:10:00+03:00,0.9728063115893231,2.803555464739089
2026-05-22 14:15:00+03:00,0.9799903160603839,2.860328735134011
2026-05-22 14:20:00+03:00,0.9857042943541722,3.1862932754735334
2026-05-22 14:25:00+03:00,0.9901650334757286,3.7360783502568644
2026-05-22 14:30:00+03:00,0.9931033119709494,3.683054579114235
2026-05-22 14:35:00+03:00,0.9946585136580985,3.3070373877688723
2026-05-22 14:40:00+03:00,0.9964158032726648,4.971495324209173
2026-05-22 14:45:00+03:00,0.9974959111481483,4.205071556545102
2026-05-22 14:50:00+03:00,0.9982585600471674,4.427900627407047
2026-05-22 14:55:00+03:00,0.9988118930420875,4.8962340612606825
2026-05-22 15:00:00+03:00,0.9991880543731542,5.045850238859658
2026-05-22 15:05:00+03:00,0.9993777433771039,4.3719361235592595
2026-05-22 15:10:00+03:00,0.9994788743270717,4.241309261052197
2026-05-22 15:15:00+03:00,0.9995952054172867,4.537148731588246
2026-05-22 15:20:00+03:00,0.9994381930111046,3.756292436914541
2026-05-22 15:25:00+03:00,0.9995371763726439,4.330365392639988
2026-05-22 15:30:00+03:00,0.9996230733185153,4.452986929967445
2026-05-22 15:35:00+03:00,0.9990080183007766,3.308979023808026
2026-05-22 15:40:00+03:00,0.9981714932454396,3.0901905935948815
2026-05-22 15:45:00+03:00,0.9985777638002121,3.9301947675771296
2026-05-22 15:50:00+03:00,0.9989011542993443,4.0737813499130455
2026-05-22 15:55:00+03:00,0.9990083993539457,3.8137144596261607
2026-05-22 16:00:00+03:00,0.9987366244239415,3.408402634918831
2026-05-22 16:05:00+03:00,0.9987298660891928,3.5726913332317642
2026-05-22 16:10:00+03:00,0.9985525316621925,3.4096779461581126
2026-05-22 16:15:00+03:00,0.9984215356824356,3.39956537083125
2026-05-22 16:20:00+03:00,0.9985723367837092,3.6356064725076656
2026-05-22 16:25:00+03:00,0.9978813869335702,3.090334171580993
2026-05-22 16:30:00+03:00,0.9982571194105223,3.6967665835826193
2026-05-22 16:35:00+03:00,0.9985539377462078,3.769299356919291
2026-05-22 16:40:00+03:00,0.9986590008722189,3.6335584487190715
2026-05-22 16:45:00+03:00,0.9988687130526309,3.855819212317271
2026-05-22 16:50:00+03:00,0.9991291583923317,4.1966632126315115
2026-05-22 16:55:00+03:00,0.9940503150993878,2.3519432893320347
2026-05-22 17:00:00+03:00,0.9941622488884857,2.8627113065121814
2026-05-22 17:05:00+03:00,0.9921174288608562,2.4962933852767692
2026-05-22 17:10:00+03:00,0.9919311915927501,2.665657160041243
2026-05-22 17:15:00+03:00,0.9894388304052193,2.3692389955845314
2026-05-22 17:20:00+03:00,0.9928493285781724,4.2253073164966315
2026-05-22 17:25:00+03:00,0.9951413334635678,4.312929987040808
2026-05-22 17:30:00+03:00,0.9965499675281722,3.9123660249492245
2026-05-22 17:35:00+03:00,0.9974456960425733,3.822608872014008
2026-05-22 17:40:00+03:00,0.9970019151372622,3.0400718918313805
2026-05-22 17:45:00+03:00,0.9945969388416331,2.573392148487514
2026-05-22 17:50:00+03:00,0.9958744243257177,3.475761582786107
2026-05-22 17:55:00+03:00,0.9964331114406483,3.262121936233025
2026-05-25 09:55:00+03:00,0.7739899846479393,0.037373503962288473
2026-05-25 10:00:00+03:00,0.6785952906853611,0.35566969153783706
2026-05-25 10:05:00+03:00,0.5658696886104225,0.061750665261252106
2026-05-25 10:10:00+03:00,0.4313258048232121,-0.4085242982125708
2026-05-25 10:15:00+03:00,0.33249580205505935,-0.5127233860423759
2026-05-25 10:20:00+03:00,0.3015275383753856,-0.1750052496966544
2026-05-25 10:25:00+03:00,0.27215198493075976,-0.24678775522044494
2026-05-25 10:30:00+03:00,0.29181664468654744,0.04180401606895865
2026-05-25 10:35:00+03:00,0.3166755899244684,0.11630342181288919
2026-05-25 10:40:00+03:00,0.3266202181345363,0.07470980977977844
2026-05-25 10:45:00+03:00,0.3308763742705792,0.059548708472906595
2026-05-25 10:50:00+03:00,0.32011671403398845,-0.030629082631776536
2026-05-25 10:55:00+03:00,0.3513880368515866,0.2122452160778678
2026-05-25 11:00:00+03:00,0.39892801277904766,0.3675756668308302
2026-05-25 11:05:00+03:00,0.4190304427854716,0.30067273832091396
2026-05-25 11:10:00+03:00,0.386241436370319,0.018911033132456245
2026-05-25 11:15:00+03:00,0.3658632355233153,0.02866162140690079
2026-05-25 11:20:00+03:00,0.35952151745025085,0.07540586721037024
2026-05-25 11:25:00+03:00,0.39665161701384016,0.32319112865325444
2026-05-25 11:30:00+03:00,0.3936824548187303,0.15992068490739353
2026-05-25 11:35:00+03:00,0.42675411419028203,0.36544416722131223
2026-05-25 11:40:00+03:00,0.3665998555601635,-0.15752665757388015
2026-05-25 11:45:00+03:00,0.3169995629337987,-0.23431074473055824
2026-05-25 11:50:00+03:00,0.28224418416186614,-0.2486975443911349
2026-05-25 11:55:00+03:00,0.26455785924236097,-0.20282845369454908
2026-05-25 12:00:00+03:00,0.223937742282963,-0.48115653044265966
2026-05-25 12:05:00+03:00,0.24688918132653212,-0.04400282363001614
2026-05-25 12:10:00+03:00,0.26682868939035376,-0.01219237941988802
2026-05-25 12:15:00+03:00,0.268685717726392,-0.09227527595291404
2026-05-25 12:20:00+03:00,0.3625276633708203,0.47575795422965134
2026-05-25 12:25:00+03:00,0.39158230021499296,0.2822043636668139
2026-05-25 12:30:00+03:00,0.42285661302612504,0.3510594501843679
2026-05-25 12:35:00+03:00,0.3816007245295276,-0.02950361648588163
2026-05-25 12:40:00+03:00,0.4469219389100252,0.5291342232439019
2026-05-25 12:45:00+03:00,0.4428153220667948,0.25285201274189323
2026-05-25 12:50:00+03:00,0.46564099450138247,0.4007489746685354
2026-05-25 12:55:00+03:00,0.46786211978064834,0.32587211522504306
2026-05-25 13:00:00+03:00,0.4119038726420457,-0.02744929738650369
2026-05-25 13:05:00+03:00,0.3683996856133742,-0.07072932131366098
2026-05-25 13:10:00+03:00,0.33995679304978677,-0.06675134813487121
2026-05-25 13:15:00+03:00,0.32652878992033124,-0.028168237041565385
2026-05-25 13:20:00+03:00,0.31048727361282014,-0.0778394044133557
2026-05-25 13:25:00+03:00,0.3289783275492193,0.11540827625241235
2026-05-25 13:30:00+03:00,0.45153396666042395,0.7779307230885284
2026-05-25 13:35:00+03:00,0.4815571841216989,0.45909828121745416
2026-05-25 13:40:00+03:00,0.4198735683677535,-0.03542873598742875
2026-05-25 13:45:00+03:00,0.37259581528140595,-0.07870885406824861
2026-05-25 13:50:00+03:00,0.350822647867702,-0.010910146172297677
2026-05-25 13:55:00+03:00,0.316706169412825,-0.15190442854970576
2026-05-25 14:00:00+03:00,0.37486200457599744,0.362135397179461
2026-05-25 14:05:00+03:00,0.46859276222463503,0.6888815868120265
2026-05-25 14:10:00+03:00,0.5283103303363217,0.6713149370875451
2026-05-25 14:15:00+03:00,0.5468832865511273,0.5418732109993507
2026-05-25 14:20:00+03:00,0.5516909111406851,0.49731778296447243
2026-05-25 14:25:00+03:00,0.45834534864354465,-0.0940814923859731
2026-05-25 14:30:00+03:00,0.35162923974104054,-0.49904303104648023
2026-05-25 14:35:00+03:00,0.2878454197597093,-0.4154775478674916
2026-05-25 14:40:00+03:00,0.2138421071228457,-0.8934724472264336
2026-05-25 14:45:00+03:00,0.183970332150985,-0.5578859947790137
2026-05-25 14:50:00+03:00,0.15463908969981782,-0.6968961977218471
2026-05-25 14:55:00+03:00,0.13716417615360516,-0.6633653882018944
2026-05-25 15:00:00+03:00,0.11621944687794036,-0.8308690503083448
2026-05-25 15:05:00+03:00,0.10244727675966477,-0.8268881567921141
2026-05-25 15:10:00+03:00,0.09757684862322076,-0.7437191865110115
2026-05-25 15:15:00+03:00,0.09840274476236917,-0.6747641227201486
2026-05-25 15:20:00+03:00,0.10268163800479427,-0.6179247789411986
2026-05-25 15:25:00+03:00,0.11331659265573747,-0.5137494346022862
2026-05-25 15:30:00+03:00,0.1263466573845523,-0.44411170120680227
2026-05-25 15:35:00+03:00,0.13445968389764928,-0.4505333079676422
2026-05-25 15:40:00+03:00,0.1401666880745351,-0.4471865473074308
2026-05-25 15:45:00+03:00,0.13957160642792915,-0.4983005580501312
2026-05-25 15:50:00+03:00,0.14735757855840917,-0.40608769539477124
2026-05-25 15:55:00+03:00,0.1661644749540459,-0.2747569699687934
2026-05-25 16:00:00+03:00,0.16179198122341548,-0.4417381334885343
2026-05-25 16:05:00+03:00,0.17040257389378297,-0.3240180767547077
2026-05-25 16:10:00+03:00,0.22203713901039415,0.02909762673782037
2026-05-25 16:15:00+03:00,0.2163248843236511,-0.2714458490243528
2026-05-25 16:20:00+03:00,0.22567288354219375,-0.16250827064699083
2026-05-25 16:25:00+03:00,0.27069466643959716,0.10457765180828481
2026-05-25 16:30:00+03:00,0.24674454738871476,-0.28947965799255154
2026-05-25 16:35:00+03:00,0.4134917697140266,0.898459312698578
2026-05-25 16:40:00+03:00,0.529627835782606,0.9370899794582906
2026-05-25 16:45:00+03:00,0.5644015159072472,0.6425543387726835
2026-05-25 16:50:00+03:00,0.44388694137755647,-0.2774832569594071
2026-05-25 16:55:00+03:00,0.3274728312972038,-0.7043073796696765
2026-05-25 17:00:00+03:00,0.27410415887326856,-0.39064666061544684
2026-05-25 17:05:00+03:00,0.41224302392753576,0.7596229661296554
2026-05-25 17:10:00+03:00,0.5069114648877041,0.7770300318755394
2026-05-25 17:15:00+03:00,0.4531303365428362,0.07271401980001298
2026-05-25 17:20:00+03:00,0.43120775189897587,0.15914948158495193
2026-05-25 17:25:00+03:00,0.4014904873266589,0.0652453593689834
2026-05-25 17:30:00+03:00,0.4616141770658196,0.5375957380240178
2026-05-25 17:35:00+03:00,0.4809603693810163,0.4168085370962425
2026-05-25 17:40:00+03:00,0.45538939798685135,0.19302687757845327
2026-05-25 17:45:00+03:00,0.46322205638195285,0.33853538518806836
2026-05-25 17:50:00+03:00,0.44222958209677093,0.18504004740810587
2026-05-25 17:55:00+03:00,0.4468554287457671,0.2946263406583892
2026-05-26 09:55:00+03:00,0.37786304640486756,-0.1742490873724925
2026-05-26 10:00:00+03:00,0.46759224799380716,0.6698546673162363
2026-05-26 10:05:00+03:00,0.5409580939323126,0.7577654125746895
2026-05-26 10:10:00+03:00,0.4890476322547123,0.15482715606665579
2026-05-26 10:15:00+03:00,0.44428227861550373,0.09207704967472251
2026-05-26 10:20:00+03:00,0.42657211651060434,0.16679621454342017
2026-05-26 10:25:00+03:00,0.5511622877087319,1.0451849544076794
2026-05-26 10:30:00+03:00,0.5586875702481959,0.5216195347071635
2026-05-26 10:35:00+03:00,0.5425480226787532,0.3987841121203153
2026-05-26 10:40:00+03:00,0.5405907193402267,0.44958391455713903
2026-05-26 10:45:00+03:00,0.5353054333348902,0.42658054408347285
2026-05-26 10:50:00+03:00,0.5433981947989271,0.49396335372984507
2026-05-26 10:55:00+03:00,0.5400135657288673,0.4429658283871007
2026-05-26 11:00:00+03:00,0.4892803607800724,0.16006177931377183
2026-05-26 11:05:00+03:00,0.48918661152715276,0.35796072032863147
2026-05-26 11:10:00+03:00,0.4421189969612567,0.07783025720820382
2026-05-26 11:15:00+03:00,0.44813714155948803,0.3024847949953351
2026-05-26 11:20:00+03:00,0.4755044925258849,0.437175601059093
2026-05-26 11:25:00+03:00,0.4637624057943375,0.26391801402820003
2026-05-26 11:30:00+03:00,0.4167988178798569,0.023765507165557205
2026-05-26 11:35:00+03:00,0.404747326141735,0.14552342370196245
2026-05-26 11:40:00+03:00,0.3741286059173348,0.0016817622466342981
2026-05-26 11:45:00+03:00,0.3511416537702607,-0.0156717220134135
2026-05-26 11:50:00+03:00,0.36674093485813064,0.18042861120081732
2026-05-26 11:55:00+03:00,0.3817398252292203,0.2079047352418045
2026-05-26 12:00:00+03:00,0.38649379988647325,0.1765451341535375
2026-05-26 12:05:00+03:00,0.372156492436677,0.06828201510866881
2026-05-26 12:10:00+03:00,0.4223889235919029,0.42296252357361175
2026-05-26 12:15:00+03:00,0.45142510605106373,0.39730309209948633
2026-05-26 12:20:00+03:00,0.47150167711407875,0.40144494752779875
2026-05-26 12:25:00+03:00,0.44627188510639304,0.17616510847520955
2026-05-26 12:35:00+03:00,0.4026263498056189,0.007124332743991418
2026-06-01 09:55:00+03:00,0.34068877891542454,-0.23709008958139463
2026-06-01 10:00:00+03:00,0.2591267000445618,-0.6967527973236364
2026-06-01 10:05:00+03:00,0.21622855458816265,-0.5310886966396207
2026-06-01 10:10:00+03:00,0.18804233912321944,-0.525874546634762
2026-06-01 10:15:00+03:00,0.16691978144542655,-0.5559139922039433
2026-06-01 10:20:00+03:00,0.16437389185618517,-0.4190356605179163
2026-06-01 10:25:00+03:00,0.15495857148433767,-0.5074307154114404
2026-06-01 10:30:00+03:00,0.17157206350711413,-0.2717442924190838
2026-06-01 10:35:00+03:00,0.19393173680842052,-0.1774837051724214
2026-06-01 10:40:00+03:00,0.19233750916845765,-0.319232035075172
2026-06-01 10:45:00+03:00,0.1780392490409015,-0.4552088552043997
2026-06-01 10:50:00+03:00,0.18720063275814297,-0.26961323212252075
2026-06-01 10:55:00+03:00,0.18274724015673754,-0.36869529939646345
2026-06-01 11:00:00+03:00,0.16991584172354982,-0.4750837644827261
2026-06-01 11:05:00+03:00,0.15600271882553185,-0.5407014655917106
2026-06-01 11:10:00+03:00,0.12792911545417382,-0.8489226736276366
2026-06-01 11:15:00+03:00,0.1417607969806524,-0.38359836298005723
2026-06-01 11:20:00+03:00,0.16470018409630136,-0.25489218525541574
2026-06-01 11:25:00+03:00,0.18441125100674186,-0.21748381106178907
2026-06-01 11:30:00+03:00,0.18606577726587983,-0.31852611843900747
2026-06-01 11:35:00+03:00,0.19050801389192965,-0.2878305023012283
2026-06-01 11:40:00+03:00,0.19846964933090327,-0.243957234022191
2026-06-01 11:45:00+03:00,0.26134298324500405,0.15859764752626118
2026-06-01 11:50:00+03:00,0.28005499358444186,0.01187930747961576
2026-06-01 11:55:00+03:00,0.2910575395890007,0.0020643353049850516
2026-06-01 12:00:00+03:00,0.28036844025205043,-0.1252547970226835
2026-06-01 12:05:00+03:00,0.27206152492673413,-0.13415042937298674
2026-06-01 12:10:00+03:00,0.25704709864805547,-0.20873298125691275
2026-06-01 12:15:00+03:00,0.27799689045183335,0.017220877353802476
2026-06-01 12:20:00+03:00,0.2981502692629627,0.05755379461032496
2026-06-01 12:25:00+03:00,0.2939938953084616,-0.06059805255836718
2026-06-01 12:30:00+03:00,0.28745932717923933,-0.08746825343457133
2026-06-01 12:35:00+03:00,0.2774000236910307,-0.1295358021508516
2026-06-01 12:40:00+03:00,0.2563073380884501,-0.24472937747059076
2026-06-01 12:45:00+03:00,0.24249713907494377,-0.24258023848076313
2026-06-01 12:50:00+03:00,0.24165482017819223,-0.17400731465340846
2026-06-01 12:55:00+03:00,0.20534589606252165,-0.5214495147891606
2026-06-01 13:00:00+03:00,0.1714970868771686,-0.6551347427603088
2026-06-01 13:05:00+03:00,0.13287048774155666,-0.9796094862576039
2026-06-01 13:10:00+03:00,0.10477774802908235,-1.0479462385679525
2026-06-01 13:15:00+03:00,0.08381604354099426,-1.122486538484721
2026-06-01 13:20:00+03:00,0.06988096242186102,-1.1210760357884684
2026-06-01 13:25:00+03:00,0.05305346444482956,-1.5029910306022356
2026-06-01 13:30:00+03:00,0.03998838047212418,-1.667043332892637
2026-06-01 13:35:00+03:00,0.03310938014150264,-1.5041800704941872
2026-06-01 13:40:00+03:00,0.03010159031981985,-1.3968553644211554
2026-06-01 13:45:00+03:00,0.025514657042263973,-1.5867768952397245
2026-06-01 13:50:00+03:00,0.023648450671133945,-1.490105209329345
2026-06-01 13:55:00+03:00,0.019943326312158918,-1.715906164183953
2026-06-01 14:00:00+03:00,0.017023993524827433,-1.7711415109858006
2026-06-01 14:05:00+03:00,0.01643993640913625,-1.619755820968508
2026-06-01 14:10:00+03:00,0.015991778190953564,-1.6254142306169281
2026-06-01 14:15:00+03:00,0.014713260926635267,-1.730736076892039
2026-06-01 14:20:00+03:00,0.014355216291220167,-1.674794981574836
2026-06-01 14:25:00+03:00,0.014008028673955755,-1.6865405803238005
2026-06-01 14:30:00+03:00,0.013810492613597574,-1.6828378823737582
2026-06-01 14:35:00+03:00,0.015948776047149775,-1.4825602320536841
2026-06-01 14:40:00+03:00,0.022329675961560803,-1.2108695469696384
2026-06-01 14:45:00+03:00,0.031199254214720147,-1.0443662889623788
2026-06-01 14:50:00+03:00,0.03901165185259499,-0.9886437520938831
2026-06-01 14:55:00+03:00,0.04521436451766185,-0.9616212334321085
2026-06-01 15:00:00+03:00,0.05153701285101638,-0.9065215125447498
2026-06-01 15:05:00+03:00,0.055006868597029385,-0.9246761355762
2026-06-01 15:10:00+03:00,0.055233386419247264,-0.9789783970222619
2026-06-01 15:15:00+03:00,0.07825928994864258,-0.5575142968540312
2026-06-01 15:20:00+03:00,0.1503022740871272,-0.040310456275205686
2026-06-01 15:25:00+03:00,0.32190398946507787,0.7082536561085275
2026-06-01 15:30:00+03:00,0.3878338581361055,0.4168870342378669
2026-06-01 15:35:00+03:00,0.4354754181917287,0.4381759547427336
2026-06-01 15:40:00+03:00,0.39630524250394034,0.012954626471911668
2026-06-01 15:45:00+03:00,0.3327961549286743,-0.2688655765419807
2026-06-01 15:50:00+03:00,0.28769037162602346,-0.29360260575970276
2026-06-01 15:55:00+03:00,0.2770967773983202,-0.13298601445544828
2026-06-01 16:00:00+03:00,0.28174894237205667,-0.04803852037798299
2026-06-01 16:05:00+03:00,0.2682097668455137,-0.17095777487942573
2026-06-01 16:10:00+03:00,0.37793192259446584,0.5683598544161294
2026-06-01 16:15:00+03:00,0.4352979365059212,0.475405941482361
2026-06-01 16:20:00+03:00,0.577882281660071,1.2622395146244678
2026-06-01 16:25:00+03:00,0.6713155126099776,1.242764568217651
2026-06-01 16:30:00+03:00,0.7510450708737553,1.4920142686142763
2026-06-01 16:35:00+03:00,0.8027490230706082,1.4669623626551316
2026-06-01 16:40:00+03:00,0.853831714753234,1.8560009730861715
2026-06-01 16:45:00+03:00,0.8644040891356427,1.3606826123389009
2026-06-01 16:50:00+03:00,0.8870136851079333,1.6367558366055488
2026-06-01 16:55:00+03:00,0.9082767747447484,1.7998571304197137
2026-06-01 17:00:00+03:00,0.9175753205742117,1.6675123003380414
2026-06-01 17:05:00+03:00,0.9309793555675854,1.876826384597631
2026-06-01 17:10:00+03:00,0.9436036976749709,2.0281731959452585
2026-06-01 17:15:00+03:00,0.9498244813128618,1.9328728229162604
2026-06-01 17:20:00+03:00,0.9454057128440851,1.6706990602789138
2026-06-01 17:25:00+03:00,0.9332051450234621,1.4820890293760032
2026-06-01 17:30:00+03:00,0.8975808078544721,1.1274221622701204
2026-06-01 17:35:00+03:00,0.8888076367171498,1.2964422956593873
2026-06-01 17:40:00+03:00,0.8800512242168628,1.2601622242365143
2026-06-01 17:45:00+03:00,0.8627166275943244,1.1331790578551202
2026-06-01 17:50:00+03:00,0.8138979544733598,0.8233225267389908
2026-06-01 17:55:00+03:00,0.8417577426919484,1.4199056949686961
2026-06-02 09:55:00+03:00,0.8291400721718479,1.0559520922487071
2026-06-02 10:00:00+03:00,0.777445320618676,0.7276588103547125
2026-06-02 10:05:00+03:00,0.7168159682128821,0.56473425044219
2026-06-02 10:10:00+03:00,0.6511280733398839,0.4169998334560394
2026-06-02 10:15:00+03:00,0.5354355448552555,-0.01820220252544838
2026-06-02 10:20:00+03:00,0.4836783104979019,0.1445453757105557
2026-06-02 10:25:00+03:00,0.49820835401304286,0.43145573056377085
2026-06-02 10:30:00+03:00,0.5806424793633205,0.8947211080412621
2026-06-02 10:35:00+03:00,0.6007329892268674,0.6570132474279932
2026-06-02 10:40:00+03:00,0.6081038351438972,0.6197412054920185
2026-06-02 10:45:00+03:00,0.5585176518737615,0.3008852055469631
2026-06-02 10:50:00+03:00,0.48914186660343373,0.08291065362481645
2026-06-02 10:55:00+03:00,0.46150698026115783,0.19698750976840654
2026-06-02 11:00:00+03:00,0.4491462538068237,0.23292482287189775
2026-06-02 11:05:00+03:00,0.4370568451197256,0.21016268300155924
2026-06-02 11:10:00+03:00,0.38455561111294556,-0.07509919337261325
2026-06-02 11:15:00+03:00,0.36962514169352056,0.060352028106164704
2026-06-02 11:20:00+03:00,0.3746645479644941,0.15384777784077436
2026-06-02 11:25:00+03:00,0.38515786308635774,0.19680309779892724
2026-06-02 11:30:00+03:00,0.38628399786472284,0.16152090426192914
2026-06-02 11:35:00+03:00,0.3986936478263059,0.23113353755971544
2026-06-02 11:40:00+03:00,0.41746355922034595,0.29249137073358017
2026-06-02 11:45:00+03:00,0.43889048242277606,0.34402646749668736
2026-06-02 11:50:00+03:00,0.4653320811032239,0.41404602854360356
2026-06-02 11:55:00+03:00,0.48399529903840927,0.4200167351455333
2026-06-02 12:00:00+03:00,0.5102580362336776,0.5001971887063752
2026-06-02 12:05:00+03:00,0.5531076551295244,0.6526263957140863
2026-06-02 12:10:00+03:00,0.5818989863791509,0.6540299653707438
2026-06-02 12:15:00+03:00,0.5921207652591179,0.5988528685832206
2026-06-02 12:20:00+03:00,0.608124436732751,0.6553833962404969
2026-06-02 12:25:00+03:00,0.637272684852349,0.7754903204430563
2026-06-02 12:30:00+03:00,0.6380562560505707,0.6543249661728984
2026-06-02 12:35:00+03:00,0.670298650582686,0.8679595311439361
2026-06-02 12:40:00+03:00,0.6978650922551812,0.9138418234442129
2026-06-02 12:45:00+03:00,0.7086890689239526,0.8570710265378824
2026-06-02 12:50:00+03:00,0.7230412558541071,0.910616954568687
2026-06-02 12:55:00+03:00,0.7345242198782925,0.9255009233988517
2026-06-02 13:00:00+03:00,0.7456665718467529,0.9532359172857929
2026-06-02 13:05:00+03:00,0.7622398450479513,1.030440870656206
2026-06-02 13:10:00+03:00,0.7749594096169214,1.0453528282403488
2026-06-02 13:15:00+03:00,0.7610618384200366,0.8642323445417686
2026-06-02 13:20:00+03:00,0.7543350463081651,0.8830842419995735
2026-06-02 13:25:00+03:00,0.748966424720136,0.8764779790699453
2026-06-02 13:30:00+03:00,0.7437450447241637,0.8643196439058333
2026-06-02 13:35:00+03:00,0.7093057540374441,0.6559986935969708
2026-06-02 13:40:00+03:00,0.6332730771913255,0.34299529536397966
2026-06-02 13:45:00+03:00,0.5975003452364628,0.4289278200261809
2026-06-02 13:50:00+03:00,0.5755798574806821,0.44006463211733815
2026-06-02 13:55:00+03:00,0.4802015891237284,-0.05178384133808371
2026-06-02 14:00:00+03:00,0.41529393751138166,-0.06107425489525667
2026-06-02 14:05:00+03:00,0.36901466952321077,-0.08250170633277099
2026-06-02 14:10:00+03:00,0.37591980599848923,0.16393031524737006
2026-06-02 14:15:00+03:00,0.41235228452962996,0.3506983683221038
2026-06-02 14:20:00+03:00,0.45984277697616555,0.4847076784187641
2026-06-02 14:25:00+03:00,0.4806530649527949,0.42184694136316037
2026-06-02 14:30:00+03:00,0.49290342142727156,0.412487448521943
2026-06-02 14:35:00+03:00,0.4792572330558736,0.2866094510172031
2026-06-02 14:40:00+03:00,0.46779778264135236,0.27286482023563075
2026-06-02 14:45:00+03:00,0.474378650484393,0.35515984982706283
2026-06-02 14:50:00+03:00,0.47904264483610115,0.3567540370995235
2026-06-02 14:55:00+03:00,0.4639606940174283,0.2512793968312842
2026-06-02 15:00:00+03:00,0.4394896433314484,0.16557862084522468
2026-06-02 15:05:00+03:00,0.38488287242458674,-0.08439046788347983
2026-06-02 15:10:00+03:00,0.35616231521094344,-0.03034551245324027
2026-06-02 15:15:00+03:00,0.28429690099466526,-0.4895678591779631
2026-06-02 15:20:00+03:00,0.2221610678071063,-0.6864126191130948
2026-06-02 15:25:00+03:00,0.16923983568020545,-0.9128272418640506
2026-06-02 15:30:00+03:00,0.13374550795872994,-0.9180269558762245
2026-06-02 15:35:00+03:00,0.11822916393955597,-0.74756120428289
2026-06-02 15:40:00+03:00,0.11178737471809634,-0.6809268878316701
2026-06-02 15:45:00+03:00,0.09817440279552107,-0.8549562152700036
2026-06-02 15:50:00+03:00,0.10866002662084108,-0.5344856904707396
2026-06-02 15:55:00+03:00,0.11032202139719699,-0.6063554507406048
2026-06-02 16:00:00+03:00,0.13098855911475432,-0.37378645002293465
2026-06-02 16:05:00+03:00,0.1250465600652372,-0.6086622818061987
2026-06-02 16:10:00+03:00,0.11610741136310591,-0.6845698751360829
2026-06-02 16:15:00+03:00,0.108771235401652,-0.7073707870621793
2026-06-02 16:20:00+03:00,0.10126862279317683,-0.7532128292043387
2026-06-02 16:25:00+03:00,0.10308262748189262,-0.6403037719297812
2026-06-02 16:30:00+03:00,0.13886787368520145,-0.255298033491455
2026-06-02 16:35:00+03:00,0.2234692867178881,0.16985676993169532
2026-06-02 16:40:00+03:00,0.18850240159158743,-0.5833402641334395
2026-06-02 16:45:00+03:00,0.17630827532287238,-0.44592185758583835
2026-06-02 16:50:00+03:00,0.17072150916410156,-0.4180838102634428
2026-06-02 16:55:00+03:00,0.19448904470085746,-0.1686202429651021
2026-06-02 17:00:00+03:00,0.22192958541232863,-0.08165171665763996
2026-06-02 17:05:00+03:00,0.23501460218068962,-0.11978417765541877
2026-06-02 17:10:00+03:00,0.230705702957512,-0.22231734916016585
2026-06-02 17:15:00+03:00,0.22151853945578645,-0.2766339448864962
2026-06-02 17:20:00+03:00,0.20822505091522747,-0.34309490868576614
2026-06-02 17:25:00+03:00,0.18690148627430356,-0.4750786649982681
2026-06-02 17:30:00+03:00,0.16609322589365355,-0.5567848502889976
2026-06-02 17:35:00+03:00,0.15747103732281323,-0.4909171122184763
2026-06-02 17:40:00+03:00,0.16835747025754857,-0.316168612002889
2026-06-02 17:45:00+03:00,0.1671320223837138,-0.3999525676564307
2026-06-02 17:50:00+03:00,0.17760146405415256,-0.2903955799303591
2026-06-02 17:55:00+03:00,0.19953594136855166,-0.16501620168731163
2026-06-03 09:55:00+03:00,0.334467443944809,0.5822713981162803
2026-06-03 10:00:00+03:00,0.39731829218548975,0.4232821427185143
2026-06-03 10:05:00+03:00,0.4154258810438598,0.2859822489618778
2026-06-03 10:10:00+03:00,0.41636563436390395,0.22076476262348435
2026-06-03 10:15:00+03:00,0.4358521579941881,0.33072322003699123
2026-06-03 10:20:00+03:00,0.47810077151799296,0.4998355013189156
2026-06-03 10:25:00+03:00,0.47806946779117326,0.3368425169192053
2026-06-03 10:30:00+03:00,0.5323999892465466,0.6573197586778614
2026-06-03 10:35:00+03:00,0.564953255883991,0.6345318778702036
2026-06-03 10:40:00+03:00,0.5889969735819253,0.6490485797004619
2026-06-03 10:45:00+03:00,0.5852879395765431,0.5297350063432094
2026-06-03 10:50:00+03:00,0.567681302094156,0.44146966928158593
2026-06-03 10:55:00+03:00,0.5615950404792586,0.4742285929384219
2026-06-03 11:00:00+03:00,0.5841937713534582,0.6331563085168959
2026-06-03 11:05:00+03:00,0.5682069175634931,0.4487294328919132
2026-06-03 11:10:00+03:00,0.5529961479449165,0.4224256688346909
2026-06-03 11:15:00+03:00,0.582281350488878,0.6568834793741735
2026-06-03 11:20:00+03:00,0.5997245887512622,0.6439238703172376
2026-06-03 11:25:00+03:00,0.6138374072653392,0.6594102106309666
2026-06-03 11:30:00+03:00,0.5786132545015077,0.39474515540312594
2026-06-03 11:35:00+03:00,0.5215918454862973,0.19959534920395236
2026-06-03 11:40:00+03:00,0.47268640494046366,0.13374901480588774
2026-06-03 11:45:00+03:00,0.44360194594384383,0.15524506745714137
2026-06-03 11:50:00+03:00,0.44457992534809776,0.27608258487758913
2026-06-03 11:55:00+03:00,0.43681679865984896,0.22676343537876018
2026-06-03 12:00:00+03:00,0.4121838887123536,0.1091066754270018
2026-06-03 12:05:00+03:00,0.3687425248031968,-0.06961837548547796
2026-06-03 12:10:00+03:00,0.3185268465625564,-0.2334761509405213
2026-06-03 12:15:00+03:00,0.2897094068165717,-0.19501633921306302
2026-06-03 12:20:00+03:00,0.277199849907141,-0.14242613371215432
2026-06-03 12:25:00+03:00,0.2560502978528438,-0.24578713315531434
2026-06-03 12:30:00+03:00,0.24408541263663824,-0.2276998841877195
2026-06-03 12:35:00+03:00,0.22818863425186456,-0.29689009105084124
2026-06-03 12:40:00+03:00,0.23024330404252652,-0.18890452687005002
2026-06-03 12:45:00+03:00,0.2288022460437699,-0.21174031636316085
2026-06-03 12:50:00+03:00,0.22486913684897422,-0.23655547760751613
2026-06-03 12:55:00+03:00,0.2395285920098253,-0.10090929975601053
2026-06-03 13:00:00+03:00,0.2629831805217271,-0.005027758422409748
2026-06-03 13:05:00+03:00,0.2389734222696784,-0.3136068706126164
2026-06-03 13:10:00+03:00,0.19951557436566913,-0.5740841255044926
2026-06-03 13:15:00+03:00,0.16284953849521633,-0.7337366787611369
2026-06-03 13:20:00+03:00,0.13548556586268823,-0.7877362642141714
2026-06-03 13:25:00+03:00,0.11366008853616472,-0.8618351907837646
2026-06-03 13:30:00+03:00,0.10741476343712195,-0.7027445333389248
2026-06-03 13:35:00+03:00,0.10341031955747275,-0.700085086876512
2026-06-03 13:40:00+03:00,0.10058621753009396,-0.7026669172362511
2026-06-03 13:45:00+03:00,0.09709370175220872,-0.7302670108812573
2026-06-03 13:50:00+03:00,0.09510998822171167,-0.7242482790444472
2026-06-03 13:55:00+03:00,0.09018437815094915,-0.7904859876535
2026-06-03 14:00:00+03:00,0.0899763578310638,-0.7334845038937884
2026-06-03 14:05:00+03:00,0.0858000330834972,-0.809540237553506
2026-06-03 14:10:00+03:00,0.0906911014231863,-0.6725374079375427
2026-06-03 14:15:00+03:00,0.09422029716575793,-0.6682769791680594
2026-06-03 14:20:00+03:00,0.10188417667736697,-0.5895992749472448
2026-06-03 14:25:00+03:00,0.10115802187857424,-0.6766255579425972
2026-06-03 14:30:00+03:00,0.10104514383881415,-0.670702748096779
2026-06-03 14:35:00+03:00,0.11332978880010337,-0.5002442991964495
2026-06-03 14:40:00+03:00,0.13485605475340692,-0.3552294267286166
2026-06-03 14:45:00+03:00,0.17728036204544095,-0.11743909308139008
2026-06-03 14:50:00+03:00,0.17793779647453786,-0.3508335372856884
2026-06-03 14:55:00+03:00,0.18963376398396364,-0.24786072384918564
2026-06-03 15:00:00+03:00,0.20624173567054513,-0.17535642097490112
2026-06-03 15:05:00+03:00,0.217762517392116,-0.17181637895103444
2026-06-03 15:10:00+03:00,0.2518953485579429,0.017804089119000784
2026-06-03 15:15:00+03:00,0.24826794728621407,-0.17126790962137517
2026-06-03 15:20:00+03:00,0.2818914733486875,0.08027007932729815
2026-06-03 15:25:00+03:00,0.30292685856641843,0.0715033959317043
2026-06-03 15:30:00+03:00,0.3201421634490643,0.09170226603725874
2026-06-03 15:35:00+03:00,0.3483680186447358,0.1941666332028529
2026-06-03 15:40:00+03:00,0.3319851744425448,-0.02920491272639477
2026-06-03 15:45:00+03:00,0.33304920681626987,0.05050952143760152
2026-06-03 15:50:00+03:00,0.2848127314245111,-0.32176765158138293
2026-06-03 15:55:00+03:00,0.26885428800086086,-0.1820197555527881
2026-06-03 16:00:00+03:00,0.25297577035186103,-0.22473435241475742
2026-06-03 16:05:00+03:00,0.23146367409892077,-0.3214548172670089
2026-06-03 16:10:00+03:00,0.2224121499350169,-0.27318889768165444
2026-06-03 16:15:00+03:00,0.26399756456762885,0.07610522621254583
2026-06-03 16:20:00+03:00,0.2367967105150045,-0.3406558643290258
2026-06-03 16:25:00+03:00,0.23375906157986187,-0.20691537280337594
2026-06-03 16:30:00+03:00,0.2692057524900015,0.06106816342553388
2026-06-03 16:35:00+03:00,0.29569703327884644,0.0793008806044047
2026-06-03 16:40:00+03:00,0.32914428550219765,0.17661942915943704
2026-06-03 16:45:00+03:00,0.33085208394453547,0.048549873050732786
2026-06-03 16:50:00+03:00,0.3344626533343468,0.06445179190140142
2026-06-03 16:55:00+03:00,0.36470667849200866,0.2344365166165903
2026-06-03 17:00:00+03:00,0.3874067526252865,0.24934535857497633
2026-06-03 17:05:00+03:00,0.39779150322372886,0.22138749583704093
2026-06-03 17:10:00+03:00,0.4093786667669369,0.24884910973970067
2026-06-03 17:15:00+03:00,0.4169371912495348,0.24787411836645087
2026-06-03 17:20:00+03:00,0.38431927080335637,0.015426795674783287
2026-06-03 17:25:00+03:00,0.37272046842745765,0.08108129470134837
2026-06-03 17:30:00+03:00,0.3989536425088896,0.285553990315691
2026-06-03 17:35:00+03:00,0.4161177944054897,0.28366689673507206
2026-06-03 17:40:00+03:00,0.46220412712924586,0.48383958323577037
2026-06-03 17:45:00+03:00,0.4720667616072575,0.36332237902618825
2026-06-03 17:50:00+03:00,0.4670431818221481,0.29634513771105797
2026-06-03 17:55:00+03:00,0.41926469382157816,0.02559896459623912
2026-06-04 09:55:00+03:00,0.36295010379470866,-0.1471690609438704
2026-06-04 10:00:00+03:00,0.2564400455278461,-1.1045418485137928
2026-06-04 10:05:00+03:00,0.19535105230482797,-0.8389942424422548
2026-06-04 10:10:00+03:00,0.14346260548817327,-1.1495541209186815
2026-06-04 10:15:00+03:00,0.11387185827948698,-0.9881431875239255
2026-06-04 10:20:00+03:00,0.09669040425302425,-0.9215402490613357
2026-06-04 10:25:00+03:00,0.08644920000462845,-0.8924490818703616
2026-06-04 10:30:00+03:00,0.0764725305317365,-0.9714336840945603
2026-06-04 10:35:00+03:00,0.07378114193260386,-0.8738325859881089
2026-06-04 10:40:00+03:00,0.08713805024066504,-0.6053757826349527
2026-06-04 10:45:00+03:00,0.09825102369735815,-0.5746403591690499
2026-06-04 10:50:00+03:00,0.10590807375011548,-0.5712753419257341
2026-06-04 10:55:00+03:00,0.11078389643789242,-0.5743752275929123
2026-06-04 11:00:00+03:00,0.13403490479406538,-0.34665730467191824
2026-06-04 11:05:00+03:00,0.17805466161368627,-0.10765114915930497
2026-06-04 11:10:00+03:00,0.2197761468290998,-0.020088568380379937
2026-06-04 11:15:00+03:00,0.2660089867421025,0.09986202519220104
2026-06-04 11:20:00+03:00,0.38503627471779905,0.6202422949781545
2026-06-04 11:25:00+03:00,0.42418584400222487,0.38384382895264785
2026-06-04 11:30:00+03:00,0.3836498570871706,-0.021545513452788864
2026-06-04 11:35:00+03:00,0.3598712339302345,0.00039313013241774235
2026-06-04 11:40:00+03:00,0.3745359062056432,0.19226538044202804
2026-06-04 11:45:00+03:00,0.34215350501179675,-0.08026732155011461
2026-06-04 11:50:00+03:00,0.3481667645493009,0.10344356200309564
2026-06-04 11:55:00+03:00,0.3793275356022446,0.26658588963828667
2026-06-04 12:00:00+03:00,0.3577927282914173,0.005763308803546532
2026-06-04 12:05:00+03:00,0.3782256469317472,0.22243305511919165
2026-06-04 12:10:00+03:00,0.3978860255644869,0.25793399950835866
2026-06-04 12:15:00+03:00,0.41597520323081494,0.2869749345253922
2026-06-04 12:20:00+03:00,0.40175056369795425,0.1305234659599651
2026-06-04 12:25:00+03:00,0.4256204326205829,0.3279042176784692
2026-06-04 12:30:00+03:00,0.39872938412418474,0.07139651382208498
2026-06-04 12:35:00+03:00,0.38990777329998527,0.12839624355410706
2026-06-04 12:40:00+03:00,0.3796030066360204,0.10094399347015721
2026-06-04 12:45:00+03:00,0.36433314618666757,0.04752707092079711
2026-06-04 12:50:00+03:00,0.3865519056377266,0.2457916533942899
2026-06-04 12:55:00+03:00,0.3965239383225302,0.21725860810219028
2026-06-04 13:00:00+03:00,0.4078238535992031,0.24468472577745776
2026-06-04 13:05:00+03:00,0.41171808064160154,0.22325084971076978
2026-06-04 13:10:00+03:00,0.4090195368580103,0.19178150656593307
2026-06-04 13:15:00+03:00,0.42270523828319156,0.2829508148200752
2026-06-04 13:20:00+03:00,0.43148348676128767,0.2809409922195226
2026-06-04 13:25:00+03:00,0.43330658914774245,0.25743874681073914
2026-06-04 13:30:00+03:00,0.4586974340624651,0.39726787099573435
2026-06-04 13:35:00+03:00,0.4749043710934022,0.39311992330046525
2026-06-04 13:40:00+03:00,0.5022373921998486,0.4887490675864622
2026-06-04 13:45:00+03:00,0.4914042668388102,0.3209306186179658
2026-06-04 13:50:00+03:00,0.48354119843114907,0.31722597793210017
2026-06-04 13:55:00+03:00,0.4721570444767141,0.28161723275137274
2026-06-04 14:00:00+03:00,0.49397347925557084,0.451378962317805
2026-06-04 14:05:00+03:00,0.4139887258616151,-0.1377603331559756
2026-06-04 14:10:00+03:00,0.3426287826909476,-0.28628003207081343
2026-06-04 14:15:00+03:00,0.2636307205081233,-0.6457436042190319
2026-06-04 14:20:00+03:00,0.20833434745176496,-0.6872161293027838
2026-06-04 14:25:00+03:00,0.17831330502923382,-0.584707018776651
2026-06-04 14:30:00+03:00,0.16912396744172062,-0.4503100899557698
2026-06-04 14:35:00+03:00,0.20331440937743964,-0.0939819139108694
2026-06-04 14:40:00+03:00,0.21468551317901688,-0.18071959888727343
2026-06-04 14:45:00+03:00,0.17665459043960025,-0.6719033649791332
2026-06-04 14:50:00+03:00,0.14868227558595085,-0.7150819841471122
2026-06-04 14:55:00+03:00,0.13755957283603631,-0.5984607632101555
2026-06-04 15:00:00+03:00,0.1280566520634025,-0.6286379273718091
2026-06-04 15:05:00+03:00,0.12442712135264206,-0.5898027384946336
2026-06-04 15:10:00+03:00,0.13198970743256447,-0.46405197690752875
2026-06-04 15:15:00+03:00,0.12551813561809075,-0.6114775413383111
2026-06-04 15:20:00+03:00,0.13367006413911287,-0.45320688313926955
2026-06-04 15:25:00+03:00,0.12238552655234879,-0.6760339939380318
2026-06-04 15:30:00+03:00,0.11757722084896854,-0.6340449521949502
2026-06-04 15:35:00+03:00,0.10939370622687615,-0.7134362164554221
2026-06-04 15:40:00+03:00,0.11734089457849346,-0.5193389465304694
2026-06-04 15:45:00+03:00,0.13380408311298364,-0.39284075944421254
2026-06-04 15:50:00+03:00,0.14671079137632387,-0.37310536934560706
2026-06-04 15:55:00+03:00,0.14328774375468298,-0.506152096911902
2026-06-04 16:00:00+03:00,0.12954533579700944,-0.6641701431220931
2026-06-04 16:05:00+03:00,0.1189889504553018,-0.6864844541520493
2026-06-04 16:10:00+03:00,0.11360441682510107,-0.6601275046440839
2026-06-04 16:15:00+03:00,0.12953850100863082,-0.4114649195903593
2026-06-04 16:20:00+03:00,0.12935405487311502,-0.5372388885239932
2026-06-04 16:25:00+03:00,0.12119905791378603,-0.6495413052607646
2026-06-04 16:30:00+03:00,0.15474511174272737,-0.223013763981692
2026-06-04 16:35:00+03:00,0.18666568642735154,-0.14669389283170656
2026-06-04 16:40:00+03:00,0.2089994244667423,-0.13865273346736598
2026-06-04 16:45:00+03:00,0.19836764515891123,-0.35787305239811235
2026-06-04 16:50:00+03:00,0.19003056701593807,-0.3703140054742646
2026-06-04 16:55:00+03:00,0.19722220835187493,-0.25193489021820054
2026-06-04 17:00:00+03:00,0.19728956832906386,-0.2937676565884821
2026-06-04 17:05:00+03:00,0.21558697585919298,-0.14242345026251202
2026-06-04 17:10:00+03:00,0.22689040842715852,-0.14927704241756146
2026-06-04 17:15:00+03:00,0.244005242747142,-0.07824385353240537
2026-06-04 17:20:00+03:00,0.24389640078575164,-0.16430313889835738
2026-06-04 17:25:00+03:00,0.26459688286306726,-0.01379500146998019
2026-06-04 17:30:00+03:00,0.26377035342646027,-0.11746806988264365
2026-06-04 17:35:00+03:00,0.2290847274126144,-0.4174919390822615
2026-06-04 17:40:00+03:00,0.2382429784108278,-0.13135000053580798
2026-06-04 17:45:00+03:00,0.25251622664877355,-0.07150919303804083
2026-06-04 17:50:00+03:00,0.25473149855691235,-0.12482541502327689
2026-06-04 17:55:00+03:00,0.22949718897265384,-0.35156465963094474
2026-06-05 09:55:00+03:00,0.1978589242899694,-0.513766351794105
2026-06-05 10:00:00+03:00,0.18917056555437708,-0.3755639267381302
2026-06-05 10:05:00+03:00,0.18775889047342295,-0.33252651602780026
2026-06-05 10:10:00+03:00,0.18536558763072777,-0.3465209221897303
2026-06-05 10:15:00+03:00,0.21087341960273942,-0.11803430291061676
2026-06-05 10:20:00+03:00,0.2267049044760951,-0.12681183455050077
2026-06-05 10:25:00+03:00,0.20854982821685486,-0.37406218756745546
2026-06-05 10:30:00+03:00,0.19734191588054995,-0.3650776885111103
2026-06-05 10:35:00+03:00,0.19596779194703418,-0.306602771874035
2026-06-05 10:40:00+03:00,0.1873737329681978,-0.381006964896846
2026-06-05 10:45:00+03:00,0.18829403238761158,-0.3161552299552124
2026-06-05 10:50:00+03:00,0.17801255354189652,-0.4256317545064874
2026-06-05 10:55:00+03:00,0.1950381229031623,-0.2030890581526183
2026-06-05 11:00:00+03:00,0.2012331467582297,-0.24615260449994122
2026-06-05 11:05:00+03:00,0.28992786798599723,0.3162667468163363
2026-06-05 11:10:00+03:00,0.31899023864827775,0.13832824981667297
2026-06-05 11:15:00+03:00,0.34934502382318067,0.20456906296520033
2026-06-05 11:20:00+03:00,0.35416863561675543,0.11096859174872473
2026-06-05 11:25:00+03:00,0.3360064963544901,-0.028146670968796438
2026-06-05 11:30:00+03:00,0.3279571738771365,-0.0006246643123050382
2026-06-05 11:35:00+03:00,0.3091189389955287,-0.0945950678317452
2026-06-05 11:40:00+03:00,0.3007464587542262,-0.06455384751284889
2026-06-05 11:45:00+03:00,0.2900569687027196,-0.10132310612498002
2026-06-05 11:50:00+03:00,0.2610214994617296,-0.27720807533521713
2026-06-05 11:55:00+03:00,0.24612201779789447,-0.23847727944004643
2026-06-05 12:00:00+03:00,0.23216959964023787,-0.2733197560319435
2026-06-05 12:05:00+03:00,0.22205645827627815,-0.28053779579431176
2026-06-05 12:10:00+03:00,0.21128704965931783,-0.31736004232708265
2026-06-05 12:15:00+03:00,0.2213342707279212,-0.17017864942438735
2026-06-05 12:20:00+03:00,0.23370982374438878,-0.1265788731562424
2026-06-05 12:25:00+03:00,0.23731957122334307,-0.16206621099075608
2026-06-05 12:30:00+03:00,0.2649601550514943,0.017981098298036978
2026-06-05 12:35:00+03:00,0.24947678081343955,-0.23231070869378345
2026-06-05 12:40:00+03:00,0.24551676412542534,-0.18027187204637593
2026-06-05 12:45:00+03:00,0.2555336064689951,-0.08463566324796415
2026-06-05 12:50:00+03:00,0.2410983878295667,-0.25014678247445093
2026-06-05 12:55:00+03:00,0.21692097551305808,-0.38652948936768433
2026-06-05 13:00:00+03:00,0.2080458204208899,-0.31565415298064015
2026-06-05 13:05:00+03:00,0.20479887768664298,-0.29110549555523646
2026-06-05 13:10:00+03:00,0.2491745805712651,0.05641550605970448
2026-06-05 13:15:00+03:00,0.22179413966069406,-0.39179590319642277
2026-06-05 13:20:00+03:00,0.1981222937478977,-0.45018527442917455
2026-06-05 13:25:00+03:00,0.16225388011616004,-0.7278822438506315
2026-06-05 13:30:00+03:00,0.14939636082360572,-0.5602958754472793
2026-06-05 13:35:00+03:00,0.15381998412438616,-0.40701095705134915
2026-06-05 13:40:00+03:00,0.16888660454887036,-0.2889511981528933
2026-06-05 13:45:00+03:00,0.18223707831686645,-0.2596415197303493
2026-06-05 13:50:00+03:00,0.16255020736754305,-0.562534516074531
2026-06-05 13:55:00+03:00,0.14153402994104605,-0.6777170484956383
2026-06-05 14:00:00+03:00,0.13399875039001927,-0.5816918606059848
2026-06-05 14:05:00+03:00,0.1230348032605609,-0.6691830774506701
2026-06-05 14:10:00+03:00,0.10695247564618816,-0.827685740933043
2026-06-05 14:15:00+03:00,0.11560056634833857,-0.5207467938308538
2026-06-05 14:20:00+03:00,0.12275986634782934,-0.5035642132449037
2026-06-05 14:25:00+03:00,0.13031203086791748,-0.4705777113734947
2026-06-05 14:30:00+03:00,0.13492592388100436,-0.47546993200435494
2026-06-05 14:35:00+03:00,0.15183640523951164,-0.33023255042548455
2026-06-05 14:40:00+03:00,0.14358796121548464,-0.5453782489606298
2026-06-05 14:45:00+03:00,0.12904283605668726,-0.6753075684792115
2026-06-05 14:50:00+03:00,0.10307877588504664,-1.0220377575920578
2026-06-05 14:55:00+03:00,0.0925263050600523,-0.8515247679390253
2026-06-05 15:00:00+03:00,0.10048459697672996,-0.5933696774109455
2026-06-05 15:05:00+03:00,0.12470715758668321,-0.3709977196224372
2026-06-05 15:10:00+03:00,0.15257365447815152,-0.26147621731943366
2026-06-05 15:15:00+03:00,0.20667480839908384,0.006105836321485385
2026-06-05 15:20:00+03:00,0.28896883217344804,0.28969209561068965
2026-06-05 15:25:00+03:00,0.28698627776416863,-0.06686917392944958
2026-06-05 15:30:00+03:00,0.3928624048328474,0.5828417010639686
2026-06-05 15:35:00+03:00,0.4034661938660268,0.2334137366070868
2026-06-05 15:40:00+03:00,0.40321575592109005,0.18997199573643006
2026-06-05 15:45:00+03:00,0.40603337048665805,0.20776804798265133
2026-06-05 15:50:00+03:00,0.4849077755124068,0.6606497090430319
2026-06-05 15:55:00+03:00,0.5022375802402003,0.4500104749358574
2026-06-05 16:00:00+03:00,0.47189823426285427,0.20687839034878203
2026-06-05 16:05:00+03:00,0.5478718651559684,0.7851574339187422
2026-06-05 16:10:00+03:00,0.4677527689199948,-0.010373245129725992
2026-06-05 16:15:00+03:00,0.4794232929836459,0.3843799385414201
2026-06-05 16:20:00+03:00,0.481110239000807,0.3492902210951699
2026-06-05 16:25:00+03:00,0.4880055437816672,0.3825219270147977
2026-06-05 16:30:00+03:00,0.4287195157220518,-0.0044556116020659795
2026-06-05 16:35:00+03:00,0.45258737061865273,0.3796950549241173
2026-06-05 16:40:00+03:00,0.41042714136959846,0.03084609965159013
2026-06-05 16:45:00+03:00,0.4207270996097545,0.2659592653596705
2026-06-05 16:50:00+03:00,0.41540618785674593,0.19405639000742178
2026-06-05 16:55:00+03:00,0.44793853528523025,0.40403415173056245
2026-06-05 17:00:00+03:00,0.4108878727765794,0.053970150553693697
2026-06-05 17:05:00+03:00,0.37795924144624243,-8.053616208537862e-05
2026-06-05 17:10:00+03:00,0.37234634167261177,0.10537282938746262
2026-06-05 17:15:00+03:00,0.3218468454794486,-0.22576777715087215
2026-06-05 17:20:00+03:00,0.32844439990966195,0.06435733913724596
2026-06-05 17:25:00+03:00,0.26822829733023895,-0.4614522664866174
2026-06-05 17:30:00+03:00,0.2306821244317158,-0.4323902547274368
2026-06-05 17:35:00+03:00,0.1970950023826283,-0.5332559345912119
2026-06-05 17:40:00+03:00,0.18876307382749505,-0.37453498123702655
2026-06-05 17:45:00+03:00,0.1867767109507708,-0.33934127421451915
2026-06-05 17:50:00+03:00,0.22216063036066455,-0.04368681464318768
2026-06-05 17:55:00+03:00,0.24161203152596666,-0.0728107894694481
2026-06-08 09:55:00+03:00,0.31066657107540835,0.2804283781496461
2026-06-08 10:00:00+03:00,0.31474849439109304,0.02385481465160027
2026-06-08 10:05:00+03:00,0.32965070085716613,0.10190616354533351
2026-06-08 10:10:00+03:00,0.32703047719802325,0.021389914665128698
2026-06-08 10:15:00+03:00,0.2775464117914495,-0.35303591496240744
2026-06-08 10:20:00+03:00,0.2512395164802383,-0.2901382043663048
2026-06-08 10:25:00+03:00,0.23467549914372043,-0.28138017667307236
2026-06-08 10:30:00+03:00,0.243558944761253,-0.11943318680387216
2026-06-08 10:35:00+03:00,0.2788379307644923,0.08081336643015467
2026-06-08 10:40:00+03:00,0.30794107724514785,0.11579474324496264
2026-06-08 10:45:00+03:00,0.2733873828100093,-0.27327480258396836
2026-06-08 10:50:00+03:00,0.2679601355604482,-0.12997721266225284
2026-06-08 10:55:00+03:00,0.28949784007958773,0.04489223947162511
2026-06-08 11:00:00+03:00,0.31440865372950483,0.11182739175270283
2026-06-08 11:05:00+03:00,0.34620822569085447,0.2040787225168782
2026-06-08 11:10:00+03:00,0.38043101818041253,0.28062415983717337
2026-06-08 11:15:00+03:00,0.39738531601400806,0.2463872668540591
2026-06-08 11:20:00+03:00,0.412577537166865,0.2691393754227203
2026-06-08 11:25:00+03:00,0.4119898734922207,0.20607577394266002
2026-06-08 11:30:00+03:00,0.43806844078872265,0.360315344374619
2026-06-08 11:35:00+03:00,0.4566584188692448,0.3672501727998479
2026-06-08 11:40:00+03:00,0.4884273853258456,0.47915897338391583
2026-06-08 11:45:00+03:00,0.47451746909995707,0.27639657039565585
2026-06-08 11:50:00+03:00,0.47663274189897026,0.34233336328185077
2026-06-08 11:55:00+03:00,0.47993577142713706,0.35324231215067764
2026-06-08 12:00:00+03:00,0.5170212505156221,0.5560548603987987
2026-06-08 12:05:00+03:00,0.5638282337866489,0.6918353367013031
2026-06-08 12:10:00+03:00,0.6286343434763648,0.9274785062880133
2026-06-08 12:15:00+03:00,0.6720933031505284,0.9294819329325426
2026-06-08 12:20:00+03:00,0.7098553663798511,1.0014593348028114
2026-06-08 12:25:00+03:00,0.7520406383968108,1.1619223814326087
2026-06-08 12:30:00+03:00,0.7858804894619447,1.2247882094596998
2026-06-08 12:35:00+03:00,0.7661875448020158,0.8484941523536468
2026-06-08 12:40:00+03:00,0.7750669070682513,1.0229268760728403
2026-06-08 12:45:00+03:00,0.8059813891460005,1.2818474151331143
2026-06-08 12:50:00+03:00,0.8030385316949776,1.0356648466877758
2026-06-08 12:55:00+03:00,0.8212799852790597,1.241114609732529
2026-06-08 13:00:00+03:00,0.8464222419883558,1.4159012341153123
2026-06-08 13:05:00+03:00,0.8663171680365064,1.4666808649424217
2026-06-08 13:10:00+03:00,0.87691362005692,1.423195363293424
2026-06-08 13:15:00+03:00,0.8621203100951075,1.1484543234953848
2026-06-08 13:20:00+03:00,0.8680690190079405,1.3348012423734288
2026-06-08 13:25:00+03:00,0.8246863265234176,0.8757130321660432
2026-06-08 13:30:00+03:00,0.81344141422955,1.0174712903510312
2026-06-08 13:35:00+03:00,0.8214913630135825,1.1660721280570003
2026-06-08 13:40:00+03:00,0.8278526924474315,1.1766753050748484
2026-06-08 13:45:00+03:00,0.798107593811202,0.8774422244355238
2026-06-08 13:50:00+03:00,0.7219960462995448,0.5138502079136128
2026-06-08 13:55:00+03:00,0.703474350346797,0.7111072120473431
2026-06-08 14:00:00+03:00,0.6993633278172889,0.7654987990550062
2026-06-08 14:05:00+03:00,0.6500089818685931,0.47786901437115226
2026-06-08 14:10:00+03:00,0.5216647693448659,-0.11040096195817586
2026-06-08 14:15:00+03:00,0.41622188547842764,-0.2701636862094767
2026-06-08 14:20:00+03:00,0.3366862725747556,-0.3561929245679501
2026-06-08 14:25:00+03:00,0.3058413855182379,-0.1630729417044765
2026-06-08 14:30:00+03:00,0.2853366541167103,-0.16261659542655896
2026-06-08 14:35:00+03:00,0.24466688370677755,-0.40468966039425813
2026-06-08 14:40:00+03:00,0.24352357756230794,-0.17068108673356816
2026-06-08 14:45:00+03:00,0.26046833037700307,-0.040380684365004964
2026-06-08 14:50:00+03:00,0.2789150092878416,0.008175169996201482
2026-06-08 14:55:00+03:00,0.2797402587855051,-0.07073063517722009
2026-06-08 15:00:00+03:00,0.3089983910189707,0.11861893051801296
2026-06-08 15:05:00+03:00,0.31223676148098006,0.014609701667363372
2026-06-08 15:10:00+03:00,0.3216774912727045,0.062050766052705084
2026-06-08 15:15:00+03:00,0.332222326688334,0.08905709351109589
2026-06-08 15:20:00+03:00,0.3044686538063395,-0.1506512433311033
2026-06-08 15:25:00+03:00,0.3209207145820617,0.09013356962378269
2026-06-08 15:30:00+03:00,0.2767385130169001,-0.32165992144783506
2026-06-08 15:35:00+03:00,0.2838659921777132,-0.03172096658549858
2026-06-08 15:40:00+03:00,0.2682650838394211,-0.18168582602947272
2026-06-08 15:45:00+03:00,0.2764867471859756,-0.04368309768645802
2026-06-08 15:50:00+03:00,0.2847967981267475,-0.024187835646942175
2026-06-08 15:55:00+03:00,0.298677162038149,0.03156896028751038
2026-06-08 16:00:00+03:00,0.28976462311494333,-0.0933898886084639
2026-06-08 16:05:00+03:00,0.30433848487879145,0.046864125401970665
2026-06-08 16:10:00+03:00,0.3130943320857156,0.04063400086529525
2026-06-08 16:15:00+03:00,0.32663241460660386,0.08988960292120574
2026-06-08 16:20:00+03:00,0.37179481190364033,0.3062422401106474
2026-06-08 16:25:00+03:00,0.3795555343960887,0.1746894856345715
2026-06-08 16:30:00+03:00,0.41602383224953515,0.35788644681015186
2026-06-08 16:35:00+03:00,0.378619589376959,-0.018745062876884624
2026-06-08 16:40:00+03:00,0.37680508936162,0.13026671099464082
2026-06-08 16:45:00+03:00,0.37206499464267384,0.10841502035272017
2026-06-08 16:50:00+03:00,0.4004072716818507,0.2965303536809224
2026-06-08 16:55:00+03:00,0.40495402320697427,0.21247627918866843
2026-06-08 17:00:00+03:00,0.42679548516222643,0.322356544609194
2026-06-08 17:05:00+03:00,0.43328868734101444,0.2755763018251319
2026-06-08 17:10:00+03:00,0.4420882336450555,0.3015459206173273
2026-06-08 17:15:00+03:00,0.4435826817064379,0.2761518734642213
2026-06-08 17:20:00+03:00,0.44501240712951495,0.27867525537690013
2026-06-08 17:25:00+03:00,0.468674583994245,0.4097878332301981
2026-06-08 17:30:00+03:00,0.5286239589453762,0.6729499987977036
2026-06-08 17:35:00+03:00,0.544217849001184,0.5248922917548723
2026-06-08 17:40:00+03:00,0.5235588951994556,0.34498080382880986
2026-06-08 17:45:00+03:00,0.4743100056833796,0.13566570229341463
2026-06-08 17:50:00+03:00,0.4452018714488425,0.1583872373319653
2026-06-08 17:55:00+03:00,0.44864570468157733,0.2935166368191394
2026-06-09 09:55:00+03:00,0.41952594131388243,0.10571771848018312
2026-06-09 10:00:00+03:00,0.3787625498803308,-0.033752247016223265
2026-06-09 10:05:00+03:00,0.307490550189082,-0.39902747925386395
2026-06-09 10:10:00+03:00,0.28848110399229654,-0.14680792531283535
2026-06-09 10:15:00+03:00,0.2860446234110588,-0.07125057546543545
2026-06-09 10:20:00+03:00,0.2842644683128355,-0.07236084505119784
2026-06-09 10:25:00+03:00,0.2195555372627687,-0.7300973143584946
2026-06-09 10:30:00+03:00,0.20611345676564138,-0.35090974821177445
2026-06-09 10:35:00+03:00,0.2036483910515098,-0.289859352905177
2026-06-09 10:40:00+03:00,0.20168655224974755,-0.29274313297040666
2026-06-09 10:45:00+03:00,0.23979555906327427,0.008630715221547094
2026-06-09 10:50:00+03:00,0.22408916542908494,-0.30827621388425275
2026-06-09 10:55:00+03:00,0.23368726868738549,-0.1406400374769711
2026-06-09 11:00:00+03:00,0.25100947653158967,-0.060662130335462264
2026-06-09 11:05:00+03:00,0.25497862019595247,-0.11548658762236752
2026-06-09 11:10:00+03:00,0.24578606134284414,-0.20768732961670672
2026-06-09 11:15:00+03:00,0.21039577766245685,-0.49335469872827603
2026-06-09 11:20:00+03:00,0.21788844536273602,-0.19286733721707477
2026-06-09 11:25:00+03:00,0.30742989269020704,0.35318653727341426
2026-06-09 11:30:00+03:00,0.3116516639099335,0.017659036819415594
2026-06-09 11:35:00+03:00,0.31712619829388605,0.03513701270940227
2026-06-09 11:40:00+03:00,0.33336636256056695,0.11517308159420865
2026-06-09 11:45:00+03:00,0.2573938981354027,-0.6466869612305846
2026-06-09 11:50:00+03:00,0.19425273147694766,-0.8770641736539473
2026-06-09 11:55:00+03:00,0.15088476581321414,-0.9067889606801472
2026-06-09 12:00:00+03:00,0.12248505665813908,-0.8946425770253887
2026-06-09 12:05:00+03:00,0.10050500020460716,-0.9712025529343199
2026-06-09 12:10:00+03:00,0.08634515313471232,-0.9580488107340048
2026-06-09 12:15:00+03:00,0.07588529630725403,-0.9855952689515731
2026-06-09 12:20:00+03:00,0.07438930774944762,-0.8516986457763501
2026-06-09 12:25:00+03:00,0.08305725891223122,-0.6729626302224666
2026-06-09 12:30:00+03:00,0.09418680638077763,-0.5931611124045876
2026-06-09 12:35:00+03:00,0.08399532265790843,-0.9110929857436739
2026-06-09 12:40:00+03:00,0.08017411913470965,-0.8435496498714177
2026-06-09 12:45:00+03:00,0.093439460969512,-0.5769392438050474
2026-06-09 12:50:00+03:00,0.09893138618269039,-0.624384289179376
2026-06-09 12:55:00+03:00,0.09661973575304149,-0.7193236488076348
2026-06-09 13:00:00+03:00,0.09718438814912583,-0.6841119661861165
2026-06-09 13:05:00+03:00,0.1335795853022118,-0.2671296222643763
2026-06-09 13:10:00+03:00,0.15274255825989547,-0.3132510780186248
2026-06-09 13:15:00+03:00,0.14398948589917807,-0.5480117709773182
2026-06-09 13:20:00+03:00,0.1462001337035021,-0.4507744193511308
2026-06-09 13:25:00+03:00,0.14334781285585638,-0.5012778268785141
2026-06-09 13:30:00+03:00,0.14087044481542865,-0.5082970762034881
2026-06-09 13:35:00+03:00,0.1546970086570112,-0.34080021629742796
2026-06-09 13:40:00+03:00,0.15808934462864388,-0.39928016562444374
2026-06-09 13:45:00+03:00,0.15834173980769528,-0.42059792572909227
2026-06-09 13:50:00+03:00,0.14851643820184032,-0.5377486494091399
2026-06-09 13:55:00+03:00,0.14789760303711236,-0.46579374259699297
2026-06-09 14:00:00+03:00,0.18123206677645445,-0.1533756990402296
2026-06-09 14:05:00+03:00,0.20113611259055694,-0.1714487359422217
2026-06-09 14:10:00+03:00,0.19837573393310917,-0.30772557350706153
2026-06-09 14:15:00+03:00,0.21772398338411983,-0.1316996809920109
2026-06-09 14:20:00+03:00,0.18459537429518652,-0.5843991550665634
2026-06-09 14:25:00+03:00,0.18441270799347412,-0.33535861994215155
2026-06-09 14:30:00+03:00,0.1984312801268438,-0.21023745112240178
2026-06-09 14:35:00+03:00,0.1779774485192898,-0.5035994229644558
2026-06-09 14:40:00+03:00,0.18047641697515457,-0.3308135156132446
2026-06-09 14:45:00+03:00,0.16201326459971108,-0.554104053626369
2026-06-09 14:50:00+03:00,0.1440296139537038,-0.6335385153812682
2026-06-09 14:55:00+03:00,0.15139414744476204,-0.39494075057923206
2026-06-09 15:00:00+03:00,0.15904483525295382,-0.3670077839101469
2026-06-09 15:05:00+03:00,0.20416410346920386,-0.040277204455570835
2026-06-09 15:10:00+03:00,0.22706569867033952,-0.09114035553114688
2026-06-09 15:15:00+03:00,0.20469761427144298,-0.41660605450747634
2026-06-09 15:20:00+03:00,0.22462840863361624,-0.11159966773732352
2026-06-09 15:25:00+03:00,0.26836707030942447,0.09436590160356728
2026-06-09 15:30:00+03:00,0.28756608882786505,0.030534851787216884
2026-06-09 15:35:00+03:00,0.29572415872723307,-0.0002183740821661295
2026-06-09 15:40:00+03:00,0.29368114437041526,-0.05143384500225726
2026-06-09 15:45:00+03:00,0.2721283693821861,-0.20326956730664525
2026-06-09 15:50:00+03:00,0.2589944437827882,-0.19326270455162975
2026-06-09 15:55:00+03:00,0.2646114821081126,-0.08396713339086342
2026-06-09 16:00:00+03:00,0.27705491733519283,-0.022992511383641775
2026-06-09 16:05:00+03:00,0.27171491577824736,-0.12015648815645469
2026-06-09 16:10:00+03:00,0.27153014156426813,-0.09527910205230947
2026-06-09 16:15:00+03:00,0.2611721587388428,-0.17272976730440429
2026-06-09 16:20:00+03:00,0.23545929498744575,-0.3354027328310977
2026-06-09 16:25:00+03:00,0.2165666741079057,-0.3523717875925173
2026-06-09 16:30:00+03:00,0.24995745068087855,0.010239859344977776
2026-06-09 16:35:00+03:00,0.25417031203373047,-0.11628126013058816
2026-06-09 16:40:00+03:00,0.2926506758834347,0.12294133118903118
2026-06-09 16:45:00+03:00,0.22553978976530645,-0.7232329752369471
2026-06-09 16:50:00+03:00,0.19568748716953627,-0.508022729472623
2026-06-09 16:55:00+03:00,0.17750191024576872,-0.48732911869361245
2026-06-09 17:00:00+03:00,0.1728994856834993,-0.403401333520323
2026-06-09 17:05:00+03:00,0.15578540516546543,-0.569768118483068
2026-06-09 17:10:00+03:00,0.18720693988936843,-0.14786190556599937
2026-06-09 17:15:00+03:00,0.22908187462886334,0.0015491554222464919
2026-06-09 17:20:00+03:00,0.24390418010782475,-0.08949764230025407
2026-06-09 17:25:00+03:00,0.26828961226596343,0.010952314478318063
2026-06-09 17:30:00+03:00,0.2749399010707866,-0.05459720835144885
2026-06-09 17:35:00+03:00,0.29767929198708615,0.06759296845365388
2026-06-09 17:40:00+03:00,0.33176126634714626,0.184401581490931
2026-06-09 17:45:00+03:00,0.36274574350870437,0.23349409713744312
2026-06-09 17:50:00+03:00,0.3673529258766476,0.13720933523296314
2026-06-09 17:55:00+03:00,0.36945529060328985,0.13125898064307098
2026-06-10 09:55:00+03:00,0.4682796432447025,0.7100229191892637
2026-06-10 10:00:00+03:00,0.4319952218527583,0.10184628930551273
2026-06-10 10:05:00+03:00,0.4141546889075988,0.1411011612085122
2026-06-10 10:10:00+03:00,0.3694623008477939,-0.07385079889864518
2026-06-10 10:15:00+03:00,0.2989954824514891,-0.42342107601420315
2026-06-10 10:20:00+03:00,0.2822270059292216,-0.15134748780058227
2026-06-10 10:25:00+03:00,0.2781981154441874,-0.09775872616633731
2026-06-10 10:30:00+03:00,0.31912549428339926,0.18650978632989507
2026-06-10 10:35:00+03:00,0.3513655187709265,0.21602958183345838
2026-06-10 10:40:00+03:00,0.37980707524590096,0.25692662439829206
2026-06-10 10:45:00+03:00,0.32537574900835814,-0.23793963956475644
2026-06-10 10:50:00+03:00,0.28748094570471017,-0.2516880503836716
2026-06-10 10:55:00+03:00,0.25853413374799467,-0.2840885656696591
2026-06-10 11:00:00+03:00,0.27379344349596524,-0.017609294273308332
2026-06-10 11:05:00+03:00,0.24996649515929759,-0.2791023760757658
2026-06-10 11:10:00+03:00,0.24063761685459742,-0.22261743219784727
2026-06-10 11:15:00+03:00,0.25475612831805927,-0.06693541691560229
2026-06-10 11:20:00+03:00,0.2434073657106885,-0.22615265259115597
2026-06-10 11:25:00+03:00,0.22448316314851113,-0.3271373550196716
2026-06-10 11:30:00+03:00,0.21055884140628423,-0.3396425319325045
2026-06-10 11:35:00+03:00,0.20848482739612417,-0.2731071622325406
2026-06-10 11:40:00+03:00,0.22332880088913085,-0.14030167960681675
2026-06-10 11:45:00+03:00,0.20812944622987412,-0.35581304122683804
2026-06-10 11:50:00+03:00,0.19701375650849867,-0.36555556135498873
2026-06-10 11:55:00+03:00,0.21127019176177975,-0.17449965806944565
2026-06-10 12:00:00+03:00,0.22685022265646218,-0.1277075575166544
2026-06-10 12:05:00+03:00,0.2101990599037535,-0.35855594802929625
2026-06-10 12:10:00+03:00,0.21307412172789994,-0.23142839239287602
2026-06-10 12:15:00+03:00,0.21039893736451606,-0.27100956579084584
2026-06-10 12:20:00+03:00,0.2117610021720416,-0.24369461789790925
2026-06-10 12:25:00+03:00,0.21667234246733466,-0.21016461014894883
2026-06-10 12:30:00+03:00,0.18870297374885361,-0.5212987076653284
2026-06-10 12:35:00+03:00,0.1640808338876136,-0.600710894547773
2026-06-10 12:40:00+03:00,0.15631186044467524,-0.48874298160825413
2026-06-10 12:45:00+03:00,0.13542316915162142,-0.7099263378154078
2026-06-10 12:50:00+03:00,0.1409178194231418,-0.4459699047300661
2026-06-10 12:55:00+03:00,0.14217032847807368,-0.47344451759959366
2026-06-10 13:00:00+03:00,0.13297352526849449,-0.6019233204518015
2026-06-10 13:05:00+03:00,0.13312741040980466,-0.5185089869996532
2026-06-10 13:10:00+03:00,0.15006642375785564,-0.33568750167962874
2026-06-10 13:15:00+03:00,0.1486352800087306,-0.46920230370498917
2026-06-10 13:20:00+03:00,0.13869431334660495,-0.5822223263424732
2026-06-10 13:25:00+03:00,0.13405661391567694,-0.5554457591261134
2026-06-10 13:30:00+03:00,0.14039160240288803,-0.44168415218942386
2026-06-10 13:35:00+03:00,0.13842954297931842,-0.5140834812185207
2026-06-10 13:40:00+03:00,0.14063586840908568,-0.4719992802185614
2026-06-10 13:45:00+03:00,0.1300272180334901,-0.62982857655098
2026-06-10 13:50:00+03:00,0.10396488946301516,-1.015264459157912
2026-06-10 13:55:00+03:00,0.08751117335274369,-0.988947622380227
2026-06-10 14:00:00+03:00,0.11093492786450243,-0.42442908525048284
2026-06-10 14:05:00+03:00,0.1712629573451819,-0.046027376619456016
2026-06-10 14:10:00+03:00,0.2189793478799935,0.005071350227426955
2026-06-10 14:15:00+03:00,0.2741992211284246,0.1536361926944734
2026-06-10 14:20:00+03:00,0.29175855224747776,0.032527205265634886
2026-06-10 14:25:00+03:00,0.33286448680300973,0.21451000744706042
2026-06-10 14:30:00+03:00,0.4803580478427523,0.9733684849185452
2026-06-10 14:35:00+03:00,0.5808424682449478,0.9913641011083569
2026-06-10 14:40:00+03:00,0.5677541409639325,0.45904778273370267
2026-06-10 14:45:00+03:00,0.5282102951588712,0.2811012029031807
2026-06-10 14:50:00+03:00,0.5414346232973972,0.5101538408491635
2026-06-10 14:55:00+03:00,0.5049355701850535,0.2476457988099993
2026-06-10 15:00:00+03:00,0.4922804179647984,0.31559757917964953
2026-06-10 15:05:00+03:00,0.5331604256235327,0.60362106937772
2026-06-10 15:10:00+03:00,0.567654651495638,0.6481331117672222
2026-06-10 15:15:00+03:00,0.5632786393710754,0.48413054660526966
2026-06-10 15:20:00+03:00,0.6100741037995736,0.7939730633906291
2026-06-10 15:25:00+03:00,0.5897905878945146,0.473843030424896
2026-06-10 15:30:00+03:00,0.5190019239234163,0.13896050313104472
2026-06-10 15:35:00+03:00,0.4541485309117877,0.027206601679995977
2026-06-10 15:40:00+03:00,0.4546221051255118,0.2935860444068419
2026-06-10 15:45:00+03:00,0.43366255188694863,0.16798777270570206
2026-06-10 15:50:00+03:00,0.4307190769210889,0.23372466529205124
2026-06-10 15:55:00+03:00,0.40199765998772996,0.07056301638154089
2026-06-10 16:00:00+03:00,0.45446743690636004,0.4936193401833688
2026-06-10 16:05:00+03:00,0.5138768690309933,0.6399654625561637
2026-06-10 16:10:00+03:00,0.5476929288975773,0.6044409861747497
2026-06-10 16:15:00+03:00,0.5791080070992564,0.6591495367210229
2026-06-10 16:20:00+03:00,0.5793029415487552,0.5333223268641716
2026-06-10 16:25:00+03:00,0.5890000126923632,0.5904394036405183
2026-06-10 16:30:00+03:00,0.5901843722310915,0.5587576775385635
2026-06-10 16:35:00+03:00,0.4892877354002241,-0.05634309125460102
2026-06-10 16:40:00+03:00,0.43445130899010237,0.027943420582888606
2026-06-10 16:45:00+03:00,0.35150571422948285,-0.3303685136242127
2026-06-10 16:50:00+03:00,0.3451189666027867,0.04439984323592027
2026-06-10 16:55:00+03:00,0.35193268294679003,0.11458037837860786
2026-06-10 17:00:00+03:00,0.35272484237511925,0.09114954634207444
2026-06-10 17:05:00+03:00,0.3642978429739871,0.1593137548461344
2026-06-10 17:10:00+03:00,0.39581488259175707,0.2999263334712386
2026-06-10 17:15:00+03:00,0.4444566108700737,0.45936196003839336
2026-06-10 17:20:00+03:00,0.41762460745604507,0.11126858470561535
2026-06-10 17:25:00+03:00,0.4231950824841082,0.2523325226890856
2026-06-10 17:30:00+03:00,0.408662099773588,0.14338920455338625
2026-06-10 17:35:00+03:00,0.4159488644258264,0.24487788644797542
2026-06-10 17:40:00+03:00,0.4015564237317646,0.12943681315171712
2026-06-10 17:45:00+03:00,0.35632665107491757,-0.10820913209707908
2026-06-10 17:50:00+03:00,0.35129079979346167,0.06346034185369412
2026-06-10 17:55:00+03:00,0.37585983051058014,0.23405011079416735
2026-06-11 09:55:00+03:00,0.3620810760847611,0.049101429701556384
2026-06-11 10:00:00+03:00,0.3094702382102858,-0.2733675759222273
2026-06-11 10:05:00+03:00,0.3186632821737166,0.054534555125031366
2026-06-11 10:10:00+03:00,0.29548595614757733,-0.15021516426245543
2026-06-11 10:15:00+03:00,0.3034259810066425,0.015918232608233468
2026-06-11 10:20:00+03:00,0.3101362414893882,0.025268112770444804
2026-06-11 10:25:00+03:00,0.25554383193464864,-0.4669482753466472
2026-06-11 10:30:00+03:00,0.21387452559403036,-0.5306504176064857
2026-06-11 10:35:00+03:00,0.19879894489145836,-0.38625010543575244
2026-06-11 10:40:00+03:00,0.20799099621807476,-0.21049307279829324
2026-06-11 10:45:00+03:00,0.201509450738785,-0.321119603856465
2026-06-11 10:50:00+03:00,0.17303227708567065,-0.5948793101990328
2026-06-11 10:55:00+03:00,0.1753651369243123,-0.3483001842103951
2026-06-11 11:00:00+03:00,0.18184450215228057,-0.3017439020297652
2026-06-11 11:05:00+03:00,0.18651024105224767,-0.2985739904767478
2026-06-11 11:10:00+03:00,0.18461817643073378,-0.3456943939754297
2026-06-11 11:15:00+03:00,0.1766634879875271,-0.41378165499969866
2026-06-11 11:20:00+03:00,0.16010005135933336,-0.5458882880687235
2026-06-11 11:25:00+03:00,0.1671816008120772,-0.3440423716726208
2026-06-11 11:30:00+03:00,0.16132942744306003,-0.4545209424545226
2026-06-11 11:35:00+03:00,0.17374444123628316,-0.290292710026394
2026-06-11 11:40:00+03:00,0.17945765787055037,-0.31382370338618887
2026-06-11 11:45:00+03:00,0.1817327246088167,-0.328250307186513
2026-06-11 11:50:00+03:00,0.20437633451505452,-0.14885110380045646
2026-06-11 11:55:00+03:00,0.19058233705010755,-0.40585971756011135
2026-06-11 12:00:00+03:00,0.1656043706149376,-0.5968907649819652
2026-06-11 12:05:00+03:00,0.1471543762567379,-0.6227234141755633
2026-06-11 12:10:00+03:00,0.12016076330465733,-0.8908416327442568
2026-06-11 12:15:00+03:00,0.09409116207217635,-1.1217779208185599
2026-06-11 12:20:00+03:00,0.09152659023510637,-0.7523975051920337
2026-06-11 12:25:00+03:00,0.08002565236559751,-0.9669129438730074
2026-06-11 12:30:00+03:00,0.06908140969124839,-1.062670018677892
2026-06-11 12:35:00+03:00,0.06237562269114147,-1.044102086475645
2026-06-11 12:40:00+03:00,0.0626995076021372,-0.9132321334784036
2026-06-11 12:45:00+03:00,0.062671429862004,-0.9191829614760465
2026-06-11 12:50:00+03:00,0.05417799340820177,-1.1819450291231757
2026-06-11 12:55:00+03:00,0.04704156732651221,-1.2448785904171864
2026-06-11 13:00:00+03:00,0.044093818470711976,-1.168623105098752
2026-06-11 13:05:00+03:00,0.04249493669739807,-1.1544683236553848
2026-06-11 13:10:00+03:00,0.04373353744114344,-1.0732544059838351
2026-06-11 13:15:00+03:00,0.043893299760470655,-1.0954621981624362
2026-06-11 13:20:00+03:00,0.04045916475176099,-1.2325818988544404
2026-06-11 13:25:00+03:00,0.03721845320893282,-1.2765925397664533
2026-06-11 13:30:00+03:00,0.03665824745335406,-1.2045836104843286
2026-06-11 13:35:00+03:00,0.03370877957644533,-1.3260521924535345
2026-06-11 13:40:00+03:00,0.03254792375657804,-1.2848853475398692
2026-06-11 13:45:00+03:00,0.035780620295193494,-1.1182796307603822
2026-06-11 13:50:00+03:00,0.03279670533949838,-1.343764668526254
2026-06-11 13:55:00+03:00,0.041816907902143756,-0.9422032939315687
2026-06-11 14:00:00+03:00,0.04806828557111155,-0.9361522619027356
2026-06-11 14:05:00+03:00,0.05982186259607965,-0.7713546807013996
2026-06-11 14:10:00+03:00,0.05394539163555507,-1.1189151277532998
2026-06-11 14:15:00+03:00,0.059319656848589745,-0.8614002182889469
2026-06-11 14:20:00+03:00,0.06277743241597136,-0.8641696618550034
2026-06-11 14:25:00+03:00,0.0608087809459853,-0.9682734622759643
2026-06-11 14:30:00+03:00,0.1476016915093896,0.020064760576267666
2026-06-11 14:35:00+03:00,0.20559556255680966,0.02093539808626903
2026-06-11 14:40:00+03:00,0.40861411989519564,1.089362557177831
2026-06-11 14:45:00+03:00,0.583307466951749,1.6402699789829414
2026-06-11 14:50:00+03:00,0.6625224074192066,1.109652294243443
2026-06-11 14:55:00+03:00,0.7486947571229435,1.5576197971486512
2026-06-11 15:00:00+03:00,0.7735051640863693,1.1167809012129055
2026-06-11 15:05:00+03:00,0.8191464681511103,1.491572214983511
2026-06-11 15:10:00+03:00,0.8436770269951498,1.3956859361249359
2026-06-11 15:15:00+03:00,0.830305774207731,1.0549135950143789
2026-06-11 15:20:00+03:00,0.8757076227608236,1.992244837363761
2026-06-11 15:25:00+03:00,0.899419207644075,1.7607080840075258
2026-06-11 15:30:00+03:00,0.9229100083049135,2.0449674845213863
2026-06-11 15:35:00+03:00,0.9461962319537406,2.740466402700586
2026-06-11 15:40:00+03:00,0.9638997162445441,3.868493750955593
2026-06-11 15:45:00+03:00,0.9758494318499936,4.355890792367732
2026-06-11 15:50:00+03:00,0.9838576863706844,4.687590585596023
2026-06-11 15:55:00+03:00,0.9891862442474155,4.582403691772092
2026-06-11 16:00:00+03:00,0.9927435205462569,4.629733007052418
2026-06-11 16:05:00+03:00,0.9951405439657038,5.001411562572796
2026-06-11 16:10:00+03:00,0.9967500147604608,5.358974492000948
2026-06-11 16:15:00+03:00,0.997820225401366,5.245179306809605
2026-06-11 16:20:00+03:00,0.9985384837626142,5.462862546699177
2026-06-11 16:25:00+03:00,0.9990205860067142,5.701274782546641
2026-06-11 16:30:00+03:00,0.9993339680834126,5.246223465107993
2026-06-11 16:35:00+03:00,0.9995401216178279,5.154189962767701
2026-06-11 16:40:00+03:00,0.9996766261319284,5.126812166145949
2026-06-11 16:45:00+03:00,0.9997576656182562,4.903269892599803
2026-06-11 16:50:00+03:00,0.9996323458934285,3.9234719689243933
2026-06-11 16:55:00+03:00,0.9997399959574371,5.184017163591986
2026-06-11 17:00:00+03:00,0.9997729362622533,4.568684838285662
2026-06-11 17:05:00+03:00,0.9998373641965415,5.318446963606833
2026-06-11 17:10:00+03:00,0.9998758701625898,5.158784716110236
2026-06-11 17:15:00+03:00,0.999902965986033,5.204423757997307
2026-06-11 17:20:00+03:00,0.9999244429887686,5.3354608447590754
2026-06-11 17:25:00+03:00,0.9999422984986601,5.524391014364472
2026-06-11 17:30:00+03:00,0.9999491386298296,5.272420598998344
2026-06-11 17:35:00+03:00,0.9999556447095898,5.354368289432602
2026-06-11 17:40:00+03:00,0.9999602337855373,5.366067630930219
2026-06-11 17:45:00+03:00,0.9999536799917944,5.047424947269565
2026-06-11 17:50:00+03:00,0.999950362159758,5.0735898525142815
2026-06-11 17:55:00+03:00,0.9999482280818058,5.075584193761141
2026-06-12 09:55:00+03:00,0.9804609769363075,1.7119318222392128
2026-06-12 10:00:00+03:00,0.9757816129386325,1.9909356990191243
2026-06-12 10:05:00+03:00,0.9685966841907797,1.8361889701004455
2026-06-12 10:10:00+03:00,0.9601107606968978,1.7265165322881417
2026-06-12 10:15:00+03:00,0.964747134411448,2.117755801341377
2026-06-12 10:20:00+03:00,0.9619056975166088,1.8585816140713587
2026-06-12 10:25:00+03:00,0.9675547743297652,2.218878492622751
2026-06-12 10:30:00+03:00,0.9705285923973515,2.1666134852599885
2026-06-12 10:35:00+03:00,0.9716091794855392,2.113047019794502
2026-06-12 10:40:00+03:00,0.971620559866288,2.074590320306941
2026-06-12 10:45:00+03:00,0.9761118326074382,2.3897284460144816
2026-06-12 10:50:00+03:00,0.9784782512436276,2.3317290207487047
2026-06-12 10:55:00+03:00,0.9729947404294291,1.9297333528779281
2026-06-12 11:00:00+03:00,0.9494653122323772,1.446172237814085
2026-06-12 11:05:00+03:00,0.9472394364110409,1.7233835203112353
2026-06-12 11:10:00+03:00,0.7114753805436255,-0.1740675898727555
2026-06-12 11:15:00+03:00,0.532994769309455,-0.36140555281090764
2026-06-12 11:20:00+03:00,0.4961166770198965,0.22886813634500333
2026-06-12 11:25:00+03:00,0.47408316054287336,0.24388708050089306
2026-06-12 11:30:00+03:00,0.4525244725911334,0.2032846370445427
2026-06-12 11:35:00+03:00,0.41073872916243953,0.033159444347737814
2026-06-12 11:40:00+03:00,0.4234875054288372,0.28083448096155694
2026-06-12 11:45:00+03:00,0.4316799870500456,0.27904986017255007
2026-06-12 11:50:00+03:00,0.4026274865846454,0.07049431255868431
2026-06-12 11:55:00+03:00,0.34710789513934376,-0.18432777918111873
2026-06-12 12:00:00+03:00,0.31350888637158225,-0.15747618335794936
2026-06-12 12:05:00+03:00,0.2967186309876808,-0.11493909626806778
2026-06-12 12:10:00+03:00,0.3205096571549335,0.1198095374062927
2026-06-12 12:15:00+03:00,0.2862647905756597,-0.23437810884636515
2026-06-12 12:20:00+03:00,0.2689348905515303,-0.18911190844114595
2026-06-12 12:25:00+03:00,0.2914174056638909,0.053101906977939
2026-06-12 12:30:00+03:00,0.2812721706895927,-0.12028884144152817
2026-06-12 12:35:00+03:00,0.26472662005265174,-0.1961989260090974
2026-06-12 12:40:00+03:00,0.22219506480721687,-0.5033473110415853
2026-06-12 12:45:00+03:00,0.2697036177919997,0.11284318978310492
2026-06-12 12:50:00+03:00,0.2911606770903151,0.04813397506368545
2026-06-12 12:55:00+03:00,0.3167401917823794,0.11941247260685466
2026-06-12 13:00:00+03:00,0.33083204017878737,0.10099040879066491
2026-06-12 13:05:00+03:00,0.34264493237513194,0.11604970298046328
2026-06-12 13:10:00+03:00,0.2690784154484435,-0.5680266549665728
2026-06-12 13:15:00+03:00,0.21862916860889717,-0.5871987360908485
2026-06-12 13:20:00+03:00,0.17641003459208515,-0.7194653434006003
2026-06-12 13:25:00+03:00,0.13548172176271045,-0.9981204755837906
2026-06-12 13:30:00+03:00,0.10636903130168719,-1.0526222192304593
2026-06-12 13:35:00+03:00,0.08354412262341443,-1.1726083117930686
2026-06-12 13:40:00+03:00,0.06928805356252857,-1.136007619343484
2026-06-12 13:45:00+03:00,0.05583727681317275,-1.3064562873906334
2026-06-12 13:50:00+03:00,0.045053055939379694,-1.4092818674132719
2026-06-12 13:55:00+03:00,0.03718034713414238,-1.454100814003823
2026-06-12 14:00:00+03:00,0.03397097178813276,-1.3306443399712446
2026-06-12 14:05:00+03:00,0.03138163134142313,-1.3553985900391665
2026-06-12 14:10:00+03:00,0.02980451078417766,-1.347057224414524
2026-06-12 14:15:00+03:00,0.07506744960267749,-0.3967782465716523
2026-06-12 14:20:00+03:00,0.11079637010959725,-0.3411089384260683
2026-06-12 14:25:00+03:00,0.1569793768198154,-0.14966626671369113
2026-06-12 14:30:00+03:00,0.36290336598378536,0.9717344524913719
2026-06-12 14:35:00+03:00,0.5055706910469093,1.0173371112435707
2026-06-12 14:40:00+03:00,0.6701252532229243,3.8208651948024843
2026-06-12 14:45:00+03:00,0.7797998439170452,3.770117326000147
2026-06-12 14:50:00+03:00,0.8530055984908257,3.951775717643864
2026-06-12 14:55:00+03:00,0.9019992770113296,5.763264981503723
2026-06-12 15:00:00+03:00,0.9346628781057189,5.906323395736598
2026-06-12 15:05:00+03:00,0.9564344244396457,5.51376660805739
2026-06-12 15:10:00+03:00,0.9709525709528652,5.850833501380662
2026-06-12 15:15:00+03:00,0.9806296976461346,5.675500042717766
2026-06-12 15:20:00+03:00,0.9870778870636502,5.44896820103446
2026-06-12 15:25:00+03:00,0.9913752652767692,5.375728337815607
2026-06-12 15:30:00+03:00,0.9942307752662766,5.057400432902799
2026-06-12 15:35:00+03:00,0.9961342007011348,5.051309137223537
2026-06-12 15:40:00+03:00,0.9974042438305981,5.078763828564143
2026-06-12 15:45:00+03:00,0.9982616760736216,5.493367765829454
2026-06-12 15:50:00+03:00,0.9988358196330613,5.680177796331788
2026-06-12 15:55:00+03:00,0.9992217480308357,6.1169278383098185
2026-06-12 16:00:00+03:00,0.9994776046115378,5.870793272399968
2026-06-12 16:05:00+03:00,0.999648836103709,5.969217670903329
2026-06-12 16:10:00+03:00,0.9997610890340366,5.727344050518275
2026-06-12 16:15:00+03:00,0.9998284760710497,5.278017869589944
2026-06-12 16:20:00+03:00,0.99988166023617,5.816128420538184
2026-06-12 16:25:00+03:00,0.9999169177428351,5.792826208071307
2026-06-12 16:30:00+03:00,0.9993497590519426,3.4143891175650665
2026-06-12 16:35:00+03:00,0.9988357719038086,3.315490372800212
2026-06-12 16:40:00+03:00,0.9986091483944238,3.39861510101168
2026-06-12 16:45:00+03:00,0.9990720137010556,6.616877678143377
2026-06-12 16:50:00+03:00,0.9993807154790574,6.704034539729792
2026-06-12 16:55:00+03:00,0.9995870481297927,7.606724266136677
2026-06-12 17:00:00+03:00,0.9997246315215058,7.775224601753242
2026-06-12 17:05:00+03:00,0.9998162954057593,7.475365145411678
2026-06-12 17:10:00+03:00,0.9998770511859081,6.83311321622381
2026-06-12 17:15:00+03:00,0.9999179189384672,7.5169248724531865
2026-06-12 17:20:00+03:00,0.9999450575960604,7.202798034204556
2026-06-12 17:25:00+03:00,0.9999628857080812,6.8262152952089
2026-06-12 17:30:00+03:00,0.999974854165125,6.9161139211283365
2026-06-12 17:35:00+03:00,0.9999829935149168,7.159578845190028
2026-06-12 17:40:00+03:00,0.9999873903517812,6.3646494593889384
2026-06-12 17:45:00+03:00,0.9999761211833709,5.165973706832958
2026-06-12 17:50:00+03:00,0.9993817393476357,3.408376332506611
2026-06-12 17:55:00+03:00,0.9994983285865261,4.323822230778596
2026-06-15 09:55:00+03:00,0.7535588227281598,-0.11855382602479922
2026-06-15 10:00:00+03:00,0.650244792064975,0.27041223131662845
2026-06-15 10:05:00+03:00,0.5117494183145743,-0.1878195628753583
2026-06-15 10:10:00+03:00,0.4241520912867493,-0.15066117517159622
2026-06-15 10:15:00+03:00,0.3180465143809098,-0.6447249621500739
2026-06-15 10:20:00+03:00,0.3195751028211089,0.0232401449182496
2026-06-15 10:25:00+03:00,0.2831182202389285,-0.25597370641812905
2026-06-15 10:30:00+03:00,0.25041976106785147,-0.332248701892425
2026-06-15 10:35:00+03:00,0.2277700570147054,-0.3404125419475144
2026-06-15 10:40:00+03:00,0.27046183092628073,0.09436796338994484
2026-06-15 10:45:00+03:00,0.30435865237680454,0.1281657658162277
2026-06-15 10:50:00+03:00,0.33385867793219187,0.17023215707987302
2026-06-15 10:55:00+03:00,0.3484519464442513,0.13939715412147977
2026-06-15 11:00:00+03:00,0.34032708742097134,0.026408797743561186
2026-06-15 11:05:00+03:00,0.29590770917355574,-0.2650847213989865
2026-06-15 11:10:00+03:00,0.28749512537988314,-0.09647080244282343
2026-06-15 11:15:00+03:00,0.2505088684688131,-0.3597443231770829
2026-06-15 11:20:00+03:00,0.23324244453607967,-0.28988545465907334
2026-06-15 11:25:00+03:00,0.2169133703428298,-0.33469491029127313
2026-06-15 11:30:00+03:00,0.21614742951709026,-0.24332333645939533
2026-06-15 11:35:00+03:00,0.29248848892924806,0.27343149899761404
2026-06-15 11:40:00+03:00,0.27763308296480993,-0.15332095210708518
2026-06-15 11:45:00+03:00,0.3141977172831925,0.15907751756124794
2026-06-15 11:50:00+03:00,0.3992983270292826,0.5133151603068319
2026-06-15 11:55:00+03:00,0.3405069261712688,-0.2199983436090379
2026-06-15 12:00:00+03:00,0.28937873907458017,-0.32559787248575034
2026-06-15 12:05:00+03:00,0.2663671526441458,-0.22717376320270558
2026-06-15 12:10:00+03:00,0.2463556206819838,-0.26723925015359895
2026-06-15 12:15:00+03:00,0.23432790547576604,-0.25577716772814174
2026-06-15 12:20:00+03:00,0.22446805595153552,-0.27189363463659066
2026-06-15 12:25:00+03:00,0.21611186506572097,-0.28780947688529573
2026-06-15 12:30:00+03:00,0.20987569196770764,-0.2938310697194685
2026-06-15 12:35:00+03:00,0.20576889668863171,-0.29337105459016816
2026-06-15 12:40:00+03:00,0.20046106513535528,-0.3170568855923344
2026-06-15 12:45:00+03:00,0.21429674670501675,-0.16876672145204075
2026-06-15 12:50:00+03:00,0.2134290380564736,-0.25168149089695124
2026-06-15 12:55:00+03:00,0.22116909331792545,-0.18278482002469704
2026-06-15 13:00:00+03:00,0.23389092439585424,-0.12439436131387825
2026-06-15 13:05:00+03:00,0.24738455738926515,-0.08751251309433822
2026-06-15 13:10:00+03:00,0.23688656623379176,-0.23970203930809963
2026-06-15 13:15:00+03:00,0.25258276357784853,-0.0646159937623266
2026-06-15 13:20:00+03:00,0.24534490551562588,-0.19826699720560242
2026-06-15 13:25:00+03:00,0.2639474530610761,-0.024790290750527706
2026-06-15 13:30:00+03:00,0.27266977677986964,-0.05022347654564323
2026-06-15 13:35:00+03:00,0.2812729871751097,-0.030899381695899335
2026-06-15 13:40:00+03:00,0.32170706866873267,0.1896934473094203
2026-06-15 13:45:00+03:00,0.37171358249691977,0.324759897324687
2026-06-15 13:50:00+03:00,0.3770727336317061,0.16001547334176353
2026-06-15 13:55:00+03:00,0.3598718544199836,0.029455680929691
2026-06-15 14:00:00+03:00,0.30918747410106356,-0.2628968984296503
2026-06-15 14:05:00+03:00,0.2772161339886604,-0.24715201958748081
2026-06-15 14:10:00+03:00,0.243463588247527,-0.36165383103734805
2026-06-15 14:15:00+03:00,0.24678419156902445,-0.13926491613274342
2026-06-15 14:20:00+03:00,0.22370485184862893,-0.3564191744426546
2026-06-15 14:25:00+03:00,0.20324691797763528,-0.4081960596769219
2026-06-15 14:30:00+03:00,0.2145446810905551,-0.18148175970479952
2026-06-15 14:35:00+03:00,0.22636319517283943,-0.1479892841830672
2026-06-15 14:40:00+03:00,0.22380985368244896,-0.2317682643137034
2026-06-15 14:45:00+03:00,0.21970725682452372,-0.25223237487375944
2026-06-15 14:50:00+03:00,0.2063196927110097,-0.349882272909277
2026-06-15 14:55:00+03:00,0.19836748429835782,-0.3404369246437292
2026-06-15 15:00:00+03:00,0.20029931141394805,-0.2736202778084649
2026-06-15 15:05:00+03:00,0.3091354589135235,0.4305690695861401
2026-06-15 15:10:00+03:00,0.37095725095527055,0.36871354515437127
2026-06-15 15:15:00+03:00,0.4054218502441734,0.3298109475416471
2026-06-15 15:20:00+03:00,0.3553360267360834,-0.13486533655228325
2026-06-15 15:25:00+03:00,0.35029830527703165,0.06133262666933801
2026-06-15 15:30:00+03:00,0.3584275098852579,0.13336081147036677
2026-06-15 15:35:00+03:00,0.31389795320289304,-0.21471170328516778
2026-06-15 15:40:00+03:00,0.26466834945169243,-0.39464322122975287
2026-06-15 15:45:00+03:00,0.260799153747059,-0.14018995985916458
2026-06-15 15:50:00+03:00,0.2476580013255337,-0.22429736902129477
2026-06-15 15:55:00+03:00,0.2436018703220442,-0.1858696644053869
2026-06-15 16:00:00+03:00,0.23525462438990608,-0.2321699651893447
2026-06-15 16:05:00+03:00,0.2218045878444944,-0.30143418234997377
2026-06-15 16:10:00+03:00,0.223207895765032,-0.2114814343509953
2026-06-15 16:15:00+03:00,0.22320703427711192,-0.21921995051942744
2026-06-15 16:20:00+03:00,0.25113052030130756,-0.011583834130848467
2026-06-15 16:25:00+03:00,0.25760084842540343,-0.09678302550300838
2026-06-15 16:30:00+03:00,0.375902156189503,0.5987324905243397
2026-06-15 16:35:00+03:00,0.4528460468641552,0.5870985854211229
2026-06-15 16:40:00+03:00,0.5680027818246568,1.0391241018582023
2026-06-15 16:45:00+03:00,0.5994890300106661,0.7025657961654329
2026-06-15 16:50:00+03:00,0.6568345753382824,0.9629112059349164
2026-06-15 16:55:00+03:00,0.6377024063699958,0.5724760065653429
2026-06-15 17:00:00+03:00,0.5141594968982021,-0.10524766489818396
2026-06-15 17:05:00+03:00,0.4832091733532414,0.22679881785298037
2026-06-15 17:10:00+03:00,0.49370274992780117,0.40727339918520716
2026-06-15 17:15:00+03:00,0.4816501156506865,0.29740609245297317
2026-06-15 17:20:00+03:00,0.5758041781139064,0.9429595714320923
2026-06-15 17:25:00+03:00,0.6571695861307801,1.1062269264011555
2026-06-15 17:30:00+03:00,0.5471910946754758,0.033305173933229064
2026-06-15 17:35:00+03:00,0.4901923584402365,0.13644815465938687
2026-06-15 17:40:00+03:00,0.45097158928941516,0.12894123762690976
2026-06-15 17:45:00+03:00,0.4487586108572976,0.27180357181718384
2026-06-15 17:50:00+03:00,0.4374282574316354,0.21389973432169393
2026-06-15 17:55:00+03:00,0.41791526419922853,0.141948708710361
2026-06-16 09:55:00+03:00,0.5093060896571303,0.767627737676074
2026-06-16 10:00:00+03:00,0.5796815976329884,0.8332153791420459
2026-06-16 10:05:00+03:00,0.5144438995462703,0.15227677086356545
2026-06-16 10:10:00+03:00,0.44003926672668764,-0.04762768945405985
2026-06-16 10:15:00+03:00,0.3634056707192319,-0.2561643848186767
2026-06-16 10:20:00+03:00,0.30620035701201187,-0.31101562778188624
2026-06-16 10:25:00+03:00,0.2590454070306216,-0.3997629369680547
2026-06-16 10:30:00+03:00,0.2915804862980247,0.09605252991848141
2026-06-16 10:35:00+03:00,0.3306759703900208,0.20221266107659772
2026-06-16 10:40:00+03:00,0.351094421346453,0.16836601461840559
2026-06-16 10:45:00+03:00,0.3724058916840581,0.21441609814339935
2026-06-16 10:50:00+03:00,0.36939581531646226,0.11005592017493894
2026-06-16 10:55:00+03:00,0.39685145003092304,0.2862179173367576
2026-06-16 11:00:00+03:00,0.3625915757654088,-0.041041472052873035
2026-06-16 11:05:00+03:00,0.2800425355967674,-0.6002018399157205
2026-06-16 11:10:00+03:00,0.22360737961972751,-0.6203673551807063
2026-06-16 11:15:00+03:00,0.18992703168200756,-0.5652505081383018
2026-06-16 11:20:00+03:00,0.15361152730999464,-0.7862975776484297
2026-06-16 11:25:00+03:00,0.14039892614756871,-0.6047965926071507
2026-06-16 11:30:00+03:00,0.13020299254921733,-0.6248950392499479
2026-06-16 11:35:00+03:00,0.11777934703482262,-0.7139744904071034
2026-06-16 11:40:00+03:00,0.11868551525789468,-0.5745458249252442
2026-06-16 11:45:00+03:00,0.12568780777470998,-0.493046512991413
2026-06-16 11:50:00+03:00,0.11823374599708676,-0.657583438925493
2026-06-16 11:55:00+03:00,0.11774927258798268,-0.5916036427225007
2026-06-16 12:00:00+03:00,0.12312902667427768,-0.5166306968268537
2026-06-16 12:05:00+03:00,0.13098917042556468,-0.46560391832802056
2026-06-16 12:10:00+03:00,0.11203544311285474,-0.8322792928292252
2026-06-16 12:15:00+03:00,0.09299426347143454,-0.9860912682731208
2026-06-16 12:20:00+03:00,0.0959665918130352,-0.6649520824515215
2026-06-16 12:25:00+03:00,0.10273253457540144,-0.5940079263860695
2026-06-16 12:30:00+03:00,0.11494739389293382,-0.49430631094666455
2026-06-16 12:35:00+03:00,0.1258946850784605,-0.4614782624805235
2026-06-16 12:40:00+03:00,0.14109851585299174,-0.3765345654979131
2026-06-16 12:45:00+03:00,0.18330164216156766,-0.10369442422947982
2026-06-16 12:50:00+03:00,0.21228922763354016,-0.09745688796734789
2026-06-16 12:55:00+03:00,0.24650900298449593,0.006264694426536082
2026-06-16 13:00:00+03:00,0.2702331005268495,0.01232709346753496
2026-06-16 13:05:00+03:00,0.28720984939088146,0.020011584549882822
2026-06-16 13:10:00+03:00,0.28938819549269706,-0.04179728464774828
2026-06-16 13:15:00+03:00,0.27741767830908964,-0.1391349814812345
2026-06-16 13:20:00+03:00,0.27162126653095964,-0.12266283204894474
2026-06-16 13:25:00+03:00,0.2514625148238684,-0.25326016416528546
2026-06-16 13:30:00+03:00,0.2450963239005162,-0.19423757692941337
2026-06-16 13:35:00+03:00,0.23938772449631343,-0.20613334666623262
2026-06-16 13:40:00+03:00,0.23346175868478558,-0.22364595720587976
2026-06-16 13:45:00+03:00,0.2569408481408329,-0.01854564775627304
2026-06-16 13:50:00+03:00,0.2830254280510712,0.050546802559106346
2026-06-16 13:55:00+03:00,0.27757264083605226,-0.10624471801316722
2026-06-16 14:00:00+03:00,0.2648173543649696,-0.1757540185076318
2026-06-16 14:05:00+03:00,0.26403265432538464,-0.1166102867381931
2026-06-16 14:10:00+03:00,0.365495459785928,0.5112054102147837
2026-06-16 14:15:00+03:00,0.38151422943467006,0.2114957674044866
2026-06-16 14:20:00+03:00,0.404346952015407,0.2828262862725741
2026-06-16 14:25:00+03:00,0.3928947065588962,0.12372115731971879
2026-06-16 14:30:00+03:00,0.3678028011971081,0.012189186135587579
2026-06-16 14:35:00+03:00,0.340888172832303,-0.05736363595659659
2026-06-16 14:40:00+03:00,0.36459427034136943,0.20843722435753
2026-06-16 14:45:00+03:00,0.4121112797888836,0.3927879660066354
2026-06-16 14:50:00+03:00,0.5173155079014059,0.8507249516939693
2026-06-16 14:55:00+03:00,0.5552262816445163,0.6365666745340354
2026-06-16 15:00:00+03:00,0.6209228210314826,0.9120840791264865
2026-06-16 15:05:00+03:00,0.6730731559536007,0.9789740199913052
2026-06-16 15:10:00+03:00,0.6159633176139292,0.38242115335600085
2026-06-16 15:15:00+03:00,0.5804964368348599,0.3974282659851409
2026-06-16 15:20:00+03:00,0.5505471230638326,0.36112723388823387
2026-06-16 15:25:00+03:00,0.604569923787422,0.814750832787838
2026-06-16 15:30:00+03:00,0.6346307079654503,0.773640902204331
2026-06-16 15:35:00+03:00,0.6379806390290872,0.6648831789770265
2026-06-16 15:40:00+03:00,0.48688527195408193,-0.33329396197590083
2026-06-16 15:45:00+03:00,0.37592200713308843,-0.43823653626113107
2026-06-16 15:50:00+03:00,0.3361501433923516,-0.13123195193961262
2026-06-16 15:55:00+03:00,0.37270959626375494,0.2747091923596728
2026-06-16 16:00:00+03:00,0.366137595138202,0.08838838831326525
2026-06-16 16:05:00+03:00,0.35100394294855064,0.019072268123490076
2026-06-16 16:10:00+03:00,0.33389254361170856,-0.02817518350535017
2026-06-16 16:15:00+03:00,0.33547608075195334,0.05795255482355196
2026-06-16 16:20:00+03:00,0.32802841737347105,0.00222150951033567
2026-06-16 16:25:00+03:00,0.3191536129600507,-0.024217218237185666
2026-06-16 16:30:00+03:00,0.2876956579895313,-0.21487437947033866
2026-06-16 16:35:00+03:00,0.2646623885126985,-0.23206964162246102
2026-06-16 16:40:00+03:00,0.22997249731276098,-0.4143558216428705
2026-06-16 16:45:00+03:00,0.21090283083837796,-0.37230165703818174
2026-06-16 16:50:00+03:00,0.2017208978744874,-0.33756724649549014
2026-06-16 16:55:00+03:00,0.19718524306637894,-0.3224767689444348
2026-06-16 17:00:00+03:00,0.22191430449044983,-0.09476499821827893
2026-06-16 17:05:00+03:00,0.3051809993655168,0.3247363696380872
2026-06-16 17:10:00+03:00,0.34065621008963465,0.2076452962191231
2026-06-16 17:15:00+03:00,0.3922574349848367,0.37036224260309947
2026-06-16 17:20:00+03:00,0.4254551294150904,0.3634346481924844
2026-06-16 17:25:00+03:00,0.41989549287832023,0.2020325815171937
2026-06-16 17:30:00+03:00,0.4123869531038855,0.1792876892074746
2026-06-16 17:35:00+03:00,0.3719982964288442,-0.047648649528897816
2026-06-16 17:40:00+03:00,0.3553510554395515,0.021975724510725235
2026-06-16 17:45:00+03:00,0.3558714088584428,0.09659914571674207
2026-06-16 17:50:00+03:00,0.3539491203495764,0.08230825065621265
2026-06-16 17:55:00+03:00,0.33997498540240656,-0.00024873028228331387
2026-06-17 09:55:00+03:00,0.3760198233247697,0.27913628199199997
2026-06-17 10:00:00+03:00,0.3429222770389835,-0.08185180418093704
2026-06-17 10:05:00+03:00,0.3196364282961082,-0.09066692000973682
2026-06-17 10:10:00+03:00,0.2811016309655825,-0.2740069643796551
2026-06-17 10:15:00+03:00,0.26114096820782073,-0.22473182489537946
2026-06-17 10:20:00+03:00,0.25116561878662835,-0.19733339073916512
2026-06-17 10:25:00+03:00,0.23874403952568954,-0.2453599390408143
2026-06-17 10:30:00+03:00,0.23280374606227608,-0.22555784402270498
2026-06-17 10:35:00+03:00,0.2267797725696138,-0.2429924437487961
2026-06-17 10:40:00+03:00,0.2354508978215702,-0.14086942995992197
2026-06-17 10:45:00+03:00,0.23813153359137162,-0.16478721637168128
2026-06-17 10:50:00+03:00,0.24872174732242855,-0.09833839475095904
2026-06-17 10:55:00+03:00,0.2452145078157165,-0.17867545120012496
2026-06-17 11:00:00+03:00,0.2401823322960539,-0.200298929116598
2026-06-17 11:05:00+03:00,0.22256990329636225,-0.3248958484173598
2026-06-17 11:10:00+03:00,0.191852707826726,-0.5311476929888163
2026-06-17 11:15:00+03:00,0.1699110746347874,-0.5499928639569983
2026-06-17 11:20:00+03:00,0.16499486315257458,-0.43395248211957255
2026-06-17 11:25:00+03:00,0.16549116011404943,-0.39369318482176796
2026-06-17 11:30:00+03:00,0.15894318743059718,-0.46891630015539093
2026-06-17 11:35:00+03:00,0.15932921638633354,-0.41610699973389975
2026-06-17 11:40:00+03:00,0.22189959269213383,0.07583415062493368
2026-06-17 11:45:00+03:00,0.33400101992514747,0.4912781498014978
2026-06-17 11:50:00+03:00,0.38091868546868984,0.3305862592653624
2026-06-17 11:55:00+03:00,0.33642056840817214,-0.15460301189084152
2026-06-17 12:00:00+03:00,0.28709353931240683,-0.3214548187482298
2026-06-17 12:05:00+03:00,0.27018325501201973,-0.18354606251126632
2026-06-17 12:10:00+03:00,0.2519887776478301,-0.24052647641753325
2026-06-17 12:15:00+03:00,0.24664185228844043,-0.1846489598247904
2026-06-17 12:20:00+03:00,0.24305597922568986,-0.184818677470054
2026-06-17 12:25:00+03:00,0.24678296370717093,-0.1372092865681968
2026-06-17 12:30:00+03:00,0.2607402893230806,-0.053628416715354156
2026-06-17 12:35:00+03:00,0.26427716087857295,-0.09481722208076074
2026-06-17 12:40:00+03:00,0.23147592497228292,-0.395806264712187
2026-06-17 12:45:00+03:00,0.21974558272993258,-0.29722508603444014
2026-06-17 12:50:00+03:00,0.2459709979255641,-0.03103131606246515
2026-06-17 12:55:00+03:00,0.24798974890761052,-0.14281667349034105
2026-06-17 13:00:00+03:00,0.24117062646864726,-0.20732848579976065
2026-06-17 13:05:00+03:00,0.22755183300364576,-0.28506511107049043
2026-06-17 13:10:00+03:00,0.2255893312081343,-0.22349439321653544
2026-06-17 13:15:00+03:00,0.1960934251335321,-0.5034703412212439
2026-06-17 13:20:00+03:00,0.1758529228377587,-0.5105222248518757
2026-06-17 13:25:00+03:00,0.16175872118017742,-0.5179485366881658
2026-06-17 13:30:00+03:00,0.16165488543325612,-0.4113212266729602
2026-06-17 13:35:00+03:00,0.14646741294038543,-0.5948113362821917
2026-06-17 13:40:00+03:00,0.12755958731370928,-0.732405136929634
2026-06-17 13:45:00+03:00,0.11347962111104846,-0.7589854360900204
2026-06-17 13:50:00+03:00,0.105075258409122,-0.7411468451828654
2026-06-17 13:55:00+03:00,0.10275655599786099,-0.6851657370918905
2026-06-17 14:00:00+03:00,0.13664661482690518,-0.2728418285456088
2026-06-17 14:05:00+03:00,0.135361713983108,-0.5211833978958088
2026-06-17 14:10:00+03:00,0.16811744770460202,-0.19084167506123872
2026-06-17 14:15:00+03:00,0.22205323081109973,0.0391564332028926
2026-06-17 14:20:00+03:00,0.23263722297450615,-0.13830231384766775
2026-06-17 14:25:00+03:00,0.25411351943051924,-0.03414196128392001
2026-06-17 14:30:00+03:00,0.43226333178585125,1.010569555806216
2026-06-17 14:35:00+03:00,0.4330827445119583,0.25308528377538064
2026-06-17 14:40:00+03:00,0.41932418318569153,0.16811585200444365
2026-06-17 14:45:00+03:00,0.4135696066735616,0.18866637718101945
2026-06-17 14:50:00+03:00,0.45163646923475487,0.43242153126096217
2026-06-17 14:55:00+03:00,0.4634868149264837,0.3544822332856758
2026-06-17 15:00:00+03:00,0.44551372409008716,0.2036029674587375
2026-06-17 15:05:00+03:00,0.44330964421908375,0.26123686653479655
2026-06-17 15:10:00+03:00,0.4669599208447301,0.4064486247959557
2026-06-17 15:15:00+03:00,0.45939857911832166,0.27169328294494693
2026-06-17 15:20:00+03:00,0.5223032657185045,0.6720871410394742
2026-06-17 15:25:00+03:00,0.545649808057705,0.5583400240112093
2026-06-17 15:30:00+03:00,0.6086303066967613,0.867486633473579
2026-06-17 15:35:00+03:00,0.6505484554509228,0.8669784995667884
2026-06-17 15:40:00+03:00,0.6733334978542455,0.8295793113847727
2026-06-17 15:45:00+03:00,0.6645454056944641,0.6696836147577441
2026-06-17 15:50:00+03:00,0.6665905836232937,0.7203088072231194
2026-06-17 15:55:00+03:00,0.6680123903962868,0.7206891223444135
2026-06-17 16:00:00+03:00,0.6668171657189199,0.7067882371556715
2026-06-17 16:05:00+03:00,0.6582238122327756,0.6572698725642336
2026-06-17 16:10:00+03:00,0.6349573025860519,0.5505660583647738
2026-06-17 16:15:00+03:00,0.6087689573584205,0.4877553714979745
2026-06-17 16:20:00+03:00,0.5868493537747629,0.4618169024165494
2026-06-17 16:25:00+03:00,0.5659816123457785,0.42564040199957526
2026-06-17 16:30:00+03:00,0.5899299162531433,0.6505891439631665
2026-06-17 16:35:00+03:00,0.624857201720209,0.7735492768992063
2026-06-17 16:40:00+03:00,0.5919443079450045,0.4292427006192107
2026-06-17 16:45:00+03:00,0.5700023787615349,0.4292427006192107
2026-06-17 16:50:00+03:00,0.5667864070142277,0.49546401843632026
2026-06-17 16:55:00+03:00,0.57621876266525,0.5637907481157732
2026-06-17 17:00:00+03:00,0.5794302616879279,0.5454776499811321
2026-06-17 17:05:00+03:00,0.5949540485947185,0.6261976601767351
2026-06-17 17:10:00+03:00,0.6147921121587041,0.6855131430783301
2026-06-17 17:15:00+03:00,0.6094647268182061,0.5712213344427366
2026-06-17 17:20:00+03:00,0.590750421852733,0.4817912947187206
2026-06-17 17:25:00+03:00,0.5761032155558587,0.4691659266779805
2026-06-17 17:30:00+03:00,0.5362966430338549,0.29574089483367266
2026-06-17 17:35:00+03:00,0.5139477686039847,0.3199906444182968
2026-06-17 17:40:00+03:00,0.5197578449240495,0.43936931751440855
2026-06-17 17:45:00+03:00,0.6403789292902029,1.342361936958234
2026-06-17 17:50:00+03:00,0.6915322881151776,1.0258921339586993
2026-06-17 17:55:00+03:00,0.7118452572958666,0.9124839985513858
2026-06-18 09:55:00+03:00,0.6796914223623658,0.604559973380968
2026-06-18 10:00:00+03:00,0.5379132845308233,-0.1369054993535429
2026-06-18 10:05:00+03:00,0.43359310207469504,-0.2143982363320685
2026-06-18 10:10:00+03:00,0.3563655244158584,-0.28029900738645713
2026-06-18 10:15:00+03:00,0.30243980301958395,-0.3024013838435626
2026-06-18 10:20:00+03:00,0.27420544414731013,-0.234486067572279
2026-06-18 10:25:00+03:00,0.2697203268233579,-0.12086512170249068
2026-06-18 10:30:00+03:00,0.2740911239972435,-0.06731480912006207
2026-06-18 10:35:00+03:00,0.2455344284216945,-0.3215126809226051
2026-06-18 10:40:00+03:00,0.2149044893717344,-0.4395297958424578
2026-06-18 10:45:00+03:00,0.19545679724403364,-0.4288512172755623
2026-06-18 10:50:00+03:00,0.17913255781636908,-0.4664681982630276
2026-06-18 10:55:00+03:00,0.16641068054728095,-0.487977866892953
2026-06-18 11:00:00+03:00,0.14038895139315796,-0.7406763145640157
2026-06-18 11:05:00+03:00,0.14589564516922637,-0.4275894081636521
2026-06-18 11:10:00+03:00,0.17259342288977375,-0.21155146278363607
2026-06-18 11:15:00+03:00,0.1662735149728642,-0.4395700556617019
2026-06-18 11:20:00+03:00,0.16156490099394819,-0.44507469054616344
2026-06-18 11:25:00+03:00,0.14257430239713922,-0.6510555129114651
2026-06-18 11:30:00+03:00,0.1350465374809377,-0.5768444470640768
2026-06-18 11:35:00+03:00,0.15824252225882773,-0.27222919830730374
2026-06-18 11:40:00+03:00,0.1815488402226994,-0.20561299173936284
2026-06-18 11:45:00+03:00,0.23423929598071885,0.06004403844070602
2026-06-18 11:50:00+03:00,0.28190836294506527,0.1385968397189326
2026-06-18 11:55:00+03:00,0.3281638650955064,0.2255516768959632
2026-06-18 12:00:00+03:00,0.33932709330522104,0.10648083716396511
2026-06-18 12:05:00+03:00,0.335491470760535,0.034581846985830805
2026-06-18 12:10:00+03:00,0.3432367446538674,0.10038896102066004
2026-06-18 12:15:00+03:00,0.344163863970206,0.07366840287678422
2026-06-18 12:20:00+03:00,0.33985240019097884,0.041984888149217456
2026-06-18 12:25:00+03:00,0.3448056253086848,0.09199426878442059
2026-06-18 12:30:00+03:00,0.4163846912599538,0.4938837464999475
2026-06-18 12:35:00+03:00,0.4457404484079302,0.3876186909330501
2026-06-18 12:40:00+03:00,0.5163842193199688,0.6923244345060974
2026-06-18 12:45:00+03:00,0.5300822311312217,0.4898667830735469
2026-06-18 12:50:00+03:00,0.5762706529535054,0.7158987934422288
2026-06-18 12:55:00+03:00,0.6097830745008818,0.7336816098476071
2026-06-18 13:00:00+03:00,0.6459221288204908,0.827910789528228
2026-06-18 13:05:00+03:00,0.6773854589024784,0.8816624481995775
2026-06-18 13:10:00+03:00,0.7017890892689264,0.9076670621658494
2026-06-18 13:15:00+03:00,0.6378428635886269,0.3981726246548043
2026-06-18 13:20:00+03:00,0.580596587365539,0.31392807823081553
2026-06-18 13:25:00+03:00,0.5607620878313319,0.41957716767670983
2026-06-18 13:30:00+03:00,0.6138681917067941,0.8323767319764518
2026-06-18 13:35:00+03:00,0.6513935158002728,0.8476307480462523
2026-06-18 13:40:00+03:00,0.6855897981407424,0.9163844011606644
2026-06-18 13:45:00+03:00,0.6782430139889682,0.7049018167501355
2026-06-18 13:50:00+03:00,0.6854057209918114,0.7849564980804039
2026-06-18 13:55:00+03:00,0.7070629708010191,0.9071062873905155
2026-06-18 14:00:00+03:00,0.6745555531149259,0.5927493969951574
2026-06-18 14:05:00+03:00,0.6445081859834777,0.5426321328100493
2026-06-18 14:10:00+03:00,0.6743102801334457,0.865822497646082
2026-06-18 14:15:00+03:00,0.6985866343938593,0.8988480945569534
2026-06-18 14:20:00+03:00,0.694398832612498,0.7540480825032848
2026-06-18 14:25:00+03:00,0.6896418241804504,0.740982781155424
2026-06-18 14:30:00+03:00,0.6809372486200815,0.7048559414094987
2026-06-18 14:35:00+03:00,0.6641897247166413,0.6358391242524183
2026-06-18 14:40:00+03:00,0.6254652192373773,0.47150398690058964
2026-06-18 14:45:00+03:00,0.5792877818631738,0.35399332471833334
2026-06-18 14:50:00+03:00,0.582033485675245,0.5487849707578254
2026-06-18 14:55:00+03:00,0.5567844527397756,0.3911393986872812
2026-06-18 15:00:00+03:00,0.4968631576127127,0.1381354132181527
2026-06-18 15:05:00+03:00,0.4759517256093842,0.25192795780631133
2026-06-18 15:10:00+03:00,0.47955098359742376,0.35364111791441194
2026-06-18 15:15:00+03:00,0.5244734703987187,0.6024017487833889
2026-06-18 15:20:00+03:00,0.5398899514386203,0.5157099145752357
2026-06-18 15:25:00+03:00,0.5467631640474349,0.49576612109686097
2026-06-18 15:30:00+03:00,0.556221426029778,0.5243666982707728
2026-06-18 15:35:00+03:00,0.4860141461211746,0.07278085599228389
2026-06-18 15:40:00+03:00,0.4757373093501742,0.29284009443343884
2026-06-18 15:45:00+03:00,0.4536144801151636,0.2032086922567168
2026-06-18 15:50:00+03:00,0.4030773136627965,-0.022853233761249064
2026-06-18 15:55:00+03:00,0.35989115698832386,-0.08956994470304226
2026-06-18 16:00:00+03:00,0.27032677197902294,-0.723927272907443
2026-06-18 16:05:00+03:00,0.21063977587404656,-0.7235350505108694
2026-06-18 16:10:00+03:00,0.16657155079006414,-0.8029465002752186
2026-06-18 16:15:00+03:00,0.13570664835621543,-0.8333368112462718
2026-06-18 16:20:00+03:00,0.11298043253398866,-0.8804246171529331
2026-06-18 16:25:00+03:00,0.09444255878133091,-0.9638609979627595
2026-06-18 16:30:00+03:00,0.09190133435482924,-0.7498416330089307
2026-06-18 16:35:00+03:00,0.0984129047964152,-0.6169713881515444
2026-06-18 16:40:00+03:00,0.11195750739478398,-0.4956290894733489
2026-06-18 16:45:00+03:00,0.1209483482663807,-0.4960968657824402
2026-06-18 16:50:00+03:00,0.12770752753514214,-0.486952705648866
2026-06-18 16:55:00+03:00,0.14020924653234815,-0.3981011164271353
2026-06-18 17:00:00+03:00,0.13291735668496846,-0.5844202114016354
2026-06-18 17:05:00+03:00,0.12744799164787668,-0.5928657354105991
2026-06-18 17:10:00+03:00,0.13209516227039,-0.48630579259816226
2026-06-18 17:15:00+03:00,0.13931141465572072,-0.43916351042383495
2026-06-18 17:20:00+03:00,0.1309349565289666,-0.6038077063581445
2026-06-18 17:25:00+03:00,0.11783985144099858,-0.7213187691357745
2026-06-18 17:30:00+03:00,0.12906681606255205,-0.44741023036287775
2026-06-18 17:35:00+03:00,0.1386657568935254,-0.42413598860149193
2026-06-18 17:40:00+03:00,0.1361989471886078,-0.527574433418794
2026-06-18 17:45:00+03:00,0.1377839658919508,-0.48802906604790813
2026-06-18 17:50:00+03:00,0.15485015927608947,-0.3197530567381632
2026-06-18 17:55:00+03:00,0.15375218390585377,-0.4472778131741875
2026-06-19 09:55:00+03:00,0.17683044577209484,-0.21982431262316274
2026-06-19 10:00:00+03:00,0.23283346988899684,0.07116768186063388
2026-06-19 10:05:00+03:00,0.18849569749696826,-0.6760142316336823
2026-06-19 10:10:00+03:00,0.15842137885201937,-0.6843336322984497
2026-06-19 10:15:00+03:00,0.1789011474488113,-0.22852449758516732
2026-06-19 10:20:00+03:00,0.20700560374198773,-0.11475008812769566
2026-06-19 10:25:00+03:00,0.21158084942213592,-0.22609268344722586
2026-06-19 10:30:00+03:00,0.20115199235523934,-0.3474445683483194
2026-06-19 10:35:00+03:00,0.19540715850390494,-0.33577367090488475
2026-06-19 10:40:00+03:00,0.1586907155307052,-0.759365842306791
2026-06-19 10:45:00+03:00,0.23746165760629057,0.1745420608722163
2026-06-19 10:50:00+03:00,0.2888040526009528,0.1674750947952338
2026-06-19 10:55:00+03:00,0.3166559726824637,0.12859180567035253
2026-06-19 11:00:00+03:00,0.3652581981119641,0.30690431147495706
2026-06-19 11:05:00+03:00,0.331224078583745,-0.11489525459305884
2026-06-19 11:10:00+03:00,0.28837228716325064,-0.2780444432930985
2026-06-19 11:15:00+03:00,0.28314228870093605,-0.09159164069947769
2026-06-19 11:20:00+03:00,0.3006109759981269,0.0513082267225632
2026-06-19 11:25:00+03:00,0.3016973025102498,-0.018611579949572524
2026-06-19 11:30:00+03:00,0.313221385353559,0.05285927945290987
2026-06-19 11:35:00+03:00,0.3424936066172995,0.18662522514335741
2026-06-19 11:40:00+03:00,0.39452017670634343,0.37633721509501045
2026-06-19 11:45:00+03:00,0.41727077311459193,0.3075012338372524
2026-06-19 11:50:00+03:00,0.43465648907658383,0.3203333292337967
2026-06-19 11:55:00+03:00,0.43869702682222755,0.2765527579940562
2026-06-19 12:00:00+03:00,0.47437663968117527,0.4670891499449546
2026-06-19 12:05:00+03:00,0.4520119435049059,0.19906581949756036
2026-06-19 12:10:00+03:00,0.49304215102898924,0.5242972276988138
2026-06-19 12:15:00+03:00,0.4465287664355272,0.08945599577196776
2026-06-19 12:20:00+03:00,0.5009028210816022,0.592971571687548
2026-06-19 12:25:00+03:00,0.5368282526163387,0.5910132911766622
2026-06-19 12:30:00+03:00,0.5970308429967961,0.8261007371373374
2026-06-19 12:35:00+03:00,0.640825812154954,0.8524012890216989
2026-06-19 12:40:00+03:00,0.6841658972006048,0.9610635098527219
2026-06-19 12:45:00+03:00,0.6753369148521371,0.6923397538115809
2026-06-19 12:50:00+03:00,0.6146126618845323,0.3659561136650288
2026-06-19 12:55:00+03:00,0.5560969005700459,0.26155613606644035
2026-06-19 13:00:00+03:00,0.586893090836561,0.6728716257170525
2026-06-19 13:05:00+03:00,0.6262845910853527,0.7972044497545947
2026-06-19 13:10:00+03:00,0.617905618612932,0.5758943124819927
2026-06-19 13:15:00+03:00,0.5542453139587702,0.2378306037884895
2026-06-19 13:20:00+03:00,0.5218166008762228,0.29627389908998164
2026-06-19 13:25:00+03:00,0.4697914018777408,0.11495451929328426
2026-06-19 13:30:00+03:00,0.45574496473361176,0.23925662987987587
2026-06-19 13:35:00+03:00,0.4908806950051018,0.4970177452500917
2026-06-19 13:40:00+03:00,0.5100615255372515,0.47229231866878496
2026-06-19 13:45:00+03:00,0.4763359769766894,0.20224827361517944
2026-06-19 13:50:00+03:00,0.4777181760145657,0.3416016731141715
2026-06-19 13:55:00+03:00,0.5002909217019695,0.46650967794790626
2026-06-19 14:00:00+03:00,0.5121376671930358,0.4479538593681105
2026-06-19 14:05:00+03:00,0.5018907566976897,0.3433589059766664
2026-06-19 14:10:00+03:00,0.4740072430595269,0.2207550513730866
2026-06-19 14:15:00+03:00,0.42998388276248645,0.06499209644194451
2026-06-19 14:20:00+03:00,0.3879389268538939,-0.01865907375257547
2026-06-19 14:25:00+03:00,0.361020545939386,-0.01111871262921646
2026-06-19 14:30:00+03:00,0.34665204246534664,0.012844328894489561
2026-06-19 14:35:00+03:00,0.33889436980348175,0.02487845773123376
2026-06-19 14:40:00+03:00,0.3828403745926655,0.32284561839640735
2026-06-19 14:45:00+03:00,0.362376482209397,0.020639361235809197
2026-06-19 14:50:00+03:00,0.3495683015096403,0.026134061093930662
2026-06-19 14:55:00+03:00,0.33266542903526236,-0.030028407852170477
2026-06-19 15:00:00+03:00,0.3242010183129496,-0.010919423559038145
2026-06-19 15:05:00+03:00,0.34054405325310516,0.13037752970684774
2026-06-19 15:10:00+03:00,0.29237940025585846,-0.2979394713913927
2026-06-19 15:15:00+03:00,0.23930580511441107,-0.5196574789758165
2026-06-19 15:20:00+03:00,0.20149922263456269,-0.5506105810460881
2026-06-19 15:25:00+03:00,0.17911558317549853,-0.514731311110742
2026-06-19 15:30:00+03:00,0.15992038845290774,-0.5698905395141751
2026-06-19 15:35:00+03:00,0.16317971058061154,-0.3826641525329363
2026-06-19 15:40:00+03:00,0.1472225699101118,-0.5984884099416854
2026-06-19 15:45:00+03:00,0.15682850707756818,-0.3613829470392483
2026-06-19 15:50:00+03:00,0.11553397268971238,-1.2422185841039532
2026-06-19 15:55:00+03:00,0.11237214036484382,-0.6436455171112853
2026-06-19 16:00:00+03:00,0.08450894228332435,-1.3090783871957794
2026-06-19 16:05:00+03:00,0.07322388155914897,-1.026972225708239
2026-06-19 16:10:00+03:00,0.07453417209822528,-0.8115085501709254
2026-06-19 16:15:00+03:00,0.07789307116650966,-0.7633594332340445
2026-06-19 16:20:00+03:00,0.09172253324437467,-0.5796199922596521
2026-06-19 16:25:00+03:00,0.1189654638495239,-0.369996318580423
2026-06-19 16:30:00+03:00,0.1173655782770892,-0.6038847092237758
2026-06-19 16:35:00+03:00,0.12432267657869209,-0.49888252096615077
2026-06-19 16:40:00+03:00,0.30190447391400077,0.6910385550970338
2026-06-19 16:45:00+03:00,0.3153302977706632,0.06551390736984641
2026-06-19 16:50:00+03:00,0.3510071174681466,0.22886865631414938
2026-06-19 16:55:00+03:00,0.3913829409504213,0.32554529032857804
2026-06-19 17:00:00+03:00,0.316257767252681,-0.3953418914245969
2026-06-19 17:05:00+03:00,0.26233546782472456,-0.4364146677134024
2026-06-19 17:10:00+03:00,0.2378998021688245,-0.3196093177173281
2026-06-19 17:15:00+03:00,0.22809075068512707,-0.2609934490341988
2026-06-19 17:20:00+03:00,0.23374039716958558,-0.1607670267575578
2026-06-19 17:25:00+03:00,0.21233169979297883,-0.38329109681095247
2026-06-19 17:30:00+03:00,0.20897382438868647,-0.2792644833870936
2026-06-19 17:35:00+03:00,0.19090296932234685,-0.43542228504120334
2026-06-19 17:40:00+03:00,0.2031961633044701,-0.206645891737155
2026-06-19 17:45:00+03:00,0.21372639958222162,-0.18774425315947943
2026-06-19 17:50:00+03:00,0.21033500270334646,-0.27542566565668125
2026-06-19 17:55:00+03:00,0.2172423977076305,-0.19775920765851834
2026-06-22 09:55:00+03:00,0.3383987504951499,0.5353287540242034
2026-06-22 10:00:00+03:00,0.3551803150869829,0.1619392317720511
2026-06-22 10:05:00+03:00,0.2896608971395091,-0.42140436557841443
2026-06-22 10:10:00+03:00,0.2393250466356713,-0.4972074020645507
2026-06-22 10:15:00+03:00,0.2127067415147312,-0.41836238081557303
2026-06-22 10:20:00+03:00,0.1926329380033334,-0.4438200593249227
2026-06-22 10:25:00+03:00,0.16735317023283292,-0.5915417410129006
2026-06-22 10:30:00+03:00,0.160576228105597,-0.46440588874081634
2026-06-22 10:35:00+03:00,0.16081198573940397,-0.4119016162028095
2026-06-22 10:40:00+03:00,0.14213687904073707,-0.6500647764440827
2026-06-22 10:45:00+03:00,0.18856855052258173,-0.07063304262786389
2026-06-22 10:50:00+03:00,0.19564879787846565,-0.25711642329277157
2026-06-22 10:55:00+03:00,0.23545262468435058,0.006513101574598025
2026-06-22 11:00:00+03:00,0.2674138233219198,0.0422160615413421
2026-06-22 11:05:00+03:00,0.26341984940760327,-0.13419026646043736
2026-06-22 11:10:00+03:00,0.27374613496996925,-0.040286289681793125
2026-06-22 11:15:00+03:00,0.25477785372959105,-0.2370119614101068
2026-06-22 11:20:00+03:00,0.25316833241925596,-0.1481196163065124
2026-06-22 11:25:00+03:00,0.26149239832211746,-0.07846935179576695
2026-06-22 11:30:00+03:00,0.2473367205437283,-0.23086412327861508
2026-06-22 11:35:00+03:00,0.23417441988837054,-0.2628062587728618
2026-06-22 11:40:00+03:00,0.20529918150355314,-0.4623952226438297
2026-06-22 11:45:00+03:00,0.19768606435279903,-0.3404473367735633
2026-06-22 11:50:00+03:00,0.21423131954830216,-0.15486714920508102
2026-06-22 11:55:00+03:00,0.18726822761812353,-0.5188955305780395
2026-06-22 12:00:00+03:00,0.20125486444754564,-0.2027118795553387
2026-06-22 12:05:00+03:00,0.1823170773129428,-0.47435173497261474
2026-06-22 12:10:00+03:00,0.1706582850862325,-0.46318907526158315
2026-06-22 12:15:00+03:00,0.16453127024577785,-0.44459298835258293
2026-06-22 12:20:00+03:00,0.17276057739975878,-0.3190126712627876
2026-06-22 12:25:00+03:00,0.1877380289733036,-0.23460943029879114
2026-06-22 12:30:00+03:00,0.18731696741750176,-0.32764291264546813
2026-06-22 12:35:00+03:00,0.1993709024057766,-0.21846361422137792
2026-06-22 12:40:00+03:00,0.20124000190229147,-0.27121669971921264
2026-06-22 12:45:00+03:00,0.20772616237118555,-0.22618433203502186
2026-06-22 12:50:00+03:00,0.23432394795658185,-0.05628440634363004
2026-06-22 12:55:00+03:00,0.23827521942087287,-0.1578202337580457
2026-06-22 13:00:00+03:00,0.2443059353635891,-0.1318333363839555
2026-06-22 13:05:00+03:00,0.24503565306640113,-0.15700022335143396
2026-06-22 13:10:00+03:00,0.23376063670129976,-0.2530712576881626
2026-06-22 13:15:00+03:00,0.23177414952784783,-0.20659509708519339
2026-06-22 13:20:00+03:00,0.19843081762310968,-0.5255630773261416
2026-06-22 13:25:00+03:00,0.21340917162256015,-0.16511784934024445
2026-06-22 13:30:00+03:00,0.22268709140443627,-0.17066545068531813
2026-06-22 13:35:00+03:00,0.21008712503098018,-0.3326804129627525
2026-06-22 13:40:00+03:00,0.1843468495130927,-0.5208735746571129
2026-06-22 13:45:00+03:00,0.21939849174364628,-0.0516515303489384
2026-06-22 13:50:00+03:00,0.2435027166173676,-0.046509896440815435
2026-06-22 13:55:00+03:00,0.25459565887047914,-0.0817215144795987
2026-06-22 14:00:00+03:00,0.22711943836220258,-0.3743067892838722
2026-06-22 14:05:00+03:00,0.22115600174502,-0.2587969891793141
2026-06-22 14:10:00+03:00,0.1972524313705255,-0.45519918602728876
2026-06-22 14:15:00+03:00,0.19800217273857854,-0.2875024835907267
2026-06-22 14:20:00+03:00,0.19699320750915475,-0.30121786440835685
2026-06-22 14:25:00+03:00,0.16926123215683553,-0.60563540401685
2026-06-22 14:30:00+03:00,0.15499377596259303,-0.5481180677236855
2026-06-22 14:35:00+03:00,0.14222111278300117,-0.5920900832697007
2026-06-22 14:40:00+03:00,0.11907163722190799,-0.8418337228282698
2026-06-22 14:45:00+03:00,0.10351510548192253,-0.8444751800562085
2026-06-22 14:50:00+03:00,0.11919443393816014,-0.4510307366128947
2026-06-22 14:55:00+03:00,0.11423655643312161,-0.6524520411555771
2026-06-22 15:00:00+03:00,0.10934161280898036,-0.6774491209297684
2026-06-22 15:05:00+03:00,0.09627389359943807,-0.8608830839149948
2026-06-22 15:10:00+03:00,0.09612840340739251,-0.6976662826451263
2026-06-22 15:15:00+03:00,0.09613988475463102,-0.6958672876038535
2026-06-22 15:20:00+03:00,0.0890768866001793,-0.8265562405402812
2026-06-22 15:25:00+03:00,0.08612745232621485,-0.7911654683060149
2026-06-22 15:30:00+03:00,0.09513784406327064,-0.6086810906085313
2026-06-22 15:35:00+03:00,0.10271086843697146,-0.586615919499578
2026-06-22 15:40:00+03:00,0.09743638924439883,-0.7494269927352093
2026-06-22 15:45:00+03:00,0.09383512284506336,-0.7509700583865855
2026-06-22 15:50:00+03:00,0.090465136338393,-0.768871951023446
2026-06-22 15:55:00+03:00,0.09835558494595247,-0.6040238381231584
2026-06-22 16:00:00+03:00,0.0987179974698215,-0.6780322483901365
2026-06-22 16:05:00+03:00,0.16556414183022805,-0.0291203882778781
2026-06-22 16:10:00+03:00,0.19689854455943803,-0.12381316161987761
2026-06-22 16:15:00+03:00,0.23444272403882985,-0.0058384747434703285
2026-06-22 16:20:00+03:00,0.24665401211448465,-0.09548304465184385
2026-06-22 16:25:00+03:00,0.21361504470120257,-0.46243945033515776
2026-06-22 16:30:00+03:00,0.22614179161405987,-0.14493634184243054
2026-06-22 16:35:00+03:00,0.2285617749382742,-0.19145059276034246
2026-06-22 16:40:00+03:00,0.26143884361266384,0.03321553878666208
2026-06-22 16:45:00+03:00,0.25375574658777983,-0.17817451570600937
2026-06-22 16:50:00+03:00,0.25150946696965787,-0.15565331984162736
2026-06-22 16:55:00+03:00,0.3705012456918968,0.5906219454489534
2026-06-22 17:00:00+03:00,0.4716870142598411,0.7276647801781381
2026-06-22 17:05:00+03:00,0.5337847703541911,0.6929820119971607
2026-06-22 17:10:00+03:00,0.5806454031094405,0.7283377638270696
2026-06-22 17:15:00+03:00,0.635067996961108,0.8906897148381284
2026-06-22 17:20:00+03:00,0.5655757606858909,0.2371767402718795
2026-06-22 17:25:00+03:00,0.4898682590634707,0.05754571438558665
2026-06-22 17:30:00+03:00,0.4614549512563284,0.19378550660316038
2026-06-22 17:35:00+03:00,0.4343289695281055,0.14436857276774803
2026-06-22 17:40:00+03:00,0.37926550198233605,-0.10019915568765012
2026-06-22 17:45:00+03:00,0.4234954024013708,0.4020217121455486
2026-06-22 17:50:00+03:00,0.41301633338808036,0.1686214012783388
2026-06-22 17:55:00+03:00,0.4124594349050949,0.207128236399891
2026-06-23 09:55:00+03:00,0.5458223831301766,1.0827098847524244
2026-06-23 10:00:00+03:00,0.6141723791231771,0.9083747036282613
2026-06-23 10:05:00+03:00,0.6208169434866521,0.6428793547760756
2026-06-23 10:10:00+03:00,0.6804597800842309,1.0433940408830642
2026-06-23 10:15:00+03:00,0.6749707070560156,0.705854356304017
2026-06-23 10:20:00+03:00,0.6968929753226525,0.8827245702036243
2026-06-23 10:25:00+03:00,0.6853328207004168,0.7020316223824717
2026-06-23 10:30:00+03:00,0.7291827928894776,1.0964859659606914
2026-06-23 10:35:00+03:00,0.7500377712012017,1.0197845320480325
2026-06-23 10:40:00+03:00,0.7346330928213011,0.7943382580112337
2026-06-23 10:45:00+03:00,0.7605670159335197,1.0823527272501086
2026-06-23 10:50:00+03:00,0.795054348276863,1.266221415798696
2026-06-23 10:55:00+03:00,0.8124386441303061,1.20082982762408
2026-06-23 11:00:00+03:00,0.820826825081674,1.1661141910766117
2026-06-23 11:05:00+03:00,0.8307943027067288,1.2140084139383205
2026-06-23 11:10:00+03:00,0.8493034965992888,1.364352676627092
2026-06-23 11:15:00+03:00,0.8562702528960302,1.2919347512259214
2026-06-23 11:20:00+03:00,0.8420898361503844,1.0864379610504962
2026-06-23 11:25:00+03:00,0.8474568001063562,1.2427990748182443
2026-06-23 11:30:00+03:00,0.8036471653912154,0.822773313811077
2026-06-23 11:35:00+03:00,0.6426534322084027,0.018916632146931622
2026-06-23 11:40:00+03:00,0.5466568522077956,0.09189285445953688
2026-06-23 11:45:00+03:00,0.48090973239508394,0.08085471055674542
2026-06-23 11:50:00+03:00,0.4433527312134927,0.12011275046453643
2026-06-23 11:55:00+03:00,0.363516277455531,-0.274564496099507
2026-06-23 12:00:00+03:00,0.2923319099090556,-0.4532473263904373
2026-06-23 12:05:00+03:00,0.24135060983173132,-0.49426272826356554
2026-06-23 12:10:00+03:00,0.20239444288842617,-0.5567610621413124
2026-06-23 12:15:00+03:00,0.14769718645517993,-1.1672622086311089
2026-06-23 12:20:00+03:00,0.14244057830936488,-0.5247951333872857
2026-06-23 12:25:00+03:00,0.11869709804122312,-0.8530548460106484
2026-06-23 12:30:00+03:00,0.09967278532579202,-0.9273445603282775
2026-06-23 12:35:00+03:00,0.11466446758343851,-0.47355119929311745
2026-06-23 12:40:00+03:00,0.11872700397991297,-0.5464126196933276
2026-06-23 12:45:00+03:00,0.11093393705908446,-0.7003832915109124
2026-06-23 12:50:00+03:00,0.1199794054956566,-0.49955352047514306
2026-06-23 12:55:00+03:00,0.12572429685937864,-0.5030144184974119
2026-06-23 13:00:00+03:00,0.11790344556776124,-0.6631176639163672
2026-06-23 13:05:00+03:00,0.1083567772799955,-0.7352338615767344
2026-06-23 13:10:00+03:00,0.10297894709612115,-0.7180222130854462
2026-06-23 13:15:00+03:00,0.10669542242492783,-0.6040623161949028
2026-06-23 13:20:00+03:00,0.11781425799070018,-0.4916127798239543
2026-06-23 13:25:00+03:00,0.12999873531302164,-0.4368672283790263
2026-06-23 13:30:00+03:00,0.15729675748337785,-0.25110906994470056
2026-06-23 13:35:00+03:00,0.17955767195060782,-0.21680443540918612
2026-06-23 13:40:00+03:00,0.19704757349692076,-0.195143277420448
2026-06-23 13:45:00+03:00,0.1993418338383601,-0.27430739856956887
2026-06-23 13:50:00+03:00,0.2144014350966763,-0.1621140698175646
2026-06-23 13:55:00+03:00,0.23654889273683072,-0.0720290743434346
2026-06-23 14:00:00+03:00,0.23865046919595373,-0.16645343830427012
2026-06-23 14:05:00+03:00,0.24678954898403896,-0.11511332979920685
2026-06-23 14:10:00+03:00,0.25564019624726436,-0.08999823090675495
2026-06-23 14:15:00+03:00,0.2574496017499067,-0.12007317279206584
2026-06-23 14:20:00+03:00,0.2590964446346165,-0.11679153149832314
2026-06-23 14:25:00+03:00,0.27064531408770626,-0.041801527463405215
2026-06-23 14:30:00+03:00,0.29303527664192325,0.056177928323364885
2026-06-23 14:35:00+03:00,0.2747797655799816,-0.17849379793569234
2026-06-23 14:40:00+03:00,0.2783693068313174,-0.06091020551044396
2026-06-23 14:45:00+03:00,0.2788677860474302,-0.0743571920413819
2026-06-23 14:50:00+03:00,0.27306730742154495,-0.11908402309226752
2026-06-23 14:55:00+03:00,0.3178965897583574,0.19960752318280364
2026-06-23 15:00:00+03:00,0.35095671245058674,0.21846050512996168
2026-06-23 15:05:00+03:00,0.36948877486469467,0.19761533314462343
2026-06-23 15:10:00+03:00,0.34262451661144805,-0.053065327788408834
2026-06-23 15:15:00+03:00,0.32824811702394213,-0.02857398808817051
2026-06-23 15:20:00+03:00,0.44148569330477017,0.7144127158882462
2026-06-23 15:25:00+03:00,0.5020322415057047,0.620312747715038
2026-06-23 15:30:00+03:00,0.5366990710010007,0.5856893684944123
2026-06-23 15:35:00+03:00,0.5414907162787955,0.47743017308014035
2026-06-23 15:40:00+03:00,0.4958912603463535,0.1939129834426235
2026-06-23 15:45:00+03:00,0.43437899896528054,-0.001751997818217291
2026-06-23 15:50:00+03:00,0.3339693795968169,-0.5196927006056669
2026-06-23 15:55:00+03:00,0.28510032313001116,-0.3248417608799678
2026-06-23 16:00:00+03:00,0.25839353322783254,-0.2712115403505121
2026-06-23 16:05:00+03:00,0.2588919228625344,-0.12301131604922727
2026-06-23 16:10:00+03:00,0.28662762490426386,0.06533717220545739
2026-06-23 16:15:00+03:00,0.3644710959454547,0.41777972687049514
2026-06-23 16:20:00+03:00,0.411714510076087,0.3909761633446779
2026-06-23 16:25:00+03:00,0.4991749102408773,0.7277459250886176
2026-06-23 16:30:00+03:00,0.4760609508503132,0.24352867655368696
2026-06-23 16:35:00+03:00,0.47491970213432166,0.32651277336979195
2026-06-23 16:40:00+03:00,0.4174284707842117,-0.02184536300038509
2026-06-23 16:45:00+03:00,0.4344460380796848,0.31850946760225773
2026-06-23 16:50:00+03:00,0.4194080497780035,0.16312733773395036
2026-06-23 16:55:00+03:00,0.3839965890462385,0.002312016549639186
2026-06-23 17:00:00+03:00,0.3867580784498929,0.1690699391621543
2026-06-23 17:05:00+03:00,0.41130291890979453,0.30290805564803097
2026-06-23 17:10:00+03:00,0.41851162900340283,0.2495840668363958
2026-06-23 17:15:00+03:00,0.43769026784286913,0.33307459241858284
2026-06-23 17:20:00+03:00,0.4850528240163386,0.5334899480128104
2026-06-23 17:25:00+03:00,0.3952693700401925,-0.24023535661180012
2026-06-23 17:30:00+03:00,0.371614424518868,0.02690623061033752
2026-06-23 17:35:00+03:00,0.33793544099657,-0.09669558780223418
2026-06-23 17:40:00+03:00,0.3384396813149296,0.059675969440633636
2026-06-23 17:45:00+03:00,0.335339522252706,0.03745057980309595
2026-06-23 17:50:00+03:00,0.3111160665455331,-0.11610011544218875
2026-06-23 17:55:00+03:00,0.33419155753867946,0.14490916638079931
2026-06-24 09:55:00+03:00,0.33590307491298227,0.05941479950276571
2026-06-24 10:00:00+03:00,0.3302556891593673,0.015156247029493043
2026-06-24 10:05:00+03:00,0.3457754181329014,0.13771522527905025
2026-06-24 10:10:00+03:00,0.28379916117035836,-0.41701603812960253
2026-06-24 10:15:00+03:00,0.2411319951917527,-0.43163155328701436
2026-06-24 10:20:00+03:00,0.22065442548409048,-0.3493785436376711
2026-06-24 10:25:00+03:00,0.22427087705932391,-0.1965541043348684
2026-06-24 10:30:00+03:00,0.21280466375583076,-0.3169731843871861
2026-06-24 10:35:00+03:00,0.21334249809993228,-0.24388532427264836
2026-06-24 10:40:00+03:00,0.18628331149685548,-0.52380064333708
2026-06-24 10:45:00+03:00,0.1693390621636231,-0.5101999489269788
2026-06-24 10:50:00+03:00,0.1730953493460571,-0.34642709185963216
2026-06-24 10:55:00+03:00,0.2062501411118406,-0.09188817409635455
2026-06-24 11:00:00+03:00,0.2563926293605842,0.09610890132327952
2026-06-24 11:05:00+03:00,0.2274779382601752,-0.38283373287356326
2026-06-24 11:10:00+03:00,0.25945962188388105,0.024974851858127776
2026-06-24 11:15:00+03:00,0.2733966855497011,-0.02452072950562347
2026-06-24 11:20:00+03:00,0.32011858956319517,0.2115167928424227
2026-06-24 11:25:00+03:00,0.33569448853198625,0.1172389384028439
2026-06-24 11:30:00+03:00,0.3467324348955607,0.12128701614671049
2026-06-24 11:35:00+03:00,0.36710771662170455,0.20020974664365998
2026-06-24 11:40:00+03:00,0.3713973655553124,0.1441642493892665
2026-06-24 11:45:00+03:00,0.35374155070774155,0.013982986742210933
2026-06-24 11:50:00+03:00,0.34452679833496225,0.030825601985308024
2026-06-24 11:55:00+03:00,0.3234244467136994,-0.0711364517738083
2026-06-24 12:00:00+03:00,0.2980297475873971,-0.15507716413312472
2026-06-24 12:05:00+03:00,0.27169380348732725,-0.23087379874862618
2026-06-24 12:10:00+03:00,0.25409612392983694,-0.2312136624633867
2026-06-24 12:15:00+03:00,0.2579308700509739,-0.1088649952129869
2026-06-24 12:20:00+03:00,0.2566606703300006,-0.1375045260533566
2026-06-24 12:25:00+03:00,0.24320555114439601,-0.23855579088353127
2026-06-24 12:30:00+03:00,0.24402874203452338,-0.15912057282760866
2026-06-24 12:35:00+03:00,0.24306508523511824,-0.17094111128837633
2026-06-24 12:40:00+03:00,0.2589386858886903,-0.04889302977668155
2026-06-24 12:45:00+03:00,0.26549081468051805,-0.07738377894499829
2026-06-24 12:50:00+03:00,0.2634740990675541,-0.12412943918881114
2026-06-24 12:55:00+03:00,0.22096678468300815,-0.5081482056688407
2026-06-24 13:00:00+03:00,0.21813028382420852,-0.24948895956872824
2026-06-24 13:05:00+03:00,0.2283080346332107,-0.151415576646873
2026-06-24 13:10:00+03:00,0.24579304099662674,-0.07222091261881851
2026-06-24 13:15:00+03:00,0.23901352527498154,-0.21301864643494328
2026-06-24 13:20:00+03:00,0.2555619534455216,-0.05361937640487411
2026-06-24 13:25:00+03:00,0.25817262473937175,-0.11430625519831762
2026-06-24 13:30:00+03:00,0.24286131756355078,-0.2501159275541248
2026-06-24 13:35:00+03:00,0.25680215108631677,-0.06294520080768437
2026-06-24 13:40:00+03:00,0.2736045797818337,-0.01106088539130375
2026-06-24 13:45:00+03:00,0.28461889264835283,-0.012328181380278112
2026-06-24 13:50:00+03:00,0.29478061836160246,0.006610454070986094
2026-06-24 13:55:00+03:00,0.2931406568656665,-0.05081460010437574
2026-06-24 14:00:00+03:00,0.29321597273721994,-0.042672406015936054
2026-06-24 14:05:00+03:00,0.28950433983191165,-0.06909403895666807
2026-06-24 14:10:00+03:00,0.3098071340008645,0.08295792147391219
2026-06-24 14:15:00+03:00,0.35232522731713495,0.2582354831029683
2026-06-24 14:20:00+03:00,0.36885562552051204,0.1883789322417082
2026-06-24 14:25:00+03:00,0.3854509185495897,0.22154618304833468
2026-06-24 14:30:00+03:00,0.40633283077750765,0.2791113657871887
2026-06-24 14:35:00+03:00,0.42345554042687783,0.29770784337128203
2026-06-24 14:40:00+03:00,0.4284161607422098,0.2601378162880092
2026-06-24 14:45:00+03:00,0.4396934657691282,0.3064901937541547
2026-06-24 14:50:00+03:00,0.4884644452598191,0.5457804818180017
2026-06-24 14:55:00+03:00,0.535318403013477,0.6324059191377531
2026-06-24 15:00:00+03:00,0.6691200390235326,1.6719532951396412
2026-06-24 15:05:00+03:00,0.775191656658398,2.468964552504134
2026-06-24 15:10:00+03:00,0.843835031844507,2.2744379239764436
2026-06-24 15:15:00+03:00,0.8899534583421334,2.3029136185148267
2026-06-24 15:20:00+03:00,0.9164233032669085,2.0363559055127687
2026-06-24 15:25:00+03:00,0.9377183318562526,2.2538020549088325
2026-06-24 15:30:00+03:00,0.9503965085419538,2.1517275467008266
2026-06-24 15:35:00+03:00,0.9578840075633762,2.09621177946019
2026-06-24 15:40:00+03:00,0.9616260187682982,2.0322859021701714
2026-06-24 15:45:00+03:00,0.9600401993203572,1.8660348386775292
2026-06-24 15:50:00+03:00,0.9452481053065048,1.5232141538068473
2026-06-24 15:55:00+03:00,0.9484159865702202,1.8419863888046273
2026-06-24 16:00:00+03:00,0.9508488437577653,1.8527885316253865
2026-06-24 16:05:00+03:00,0.9501464623213182,1.7791248716275905
2026-06-24 16:10:00+03:00,0.9465157711662746,1.6928325151247285
2026-06-24 16:15:00+03:00,0.8953762612708708,1.0237205862574854
2026-06-24 16:20:00+03:00,0.9181328797332363,1.9514356941989834
2026-06-24 16:25:00+03:00,0.9386620791644261,2.2394003799142834
2026-06-24 16:30:00+03:00,0.9499328162205913,2.0892693874022346
2026-06-24 16:35:00+03:00,0.9592935943679898,2.1998282143619856
2026-06-24 16:40:00+03:00,0.9581515533204346,1.8545246976281775
2026-06-24 16:45:00+03:00,0.9495943463231218,1.6386351776337735
2026-06-24 16:50:00+03:00,0.956144901011234,2.034469621890385
2026-06-24 16:55:00+03:00,0.8986170447032543,0.9963002754093394
2026-06-24 17:00:00+03:00,0.9054001593131217,1.5441055378176893
2026-06-24 17:05:00+03:00,0.916647287836022,1.6918844833399296
2026-06-24 17:10:00+03:00,0.9260629086639696,1.7424514387565875
2026-06-24 17:15:00+03:00,0.917800160310535,1.440038448271397
2026-06-24 17:20:00+03:00,0.9175785240636479,1.5324281487796676
2026-06-24 17:25:00+03:00,0.9252592282573581,1.7044433764181213
2026-06-24 17:30:00+03:00,0.9248094919646059,1.5768788442296804
2026-06-24 17:35:00+03:00,0.9170237873107738,1.4409974178664986
2026-06-24 17:40:00+03:00,0.9112873188538707,1.4322162390841877
2026-06-24 17:45:00+03:00,0.8462254251952287,0.8229473191148998
2026-06-24 17:50:00+03:00,0.8563765711959683,1.3200423221243143
2026-06-24 17:55:00+03:00,0.7618075586746558,0.5195239457580892
2026-06-25 09:55:00+03:00,0.6379161953223963,0.16474385245842624
2026-06-25 10:00:00+03:00,0.6478293233481611,0.7137525423250838
2026-06-25 10:05:00+03:00,0.6137788205128577,0.46697681097227356
2026-06-25 10:10:00+03:00,0.5325854350489666,0.1241501307385666
2026-06-25 10:15:00+03:00,0.47717271287139507,0.11620791870484064
2026-06-25 10:20:00+03:00,0.3806823315653863,-0.3237732047072818
2026-06-25 10:25:00+03:00,0.2882583972480187,-0.6571439395072193
2026-06-25 10:30:00+03:00,0.2482904926896084,-0.3872537287496359
2026-06-25 10:35:00+03:00,0.21130132804077048,-0.5025731760408861
2026-06-25 10:40:00+03:00,0.18775573227181327,-0.48917693248056354
2026-06-25 10:45:00+03:00,0.15322493613609814,-0.7661381886129593
2026-06-25 10:50:00+03:00,0.12512793931228,-0.8698146899684245
2026-06-25 10:55:00+03:00,0.10001627853681001,-1.0356300018292643
2026-06-25 11:00:00+03:00,0.09175824815252694,-0.8245441849230091
2026-06-25 11:05:00+03:00,0.07778464933515125,-1.0351790209674159
2026-06-25 11:10:00+03:00,0.07846879743393813,-0.7937164112184107
2026-06-25 11:15:00+03:00,0.07942875920193727,-0.7839291643792906
2026-06-25 11:20:00+03:00,0.08330880659140984,-0.7246750462997255
2026-06-25 11:25:00+03:00,0.08848894664963278,-0.6812207152127364
2026-06-25 11:30:00+03:00,0.09595286262876104,-0.6196680192009465
2026-06-25 11:35:00+03:00,0.10426881661040062,-0.5727246741754572
2026-06-25 11:40:00+03:00,0.0938303124410947,-0.8405510084582956
2026-06-25 11:45:00+03:00,0.08131232818416782,-0.9736228320802696
2026-06-25 11:50:00+03:00,0.07409611832639704,-0.9438564160924842
2026-06-25 11:55:00+03:00,0.07020027218164888,-0.9208750391055439
2026-06-25 12:00:00+03:00,0.07491586958613017,-0.7649958198823871
2026-06-25 12:05:00+03:00,0.07729410266379162,-0.7794408433835207
2026-06-25 12:10:00+03:00,0.09229773170431708,-0.5664174488410614
2026-06-25 12:15:00+03:00,0.1234846646351705,-0.3295944840423458
2026-06-25 12:20:00+03:00,0.15881295547849747,-0.2020566388398385
2026-06-25 12:25:00+03:00,0.200918427593093,-0.061896009967562754
2026-06-25 12:30:00+03:00,0.22896581427598636,-0.062057918712173095
2026-06-25 12:35:00+03:00,0.23769652517515544,-0.13488157480131088
2026-06-25 12:40:00+03:00,0.26956201947673053,0.0464470607529202
2026-06-25 12:45:00+03:00,0.2858556143946979,0.014011465100084284
2026-06-25 12:50:00+03:00,0.3179929166126611,0.1488238602255516
2026-06-25 12:55:00+03:00,0.33425057424852506,0.11707287040177829
2026-06-25 13:00:00+03:00,0.34095964786785066,0.09129346999908257
2026-06-25 13:05:00+03:00,0.358331967033031,0.17067034565610803
2026-06-25 13:10:00+03:00,0.3416375015980407,-0.008720718852362818
2026-06-25 13:15:00+03:00,0.34110504449999357,0.06094202854804412
2026-06-25 13:20:00+03:00,0.30264644196800794,-0.21226415710135393
2026-06-25 13:25:00+03:00,0.28527023751400427,-0.14666580393057577
2026-06-25 13:30:00+03:00,0.28026096998170286,-0.09751031746726399
2026-06-25 13:35:00+03:00,0.2573605905451784,-0.2520662048596748
2026-06-25 13:40:00+03:00,0.22331996781406926,-0.43367335906212323
2026-06-25 13:45:00+03:00,0.24736296675932612,-0.037863195350459594
2026-06-25 13:50:00+03:00,0.28790532561146703,0.12166147634021596
2026-06-25 13:55:00+03:00,0.3169469814492099,0.1340658365226728
2026-06-25 14:00:00+03:00,0.2991333930836442,-0.1140287304591683
2026-06-25 14:05:00+03:00,0.29349916082454186,-0.06873963653044278
2026-06-25 14:10:00+03:00,0.3137874325055945,0.09126449238432921
2026-06-25 14:15:00+03:00,0.39138492102341393,0.46872278863184963
2026-06-25 14:20:00+03:00,0.3751576540766268,0.06662431292457421
2026-06-25 14:25:00+03:00,0.3529561746696021,-0.008035477024358235
2026-06-25 14:30:00+03:00,0.356772530175082,0.11218983365121214
2026-06-25 14:35:00+03:00,0.3836962178054148,0.258590646455586
2026-06-25 14:40:00+03:00,0.405675170055249,0.2820909527304832
2026-06-25 14:45:00+03:00,0.4070706094542654,0.20418606810708198
2026-06-25 14:50:00+03:00,0.44020095613127064,0.39147578593504523
2026-06-25 14:55:00+03:00,0.5037160413490998,0.6359452763810485
2026-06-25 15:00:00+03:00,0.5308302165509773,0.5439067298553455
2026-06-25 15:05:00+03:00,0.524543961640414,0.40205291136662036
2026-06-25 15:10:00+03:00,0.5183319072156352,0.3904127714560805
2026-06-25 15:15:00+03:00,0.5380186329335113,0.5287954741549332
2026-06-25 15:20:00+03:00,0.5093018173445324,0.28642220736586815
2026-06-25 15:25:00+03:00,0.4523478394697375,0.057517061776345434
2026-06-25 15:30:00+03:00,0.3793827573242487,-0.19131425437620755
2026-06-25 15:35:00+03:00,0.36190873640940296,0.03270921521246367
2026-06-25 15:40:00+03:00,0.2927078471200223,-0.43709373673535257
2026-06-25 15:45:00+03:00,0.2433702397232685,-0.4733682292721616
2026-06-25 15:50:00+03:00,0.21826125463050233,-0.3883215396114483
2026-06-25 15:55:00+03:00,0.19885941963715303,-0.4162694403077365
2026-06-25 16:00:00+03:00,0.19734237002977004,-0.30325924856973485
2026-06-25 16:05:00+03:00,0.19184982032161094,-0.3455950582946606
2026-06-25 16:10:00+03:00,0.21449574432982266,-0.12326353820771385
2026-06-25 16:15:00+03:00,0.21568644734940115,-0.23355390537417667
2026-06-25 16:20:00+03:00,0.2558677957361664,0.052775320171685396
2026-06-25 16:25:00+03:00,0.27737030223221726,0.01827636877715463
2026-06-25 16:30:00+03:00,0.2651047414240025,-0.17242135951664553
2026-06-25 16:35:00+03:00,0.24791534041209634,-0.2464001207765331
2026-06-25 16:40:00+03:00,0.3051936742934367,0.2237311306863271
2026-06-25 16:45:00+03:00,0.3396044415288768,0.20133722089523018
2026-06-25 16:50:00+03:00,0.3737827033656921,0.26753937334703864
2026-06-25 16:55:00+03:00,0.39313528510325324,0.24745610423023473
2026-06-25 17:00:00+03:00,0.4960488686015245,0.7898641700728666
2026-06-25 17:05:00+03:00,0.532899798984637,0.5868328575997908
2026-06-25 17:10:00+03:00,0.5666680275111478,0.6430828606058571
2026-06-25 17:15:00+03:00,0.5554283846737784,0.4423968238640104
2026-06-25 17:20:00+03:00,0.5506884325972783,0.4583348587249629
2026-06-25 17:25:00+03:00,0.5645351829623537,0.5581131247990352
2026-06-25 17:30:00+03:00,0.5232772213964109,0.2648583346335307
2026-06-25 17:35:00+03:00,0.4924042426694041,0.24514378917278298
2026-06-25 17:40:00+03:00,0.4918108872746609,0.3610805487821353
2026-06-25 17:45:00+03:00,0.49302337131006563,0.3703400849215283
2026-06-25 17:50:00+03:00,0.468919079997568,0.22562181222421807
2026-06-25 17:55:00+03:00,0.48137143629744916,0.39111974870738137
2026-06-26 09:55:00+03:00,0.49386575339220007,0.41527417997207156
2026-06-26 10:00:00+03:00,0.46991182502988194,0.22816697532244307
2026-06-26 10:05:00+03:00,0.4747060419015451,0.34892591336544426
2026-06-26 10:10:00+03:00,0.46324552760417087,0.26400808476036686
2026-06-26 10:15:00+03:00,0.41763636764974776,0.03152566542969265
2026-06-26 10:20:00+03:00,0.425921742736328,0.2682264426536302
2026-06-26 10:25:00+03:00,0.41514011889630476,0.17167614704938025
2026-06-26 10:30:00+03:00,0.4271321650677454,0.28496553000967123
2026-06-26 10:35:00+03:00,0.48546821044297,0.5778813002055386
2026-06-26 10:40:00+03:00,0.515738473030315,0.5266077757851417
2026-06-26 10:45:00+03:00,0.5156993132923988,0.4090618251620129
2026-06-26 10:50:00+03:00,0.5056425238998412,0.35129704617320184
2026-06-26 10:55:00+03:00,0.49761714135215146,0.3436845125307445
2026-06-26 11:00:00+03:00,0.5079739305243763,0.43418750623403835
2026-06-26 11:05:00+03:00,0.49947605503702575,0.3454406293674149
2026-06-26 11:10:00+03:00,0.4884333075606963,0.31439803696036406
2026-06-26 11:15:00+03:00,0.48363054018335677,0.3291835915965452
2026-06-26 11:20:00+03:00,0.4802699090823413,0.32826693017925485
2026-06-26 11:25:00+03:00,0.42097925697315225,-0.021954646619700233
2026-06-26 11:30:00+03:00,0.4126274646332676,0.1763889390001592
2026-06-26 11:35:00+03:00,0.3593268666982204,-0.14104082996667275
2026-06-26 11:40:00+03:00,0.32332090166535515,-0.14464641935292938
2026-06-26 11:45:00+03:00,0.28989488059865065,-0.21966962923688121
2026-06-26 11:50:00+03:00,0.27457022912622414,-0.1636728489669331
2026-06-26 11:55:00+03:00,0.2677823055863892,-0.13728639983278518
2026-06-26 12:00:00+03:00,0.25237719573404477,-0.22376514303458622
2026-06-26 12:05:00+03:00,0.23906035850577959,-0.24957669814937156
2026-06-26 12:10:00+03:00,0.24551953462622533,-0.12663655520172734
2026-06-26 12:15:00+03:00,0.23972576771685766,-0.20567631228924793
2026-06-26 12:20:00+03:00,0.21318717900280088,-0.41607586342578234
2026-06-26 12:25:00+03:00,0.18887480179971208,-0.49082405431986914
2026-06-26 12:30:00+03:00,0.16962660358177042,-0.5281431475034626
2026-06-26 12:35:00+03:00,0.15312383686629036,-0.5762663523282621
2026-06-26 12:40:00+03:00,0.13842726971463418,-0.6287202720591198
2026-06-26 12:45:00+03:00,0.13155747643609492,-0.5867960372103154
2026-06-26 12:50:00+03:00,0.12425580585717859,-0.6256742153296367
2026-06-26 12:55:00+03:00,0.11640321396417813,-0.671345328944497
2026-06-26 13:00:00+03:00,0.12673152255268666,-0.4630079412616069
2026-06-26 13:05:00+03:00,0.1439376664733568,-0.3537830496270312
2026-06-26 13:10:00+03:00,0.15894965773677952,-0.31978093383886763
2026-06-26 13:15:00+03:00,0.14848512957588564,-0.5433704924333952
2026-06-26 13:20:00+03:00,0.13688796688059438,-0.6061286395729982
2026-06-26 13:25:00+03:00,0.11129120761845114,-0.940157863049457
2026-06-26 13:30:00+03:00,0.10548317209468983,-0.7086767015766154
2026-06-26 13:35:00+03:00,0.10097472511137431,-0.7195454033313837
2026-06-26 13:40:00+03:00,0.10647990997900315,-0.5883100564006097
2026-06-26 13:45:00+03:00,0.10386731721112603,-0.6823371262956802
2026-06-26 13:50:00+03:00,0.0977751595970089,-0.7573208936243884
2026-06-26 13:55:00+03:00,0.09461234496512953,-0.7410265384236191
2026-06-26 14:00:00+03:00,0.09378736806647364,-0.7185145196741096
2026-06-26 14:05:00+03:00,0.1013162593041635,-0.5934962808296671
2026-06-26 14:10:00+03:00,0.10979904924765663,-0.5467915072288316
2026-06-26 14:15:00+03:00,0.11137986463707225,-0.6021050482438881
2026-06-26 14:20:00+03:00,0.12469689846340988,-0.44811879334223015
2026-06-26 14:25:00+03:00,0.12784620711031788,-0.5155712423561654
2026-06-26 14:30:00+03:00,0.1659338419613929,-0.1683979879111288
2026-06-26 14:35:00+03:00,0.20091876982180742,-0.09593951449211688
2026-06-26 14:40:00+03:00,0.20105272679779868,-0.2820566715054069
2026-06-26 14:45:00+03:00,0.18308967355539355,-0.4638658409250913
2026-06-26 14:50:00+03:00,0.17222671408344875,-0.451226946947652
2026-06-26 14:55:00+03:00,0.1644057648164757,-0.45777592707051473
2026-06-26 15:00:00+03:00,0.15076245285743103,-0.5612061265947375
2026-06-26 15:05:00+03:00,0.1485056912757506,-0.47609840326548153
2026-06-26 15:10:00+03:00,0.14573086103325833,-0.49109803361702203
2026-06-26 15:15:00+03:00,0.1317031309161129,-0.6559181107842369
2026-06-26 15:20:00+03:00,0.1238730221115457,-0.6327899008817628
2026-06-26 15:25:00+03:00,0.11890695751492786,-0.629013230759689
2026-06-26 15:30:00+03:00,0.11935274292268525,-0.575694616207269
2026-06-26 15:35:00+03:00,0.10888373169832666,-0.7430625836824376
2026-06-26 15:40:00+03:00,0.126916157158654,-0.40590660913492305
2026-06-26 15:45:00+03:00,0.1404426067283087,-0.39020375187591305
2026-06-26 15:50:00+03:00,0.13135250860234543,-0.608615671895514
2026-06-26 15:55:00+03:00,0.12068730880148508,-0.6784926770645577
2026-06-26 16:00:00+03:00,0.12093356864954097,-0.5703576605002039
2026-06-26 16:05:00+03:00,0.11753861282462273,-0.6203106807444735
2026-06-26 16:10:00+03:00,0.11164285361040079,-0.675847766864217
2026-06-26 16:15:00+03:00,0.1418776804217238,-0.2789991212275597
2026-06-26 16:20:00+03:00,0.15096812365202927,-0.3845370382092646
2026-06-26 16:25:00+03:00,0.1564057442013162,-0.390942201961671
2026-06-26 16:30:00+03:00,0.17497749530889573,-0.25045374796703496
2026-06-26 16:35:00+03:00,0.17727729902565864,-0.3423244683686934
2026-06-26 16:40:00+03:00,0.16781039879699816,-0.4573489703708856
2026-06-26 16:45:00+03:00,0.1885505081910689,-0.2005352430812181
2026-06-26 16:50:00+03:00,0.18417031245836915,-0.3634711460864874
2026-06-26 16:55:00+03:00,0.17405863293048296,-0.4388267321667545
2026-06-26 17:00:00+03:00,0.1671044110729398,-0.4411869810347539
2026-06-26 17:05:00+03:00,0.1633165052575678,-0.43183938898926577
2026-06-26 17:10:00+03:00,0.16788705372848375,-0.3581230674972019
2026-06-26 17:15:00+03:00,0.15128368637571693,-0.5856013884171959
2026-06-26 17:20:00+03:00,0.14269200523604822,-0.5522581775209062
2026-06-26 17:25:00+03:00,0.14102743275907745,-0.5010550922782266
2026-06-26 17:30:00+03:00,0.12874434802056212,-0.653184777799722
2026-06-26 17:35:00+03:00,0.1347694812717295,-0.4651813810671772
2026-06-26 17:40:00+03:00,0.14574109040041802,-0.38955445561527563
2026-06-26 17:45:00+03:00,0.16020075651951657,-0.3193226449319384
2026-06-26 17:50:00+03:00,0.15625842943719073,-0.459255405310764
2026-06-26 17:55:00+03:00,0.15077722174677466,-0.49255801438412206
2026-06-29 09:55:00+03:00,0.13421063017312992,-0.6693386198562185
2026-06-29 10:00:00+03:00,0.4071271224134754,1.8224553971530948
2026-06-29 10:05:00+03:00,0.4417505448040788,0.4001826785743165
2026-06-29 10:10:00+03:00,0.4927407051300555,0.5630692085299984
2026-06-29 10:15:00+03:00,0.538876657564385,0.6367742542955546
2026-06-29 10:20:00+03:00,0.5581933899548509,0.5672642639489514
2026-06-29 10:25:00+03:00,0.5352285198305766,0.3585360576322226
2026-06-29 10:30:00+03:00,0.5388882501477334,0.468002350895628
2026-06-29 10:35:00+03:00,0.5108380887878151,0.29197746160773763
2026-06-29 10:40:00+03:00,0.47806385126065243,0.20944486265826193
2026-06-29 10:45:00+03:00,0.44429083105544914,0.13757203343604948
2026-06-29 10:50:00+03:00,0.4277356141128007,0.17378235567657935
2026-06-29 10:55:00+03:00,0.3915292965656674,0.015500172719441438
2026-06-29 11:00:00+03:00,0.3890692039810109,0.15264286860683313
2026-06-29 11:05:00+03:00,0.3974124031301549,0.2125776717976637
2026-06-29 11:10:00+03:00,0.4081623769022437,0.24319448769209043
2026-06-29 11:15:00+03:00,0.4407393597250296,0.3903849936106094
2026-06-29 11:20:00+03:00,0.5177255070457436,0.7225193101802432
2026-06-29 11:25:00+03:00,0.5252939174734622,0.4568322482806612
2026-06-29 11:30:00+03:00,0.5513899565331444,0.5807702855275879
2026-06-29 11:35:00+03:00,0.606847314522267,0.826872525529815
2026-06-29 11:40:00+03:00,0.578697743825049,0.4220872246199303
2026-06-29 11:45:00+03:00,0.5409575454931336,0.3127194128025976
2026-06-29 11:50:00+03:00,0.5251204232164737,0.3664974181330644
2026-06-29 11:55:00+03:00,0.5157069909224894,0.3730878772204991
2026-06-29 12:00:00+03:00,0.5282811481403555,0.48200025987876266
2026-06-29 12:05:00+03:00,0.555565767505399,0.5939476748465609
2026-06-29 12:10:00+03:00,0.5786906231705755,0.6240241561451373
2026-06-29 12:15:00+03:00,0.5438668665198807,0.32955755072427345
2026-06-29 12:20:00+03:00,0.5573847391175644,0.5426460244805249
2026-06-29 12:25:00+03:00,0.569032433832485,0.5583100843392742
2026-06-29 12:30:00+03:00,0.5852342100799642,0.6091338307592241
2026-06-29 12:35:00+03:00,0.528764623282427,0.2159898490494578
2026-06-29 12:40:00+03:00,0.5143951111450894,0.351541236578921
2026-06-29 12:45:00+03:00,0.5188539045268047,0.4324240278038618
2026-06-29 12:50:00+03:00,0.49174504787712636,0.2585589514077804
2026-06-29 12:55:00+03:00,0.4955435087329182,0.38510168693123437
2026-06-29 13:00:00+03:00,0.47445920367144184,0.24833618846363706
2026-06-29 13:05:00+03:00,0.4734268656162286,0.32405829413963766
2026-06-29 13:10:00+03:00,0.5462613826573198,0.7672736062461095
2026-06-29 13:15:00+03:00,0.5020722447067341,0.211777046793535
2026-06-29 13:20:00+03:00,0.49032751061253355,0.3153430166818772
2026-06-29 13:25:00+03:00,0.45235130978667754,0.13686520499160776
2026-06-29 13:30:00+03:00,0.45136684936445204,0.28163505486948115
2026-06-29 13:35:00+03:00,0.4242394359139125,0.12370961785643861
2026-06-29 13:40:00+03:00,0.44436556142974243,0.349547003659736
2026-06-29 13:45:00+03:00,0.4638382526935293,0.3844169654766044
2026-06-29 13:50:00+03:00,0.44666936864827517,0.2090810315704596
2026-06-29 13:55:00+03:00,0.4590568814279061,0.34803733176887897
2026-06-29 14:00:00+03:00,0.4412305627188922,0.19567588394089236
2026-06-29 14:05:00+03:00,0.46561614625480235,0.40669223182515046
2026-06-29 14:10:00+03:00,0.44394703413570574,0.18576777043902543
2026-06-29 14:15:00+03:00,0.4448327332485071,0.2762150656941618
2026-06-29 14:20:00+03:00,0.4322857413544871,0.19888537383173566
2026-06-29 14:25:00+03:00,0.42089141419196796,0.18075551473134946
2026-06-29 14:30:00+03:00,0.3830303406981514,-0.010838293083918012
2026-06-29 14:35:00+03:00,0.360006500072875,0.004062045401647902
2026-06-29 14:40:00+03:00,0.3637765472478075,0.12644916207027546
2026-06-29 14:45:00+03:00,0.38639593718698956,0.2470538026951718
2026-06-29 14:50:00+03:00,0.4165474750116174,0.33461900259599947
2026-06-29 14:55:00+03:00,0.4307365717149027,0.30043987157540536
2026-06-29 15:00:00+03:00,0.43126641341286226,0.24840559202565948
2026-06-29 15:05:00+03:00,0.39383477007186785,0.015179581940454413
2026-06-29 15:10:00+03:00,0.40408411038631703,0.23323508269204693
2026-06-29 15:15:00+03:00,0.37195016765998695,-0.009995476857031529
2026-06-29 15:20:00+03:00,0.321853268787033,-0.2235078980894177
2026-06-29 15:25:00+03:00,0.2824960957929651,-0.27474667414294446
2026-06-29 15:30:00+03:00,0.2601678050520126,-0.24077785531985427
2026-06-29 15:35:00+03:00,0.2966011402183555,0.12264564283392929
2026-06-29 15:40:00+03:00,0.3298744366283903,0.1773859719305073
2026-06-29 15:45:00+03:00,0.34654732001429256,0.14399404996863133
2026-06-29 15:50:00+03:00,0.3369476589869656,0.01247546780995959
2026-06-29 15:55:00+03:00,0.32136349365578926,-0.05003541135764713
2026-06-29 16:00:00+03:00,0.3244665088564859,0.040778182498642665
2026-06-29 16:05:00+03:00,0.30742943051707494,-0.0899649402249346
2026-06-29 16:10:00+03:00,0.3489765948332383,0.24790673605587718
2026-06-29 16:15:00+03:00,0.34296839634322474,0.041383816030438274
2026-06-29 16:20:00+03:00,0.440602525555429,0.6465321189077825
2026-06-29 16:25:00+03:00,0.43362794863108983,0.2235901962794529
2026-06-29 16:30:00+03:00,0.37251956006134174,-0.1472154392076383
2026-06-29 16:35:00+03:00,0.3479445084264508,-0.03017787564586834
2026-06-29 16:40:00+03:00,0.2684354739009301,-0.6268304040163503
2026-06-29 16:45:00+03:00,0.32688153580381335,0.2707172489663175
2026-06-29 16:50:00+03:00,0.3378682492204503,0.10271143538529315
2026-06-29 16:55:00+03:00,0.408899643410076,0.4772138055693413
2026-06-29 17:00:00+03:00,0.31293118491885896,-0.5723025687323421
2026-06-29 17:05:00+03:00,0.27999397818492056,-0.24473622617010143
2026-06-29 17:10:00+03:00,0.24275597828253795,-0.38750975435038854
2026-06-29 17:15:00+03:00,0.2369317250859717,-0.21348932578331217
2026-06-29 17:20:00+03:00,0.22376348487935588,-0.29375943246196595
2026-06-29 17:25:00+03:00,0.21147425415250673,-0.3263128261526108
2026-06-29 17:30:00+03:00,0.19282159245137742,-0.43265873525419374
2026-06-29 17:35:00+03:00,0.17135161539009403,-0.5396925408257023
2026-06-29 17:40:00+03:00,0.16610459216380066,-0.4323144254651978
2026-06-29 17:45:00+03:00,0.17353205257809204,-0.3216195577458845
2026-06-29 17:50:00+03:00,0.1672300672014252,-0.4359181803349459
2026-06-29 17:55:00+03:00,0.21555592503042004,0.0001555537050589882
2026-06-30 09:55:00+03:00,0.18927411626474505,-0.5050583131502601
2026-06-30 10:00:00+03:00,0.1567719447570804,-0.720639376447003
2026-06-30 10:05:00+03:00,0.13989931773725525,-0.6431114137940417
2026-06-30 10:10:00+03:00,0.12242298447805318,-0.7459129370804831
2026-06-30 10:15:00+03:00,0.10033403274482565,-0.9747100078009352
2026-06-30 10:20:00+03:00,0.08808647118854705,-0.9112622075013758
2026-06-30 10:25:00+03:00,0.09182305212364195,-0.6788181697980241
2026-06-30 10:30:00+03:00,0.10135351249818683,-0.5749235670061102
2026-06-30 10:35:00+03:00,0.11302409074341876,-0.5064632571072507
2026-06-30 10:40:00+03:00,0.15182542177023095,-0.2021691231347086
2026-06-30 10:45:00+03:00,0.15037753811329918,-0.46265057654965486
2026-06-30 10:50:00+03:00,0.14277937986026598,-0.5432541478261724
2026-06-30 10:55:00+03:00,0.1258270453781354,-0.7197491424229937
2026-06-30 11:00:00+03:00,0.12130371711780868,-0.6130062180176761
2026-06-30 11:05:00+03:00,0.10921747529797217,-0.7606766162776123
2026-06-30 11:10:00+03:00,0.12306365284125326,-0.45026993453258807
2026-06-30 11:15:00+03:00,0.11295127515089895,-0.7151454291431636
2026-06-30 11:20:00+03:00,0.11424217059432638,-0.5914007096183139
2026-06-30 11:25:00+03:00,0.12364854866002907,-0.4820834786905471
2026-06-30 11:30:00+03:00,0.12634228901415212,-0.5256234086875685
2026-06-30 11:35:00+03:00,0.12784662361775306,-0.5293017821113508
2026-06-30 11:40:00+03:00,0.12702755192939152,-0.5527795749028844
2026-06-30 11:45:00+03:00,0.13170902549123553,-0.48756182280999993
2026-06-30 11:50:00+03:00,0.13341547737563145,-0.5045792940719946
2026-06-30 11:55:00+03:00,0.13168707674944174,-0.5404705213100142
2026-06-30 12:00:00+03:00,0.13998687848956934,-0.4287601442372296
2026-06-30 12:05:00+03:00,0.1510538836449243,-0.37087838530143563
2026-06-30 12:10:00+03:00,0.18662433205191714,-0.1283218623794637
2026-06-30 12:15:00+03:00,0.20728850953307412,-0.15153543118743307
2026-06-30 12:20:00+03:00,0.21374102166270667,-0.20975114565068878
2026-06-30 12:25:00+03:00,0.20638202320408786,-0.31140478513808434
2026-06-30 12:30:00+03:00,0.21515571814489187,-0.19332580335801325
2026-06-30 12:35:00+03:00,0.2522304377959016,0.03144237451873325
2026-06-30 12:40:00+03:00,0.23329233043969394,-0.29987157333662307
2026-06-30 12:45:00+03:00,0.21045089941358727,-0.3996495241926552
2026-06-30 12:50:00+03:00,0.21792248996748587,-0.19288911640316014
2026-06-30 12:55:00+03:00,0.21756156177468963,-0.2370164415730351
2026-06-30 13:00:00+03:00,0.21222587796388495,-0.2813591716937306
2026-06-30 13:05:00+03:00,0.20823556026278536,-0.28524279440090095
2026-06-30 13:10:00+03:00,0.20224566216981388,-0.31574645919698713
2026-06-30 13:15:00+03:00,0.1999824405205617,-0.29974989148068903
2026-06-30 13:20:00+03:00,0.19850084748303368,-0.2995007856935561
2026-06-30 13:25:00+03:00,0.20413579338474055,-0.24107739240876142
2026-06-30 13:30:00+03:00,0.20828460837554727,-0.2377441181191659
2026-06-30 13:35:00+03:00,0.20508416142479238,-0.2899647904768926
2026-06-30 13:40:00+03:00,0.19246513157850745,-0.39112790857156854
2026-06-30 13:45:00+03:00,0.18687485671595055,-0.36252847829377244
2026-06-30 13:50:00+03:00,0.19072686290129265,-0.29072570830234806
2026-06-30 13:55:00+03:00,0.19077013652806196,-0.31390884270422925
2026-06-30 14:00:00+03:00,0.1792513167589141,-0.43011573238787
2026-06-30 14:05:00+03:00,0.16373030893678428,-0.5216152227818162
2026-06-30 14:10:00+03:00,0.19962185934555124,-0.09468606609839399
2026-06-30 14:15:00+03:00,0.20754706951441038,-0.21868835584748772
2026-06-30 14:20:00+03:00,0.2169290658940162,-0.18532767202922412
2026-06-30 14:25:00+03:00,0.25165066231494276,0.019858656296242772
2026-06-30 14:30:00+03:00,0.2269466507290842,-0.35644396319597227
2026-06-30 14:35:00+03:00,0.21400196004255384,-0.32248102467175016
2026-06-30 14:40:00+03:00,0.1999482463730965,-0.3754055629444924
2026-06-30 14:45:00+03:00,0.1893631668319786,-0.3878079303594881
2026-06-30 14:50:00+03:00,0.19094455068838675,-0.3038753088276034
2026-06-30 14:55:00+03:00,0.23511031781118816,0.025016207424080554
2026-06-30 15:00:00+03:00,0.39816741708185516,0.8424227280339647
2026-06-30 15:05:00+03:00,0.4061415201834112,0.22833564670793516
2026-06-30 15:10:00+03:00,0.44410604984183244,0.4175434421175057
2026-06-30 15:15:00+03:00,0.4883287368935504,0.5275806984978041
2026-06-30 15:20:00+03:00,0.5622134142122885,0.8086000235674367
2026-06-30 15:25:00+03:00,0.6107053536882056,0.8032685959965629
2026-06-30 15:30:00+03:00,0.6773752287008277,1.0769569524143119
2026-06-30 15:35:00+03:00,0.7209512664057693,1.068834860787357
2026-06-30 15:40:00+03:00,0.7507664276231913,1.0759627039709818
2026-06-30 15:45:00+03:00,0.7795115678813548,1.1639964351147585
2026-06-30 15:50:00+03:00,0.7890768955884098,1.0691573248271928
2026-06-30 15:55:00+03:00,0.8177929868049217,1.3136239191802555
2026-06-30 16:00:00+03:00,0.8398784339889493,1.353624741196155
2026-06-30 16:05:00+03:00,0.8467189100972359,1.2515650132773273
2026-06-30 16:10:00+03:00,0.824376122543423,0.9854203045433679
2026-06-30 16:15:00+03:00,0.7978015120735412,0.8925527836610888
2026-06-30 16:20:00+03:00,0.7806625749991325,0.8969336188870167
2026-06-30 16:25:00+03:00,0.7616356068937167,0.8407424950002731
2026-06-30 16:30:00+03:00,0.7476818441258066,0.831648455126553
2026-06-30 16:35:00+03:00,0.7790164812568147,1.180661866462238
2026-06-30 16:40:00+03:00,0.7653530873594405,0.8759744296264949
2026-06-30 16:45:00+03:00,0.7431936777275409,0.7830028810722715
2026-06-30 16:50:00+03:00,0.7149698725504992,0.694137868952467
2026-06-30 16:55:00+03:00,0.6984470249616335,0.7088868412890894
2026-06-30 17:00:00+03:00,0.6932262291334673,0.7468546757251836
2026-06-30 17:05:00+03:00,0.7000581298550517,0.8173457040673846
2026-06-30 17:10:00+03:00,0.7039035882270884,0.8123615023485524
2026-06-30 17:15:00+03:00,0.6872409778834541,0.6843414937158343
2026-06-30 17:20:00+03:00,0.7170658617751207,0.9771513353432973
2026-06-30 17:25:00+03:00,0.7214293732331226,0.856631116532162
2026-06-30 17:30:00+03:00,0.7298225935613794,0.897502343771193
2026-06-30 17:35:00+03:00,0.6996923172609429,0.65392616133062
2026-06-30 17:40:00+03:00,0.7198840614781473,0.9327829858451063
2026-06-30 17:45:00+03:00,0.7389449189095244,0.9781228627513939
2026-06-30 17:50:00+03:00,0.7526717011991539,0.9866353148626507
2026-06-30 17:55:00+03:00,0.7684544105690058,1.0442163873690427
2026-07-01 09:55:00+03:00,0.7723658481442116,0.9868128188305192
2026-07-01 10:00:00+03:00,0.8044641121233255,1.2854131613180666
2026-07-01 10:05:00+03:00,0.775073361965445,0.8233963071246191
2026-07-01 10:10:00+03:00,0.7497652445517256,0.7836280192983329
2026-07-01 10:15:00+03:00,0.6944290421367016,0.5413350079696146
2026-07-01 10:20:00+03:00,0.5973147135092857,0.19071220637511893
2026-07-01 10:25:00+03:00,0.6267131039448384,0.7529052049373542
2026-07-01 10:30:00+03:00,0.6480477803006393,0.7645458988986068
2026-07-01 10:35:00+03:00,0.5995412006720695,0.38392646183909945
2026-07-01 10:40:00+03:00,0.5669331727077346,0.3823702523446283
2026-07-01 10:45:00+03:00,0.5309403778471643,0.300130797729056
2026-07-01 10:50:00+03:00,0.49982917701229684,0.2587138144200767
2026-07-01 10:55:00+03:00,0.41534428179402844,-0.15731177762868132
2026-07-01 11:00:00+03:00,0.3669875006309561,-0.09743368217438683
2026-07-01 11:05:00+03:00,0.36869395400680227,0.1280724744665042
2026-07-01 11:10:00+03:00,0.31397998845631625,-0.27247222156544254
2026-07-01 11:15:00+03:00,0.29322430716065023,-0.14361691147483777
2026-07-01 11:20:00+03:00,0.2999267642982438,0.002664399747693523
2026-07-01 11:25:00+03:00,0.3133011327069756,0.06096284914304709
2026-07-01 11:30:00+03:00,0.32355200503299303,0.0694981897233372
2026-07-01 11:35:00+03:00,0.32262153964583407,0.019125051581047027
2026-07-01 11:40:00+03:00,0.3290315404047729,0.06480953520054572
2026-07-01 11:45:00+03:00,0.3083503493723954,-0.10545775583774222
2026-07-01 11:50:00+03:00,0.28815857088237234,-0.1536999215709404
2026-07-01 11:55:00+03:00,0.295996120511502,-0.0010434720000305681
2026-07-01 12:00:00+03:00,0.28153985233821527,-0.14129071594858345
2026-07-01 12:05:00+03:00,0.29889980528249116,0.04715224942767124
2026-07-01 12:10:00+03:00,0.29384511794404206,-0.06518102583227192
2026-07-01 12:15:00+03:00,0.31474733516058756,0.09584578056924455
2026-07-01 12:20:00+03:00,0.3482753026468013,0.21501361526936
2026-07-01 12:25:00+03:00,0.36163049164020317,0.1611262862686259
2026-07-01 12:30:00+03:00,0.3735437544225856,0.1792885034655075
2026-07-01 12:35:00+03:00,0.3755491127850178,0.14331524470747237
2026-07-01 12:40:00+03:00,0.3813766965078305,0.17058036959979875
2026-07-01 12:45:00+03:00,0.3894410911378344,0.19565987463155998
2026-07-01 12:50:00+03:00,0.3421281508623078,-0.15440223236929573
2026-07-01 12:55:00+03:00,0.33672725555285676,0.03045043040820123
2026-07-01 13:00:00+03:00,0.34734895374453595,0.12084185313824858
2026-07-01 13:05:00+03:00,0.36372261770139125,0.17748405004068338
2026-07-01 13:10:00+03:00,0.40441429302324,0.35181310853966546
2026-07-01 13:15:00+03:00,0.34251112069203643,-0.23176375706902896
2026-07-01 13:20:00+03:00,0.3065705423192481,-0.18800461102831167
2026-07-01 13:25:00+03:00,0.26346403237253907,-0.35738954478601853
2026-07-01 13:30:00+03:00,0.21312575915939164,-0.6120818614330523
2026-07-01 13:35:00+03:00,0.21428900930274014,-0.23765004876683168
2026-07-01 13:40:00+03:00,0.21196492128985742,-0.2643610095540117
2026-07-01 13:45:00+03:00,0.20827714244275955,-0.2833079944153966
2026-07-01 13:50:00+03:00,0.20864910098192035,-0.25832190226206136
2026-07-01 13:55:00+03:00,0.19340633419156056,-0.4061183781015806
2026-07-01 14:00:00+03:00,0.16295061456634485,-0.6642818917987896
2026-07-01 14:05:00+03:00,0.16530495932143385,-0.38159139609878284
2026-07-01 14:10:00+03:00,0.20902033736061978,-0.03555580201602863
2026-07-01 14:15:00+03:00,0.22928503013586396,-0.09855207721337085
2026-07-01 14:20:00+03:00,0.26954192250329717,0.08220527530119484
2026-07-01 14:25:00+03:00,0.2562394104752856,-0.20160945892197812
2026-07-01 14:30:00+03:00,0.24877989827323096,-0.1902203557208015
2026-07-01 14:35:00+03:00,0.21409309898941598,-0.47327335554282873
2026-07-01 14:40:00+03:00,0.2502266597240263,0.0229360695302778
2026-07-01 14:45:00+03:00,0.29198368343322617,0.13502239167532198
2026-07-01 14:50:00+03:00,0.3621474653546558,0.3838247277534894
2026-07-01 14:55:00+03:00,0.5099495781337993,1.0609868035559178
2026-07-01 15:00:00+03:00,0.5907244816860107,0.911976950601441
2026-07-01 15:05:00+03:00,0.6853680203381369,1.3111244175968282
2026-07-01 15:10:00+03:00,0.717846352392159,0.9941578179319299
2026-07-01 15:15:00+03:00,0.7518527933737,1.1061141084382935
2026-07-01 15:20:00+03:00,0.7613225754015316,0.9870182251487871
2026-07-01 15:25:00+03:00,0.7918593399713487,1.222384687121582
2026-07-01 15:30:00+03:00,0.8070404866602066,1.1654077097033517
2026-07-01 15:35:00+03:00,0.8017743928508958,1.018314943723604
2026-07-01 15:40:00+03:00,0.788314074089802,0.9357513777289083
2026-07-01 15:45:00+03:00,0.7897858284523074,1.0226456649157212
2026-07-01 15:50:00+03:00,0.7719091173103928,0.8713434114696942
2026-07-01 15:55:00+03:00,0.7858616481117183,1.086557318940854
2026-07-01 16:00:00+03:00,0.8261921555653956,1.4709035214686228
2026-07-01 16:05:00+03:00,0.857619267299903,1.5538984264097155
2026-07-01 16:10:00+03:00,0.8743415754867019,1.4762266473066283
2026-07-01 16:15:00+03:00,0.881249026911159,1.4074512691752175
2026-07-01 16:20:00+03:00,0.8824758898889482,1.3577583731755298
2026-07-01 16:25:00+03:00,0.8923783473699486,1.5019846066798141
2026-07-01 16:30:00+03:00,0.9041127543170954,1.6025082260911592
2026-07-01 16:35:00+03:00,0.8984096034672491,1.3676058137153588
2026-07-01 16:40:00+03:00,0.9064636516222456,1.5678188267979367
2026-07-01 16:45:00+03:00,0.8460332942421034,0.8445653328086635
2026-07-01 16:50:00+03:00,0.7714467563041463,0.6185736705022163
2026-07-01 16:55:00+03:00,0.7356875272070633,0.7062339581759847
2026-07-01 17:00:00+03:00,0.7622116694227586,1.09129910010946
2026-07-01 17:05:00+03:00,0.7563040562299629,0.8921404414705748
2026-07-01 17:10:00+03:00,0.7283013548923729,0.723821232287596
2026-07-01 17:15:00+03:00,0.7151025718261192,0.7600352110182387
2026-07-01 17:20:00+03:00,0.6480591365914186,0.4058951065292155
2026-07-01 17:25:00+03:00,0.6746322234466201,0.8508567571065171
2026-07-01 17:30:00+03:00,0.6061821882162267,0.3200524747776222
2026-07-01 17:35:00+03:00,0.5205653645279443,0.08067789701357221
2026-07-01 17:40:00+03:00,0.45821826871807014,0.0469458590001009
2026-07-01 17:45:00+03:00,0.4397484090089309,0.1901590944946998
2026-07-01 17:50:00+03:00,0.463470880734305,0.40002607768994414
2026-07-01 17:55:00+03:00,0.5398162972500872,0.7685722630602684
2026-07-02 09:55:00+03:00,0.4595113864312437,-0.029932524341349662
2026-07-02 10:00:00+03:00,0.36672734764143344,-0.3446418394515997
2026-07-02 10:05:00+03:00,0.37082511025987225,0.1422164804290409
2026-07-02 10:10:00+03:00,0.3634752690236767,0.0795036508956702
2026-07-02 10:15:00+03:00,0.3212401389387553,-0.1824643915432984
2026-07-02 10:20:00+03:00,0.2947381554587089,-0.1693787714444352
2026-07-02 10:25:00+03:00,0.2348473826326287,-0.5996296832524812
2026-07-02 10:30:00+03:00,0.22016648838687167,-0.31407035320824633
2026-07-02 10:35:00+03:00,0.20231465413251354,-0.39325344488025143
2026-07-02 10:40:00+03:00,0.1766006016334612,-0.5537291941988396
2026-07-02 10:45:00+03:00,0.20927102771483028,-0.08693420217115788
2026-07-02 10:50:00+03:00,0.24208483908584594,-0.009927507421838982
2026-07-02 10:55:00+03:00,0.24318402833783145,-0.15987866590750746
2026-07-02 11:00:00+03:00,0.22740996460964938,-0.29851270644449424
2026-07-02 11:05:00+03:00,0.23040125644477508,-0.18348983788271156
2026-07-02 11:10:00+03:00,0.22412897131477058,-0.25199554162859306
2026-07-02 11:15:00+03:00,0.1901577423683757,-0.5668184883126748
2026-07-02 11:20:00+03:00,0.15964212704576639,-0.6825056909543116
2026-07-02 11:25:00+03:00,0.14020049647853686,-0.6680738415525938
2026-07-02 11:30:00+03:00,0.1290429880823324,-0.640216535416123
2026-07-02 11:35:00+03:00,0.12479605997122442,-0.5938315286105532
2026-07-02 11:40:00+03:00,0.1339860462769607,-0.4442631251099121
2026-07-02 11:45:00+03:00,0.11606997425811237,-0.7911053561324435
2026-07-02 11:50:00+03:00,0.12189510075950585,-0.5180520334265268
2026-07-02 11:55:00+03:00,0.13555493520191475,-0.40628090882284323
2026-07-02 12:00:00+03:00,0.1637913090491598,-0.22739698876969017
2026-07-02 12:05:00+03:00,0.17559309663637526,-0.28841920784042363
2026-07-02 12:10:00+03:00,0.2069260893355624,-0.09909364595609509
2026-07-02 12:15:00+03:00,0.18378545102350155,-0.5018398666237419
2026-07-02 12:20:00+03:00,0.1900602843777262,-0.27821889406696054
2026-07-02 12:25:00+03:00,0.17897324043899662,-0.4279880109767878
2026-07-02 12:30:00+03:00,0.16713804407607688,-0.47814306520177036
2026-07-02 12:35:00+03:00,0.1511333471467008,-0.5807962010283503
2026-07-02 12:40:00+03:00,0.14664568110110787,-0.5011679877611493
2026-07-02 12:45:00+03:00,0.15115027455400654,-0.41589943132666296
2026-07-02 12:50:00+03:00,0.16225228773477163,-0.33405332073661176
2026-07-02 12:55:00+03:00,0.1778610067103812,-0.25923403664095274
2026-07-02 13:00:00+03:00,0.19714129900055025,-0.18530416971720556
2026-07-02 13:05:00+03:00,0.2009667400005798,-0.26057205884458895
2026-07-02 13:10:00+03:00,0.20022356882229236,-0.2898022081884715
2026-07-02 13:15:00+03:00,0.2133051528077482,-0.17532838773298737
2026-07-02 13:20:00+03:00,0.24531654952625515,-0.006268960018914371
2026-07-02 13:25:00+03:00,0.2789275236281994,0.07394689309718339
2026-07-02 13:30:00+03:00,0.3080502421198911,0.11610129620229179
2026-07-02 13:35:00+03:00,0.317398976073372,0.052487136051129285
2026-07-02 13:40:00+03:00,0.3372206744777467,0.13781572992026644
2026-07-02 13:45:00+03:00,0.3367496490463241,0.05186596814643604
2026-07-02 13:50:00+03:00,0.3058999161832723,-0.16294598279340508
2026-07-02 13:55:00+03:00,0.25621471814726143,-0.42782412590040775
2026-07-02 14:00:00+03:00,0.24781061637421525,-0.19790712654915368
2026-07-02 14:05:00+03:00,0.2516521008190273,-0.12439315454220967
2026-07-02 14:10:00+03:00,0.2533202490152491,-0.13110588566930925
2026-07-02 14:15:00+03:00,0.2153199102281286,-0.4945378469131127
2026-07-02 14:20:00+03:00,0.19278322060626515,-0.4617808767564866
2026-07-02 14:25:00+03:00,0.19397454865414823,-0.29700522535739426
2026-07-02 14:30:00+03:00,0.19811500636500853,-0.2670536349163989
2026-07-02 14:35:00+03:00,0.2078859193688164,-0.20761414527938973
2026-07-02 14:40:00+03:00,0.26063128242608774,0.11574231569460314
2026-07-02 14:45:00+03:00,0.3088794500288292,0.19527359580157386
2026-07-02 14:50:00+03:00,0.326089329714138,0.1041008742952313
2026-07-02 14:55:00+03:00,0.34361826310926896,0.14151413153938605
2026-07-02 15:00:00+03:00,0.33638449117100444,0.021668885705145934
2026-07-02 15:05:00+03:00,0.34039605620301544,0.07875066975359707
2026-07-02 15:10:00+03:00,0.3513425933706203,0.13038890078394616
2026-07-02 15:15:00+03:00,0.36107232136859824,0.14529434249629827
2026-07-02 15:20:00+03:00,0.29014647500999136,-0.45955538887874703
2026-07-02 15:25:00+03:00,0.21634618645725417,-0.8712242711583905
2026-07-02 15:30:00+03:00,0.18840825949945428,-0.5222654122263065
2026-07-02 15:35:00+03:00,0.20065608911627023,-0.21385079019510478
2026-07-02 15:40:00+03:00,0.20879992971907335,-0.21402718390051184
2026-07-02 15:45:00+03:00,0.22449411046077086,-0.13305433701124397
2026-07-02 15:50:00+03:00,0.22882808392416307,-0.18053861124520862
2026-07-02 15:55:00+03:00,0.22481900354600112,-0.23712623849731784
2026-07-02 16:00:00+03:00,0.20865425197773185,-0.3604429950425971
2026-07-02 16:05:00+03:00,0.2349840706793272,-0.05599359831275744
2026-07-02 16:10:00+03:00,0.2505131024822691,-0.07030268925767512
2026-07-02 16:15:00+03:00,0.2906752233771157,0.12579720321424054
2026-07-02 16:20:00+03:00,0.3468294956847434,0.30048483761346656
2026-07-02 16:25:00+03:00,0.4021185172003501,0.4034452568731022
2026-07-02 16:30:00+03:00,0.42745826637393997,0.3370942092120031
2026-07-02 16:35:00+03:00,0.47426775466863225,0.510160589094909
2026-07-02 16:40:00+03:00,0.4591154680844275,0.24152718054140285
2026-07-02 16:45:00+03:00,0.3546660539196354,-0.469224522493208
2026-07-02 16:50:00+03:00,0.30030813820145436,-0.3116269045551085
2026-07-02 16:55:00+03:00,0.28802758146624247,-0.11412699569908422
2026-07-02 17:00:00+03:00,0.3043056351934072,0.05413165186452163
2026-07-02 17:05:00+03:00,0.31886471882369954,0.07782839278023164
2026-07-02 17:10:00+03:00,0.32725632202365695,0.06946795768060997
2026-07-02 17:15:00+03:00,0.3122120813986466,-0.06899329795489154
2026-07-02 17:20:00+03:00,0.3011515651134103,-0.07634479808678211
2026-07-02 17:25:00+03:00,0.28943983057545136,-0.10784232842935847
2026-07-02 17:30:00+03:00,0.2800985601019834,-0.11920907670747422
2026-07-02 17:35:00+03:00,0.2943644916062117,0.023819735698613786
2026-07-02 17:40:00+03:00,0.2796361284701765,-0.14753093001659828
2026-07-02 17:45:00+03:00,0.2984669233629041,0.052556085088036206
2026-07-02 17:50:00+03:00,0.3101635008522001,0.04701617134552312
2026-07-02 17:55:00+03:00,0.3228834434212366,0.07854808621816879
2026-07-03 09:55:00+03:00,0.2414784158712812,-0.801400413805087
2026-07-03 10:00:00+03:00,0.20992298443093724,-0.4652105898372448
2026-07-03 10:05:00+03:00,0.1802237912860972,-0.573064751292306
2026-07-03 10:10:00+03:00,0.16681305770985416,-0.49185317826169567
2026-07-03 10:15:00+03:00,0.24652401364262674,0.19640809447398147
2026-07-03 10:20:00+03:00,0.28170497997229216,0.08644063533370153
2026-07-03 10:25:00+03:00,0.30282135735545224,0.0716233078979564
2026-07-03 10:30:00+03:00,0.30839481281267533,0.016438375024950914
2026-07-03 10:35:00+03:00,0.34877433067260977,0.24294200891702677
2026-07-03 10:40:00+03:00,0.35247067800235937,0.1027566216984115
2026-07-03 10:45:00+03:00,0.2993420275381449,-0.30701779727083783
2026-07-03 10:50:00+03:00,0.26145730907686265,-0.3301357600089814
2026-07-03 10:55:00+03:00,0.22860808484635003,-0.4061576531882544
2026-07-03 11:00:00+03:00,0.2142172993762534,-0.3309361859372502
2026-07-03 11:05:00+03:00,0.20715404089104542,-0.3071939580352514
2026-07-03 11:10:00+03:00,0.237800906533613,-0.02949059418177038
2026-07-03 11:15:00+03:00,0.2628416371433387,0.0017530191645052525
2026-07-03 11:20:00+03:00,0.2718487413602333,-0.05080943546647415
2026-07-03 11:25:00+03:00,0.28723082104125897,0.013021189720209657
2026-07-03 11:30:00+03:00,0.33627336574944655,0.2523763070626567
2026-07-03 11:35:00+03:00,0.38055623311602704,0.3197439733284404
2026-07-03 11:40:00+03:00,0.39930670012072933,0.25715567095709574
2026-07-03 11:45:00+03:00,0.4061552107888143,0.22393182311270834
2026-07-03 11:50:00+03:00,0.39049600303240706,0.10132779702300251
2026-07-03 11:55:00+03:00,0.40120810446024646,0.22940259630688015
2026-07-03 12:00:00+03:00,0.3945184853811764,0.14653029271577966
2026-07-03 12:05:00+03:00,0.38468763740753864,0.11347505858686043
2026-07-03 12:10:00+03:00,0.3467647359203671,-0.09586589912674551
2026-07-03 12:15:00+03:00,0.34041922226881677,0.03438146325583141
2026-07-03 12:20:00+03:00,0.33065261923599915,-0.0022780671886248596
2026-07-03 12:25:00+03:00,0.34469955034100036,0.1294816875750781
2026-07-03 12:30:00+03:00,0.36637941101238297,0.20394336613706757
2026-07-03 12:35:00+03:00,0.37383329374362423,0.1619344163576664
2026-07-03 12:40:00+03:00,0.39633356865085057,0.26597308524209373
2026-07-03 12:45:00+03:00,0.3882436465469498,0.12798405771423002
2026-07-03 12:50:00+03:00,0.4348092119441843,0.4327490660770102
2026-07-03 12:55:00+03:00,0.46692331568081685,0.43893300247488853
2026-07-03 13:00:00+03:00,0.446529250917998,0.19600062142869018
2026-07-03 13:05:00+03:00,0.42614302809884586,0.1551185892481526
2026-07-03 13:10:00+03:00,0.3895036010240491,0.009099344301545232
2026-07-03 13:15:00+03:00,0.4052781005568225,0.2571936318039945
2026-07-03 13:20:00+03:00,0.39897591401298493,0.15714503099611205
2026-07-03 13:25:00+03:00,0.4097262311957869,0.2462561253211974
2026-07-03 13:30:00+03:00,0.41144931630614157,0.21415258234923568
2026-07-03 13:35:00+03:00,0.3822685831495543,0.026035868050787853
2026-07-03 13:40:00+03:00,0.3843757119978785,0.1616293466604058
2026-07-03 13:45:00+03:00,0.36575337698181937,0.03608000417878314
2026-07-03 13:50:00+03:00,0.35686166165904426,0.058884243104761605
2026-07-03 13:55:00+03:00,0.37425323279452855,0.2025489647658171
2026-07-03 14:00:00+03:00,0.35642858319093323,0.01916617339918973
2026-07-03 14:05:00+03:00,0.3173999496326409,-0.1756594077653018
2026-07-03 14:10:00+03:00,0.42761691559336684,0.6719571611592824
2026-07-03 14:15:00+03:00,0.47741589239125964,0.5280518991420657
2026-07-03 14:20:00+03:00,0.47710332407812733,0.33390286999661184
2026-07-03 14:25:00+03:00,0.44307474076892744,0.13403980201512683
2026-07-03 14:30:00+03:00,0.46984714219718926,0.42399747560827
2026-07-03 14:35:00+03:00,0.4903399813108457,0.43926848330772145
2026-07-03 14:40:00+03:00,0.5614877314188195,0.7942450419421014
2026-07-03 14:45:00+03:00,0.6409875263395419,1.0441182967678817
2026-07-03 14:50:00+03:00,0.7094018101514952,1.1972188542066577
2026-07-03 14:55:00+03:00,0.64439499861128,0.4066808276340097
2026-07-03 15:00:00+03:00,0.7534374843439501,2.0724901215341527
2026-07-03 15:05:00+03:00,0.8258867746485696,2.059866200820129
2026-07-03 15:10:00+03:00,0.8811448364769947,2.671553028045397
2026-07-03 15:15:00+03:00,0.9207312102249409,4.81711060227802
2026-07-03 15:20:00+03:00,0.9471283172367164,4.920225616685777
2026-07-03 15:25:00+03:00,0.9647127828945787,4.717159666549929
2026-07-03 15:30:00+03:00,0.9764429600338845,4.813907026076298
2026-07-03 15:35:00+03:00,0.9842586069087443,4.7515719125840326
2026-07-03 15:40:00+03:00,0.9894346624567085,4.434417860133666
2026-07-03 15:45:00+03:00,0.9929172412806447,4.719945211830386
2026-07-03 15:50:00+03:00,0.9952313688915613,4.635005347798188
2026-07-03 15:55:00+03:00,0.9967711245591925,4.605225867138811
2026-07-03 16:00:00+03:00,0.9977941030750932,4.5724002191915405
2026-07-03 16:05:00+03:00,0.9984472628436231,4.364994313891215
2026-07-03 16:10:00+03:00,0.998919548006281,4.650618404744881
2026-07-03 16:15:00+03:00,0.9992519793068029,4.88622310706849
2026-07-03 16:20:00+03:00,0.9994559759576692,4.650092294984005
2026-07-03 16:25:00+03:00,0.999607203872547,4.846476693535605
2026-07-03 16:30:00+03:00,0.9996559772561393,4.3648806822838555
2026-07-03 16:35:00+03:00,0.99973911371495,4.824302688969192
2026-07-03 16:40:00+03:00,0.999699488991343,4.157430008608016
2026-07-03 16:45:00+03:00,0.9996653390349124,4.128969965895311
2026-07-03 16:50:00+03:00,0.9996514219341718,4.161680171925952
2026-07-03 16:55:00+03:00,0.9996975264569681,4.441130328960176
2026-07-03 17:00:00+03:00,0.9997297496432548,4.45141941168748
2026-07-03 17:05:00+03:00,0.999682987860381,4.120031646091024
2026-07-03 17:10:00+03:00,0.999741493109127,4.631190517119117
2026-07-03 17:15:00+03:00,0.99978982032229,4.7368695017517535
2026-07-03 17:20:00+03:00,0.9998162996072321,4.6691201630730035
2026-07-03 17:25:00+03:00,0.9997551834321236,4.1737696345112765
2026-07-03 17:30:00+03:00,0.9997098836736347,4.156224115252044
2026-07-03 17:35:00+03:00,0.9994208925171152,3.6225507006422752
2026-07-03 17:40:00+03:00,0.9987377691607223,3.2282059102573006
2026-07-03 17:45:00+03:00,0.998911876559843,3.837267132266566
2026-07-03 17:50:00+03:00,0.9989779529430164,3.7486438485658082
2026-07-03 17:55:00+03:00,0.7070769389887229,-0.5620973696169607
2026-07-06 09:55:00+03:00,0.7965980119819359,2.1494473299346146
2026-07-06 10:00:00+03:00,0.8400686367125063,1.598440065557883
2026-07-06 10:05:00+03:00,0.7870917000422349,0.7432119679493122
2026-07-06 10:10:00+03:00,0.7634560747254532,0.8231436424248876
2026-07-06 10:15:00+03:00,0.7683601348612299,0.9811790924859061
2026-07-06 10:20:00+03:00,0.7188316476701201,0.6134795602922453
2026-07-06 10:25:00+03:00,0.6203387125674962,0.23081891406714605
2026-07-06 10:30:00+03:00,0.5657164357203273,0.2953317133848081
2026-07-06 10:35:00+03:00,0.4452884553580133,-0.2728248311777033
2026-07-06 10:40:00+03:00,0.5141575478687883,0.6800650845350992
2026-07-06 10:45:00+03:00,0.38995083093809824,-0.4857215867246454
2026-07-06 10:50:00+03:00,0.4009589204403272,0.23007648503887485
2026-07-06 10:55:00+03:00,0.4026477797980661,0.19656639332925196
2026-07-06 11:00:00+03:00,0.4284639980289139,0.3408595098854015
2026-07-06 11:05:00+03:00,0.4688214673526379,0.47444930924755174
2026-07-06 11:10:00+03:00,0.5001767221684992,0.5003994257409079
2026-07-06 11:15:00+03:00,0.527203665808824,0.536404958700886
2026-07-06 11:20:00+03:00,0.5181802343413519,0.37933099934811804
2026-07-06 11:25:00+03:00,0.42840800347743674,-0.15090212657194246
2026-07-06 11:30:00+03:00,0.38077423230230006,-0.06100827090393951
2026-07-06 11:35:00+03:00,0.45062880224108637,0.5543596418809799
2026-07-06 11:40:00+03:00,0.46830296883242084,0.38608210532586035
2026-07-06 11:45:00+03:00,0.4728754435159352,0.34455693663205983
2026-07-06 11:50:00+03:00,0.48367417568917304,0.38919181773452943
2026-07-06 11:55:00+03:00,0.559617933528089,0.812153338308253
2026-07-06 12:00:00+03:00,0.48871164232430503,0.07553499855081683
2026-07-06 12:05:00+03:00,0.4309857642908856,0.00756585911525829
2026-07-06 12:10:00+03:00,0.3872242590560491,-0.028103168722065888
2026-07-06 12:15:00+03:00,0.3924981472504728,0.19063218341070728
2026-07-06 12:20:00+03:00,0.3810345075522922,0.09909531676634938
2026-07-06 12:25:00+03:00,0.35793177450408553,-0.0009202840981102928
2026-07-06 12:30:00+03:00,0.3421872445833304,-0.0032213190247459174
2026-07-06 12:35:00+03:00,0.3466580758269905,0.09385375969708212
2026-07-06 12:40:00+03:00,0.3661429391698642,0.1947498542898016
2026-07-06 12:45:00+03:00,0.3669399038978321,0.1207212223336512
2026-07-06 12:50:00+03:00,0.3413998157760229,-0.04974552819728179
2026-07-06 12:55:00+03:00,0.3920910512467623,0.3665498999012353
2026-07-06 13:00:00+03:00,0.4045041938045121,0.24254475051049604
2026-07-06 13:05:00+03:00,0.4284548278270564,0.3336680513561186
2026-07-06 13:10:00+03:00,0.45077448705512263,0.370273808179018
2026-07-06 13:15:00+03:00,0.4638407102728867,0.3598307577203048
2026-07-06 13:20:00+03:00,0.49721763436686406,0.5025141588760618
2026-07-06 13:25:00+03:00,0.5222070120535105,0.518575691064774
2026-07-06 13:30:00+03:00,0.5222702120066254,0.4220833970949275
2026-07-06 13:35:00+03:00,0.4918433848251883,0.2457922518665702
2026-07-06 13:40:00+03:00,0.4742046870651255,0.2612871412209492
2026-07-06 13:45:00+03:00,0.49694752988929625,0.46070161744829397
2026-07-06 13:50:00+03:00,0.5063673074533716,0.42748858912726867
2026-07-06 13:55:00+03:00,0.4959222862680791,0.33112153293838226
2026-07-06 14:00:00+03:00,0.4688280085451456,0.21364654428192292
2026-07-06 14:05:00+03:00,0.5107394338829913,0.5627532610225209
2026-07-06 14:10:00+03:00,0.48222736512106185,0.23445319934197462
2026-07-06 14:15:00+03:00,0.47924754671496805,0.3277651523273206
2026-07-06 14:20:00+03:00,0.45091992147288296,0.1730582598338166
2026-07-06 14:25:00+03:00,0.4608908714855782,0.34227471642881097
2026-07-06 14:30:00+03:00,0.4497650761494044,0.23898494494626604
2026-07-06 14:35:00+03:00,0.4294770510194162,0.1622573124718111
2026-07-06 14:40:00+03:00,0.3784504932378595,-0.08264263792387735
2026-07-06 14:45:00+03:00,0.3756757510964897,0.12400115307774096
2026-07-06 14:50:00+03:00,0.40036281152917885,0.2822922969597361
2026-07-06 14:55:00+03:00,0.3209194548436283,-0.4092493149792804
2026-07-06 15:00:00+03:00,0.36010345687755724,0.26039904377860423
2026-07-06 15:05:00+03:00,0.31203687136858815,-0.23966486736223971
2026-07-06 15:10:00+03:00,0.2759206963711745,-0.2750228966930483
2026-07-06 15:15:00+03:00,0.26348451624158437,-0.17758649556986694
2026-07-06 15:20:00+03:00,0.2476843668173184,-0.23915387155289988
2026-07-06 15:25:00+03:00,0.27216903649459134,0.019956633256640936
2026-07-06 15:30:00+03:00,0.3214037046627886,0.223972808606536
2026-07-06 15:35:00+03:00,0.26718821677940074,-0.42091860022548305
2026-07-06 15:40:00+03:00,0.3679937599652007,0.5135212200893821
2026-07-06 15:45:00+03:00,0.41171528826107723,0.3774599017421544
2026-07-06 15:50:00+03:00,0.3523983494983913,-0.1904785236092715
2026-07-06 15:55:00+03:00,0.2957422755487187,-0.3405428717319073
2026-07-06 16:00:00+03:00,0.2740642196661339,-0.1987023137538715
2026-07-06 16:05:00+03:00,0.24783261949012733,-0.30001407252746753
2026-07-06 16:10:00+03:00,0.22167564693480526,-0.38381133290673713
2026-07-06 16:15:00+03:00,0.21189920032055318,-0.3092948860644966
2026-07-06 16:20:00+03:00,0.23533545195099723,-0.06879349481345355
2026-07-06 16:25:00+03:00,0.28083413572652377,0.12750697964429372
2026-07-06 16:30:00+03:00,0.25826966793504014,-0.2475315954364226
2026-07-06 16:35:00+03:00,0.26300647836321517,-0.09208086093958759
2026-07-06 16:40:00+03:00,0.2586031616349288,-0.14851061913245317
2026-07-06 16:45:00+03:00,0.3337941376181202,0.34869850200099894
2026-07-06 16:50:00+03:00,0.30341415920995934,-0.16697389487925163
2026-07-06 16:55:00+03:00,0.3015041353280592,-0.03272302564924004
2026-07-06 17:00:00+03:00,0.26895391564849896,-0.27453462089672376
2026-07-06 17:05:00+03:00,0.2609278011437054,-0.16119273650768712
2026-07-06 17:10:00+03:00,0.24193570596616226,-0.2742448657536458
2026-07-06 17:15:00+03:00,0.23317774741885994,-0.24035059018528707
2026-07-06 17:20:00+03:00,0.23390538179614795,-0.1862133761080614
2026-07-06 17:25:00+03:00,0.17778645066768353,-0.8957149766290914
2026-07-06 17:30:00+03:00,0.1876533976346947,-0.2641550863436063
2026-07-06 17:35:00+03:00,0.19831403661990937,-0.22915510063558378
2026-07-06 17:40:00+03:00,0.20402047100102721,-0.2409988934127972
2026-07-06 17:45:00+03:00,0.18309838985837917,-0.48684060378579513
2026-07-06 17:50:00+03:00,0.17748010916211804,-0.3945241234824027
2026-07-06 17:55:00+03:00,0.31521947657329225,0.555074432710352
2026-07-07 09:55:00+03:00,0.5182070265576424,1.5787388580573432
2026-07-07 10:00:00+03:00,0.6524475484052589,1.5568889190588735
2026-07-07 10:05:00+03:00,0.7366099951381417,1.4601078132353384
2026-07-07 10:10:00+03:00,0.7855349016561125,1.3505218924963098
2026-07-07 10:15:00+03:00,0.825058396252727,1.4554998379246529
2026-07-07 10:20:00+03:00,0.8673738104752327,1.812327062670205
2026-07-07 10:25:00+03:00,0.8877470151350619,1.609058804297027
2026-07-07 10:30:00+03:00,0.8243040306600409,0.7796864082669854
2026-07-07 10:35:00+03:00,0.8640331112438422,1.7296779490608372
2026-07-07 10:40:00+03:00,0.886445250800599,1.629487848195129
2026-07-07 10:45:00+03:00,0.8826270199403996,1.3125940750731826
2026-07-07 10:50:00+03:00,0.9041167744580421,1.7631337473212985
2026-07-07 10:55:00+03:00,0.9095951504102932,1.5544125554722423
2026-07-07 11:00:00+03:00,0.8819427455365567,1.1284451926327121
2026-07-07 11:05:00+03:00,0.8940270988924642,1.5391624393009442
2026-07-07 11:10:00+03:00,0.900985684636121,1.5185052727642903
2026-07-07 11:15:00+03:00,0.8973775212069861,1.3829093172669211
2026-07-07 11:20:00+03:00,0.8750392748784437,1.1410224625078358
2026-07-07 11:25:00+03:00,0.8967970783755058,1.701804622295215
2026-07-07 11:30:00+03:00,0.9127510781652672,1.7402898649387624
2026-07-07 11:35:00+03:00,0.8921040261123679,1.2143132247684307
2026-07-07 11:40:00+03:00,0.8232254739813599,0.7528128224881688
2026-07-07 11:45:00+03:00,0.8324706020512646,1.2148839430555172
2026-07-07 11:50:00+03:00,0.8382418709060566,1.2104481163075207
2026-07-07 11:55:00+03:00,0.8334986673661715,1.119707194285865
2026-07-07 12:00:00+03:00,0.8564450297648073,1.4457981057864504
2026-07-07 12:05:00+03:00,0.8707860357124559,1.4303759296705976
2026-07-07 12:10:00+03:00,0.8920507380394601,1.6548742966739731
2026-07-07 12:15:00+03:00,0.9118295159504877,1.8058820037114025
2026-07-07 12:20:00+03:00,0.89927340735646,1.308966722526631
2026-07-07 12:25:00+03:00,0.8985699773661261,1.41826964652832
2026-07-07 12:30:00+03:00,0.8739192088113766,1.1217127866360053
2026-07-07 12:35:00+03:00,0.8712934221644126,1.2744928600237155
2026-07-07 12:40:00+03:00,0.8432977903614585,1.006962115895819
2026-07-07 12:45:00+03:00,0.8277010100003531,1.0337523442188874
2026-07-07 12:50:00+03:00,0.8308563216741994,1.1645772342348963
2026-07-07 12:55:00+03:00,0.7968898000451717,0.8537141227428146
2026-07-07 13:00:00+03:00,0.6615604344368234,0.16629235474224305
2026-07-07 13:05:00+03:00,0.5315823044081801,-0.09414982214441478
2026-07-07 13:10:00+03:00,0.5190762485539295,0.3676834778025326
2026-07-07 13:15:00+03:00,0.4148173759757675,-0.2673357167891379
2026-07-07 13:20:00+03:00,0.3259787039189564,-0.45953040509535475
2026-07-07 13:25:00+03:00,0.250646596602701,-0.6751486903823888
2026-07-07 13:30:00+03:00,0.1922378346394785,-0.8233173693105728
2026-07-07 13:35:00+03:00,0.1496805388773275,-0.9034656859700729
2026-07-07 13:40:00+03:00,0.1262468267387756,-0.7967132439533864
2026-07-07 13:45:00+03:00,0.10914251820438484,-0.8266738101565527
2026-07-07 13:50:00+03:00,0.0767724922381611,-1.7357065512805776
2026-07-07 13:55:00+03:00,0.058926186875620505,-1.4145611188519698
2026-07-07 14:00:00+03:00,0.05229305904082566,-1.157915508317018
2026-07-07 14:05:00+03:00,0.046899460769084064,-1.196605100549256
2026-07-07 14:10:00+03:00,0.044330867474937016,-1.1557851431999968
2026-07-07 14:15:00+03:00,0.036881587290618696,-1.4417187651462766
2026-07-07 14:20:00+03:00,0.028795350272081036,-1.7124373771671644
2026-07-07 14:25:00+03:00,0.024975001054504602,-1.5579755571098428
2026-07-07 14:30:00+03:00,0.020531890014191274,-1.7515689396476404
2026-07-07 14:35:00+03:00,0.01666706035199933,-1.879867873632412
2026-07-07 14:40:00+03:00,0.012799052804579599,-2.1543741196389243
2026-07-07 14:45:00+03:00,0.010063784134258149,-2.201318917378946
2026-07-07 14:50:00+03:00,0.007437125590187925,-2.559184791783736
2026-07-07 14:55:00+03:00,0.005433095059913985,-2.7643448147225045
2026-07-07 15:00:00+03:00,0.003916661892635016,-2.9937958984763133
2026-07-07 15:05:00+03:00,0.0028561892142449966,-3.0821534690043277
2026-07-07 15:10:00+03:00,0.00218013493513637,-3.0250934811931995
2026-07-07 15:15:00+03:00,0.0020574189055438557,-2.648908116666001
2026-07-07 15:20:00+03:00,0.0019882682093343407,-2.6389379393070636
2026-07-07 15:25:00+03:00,0.0018434090580219866,-2.722814133437655
2026-07-07 15:30:00+03:00,0.0015837609623916558,-2.9044738989990093
2026-07-07 15:35:00+03:00,0.0013538254424634553,-2.9883078970799177
2026-07-07 15:40:00+03:00,0.001263913756995015,-2.895699744358764
2026-07-07 15:45:00+03:00,0.0015826592378161768,-2.551249209166513
2026-07-07 15:50:00+03:00,0.0018988072949933383,-2.488213132802133
2026-07-07 15:55:00+03:00,0.0018970067898010615,-2.6277821804238597
2026-07-07 16:00:00+03:00,0.0016405340729186491,-2.8768052255909073
2026-07-07 16:05:00+03:00,0.0012687067810422533,-3.243790113977333
2026-07-07 16:10:00+03:00,0.0009741217225124083,-3.3927637908864456
2026-07-07 16:15:00+03:00,0.0008481617798009717,-3.1827556644855477
2026-07-07 16:20:00+03:00,0.0005949400286501614,-4.098220171534375
2026-07-07 16:25:00+03:00,0.0004163786457287001,-4.290663173240237
2026-07-07 16:30:00+03:00,0.0003220091334237174,-3.9017798932172907
2026-07-07 16:35:00+03:00,0.0002855316067831198,-3.6777325391368896
2026-07-07 16:40:00+03:00,0.0002541263229856259,-3.7282978729624956
2026-07-07 16:45:00+03:00,0.0001835542693365697,-4.451138326088934
2026-07-07 16:50:00+03:00,0.000149911845819934,-4.131147054769036
2026-07-07 16:55:00+03:00,0.00012356383018531238,-4.204804869197283
2026-07-07 17:00:00+03:00,0.00010004981021494143,-4.34399691085271
2026-07-07 17:05:00+03:00,9.47024997564359e-05,-4.123194881679777
2026-07-07 17:10:00+03:00,0.00026460400357837516,-3.176226411289421
2026-07-07 17:15:00+03:00,0.00022857894329555967,-3.8245942620472473
2026-07-07 17:20:00+03:00,0.000185465366215035,-4.043254342854641
2026-07-07 17:25:00+03:00,0.00016000928538370153,-3.997809417241079
2026-07-07 17:30:00+03:00,0.00014626917016121526,-3.956972914024263
2026-07-07 17:35:00+03:00,0.00014272335067807993,-3.893351741611713
2026-07-07 17:40:00+03:00,0.00020595843211747427,-3.4631655014052445
2026-07-07 17:45:00+03:00,0.00022133443298075867,-3.5959297905960863
2026-07-07 17:50:00+03:00,0.00037027089338880094,-3.128097667491947
2026-07-07 17:55:00+03:00,0.000556924009001177,-2.969207086154564
2026-07-08 09:55:00+03:00,0.021653631062623344,-0.9092059874956947
2026-07-08 10:00:00+03:00,0.016958524733489713,-1.9603013442391952
2026-07-08 10:05:00+03:00,0.015207249867031217,-1.7491145353375195
2026-07-08 10:10:00+03:00,0.01295155283809707,-1.9075714856180686
2026-07-08 10:15:00+03:00,0.01095332759775278,-2.001011108069661
2026-07-08 10:20:00+03:00,0.009273523536063297,-2.0794377787426583
2026-07-08 10:25:00+03:00,0.0075078789350028,-2.270778754962088
2026-07-08 10:30:00+03:00,0.006612576473779683,-2.177894607849461
2026-07-08 10:35:00+03:00,0.005804685025731006,-2.2457224576449315
2026-07-08 10:40:00+03:00,0.0053775287685112125,-2.2087235478371965
2026-07-08 10:45:00+03:00,0.005740545750147354,-2.0363100356215837
2026-07-08 10:50:00+03:00,0.005864249043236236,-2.0635633882560493
2026-07-08 10:55:00+03:00,0.01667190145062473,-1.1674636977175878
2026-07-08 11:00:00+03:00,0.01208505703851133,-2.4208799223531248
2026-07-08 11:05:00+03:00,0.009569759032176915,-2.207027442543905
2026-07-08 11:10:00+03:00,0.039281477633884704,-0.6819984536768018
2026-07-08 11:15:00+03:00,0.19150669514789095,0.3713165371660951
2026-07-08 11:20:00+03:00,0.3377000591771967,0.6345874485517556
2026-07-08 11:25:00+03:00,0.3796388347662246,0.3089375958128672
2026-07-08 11:30:00+03:00,0.3194944878676606,-0.2883917727327952
2026-07-08 11:35:00+03:00,0.29255100202408696,-0.17744952052666735
2026-07-08 11:40:00+03:00,0.3508241454216226,0.3163691253140809
2026-07-08 11:45:00+03:00,0.3084783083967697,-0.2176129205590317
2026-07-08 11:50:00+03:00,0.33485612573368617,0.15965316365021714
2026-07-08 11:55:00+03:00,0.36492770026682725,0.2341933371683587
2026-07-08 12:00:00+03:00,0.4410090052985981,0.5599870434777127
2026-07-08 12:05:00+03:00,0.5470920249435385,0.9301295900175006
2026-07-08 12:10:00+03:00,0.610380348748224,0.8733245829045996
2026-07-08 12:15:00+03:00,0.6462707396984944,0.8275583203325505
2026-07-08 12:20:00+03:00,0.6684389038869499,0.815125027062625
2026-07-08 12:25:00+03:00,0.6192589073990056,0.419203884887326
2026-07-08 12:30:00+03:00,0.5707285054641599,0.3284960369508677
2026-07-08 12:35:00+03:00,0.486066652407323,0.010248599076151148
2026-07-08 12:40:00+03:00,0.49052331474052424,0.3779939558016557
2026-07-08 12:45:00+03:00,0.478718866655348,0.29269758232934606
2026-07-08 12:50:00+03:00,0.47771319071331925,0.33240962599287466
2026-07-08 12:55:00+03:00,0.5040751123455842,0.4885459445861203
2026-07-08 13:00:00+03:00,0.43419784402658457,-0.0401832860172872
2026-07-08 13:05:00+03:00,0.3802672128706979,-0.09226032614630561
2026-07-08 13:10:00+03:00,0.30245064327738946,-0.4651899743416961
2026-07-08 13:15:00+03:00,0.2681348739994453,-0.2874974368316466
2026-07-08 13:20:00+03:00,0.2220094150398186,-0.5339449480833368
2026-07-08 13:25:00+03:00,0.18649207197431877,-0.5977876119711937
2026-07-08 13:30:00+03:00,0.16112515027584015,-0.6220541669251054
2026-07-08 13:35:00+03:00,0.17341886107735316,-0.2920074244431295
2026-07-08 13:40:00+03:00,0.17160256547136038,-0.3885731552864737
2026-07-08 13:45:00+03:00,0.13739690102660052,-0.8694289204255035
2026-07-08 13:50:00+03:00,0.12506833303010947,-0.6728668306623387
2026-07-08 13:55:00+03:00,0.10637089808804819,-0.8695002156067536
2026-07-08 14:00:00+03:00,0.10642335269038788,-0.6412223414671707
2026-07-08 14:05:00+03:00,0.11530417485949283,-0.5200432826963054
2026-07-08 14:10:00+03:00,0.13987234756817174,-0.31967121674115273
2026-07-08 14:15:00+03:00,0.14697942415349113,-0.4122206130757176
2026-07-08 14:20:00+03:00,0.19491962253253303,-0.04862749916941141
2026-07-08 14:25:00+03:00,0.19937826814941112,-0.2615084766718185
2026-07-08 14:30:00+03:00,0.16199081032716864,-0.7474441676951351
2026-07-08 14:35:00+03:00,0.15808512270340716,-0.4520794672090437
2026-07-08 14:40:00+03:00,0.11809809382094842,-1.1695940511448184
2026-07-08 14:45:00+03:00,0.0863309175279649,-1.4238856027412221
2026-07-08 14:50:00+03:00,0.0877466927890934,-0.727525754753529
2026-07-08 14:55:00+03:00,0.08406210352010965,-0.8146288966107231
2026-07-08 15:00:00+03:00,0.10350096436319028,-0.4824080070302348
2026-07-08 15:05:00+03:00,0.1164273292240865,-0.48279562229782036
2026-07-08 15:10:00+03:00,0.13411811416408112,-0.3833409247586224
2026-07-08 15:15:00+03:00,0.15453470154857224,-0.30001878103478186
2026-07-08 15:20:00+03:00,0.1997531531745942,-0.05004730518979786
2026-07-08 15:25:00+03:00,0.29276928348286996,0.33837038203292097
2026-07-08 15:30:00+03:00,0.4483760072669865,0.9309997978345634
2026-07-08 15:35:00+03:00,0.5169461963204804,0.6847036517965234
2026-07-08 15:40:00+03:00,0.4813593745341635,0.2048291205512875
2026-07-08 15:45:00+03:00,0.46029491398295086,0.22060869928048815
2026-07-08 15:50:00+03:00,0.4965989798107479,0.5127429625649456
2026-07-08 15:55:00+03:00,0.5207448169722313,0.5124091595246227
2026-07-08 16:00:00+03:00,0.5250471654435452,0.4437514502312489
2026-07-08 16:05:00+03:00,0.5528786405857384,0.5907363088502013
2026-07-08 16:10:00+03:00,0.5780552526752701,0.6311361146880682
2026-07-08 16:15:00+03:00,0.6325000513413473,0.8843550294238498
2026-07-08 16:20:00+03:00,0.6030806955064717,0.4641989591596701
2026-07-08 16:25:00+03:00,0.5438970465881469,0.23509407942023075
2026-07-08 16:30:00+03:00,0.5901983610274039,0.7468908975195057
2026-07-08 16:35:00+03:00,0.5231896166763123,0.16280456419531017
2026-07-08 16:40:00+03:00,0.46937654707763143,0.10668210828571756
2026-07-08 16:45:00+03:00,0.44615126263461546,0.18395269786159546
2026-07-08 16:50:00+03:00,0.46447730255873737,0.3812423686890667
2026-07-08 16:55:00+03:00,0.42740788930544915,0.08896693907967314
2026-07-08 17:00:00+03:00,0.339491959542917,-0.40352237549816145
2026-07-08 17:05:00+03:00,0.2634372840423366,-0.6174954301180449
2026-07-08 17:10:00+03:00,0.23123945652388092,-0.3924494778953792
2026-07-08 17:15:00+03:00,0.21620801612203427,-0.3286863236333737
2026-07-08 17:20:00+03:00,0.20311885304251456,-0.35841166910177424
2026-07-08 17:25:00+03:00,0.21487438888593252,-0.17818532840314424
2026-07-08 17:30:00+03:00,0.26682270289168064,0.1252211947075215
2026-07-08 17:35:00+03:00,0.2955173752883403,0.08820589271830799
2026-07-08 17:40:00+03:00,0.33473616647956056,0.2107478849772314
2026-07-08 17:45:00+03:00,0.2670376954428305,-0.5259968953707577
2026-07-08 17:50:00+03:00,0.21332210533339063,-0.644443338809233
2026-07-08 17:55:00+03:00,0.15272480380039477,-1.2639767168812603
2026-07-09 09:55:00+03:00,0.2553564492269553,0.303346679076791
2026-07-09 10:00:00+03:00,0.46952311525463075,1.4218857386051342
2026-07-09 10:05:00+03:00,0.6247005668746509,1.65861676707081
2026-07-09 10:10:00+03:00,0.7276414770434192,1.6466430547591915
2026-07-09 10:15:00+03:00,0.7758713130872158,1.3010338956468768
2026-07-09 10:20:00+03:00,0.7904652690437388,1.1054241416820414
2026-07-09 10:25:00+03:00,0.8098089105562772,1.2056235577749623
2026-07-09 10:30:00+03:00,0.8338412235091225,1.3436722707113917
2026-07-09 10:35:00+03:00,0.7720950956911626,0.6731186624741343
2026-07-09 10:40:00+03:00,0.7737892979155176,0.9784305112175231
2026-07-09 10:45:00+03:00,0.7469446797340534,0.7702593522599036
2026-07-09 10:50:00+03:00,0.7930837314346944,1.3597980530626976
2026-07-09 10:55:00+03:00,0.8496786403743785,1.9408939949352773
2026-07-09 11:00:00+03:00,0.890859233652914,2.102821401118482
2026-07-09 11:05:00+03:00,0.8660051906639508,1.0946100301448725
2026-07-09 11:10:00+03:00,0.7678007384016116,0.5170200469787625
2026-07-09 11:15:00+03:00,0.7661358376720029,0.9394893236434616
2026-07-09 11:20:00+03:00,0.7635852215044792,0.9281001059162585
2026-07-09 11:25:00+03:00,0.7675540076727105,0.9737718333343166
2026-07-09 11:30:00+03:00,0.7067426565084141,0.5440280466293053
2026-07-09 11:35:00+03:00,0.561790315243604,-0.09352053479204285
2026-07-09 11:40:00+03:00,0.5107430451362727,0.2017790426222816
2026-07-09 11:45:00+03:00,0.45719663979900227,0.08230674473259457
2026-07-09 11:50:00+03:00,0.4731287120889724,0.3886567703151278
2026-07-09 11:55:00+03:00,0.4497436384953091,0.1904877494432243
2026-07-09 12:00:00+03:00,0.44263132699715246,0.24073538765429928
2026-07-09 12:05:00+03:00,0.4075457663124567,0.05523277545659799
2026-07-09 12:10:00+03:00,0.374931915322851,-0.0054498974043233174
2026-07-09 12:15:00+03:00,0.36165253171409767,0.050329721599870814
2026-07-09 12:20:00+03:00,0.3840926652503824,0.24184455266241353
2026-07-09 12:25:00+03:00,0.3905088145732532,0.19122072020272357
2026-07-09 12:30:00+03:00,0.37093316884673017,0.043180770479984185
2026-07-09 12:35:00+03:00,0.30663625743578005,-0.35479050568535914
2026-07-09 12:40:00+03:00,0.2620581825314519,-0.37183675734800903
2026-07-09 12:45:00+03:00,0.2331793761613316,-0.3634318674312308
2026-07-09 12:50:00+03:00,0.3543766655137422,0.5671533906632714
2026-07-09 12:55:00+03:00,0.33858502503036725,-0.011529145297330583
2026-07-09 13:00:00+03:00,0.277135003024556,-0.43735521347380285
2026-07-09 13:05:00+03:00,0.23442466498090248,-0.45686681760023506
2026-07-09 13:10:00+03:00,0.21125645721468272,-0.39911981833100263
2026-07-09 13:15:00+03:00,0.18768109433693234,-0.48970966348670797
2026-07-09 13:20:00+03:00,0.16374301945101546,-0.5958669655730339
2026-07-09 13:25:00+03:00,0.16579380635951016,-0.381993607825758
2026-07-09 13:30:00+03:00,0.1759725985102846,-0.29708738316358535
2026-07-09 13:35:00+03:00,0.17731502939011265,-0.3484008267920184
2026-07-09 13:40:00+03:00,0.13540828784051792,-1.0176653277273437
2026-07-09 13:45:00+03:00,0.12362732021442112,-0.6747063274516045
2026-07-09 13:50:00+03:00,0.1036449825621325,-0.9105459585275935
2026-07-09 13:55:00+03:00,0.11177835787394845,-0.5412656886027889
2026-07-09 14:00:00+03:00,0.10878643585987165,-0.6602978695590955
2026-07-09 14:05:00+03:00,0.09309877136711128,-0.9265214883265378
2026-07-09 14:10:00+03:00,0.08159682288724178,-0.9530906787514536
2026-07-09 14:15:00+03:00,0.06950712229624446,-1.0829544778424665
2026-07-09 14:20:00+03:00,0.07799615403958475,-0.702464808890818
2026-07-09 14:25:00+03:00,0.10038928232082614,-0.4715080581758403
2026-07-09 14:30:00+03:00,0.11976312195474283,-0.42180442796693435
2026-07-09 14:35:00+03:00,0.16288104464415487,-0.15025213196363096
2026-07-09 14:40:00+03:00,0.18755003495394407,-0.18215081165118857
2026-07-09 14:45:00+03:00,0.20988568903144866,-0.13639974783352254
2026-07-09 14:50:00+03:00,0.2550614681648946,0.07238505538939367
2026-07-09 14:55:00+03:00,0.2905618263514265,0.10629170344436659
2026-07-09 15:00:00+03:00,0.33023676572520183,0.2036408641153478
2026-07-09 15:05:00+03:00,0.3793333843826608,0.3359191031491858
2026-07-09 15:10:00+03:00,0.4055082810091899,0.29801151467185283
2026-07-09 15:15:00+03:00,0.44674083186816455,0.43518571971687076
2026-07-09 15:20:00+03:00,0.44532232876968236,0.2682124981420969
2026-07-09 15:25:00+03:00,0.5148029062287722,0.6840199459423979
2026-07-09 15:30:00+03:00,0.517851597424021,0.4250688380175149
2026-07-09 15:35:00+03:00,0.5677199802817945,0.7133227062018868
2026-07-09 15:40:00+03:00,0.5209353766926046,0.2386961608023126
2026-07-09 15:45:00+03:00,0.4823809486954741,0.1950672078084073
2026-07-09 15:50:00+03:00,0.4693708335390708,0.2698949177195506
2026-07-09 15:55:00+03:00,0.4603850345072456,0.26807269502375797
2026-07-09 16:00:00+03:00,0.5464645034800361,0.828914437872287
2026-07-09 16:05:00+03:00,0.4018686214928191,-0.6109885492655326
2026-07-09 16:10:00+03:00,0.31724796878548334,-0.4606506685254089
2026-07-09 16:15:00+03:00,0.2826879414961583,-0.24631057134092796
2026-07-09 16:20:00+03:00,0.24122606733350377,-0.4225546904198769
2026-07-09 16:25:00+03:00,0.20168684744240162,-0.5650628524692377
2026-07-09 16:30:00+03:00,0.17972930088937608,-0.5087118398714685
2026-07-09 16:35:00+03:00,0.16861399262195434,-0.46685472822921886
2026-07-09 16:40:00+03:00,0.13416890565642117,-0.8978326819691909
2026-07-09 16:45:00+03:00,0.11514387767826108,-0.8119192521894606
2026-07-09 16:50:00+03:00,0.11265932960676465,-0.6353933466307488
2026-07-09 16:55:00+03:00,0.12148941744050018,-0.4952169181208778
2026-07-09 17:00:00+03:00,0.10987997050179377,-0.7507973678637974
2026-07-09 17:05:00+03:00,0.09221889378445329,-0.9680475513287663
2026-07-09 17:10:00+03:00,0.07490738022291059,-1.1420721051397238
2026-07-09 17:15:00+03:00,0.06811065974163708,-0.9897523263189962
2026-07-09 17:20:00+03:00,0.06195215584170107,-1.0372325760028005
2026-07-09 17:25:00+03:00,0.05232321228768153,-1.240408420265155
2026-07-09 17:30:00+03:00,0.04740551502620136,-1.1768918890079663
2026-07-09 17:35:00+03:00,0.042550017743647806,-1.2438154637027061
2026-07-09 17:40:00+03:00,0.03879653165335335,-1.2677714871831625
2026-07-09 17:45:00+03:00,0.028344527876731373,-1.9685330037352262
2026-07-09 17:50:00+03:00,0.02072456509770151,-2.115797693352621
2026-07-09 17:55:00+03:00,0.01594765183276141,-2.041773404832895
2026-07-10 09:55:00+03:00,0.028025000586638177,-1.0119613207548042
2026-07-10 10:00:00+03:00,0.023544697925568483,-1.6421969476800373
2026-07-10 10:05:00+03:00,0.07583180849756434,-0.3470818848165018
2026-07-10 10:10:00+03:00,0.09815691951030546,-0.4807267247696712
2026-07-10 10:15:00+03:00,0.14981833586173698,-0.13998590185313395
2026-07-10 10:20:00+03:00,0.16686695522988151,-0.28312091601511397
2026-07-10 10:25:00+03:00,0.3577688938083918,0.8798191252708819
2026-07-10 10:30:00+03:00,0.4797064808137202,0.840742456961406
2026-07-10 10:35:00+03:00,0.6090715560190447,1.281811253805703
2026-07-10 10:40:00+03:00,0.5668031658118573,0.3450296042090438
2026-07-10 10:45:00+03:00,0.6381357165169298,0.988526869199409
2026-07-10 10:50:00+03:00,0.6658245065181184,0.8350498024303047
2026-07-10 10:55:00+03:00,0.6479320018574971,0.5980094122405157
2026-07-10 11:00:00+03:00,0.5949440591426507,0.3579013183213597
2026-07-10 11:05:00+03:00,0.5811429913655864,0.4822165001584103
2026-07-10 11:10:00+03:00,0.4183882326604545,-0.7142781488428025
2026-07-10 11:15:00+03:00,0.28874258749187603,-1.2977285333890538
2026-07-10 11:20:00+03:00,0.20353324694886327,-1.2396700712975057
2026-07-10 11:25:00+03:00,0.14045253654673168,-1.652075388622116
2026-07-10 11:30:00+03:00,0.09748151103858108,-1.7560159077888808
2026-07-10 11:35:00+03:00,0.06720037256532678,-2.023668278902723
2026-07-10 11:40:00+03:00,0.04588960830215385,-2.3652584249726356
2026-07-10 11:45:00+03:00,0.03173577615095295,-2.342245716685751
2026-07-10 11:50:00+03:00,0.022798524180296084,-2.167798166771759
2026-07-10 11:55:00+03:00,0.016940153497333833,-2.139335994701707
2026-07-10 12:00:00+03:00,0.012630130191443783,-2.2667386834775405
2026-07-10 12:05:00+03:00,0.0119758923750892,-1.7941374309621876
2026-07-10 12:10:00+03:00,0.009849484857877415,-2.1060428188411064
2026-07-10 12:15:00+03:00,0.00959368209458427,-1.872093911386011
2026-07-10 12:20:00+03:00,0.009643961021448709,-1.8379973120427848
2026-07-10 12:25:00+03:00,0.009299053097611386,-1.897973918136584
2026-07-10 12:30:00+03:00,0.0077952971583000906,-2.181324516666022
2026-07-10 12:35:00+03:00,0.00658472237671813,-2.248644434497191
2026-07-10 12:40:00+03:00,0.005735059312298295,-2.2636674538549935
2026-07-10 12:45:00+03:00,0.004854837779605412,-2.3915415758395073
2026-07-10 12:50:00+03:00,0.006268580496385439,-1.871348727390906
2026-07-10 12:55:00+03:00,0.006475655714186917,-2.0056912503804467
2026-07-10 13:00:00+03:00,0.005515802880410218,-2.3192135834798706
2026-07-10 13:05:00+03:00,0.004710912026730399,-2.3904951806059236
2026-07-10 13:10:00+03:00,0.004202195227159171,-2.377688272595331
2026-07-10 13:15:00+03:00,0.004105847688066489,-2.278524376142387
2026-07-10 13:20:00+03:00,0.005522624736188736,-1.9124096088037916
2026-07-10 13:25:00+03:00,0.006121517019292387,-1.9764719876434889
2026-07-10 13:30:00+03:00,0.0061531397544911685,-2.0553613710148535
2026-07-10 13:35:00+03:00,0.006201008102865496,-2.0491604959450123
2026-07-10 13:40:00+03:00,0.0068680072181562515,-1.9214184580333797
2026-07-10 13:45:00+03:00,0.012702679414577733,-1.3910513718446402
2026-07-10 13:50:00+03:00,0.011527566432318519,-1.867041738612754
2026-07-10 13:55:00+03:00,0.010725609306520013,-1.8699864587000437
2026-07-10 14:00:00+03:00,0.011470835593168761,-1.6995803531606284
2026-07-10 14:05:00+03:00,0.01600660160798388,-1.3770020306035733
2026-07-10 14:10:00+03:00,0.04317263728532518,-0.6885062511797306
2026-07-10 14:15:00+03:00,0.06722399275169366,-0.5984018112254138
2026-07-10 14:20:00+03:00,0.09922271713539878,-0.4050660359651326
2026-07-10 14:25:00+03:00,0.13097836222535492,-0.30270360163121224
2026-07-10 14:30:00+03:00,0.1805991724226144,-0.07441420904808368
2026-07-10 14:35:00+03:00,0.21826444058002015,-0.0421440098491033
2026-07-10 14:40:00+03:00,0.2852523088922634,0.22270215346719707
2026-07-10 14:45:00+03:00,0.3105079993447936,0.10516245548581173
2026-07-10 14:50:00+03:00,0.3195810659264818,0.055989179272839376
2026-07-10 14:55:00+03:00,0.33879067803351987,0.13852210818817803
2026-07-10 15:00:00+03:00,0.34698055247411197,0.11002406276989493
2026-07-10 15:05:00+03:00,0.3259115600486063,-0.06509172133194534
2026-07-10 15:10:00+03:00,0.3129961745083443,-0.05711403584125102
2026-07-10 15:15:00+03:00,0.2917668340615474,-0.14976171658345092
2026-07-10 15:20:00+03:00,0.28980802805844824,-0.06010617757354809
2026-07-10 15:25:00+03:00,0.3237529243846188,0.16778495642374472
2026-07-10 15:30:00+03:00,0.4284534582302227,0.6506472999557766
2026-07-10 15:35:00+03:00,0.4170315798209967,0.1729038780135314
2026-07-10 15:40:00+03:00,0.46754499718088444,0.5115002574733245
2026-07-10 15:45:00+03:00,0.4153197868425006,-0.002837909881742772
2026-07-10 15:50:00+03:00,0.3811432580722603,0.0014564371486225885
2026-07-10 15:55:00+03:00,0.3375457742378207,-0.14709266830023154
2026-07-10 16:00:00+03:00,0.3202128643907497,-0.06091336759087799
2026-07-10 16:05:00+03:00,0.30949280528180717,-0.05503643817129182
2026-07-10 16:10:00+03:00,0.38032886816496064,0.4213226985363552
2026-07-10 16:15:00+03:00,0.3145668159469864,-0.33857499322224816
2026-07-10 16:20:00+03:00,0.2440620336211595,-0.6589995330011604
2026-07-10 16:25:00+03:00,0.1895222748244771,-0.7897747224866577
2026-07-10 16:30:00+03:00,0.15980365454459758,-0.6731047299886753
2026-07-10 16:35:00+03:00,0.14324462634165316,-0.6233488305564977
2026-07-10 16:40:00+03:00,0.12450111298843437,-0.7486616148021034
2026-07-10 16:45:00+03:00,0.12114960798793716,-0.6025541034446913
2026-07-10 16:50:00+03:00,0.12832516427845678,-0.4812397982029774
2026-07-10 16:55:00+03:00,0.14068872624895626,-0.39739473921192253
2026-07-10 17:00:00+03:00,0.1440270786325738,-0.45046566072396443
2026-07-10 17:05:00+03:00,0.13707557783709262,-0.5625517922827425
2026-07-10 17:10:00+03:00,0.16940272328886904,-0.18969531273493534
2026-07-10 17:15:00+03:00,0.1512278277556981,-0.6005151395076141
2026-07-10 17:20:00+03:00,0.13754067038105275,-0.6231540894958512
2026-07-10 17:25:00+03:00,0.1290732643231305,-0.6135774791660211
2026-07-10 17:30:00+03:00,0.11432299899110783,-0.7620502238896506
2026-07-10 17:35:00+03:00,0.09196387658874668,-1.0621079630160688
2026-07-10 17:40:00+03:00,0.07881718155250898,-1.0086338125769971
2026-07-10 17:45:00+03:00,0.06907654571181006,-1.0376382669197646
2026-07-10 17:50:00+03:00,0.0635910608248081,-1.0077062486236805
2026-07-10 17:55:00+03:00,0.07831062456936877,-0.6350962656467123
2026-07-13 09:55:00+03:00,0.28788102785672104,0.8017218223635321
2026-07-13 10:00:00+03:00,0.33430884750760387,0.23830076032451167
2026-07-13 10:05:00+03:00,0.5380305620023086,1.7478206313315063
2026-07-13 10:10:00+03:00,0.6290724602059957,1.0783377686476756
2026-07-13 10:15:00+03:00,0.7214691433955456,1.4675583325213746
2026-07-13 10:20:00+03:00,0.7277301602934134,0.8815129181548645
2026-07-13 10:25:00+03:00,0.6546979356929383,0.3956445424295378
2026-07-13 10:30:00+03:00,0.4864804576332892,-0.4529375560520212
2026-07-13 10:35:00+03:00,0.3711001402033711,-0.4904682202394911
2026-07-13 10:40:00+03:00,0.3121593614880999,-0.30335261946744696
2026-07-13 10:45:00+03:00,0.41756152725735374,0.6310485567946474
2026-07-13 10:50:00+03:00,0.47625125495743503,0.5608999109291903
2026-07-13 10:55:00+03:00,0.5048023006309199,0.49848349854950585
2026-07-13 11:00:00+03:00,0.5998317646494512,1.0143988208275918
2026-07-13 11:05:00+03:00,0.6837367547421416,1.2171037818430037
2026-07-13 11:10:00+03:00,0.7161829039867363,0.9892963464070611
2026-07-13 11:15:00+03:00,0.5987887246512611,0.11135099395305081
2026-07-13 11:20:00+03:00,0.46711103462972775,-0.27482383621147866
2026-07-13 11:25:00+03:00,0.39036009033626734,-0.18222993867336773
2026-07-13 11:30:00+03:00,0.3324340842628961,-0.23774458816659702
2026-07-13 11:35:00+03:00,0.39102601210847154,0.3948313786761214
2026-07-13 11:40:00+03:00,0.3495073705112991,-0.10672807870164487
2026-07-13 11:45:00+03:00,0.2911407312334209,-0.3668037055253081
2026-07-13 11:50:00+03:00,0.24606752747949495,-0.43118137276835106
2026-07-13 11:55:00+03:00,0.19199198295331338,-0.7681486593872547
2026-07-13 12:00:00+03:00,0.1593505811960965,-0.7075458765438007
2026-07-13 12:05:00+03:00,0.13694932609477717,-0.7184606001019459
2026-07-13 12:10:00+03:00,0.10486003303853772,-1.1371676383886717
2026-07-13 12:15:00+03:00,0.08396190090899101,-1.1192335365539596
2026-07-13 12:20:00+03:00,0.08677989976092522,-0.7169194722694813
2026-07-13 12:25:00+03:00,0.09933626255297315,-0.5569068760410023
2026-07-13 12:30:00+03:00,0.08890530673624136,-0.8765116400354315
2026-07-13 12:35:00+03:00,0.07758571701522676,-0.9857711969036791
2026-07-13 12:40:00+03:00,0.08090942847481933,-0.7453930587152726
2026-07-13 12:45:00+03:00,0.07341523622318646,-0.9545370410098561
2026-07-13 12:50:00+03:00,0.07372827458808365,-0.8306992006982565
2026-07-13 12:55:00+03:00,0.08847320629248209,-0.5861262687116445
2026-07-13 13:00:00+03:00,0.09577956228039348,-0.6220494410743693
2026-07-13 13:05:00+03:00,0.11954354034984481,-0.39166406178503915
2026-07-13 13:10:00+03:00,0.15062139709976002,-0.2485724171747748
2026-07-13 13:15:00+03:00,0.14362667770579357,-0.5344603285124873
2026-07-13 13:20:00+03:00,0.14181275236545454,-0.4990918558598853
2026-07-13 13:25:00+03:00,0.15302013691193586,-0.36338827889746944
2026-07-13 13:30:00+03:00,0.15481560943592743,-0.42217947926196125
2026-07-13 13:35:00+03:00,0.14453868154540592,-0.5589538520866715
2026-07-13 13:40:00+03:00,0.13010845486325473,-0.6684387467580657
2026-07-13 13:45:00+03:00,0.11962074139740134,-0.6823199526800251
2026-07-13 13:50:00+03:00,0.11848497120913966,-0.5942460552152584
2026-07-13 13:55:00+03:00,0.10888867069147663,-0.7326863180700509
2026-07-13 14:00:00+03:00,0.10652924655769075,-0.6654809484565952
2026-07-13 14:05:00+03:00,0.11878134615048773,-0.47885440283432784
2026-07-13 14:10:00+03:00,0.1284266760864734,-0.4617523165159326
2026-07-13 14:15:00+03:00,0.12682777054420785,-0.5605232696781639
2026-07-13 14:20:00+03:00,0.11776317740246016,-0.6770090014442851
2026-07-13 14:25:00+03:00,0.10296494054390569,-0.8376136579029627
2026-07-13 14:30:00+03:00,0.08306019510313699,-1.106500162855236
2026-07-13 14:35:00+03:00,0.0678495503170376,-1.1787775185338754
2026-07-13 14:40:00+03:00,0.054944381384137396,-1.3030813591843848
2026-07-13 14:45:00+03:00,0.04389475542369727,-1.4459207894066755
2026-07-13 14:50:00+03:00,0.033302719620010815,-1.7322396847550656
2026-07-13 14:55:00+03:00,0.028309532081354265,-1.5308765266552193
2026-07-13 15:00:00+03:00,0.020480510976038598,-2.1778449011002445
2026-07-13 15:05:00+03:00,0.01670082555309775,-1.8689387574917833
2026-07-13 15:10:00+03:00,0.0121224014926873,-2.4120069240246154
2026-07-13 15:15:00+03:00,0.01021016067083959,-2.0423889766690992
2026-07-13 15:20:00+03:00,0.009543529814550974,-1.9209314018646835
2026-07-13 15:25:00+03:00,0.012034622105927425,-1.566999228065283
2026-07-13 15:30:00+03:00,0.011631691136198484,-1.7869885642270702
2026-07-13 15:35:00+03:00,0.011496094833770973,-1.7694279065600944
2026-07-13 15:40:00+03:00,0.012214992838345016,-1.6743080234495544
2026-07-13 15:45:00+03:00,0.012778833412618353,-1.6653505807625262
2026-07-13 15:50:00+03:00,0.017393361652433756,-1.3475725944073527
2026-07-13 15:55:00+03:00,0.0251495621800166,-1.1374072077404667
2026-07-13 16:00:00+03:00,0.03564673336155871,-0.97033822032711
2026-07-13 16:05:00+03:00,0.06549322785981167,-0.5536690866496
2026-07-13 16:10:00+03:00,0.08509841074421237,-0.5575245237517885
2026-07-13 16:15:00+03:00,0.09083993440826094,-0.6627977244129459
2026-07-13 16:20:00+03:00,0.09037767729726065,-0.7341153102819075
2026-07-13 16:25:00+03:00,0.09657571723969106,-0.6290282076955629
2026-07-13 16:30:00+03:00,0.13210846939382676,-0.2765457460346433
2026-07-13 16:35:00+03:00,0.2326773531245217,0.25131519648281936
2026-07-13 16:40:00+03:00,0.32270627995990764,0.3843795403703341
2026-07-13 16:45:00+03:00,0.39203000538491073,0.43801976706893464
2026-07-13 16:50:00+03:00,0.4871975617726465,0.7352721359200516
2026-07-13 16:55:00+03:00,0.4900709084133283,0.37104876101356943
2026-07-13 17:00:00+03:00,0.48097107880690565,0.3075001795605356
2026-07-13 17:05:00+03:00,0.5230874824827442,0.5882780600780535
2026-07-13 17:10:00+03:00,0.5227138640240829,0.42125662015145554
2026-07-13 17:15:00+03:00,0.5740315308705726,0.7333722767162355
2026-07-13 17:20:00+03:00,0.6005470942977699,0.6836261140776907
2026-07-13 17:25:00+03:00,0.5486049740430886,0.2725575857743493
2026-07-13 17:30:00+03:00,0.5189832938956503,0.3016475348793832
2026-07-13 17:35:00+03:00,0.5319589978438837,0.490707280629563
2026-07-13 17:40:00+03:00,0.5697387764288103,0.6661776625883585
2026-07-13 17:45:00+03:00,0.5688262792630377,0.5084299095098255
2026-07-13 17:50:00+03:00,0.6354607035469201,0.955333648521793
2026-07-13 17:55:00+03:00,0.6820254558853408,0.9728447516377141
2026-07-14 09:55:00+03:00,0.6134713391934459,0.33368153371029163
2026-07-14 10:00:00+03:00,0.6536500154289606,0.8660507495985734
2026-07-14 10:05:00+03:00,0.676619554067349,0.8382913886148395
2026-07-14 10:10:00+03:00,0.6714864029758721,0.6999046668634243
2026-07-14 10:15:00+03:00,0.7059277646936825,0.9718970616138903
2026-07-14 10:20:00+03:00,0.7063983313244687,0.8024577095986651
2026-07-14 10:25:00+03:00,0.6173202504242706,0.2617484150286578
2026-07-14 10:30:00+03:00,0.45749778937586666,-0.5004308129461151
2026-07-14 10:35:00+03:00,0.3503787282581409,-0.5073790067164877
2026-07-14 10:40:00+03:00,0.2614188291796159,-0.7702878557659804
2026-07-14 10:45:00+03:00,0.28638643925798,0.052971282875585876
2026-07-14 10:50:00+03:00,0.27207221389253383,-0.16491495375661763
2026-07-14 10:55:00+03:00,0.23733736891279006,-0.38892440039404585
2026-07-14 11:00:00+03:00,0.21250301665735766,-0.40642269608460746
2026-07-14 11:05:00+03:00,0.18206289915715498,-0.5714533022693279
2026-07-14 11:10:00+03:00,0.18440977099986908,-0.3193744973809665
2026-07-14 11:15:00+03:00,0.21210539490193742,-0.10421153533820669
2026-07-14 11:20:00+03:00,0.24521302158974762,-0.0015868816146227642
2026-07-14 11:25:00+03:00,0.19349054230373922,-0.7306362746960346
2026-07-14 11:30:00+03:00,0.1450905412707557,-1.0510866486243544
2026-07-14 11:35:00+03:00,0.19305095481795434,-0.05288836736530569
2026-07-14 11:40:00+03:00,0.15087427745939905,-0.8881511892051405
2026-07-14 11:45:00+03:00,0.1260969563406948,-0.8156502261361313
2026-07-14 11:50:00+03:00,0.0995494948985258,-1.0706069476129492
2026-07-14 11:55:00+03:00,0.08212267738040538,-1.0618585112356707
2026-07-14 12:00:00+03:00,0.07400041369019626,-0.9604201100589486
2026-07-14 12:05:00+03:00,0.05559776314251729,-1.5185140309140264
2026-07-14 12:10:00+03:00,0.04352062614726691,-1.5038016896866166
2026-07-14 12:15:00+03:00,0.03529843569241838,-1.5169140769860145
2026-07-14 12:20:00+03:00,0.029039148219430627,-1.5814397200091281
2026-07-14 12:25:00+03:00,0.02557268793546132,-1.5225027693382684
2026-07-14 12:30:00+03:00,0.025286881185984763,-1.384173050779634
2026-07-14 12:35:00+03:00,0.023940561974246235,-1.4583964077321376
2026-07-14 12:40:00+03:00,0.03133521906733975,-1.0741935797186364
2026-07-14 12:45:00+03:00,0.051243303548392224,-0.7247296972860438
2026-07-14 12:50:00+03:00,0.056837293929915905,-0.8766487470311698
2026-07-14 12:55:00+03:00,0.05813045051779195,-0.934925020743418
2026-07-14 13:00:00+03:00,0.07802109595663871,-0.5868676007681742
2026-07-14 13:05:00+03:00,0.08544013373442859,-0.673573572408686
2026-07-14 13:10:00+03:00,0.08479037868897521,-0.7703390291055555
2026-07-14 13:15:00+03:00,0.07026423603512305,-1.1306864843843456
2026-07-14 13:20:00+03:00,0.06432263257502803,-1.009447750932181
2026-07-14 13:25:00+03:00,0.058992164708295956,-1.0506620634501889
2026-07-14 13:30:00+03:00,0.06344524138524958,-0.8448370938372075
2026-07-14 13:35:00+03:00,0.05976521108200474,-1.009778781877007
2026-07-14 13:40:00+03:00,0.06551599177323414,-0.8124337518242342
2026-07-14 13:45:00+03:00,0.07567664475711694,-0.6967781802070337
2026-07-14 13:50:00+03:00,0.06976292546059705,-0.9588390999680052
2026-07-14 13:55:00+03:00,0.07791825677633177,-0.706639397071552
2026-07-14 14:00:00+03:00,0.08719383145842091,-0.6451833214409501
2026-07-14 14:05:00+03:00,0.07943203026114812,-0.9087135132133826
2026-07-14 14:10:00+03:00,0.07258000147868754,-0.9506346722338911
2026-07-14 14:15:00+03:00,0.0659541831590095,-1.0069133052009038
2026-07-14 14:20:00+03:00,0.06885078849995793,-0.828683796241115
2026-07-14 14:25:00+03:00,0.07821223496779504,-0.6916196793349338
2026-07-14 14:30:00+03:00,0.0830780300675674,-0.7146717257977233
2026-07-14 14:35:00+03:00,0.07785223957129268,-0.8813956922945201
2026-07-14 14:40:00+03:00,0.07868674250902673,-0.7903393106587273
2026-07-14 14:45:00+03:00,0.07168311241315613,-0.961126131032791
2026-07-14 14:50:00+03:00,0.08579218992466721,-0.6046226366896744
2026-07-14 14:55:00+03:00,0.09191254340958638,-0.6533129392676501
2026-07-14 15:00:00+03:00,0.10321462949546702,-0.5509038758619271
2026-07-14 15:05:00+03:00,0.10208330539467565,-0.6760115381442793
2026-07-14 15:10:00+03:00,0.08150610405574764,-1.1412370413819655
2026-07-14 15:15:00+03:00,0.07536607907424286,-0.9153485593644674
2026-07-14 15:20:00+03:00,0.06050718804632839,-1.275749808066092
2026-07-14 15:25:00+03:00,0.059416107839797075,-0.9650410355405576
2026-07-14 15:30:00+03:00,0.050080837754822013,-1.2658640023921008
2026-07-14 15:35:00+03:00,0.0395330655393835,-1.5278355436352449
2026-07-14 15:40:00+03:00,0.03556628449801236,-1.3292049315786767
2026-07-14 15:45:00+03:00,0.03513663697256644,-1.222535792379034
2026-07-14 15:50:00+03:00,0.03134781345998404,-1.4033433361513918
2026-07-14 15:55:00+03:00,0.03173924060725803,-1.2486252362755337
2026-07-14 16:00:00+03:00,0.04065311354937109,-0.9540662580845879
2026-07-14 16:05:00+03:00,0.042383009250955395,-1.0772746289684654
2026-07-14 16:10:00+03:00,0.04492369173980478,-1.0334836608404887
2026-07-14 16:15:00+03:00,0.03951092852402298,-1.310748332578661
2026-07-14 16:20:00+03:00,0.033914204130694785,-1.425520896268922
2026-07-14 16:25:00+03:00,0.04605964161444809,-0.8593253237771186
2026-07-14 16:30:00+03:00,0.03300096215267047,-2.006126366981268
2026-07-14 16:35:00+03:00,0.0334778168142339,-1.2203060241451473
2026-07-14 16:40:00+03:00,0.08198509427548162,-0.35165906660747803
2026-07-14 16:45:00+03:00,0.11000257512686308,-0.39523753727398475
2026-07-14 16:50:00+03:00,0.15076682838214758,-0.19442212508718565
2026-07-14 16:55:00+03:00,0.1744535519933761,-0.22304216805895724
2026-07-14 17:00:00+03:00,0.19301730848133805,-0.2002262494508082
2026-07-14 17:05:00+03:00,0.2092899645755365,-0.16911422678239005
2026-07-14 17:10:00+03:00,0.21865041429930518,-0.18086907645472053
2026-07-14 17:15:00+03:00,0.22720842941286296,-0.16262369356581866
2026-07-14 17:20:00+03:00,0.22468484085795074,-0.229148525111173
2026-07-14 17:25:00+03:00,0.2563799095787056,0.016942059481927344
2026-07-14 17:30:00+03:00,0.28792813580688653,0.08424701435821426
2026-07-14 17:35:00+03:00,0.2780083020248863,-0.12731080840482498
2026-07-14 17:40:00+03:00,0.2945503507535311,0.034177313420053694
2026-07-14 17:45:00+03:00,0.2991403381892379,-0.008559314219755481
2026-07-14 17:50:00+03:00,0.3230042249924902,0.1252472457200184
2026-07-14 17:55:00+03:00,0.30033792052580716,-0.13526695288357451
2026-07-16 09:55:00+03:00,0.3022716716251814,-0.013475767603515936
2026-07-16 10:00:00+03:00,0.2667645477739498,-0.2988525288430538
2026-07-16 10:05:00+03:00,0.25066003241913587,-0.23247656979065448
2026-07-16 10:10:00+03:00,0.19713024159369635,-0.7304894682807612
2026-07-16 10:15:00+03:00,0.1708870020773671,-0.5841124415942289
2026-07-16 10:20:00+03:00,0.14157310119691635,-0.7737697638724454
2026-07-16 10:25:00+03:00,0.10952951157169863,-1.0816853478077055
2026-07-16 10:30:00+03:00,0.09823947597552471,-0.8216747972198091
2026-07-16 10:35:00+03:00,0.10167915209348566,-0.6310736914181276
2026-07-16 10:40:00+03:00,0.08585760696961442,-0.9925771192831557
2026-07-16 10:45:00+03:00,0.0835881228520826,-0.7988854357898668
2026-07-16 10:50:00+03:00,0.08071395555386572,-0.8264543201123653
2026-07-16 10:55:00+03:00,0.1169690541522746,-0.31819984946774066
2026-07-16 11:00:00+03:00,0.11391037043145992,-0.6348804735490393
2026-07-16 11:05:00+03:00,0.10841787946273258,-0.6888978879708043
2026-07-16 11:10:00+03:00,0.10180714604099651,-0.739247353614237
2026-07-16 11:15:00+03:00,0.08825000403175162,-0.9314119579575488
2026-07-16 11:20:00+03:00,0.08009216584318041,-0.9097726022407516
2026-07-16 11:25:00+03:00,0.07708005467522175,-0.8541752527233738
2026-07-16 11:30:00+03:00,0.0993227479530517,-0.4768150929661489
2026-07-16 11:35:00+03:00,0.0901039922230175,-0.8497544144260826
2026-07-16 11:40:00+03:00,0.1133016694282644,-0.41755075237999356
2026-07-16 11:45:00+03:00,0.11865720510481292,-0.5356049582937727
2026-07-16 11:50:00+03:00,0.13463352111184043,-0.3933392502667303
2026-07-16 11:55:00+03:00,0.14535046491403414,-0.3926546835671054
2026-07-16 12:00:00+03:00,0.18395644475646522,-0.11982453266901978
2026-07-16 12:05:00+03:00,0.18856054177578438,-0.292725409389744
2026-07-16 12:10:00+03:00,0.18622155232973772,-0.3433999712405128
2026-07-16 12:15:00+03:00,0.1319469407370486,-1.4111030165079639
2026-07-16 12:20:00+03:00,0.09253849363948925,-1.6718626410572386
2026-07-16 12:25:00+03:00,0.0716530979336364,-1.2905452640022848
2026-07-16 12:30:00+03:00,0.05816491745649107,-1.269372665190295
2026-07-16 12:35:00+03:00,0.046836616693794804,-1.3949403739219646
2026-07-16 12:40:00+03:00,0.0406877584721641,-1.315859615803488
2026-07-16 12:45:00+03:00,0.03453357823741931,-1.4363433039032691
2026-07-16 12:50:00+03:00,0.0313150768359991,-1.3809430401517617
2026-07-16 12:55:00+03:00,0.029015679596736503,-1.390147043047213
2026-07-16 13:00:00+03:00,0.026402611169391157,-1.460047393787916
2026-07-16 13:05:00+03:00,0.02592448139479165,-1.3791633943881512
2026-07-16 13:10:00+03:00,0.02531100209194058,-1.39689551639398
2026-07-16 13:15:00+03:00,0.04416992449634396,-0.7804787662710947
2026-07-16 13:20:00+03:00,0.0996014430591902,-0.25522263478781965
2026-07-16 13:25:00+03:00,0.10403958596722054,-0.6098427060352042
2026-07-16 13:30:00+03:00,0.1115257683827063,-0.5479475434254896
2026-07-16 13:35:00+03:00,0.16499875041276657,-0.09337736293865434
2026-07-16 13:40:00+03:00,0.18006345498999302,-0.25600720220094153
2026-07-16 13:45:00+03:00,0.20674127997605432,-0.12249208442986374
2026-07-16 13:50:00+03:00,0.27549632748570346,0.21041677840923464
2026-07-16 13:55:00+03:00,0.21336215294079103,-0.736235811477922
2026-07-16 14:00:00+03:00,0.185348671705565,-0.5358033412108381
2026-07-16 14:05:00+03:00,0.1602966532187403,-0.6230255840998612
2026-07-16 14:10:00+03:00,0.14156267624718497,-0.6536139522389931
2026-07-16 14:15:00+03:00,0.13327000003322345,-0.5920488359152076
2026-07-16 14:20:00+03:00,0.1277921843526458,-0.591342163519147
2026-07-16 14:25:00+03:00,0.11880041316104738,-0.6707160683809484
2026-07-16 14:30:00+03:00,0.12216066983583371,-0.5376830602452527
2026-07-16 14:35:00+03:00,0.1157469944923557,-0.6596893318195104
2026-07-16 14:40:00+03:00,0.1217640580474071,-0.5170045947573255
2026-07-16 14:45:00+03:00,0.1445832268228769,-0.31588442597391414
2026-07-16 14:50:00+03:00,0.15770112794217658,-0.335711537211365
2026-07-16 14:55:00+03:00,0.16713563894723152,-0.3291313077431024
2026-07-16 15:00:00+03:00,0.14564496213074565,-0.6610212227422871
2026-07-16 15:05:00+03:00,0.15286347100986739,-0.3908750333750077
2026-07-16 15:10:00+03:00,0.21426711747088592,0.05458831724806801
2026-07-16 15:15:00+03:00,0.2629292492760247,0.1035689416157149
2026-07-16 15:20:00+03:00,0.3311775920007489,0.31695468117612535
2026-07-16 15:25:00+03:00,0.33101826755402725,0.0408368791010622
2026-07-16 15:30:00+03:00,0.3456797974601802,0.13400967755124177
2026-07-16 15:35:00+03:00,0.33068778346129946,-0.02581377427379799
2026-07-16 15:40:00+03:00,0.3351937971466767,0.0698214384565746
2026-07-16 15:45:00+03:00,0.40321690128319143,0.4545772216016999
2026-07-16 15:50:00+03:00,0.4055763903418922,0.20504652342276336
2026-07-16 15:55:00+03:00,0.4612785891634334,0.519550319893233
2026-07-16 16:00:00+03:00,0.5238045490389647,0.6736526275880808
2026-07-16 16:05:00+03:00,0.516850645150142,0.3847224877114156
2026-07-16 16:10:00+03:00,0.545756472243926,0.580742398707888
2026-07-16 16:15:00+03:00,0.5623447397242411,0.5646625702362184
2026-07-16 16:20:00+03:00,0.5665590681537175,0.5240717663357775
2026-07-16 16:25:00+03:00,0.5634058458725206,0.48913008404740294
2026-07-16 16:30:00+03:00,0.5913288201366111,0.6701154247540343
2026-07-16 16:35:00+03:00,0.5845456843874992,0.5162122284076223
2026-07-16 16:40:00+03:00,0.5961127692468577,0.6124054624769599
2026-07-16 16:45:00+03:00,0.5945591658859726,0.5565705290617977
2026-07-16 16:50:00+03:00,0.5784028944690788,0.46777520119750843
2026-07-16 16:55:00+03:00,0.4889685114429473,-0.004562606065130275
2026-07-16 17:00:00+03:00,0.39919254144460486,-0.22914030227073434
2026-07-16 17:05:00+03:00,0.29792579133506,-0.700135903532926
2026-07-16 17:10:00+03:00,0.29381291012831423,-0.06081906424549545
2026-07-16 17:15:00+03:00,0.2745230321207944,-0.18466153540089944
2026-07-16 17:20:00+03:00,0.33238587634017974,0.2791402890959439
2026-07-16 17:25:00+03:00,0.32069579647521246,-0.03356882245079405
2026-07-16 17:30:00+03:00,0.31592507887273297,-0.012923745032428309
2026-07-16 17:35:00+03:00,0.2918061357964688,-0.1645907435424969
2026-07-16 17:40:00+03:00,0.2910659661490736,-0.05145597279542385
2026-07-16 17:45:00+03:00,0.2877617189944883,-0.07129434128932215
2026-07-16 17:50:00+03:00,0.2896416455089397,-0.04259165440612542
2026-07-16 17:55:00+03:00,0.2884535861022726,-0.05966670616902248
2026-07-17 09:55:00+03:00,0.3458870092657195,0.3036056505044208
2026-07-17 10:00:00+03:00,0.3294275900811227,-0.035423181870843756
2026-07-17 10:05:00+03:00,0.2802200421049419,-0.34255651927901826
2026-07-17 10:10:00+03:00,0.2797122492805816,-0.07714129927482145
2026-07-17 10:15:00+03:00,0.43053608065338816,0.8615793860949993
2026-07-17 10:20:00+03:00,0.45018539233772137,0.3588916896757796
2026-07-17 10:25:00+03:00,0.38709498496109124,-0.12045683434401613
2026-07-17 10:30:00+03:00,0.3608791310899907,-0.008273394841256679
2026-07-17 10:35:00+03:00,0.3479520870892905,0.022066746947856652
2026-07-17 10:40:00+03:00,0.36375742297400077,0.17527380124886302
2026-07-17 10:45:00+03:00,0.3614851773916585,0.09665886280286347
2026-07-17 10:50:00+03:00,0.35435129704092466,0.061034820142525426
2026-07-17 10:55:00+03:00,0.37386660446939096,0.21020066495536838
2026-07-17 11:00:00+03:00,0.3911852711802764,0.23566877438856637
2026-07-17 11:05:00+03:00,0.38776301632632976,0.1460812645215186
2026-07-17 11:10:00+03:00,0.3882095607180804,0.1626643398531173
2026-07-17 11:15:00+03:00,0.41562303190004496,0.32230178654863295
2026-07-17 11:20:00+03:00,0.4212277737416834,0.24862288561433896
2026-07-17 11:25:00+03:00,0.42864098917897797,0.2701220005904276
2026-07-17 11:30:00+03:00,0.4682130069664798,0.4702274223542804
2026-07-17 11:35:00+03:00,0.47218240675004985,0.34090712288579766
2026-07-17 11:40:00+03:00,0.4262696718778957,0.048930382708035645
2026-07-17 11:45:00+03:00,0.41501424782972135,0.1695173416374272
2026-07-17 11:50:00+03:00,0.4460448158825052,0.39463190898888706
2026-07-17 11:55:00+03:00,0.395763414492014,-0.038435727765247236
2026-07-17 12:00:00+03:00,0.367926677980381,0.00025734857208932016
2026-07-17 12:05:00+03:00,0.34493616116012893,-0.02980990673922315
2026-07-17 12:10:00+03:00,0.3240347875517868,-0.06873645351708835
2026-07-17 12:15:00+03:00,0.32133885314913,0.008482910167666767
2026-07-17 12:20:00+03:00,0.32665843533492195,0.05506742351402183
2026-07-17 12:25:00+03:00,0.3325281691534739,0.06995280660331296
2026-07-17 12:30:00+03:00,0.3371657385757723,0.07456446768533082
2026-07-17 12:35:00+03:00,0.3129324118407471,-0.11165944679059447
2026-07-17 12:40:00+03:00,0.4278753863459023,0.6925153222214184
2026-07-17 12:45:00+03:00,0.4141169403447044,0.15760737135416628
2026-07-17 12:50:00+03:00,0.3779432430993443,-0.014703500459821712
2026-07-17 12:55:00+03:00,0.34377232758213727,-0.08496446167256001
2026-07-17 13:00:00+03:00,0.3306299000250287,-0.017534555030720718
2026-07-17 13:05:00+03:00,0.3640948276043604,0.24586062793469662
2026-07-17 13:10:00+03:00,0.3976308339086346,0.31122623137477357
2026-07-17 13:15:00+03:00,0.378034628207188,0.05837890565302985
2026-07-17 13:20:00+03:00,0.35535281839732286,-0.004810530885146223
2026-07-17 13:25:00+03:00,0.33926804419723544,-0.011310989220400977
2026-07-17 13:30:00+03:00,0.32975319328421904,-0.0031646301810697363
2026-07-17 13:35:00+03:00,0.29297118159638175,-0.2297939738074881
2026-07-17 13:40:00+03:00,0.27342514571641174,-0.18895685280971794
2026-07-17 13:45:00+03:00,0.27164001709190366,-0.10280923784615105
2026-07-17 13:50:00+03:00,0.27182134375713063,-0.09279771247500569
2026-07-17 13:55:00+03:00,0.24604021121560715,-0.3027394509230271
2026-07-17 14:00:00+03:00,0.21652288320448554,-0.42549206024220304
2026-07-17 14:05:00+03:00,0.18301890234847437,-0.595192616646412
2026-07-17 14:10:00+03:00,0.15404437732953785,-0.6962401013230177
2026-07-17 14:15:00+03:00,0.1475612639478135,-0.5137142787268968
2026-07-17 14:20:00+03:00,0.12439532117513968,-0.8054186700186323
2026-07-17 14:25:00+03:00,0.14892305968408634,-0.292091253132764
2026-07-17 14:30:00+03:00,0.17293226445785956,-0.22548115270428265
2026-07-17 14:35:00+03:00,0.17968385655352717,-0.3067028107813321
2026-07-17 14:40:00+03:00,0.21366044793694505,-0.07020198333679104
2026-07-17 14:45:00+03:00,0.21529370342442955,-0.23216973520521617
2026-07-17 14:50:00+03:00,0.2446727508653399,-0.019607883409968965
2026-07-17 14:55:00+03:00,0.280694271187871,0.08784995435411223
2026-07-17 15:00:00+03:00,0.3013662512916068,0.06663941597642707
2026-07-17 15:05:00+03:00,0.31597882193189897,0.07194139227006063
2026-07-17 15:10:00+03:00,0.30725286496758947,-0.05095394457908194
2026-07-17 15:15:00+03:00,0.36505201265736553,0.3419240450136767
2026-07-17 15:20:00+03:00,0.354365964851907,0.045801066304624806
2026-07-17 15:25:00+03:00,0.49464203318124783,0.9729526869469189
2026-07-17 15:30:00+03:00,0.5365448477664856,0.6146521512334373
2026-07-17 15:35:00+03:00,0.536989025950412,0.4519020617318169
2026-07-17 15:40:00+03:00,0.5323985634109096,0.42366224914534417
2026-07-17 15:45:00+03:00,0.5331534094095605,0.44570113852134424
2026-07-17 15:50:00+03:00,0.5335302907410928,0.4449702631779158
2026-07-17 15:55:00+03:00,0.5385507884317334,0.4726189342744016
2026-07-17 16:00:00+03:00,0.5509349785622047,0.5254769922387965
2026-07-17 16:05:00+03:00,0.5371685254102284,0.3975682983117248
2026-07-17 16:10:00+03:00,0.5438404904730184,0.4892953969338467
2026-07-17 16:15:00+03:00,0.5176883507438974,0.3125399371510265
2026-07-17 16:20:00+03:00,0.5183989203798907,0.4171301011052448
2026-07-17 16:25:00+03:00,0.5127096198471652,0.38162931540026424
2026-07-17 16:30:00+03:00,0.5120863171128542,0.39987994698922197
2026-07-17 16:35:00+03:00,0.5215588019316114,0.45697332468197066
2026-07-17 16:40:00+03:00,0.48854403765660787,0.22917098519072002
2026-07-17 16:45:00+03:00,0.4260392363246385,-0.025070514063853615
2026-07-17 16:50:00+03:00,0.37762601832956455,-0.07213413180817398
2026-07-17 16:55:00+03:00,0.34888483121376473,-0.04722693298732694
2026-07-17 17:00:00+03:00,0.4930022724407948,0.9897508475147925
2026-07-17 17:05:00+03:00,0.6145420006128574,1.2405586826210862
2026-07-17 17:10:00+03:00,0.691426862268291,1.1934178088455893
2026-07-17 17:15:00+03:00,0.7468287423015973,1.240602081190084
2026-07-17 17:20:00+03:00,0.7855666807258176,1.2622053610724346
2026-07-17 17:25:00+03:00,0.8044925002892788,1.1830363195086575
2026-07-17 17:30:00+03:00,0.7937335738638958,0.9647912931770959
2026-07-17 17:35:00+03:00,0.8065554390935794,1.1473041400453112
2026-07-17 17:40:00+03:00,0.7731479412843141,0.8001274044340037
2026-07-17 17:45:00+03:00,0.8459940497782505,2.673023406100573
2026-07-17 17:50:00+03:00,0.8947148710610876,2.7011847483013036
2026-07-17 17:55:00+03:00,0.9283701076147653,2.9890897012676407
2026-07-20 09:55:00+03:00,0.9482556092308386,2.496245677533161
2026-07-20 10:00:00+03:00,0.821389482756801,0.5097119281976685
2026-07-20 10:05:00+03:00,0.8272999308105384,1.171487181350704
2026-07-20 10:10:00+03:00,0.8759781788506017,2.1049289683262784
2026-07-20 10:15:00+03:00,0.8894243952388031,1.527284726357398
2026-07-20 10:20:00+03:00,0.8107400645181199,0.6831879422059005
2026-07-20 10:25:00+03:00,0.7001143080227545,0.3384881348859456
2026-07-20 10:30:00+03:00,0.5662093738204788,-0.031082469280910748
2026-07-20 10:35:00+03:00,0.5870370273542115,0.6317193987990317
2026-07-20 10:40:00+03:00,0.5642378525807183,0.41486123156484295
2026-07-20 10:45:00+03:00,0.5199412677946643,0.24649325158199142
2026-07-20 10:50:00+03:00,0.5270412332895551,0.4583979162277157
2026-07-20 10:55:00+03:00,0.6247419143317581,1.1070164333464962
2026-07-20 11:00:00+03:00,0.667912625051287,0.9170873398059394
2026-07-20 11:05:00+03:00,0.7002377196661675,0.9450263444117025
2026-07-20 11:10:00+03:00,0.6656324560366438,0.5664570574271717
2026-07-20 11:15:00+03:00,0.6468665062453222,0.5923339636536954
2026-07-20 11:20:00+03:00,0.5277131878669276,-0.05187365623274638
2026-07-20 11:25:00+03:00,0.44490510277335704,-0.075728741726085
2026-07-20 11:30:00+03:00,0.5124288174148577,0.6707489713700572
2026-07-20 11:35:00+03:00,0.5801298056500832,0.8216033653322921
2026-07-20 11:40:00+03:00,0.6327637896700655,0.8759879733517194
2026-07-20 11:45:00+03:00,0.6516274138425351,0.7614898218043473
2026-07-20 11:50:00+03:00,0.7226412597720114,1.268839879290759
2026-07-20 11:55:00+03:00,0.6691577232125362,0.4990414256387247
2026-07-20 12:00:00+03:00,0.598998273403138,0.2995986618310373
2026-07-20 12:05:00+03:00,0.6634239496445457,1.0213210324810804
2026-07-20 12:10:00+03:00,0.7104208280325937,1.057505269309367
2026-07-20 12:15:00+03:00,0.6080242446426012,0.19100135259306905
2026-07-20 12:20:00+03:00,0.6397351652670018,0.7928047977224109
2026-07-20 12:25:00+03:00,0.5904110890301474,0.36326653192349506
2026-07-20 12:30:00+03:00,0.6217319510882376,0.7503792011786732
2026-07-20 12:35:00+03:00,0.6165889708576392,0.5862325314838341
2026-07-20 12:40:00+03:00,0.6590193857490241,0.8906066916572156
2026-07-20 12:45:00+03:00,0.6207679004858698,0.4642433409061121
2026-07-20 12:50:00+03:00,0.5866240525866435,0.4142786911893113
2026-07-20 12:55:00+03:00,0.5410627556594907,0.28268626354744963
2026-07-20 13:00:00+03:00,0.5344697343145529,0.4199435965355039
2026-07-20 13:05:00+03:00,0.5440736391313267,0.5011681736131302
2026-07-20 13:10:00+03:00,0.5577171184136184,0.5437990481713594
2026-07-20 13:15:00+03:00,0.5566193232020449,0.483930741543701
2026-07-20 13:20:00+03:00,0.5578947610915834,0.4956415729724437
2026-07-20 13:25:00+03:00,0.5333320766145738,0.34875731751549577
2026-07-20 13:30:00+03:00,0.49618495733390233,0.22794421880717783
2026-07-20 13:35:00+03:00,0.4576486159994894,0.14538420724502324
2026-07-20 13:40:00+03:00,0.41194312834481583,0.018621899019770478
2026-07-20 13:45:00+03:00,0.37963622101748584,0.0064289029067452555
2026-07-20 13:50:00+03:00,0.3943590120608028,0.23170657156314653
2026-07-20 13:55:00+03:00,0.40061081937643656,0.21063051687188278
2026-07-20 14:00:00+03:00,0.4024564686257466,0.19680960972000316
2026-07-20 14:05:00+03:00,0.38403124176719655,0.07613146198014002
2026-07-20 14:10:00+03:00,0.369889106125389,0.06428337836213041
2026-07-20 14:15:00+03:00,0.44104689585194395,0.5405568704657335
2026-07-20 14:20:00+03:00,0.48100872222257923,0.4965896004255288
2026-07-20 14:25:00+03:00,0.4865284425238865,0.37440773758731694
2026-07-20 14:30:00+03:00,0.378891260204309,-0.40367382527756535
2026-07-20 14:35:00+03:00,0.29422280891411273,-0.5549860234877679
2026-07-20 14:40:00+03:00,0.23716341615448377,-0.5631203975335267
2026-07-20 14:45:00+03:00,0.19609669081796866,-0.6048464006392047
2026-07-20 14:50:00+03:00,0.16089861697491786,-0.7279672381622794
2026-07-20 14:55:00+03:00,0.22747753691561656,0.1043636571227839
2026-07-20 15:00:00+03:00,0.21660677155524738,-0.3015542670758523
2026-07-20 15:05:00+03:00,0.21182322546169016,-0.27927025268605576
2026-07-20 15:10:00+03:00,0.22398705368140784,-0.15231173769750742
2026-07-20 15:15:00+03:00,0.21374260649429586,-0.30649762312782497
2026-07-20 15:20:00+03:00,0.20411875719462752,-0.3327317751411516
2026-07-20 15:25:00+03:00,0.20549576031988875,-0.26164170883032833
2026-07-20 15:30:00+03:00,0.20833755277794516,-0.24501689476121133
2026-07-20 15:35:00+03:00,0.2326826597766868,-0.0707730668590257
2026-07-20 15:40:00+03:00,0.21786262727284658,-0.322135613481073
2026-07-20 15:45:00+03:00,0.22898025524635482,-0.14488475574281284
2026-07-20 15:50:00+03:00,0.25203766904823854,-0.03164863998377392
2026-07-20 15:55:00+03:00,0.29611586916291094,0.15289279208681597
2026-07-20 16:00:00+03:00,0.3265574077480224,0.15930696424148325
2026-07-20 16:05:00+03:00,0.3414466387248718,0.12626102236272954
2026-07-20 16:10:00+03:00,0.3435830345620845,0.07755970489361413
2026-07-20 16:15:00+03:00,0.34559878710320757,0.08130796817930722
2026-07-20 16:20:00+03:00,0.29455076640501227,-0.3089601377072577
2026-07-20 16:25:00+03:00,0.28908306574082354,-0.07845230472658918
2026-07-20 16:30:00+03:00,0.3117637152633367,0.09704408756996168
2026-07-20 16:35:00+03:00,0.3818103183613982,0.42113529154944834
2026-07-20 16:40:00+03:00,0.4093547563818307,0.3107262843226654
2026-07-20 16:45:00+03:00,0.4740427955973213,0.5804431597857933
2026-07-20 16:50:00+03:00,0.46626368440466226,0.28416953253159083
2026-07-20 16:55:00+03:00,0.4653776992638126,0.3091099624175016
2026-07-20 17:00:00+03:00,0.4031743942105938,-0.07697158023066787
2026-07-20 17:05:00+03:00,0.3377762504551417,-0.2653447841311885
2026-07-20 17:10:00+03:00,0.29908920749362355,-0.2233531611404074
2026-07-20 17:15:00+03:00,0.3675528831117133,0.3876729491302014
2026-07-20 17:20:00+03:00,0.31086950468729724,-0.29353012911773074
2026-07-20 17:25:00+03:00,0.29260305603447256,-0.1325815486049195
2026-07-20 17:30:00+03:00,0.2747931989118103,-0.17610538279197477
2026-07-20 17:35:00+03:00,0.27354513395802943,-0.0955500208138361
2026-07-20 17:40:00+03:00,0.26065229089752334,-0.18753136649273602
2026-07-20 17:45:00+03:00,0.29053995309861014,0.0827525269155098
2026-07-20 17:50:00+03:00,0.32106539683530155,0.14851657485355058
2026-07-20 17:55:00+03:00,0.34979482257304273,0.19900842971385074
2026-07-21 09:55:00+03:00,0.34126043106090104,0.02665906225039736
2026-07-21 10:00:00+03:00,0.2996116328013909,-0.23850280090544662
2026-07-21 10:05:00+03:00,0.29863081906740163,-0.035054231595778064
2026-07-21 10:10:00+03:00,0.31169177624949707,0.05617468742450799
2026-07-21 10:15:00+03:00,0.34471344346871513,0.2059612700700807
2026-07-21 10:20:00+03:00,0.4070998558189735,0.44032243748938993
2026-07-21 10:25:00+03:00,0.4988319493833267,0.7457730716707933
2026-07-21 10:30:00+03:00,0.5035655382149848,0.4040907738490109
2026-07-21 10:35:00+03:00,0.46337499275925903,0.15029908861609215
2026-07-21 10:40:00+03:00,0.4363455224243829,0.14886258480173378
2026-07-21 10:45:00+03:00,0.34886289670449444,-0.36850428287206305
2026-07-21 10:50:00+03:00,0.28684740933499214,-0.40648561620241913
2026-07-21 10:55:00+03:00,0.2716124697281395,-0.1709284774750624
2026-07-21 11:00:00+03:00,0.4290575715460003,0.8907768285401018
2026-07-21 11:05:00+03:00,0.4449458581570719,0.3343726079538444
2026-07-21 11:10:00+03:00,0.4411709763561413,0.25093642718742054
2026-07-21 11:15:00+03:00,0.41803734286157096,0.12738080440711663
2026-07-21 11:20:00+03:00,0.38593743486598964,0.021274695698730767
2026-07-21 11:25:00+03:00,0.381225869887181,0.12744789921948557
2026-07-21 11:30:00+03:00,0.4924497004867322,0.8201090479961595
2026-07-21 11:35:00+03:00,0.46681827098546097,0.21545647602586673
2026-07-21 11:40:00+03:00,0.42840870452522956,0.08543641811510874
2026-07-21 11:45:00+03:00,0.4116915517159691,0.1406598103390606
2026-07-21 11:50:00+03:00,0.3995486293657858,0.1345416620037472
2026-07-21 11:55:00+03:00,0.3926788571634242,0.1420507089623835
2026-07-21 12:00:00+03:00,0.39534807340398714,0.18592299964299522
2026-07-21 12:05:00+03:00,0.3921046177027099,0.15561907359180965
2026-07-21 12:10:00+03:00,0.37864454053777286,0.08572010059411683
2026-07-21 12:15:00+03:00,0.3566941672027064,0.0014636238885919587
2026-07-21 12:20:00+03:00,0.357478689427708,0.10105711377313856
2026-07-21 12:25:00+03:00,0.3577675029102795,0.09959176952438523
2026-07-21 12:30:00+03:00,0.34188604579174725,-0.004510163742960728
2026-07-21 12:35:00+03:00,0.33605713719570385,0.027113735934019088
2026-07-21 12:40:00+03:00,0.30370635855187,-0.17655021721059647
2026-07-21 12:45:00+03:00,0.2876723513367364,-0.13375538581716073
2026-07-21 12:50:00+03:00,0.37314825490998166,0.4639244661023
2026-07-21 12:55:00+03:00,0.41733491466367567,0.3900297519614196
2026-07-21 13:00:00+03:00,0.45502552732630464,0.4374983356872473
2026-07-21 13:05:00+03:00,0.45961577011686794,0.31911650661832275
2026-07-21 13:10:00+03:00,0.4429937135710921,0.20396413130251484
2026-07-21 13:15:00+03:00,0.3774024382892846,-0.1577113355683244
2026-07-21 13:20:00+03:00,0.3589889094580445,0.02220703524328636
2026-07-21 13:25:00+03:00,0.3459311565969587,0.017042639396905458
2026-07-21 13:30:00+03:00,0.3233980866196564,-0.07801206321651848
2026-07-21 13:35:00+03:00,0.31485025559877305,-0.032561244494907556
2026-07-21 13:40:00+03:00,0.31194479907165357,-0.013487710399948763
2026-07-21 13:45:00+03:00,0.3600819787036192,0.29510828413072476
2026-07-21 13:50:00+03:00,0.37714405967957554,0.20697484636098162
2026-07-21 13:55:00+03:00,0.41519715648540334,0.3623843229889784
2026-07-21 14:00:00+03:00,0.4357175574341334,0.33444170396210904
2026-07-21 14:05:00+03:00,0.4262235453757681,0.1989723525680394
2026-07-21 14:10:00+03:00,0.37642393345857933,-0.08161806306847724
2026-07-21 14:15:00+03:00,0.345904075426603,-0.06251994294480233
2026-07-21 14:20:00+03:00,0.34266951238984406,0.05271060133527523
2026-07-21 14:25:00+03:00,0.3450447185644256,0.08165571424939924
2026-07-21 14:30:00+03:00,0.2991281145407331,-0.26442476696437595
2026-07-21 14:35:00+03:00,0.26782313265161256,-0.2705252557494134
2026-07-21 14:40:00+03:00,0.22315808350099361,-0.5168812483990574
2026-07-21 14:45:00+03:00,0.20721834176190282,-0.36370688888115493
2026-07-21 14:50:00+03:00,0.16026542583735884,-0.8893990271971597
2026-07-21 14:55:00+03:00,0.12315077015834641,-1.044541052738684
2026-07-21 15:00:00+03:00,0.11429918407140391,-0.6934811105855687
2026-07-21 15:05:00+03:00,0.12555412590390477,-0.46043252751976776
2026-07-21 15:10:00+03:00,0.10378201896168712,-0.9389691051369423
2026-07-21 15:15:00+03:00,0.09727080180692567,-0.7656092330512763
2026-07-21 15:20:00+03:00,0.10039220188057055,-0.6406845546137205
2026-07-21 15:25:00+03:00,0.07566097764311151,-1.3554817251845246
2026-07-21 15:30:00+03:00,0.06237093235854474,-1.2010543024657074
2026-07-21 15:35:00+03:00,0.05235262707058653,-1.251777088807204
2026-07-21 15:40:00+03:00,0.0416715649213638,-1.4805283476289306
2026-07-21 15:45:00+03:00,0.03269553577233876,-1.6369046967212604
2026-07-21 15:50:00+03:00,0.027608392585047405,-1.555172522680738
2026-07-21 15:55:00+03:00,0.022117247080201994,-1.7733313533567834
2026-07-21 16:00:00+03:00,0.02235236501131432,-1.4233252051282856
2026-07-21 16:05:00+03:00,0.02268604049187801,-1.4120345313443745
2026-07-21 16:10:00+03:00,0.020575307030175065,-1.586387554986013
2026-07-21 16:15:00+03:00,0.029890570893968356,-1.0486853069951447
2026-07-21 16:20:00+03:00,0.028215333458739077,-1.3812044597818063
2026-07-21 16:25:00+03:00,0.04299764226877204,-0.8433318346058689
2026-07-21 16:30:00+03:00,0.047263245539349026,-0.9779937003653387
2026-07-21 16:35:00+03:00,0.04803204224442223,-1.0378992832635268
2026-07-21 16:40:00+03:00,0.06290890361275986,-0.7155099043505592
2026-07-21 16:45:00+03:00,0.08230328178001275,-0.5718616908637287
2026-07-21 16:50:00+03:00,0.0981035959163248,-0.5341755721536573
2026-07-21 16:55:00+03:00,0.10152470422794461,-0.6320242039214902
2026-07-21 17:00:00+03:00,0.10273280102540522,-0.6482145356915644
2026-07-21 17:05:00+03:00,0.10648488676101563,-0.6047237459018012
2026-07-21 17:10:00+03:00,0.09249266264851036,-0.9039244690372885
2026-07-21 17:15:00+03:00,0.08107502378661384,-0.9561711957247381
2026-07-21 17:20:00+03:00,0.06861069267522973,-1.1015230746015265
2026-07-21 17:25:00+03:00,0.07255965849961732,-0.7896785293744283
2026-07-21 17:30:00+03:00,0.10903685225271822,-0.341955923765775
2026-07-21 17:35:00+03:00,0.11748357484494892,-0.5146128637002149
2026-07-21 17:40:00+03:00,0.11561611351720415,-0.6148183600438561
2026-07-21 17:45:00+03:00,0.10425821081627899,-0.7826868598610884
2026-07-21 17:50:00+03:00,0.100470791820558,-0.714179995886631
2026-07-21 17:55:00+03:00,0.0917655524100751,-0.8306941660761674
2026-07-22 09:55:00+03:00,0.07923305955015084,-0.9930118357498432
2026-07-22 10:00:00+03:00,0.07052122588531028,-1.0031307961369993
2026-07-22 10:05:00+03:00,0.06283052647246551,-1.0599435239782904
2026-07-22 10:10:00+03:00,0.0511758968393185,-1.3250453998217464
2026-07-22 10:15:00+03:00,0.0468869134199556,-1.1671805141381377
2026-07-22 10:20:00+03:00,0.03639159347466111,-1.6156533729469225
2026-07-22 10:25:00+03:00,0.037057954131643055,-1.1661173142405599
2026-07-22 10:30:00+03:00,0.04374168720582647,-0.9661517466734046
2026-07-22 10:35:00+03:00,0.04494372276845148,-1.0610202331709273
2026-07-22 10:40:00+03:00,0.04480423154982862,-1.0919271402332213
2026-07-22 10:45:00+03:00,0.050421782400502026,-0.9270731332075327
2026-07-22 10:50:00+03:00,0.06023197251345889,-0.7936167694431526
2026-07-22 10:55:00+03:00,0.06804586088158086,-0.7691942680954075
2026-07-22 11:00:00+03:00,0.06959158124210713,-0.8424715903463406
2026-07-22 11:05:00+03:00,0.07837352347296728,-0.6971129707237866
2026-07-22 11:10:00+03:00,0.12086034201390691,-0.26870120834592004
2026-07-22 11:15:00+03:00,0.14223049199156432,-0.3324143259140456
2026-07-22 11:20:00+03:00,0.1540172488234088,-0.35627268973128606
2026-07-22 11:25:00+03:00,0.16865137789911838,-0.29226923850623315
2026-07-22 11:30:00+03:00,0.24226235609542074,0.16343451595192948
2026-07-22 11:35:00+03:00,0.2816854973859454,0.10414809304435642
2026-07-22 11:40:00+03:00,0.28640279794695284,-0.03696829059619041
2026-07-22 11:45:00+03:00,0.30767226418333654,0.08253311588050853
2026-07-22 11:50:00+03:00,0.27434257890956626,-0.2632918742847184
2026-07-22 11:55:00+03:00,0.2304604990364814,-0.48116111516045157
2026-07-22 12:00:00+03:00,0.1923828255317208,-0.5941804409848399
2026-07-22 12:05:00+03:00,0.16403306515185945,-0.637176755330222
2026-07-22 12:10:00+03:00,0.15536766220668138,-0.49968852726589036
2026-07-22 12:15:00+03:00,0.152887936832666,-0.4609481620888035
2026-07-22 12:20:00+03:00,0.16542605154424883,-0.31501061640693584
2026-07-22 12:25:00+03:00,0.17633063806884894,-0.29160411978212053
2026-07-22 12:30:00+03:00,0.2213881992391589,-0.0014189954618604502
2026-07-22 12:35:00+03:00,0.2847408906949742,0.20732761949173317
2026-07-22 12:40:00+03:00,0.24188268281555056,-0.430288313507815
2026-07-22 12:45:00+03:00,0.23622808278510032,-0.2144913983726578
2026-07-22 12:50:00+03:00,0.18921520682877963,-0.7012646723140906
2026-07-22 12:55:00+03:00,0.17692300999919003,-0.44436492473152045
2026-07-22 13:00:00+03:00,0.16281857144336992,-0.5136539115715921
2026-07-22 13:05:00+03:00,0.15785721335726413,-0.46092528301257957
2026-07-22 13:10:00+03:00,0.14814695743875345,-0.5383446226539288
2026-07-22 13:15:00+03:00,0.17007981251094448,-0.24523257787106736
2026-07-22 13:20:00+03:00,0.20303734541297014,-0.1006532853590656
2026-07-22 13:25:00+03:00,0.24334646030911664,0.02616199083656686
2026-07-22 13:30:00+03:00,0.3077862247956411,0.2568789699115512
2026-07-22 13:35:00+03:00,0.3368503141523396,0.17449177347862713
2026-07-22 13:40:00+03:00,0.3648230159899084,0.22573583148109622
2026-07-22 13:45:00+03:00,0.38367139879950385,0.22691616922343702
2026-07-22 13:50:00+03:00,0.42297176296144523,0.3820927100326766
2026-07-22 13:55:00+03:00,0.46998984069154903,0.5026205140479856
2026-07-22 14:00:00+03:00,0.4992392972511412,0.49037235465630313
2026-07-22 14:05:00+03:00,0.5306002412548236,0.5602862905483078
2026-07-22 14:10:00+03:00,0.5358005851244712,0.46798988998868984
2026-07-22 14:15:00+03:00,0.533703693184995,0.4357710734501082
2026-07-22 14:20:00+03:00,0.529204796861505,0.41787384734710237
2026-07-22 14:25:00+03:00,0.5377568611089298,0.48477998916160553
2026-07-22 14:30:00+03:00,0.5333934703740116,0.42644939974309415
2026-07-22 14:35:00+03:00,0.48974298279402473,0.1894276837895568
2026-07-22 14:40:00+03:00,0.5099367950095973,0.4759767556052441
2026-07-22 14:45:00+03:00,0.5070171086583296,0.38133516064091844
2026-07-22 14:50:00+03:00,0.5083576438614796,0.40026202002013617
2026-07-22 14:55:00+03:00,0.4894893091689566,0.2861983924680773
2026-07-22 15:00:00+03:00,0.4999913974613925,0.4193897028371721
2026-07-22 15:05:00+03:00,0.43454806312398947,-0.019084686341481406
2026-07-22 15:10:00+03:00,0.43465093915988307,0.2533490712576443
2026-07-22 15:15:00+03:00,0.4552844946505099,0.37245741199112414
2026-07-22 15:20:00+03:00,0.45207126802949293,0.27435249155524477
2026-07-22 15:25:00+03:00,0.41144045312436206,0.0397075897840708
2026-07-22 15:30:00+03:00,0.30510124471401995,-0.7168798324605996
2026-07-22 15:35:00+03:00,0.2673087275314851,-0.3112200417509293
2026-07-22 15:40:00+03:00,0.22757321013263485,-0.460287386247476
2026-07-22 15:45:00+03:00,0.2026258355340435,-0.4429083412224964
2026-07-22 15:50:00+03:00,0.19589868015757694,-0.34049706296921983
2026-07-22 15:55:00+03:00,0.20434604780152588,-0.22467295689786107
2026-07-22 16:00:00+03:00,0.18010015988006234,-0.5261327607815902
2026-07-22 16:05:00+03:00,0.16370577188094523,-0.5290415529282637
2026-07-22 16:10:00+03:00,0.15689247084988775,-0.4789313078964991
2026-07-22 16:15:00+03:00,0.1603480356372194,-0.3910173562432261
2026-07-22 16:20:00+03:00,0.17377827694532988,-0.28409380126545425
2026-07-22 16:25:00+03:00,0.17815070472496405,-0.32631355988466
2026-07-22 16:30:00+03:00,0.14791325330731478,-0.7461051100135286
2026-07-22 16:35:00+03:00,0.13032168771609834,-0.7015482558807228
2026-07-22 16:40:00+03:00,0.1625845689351765,-0.20848126128560665
2026-07-22 16:45:00+03:00,0.15417306945102668,-0.5024635513635012
2026-07-22 16:50:00+03:00,0.13396744843895472,-0.7104328986165853
2026-07-22 16:55:00+03:00,0.1324937571614437,-0.5348467955812342
2026-07-22 17:00:00+03:00,0.13670345506042914,-0.4717117748697741
2026-07-22 17:05:00+03:00,0.140097840234464,-0.4649253473601318
2026-07-22 17:10:00+03:00,0.11613870509898602,-0.8751738573401258
2026-07-22 17:15:00+03:00,0.10877915445070592,-0.707589364697198
2026-07-22 17:20:00+03:00,0.1123425018888366,-0.5792197236546852
2026-07-22 17:25:00+03:00,0.11177464604732691,-0.6208456342674616
2026-07-22 17:30:00+03:00,0.11154652353886972,-0.6186489522518037
2026-07-22 17:35:00+03:00,0.11011958450178848,-0.6375165280850906
2026-07-22 17:40:00+03:00,0.11031584209208849,-0.6205072446024414
2026-07-22 17:45:00+03:00,0.09744154803994341,-0.8495635038757793
2026-07-22 17:50:00+03:00,0.11298891756679194,-0.47574239927698064
2026-07-22 17:55:00+03:00,0.12005163046499928,-0.5154381228435768
2026-07-23 09:55:00+03:00,0.1565843611800651,-0.20156759733016344
2026-07-23 10:00:00+03:00,0.26892194439990513,0.36678710872826986
2026-07-23 10:05:00+03:00,0.326566449212339,0.2669873881024743
2026-07-23 10:10:00+03:00,0.36462226813173443,0.26480501953154667
2026-07-23 10:15:00+03:00,0.3875885543027959,0.25074090875093624
2026-07-23 10:20:00+03:00,0.4025550110170428,0.24872192364160303
2026-07-23 10:25:00+03:00,0.4165369793744802,0.27213051055582077
2026-07-23 10:30:00+03:00,0.4026477791049586,0.13373643397374377
2026-07-23 10:35:00+03:00,0.3727766354842181,0.00200123769810559
2026-07-23 10:40:00+03:00,0.3829012511785861,0.19084066467321723
2026-07-23 10:45:00+03:00,0.403957544993035,0.27517836926258454
2026-07-23 10:50:00+03:00,0.39167049021388645,0.11775543533230132
2026-07-23 10:55:00+03:00,0.5313472557803386,1.0769125853591797
2026-07-23 11:00:00+03:00,0.5397251604129463,0.48792779063711916
2026-07-23 11:05:00+03:00,0.5582791058251568,0.5643951412040715
2026-07-23 11:10:00+03:00,0.5866745170176115,0.6623401108700486
2026-07-23 11:15:00+03:00,0.6106763133136118,0.6944742346689262
2026-07-23 11:20:00+03:00,0.6369374395098643,0.7617251449398242
2026-07-23 11:25:00+03:00,0.5883523876228961,0.3621519230703629
2026-07-23 11:30:00+03:00,0.528491203155536,0.20201792036215085
2026-07-23 11:35:00+03:00,0.39308014606196656,-0.5666273488122433
2026-07-23 11:40:00+03:00,0.28254542506963076,-0.9285752836302946
2026-07-23 11:45:00+03:00,0.22692058753464747,-0.5967853475217283
2026-07-23 11:50:00+03:00,0.17439794718142387,-0.866693555591191
2026-07-23 11:55:00+03:00,0.15080244348588515,-0.6561052530213949
2026-07-23 12:00:00+03:00,0.11859868850084729,-0.9927955263796816
2026-07-23 12:05:00+03:00,0.10714544417752388,-0.7656677636355536
2026-07-23 12:10:00+03:00,0.10597224823911937,-0.6560307691498307
2026-07-23 12:15:00+03:00,0.14917956111961442,-0.1855910263173027
2026-07-23 12:20:00+03:00,0.19234465757163127,-0.07719335864156647
2026-07-23 12:25:00+03:00,0.22017294850979027,-0.08400562975388376
2026-07-23 12:30:00+03:00,0.22237407270684767,-0.2093946397950835
2026-07-23 12:35:00+03:00,0.1884275911942666,-0.5743793624911423
2026-07-23 12:40:00+03:00,0.16655462406007207,-0.5641702805382245
2026-07-23 12:45:00+03:00,0.15432516063585092,-0.5334873815645829
2026-07-23 12:50:00+03:00,0.15243932106633112,-0.4581405744540697
2026-07-23 12:55:00+03:00,0.16629296810951338,-0.30420370895761717
2026-07-23 13:00:00+03:00,0.14476377993694772,-0.666032042239958
2026-07-23 13:05:00+03:00,0.13201249274949883,-0.6413148090737654
2026-07-23 13:10:00+03:00,0.12843836193392302,-0.5709695031622997
2026-07-23 13:15:00+03:00,0.12702117959023015,-0.5580622644432204
2026-07-23 13:20:00+03:00,0.14428560594635476,-0.35226387623580113
2026-07-23 13:25:00+03:00,0.15853089150955907,-0.3259161894425153
2026-07-23 13:30:00+03:00,0.17320569171747213,-0.2783812219329872
2026-07-23 13:35:00+03:00,0.21059409232528684,-0.06132768606159356
2026-07-23 13:40:00+03:00,0.23769815304227998,-0.04605695073202581
2026-07-23 13:45:00+03:00,0.2384903309930287,-0.17373246064040304
2026-07-23 13:50:00+03:00,0.20128880159904322,-0.5462668131525478
2026-07-23 13:55:00+03:00,0.23331583194209318,-0.033444237498179236
2026-07-23 14:00:00+03:00,0.2025379359855818,-0.4879175786905476
2026-07-23 14:05:00+03:00,0.17567566055941167,-0.5680009903085034
2026-07-23 14:10:00+03:00,0.18011920492471734,-0.3196787262893624
2026-07-23 14:15:00+03:00,0.1833448824581449,-0.31721025770222805
2026-07-23 14:20:00+03:00,0.16384732136603905,-0.5551340071783654
2026-07-23 14:25:00+03:00,0.14800910510213983,-0.5936893172625971
2026-07-23 14:30:00+03:00,0.15427890450546192,-0.3925367948682148
2026-07-23 14:35:00+03:00,0.15639820109451313,-0.4141989631046678
2026-07-23 14:40:00+03:00,0.1750279715844901,-0.24997588275105734
2026-07-23 14:45:00+03:00,0.1675682730484007,-0.44321319622932503
2026-07-23 14:50:00+03:00,0.19752709022541726,-0.12912587753947374
2026-07-23 14:55:00+03:00,0.1766320449624953,-0.5126980615103433
2026-07-23 15:00:00+03:00,0.1609900710481003,-0.5341675011441326
2026-07-23 15:05:00+03:00,0.14151700053532434,-0.6615044270865315
2026-07-23 15:10:00+03:00,0.12249530468743469,-0.7643448865910556
2026-07-23 15:15:00+03:00,0.10617851131711818,-0.8363698209000174
2026-07-23 15:20:00+03:00,0.08412975795008996,-1.1452098827304642
2026-07-23 15:25:00+03:00,0.0923738514439461,-0.6295707643206934
2026-07-23 15:30:00+03:00,0.11764764159929007,-0.38780033766517075
2026-07-23 15:35:00+03:00,0.14895694252988903,-0.2520210133092689
2026-07-23 15:40:00+03:00,0.15095159649419623,-0.434763736323392
2026-07-23 15:45:00+03:00,0.16096581092312012,-0.34517576095845387
2026-07-23 15:50:00+03:00,0.16735196521866508,-0.34799664544372494
2026-07-23 15:55:00+03:00,0.23283803391758937,0.11095680191410623
2026-07-23 16:00:00+03:00,0.2687311216698683,0.06196178088674518
2026-07-23 16:05:00+03:00,0.2850760083624702,0.01251407354022296
2026-07-23 16:10:00+03:00,0.27243662056037593,-0.15528986518727889
2026-07-23 16:15:00+03:00,0.2528409760961041,-0.24607694784281597
2026-07-23 16:20:00+03:00,0.24660238769955745,-0.1895128302988472
2026-07-23 16:25:00+03:00,0.22606075272804338,-0.33239303384941093
2026-07-23 16:30:00+03:00,0.19769774000845317,-0.4879588958450211
2026-07-23 16:35:00+03:00,0.18269124960836072,-0.44310418536388707
2026-07-23 16:40:00+03:00,0.2838521902691855,0.3525360494581986
2026-07-23 16:45:00+03:00,0.312972756050802,0.12623797537708367
2026-07-23 16:50:00+03:00,0.3458256587950668,0.20749639092962163
2026-07-23 16:55:00+03:00,0.3644215221040505,0.18777377724368935
2026-07-23 17:00:00+03:00,0.38798793052833047,0.2538645144757015
2026-07-23 17:05:00+03:00,0.3843695635155939,0.13836470509371135
2026-07-23 17:10:00+03:00,0.35556576223265773,-0.03209427094217945
2026-07-23 17:15:00+03:00,0.30183578992408694,-0.30305219393533683
2026-07-23 17:20:00+03:00,0.28660167284746574,-0.13242219578602488
2026-07-23 17:25:00+03:00,0.2594172217381695,-0.271010299000067
2026-07-23 17:30:00+03:00,0.26144539231617986,-0.10910760809876488
2026-07-23 17:35:00+03:00,0.27352369213087896,-0.03273173602511726
2026-07-23 17:40:00+03:00,0.24579996591601583,-0.31547668728027445
2026-07-23 17:45:00+03:00,0.23396128652191245,-0.25574408067913396
2026-07-23 17:50:00+03:00,0.22014612225589983,-0.3087716467569283
2026-07-23 17:55:00+03:00,0.25413773311395577,0.02211718379451727
2026-07-24 09:55:00+03:00,0.2983421507263447,0.15791270885483807
2026-07-24 10:00:00+03:00,0.3352247850094318,0.2024570284569451
2026-07-24 10:05:00+03:00,0.32234574345216527,-0.035241707837421844
2026-07-24 10:10:00+03:00,0.2871862861127628,-0.23693828649028212
2026-07-24 10:15:00+03:00,0.2760382926516284,-0.13846166819901207
2026-07-24 10:20:00+03:00,0.2522017086603852,-0.27254156391399353
2026-07-24 10:25:00+03:00,0.19557746230152703,-0.7776702460622088
2026-07-24 10:30:00+03:00,0.19742009879580297,-0.2826992320806403
2026-07-24 10:35:00+03:00,0.22665837715724912,-0.06188291865482363
2026-07-24 10:40:00+03:00,0.2483721598554881,-0.04630428390419372
2026-07-24 10:45:00+03:00,0.25649985111676493,-0.0914152079894763
2026-07-24 10:50:00+03:00,0.2630808158629902,-0.08301362687972855
2026-07-24 10:55:00+03:00,0.32140126508273487,0.25956245608155215
2026-07-24 11:00:00+03:00,0.31674504730749564,-0.010557917659715893
2026-07-24 11:05:00+03:00,0.31508487953804715,-0.0008347895798335684
2026-07-24 11:10:00+03:00,0.34670397588584695,0.20434609139554333
2026-07-24 11:15:00+03:00,0.3404135028823985,0.034608694234011333
2026-07-24 11:20:00+03:00,0.34026291966591427,0.060774462800666715
2026-07-24 11:25:00+03:00,0.3497355996338541,0.12102450402053112
2026-07-24 11:30:00+03:00,0.33010115298150744,-0.04855250240270225
2026-07-24 11:35:00+03:00,0.3201942150738532,-0.026551873259320354
2026-07-24 11:40:00+03:00,0.30765728065327685,-0.06790462870266543
2026-07-24 11:45:00+03:00,0.26131838993476364,-0.3862746571903587
2026-07-24 11:50:00+03:00,0.20664419860886418,-0.6896462061641452
2026-07-24 11:55:00+03:00,0.23524050045600967,-0.04483479751228056
2026-07-24 12:00:00+03:00,0.24980023088359435,-0.07660916287474051
2026-07-24 12:05:00+03:00,0.2254648233579677,-0.3588944999688515
2026-07-24 12:10:00+03:00,0.2273756351757948,-0.19738105896698435
2026-07-24 12:15:00+03:00,0.22162380047524935,-0.2562174191387392
2026-07-24 12:20:00+03:00,0.21149049422709332,-0.3127689390099183
2026-07-24 12:25:00+03:00,0.21247554232222424,-0.24380708364306025
2026-07-24 12:30:00+03:00,0.19607281544061345,-0.4049002731107615
2026-07-24 12:35:00+03:00,0.1883187410044678,-0.37214358357549715
2026-07-24 12:40:00+03:00,0.19829286803723337,-0.2330665399393953
2026-07-24 12:45:00+03:00,0.18308653580329945,-0.443120493426304
2026-07-24 12:50:00+03:00,0.18457123025237268,-0.3242798101155061
2026-07-24 12:55:00+03:00,0.1997046792968681,-0.20069547584775718
2026-07-24 13:00:00+03:00,0.21568140805162608,-0.15406073670573797
2026-07-24 13:05:00+03:00,0.22792722724472683,-0.14182052996759503
2026-07-24 13:10:00+03:00,0.2239310279160495,-0.23956588684540955
2026-07-24 13:15:00+03:00,0.22015028629794947,-0.2491119340563902
2026-07-24 13:20:00+03:00,0.2161250266465494,-0.2621518173330574
2026-07-24 13:25:00+03:00,0.2196213437003005,-0.20983892418776023
2026-07-24 13:30:00+03:00,0.20765373286993322,-0.3364099580848349
2026-07-24 13:35:00+03:00,0.19589773151695009,-0.3735708874046193
2026-07-24 13:40:00+03:00,0.19577819865088936,-0.2994962977670829
2026-07-24 13:45:00+03:00,0.19623889290804364,-0.29456743076947817
2026-07-24 13:50:00+03:00,0.1857532156898459,-0.399601334374272
2026-07-24 13:55:00+03:00,0.2187430418265,-0.06285361626381819
2026-07-24 14:00:00+03:00,0.23331236251133855,-0.1166406482257123
2026-07-24 14:05:00+03:00,0.24471923314362345,-0.10412258272289289
2026-07-24 14:10:00+03:00,0.25893570520794007,-0.05663779257426485
2026-07-24 14:15:00+03:00,0.2571050381030252,-0.13921849969172634
2026-07-24 14:20:00+03:00,0.2585373353275154,-0.11924408629316385
2026-07-24 14:25:00+03:00,0.2841161041233449,0.05071698929629419
2026-07-24 14:30:00+03:00,0.26484143928794884,-0.2107204457214713
2026-07-24 14:35:00+03:00,0.25860359856018067,-0.15794910476855104
2026-07-24 14:40:00+03:00,0.2428685889487964,-0.2525301544041672
2026-07-24 14:45:00+03:00,0.22086432205881246,-0.35869087467608113
2026-07-24 14:50:00+03:00,0.20151259205159158,-0.40651131919132866
2026-07-24 14:55:00+03:00,0.1944684756848356,-0.347165558648913
2026-07-24 15:00:00+03:00,0.1946694468299192,-0.3009241483283312
2026-07-24 15:05:00+03:00,0.18522935752199526,-0.39415859841147266
2026-07-24 15:10:00+03:00,0.195400396422759,-0.2401218957075438
2026-07-24 15:15:00+03:00,0.2561751977666848,0.1395733425712894
2026-07-24 15:20:00+03:00,0.24667301736887104,-0.20695659059652113
2026-07-24 15:25:00+03:00,0.24167750190724946,-0.19606159239741688
2026-07-24 15:30:00+03:00,0.2477305373330883,-0.12314125840321476
2026-07-24 15:35:00+03:00,0.28218724128494255,0.08440718904346
2026-07-24 15:40:00+03:00,0.2996099571336364,0.04895449340635593
2026-07-24 15:45:00+03:00,0.3033793542997922,-0.00272866899379542
2026-07-24 15:50:00+03:00,0.3091399657075537,0.01890611084641663
2026-07-24 15:55:00+03:00,0.32491124840558105,0.09564092858575927
2026-07-24 16:00:00+03:00,0.3148652156301446,-0.03942181866159283
2026-07-24 16:05:00+03:00,0.3085257995224824,-0.03694625516630114
2026-07-24 16:10:00+03:00,0.2876721649425793,-0.1583707065465267
2026-07-24 16:15:00+03:00,0.2702983434831237,-0.1857068804296019
2026-07-24 16:20:00+03:00,0.25246468286660045,-0.23713607436092868
2026-07-24 16:25:00+03:00,0.27865391181986343,0.041557943245832285
2026-07-24 16:30:00+03:00,0.258011213948401,-0.23733824267857484
2026-07-24 16:35:00+03:00,0.2588672639642566,-0.12129013369045094
2026-07-24 16:40:00+03:00,0.28817118086405696,0.07528077460497323
2026-07-24 16:45:00+03:00,0.2468688014493859,-0.4014086608564112
2026-07-24 16:50:00+03:00,0.25692670342852375,-0.08109624484293781
2026-07-24 16:55:00+03:00,0.27421313209524045,-0.007512149200219032
2026-07-24 17:00:00+03:00,0.2927982855978035,0.03925147109341919
2026-07-24 17:05:00+03:00,0.33769734737232837,0.23894963228523247
2026-07-24 17:10:00+03:00,0.3711648037732828,0.25967462230118016
2026-07-24 17:15:00+03:00,0.3508445174363565,-0.0043289608558080995
2026-07-24 17:20:00+03:00,0.3415822833352743,0.024173986567056552
2026-07-24 17:25:00+03:00,0.34439139281249564,0.08210807271725049
2026-07-24 17:30:00+03:00,0.3338009318325764,0.001076530152328807
2026-07-24 17:35:00+03:00,0.35211654252886,0.16194795306358362
2026-07-24 17:40:00+03:00,0.3616265288647145,0.14552781695652667
2026-07-24 17:45:00+03:00,0.3499140096116737,0.031680411655577695
2026-07-24 17:50:00+03:00,0.3211359659604817,-0.11384664887093457
2026-07-24 17:55:00+03:00,0.34227387936601145,0.15345525910054322
2026-07-27 09:55:00+03:00,0.32542703889720026,-0.04645836942366806
2026-07-27 10:00:00+03:00,0.44324629951087446,0.7382445284445434
2026-07-27 10:05:00+03:00,0.4458974626346118,0.285127372957792
2026-07-27 10:10:00+03:00,0.4658173209762034,0.38993149210690403
2026-07-27 10:15:00+03:00,0.6007123117005049,1.2932039994894864
2026-07-27 10:20:00+03:00,0.6895240776377166,1.27908160488544
2026-07-27 10:25:00+03:00,0.7119204971887778,0.92347437481812
2026-07-27 10:30:00+03:00,0.791366615002293,1.7943056985176031
2026-07-27 10:35:00+03:00,0.8388189287230334,1.6481933876689434
2026-07-27 10:40:00+03:00,0.8711173097918848,1.6638445905115629
2026-07-27 10:45:00+03:00,0.8854420300791012,1.5135269049939541
2026-07-27 10:50:00+03:00,0.8998201046574354,1.6096576451518374
2026-07-27 10:55:00+03:00,0.9145819857381838,1.7352357269222594
2026-07-27 11:00:00+03:00,0.9156073171508985,1.5357374942818935
2026-07-27 11:05:00+03:00,0.9274678429867791,1.803830248235932
2026-07-27 11:10:00+03:00,0.9203526825925797,1.4667673839477056
2026-07-27 11:15:00+03:00,0.916819868522878,1.4876155018399375
2026-07-27 11:20:00+03:00,0.9179048498749202,1.5512915130890426
2026-07-27 11:25:00+03:00,0.9148352406410237,1.4814642671174063
2026-07-27 11:30:00+03:00,0.9144433178279019,1.510893674973631
2026-07-27 11:35:00+03:00,0.9120538931631266,1.4733044596337654
2026-07-27 11:40:00+03:00,0.9087125558617958,1.4441243724468789
2026-07-27 11:45:00+03:00,0.8943044295076024,1.272207224126426
2026-07-27 11:50:00+03:00,0.8978044348108143,1.4593808104621355
2026-07-27 11:55:00+03:00,0.9056307885642306,1.5592319489062278
2026-07-27 12:00:00+03:00,0.9059467538376871,1.469346618551022
2026-07-27 12:05:00+03:00,0.9174310400771146,1.7025481844927526
2026-07-27 12:10:00+03:00,0.9156056005802495,1.500617464216244
2026-07-27 12:15:00+03:00,0.8835743474691772,1.1049655643850451
2026-07-27 12:20:00+03:00,0.8031962257900379,0.6601972687854699
2026-07-27 12:25:00+03:00,0.7500486288516423,0.6629426810402237
2026-07-27 12:30:00+03:00,0.7353455699447593,0.7992176530269328
2026-07-27 12:35:00+03:00,0.762139817553768,1.0927924707816514
2026-07-27 12:40:00+03:00,0.7443469190152481,0.8057571712740708
2026-07-27 12:45:00+03:00,0.790872897727202,1.3530424458383523
2026-07-27 12:50:00+03:00,0.7874099225678468,0.9876391764517456
2026-07-27 12:55:00+03:00,0.7790547652397175,0.938266219784777
2026-07-27 13:00:00+03:00,0.7829717941429761,1.017048540524524
2026-07-27 13:05:00+03:00,0.7895898323762541,1.0526756896950564
2026-07-27 13:10:00+03:00,0.7956243413451093,1.0675675085765848
2026-07-27 13:15:00+03:00,0.7982441077692517,1.0546716167943562
2026-07-27 13:20:00+03:00,0.7913908589634013,0.9798352936541878
2026-07-27 13:25:00+03:00,0.8207363105582762,1.3323568064437177
2026-07-27 13:30:00+03:00,0.8412638007431298,1.34557731880419
2026-07-27 13:35:00+03:00,0.8478982293083511,1.2546365671858979
2026-07-27 13:40:00+03:00,0.8488302994331797,1.213876885679217
2026-07-27 13:45:00+03:00,0.8643764488858716,1.4095225617334173
2026-07-27 13:50:00+03:00,0.8844008012438636,1.580572533858166
2026-07-27 13:55:00+03:00,0.8929688819619249,1.4896689973965418
2026-07-27 14:00:00+03:00,0.8893261162644192,1.344293233563513
2026-07-27 14:05:00+03:00,0.8940675530521521,1.452436840145171
2026-07-27 14:10:00+03:00,0.8950533383909896,1.4175513970990807
2026-07-27 14:15:00+03:00,0.8817005262632044,1.2303173986492457
2026-07-27 14:20:00+03:00,0.8950690575227377,1.5626998948009716
2026-07-27 14:25:00+03:00,0.8649618963876207,1.0585213158536417
2026-07-27 14:30:00+03:00,0.8523610073513,1.1301924197294277
2026-07-27 14:35:00+03:00,0.828277630268756,0.9865950690451029
2026-07-27 14:40:00+03:00,0.8610112779647452,1.5946854110465591
2026-07-27 14:45:00+03:00,0.8839839326634847,1.6195314048416303
2026-07-27 14:50:00+03:00,0.8681637705545324,1.1623161184718835
2026-07-27 14:55:00+03:00,0.9052136123481055,2.229663620427849
2026-07-27 15:00:00+03:00,0.9215500829925468,1.8361472063784345
2026-07-27 15:05:00+03:00,0.9145431709280649,1.436033287141559
2026-07-27 15:10:00+03:00,0.9070674192507899,1.39257640462249
2026-07-27 15:15:00+03:00,0.771485211300335,0.3796906699362998
2026-07-27 15:20:00+03:00,0.709766472867298,0.5464184906226979
2026-07-27 15:25:00+03:00,0.6314346743862885,0.33061908304971543
2026-07-27 15:30:00+03:00,0.623052240982468,0.5862011049395764
2026-07-27 15:35:00+03:00,0.6345217996782959,0.6918752083445212
2026-07-27 15:40:00+03:00,0.5711117723361121,0.27172402742261864
2026-07-27 15:45:00+03:00,0.6425417579756758,1.0015226269786996
2026-07-27 15:50:00+03:00,0.7186642118574438,1.2949377173443708
2026-07-27 15:55:00+03:00,0.7675184604343058,1.2711316326820106
2026-07-27 16:00:00+03:00,0.5507185362518587,-0.5900317687505225
2026-07-27 16:05:00+03:00,0.6558737779398233,1.2750820492751862
2026-07-27 16:10:00+03:00,0.5591473386648659,0.11485825780232631
2026-07-27 16:15:00+03:00,0.48279341225615896,0.03950526171804695
2026-07-27 16:20:00+03:00,0.39303588773671294,-0.24644497172433202
2026-07-27 16:25:00+03:00,0.3600531794431415,-0.04100464492390971
2026-07-27 16:30:00+03:00,0.4135445295021547,0.4184893878818011
2026-07-27 16:35:00+03:00,0.30697162316502363,-0.7089096451458052
2026-07-27 16:40:00+03:00,0.21998303835485708,-1.0754891145773349
2026-07-27 16:45:00+03:00,0.15159553055527555,-1.6343668974201389
2026-07-27 16:50:00+03:00,0.10676844252635356,-1.56421181245008
2026-07-27 16:55:00+03:00,0.09693044736161106,-0.8108371475412794
2026-07-27 17:00:00+03:00,0.09975177123742086,-0.6469644647020146
2026-07-27 17:05:00+03:00,0.08593794435007994,-0.9555544922009643
2026-07-27 17:10:00+03:00,0.0893129975987026,-0.6964181047830089
2026-07-27 17:15:00+03:00,0.13530043646945156,-0.20803045217665633
2026-07-27 17:20:00+03:00,0.15563158243601824,-0.29719778921972745
2026-07-27 17:25:00+03:00,0.18033190989641895,-0.20134324140172136
2026-07-27 17:30:00+03:00,0.21850398586214906,-0.039248772941233794
2026-07-27 17:35:00+03:00,0.24340357173790406,-0.0430516872538906
2026-07-27 17:40:00+03:00,0.2683550386401658,0.01360283557166408
2026-07-27 17:45:00+03:00,0.2972196771716012,0.0924906906231123
2026-07-27 17:50:00+03:00,0.3293403833721385,0.17168604580353533
2026-07-27 17:55:00+03:00,0.3336209157052411,0.06551398172757116
2026-07-28 09:55:00+03:00,0.2774750228176857,-0.3982035588090555
2026-07-28 10:00:00+03:00,0.21800334675934632,-0.680086640888485
2026-07-28 10:05:00+03:00,0.20182242025075017,-0.38347425058493406
2026-07-28 10:10:00+03:00,0.23675157827629323,-0.012413081162145442
2026-07-28 10:15:00+03:00,0.23791534025279015,-0.17329031458070096
2026-07-28 10:20:00+03:00,0.2237426964420707,-0.29992865618885145
2026-07-28 10:25:00+03:00,0.22599881043434203,-0.19923517598496548
2026-07-28 10:30:00+03:00,0.3125797157991912,0.3517053312921542
2026-07-28 10:35:00+03:00,0.32379948376261164,0.07413669749462352
2026-07-28 10:40:00+03:00,0.3097816151073392,-0.06988841510780966
2026-07-28 10:45:00+03:00,0.45067141544848743,0.8622335021627759
2026-07-28 10:50:00+03:00,0.5866501715364318,1.2444447906095333
2026-07-28 10:55:00+03:00,0.6233788336041822,0.7783642035556473
2026-07-28 11:00:00+03:00,0.6631026856006434,0.8872637297998955
2026-07-28 11:05:00+03:00,0.6864062423368915,0.8636111130744488
2026-07-28 11:10:00+03:00,0.658395127930953,0.5783471446816039
2026-07-28 11:15:00+03:00,0.504861322476401,-0.2926498896717091
2026-07-28 11:20:00+03:00,0.41508321511681845,-0.18577002748168792
2026-07-28 11:25:00+03:00,0.3370557542134295,-0.34515442460486795
2026-07-28 11:30:00+03:00,0.2716573614384652,-0.4883993377150715
2026-07-28 11:35:00+03:00,0.26601937950307813,-0.13592854880876676
2026-07-28 11:40:00+03:00,0.22260369741939842,-0.5088830280310125
2026-07-28 11:45:00+03:00,0.21234284284864627,-0.3109184360527357
2026-07-28 11:50:00+03:00,0.2097032907997657,-0.27284933829032104
2026-07-28 11:55:00+03:00,0.20201825651966704,-0.3270949122812832
2026-07-28 12:00:00+03:00,0.19793360295399612,-0.31730991838154493
2026-07-28 12:05:00+03:00,0.20960560274985846,-0.1926637381313932
2026-07-28 12:10:00+03:00,0.31067802191132116,0.4036877871311381
2026-07-28 12:15:00+03:00,0.3636542975425726,0.3206779763566535
2026-07-28 12:20:00+03:00,0.4126744658712206,0.39964013240046525
2026-07-28 12:25:00+03:00,0.4122316679037261,0.20712909634688564
2026-07-28 12:30:00+03:00,0.40950497058463714,0.19263664031513028
2026-07-28 12:35:00+03:00,0.43300921926398295,0.3407082079689726
2026-07-28 12:40:00+03:00,0.4274605908687639,0.2170519703870867
2026-07-28 12:45:00+03:00,0.49673469941060494,0.6453144614399332
2026-07-28 12:50:00+03:00,0.5671278388671778,0.8037902603013181
2026-07-28 12:55:00+03:00,0.6270256090635214,0.8980403995493524
2026-07-28 13:00:00+03:00,0.6570001535021831,0.8249493346791128
2026-07-28 13:05:00+03:00,0.68535391640967,0.8860374361003159
2026-07-28 13:10:00+03:00,0.6813379578153701,0.7260225397256821
2026-07-28 13:15:00+03:00,0.6794686012156392,0.7313192459616789
2026-07-28 13:20:00+03:00,0.7139268827890572,0.9942719060091553
2026-07-28 13:25:00+03:00,0.7118970683303887,0.8036123636015264
2026-07-28 13:30:00+03:00,0.7288766731200922,0.9395684669052276
2026-07-28 13:35:00+03:00,0.7572353953317442,1.0871467680775966
2026-07-28 13:40:00+03:00,0.7741603875447332,1.0685472883591878
2026-07-28 13:45:00+03:00,0.7617268836185307,0.8730842515001115
2026-07-28 13:50:00+03:00,0.7819178643879315,1.1140634930805884
2026-07-28 13:55:00+03:00,0.8003192140658453,1.164418768990481
2026-07-28 14:00:00+03:00,0.7889168855566006,0.9482984498762501
2026-07-28 14:05:00+03:00,0.7485019442943422,0.7137881795476614
2026-07-28 14:10:00+03:00,0.7167605049410715,0.6829893038222062
2026-07-28 14:15:00+03:00,0.65828530435029,0.4585790381264011
2026-07-28 14:20:00+03:00,0.587581594487552,0.2753803738102598
2026-07-28 14:25:00+03:00,0.5170067886631938,0.13575763210338795
2026-07-28 14:30:00+03:00,0.43128747230848596,-0.12311074702981317
2026-07-28 14:35:00+03:00,0.3061416257882294,-0.9774886895439664
2026-07-28 14:40:00+03:00,0.2223999374513841,-0.9860482224091025
2026-07-28 14:45:00+03:00,0.16775150407933104,-0.9542947840391736
2026-07-28 14:50:00+03:00,0.12670342566956255,-1.0910030138040578
2026-07-28 14:55:00+03:00,0.09898343339544462,-1.1031170383456625
2026-07-28 15:00:00+03:00,0.07806399218797194,-1.1950521034468242
2026-07-28 15:05:00+03:00,0.07652748770199018,-0.8370070229900339
2026-07-28 15:10:00+03:00,0.0675206310201722,-1.0385383355149798
2026-07-28 15:15:00+03:00,0.0563167645876454,-1.2279015944713296
2026-07-28 15:20:00+03:00,0.05352180122858158,-1.0548439647050543
2026-07-28 15:25:00+03:00,0.15546419468991288,0.10168500657407975
2026-07-28 15:30:00+03:00,0.12622956666884788,-0.8786574587250634
2026-07-28 15:35:00+03:00,0.1453832417988729,-0.3364992792867126
2026-07-28 15:40:00+03:00,0.17252094135332352,-0.20933986844170005
2026-07-28 15:45:00+03:00,0.2459823806640142,0.17032574498579608
2026-07-28 15:50:00+03:00,0.291018793121923,0.1464334143915356
2026-07-28 15:55:00+03:00,0.33307125153692296,0.21865627025297638
2026-07-28 16:00:00+03:00,0.4770499304832708,0.9453448763360088
2026-07-28 16:05:00+03:00,0.5531365838613367,0.7977635915028228
2026-07-28 16:10:00+03:00,0.6140475400971568,0.8706366298246967
2026-07-28 16:15:00+03:00,0.6935722587716464,1.2211956066876886
2026-07-28 16:20:00+03:00,0.7677195018440404,1.52539309625597
2026-07-28 16:25:00+03:00,0.7269769656581049,0.6665834178727899
2026-07-28 16:30:00+03:00,0.7648605421552784,1.176862722881417
2026-07-28 16:35:00+03:00,0.7112527656417424,0.5816831303662987
2026-07-28 16:40:00+03:00,0.6676266071016377,0.5346644886230438
2026-07-28 16:45:00+03:00,0.5244297871397398,-0.1791088321089011
2026-07-28 16:50:00+03:00,0.38770346965679076,-0.6034814818218401
2026-07-28 16:55:00+03:00,0.3509159502733905,-0.08038171374047391
2026-07-28 17:00:00+03:00,0.36769436244251863,0.18705087929989458
2026-07-28 17:05:00+03:00,0.44655923936751024,0.5821882234956534
2026-07-28 17:10:00+03:00,0.386554561689459,-0.10654371972757358
2026-07-28 17:15:00+03:00,0.38007020457232205,0.11776598635636275
2026-07-28 17:20:00+03:00,0.3713085909269872,0.09005073981840533
2026-07-28 17:25:00+03:00,0.37240784281051453,0.13319786847527285
2026-07-28 17:30:00+03:00,0.35105457184063693,-0.008496962936955777
2026-07-28 17:35:00+03:00,0.45641059811654533,0.7126007523866816
2026-07-28 17:40:00+03:00,0.5403974569951328,0.8048512194652806
2026-07-28 17:45:00+03:00,0.5764844455012506,0.673235665219309
2026-07-28 17:50:00+03:00,0.5657918693472027,0.4645175895634132
2026-07-28 17:55:00+03:00,0.5649305912412123,0.5010250004271832
2026-07-29 09:55:00+03:00,0.6947042195646638,1.8364597876272326
2026-07-29 10:00:00+03:00,0.6959334441258099,0.7819023784203999
2026-07-29 10:05:00+03:00,0.643031862660396,0.4506501644230212
2026-07-29 10:10:00+03:00,0.5943669812304158,0.37338935123541467
2026-07-29 10:15:00+03:00,0.5519416328363287,0.3158304526180182
2026-07-29 10:20:00+03:00,0.6016512995767779,0.7880189908725542
2026-07-29 10:25:00+03:00,0.6448383396619657,0.8592056728739034
2026-07-29 10:30:00+03:00,0.6057518699880369,0.43205336434838404
2026-07-29 10:35:00+03:00,0.5077307682071713,-0.0010046845166347684
2026-07-29 10:38:31+03:00,0.5705305681316011,0.7767619738030437
