Date,ForecastScore,ReturnForecastPct
2026-05-07 09:55:00+03:00,0.0348078135773204,-1.2149044276927372
2026-05-07 10:00:00+03:00,0.1791665366876291,0.317358788434557
2026-05-07 10:05:00+03:00,0.277136723854771,0.3273594331554987
2026-05-07 10:10:00+03:00,0.4468080071176219,1.0036568751912383
2026-05-07 10:15:00+03:00,0.4659954914734055,0.38746227374249176
2026-05-07 10:20:00+03:00,0.5547841305660514,0.8620141533002634
2026-05-07 10:25:00+03:00,0.5145113901590994,0.25160971190170645
2026-05-07 10:30:00+03:00,0.5215991226975614,0.4478447401056098
2026-05-07 10:35:00+03:00,0.5358712469307436,0.5033805089785937
2026-05-07 10:40:00+03:00,0.5335312581569769,0.43450283153765534
2026-05-07 10:45:00+03:00,0.5262073247575104,0.40126184858785585
2026-05-07 10:50:00+03:00,0.517150843564114,0.3772287287100228
2026-05-07 10:55:00+03:00,0.498540031942857,0.30469565901495155
2026-05-07 11:00:00+03:00,0.5049308885586254,0.41308013476476946
2026-05-07 11:05:00+03:00,0.5139849039561623,0.4407468464232308
2026-05-07 11:10:00+03:00,0.4727372710913256,0.16496269244206238
2026-05-07 11:15:00+03:00,0.4604731019508055,0.25547255130141444
2026-05-07 11:20:00+03:00,0.4421525071072513,0.19554333161190804
2026-05-07 11:25:00+03:00,0.4022289922998972,0.02269052052447841
2026-05-07 11:30:00+03:00,0.42145012921050634,0.3019420289917506
2026-05-07 11:35:00+03:00,0.4592311014380621,0.4459517134860206
2026-05-07 11:40:00+03:00,0.43800992224988605,0.17567408206495758
2026-05-07 11:45:00+03:00,0.4045435665874342,0.05573960678312594
2026-05-07 11:50:00+03:00,0.36170685931347735,-0.08351597880987235
2026-05-07 11:55:00+03:00,0.32989905553139987,-0.10718627698575878
2026-05-07 12:00:00+03:00,0.31405742283267973,-0.0683999347565396
2026-05-07 12:05:00+03:00,0.2805961900554579,-0.24600830902039414
2026-05-07 12:10:00+03:00,0.25104871654189964,-0.31050807888127274
2026-05-07 12:15:00+03:00,0.23161458292679174,-0.30806054184320275
2026-05-07 12:20:00+03:00,0.2403917931070472,-0.12786813375617712
2026-05-07 12:25:00+03:00,0.21371737000834506,-0.41515415590087845
2026-05-07 12:30:00+03:00,0.22221673950251228,-0.1759946744691752
2026-05-07 12:35:00+03:00,0.20986777332871132,-0.33178115222837745
2026-05-07 12:40:00+03:00,0.21605357307629008,-0.2048949024365053
2026-05-07 12:45:00+03:00,0.2141504854802389,-0.25556965583862545
2026-05-07 12:50:00+03:00,0.20432721974435494,-0.3333380878098249
2026-05-07 12:55:00+03:00,0.2005935061302342,-0.3068904739343352
2026-05-07 13:00:00+03:00,0.19641300658952326,-0.3226713189074246
2026-05-07 13:05:00+03:00,0.19626887628981704,-0.29815098225872616
2026-05-07 13:10:00+03:00,0.19471236831730934,-0.31160508110131924
2026-05-07 13:15:00+03:00,0.2130758624419394,-0.1484944331062352
2026-05-07 13:20:00+03:00,0.22160512145408467,-0.17745055251838246
2026-05-07 13:25:00+03:00,0.22494281066048497,-0.1962456402986645
2026-05-07 13:30:00+03:00,0.2308196201586811,-0.1671852801567584
2026-05-07 13:35:00+03:00,0.23070865486815598,-0.1993009418204789
2026-05-07 13:40:00+03:00,0.25096290030069396,-0.04706678141768858
2026-05-07 13:45:00+03:00,0.26047602162835926,-0.0752203966894491
2026-05-07 13:50:00+03:00,0.250716718686593,-0.19737875394488683
2026-05-07 13:55:00+03:00,0.24356197492569087,-0.20264576514863428
2026-05-07 14:00:00+03:00,0.241281620149283,-0.18259440328521462
2026-05-07 14:05:00+03:00,0.2589166643352888,-0.04077590602313069
2026-05-07 14:10:00+03:00,0.26672557014154713,-0.06847279970543108
2026-05-07 14:15:00+03:00,0.26961787504545054,-0.08503180284104697
2026-05-07 14:20:00+03:00,0.27055781634649395,-0.09218348040679619
2026-05-07 14:25:00+03:00,0.3121479497616353,0.17519376816101845
2026-05-07 14:30:00+03:00,0.34110602575285653,0.18259563333582468
2026-05-07 14:35:00+03:00,0.3535174309375325,0.14082910997940057
2026-05-07 14:40:00+03:00,0.36503955957124823,0.16060704173392826
2026-05-07 14:45:00+03:00,0.38631441389080684,0.24163143729748074
2026-05-07 14:50:00+03:00,0.3758092592080819,0.09217634679931504
2026-05-07 14:55:00+03:00,0.4085698373313188,0.3293105660251954
2026-05-07 15:00:00+03:00,0.4162613309712516,0.24707257853850295
2026-05-07 15:05:00+03:00,0.4725688967673892,0.5441546790801931
2026-05-07 15:10:00+03:00,0.49182282624343593,0.4373518201682315
2026-05-07 15:15:00+03:00,0.47962707046799163,0.2929405420146966
2026-05-07 15:20:00+03:00,0.42011436750875414,-0.024935248741913524
2026-05-07 15:25:00+03:00,0.38008326714256,-0.027372336036257022
2026-05-07 15:30:00+03:00,0.320303842385203,-0.2837760872670291
2026-05-07 15:35:00+03:00,0.2706087159401197,-0.37750664380880483
2026-05-07 15:40:00+03:00,0.233749889875174,-0.41635334988923123
2026-05-07 15:45:00+03:00,0.20905675492400183,-0.41764563741463145
2026-05-07 15:50:00+03:00,0.2144266145627705,-0.21381068148191826
2026-05-07 15:55:00+03:00,0.22166090239152067,-0.18416613966947395
2026-05-07 16:00:00+03:00,0.2374810761460995,-0.10024096857928677
2026-05-07 16:05:00+03:00,0.23841540396913571,-0.17318204218823632
2026-05-07 16:10:00+03:00,0.25080458199551775,-0.08459806095016115
2026-05-07 16:15:00+03:00,0.24092085801372767,-0.2249162837940117
2026-05-07 16:20:00+03:00,0.24671862665146915,-0.12694632132272235
2026-05-07 16:25:00+03:00,0.2652449503014522,-0.022182898084959934
2026-05-07 16:30:00+03:00,0.22680791556150262,-0.4533577153371786
2026-05-07 16:35:00+03:00,0.23643002220698978,-0.13357915695399136
2026-05-07 16:40:00+03:00,0.23463721857633077,-0.19777426553759062
2026-05-07 16:45:00+03:00,0.22392467705289507,-0.27854666959023455
2026-05-07 16:50:00+03:00,0.20399364546063614,-0.4018717180984416
2026-05-07 16:55:00+03:00,0.19226247657856466,-0.3857289643669496
2026-05-07 17:00:00+03:00,0.20821858137991733,-0.1735849368138048
2026-05-07 17:05:00+03:00,0.21731418934960678,-0.18582756961662064
2026-05-07 17:10:00+03:00,0.2080879854171858,-0.3177116599798345
2026-05-07 17:15:00+03:00,0.20966281026777706,-0.24847117711781333
2026-05-07 17:20:00+03:00,0.19895210268586266,-0.35647005122895636
2026-05-07 17:25:00+03:00,0.21471662886874576,-0.15764466303477911
2026-05-07 17:30:00+03:00,0.23088082664191817,-0.11476318498183208
2026-05-07 17:35:00+03:00,0.21730186288352668,-0.31612624225789765
2026-05-07 17:40:00+03:00,0.21943628162114287,-0.21783808487492615
2026-05-07 17:45:00+03:00,0.21493292091092223,-0.2684305968746664
2026-05-07 17:50:00+03:00,0.2247946912379899,-0.1621203176340629
2026-05-07 17:55:00+03:00,0.23357431881913449,-0.1450937549399232
2026-05-08 09:55:00+03:00,0.3749464373952397,0.6923647380440147
2026-05-08 10:00:00+03:00,0.5075545930031193,0.9663068326371829
2026-05-08 10:05:00+03:00,0.6554622754333461,1.8047480652013512
2026-05-08 10:10:00+03:00,0.7577787154563894,1.9347994660032015
2026-05-08 10:15:00+03:00,0.80612585505517,1.4484300182490648
2026-05-08 10:20:00+03:00,0.8069478933441269,1.070348024686125
2026-05-08 10:25:00+03:00,0.7992528727397141,0.9971536062103465
2026-05-08 10:30:00+03:00,0.7437653279299657,0.6401605714835711
2026-05-08 10:35:00+03:00,0.7879384541151936,1.3182956354752478
2026-05-08 10:40:00+03:00,0.8177172800639239,1.3226929083472014
2026-05-08 10:45:00+03:00,0.8480331149969658,1.4812836669531793
2026-05-08 10:50:00+03:00,0.8506451778577379,1.2337095428971872
2026-05-08 10:55:00+03:00,0.8529553087035732,1.2403784196056542
2026-05-08 11:00:00+03:00,0.8478925933720673,1.1666927668242533
2026-05-08 11:05:00+03:00,0.8186905055546512,0.9328324207585567
2026-05-08 11:10:00+03:00,0.7778046846378941,0.7765417144642487
2026-05-08 11:15:00+03:00,0.7816094692777147,1.012459523337757
2026-05-08 11:20:00+03:00,0.7934578240234667,1.0973581825661627
2026-05-08 11:25:00+03:00,0.8105150002093429,1.1913410116248282
2026-05-08 11:30:00+03:00,0.7928761912981339,0.9257841349282128
2026-05-08 11:35:00+03:00,0.8221819189766205,1.3385684504111433
2026-05-08 11:40:00+03:00,0.8076166590768387,0.9820630145201467
2026-05-08 11:45:00+03:00,0.688401592124321,0.2827469297466798
2026-05-08 11:50:00+03:00,0.5743725601072459,0.07429665825835896
2026-05-08 11:55:00+03:00,0.4814647770884074,-0.03740176726440886
2026-05-08 12:00:00+03:00,0.4264521133405215,0.009547543452128437
2026-05-08 12:05:00+03:00,0.5132534663766581,0.7559046548280735
2026-05-08 12:10:00+03:00,0.5520626323341816,0.6337523113466775
2026-05-08 12:15:00+03:00,0.5171555686526375,0.27764607404006736
2026-05-08 12:20:00+03:00,0.4629233872922749,0.09146379007325214
2026-05-08 12:25:00+03:00,0.4992659307510133,0.5181156437529139
2026-05-08 12:30:00+03:00,0.5215314933373423,0.5065961196134493
2026-05-08 12:35:00+03:00,0.4858453253181175,0.21331748747366777
2026-05-08 12:40:00+03:00,0.4617642419156967,0.21159527938262532
2026-05-08 12:45:00+03:00,0.46223297939169306,0.30827015855167406
2026-05-08 12:50:00+03:00,0.37065869658797723,-0.3243758123102961
2026-05-08 12:55:00+03:00,0.3456897942690396,-0.037165004857244305
2026-05-08 13:00:00+03:00,0.3409518076546735,0.04251835255402414
2026-05-08 13:05:00+03:00,0.35226041301566946,0.13375331375087396
2026-05-08 13:10:00+03:00,0.3597533436544174,0.1334699186760921
2026-05-08 13:15:00+03:00,0.316469748133803,-0.200882484305735
2026-05-08 13:20:00+03:00,0.30063300521170516,-0.10063594126788647
2026-05-08 13:25:00+03:00,0.3564647086926344,0.31782921034107
2026-05-08 13:30:00+03:00,0.4120009442914511,0.42338488818606823
2026-05-08 13:35:00+03:00,0.4054838880062817,0.1694094458485646
2026-05-08 13:40:00+03:00,0.4255641948298548,0.31319693699000495
2026-05-08 13:45:00+03:00,0.4509796144703853,0.3825493701498994
2026-05-08 13:50:00+03:00,0.4548788034423517,0.3073183237564237
2026-05-08 13:55:00+03:00,0.4256241495115335,0.1177935552955664
2026-05-08 14:00:00+03:00,0.4745241209061537,0.5188467449016071
2026-05-08 14:05:00+03:00,0.5344580940146033,0.6852114970247651
2026-05-08 14:10:00+03:00,0.5178206929811984,0.3494088533628307
2026-05-08 14:15:00+03:00,0.490124340241193,0.2531049332032147
2026-05-08 14:20:00+03:00,0.41105074400895386,-0.14058905933427487
2026-05-08 14:25:00+03:00,0.3733875538593783,-0.031858030648098556
2026-05-08 14:30:00+03:00,0.34330548580246745,-0.06658507245312889
2026-05-08 14:35:00+03:00,0.3263940623661056,-0.044514617061238604
2026-05-08 14:40:00+03:00,0.331730240121344,0.06598411952216801
2026-05-08 14:45:00+03:00,0.32724574000245343,0.013644332478457893
2026-05-08 14:50:00+03:00,0.3179809482356042,-0.02867450214321693
2026-05-08 14:55:00+03:00,0.32710163601181064,0.07223648760471911
2026-05-08 15:00:00+03:00,0.33176000164444824,0.06315647021194154
2026-05-08 15:05:00+03:00,0.2953568103788241,-0.22103391047162887
2026-05-08 15:10:00+03:00,0.29859878593553413,-0.01586408317775484
2026-05-08 15:15:00+03:00,0.27946708525929476,-0.17076832182426996
2026-05-08 15:20:00+03:00,0.28596493044868887,-0.029797331985770087
2026-05-08 15:25:00+03:00,0.2590957049610914,-0.27010154467187963
2026-05-08 15:30:00+03:00,0.22861506413552513,-0.3896593961039658
2026-05-08 15:35:00+03:00,0.20947296179175706,-0.37760708278295874
2026-05-08 15:40:00+03:00,0.18277638392061085,-0.5355412747571017
2026-05-08 15:45:00+03:00,0.1615948433588313,-0.5803034918114686
2026-05-08 15:50:00+03:00,0.1600769708416981,-0.42711016361725185
2026-05-08 15:55:00+03:00,0.1385474113207717,-0.6996024124275146
2026-05-08 16:00:00+03:00,0.13806523003170793,-0.5034733645403187
2026-05-08 16:05:00+03:00,0.13242893594537783,-0.5715718647875102
2026-05-08 16:10:00+03:00,0.12447578751133331,-0.6310192291582721
2026-05-08 16:15:00+03:00,0.11697461445445992,-0.664632315086902
2026-05-08 16:20:00+03:00,0.11503455478966401,-0.618337336168027
2026-05-08 16:25:00+03:00,0.11640344449760366,-0.5807172447626611
2026-05-08 16:30:00+03:00,0.11522967158400939,-0.6100043573118009
2026-05-08 16:35:00+03:00,0.13821130279738109,-0.33495239993690673
2026-05-08 16:40:00+03:00,0.1807626738263387,-0.10821328580857809
2026-05-08 16:45:00+03:00,0.20754020367229065,-0.12000639980711478
2026-05-08 16:50:00+03:00,0.20690872074549077,-0.26925381222283695
2026-05-08 16:55:00+03:00,0.23345254372635357,-0.05858029259448355
2026-05-08 17:00:00+03:00,0.24368409902844115,-0.11244538940386836
2026-05-08 17:05:00+03:00,0.20873557936819992,-0.4964638762835255
2026-05-08 17:10:00+03:00,0.18125902005134784,-0.548782721957297
2026-05-08 17:15:00+03:00,0.16743758048637317,-0.4926382200334908
2026-05-08 17:20:00+03:00,0.14732934753734558,-0.6382826585314707
2026-05-08 17:25:00+03:00,0.15407737198706858,-0.3899357298918221
2026-05-08 17:30:00+03:00,0.14534211389150783,-0.5420116912148046
2026-05-08 17:35:00+03:00,0.14319124684274911,-0.4962593751173552
2026-05-08 17:40:00+03:00,0.13358603880234338,-0.6028901708019117
2026-05-08 17:45:00+03:00,0.13536506103718857,-0.4961246362214694
2026-05-08 17:50:00+03:00,0.13237263485292006,-0.548426845125185
2026-05-08 17:55:00+03:00,0.1324699904472316,-0.5217135792623898
2026-05-11 09:55:00+03:00,0.10601976246554462,-1.0029233171194125
2026-05-11 10:00:00+03:00,0.17645616778783005,0.01154707773298444
2026-05-11 10:05:00+03:00,0.25477432847249887,0.20725704205544207
2026-05-11 10:10:00+03:00,0.22354986380894615,-0.4125494063232281
2026-05-11 10:15:00+03:00,0.1863934781721434,-0.6138557926673911
2026-05-11 10:20:00+03:00,0.18633143548904726,-0.3284893270146063
2026-05-11 10:25:00+03:00,0.17040410677590842,-0.4976248938066289
2026-05-11 10:30:00+03:00,0.157555553495264,-0.5250838948358527
2026-05-11 10:35:00+03:00,0.1578937735492604,-0.42159076780703286
2026-05-11 10:40:00+03:00,0.1521247559969944,-0.48948586464258237
2026-05-11 10:45:00+03:00,0.1570332171169999,-0.3924276043148376
2026-05-11 10:50:00+03:00,0.1611969392707063,-0.3832567514234142
2026-05-11 10:55:00+03:00,0.18641768746463702,-0.18222733202488853
2026-05-11 11:00:00+03:00,0.2700685787544818,0.25825292705109926
2026-05-11 11:05:00+03:00,0.3407093453924202,0.3445002247925941
2026-05-11 11:10:00+03:00,0.3456006651873743,0.09340056341554445
2026-05-11 11:15:00+03:00,0.3363926816404029,0.012980782541851879
2026-05-11 11:20:00+03:00,0.27541021051357556,-0.44026563230886573
2026-05-11 11:25:00+03:00,0.27242449298888016,-0.10676987722779271
2026-05-11 11:30:00+03:00,0.24628792388063356,-0.30415914944494005
2026-05-11 11:35:00+03:00,0.2419324041391064,-0.191934370074298
2026-05-11 11:40:00+03:00,0.220445034315321,-0.3566685098666603
2026-05-11 11:45:00+03:00,0.1989432137353986,-0.43111411098419394
2026-05-11 11:50:00+03:00,0.21446211618087666,-0.15957424841255383
2026-05-11 11:55:00+03:00,0.2134495286075152,-0.2524559573797035
2026-05-11 12:00:00+03:00,0.18701919445390386,-0.5155146500313957
2026-05-11 12:05:00+03:00,0.19232532445041894,-0.27724656226537103
2026-05-11 12:10:00+03:00,0.2077215202222662,-0.17784596699954766
2026-05-11 12:15:00+03:00,0.19605881054760815,-0.372402729058228
2026-05-11 12:20:00+03:00,0.18709838454016078,-0.38443967740560103
2026-05-11 12:25:00+03:00,0.15567639833381844,-0.7145417917828195
2026-05-11 12:30:00+03:00,0.158102143708022,-0.40600288312974186
2026-05-11 12:35:00+03:00,0.17443949817782053,-0.2649525019430371
2026-05-11 12:40:00+03:00,0.1581166269577689,-0.552423244608554
2026-05-11 12:45:00+03:00,0.15005537081975637,-0.516447348188909
2026-05-11 12:50:00+03:00,0.1520570928227099,-0.43067334349830355
2026-05-11 12:55:00+03:00,0.14893440222548218,-0.48118981564429975
2026-05-11 13:00:00+03:00,0.1791874312362619,-0.17473543229344804
2026-05-11 13:05:00+03:00,0.17305615283671802,-0.4136412583735487
2026-05-11 13:10:00+03:00,0.16523596930528373,-0.4546321015233006
2026-05-11 13:15:00+03:00,0.16201797786963584,-0.4324186781588284
2026-05-11 13:20:00+03:00,0.18521771347684426,-0.19624834780514508
2026-05-11 13:25:00+03:00,0.19422709963618562,-0.2500953573746907
2026-05-11 13:30:00+03:00,0.18368497284340016,-0.40724526637984615
2026-05-11 13:35:00+03:00,0.2174622658060723,-0.06216087940187065
2026-05-11 13:40:00+03:00,0.24646864060834758,-0.017225635753170376
2026-05-11 13:45:00+03:00,0.21666173653416207,-0.42708587325454883
2026-05-11 13:50:00+03:00,0.27533216119936144,0.16985857594071488
2026-05-11 13:55:00+03:00,0.29341359684419754,0.03840031946430797
2026-05-11 14:00:00+03:00,0.4052019398743702,0.631896750893702
2026-05-11 14:05:00+03:00,0.3840043867121919,0.06429286107861001
2026-05-11 14:10:00+03:00,0.3670338828118435,0.04601490277334952
2026-05-11 14:15:00+03:00,0.34929342069214725,0.00373608682352522
2026-05-11 14:20:00+03:00,0.4157570746117898,0.4727983305364819
2026-05-11 14:25:00+03:00,0.4128258496503085,0.19843147346825052
2026-05-11 14:30:00+03:00,0.430120456374538,0.31123939100851516
2026-05-11 14:35:00+03:00,0.44295606886117017,0.3187909906533871
2026-05-11 14:40:00+03:00,0.43408252970563777,0.2169969221584297
2026-05-11 14:45:00+03:00,0.46318895032663354,0.4201706464622249
2026-05-11 14:50:00+03:00,0.48680420304131444,0.4444895212551616
2026-05-11 14:55:00+03:00,0.5152497509516206,0.5184876535655127
2026-05-11 15:00:00+03:00,0.46643419700269567,0.12127622003461361
2026-05-11 15:05:00+03:00,0.42107976685202764,0.04012420680102741
2026-05-11 15:10:00+03:00,0.38789724819314225,0.020823037037753747
2026-05-11 15:15:00+03:00,0.33519786412610886,-0.20116288289807902
2026-05-11 15:20:00+03:00,0.35212369593786885,0.15634319482481623
2026-05-11 15:25:00+03:00,0.37329559007589247,0.21562233541729336
2026-05-11 15:30:00+03:00,0.3838980863338271,0.1947307692203954
2026-05-11 15:35:00+03:00,0.3755041055873737,0.10036571086357148
2026-05-11 15:40:00+03:00,0.3632959804786343,0.058459238358094356
2026-05-11 15:45:00+03:00,0.40728041109240687,0.3699580380589449
2026-05-11 15:50:00+03:00,0.38808746540505573,0.08145835464700082
2026-05-11 15:55:00+03:00,0.4733625392732556,0.6632758601555041
2026-05-11 16:00:00+03:00,0.5093980256440661,0.5368217635576906
2026-05-11 16:05:00+03:00,0.4665620410582503,0.14602341561803117
2026-05-11 16:10:00+03:00,0.4107070835563031,-0.029713673812787833
2026-05-11 16:15:00+03:00,0.3794956705993312,0.010979717210001558
2026-05-11 16:20:00+03:00,0.3592426611323854,0.014660827512168934
2026-05-11 16:25:00+03:00,0.32299074017345014,-0.1467448394657289
2026-05-11 16:30:00+03:00,0.2956016922682376,-0.17176516687996177
2026-05-11 16:35:00+03:00,0.38181645358687394,0.4835855466000528
2026-05-11 16:40:00+03:00,0.4039754455941849,0.27949307756038133
2026-05-11 16:45:00+03:00,0.4015666317638255,0.1780434898049451
2026-05-11 16:50:00+03:00,0.5042361078333586,0.8076504736089749
2026-05-11 16:55:00+03:00,0.5441720963433805,0.6221905401187664
2026-05-11 17:00:00+03:00,0.5819490403313341,0.6919647072680362
2026-05-11 17:05:00+03:00,0.5934460002374954,0.606701893203524
2026-05-11 17:10:00+03:00,0.6112023945227768,0.6691500935514583
2026-05-11 17:15:00+03:00,0.6400561907159638,0.7804726395104838
2026-05-11 17:20:00+03:00,0.6688824786829213,0.8478501980187878
2026-05-11 17:25:00+03:00,0.7199269336936219,1.1131316968914973
2026-05-11 17:30:00+03:00,0.6983428178351881,0.6870123826917752
2026-05-11 17:35:00+03:00,0.6445730640064633,0.4502736035553869
2026-05-11 17:40:00+03:00,0.6808579846262292,0.9149512453448071
2026-05-11 17:45:00+03:00,0.7043561450397734,0.9096067826174492
2026-05-11 17:50:00+03:00,0.7403166411460619,1.0817320386220624
2026-05-11 17:55:00+03:00,0.7309773435479581,0.8140089900780899
2026-05-12 09:55:00+03:00,0.6119109141833251,0.1315009261104566
2026-05-12 10:00:00+03:00,0.6751284699802729,1.0488591025823166
2026-05-12 10:05:00+03:00,0.6960406415696733,0.8755742286328408
2026-05-12 10:10:00+03:00,0.5222012918888037,-0.3664201736417063
2026-05-12 10:15:00+03:00,0.49742230279183275,0.2786606397842206
2026-05-12 10:20:00+03:00,0.49094915009611223,0.33683479589557774
2026-05-12 10:25:00+03:00,0.42986404788624094,-0.00996943857525498
2026-05-12 10:30:00+03:00,0.33690456521442924,-0.44941013463357016
2026-05-12 10:35:00+03:00,0.2484838393326013,-0.8499281790225807
2026-05-12 10:40:00+03:00,0.1887398139336412,-0.8674440880315325
2026-05-12 10:45:00+03:00,0.14405156636794975,-0.9882851174651817
2026-05-12 10:50:00+03:00,0.13421030959234623,-0.6021698537564599
2026-05-12 10:55:00+03:00,0.13670123185203042,-0.48514662579040513
2026-05-12 11:00:00+03:00,0.17083693257969326,-0.17627716578854827
2026-05-12 11:05:00+03:00,0.1891342462704674,-0.21226515422098316
2026-05-12 11:10:00+03:00,0.17590031363557979,-0.45524765813019474
2026-05-12 11:15:00+03:00,0.20954065510860942,-0.08162614294965934
2026-05-12 11:20:00+03:00,0.23700149476782523,-0.046017726471023285
2026-05-12 11:25:00+03:00,0.2514297257328213,-0.07335443272013636
2026-05-12 11:30:00+03:00,0.29429014962358224,0.1442341645368966
2026-05-12 11:35:00+03:00,0.3255019200345862,0.16028710133391993
2026-05-12 11:40:00+03:00,0.30437792161126703,-0.11743674131655465
2026-05-12 11:45:00+03:00,0.31943033459355463,0.08110724267896453
2026-05-12 11:50:00+03:00,0.2795049879268551,-0.28704407380719876
2026-05-12 11:55:00+03:00,0.293560631057326,0.021130245198265438
2026-05-12 12:00:00+03:00,0.25334154622952976,-0.37183224905193224
2026-05-12 12:05:00+03:00,0.20264977976442997,-0.6683425610707001
2026-05-12 12:10:00+03:00,0.20309878229252992,-0.27411110013170925
2026-05-12 12:15:00+03:00,0.21497948684617876,-0.17724659324125494
2026-05-12 12:20:00+03:00,0.23202707314626297,-0.10758219199438265
2026-05-12 12:25:00+03:00,0.24504884102516855,-0.09544471109276986
2026-05-12 12:30:00+03:00,0.277155119134414,0.06377741147022963
2026-05-12 12:35:00+03:00,0.2964840932672381,0.0504336700422065
2026-05-12 12:40:00+03:00,0.2653633152440454,-0.27670049252574314
2026-05-12 12:45:00+03:00,0.2577375255706318,-0.16741324523654014
2026-05-12 12:50:00+03:00,0.28258326503579684,0.04424691457285848
2026-05-12 12:55:00+03:00,0.32005748170066733,0.17454682532543375
2026-05-12 13:00:00+03:00,0.34704740437975035,0.1866036558123595
2026-05-12 13:05:00+03:00,0.32828786431138374,-0.048700162180528
2026-05-12 13:10:00+03:00,0.30393158961368727,-0.13472736734226753
2026-05-12 13:15:00+03:00,0.2629965806149965,-0.3447476275467791
2026-05-12 13:20:00+03:00,0.2344876665208237,-0.356670009644277
2026-05-12 13:25:00+03:00,0.20063630837780314,-0.5205934189326898
2026-05-12 13:30:00+03:00,0.244090725887165,0.041486863547422786
2026-05-12 13:35:00+03:00,0.26317423948074153,-0.024360172534235253
2026-05-12 13:40:00+03:00,0.26547209951268314,-0.09793518963647263
2026-05-12 13:45:00+03:00,0.2403849819056564,-0.31591811879410303
2026-05-12 13:50:00+03:00,0.24358882752913244,-0.1479987630637322
2026-05-12 13:55:00+03:00,0.22329784559077406,-0.339624271387562
2026-05-12 14:00:00+03:00,0.22421323303443455,-0.21140054372054692
2026-05-12 14:05:00+03:00,0.2834536756528635,0.18841513413228772
2026-05-12 14:10:00+03:00,0.29486347279320413,0.012331014243300312
2026-05-12 14:15:00+03:00,0.3000405588892641,-0.003901274495497445
2026-05-12 14:20:00+03:00,0.2961240638262627,-0.0544788997037787
2026-05-12 14:25:00+03:00,0.29590977311460703,-0.03778892227479852
2026-05-12 14:30:00+03:00,0.34376645279215623,0.2623633513596687
2026-05-12 14:35:00+03:00,0.33719889077825344,0.026379005624307686
2026-05-12 14:40:00+03:00,0.3256537152450584,-0.02157852240253008
2026-05-12 14:45:00+03:00,0.3008330633534768,-0.1449453349099384
2026-05-12 14:50:00+03:00,0.28961432855074093,-0.10499480810214756
2026-05-12 14:55:00+03:00,0.33364858552236554,0.22760268639558387
2026-05-12 15:00:00+03:00,0.3248043894979679,-0.01127153053462858
2026-05-12 15:05:00+03:00,0.39028858350101503,0.41989222711490115
2026-05-12 15:10:00+03:00,0.40253872015626524,0.23805470571878146
2026-05-12 15:15:00+03:00,0.3824180765475456,0.06550291771094482
2026-05-12 15:20:00+03:00,0.39748254195629196,0.23917701592626436
2026-05-12 15:25:00+03:00,0.4285555733510766,0.3612292473144695
2026-05-12 15:30:00+03:00,0.42412505618248497,0.21488081573556406
2026-05-12 15:35:00+03:00,0.46051399608442334,0.4430575188550484
2026-05-12 15:40:00+03:00,0.45745415580391996,0.28538831772790885
2026-05-12 15:45:00+03:00,0.4554146896491802,0.2853908016282939
2026-05-12 15:50:00+03:00,0.4493947300049633,0.25822260929470575
2026-05-12 15:55:00+03:00,0.39021695962450204,-0.09357921744869421
2026-05-12 16:00:00+03:00,0.44569349410974113,0.48824968737806473
2026-05-12 16:05:00+03:00,0.45340008961116157,0.31914930545519304
2026-05-12 16:10:00+03:00,0.49164933248401077,0.5106710669901096
2026-05-12 16:15:00+03:00,0.502936457477744,0.42807317746673945
2026-05-12 16:20:00+03:00,0.46736637439265105,0.1769953093697323
2026-05-12 16:25:00+03:00,0.4436013372643842,0.17668456049046738
2026-05-12 16:30:00+03:00,0.46229106239593054,0.37844276376397556
2026-05-12 16:35:00+03:00,0.5147428424448566,0.6132184379086041
2026-05-12 16:40:00+03:00,0.5381096123079828,0.5434810564287872
2026-05-12 16:45:00+03:00,0.5157107472311843,0.3231934411014423
2026-05-12 16:50:00+03:00,0.46341114730116506,0.10056550077624374
2026-05-12 16:55:00+03:00,0.4819138948931006,0.41539909934412933
2026-05-12 17:00:00+03:00,0.5370358964769358,0.670336326215944
2026-05-12 17:05:00+03:00,0.5328507844719567,0.42609135056729097
2026-05-12 17:10:00+03:00,0.5746817022994465,0.693756613934369
2026-05-12 17:15:00+03:00,0.5515042170478194,0.38895691658952025
2026-05-12 17:20:00+03:00,0.5874825091771271,0.6960951698009008
2026-05-12 17:25:00+03:00,0.6180982691616392,0.7392241326370137
2026-05-12 17:30:00+03:00,0.5288448737241385,0.08280059846468119
2026-05-12 17:35:00+03:00,0.4602730689079606,0.024331147045226764
2026-05-12 17:40:00+03:00,0.41175510462748055,0.0057545497263684076
2026-05-12 17:45:00+03:00,0.5192248569944102,0.8664365955584368
2026-05-12 17:50:00+03:00,0.6206308724093624,1.1178259868064684
2026-05-12 17:55:00+03:00,0.6764697131872575,1.0093746717685415
2026-05-13 09:55:00+03:00,0.5977479173070906,0.2639688118508182
2026-05-13 10:00:00+03:00,0.4826992292055232,-0.1413554191844498
2026-05-13 10:05:00+03:00,0.3997674375123445,-0.19010527681448067
2026-05-13 10:10:00+03:00,0.3419370934130495,-0.21076347908592144
2026-05-13 10:15:00+03:00,0.27039169860824536,-0.544471453718372
2026-05-13 10:20:00+03:00,0.21898965973797066,-0.5943761524803326
2026-05-13 10:25:00+03:00,0.18846504498201364,-0.543975431911102
2026-05-13 10:30:00+03:00,0.19393598350936408,-0.27151215202339585
2026-05-13 10:35:00+03:00,0.17861620943082604,-0.4607648222727717
2026-05-13 10:40:00+03:00,0.18571113792155797,-0.286303732768862
2026-05-13 10:45:00+03:00,0.1905300933916634,-0.2855032165393667
2026-05-13 10:50:00+03:00,0.25876729027501566,0.17502009284395392
2026-05-13 10:55:00+03:00,0.3498992681731967,0.4408822921192145
2026-05-13 11:00:00+03:00,0.4094103158492203,0.43369636610000484
2026-05-13 11:05:00+03:00,0.44552700493013797,0.41317194359495146
2026-05-13 11:10:00+03:00,0.4902742014342743,0.5334715524124077
2026-05-13 11:15:00+03:00,0.5103838320642645,0.47651704008597084
2026-05-13 11:20:00+03:00,0.5313314122157798,0.5206161635906763
2026-05-13 11:25:00+03:00,0.5291456190893318,0.42665589973022977
2026-05-13 11:30:00+03:00,0.5319155722265821,0.451087798576033
2026-05-13 11:35:00+03:00,0.6125423566186713,0.9691118211897702
2026-05-13 11:40:00+03:00,0.6256243062281664,0.6798377736473511
2026-05-13 11:45:00+03:00,0.6421890086421704,0.7304186304692821
2026-05-13 11:50:00+03:00,0.6304224169615023,0.5874110718262594
2026-05-13 11:55:00+03:00,0.5822133515544233,0.35180845513825487
2026-05-13 12:00:00+03:00,0.5603112761728168,0.4107640875228167
2026-05-13 12:05:00+03:00,0.5476449648218047,0.4219213577238935
2026-05-13 12:10:00+03:00,0.5629899151437645,0.5609975717142436
2026-05-13 12:15:00+03:00,0.5663312153927904,0.5201989567342471
2026-05-13 12:20:00+03:00,0.594402664301523,0.6772132138195389
2026-05-13 12:25:00+03:00,0.5741694229052285,0.44384991614964986
2026-05-13 12:30:00+03:00,0.5949109033774426,0.6476162883629258
2026-05-13 12:35:00+03:00,0.5614646466383512,0.36865845919968443
2026-05-13 12:40:00+03:00,0.5328876536470442,0.33247085058312875
2026-05-13 12:45:00+03:00,0.48140724008419356,0.1410456654161432
2026-05-13 12:50:00+03:00,0.4332925272153412,0.0545640369721426
2026-05-13 12:55:00+03:00,0.3933637644136874,0.003053577417849132
2026-05-13 13:00:00+03:00,0.36767537412630075,0.009263182108228504
2026-05-13 13:05:00+03:00,0.4006913102282883,0.3151216207202305
2026-05-13 13:10:00+03:00,0.38689564478657107,0.10159191995661444
2026-05-13 13:15:00+03:00,0.38193778345553414,0.12789834106824935
2026-05-13 13:20:00+03:00,0.3834554438004258,0.15738626933402766
2026-05-13 13:25:00+03:00,0.41814493223438903,0.3551282103201774
2026-05-13 13:30:00+03:00,0.4045413626523152,0.13877597854576512
2026-05-13 13:35:00+03:00,0.36252396547934623,-0.07763660300119807
2026-05-13 13:40:00+03:00,0.3285101773562517,-0.12153109599576828
2026-05-13 13:45:00+03:00,0.3437844102969409,0.13263776921446044
2026-05-13 13:50:00+03:00,0.35794228878703854,0.15691535796824285
2026-05-13 13:55:00+03:00,0.3630554311626087,0.13048333603456344
2026-05-13 14:00:00+03:00,0.3309548899505368,-0.10603193881466824
2026-05-13 14:05:00+03:00,0.27701842561511947,-0.38454903125817785
2026-05-13 14:10:00+03:00,0.23876842036474236,-0.408417097976264
2026-05-13 14:15:00+03:00,0.20874947087378687,-0.4579740753273225
2026-05-13 14:20:00+03:00,0.2082802470343731,-0.2642878712529527
2026-05-13 14:25:00+03:00,0.2105636956920556,-0.2418586547740331
2026-05-13 14:30:00+03:00,0.2666980039571745,0.14210637565641987
2026-05-13 14:35:00+03:00,0.30149452833704915,0.1259783409441781
2026-05-13 14:40:00+03:00,0.30481976501437136,-0.0014930029053634164
2026-05-13 14:45:00+03:00,0.34288651645746004,0.22229222161281992
2026-05-13 14:50:00+03:00,0.38466997816811827,0.31803882159781516
2026-05-13 14:55:00+03:00,0.42162636525348246,0.37051434623314483
2026-05-13 15:00:00+03:00,0.40988787636187674,0.15722467077308527
2026-05-13 15:05:00+03:00,0.39207092318496806,0.09560579906780499
2026-05-13 15:10:00+03:00,0.37178859085889765,0.041972875782157665
2026-05-13 15:15:00+03:00,0.39984625219272113,0.2943448561946043
2026-05-13 15:20:00+03:00,0.44594918078651136,0.45243798682327097
2026-05-13 15:25:00+03:00,0.40923152740471913,0.05184149513971441
2026-05-13 15:30:00+03:00,0.4986472523350049,0.7351536256473102
2026-05-13 15:35:00+03:00,0.5208020562689085,0.5047392676705699
2026-05-13 15:40:00+03:00,0.551639261611531,0.6003681991345732
2026-05-13 15:45:00+03:00,0.5566948504229351,0.5080483763916517
2026-05-13 15:50:00+03:00,0.514234808650461,0.24251390223043082
2026-05-13 15:55:00+03:00,0.5014545750893947,0.332779460946129
2026-05-13 16:00:00+03:00,0.5083863552706068,0.4218013216405657
2026-05-13 16:05:00+03:00,0.5230640149238668,0.4800398375352676
2026-05-13 16:10:00+03:00,0.4704409849351591,0.11382479553801245
2026-05-13 16:15:00+03:00,0.4774651962115454,0.3627879520800834
2026-05-13 16:20:00+03:00,0.46374165330936806,0.2561549711026383
2026-05-13 16:25:00+03:00,0.4708369806226946,0.3503341874002345
2026-05-13 16:30:00+03:00,0.4673973259858161,0.3031502481804593
2026-05-13 16:35:00+03:00,0.45567527169617433,0.24822000781826317
2026-05-13 16:40:00+03:00,0.4767613556580746,0.4154262607496939
2026-05-13 16:45:00+03:00,0.4460116093939851,0.1533790605836382
2026-05-13 16:50:00+03:00,0.41428226651021877,0.0838236412215074
2026-05-13 16:55:00+03:00,0.4567868314913542,0.45946997559093194
2026-05-13 17:00:00+03:00,0.443880046689639,0.22041246340955734
2026-05-13 17:05:00+03:00,0.5195771846286876,0.7209399999208417
2026-05-13 17:10:00+03:00,0.5730746479102359,0.7408543709054924
2026-05-13 17:15:00+03:00,0.5926508478220938,0.6381239305240373
2026-05-13 17:20:00+03:00,0.6039852874047182,0.6275352939080677
2026-05-13 17:25:00+03:00,0.5881317745265565,0.4878185084580874
2026-05-13 17:30:00+03:00,0.5634904077807544,0.4063472186939344
2026-05-13 17:35:00+03:00,0.5712436572179672,0.5472516644659254
2026-05-13 17:40:00+03:00,0.5699706335304039,0.5092571824274931
2026-05-13 17:45:00+03:00,0.6005609585608009,0.7010219931985617
2026-05-13 17:50:00+03:00,0.5810984011080246,0.46019921132554
2026-05-13 17:55:00+03:00,0.5987642769620697,0.6428585871440513
2026-05-14 09:55:00+03:00,0.518770810897292,0.10050696832599473
2026-05-14 10:00:00+03:00,0.4880121264986474,0.2369874099251765
2026-05-14 10:05:00+03:00,0.4385976395976089,0.060361572815619026
2026-05-14 10:10:00+03:00,0.3998144661306168,0.02239654681930814
2026-05-14 10:15:00+03:00,0.35873099606878106,-0.08224289232499402
2026-05-14 10:20:00+03:00,0.3502953993210212,0.04673029259754034
2026-05-14 10:25:00+03:00,0.35186432847103066,0.09260222845175131
2026-05-14 10:30:00+03:00,0.301012744814973,-0.28807971149295697
2026-05-14 10:35:00+03:00,0.2778431354953557,-0.19655373585164973
2026-05-14 10:40:00+03:00,0.2682550528258452,-0.15034960373585157
2026-05-14 10:45:00+03:00,0.2697549777860294,-0.09141618978360724
2026-05-14 10:50:00+03:00,0.32993106647956183,0.28335126546878625
2026-05-14 10:55:00+03:00,0.39464229750641183,0.42529153512715046
2026-05-14 11:00:00+03:00,0.4477562672255874,0.483077251345709
2026-05-14 11:05:00+03:00,0.46652565297039705,0.38687494306644343
2026-05-14 11:10:00+03:00,0.4751445417082665,0.36445543897694344
2026-05-14 11:15:00+03:00,0.48846139824433765,0.40805169266125185
2026-05-14 11:20:00+03:00,0.489820163085436,0.36475367191217156
2026-05-14 11:25:00+03:00,0.512877006076909,0.4928090963631033
2026-05-14 11:30:00+03:00,0.46936640152134057,0.148981656200658
2026-05-14 11:35:00+03:00,0.4856854435728894,0.4142540387266771
2026-05-14 11:40:00+03:00,0.43422532537785496,0.04214864681052333
2026-05-14 11:45:00+03:00,0.40908201754432966,0.10053099805750215
2026-05-14 11:50:00+03:00,0.3832650706690651,0.04285462373890703
2026-05-14 11:55:00+03:00,0.33376356455980877,-0.18781453818894708
2026-05-14 12:00:00+03:00,0.2958378780932808,-0.22817264385244693
2026-05-14 12:05:00+03:00,0.26578698693055475,-0.26913796152213576
2026-05-14 12:10:00+03:00,0.2408503302036077,-0.3135351050318098
2026-05-14 12:15:00+03:00,0.22764050034121697,-0.28235450294657183
2026-05-14 12:20:00+03:00,0.20591172808599045,-0.40776176095342676
2026-05-14 12:25:00+03:00,0.1869304000374058,-0.457003964298371
2026-05-14 12:30:00+03:00,0.1807821068037079,-0.3868055496957986
2026-05-14 12:35:00+03:00,0.17502144652701235,-0.4040833128401182
2026-05-14 12:40:00+03:00,0.16664221021850695,-0.45354635727872505
2026-05-14 12:45:00+03:00,0.18686687557553183,-0.2079187519096998
2026-05-14 12:50:00+03:00,0.18685075013238056,-0.3265568800823142
2026-05-14 12:55:00+03:00,0.20781597287395498,-0.14863891305932084
2026-05-14 13:00:00+03:00,0.2311107166976856,-0.07952201239513224
2026-05-14 13:05:00+03:00,0.20231819926312014,-0.47322039603193833
2026-05-14 13:10:00+03:00,0.1568820844008872,-0.892113880140279
2026-05-14 13:15:00+03:00,0.11529678364801653,-1.2546977364867797
2026-05-14 13:20:00+03:00,0.09501035684480727,-0.9904947891711586
2026-05-14 13:25:00+03:00,0.08972258134734871,-0.7982407985960939
2026-05-14 13:30:00+03:00,0.0806210422941459,-0.9207981025161216
2026-05-14 13:35:00+03:00,0.0673205496562266,-1.1366992678691024
2026-05-14 13:40:00+03:00,0.05619545036598295,-1.2273714286345812
2026-05-14 13:45:00+03:00,0.050235865873452565,-1.167079598004182
2026-05-14 13:50:00+03:00,0.04736946857100664,-1.1255549457054166
2026-05-14 13:55:00+03:00,0.05056562743704147,-0.9675006118820526
2026-05-14 14:00:00+03:00,0.05375147991675446,-0.9399413613627126
2026-05-14 14:05:00+03:00,0.05724927571668144,-0.906022056274725
2026-05-14 14:10:00+03:00,0.051339195782972254,-1.1516565477115102
2026-05-14 14:15:00+03:00,0.05163564427266635,-1.0114877293381548
2026-05-14 14:20:00+03:00,0.049647761622739886,-1.0791513463969362
2026-05-14 14:25:00+03:00,0.047598240169228714,-1.1036270394746546
2026-05-14 14:30:00+03:00,0.042891494881082654,-1.23425298798739
2026-05-14 14:35:00+03:00,0.04792373769298884,-0.9583757386226293
2026-05-14 14:40:00+03:00,0.08557079731393123,-0.41338773455897404
2026-05-14 14:45:00+03:00,0.10409876223304562,-0.48723438907191674
2026-05-14 14:50:00+03:00,0.1551401439999051,-0.12968270940571644
2026-05-14 14:55:00+03:00,0.19643934360237694,-0.07632760322053189
2026-05-14 15:00:00+03:00,0.19586052687443942,-0.3020508585562629
2026-05-14 15:05:00+03:00,0.2187501225870634,-0.11150271106484061
2026-05-14 15:10:00+03:00,0.21495689439064072,-0.2642042768671361
2026-05-14 15:15:00+03:00,0.22899641720961977,-0.13005301649860426
2026-05-14 15:20:00+03:00,0.2269566373810815,-0.2201286486736819
2026-05-14 15:25:00+03:00,0.22746019090413144,-0.20478024208393755
2026-05-14 15:30:00+03:00,0.23586086622751254,-0.14120203737935413
2026-05-14 15:35:00+03:00,0.2349433532702392,-0.19223767282537088
2026-05-14 15:40:00+03:00,0.26731097558982564,0.043752682520302275
2026-05-14 15:45:00+03:00,0.30067312692475184,0.11837696855767886
2026-05-14 15:50:00+03:00,0.3379084499921583,0.2091750658779236
2026-05-14 15:55:00+03:00,0.3770991141672357,0.2934142549717427
2026-05-14 16:00:00+03:00,0.4158840891858481,0.36651250529876134
2026-05-14 16:05:00+03:00,0.4379592099378747,0.3447280620263212
2026-05-14 16:10:00+03:00,0.48062389080286516,0.5063825214157767
2026-05-14 16:15:00+03:00,0.4983710867293041,0.44416326140422535
2026-05-14 16:20:00+03:00,0.5287328789807793,0.5526115570394199
2026-05-14 16:25:00+03:00,0.5641674939473896,0.6448047680443156
2026-05-14 16:30:00+03:00,0.507151326494473,0.17075558205056326
2026-05-14 16:35:00+03:00,0.4463589086824066,0.027933831651803756
2026-05-14 16:40:00+03:00,0.4565669250581775,0.3348736373626579
2026-05-14 16:45:00+03:00,0.46120263333614864,0.3223481499827956
2026-05-14 16:50:00+03:00,0.4836058748083015,0.433657758364002
2026-05-14 16:55:00+03:00,0.498363594425603,0.43263104495978466
2026-05-14 17:00:00+03:00,0.530280972458777,0.5618646776853011
2026-05-14 17:05:00+03:00,0.6061125761118598,0.9262471993552542
2026-05-14 17:10:00+03:00,0.6351940700116929,0.7704886211056347
2026-05-14 17:15:00+03:00,0.6323807785798777,0.6277404245312641
2026-05-14 17:20:00+03:00,0.6528249408593577,0.7712926538603841
2026-05-14 17:25:00+03:00,0.6630475750744864,0.748424320391763
2026-05-14 17:30:00+03:00,0.6370734088732649,0.5440381698154808
2026-05-14 17:35:00+03:00,0.6097408604390959,0.4851971871345919
2026-05-14 17:40:00+03:00,0.6376154471354405,0.7705056862734001
2026-05-14 17:45:00+03:00,0.6711355112227947,0.8763450639675209
2026-05-14 17:50:00+03:00,0.680793204576375,0.7858186837313419
2026-05-14 17:55:00+03:00,0.6683368133942621,0.6622537295959611
2026-05-15 09:55:00+03:00,0.699028432906952,0.9331624284794422
2026-05-15 10:00:00+03:00,0.7635871524127642,1.3955178525770346
2026-05-15 10:05:00+03:00,0.7881817274830736,1.1652953109850246
2026-05-15 10:10:00+03:00,0.7847812959766841,0.980657251822793
2026-05-15 10:15:00+03:00,0.7556594331534,0.7796810561395568
2026-05-15 10:20:00+03:00,0.6651613893072233,0.3486777788945844
2026-05-15 10:25:00+03:00,0.5698572909811007,0.14268210578183316
2026-05-15 10:30:00+03:00,0.49855876824086903,0.09461145301565897
2026-05-15 10:35:00+03:00,0.45731267486523985,0.13363634083574813
2026-05-15 10:40:00+03:00,0.3977660654418661,-0.07719814123638682
2026-05-15 10:45:00+03:00,0.40015374653914854,0.19438441792854894
2026-05-15 10:50:00+03:00,0.43731344747148315,0.40140276395197994
2026-05-15 10:55:00+03:00,0.4573096074400534,0.3738973495719856
2026-05-15 11:00:00+03:00,0.46951557841714636,0.3674212701578373
2026-05-15 11:05:00+03:00,0.4550016837388135,0.2359656226584987
2026-05-15 11:10:00+03:00,0.4533824526700116,0.2830813593980036
2026-05-15 11:15:00+03:00,0.4675592395141839,0.3712314863580527
2026-05-15 11:20:00+03:00,0.4789589474318656,0.38244940616260903
2026-05-15 11:25:00+03:00,0.4889448696516444,0.39618822951172195
2026-05-15 11:30:00+03:00,0.44736488715250833,0.11177485294566757
2026-05-15 11:35:00+03:00,0.44148286392034053,0.24330508587446217
2026-05-15 11:40:00+03:00,0.4079910167382572,0.0630082936780828
2026-05-15 11:45:00+03:00,0.36816872450852467,-0.053934069424517866
2026-05-15 11:50:00+03:00,0.31113358228541615,-0.2948614327146626
2026-05-15 11:55:00+03:00,0.2601404553182331,-0.4230882071263051
2026-05-15 12:00:00+03:00,0.22064804438113306,-0.48522495512898667
2026-05-15 12:05:00+03:00,0.1937373476065525,-0.4921546486649482
2026-05-15 12:10:00+03:00,0.17687851079872927,-0.4793419689039845
2026-05-15 12:15:00+03:00,0.17304572544463964,-0.39751879666998113
2026-05-15 12:20:00+03:00,0.1511270337553958,-0.6373965810055893
2026-05-15 12:25:00+03:00,0.1379725090027268,-0.6158705210028391
2026-05-15 12:30:00+03:00,0.13731883095595732,-0.5079059860116175
2026-05-15 12:35:00+03:00,0.13275025436109633,-0.5605979226868107
2026-05-15 12:40:00+03:00,0.12970485643010712,-0.560593673986763
2026-05-15 12:45:00+03:00,0.13186998330915226,-0.5071357968309652
2026-05-15 12:50:00+03:00,0.1300079317925523,-0.5488786893536834
2026-05-15 12:55:00+03:00,0.17792591965441057,-0.08898328461932375
2026-05-15 13:00:00+03:00,0.2156763820489799,-0.04775016928729647
2026-05-15 13:05:00+03:00,0.25582744572696886,0.052558363902716114
2026-05-15 13:10:00+03:00,0.2774122260636799,0.018731228692272728
2026-05-15 13:15:00+03:00,0.34695109458496803,0.352257115443551
2026-05-15 13:20:00+03:00,0.43155974907931144,0.5751528618491505
2026-05-15 13:25:00+03:00,0.3700347933683291,-0.155735928672964
2026-05-15 13:30:00+03:00,0.4423331373563645,0.5476071774029136
2026-05-15 13:35:00+03:00,0.5043307594086952,0.6309666786776795
2026-05-15 13:40:00+03:00,0.51354973512826,0.44054404019756443
2026-05-15 13:45:00+03:00,0.4807684191739674,0.21476575548757645
2026-05-15 13:50:00+03:00,0.4625285924046483,0.23611285863350753
2026-05-15 13:55:00+03:00,0.36459741327574835,-0.38595154173608115
2026-05-15 14:00:00+03:00,0.2766415862947401,-0.6711763424234067
2026-05-15 14:05:00+03:00,0.2113972028267964,-0.786762437033122
2026-05-15 14:10:00+03:00,0.17916068119955728,-0.6014141340179594
2026-05-15 14:15:00+03:00,0.16171486869868967,-0.5465375211236997
2026-05-15 14:20:00+03:00,0.16571362478770588,-0.3691274065036332
2026-05-15 14:25:00+03:00,0.16047750607567302,-0.45308892259118116
2026-05-15 14:30:00+03:00,0.17645934784875345,-0.26113771613102543
2026-05-15 14:35:00+03:00,0.20889265832788317,-0.08898959741779247
2026-05-15 14:40:00+03:00,0.22009434150636767,-0.16738252651836796
2026-05-15 14:45:00+03:00,0.2162319510134982,-0.2608930850238551
2026-05-15 14:50:00+03:00,0.198583731766871,-0.4048302801582593
2026-05-15 14:55:00+03:00,0.21942465296936423,-0.11997846898902573
2026-05-15 15:00:00+03:00,0.2383162582007256,-0.08335748639821874
2026-05-15 15:05:00+03:00,0.24628514870090765,-0.11720607749104966
2026-05-15 15:10:00+03:00,0.31282301607029916,0.2748456003708603
2026-05-15 15:15:00+03:00,0.37872411995316735,0.39927828208600635
2026-05-15 15:20:00+03:00,0.3682123404752213,0.0761483821223358
2026-05-15 15:25:00+03:00,0.33852326711913105,-0.07607156390497125
2026-05-15 15:30:00+03:00,0.30590979044549227,-0.17213460515330672
2026-05-15 15:35:00+03:00,0.371190258173094,0.38243564730809787
2026-05-15 15:40:00+03:00,0.38718178477550996,0.22257760406104818
2026-05-15 15:45:00+03:00,0.3892364069664169,0.1712113276041957
2026-05-15 15:50:00+03:00,0.4014717454477595,0.23590387320540568
2026-05-15 15:55:00+03:00,0.4093510432030672,0.2342694839725737
2026-05-15 16:00:00+03:00,0.38749172959683487,0.06890147018330922
2026-05-15 16:05:00+03:00,0.39989548216597964,0.2334711030006196
2026-05-15 16:10:00+03:00,0.4168788262494765,0.2844409263794993
2026-05-15 16:15:00+03:00,0.40745929470601994,0.1616904529466064
2026-05-15 16:20:00+03:00,0.3449854437569712,-0.22802940318754164
2026-05-15 16:25:00+03:00,0.3046786168608514,-0.2168445506589193
2026-05-15 16:30:00+03:00,0.28837195454622605,-0.13336642324307968
2026-05-15 16:35:00+03:00,0.344121982787058,0.29368814656295605
2026-05-15 16:40:00+03:00,0.44040706929933526,0.6405467099160774
2026-05-15 16:45:00+03:00,0.4895055854983388,0.5491368317087549
2026-05-15 16:50:00+03:00,0.4765470681295571,0.28402336050047317
2026-05-15 16:55:00+03:00,0.5224476743342779,0.6022609090784159
2026-05-15 17:00:00+03:00,0.5261946085146663,0.4438220342706152
2026-05-15 17:05:00+03:00,0.5485022381266256,0.5598794562282287
2026-05-15 17:10:00+03:00,0.5140596127103935,0.2734387909194453
2026-05-15 17:15:00+03:00,0.4961047128310706,0.30252628308822954
2026-05-15 17:20:00+03:00,0.5327606305276302,0.5857692147340648
2026-05-15 17:25:00+03:00,0.4971744188234086,0.2360207571803833
2026-05-15 17:30:00+03:00,0.45143358348649487,0.10294100695888639
2026-05-15 17:35:00+03:00,0.42372066089655014,0.12022841083362854
2026-05-15 17:40:00+03:00,0.5006346649947061,0.685501334649434
2026-05-15 17:45:00+03:00,0.5294335231927628,0.5478078668078166
2026-05-15 17:50:00+03:00,0.5690853246182196,0.6726684491308957
2026-05-15 17:55:00+03:00,0.6349013505917134,0.9494268242968649
2026-05-18 09:55:00+03:00,0.5332897939210945,0.039464302106529445
2026-05-18 10:00:00+03:00,0.6273205566176022,1.0916882253098592
2026-05-18 10:05:00+03:00,0.6990006136493755,1.1830962489656307
2026-05-18 10:10:00+03:00,0.7544398870539198,1.27150809327252
2026-05-18 10:15:00+03:00,0.7891004081833505,1.2437092314978047
2026-05-18 10:20:00+03:00,0.8107411797443088,1.2265658195750715
2026-05-18 10:25:00+03:00,0.8225959103459514,1.1974954033916019
2026-05-18 10:30:00+03:00,0.8539363875667157,1.529167986317295
2026-05-18 10:35:00+03:00,0.8654781117134385,1.3751099012271615
2026-05-18 10:40:00+03:00,0.849455522802689,1.0981800225418175
2026-05-18 10:45:00+03:00,0.8414082787612462,1.1240256214159061
2026-05-18 10:50:00+03:00,0.8058781550913936,0.8680443895940797
2026-05-18 10:55:00+03:00,0.7841738700303833,0.8827939908844645
2026-05-18 11:00:00+03:00,0.7666616503494021,0.8602431048126203
2026-05-18 11:05:00+03:00,0.7840068944325753,1.1023284896763343
2026-05-18 11:10:00+03:00,0.7713047152266429,0.8957068522204003
2026-05-18 11:15:00+03:00,0.7787642145196477,1.025435565106246
2026-05-18 11:20:00+03:00,0.7876030670222741,1.0601509936225546
2026-05-18 11:25:00+03:00,0.7924330561189795,1.0504576446132596
2026-05-18 11:30:00+03:00,0.771886379058345,0.8581824364730095
2026-05-18 11:35:00+03:00,0.7633248458477668,0.89647012640544
2026-05-18 11:40:00+03:00,0.7484293744066892,0.8289500044351604
2026-05-18 11:45:00+03:00,0.7182652586340206,0.6928898008722061
2026-05-18 11:50:00+03:00,0.6823751799477258,0.5948756692816932
2026-05-18 11:55:00+03:00,0.6323289997995015,0.4410237647786165
2026-05-18 12:00:00+03:00,0.6287838883894883,0.6173901676888227
2026-05-18 12:05:00+03:00,0.6562884398926596,0.811667514849413
2026-05-18 12:10:00+03:00,0.6166843180713206,0.4511275457559756
2026-05-18 12:15:00+03:00,0.6049973970885439,0.5371264659627133
2026-05-18 12:20:00+03:00,0.6257775836869616,0.7130659705889207
2026-05-18 12:25:00+03:00,0.6391092635106317,0.7096871340482387
2026-05-18 12:30:00+03:00,0.6722471482661312,0.8772074737163537
2026-05-18 12:35:00+03:00,0.6473189000242653,0.5685317405222508
2026-05-18 12:40:00+03:00,0.6270035163430201,0.5465050347486325
2026-05-18 12:45:00+03:00,0.5996307142041163,0.4654430138939448
2026-05-18 12:50:00+03:00,0.599379929926228,0.5713579443019496
2026-05-18 12:55:00+03:00,0.574983122995681,0.4293793032387392
2026-05-18 13:00:00+03:00,0.5940632159896945,0.6389906333377413
2026-05-18 13:05:00+03:00,0.5550487889938638,0.33494474780880834
2026-05-18 13:10:00+03:00,0.570103255892279,0.5740232344401928
2026-05-18 13:15:00+03:00,0.5503719603059892,0.40001368440924745
2026-05-18 13:20:00+03:00,0.49115993000759933,0.12936361528987161
2026-05-18 13:25:00+03:00,0.4624674925562687,0.19469003617280262
2026-05-18 13:30:00+03:00,0.45067659964224804,0.23816415486091044
2026-05-18 13:35:00+03:00,0.4138544993601173,0.06130577473325686
2026-05-18 13:40:00+03:00,0.40631613122604465,0.16697268222988165
2026-05-18 13:45:00+03:00,0.4510129761497647,0.4567857491220396
2026-05-18 13:50:00+03:00,0.4702208583963604,0.3956505630368634
2026-05-18 13:55:00+03:00,0.4651296453817263,0.29238271233840707
2026-05-18 14:00:00+03:00,0.48480375432269224,0.42545928799267607
2026-05-18 14:05:00+03:00,0.5012614392412722,0.4447634899800643
2026-05-18 14:10:00+03:00,0.5312330941264709,0.5560234872518213
2026-05-18 14:15:00+03:00,0.5521399034150368,0.5615419863935913
2026-05-18 14:20:00+03:00,0.5542346506178879,0.49170668264169826
2026-05-18 14:25:00+03:00,0.5446647694908672,0.4281006906856685
2026-05-18 14:30:00+03:00,0.5059392391798335,0.24089500788513724
2026-05-18 14:35:00+03:00,0.47113845965351064,0.18762135737437377
2026-05-18 14:40:00+03:00,0.4036579287765879,-0.10127701312433834
2026-05-18 14:45:00+03:00,0.32104291573521715,-0.4315760149841116
2026-05-18 14:50:00+03:00,0.2741421169174723,-0.34729447408603975
2026-05-18 14:55:00+03:00,0.22265641041432127,-0.5782363169755991
2026-05-18 15:00:00+03:00,0.19035229422658614,-0.5512299640958218
2026-05-18 15:05:00+03:00,0.16887708442042035,-0.550433563484466
2026-05-18 15:10:00+03:00,0.1552313590992551,-0.541717888870651
2026-05-18 15:15:00+03:00,0.19350714080993028,-0.09795737374830257
2026-05-18 15:20:00+03:00,0.1873986774374571,-0.36422834334226906
2026-05-18 15:25:00+03:00,0.2149337040056614,-0.09809110905234875
2026-05-18 15:30:00+03:00,0.21359260749331616,-0.2539361549771467
2026-05-18 15:35:00+03:00,0.21001757014105388,-0.27745447000376267
2026-05-18 15:40:00+03:00,0.1863569901653587,-0.49567270261567387
2026-05-18 15:45:00+03:00,0.15459147322127834,-0.724724093213054
2026-05-18 15:50:00+03:00,0.14948471294696153,-0.49473008284034925
2026-05-18 15:55:00+03:00,0.13551107194189801,-0.6360249560793859
2026-05-18 16:00:00+03:00,0.14010883810244562,-0.4557312664386578
2026-05-18 16:05:00+03:00,0.13683610884879815,-0.5316879850124683
2026-05-18 16:10:00+03:00,0.11718175692103767,-0.8066891955310541
2026-05-18 16:15:00+03:00,0.16679427609159503,-0.10783507276795834
2026-05-18 16:20:00+03:00,0.1559701377854372,-0.5148404030089397
2026-05-18 16:25:00+03:00,0.16159087237378353,-0.37207059240008267
2026-05-18 16:30:00+03:00,0.18240119158669155,-0.21696358171941496
2026-05-18 16:35:00+03:00,0.183478154109626,-0.3303128015946445
2026-05-18 16:40:00+03:00,0.21592627399737477,-0.07207965725720294
2026-05-18 16:45:00+03:00,0.21672143090526472,-0.2328679746116478
2026-05-18 16:50:00+03:00,0.19935112115774906,-0.4001989199490431
2026-05-18 16:55:00+03:00,0.21678242442142992,-0.1437899096970006
2026-05-18 17:00:00+03:00,0.25154727714254177,0.019821522852800325
2026-05-18 17:05:00+03:00,0.2628923172309069,-0.06083023430786272
2026-05-18 17:10:00+03:00,0.25157820490191546,-0.2034674978730517
2026-05-18 17:15:00+03:00,0.2339478332495158,-0.2899532721453868
2026-05-18 17:20:00+03:00,0.2461398147845284,-0.09682612030885096
2026-05-18 17:25:00+03:00,0.247499276079477,-0.14743171428805843
2026-05-18 17:30:00+03:00,0.24130769252267303,-0.20353667838139303
2026-05-18 17:35:00+03:00,0.21506320215098534,-0.407338635607421
2026-05-18 17:40:00+03:00,0.2049380939708435,-0.3333151816228467
2026-05-18 17:45:00+03:00,0.2795936903160621,0.24171127253242364
2026-05-18 17:50:00+03:00,0.3328761627512454,0.262287971496696
2026-05-18 17:55:00+03:00,0.3799779100486712,0.32948453221541857
2026-05-20 09:55:00+03:00,0.4161459278979003,0.356967796309264
2026-05-20 10:00:00+03:00,0.5629865568618838,1.236822261454535
2026-05-20 10:05:00+03:00,0.6449915940532357,1.07161903662601
2026-05-20 10:10:00+03:00,0.6815681671215961,0.9182975455429636
2026-05-20 10:15:00+03:00,0.6812589738091569,0.7421140562525579
2026-05-20 10:20:00+03:00,0.7363916408417718,1.1987934607469857
2026-05-20 10:25:00+03:00,0.7122167326635371,0.7055842021816539
2026-05-20 10:30:00+03:00,0.6705607948971646,0.548238684261939
2026-05-20 10:35:00+03:00,0.6705295307222303,0.7198441837110897
2026-05-20 10:40:00+03:00,0.7069511585311271,0.9857104488874372
2026-05-20 10:45:00+03:00,0.5745368475596162,-0.005440893596102628
2026-05-20 10:50:00+03:00,0.5428912075258064,0.33990515232422813
2026-05-20 10:55:00+03:00,0.511434466613915,0.2799344601742017
2026-05-20 11:00:00+03:00,0.4186449161859123,-0.19235176798231093
2026-05-20 11:05:00+03:00,0.3980773982846633,0.09666236638455425
2026-05-20 11:10:00+03:00,0.3977598236917005,0.17879639874103204
2026-05-20 11:15:00+03:00,0.35625818753624955,-0.09020736358369863
2026-05-20 11:20:00+03:00,0.3081675820552972,-0.2508402996287641
2026-05-20 11:25:00+03:00,0.30597039953343624,-0.02382531468881305
2026-05-20 11:30:00+03:00,0.3375612479706408,0.1860357530690243
2026-05-20 11:35:00+03:00,0.34183118877786606,0.08287013058078234
2026-05-20 11:40:00+03:00,0.322189567490229,-0.06714072790940984
2026-05-20 11:45:00+03:00,0.3361280797716123,0.11136081340541956
2026-05-20 11:50:00+03:00,0.3778792731644909,0.3048177691107083
2026-05-20 11:55:00+03:00,0.41307673414162843,0.34734526298432994
2026-05-20 12:00:00+03:00,0.46063047794132655,0.48648376534784565
2026-05-20 12:05:00+03:00,0.48668384492133965,0.453664867007891
2026-05-20 12:10:00+03:00,0.4714225473133231,0.26512819331844983
2026-05-20 12:15:00+03:00,0.4736921347857085,0.3372740664021562
2026-05-20 12:20:00+03:00,0.504847646920455,0.5087374727887319
2026-05-20 12:25:00+03:00,0.5354828796227195,0.5671177052645893
2026-05-20 12:30:00+03:00,0.5282857217483191,0.4057398137184989
2026-05-20 12:35:00+03:00,0.5124867960531877,0.3423826720460549
2026-05-20 12:40:00+03:00,0.5007195857125781,0.33526249401564345
2026-05-20 12:45:00+03:00,0.4853726608362864,0.2918633897762952
2026-05-20 12:50:00+03:00,0.4928671034385866,0.3941521019155225
2026-05-20 12:55:00+03:00,0.5472745931500526,0.6889566305374022
2026-05-20 13:00:00+03:00,0.5601884145006284,0.5457995709282707
2026-05-20 13:05:00+03:00,0.5759171389869712,0.5883872943326349
2026-05-20 13:10:00+03:00,0.5840128222196712,0.5740072378163705
2026-05-20 13:15:00+03:00,0.573411183395132,0.47962961121514924
2026-05-20 13:20:00+03:00,0.5712176318461956,0.5080962486837486
2026-05-20 13:25:00+03:00,0.5512333741402645,0.4006962119020784
2026-05-20 13:30:00+03:00,0.5102204380976201,0.24031974349833415
2026-05-20 13:35:00+03:00,0.550215361452796,0.6348312165036867
2026-05-20 13:40:00+03:00,0.5819532776038501,0.6664517953982825
2026-05-20 13:45:00+03:00,0.5810577043223248,0.5324831343188822
2026-05-20 13:50:00+03:00,0.5474106685588556,0.3408982635653819
2026-05-20 13:55:00+03:00,0.4995349272682721,0.1921023613595803
2026-05-20 14:00:00+03:00,0.45555362702169244,0.11877654798500442
2026-05-20 14:05:00+03:00,0.45279228323324566,0.27750665225271376
2026-05-20 14:10:00+03:00,0.45675572363423705,0.3111871917359155
2026-05-20 14:15:00+03:00,0.4575999676878268,0.3007754216692504
2026-05-20 14:20:00+03:00,0.45773291715789977,0.2982835270251395
2026-05-20 14:25:00+03:00,0.4691328210394639,0.363592261438482
2026-05-20 14:30:00+03:00,0.49725716901510975,0.48214857363467534
2026-05-20 14:35:00+03:00,0.5019728330084389,0.40096367327210924
2026-05-20 14:40:00+03:00,0.5152657185591442,0.4595772862071045
2026-05-20 14:45:00+03:00,0.5167983707369159,0.4172139320525827
2026-05-20 14:50:00+03:00,0.5426875465945187,0.5625614397292527
2026-05-20 14:55:00+03:00,0.5584834701903796,0.5538387035876722
2026-05-20 15:00:00+03:00,0.5196504930096212,0.2672384829843517
2026-05-20 15:05:00+03:00,0.4922491397946742,0.25840123495645895
2026-05-20 15:10:00+03:00,0.4594715819737326,0.1723586587143403
2026-05-20 15:15:00+03:00,0.42419756178464896,0.08976565404346276
2026-05-20 15:20:00+03:00,0.35683223141502685,-0.22227940007390815
2026-05-20 15:25:00+03:00,0.29592028047150126,-0.3678408958500692
2026-05-20 15:30:00+03:00,0.325978683218598,0.15658635788011244
2026-05-20 15:35:00+03:00,0.32823265920991374,0.04525392487359148
2026-05-20 15:40:00+03:00,0.32117556139446346,-0.01139470559647382
2026-05-20 15:45:00+03:00,0.30172529325571706,-0.1157147434546012
2026-05-20 15:50:00+03:00,0.3485771475294821,0.2678148423065087
2026-05-20 15:55:00+03:00,0.40777711791853827,0.4293553448914883
2026-05-20 16:00:00+03:00,0.4082038039855599,0.20259024849462287
2026-05-20 16:05:00+03:00,0.40336716916933346,0.171911371599725
2026-05-20 16:10:00+03:00,0.377304397708898,0.02881908947334727
2026-05-20 16:15:00+03:00,0.36731579651149626,0.07646546357938555
2026-05-20 16:20:00+03:00,0.39329921658104067,0.2736168930274887
2026-05-20 16:25:00+03:00,0.42013029616761904,0.32873610465670006
2026-05-20 16:30:00+03:00,0.4147570207851511,0.19255473997119754
2026-05-20 16:35:00+03:00,0.49342059850430775,0.677639963442259
2026-05-20 16:40:00+03:00,0.5444525504221264,0.6687328524151981
2026-05-20 16:45:00+03:00,0.5878093329836597,0.728679123022838
2026-05-20 16:50:00+03:00,0.6375395264237668,0.8734308019394319
2026-05-20 16:55:00+03:00,0.664301142719292,0.8270201822262578
2026-05-20 17:00:00+03:00,0.6758483474322853,0.7831576773790383
2026-05-20 17:05:00+03:00,0.6311420094310247,0.45934121675297046
2026-05-20 17:10:00+03:00,0.6348517119951881,0.6598446275249239
2026-05-20 17:15:00+03:00,0.7450081537786535,1.974897827370534
2026-05-20 17:20:00+03:00,0.8162346231516017,1.887617947563452
2026-05-20 17:25:00+03:00,0.8552943385512102,1.6457969614843326
2026-05-20 17:30:00+03:00,0.813101968507726,0.8531326681868278
2026-05-20 17:35:00+03:00,0.8052479814621107,1.0133857048529213
2026-05-20 17:40:00+03:00,0.7805176184260303,0.8588261004993517
2026-05-20 17:45:00+03:00,0.7798501392476429,0.9821438140762238
2026-05-20 17:50:00+03:00,0.6719068011560202,0.2944580923339448
2026-05-20 17:55:00+03:00,0.6797106874224018,0.7749224083053886
2026-05-21 09:55:00+03:00,0.5677870507150853,0.06925588663351756
2026-05-21 10:00:00+03:00,0.6379371267711742,0.9813709458042471
2026-05-21 10:05:00+03:00,0.6425124045576045,0.6795730487378794
2026-05-21 10:10:00+03:00,0.6372946044564625,0.6279553801504137
2026-05-21 10:15:00+03:00,0.7053080276269239,1.1793996905414392
2026-05-21 10:20:00+03:00,0.7297673754530054,0.9826194183268466
2026-05-21 10:25:00+03:00,0.7138841626047605,0.7453782936161192
2026-05-21 10:30:00+03:00,0.6504033666378295,0.42409330993810124
2026-05-21 10:35:00+03:00,0.5681674439696535,0.19192729422518026
2026-05-21 10:40:00+03:00,0.4614720518108501,-0.15291194061156757
2026-05-21 10:45:00+03:00,0.35614490368248575,-0.470291134088344
2026-05-21 10:50:00+03:00,0.2553691668720118,-0.9963028532815927
2026-05-21 10:55:00+03:00,0.2130605589898532,-0.5395567500982141
2026-05-21 11:00:00+03:00,0.25166855032734203,0.036897136706557504
2026-05-21 11:05:00+03:00,0.25302648316099347,-0.1334074595305714
2026-05-21 11:10:00+03:00,0.33802875140251015,0.39449242874545987
2026-05-21 11:15:00+03:00,0.3705480849310118,0.25477399030888226
2026-05-21 11:20:00+03:00,0.35860109213206837,0.049496914783035334
2026-05-21 11:25:00+03:00,0.33039062243640427,-0.0884819995690613
2026-05-21 11:30:00+03:00,0.28412910274263864,-0.3115842947010006
2026-05-21 11:35:00+03:00,0.26524397984682946,-0.20748858361834002
2026-05-21 11:40:00+03:00,0.24595670156679433,-0.2641701073028955
2026-05-21 11:45:00+03:00,0.21694275471732039,-0.4203526199582742
2026-05-21 11:50:00+03:00,0.20047264243543375,-0.39007676486215626
2026-05-21 11:55:00+03:00,0.1810295682863401,-0.4833329988041477
2026-05-21 12:00:00+03:00,0.14317125098082173,-0.8809840183765344
2026-05-21 12:05:00+03:00,0.10583176980698226,-1.2699405896076859
2026-05-21 12:10:00+03:00,0.09630398586383465,-0.8108777917489282
2026-05-21 12:15:00+03:00,0.08179085519313158,-1.0063173913346681
2026-05-21 12:20:00+03:00,0.06586245218513553,-1.2264886273662756
2026-05-21 12:25:00+03:00,0.057531292150210446,-1.1348674504418672
2026-05-21 12:30:00+03:00,0.06100876584056509,-0.8771148012569883
2026-05-21 12:35:00+03:00,0.05343399679158948,-1.1674994978463784
2026-05-21 12:40:00+03:00,0.053891856441216086,-0.9870565909669782
2026-05-21 12:45:00+03:00,0.06062865130297915,-0.8324593001985185
2026-05-21 12:50:00+03:00,0.05641486675805309,-1.0542616199686752
2026-05-21 12:55:00+03:00,0.05176970718917548,-1.1155197536423145
2026-05-21 13:00:00+03:00,0.047558706342330365,-1.1565115242424346
2026-05-21 13:05:00+03:00,0.043045871523482805,-1.2262760886921715
2026-05-21 13:10:00+03:00,0.0351203193436441,-1.5062616064579237
2026-05-21 13:15:00+03:00,0.034004719869485264,-1.2601680841496032
2026-05-21 13:20:00+03:00,0.030425775786197977,-1.413836283577062
2026-05-21 13:25:00+03:00,0.02877518127405005,-1.3692933980632316
2026-05-21 13:30:00+03:00,0.02480552783746396,-1.5713370797126245
2026-05-21 13:35:00+03:00,0.018546200917096186,-2.070252224767732
2026-05-21 13:40:00+03:00,0.014979412185209722,-1.9428898813304156
2026-05-21 13:45:00+03:00,0.011599775218284184,-2.1760456188795745
2026-05-21 13:50:00+03:00,0.008565617718429609,-2.49467926649751
2026-05-21 13:55:00+03:00,0.00626054320807633,-2.6937996034581198
2026-05-21 14:00:00+03:00,0.00504510738167606,-2.4726691619057743
2026-05-21 14:05:00+03:00,0.004261583350598812,-2.4581160398288486
2026-05-21 14:10:00+03:00,0.004261011358708534,-2.2376286928734253
2026-05-21 14:15:00+03:00,0.0052333587575597255,-1.9858890715398283
2026-05-21 14:20:00+03:00,0.008613057665379393,-1.6165558255827917
2026-05-21 14:25:00+03:00,0.010889979783659921,-1.6142988816256305
2026-05-21 14:30:00+03:00,0.015543407040208417,-1.381493366577867
2026-05-21 14:35:00+03:00,0.020828085574303955,-1.26606675380586
2026-05-21 14:40:00+03:00,0.022199885370938217,-1.3796511114276695
2026-05-21 14:45:00+03:00,0.023410093049590176,-1.3624500878828791
2026-05-21 14:50:00+03:00,0.021537463858954404,-1.5452432356106172
2026-05-21 14:55:00+03:00,0.022292528238033158,-1.4026720570081175
2026-05-21 15:00:00+03:00,0.021551252116558863,-1.4863670414859258
2026-05-21 15:05:00+03:00,0.01945600438239836,-1.6199572651592113
2026-05-21 15:10:00+03:00,0.0178684326897392,-1.6385650516498156
2026-05-21 15:15:00+03:00,0.013889964800640158,-2.0778804992406057
2026-05-21 15:20:00+03:00,0.011679411751306844,-1.9805162924291582
2026-05-21 15:25:00+03:00,0.009622321503788887,-2.1137350155440506
2026-05-21 15:30:00+03:00,0.008508329667451929,-2.0504194839674357
2026-05-21 15:35:00+03:00,0.008079789914256626,-1.982892035205363
2026-05-21 15:40:00+03:00,0.010359982518800322,-1.6310967737519855
2026-05-21 15:45:00+03:00,0.01234212334064826,-1.587804265649991
2026-05-21 15:50:00+03:00,0.013102402442716028,-1.6409011301991359
2026-05-21 15:55:00+03:00,0.013461258448036428,-1.655909552927632
2026-05-21 16:00:00+03:00,0.01634582963983002,-1.4387830885583366
2026-05-21 16:05:00+03:00,0.01819198884375496,-1.4439264877765756
2026-05-21 16:10:00+03:00,0.01717314659903594,-1.6241251591217445
2026-05-21 16:15:00+03:00,0.016979961992069224,-1.5792882948425986
2026-05-21 16:20:00+03:00,0.017311264169230487,-1.5402809080872062
2026-05-21 16:25:00+03:00,0.017696734906772545,-1.5270367875094712
2026-05-21 16:30:00+03:00,0.02129293671302364,-1.3142048360674206
2026-05-21 16:35:00+03:00,0.021781893717364966,-1.424677830509564
2026-05-21 16:40:00+03:00,0.030091346303649746,-1.0678450256264789
2026-05-21 16:45:00+03:00,0.04933738473753576,-0.7437582932432943
2026-05-21 16:50:00+03:00,0.06549227431316722,-0.6868873525336203
2026-05-21 16:55:00+03:00,0.10316928270772542,-0.3532157579881259
2026-05-21 17:00:00+03:00,0.17529525932152246,0.016450485683145277
2026-05-21 17:05:00+03:00,0.2829606456558687,0.3757962406100659
2026-05-21 17:10:00+03:00,0.36639003827492034,0.4429745330250988
2026-05-21 17:15:00+03:00,0.5373292406637632,1.3313641495164292
2026-05-21 17:25:00+03:00,0.6371460168563416,1.16321521934343
2026-05-21 17:30:00+03:00,0.6949595809701697,1.0765560432801435
2026-05-21 17:35:00+03:00,0.7801898022469764,1.798293201338813
2026-05-21 17:40:00+03:00,0.8452566203371487,2.144427816372795
2026-05-22 09:55:00+03:00,0.860579695429744,1.3881556507131003
2026-05-22 10:00:00+03:00,0.8906002109269378,1.7982011441397079
2026-05-22 10:05:00+03:00,0.8381490777236257,0.864183570427143
2026-05-22 10:10:00+03:00,0.876769958460898,1.833831525402912
2026-05-22 10:15:00+03:00,0.8899849923754127,1.5278996503274322
2026-05-22 10:20:00+03:00,0.8609107205338052,1.0524825582546735
2026-05-22 10:25:00+03:00,0.8189684128117061,0.8686992313251315
2026-05-22 10:30:00+03:00,0.8193180281711631,1.1066066866521302
2026-05-22 10:35:00+03:00,0.7883686190243585,0.8476926418218186
2026-05-22 10:40:00+03:00,0.7546936851646908,0.756992827903468
2026-05-22 10:45:00+03:00,0.7426051586016155,0.8284510753968487
2026-05-22 10:50:00+03:00,0.669931518985876,0.4262907933989972
2026-05-22 10:55:00+03:00,0.6133252206135558,0.37929118439316456
2026-05-22 11:00:00+03:00,0.5527966261177292,0.24725858525175046
2026-05-22 11:05:00+03:00,0.504595965130853,0.20087784033957687
2026-05-22 11:10:00+03:00,0.6312137885765551,1.355500159811707
2026-05-22 11:15:00+03:00,0.722843176254125,1.4666522839044842
2026-05-22 11:20:00+03:00,0.7735418635595357,1.31236902241666
2026-05-22 11:25:00+03:00,0.7935048008531654,1.1515475186749244
2026-05-22 11:30:00+03:00,0.7983066568112398,1.0682380788602532
2026-05-22 11:35:00+03:00,0.7758710375491328,0.8586867962741027
2026-05-22 11:40:00+03:00,0.7999269759434197,1.2039188555013585
2026-05-22 11:45:00+03:00,0.8506819909060627,1.8142981932035198
2026-05-22 11:50:00+03:00,0.8941984014920549,2.277280756345214
2026-05-22 11:55:00+03:00,0.9217964267146711,2.1775129298753475
2026-05-22 12:00:00+03:00,0.9397216962732856,2.14807808854401
2026-05-22 12:05:00+03:00,0.9502058267504552,2.0664847837463025
2026-05-22 12:10:00+03:00,0.9402832821468928,1.5536671366483905
2026-05-22 12:15:00+03:00,0.9449948442323911,1.8382926386005651
2026-05-22 12:20:00+03:00,0.9363437679230676,1.5445903919950297
2026-05-22 12:25:00+03:00,0.9315875802040218,1.5644937247136632
2026-05-22 12:30:00+03:00,0.9405643100039702,1.8855652394290072
2026-05-22 12:35:00+03:00,0.9414849359384085,1.72819448446481
2026-05-22 12:40:00+03:00,0.9306183335718222,1.4825587856035276
2026-05-22 12:45:00+03:00,0.9306616731681745,1.6255950614128776
2026-05-22 12:50:00+03:00,0.9235546611406054,1.4852036084301052
2026-05-22 12:55:00+03:00,0.8795311802621919,1.0190181652100383
2026-05-22 13:00:00+03:00,0.8352070025194652,0.8973745743727085
2026-05-22 13:05:00+03:00,0.7633331176900234,0.613094160412355
2026-05-22 13:10:00+03:00,0.7088201937848742,0.5731879709505603
2026-05-22 13:15:00+03:00,0.6688500723781937,0.5515280849891586
2026-05-22 13:20:00+03:00,0.6653525434786202,0.693786363804795
2026-05-22 13:25:00+03:00,0.6817651508582756,0.8193866657444724
2026-05-22 13:30:00+03:00,0.7255208600247296,1.0842358941903243
2026-05-22 13:35:00+03:00,0.7591232981013284,1.1274089262971858
2026-05-22 13:40:00+03:00,0.8094150010523126,1.4890440169396726
2026-05-22 13:45:00+03:00,0.8248487518025447,1.2331145686349716
2026-05-22 13:50:00+03:00,0.8053314213414927,0.9487926583946836
2026-05-22 13:55:00+03:00,0.7843620483175424,0.8869448450778411
2026-05-22 14:00:00+03:00,0.7649911218341866,0.8471603386476538
2026-05-22 14:05:00+03:00,0.7437229958744712,0.788284824961539
2026-05-22 14:10:00+03:00,0.79050909345826,1.353774341446258
2026-05-22 14:15:00+03:00,0.8272847320962821,1.437677976676021
2026-05-22 14:20:00+03:00,0.8629971930334277,1.6536356721941248
2026-05-22 14:25:00+03:00,0.8937890567743556,1.8489286283194328
2026-05-22 14:30:00+03:00,0.9164985250435246,1.928287355392294
2026-05-22 14:35:00+03:00,0.927725731410556,1.7935074336055512
2026-05-22 14:40:00+03:00,0.9268416015817903,1.5848740552878038
2026-05-22 14:45:00+03:00,0.9330557066164995,1.7479130084685532
2026-05-22 14:50:00+03:00,0.9335515048841626,1.6545837170813211
2026-05-22 14:55:00+03:00,0.9493190256318722,2.267551300236894
2026-05-22 15:00:00+03:00,0.958035471664894,2.1459913167924736
2026-05-22 15:05:00+03:00,0.9710947693524479,3.200097699089912
2026-05-22 15:10:00+03:00,0.9780152416887312,2.6830126315284977
2026-05-22 15:15:00+03:00,0.9815711069086387,2.5236061365015963
2026-05-22 15:20:00+03:00,0.9809753612556489,2.240933440399557
2026-05-22 15:25:00+03:00,0.9801758432347958,2.2125194441343092
2026-05-22 15:30:00+03:00,0.9823726515916674,2.4476181976776497
2026-05-22 15:35:00+03:00,0.9851233176242584,2.6148548806435485
2026-05-22 15:40:00+03:00,0.9845767380353708,2.3397124516607692
2026-05-22 15:45:00+03:00,0.9870520989424055,2.691800555648521
2026-05-22 15:50:00+03:00,0.989412381852071,2.8414273298938624
2026-05-22 15:55:00+03:00,0.9913841173890396,2.95123272684227
2026-05-22 16:00:00+03:00,0.9915554575620917,2.6855106918109635
2026-05-22 16:05:00+03:00,0.9907281993088054,2.540657274061361
2026-05-22 16:10:00+03:00,0.9922693957128595,2.953735668706082
2026-05-22 16:15:00+03:00,0.9940111734026351,3.2512971617878987
2026-05-22 16:20:00+03:00,0.9953807166580539,3.3892972835221467
2026-05-22 16:25:00+03:00,0.996450454643568,3.527566778030777
2026-05-22 16:30:00+03:00,0.9972912748333422,3.6797920721963706
2026-05-22 16:35:00+03:00,0.9977759757304028,3.583678872267218
2026-05-22 16:40:00+03:00,0.9879547003168258,2.0196559484023795
2026-05-22 16:45:00+03:00,0.9419334292690968,1.21084841557992
2026-05-22 16:50:00+03:00,0.882711015900801,0.943369260709098
2026-05-22 16:55:00+03:00,0.8055838054807617,0.678868202494533
2026-05-22 17:00:00+03:00,0.7749529764569377,0.817273826570829
2026-05-22 17:05:00+03:00,0.7522372462323346,0.8012215466728659
2026-05-22 17:10:00+03:00,0.7638836252821382,1.0065893409136961
2026-05-22 17:15:00+03:00,0.7829300037293956,1.1098823420311357
2026-05-22 17:20:00+03:00,0.8332993456935303,1.6506367357022254
2026-05-22 17:25:00+03:00,0.8350141944576558,1.1690855559476818
2026-05-22 17:30:00+03:00,0.8455444778763658,1.2768260190706449
2026-05-22 17:35:00+03:00,0.868393454628095,1.513526523026559
2026-05-22 17:40:00+03:00,0.8833432314120193,1.508365053180537
2026-05-22 17:45:00+03:00,0.8969743584395335,1.5791120381395913
2026-05-22 17:50:00+03:00,0.9060954138444394,1.579803847246888
2026-05-22 17:55:00+03:00,0.903313494110293,1.4213273428379782
2026-05-25 09:55:00+03:00,0.7172911749111842,0.07203174941447166
2026-05-25 10:00:00+03:00,0.5979617479878535,0.10158896111764729
2026-05-25 10:05:00+03:00,0.5258073988485243,0.14726127524339858
2026-05-25 10:10:00+03:00,0.5397812759520445,0.5098522872545735
2026-05-25 10:15:00+03:00,0.5953595117473924,0.8005508275414197
2026-05-25 10:20:00+03:00,0.5227892635495625,0.13941814579872472
2026-05-25 10:25:00+03:00,0.490913027007652,0.23829304940101306
2026-05-25 10:30:00+03:00,0.515262207322309,0.5024928650190805
2026-05-25 10:35:00+03:00,0.49361722611035713,0.28343658320308507
2026-05-25 10:40:00+03:00,0.473912394068033,0.2526580181109367
2026-05-25 10:45:00+03:00,0.48520496955079495,0.39402566866984956
2026-05-25 10:50:00+03:00,0.5128863289260857,0.51086901095863
2026-05-25 10:55:00+03:00,0.5081970430640578,0.376807674763457
2026-05-25 11:00:00+03:00,0.5057040320081507,0.3804529336143925
2026-05-25 11:05:00+03:00,0.49522008309427656,0.32962072383805097
2026-05-25 11:10:00+03:00,0.5178696936970538,0.5009487096467363
2026-05-25 11:15:00+03:00,0.5519609015845882,0.6142302034148399
2026-05-25 11:20:00+03:00,0.5162469931546716,0.2727488329541419
2026-05-25 11:25:00+03:00,0.45526180829324553,0.04644367213270853
2026-05-25 11:30:00+03:00,0.504716386457528,0.5808575241209945
2026-05-25 11:35:00+03:00,0.6513590728646501,1.7401556039742334
2026-05-25 11:40:00+03:00,0.7506395053098477,1.783669033122319
2026-05-25 11:45:00+03:00,0.8042794243223094,1.4982593619455036
2026-05-25 11:50:00+03:00,0.8439573271645843,1.5728200544664905
2026-05-25 11:55:00+03:00,0.8691365027007846,1.5475203457305813
2026-05-25 12:00:00+03:00,0.8751076131240383,1.3678285855706358
2026-05-25 12:05:00+03:00,0.8888039625860612,1.5265333870183009
2026-05-25 12:10:00+03:00,0.8796037564296868,1.2547820753480443
2026-05-25 12:15:00+03:00,0.8687478795307546,1.200195952583563
2026-05-25 12:20:00+03:00,0.8644414128859205,1.2335507906244116
2026-05-25 12:25:00+03:00,0.8555758380555838,1.1669664744299115
2026-05-25 12:30:00+03:00,0.8756885551936046,1.524769835993117
2026-05-25 12:35:00+03:00,0.8797075396644568,1.371168700369536
2026-05-25 12:40:00+03:00,0.900478182478568,1.7165934073109483
2026-05-25 12:45:00+03:00,0.9106328665759635,1.6270400322354686
2026-05-25 12:50:00+03:00,0.9118821197592358,1.5152961513933327
2026-05-25 12:55:00+03:00,0.9156015991222808,1.5709761897426964
2026-05-25 13:00:00+03:00,0.9205701811451553,1.6238040893309433
2026-05-25 13:05:00+03:00,0.9285589594668059,1.7391662942475485
2026-05-25 13:10:00+03:00,0.9228099817016511,1.4967899385465775
2026-05-25 13:15:00+03:00,0.9264578630479728,1.6484265513969047
2026-05-25 13:20:00+03:00,0.9072449917867164,1.286080468274645
2026-05-25 13:25:00+03:00,0.8939340772820964,1.2797675941900262
2026-05-25 13:30:00+03:00,0.882490184802094,1.2483873536785668
2026-05-25 13:35:00+03:00,0.877391870097793,1.27927999247424
2026-05-25 13:40:00+03:00,0.8304845544444398,0.872614365778205
2026-05-25 13:45:00+03:00,0.8006811115741402,0.8835660820510629
2026-05-25 13:50:00+03:00,0.7660211429741979,0.7780577700875672
2026-05-25 13:55:00+03:00,0.7290234758453855,0.6867014310648163
2026-05-25 14:00:00+03:00,0.553631119885709,-0.27751703306292985
2026-05-25 14:05:00+03:00,0.44946339157056536,-0.1709669010167231
2026-05-25 14:10:00+03:00,0.402390489118708,-0.008729463255398168
2026-05-25 14:15:00+03:00,0.32407016731095933,-0.3904308036296411
2026-05-25 14:20:00+03:00,0.2730749119724318,-0.3779600305772485
2026-05-25 14:25:00+03:00,0.2549042249964512,-0.23216232887938518
2026-05-25 14:30:00+03:00,0.2830869092414636,0.059684775673021606
2026-05-25 14:35:00+03:00,0.31880022386786133,0.16493214266539102
2026-05-25 14:40:00+03:00,0.2891163182253021,-0.20130002076756806
2026-05-25 14:45:00+03:00,0.251202833841269,-0.3635841135045883
2026-05-25 14:50:00+03:00,0.25970682266481276,-0.08188148925132807
2026-05-25 14:55:00+03:00,0.2718111054932684,-0.036548593245073785
2026-05-25 15:00:00+03:00,0.2612917294253711,-0.17326373355571775
2026-05-25 15:05:00+03:00,0.2769033992110625,-0.008994861934677134
2026-05-25 15:10:00+03:00,0.24594945373787785,-0.33537718946396844
2026-05-25 15:15:00+03:00,0.20153371919197466,-0.6108667156140335
2026-05-25 15:20:00+03:00,0.15335520352286214,-0.9671414352801384
2026-05-25 15:25:00+03:00,0.2080485350967444,0.011782292775094363
2026-05-25 15:30:00+03:00,0.29451590599295524,0.31652371739808893
2026-05-25 15:35:00+03:00,0.3519171739387342,0.31511492707355454
2026-05-25 15:40:00+03:00,0.42662009904909864,0.5261106376328628
2026-05-25 15:45:00+03:00,0.5255571400555675,0.8403816834446456
2026-05-25 15:50:00+03:00,0.6033403129397352,0.9292077176412873
2026-05-25 15:55:00+03:00,0.6919311440995061,1.2873173431755174
2026-05-25 16:00:00+03:00,0.755157922645662,1.342317724392566
2026-05-25 16:05:00+03:00,0.7770618785334881,1.109383079770257
2026-05-25 16:10:00+03:00,0.8136878174280002,1.3673014282768128
2026-05-25 16:15:00+03:00,0.8125334827210386,1.0754260502701671
2026-05-25 16:20:00+03:00,0.8108243037974436,1.0666802735159
2026-05-25 16:25:00+03:00,0.8515030273389136,1.641542465458884
2026-05-25 16:30:00+03:00,0.74846171177057,0.4605969787717583
2026-05-25 16:35:00+03:00,0.5427645562516902,-0.5271331853116801
2026-05-25 16:40:00+03:00,0.4565175049919312,-0.06450216968916678
2026-05-25 16:45:00+03:00,0.38461408683464815,-0.171808061005461
2026-05-25 16:50:00+03:00,0.3031470330430814,-0.49097176883414717
2026-05-25 16:55:00+03:00,0.27341801943522887,-0.24519130082904847
2026-05-25 17:00:00+03:00,0.20486812259079373,-0.8785965648225753
2026-05-25 17:05:00+03:00,0.1735681983973002,-0.6192416044050767
2026-05-25 17:10:00+03:00,0.23749309183843026,0.11413095183537716
2026-05-25 17:15:00+03:00,0.2617779765363388,-0.00400658784581423
2026-05-25 17:20:00+03:00,0.3230708965101648,0.2743756430294814
2026-05-25 17:25:00+03:00,0.2956889906199627,-0.17149864443954912
2026-05-25 17:30:00+03:00,0.2656796336691734,-0.26920927607280787
2026-05-25 17:35:00+03:00,0.3996011818307696,0.7132957576373264
2026-05-25 17:40:00+03:00,0.40035757406254185,0.18828699611780056
2026-05-25 17:45:00+03:00,0.4031648580945492,0.2020389464386723
2026-05-25 17:50:00+03:00,0.44386503212124806,0.4276011723959582
2026-05-25 17:55:00+03:00,0.48442483435961303,0.5055841950754514
2026-05-26 09:55:00+03:00,0.40040109480738906,-0.19426535161538958
2026-05-26 10:00:00+03:00,0.503341518488845,0.8068296875263505
2026-05-26 10:05:00+03:00,0.591491017145446,0.9528018752808272
2026-05-26 10:10:00+03:00,0.6055062541219961,0.6417024679138906
2026-05-26 10:15:00+03:00,0.6134714986926368,0.6331784285341415
2026-05-26 10:20:00+03:00,0.6184375911135627,0.6310566043442914
2026-05-26 10:25:00+03:00,0.6956043013676216,1.2110245616577697
2026-05-26 10:30:00+03:00,0.7402327929266265,1.1380551653686923
2026-05-26 10:35:00+03:00,0.7549912064344318,0.9989826160246256
2026-05-26 10:40:00+03:00,0.7420045848740755,0.8227814440766814
2026-05-26 10:45:00+03:00,0.7217938324703672,0.7437300651756352
2026-05-26 10:50:00+03:00,0.7225475070219816,0.8418780982221128
2026-05-26 10:55:00+03:00,0.6898576041472774,0.6230776586908121
2026-05-26 11:00:00+03:00,0.6679337713801117,0.6222764933378909
2026-05-26 11:05:00+03:00,0.658068867456706,0.6516539179421397
2026-05-26 11:10:00+03:00,0.6042992420011506,0.372857325881075
2026-05-26 11:15:00+03:00,0.6355362188790142,0.7810332837760864
2026-05-26 11:20:00+03:00,0.6420493723789574,0.686802363136997
2026-05-26 11:25:00+03:00,0.6456548679236063,0.6821173953539564
2026-05-26 11:30:00+03:00,0.6583286271571246,0.7488308921314629
2026-05-26 11:35:00+03:00,0.6821568778926259,0.8557962190917698
2026-05-26 11:40:00+03:00,0.6792170270628037,0.7260907751346143
2026-05-26 11:45:00+03:00,0.6878570822993955,0.7973650376770207
2026-05-26 11:50:00+03:00,0.714270300895729,0.9509382815157753
2026-05-26 11:55:00+03:00,0.702014167630016,0.7352045635712645
2026-05-26 12:00:00+03:00,0.6921975638934557,0.7244058310437292
2026-05-26 12:05:00+03:00,0.6562566477454569,0.5425558147466538
2026-05-26 12:10:00+03:00,0.6723599905319784,0.7960493577314693
2026-05-26 12:15:00+03:00,0.6906385315887709,0.8494464472637029
2026-05-26 12:20:00+03:00,0.6976649003658105,0.8126493833254553
2026-05-26 12:25:00+03:00,0.6561508809310767,0.520412745870736
2026-05-26 12:35:00+03:00,0.6471565892837838,0.632697241092483
2026-06-01 09:55:00+03:00,0.5964081679295343,0.36930944778593344
2026-06-01 10:00:00+03:00,0.4939541694681596,-0.052714682306890276
2026-06-01 10:05:00+03:00,0.40011819184898195,-0.24952063097720292
2026-06-01 10:10:00+03:00,0.34940774806190417,-0.15315477734530195
2026-06-01 10:15:00+03:00,0.3825339852529583,0.2804493417094714
2026-06-01 10:20:00+03:00,0.3321651984427434,-0.1967594901217308
2026-06-01 10:25:00+03:00,0.2885427168908799,-0.2821249628263677
2026-06-01 10:30:00+03:00,0.2706998353633704,-0.1871377591590929
2026-06-01 10:35:00+03:00,0.2701567862492645,-0.10036472425041035
2026-06-01 10:40:00+03:00,0.2505328116990318,-0.2528574447918692
2026-06-01 10:45:00+03:00,0.24710494928520435,-0.1732735973342677
2026-06-01 10:50:00+03:00,0.23827174512869423,-0.22644419656276546
2026-06-01 10:55:00+03:00,0.23996384828087444,-0.16516429180418304
2026-06-01 11:00:00+03:00,0.2383002758122308,-0.18724701925882095
2026-06-01 11:05:00+03:00,0.22888819231387442,-0.2563796154358141
2026-06-01 11:10:00+03:00,0.21215815468929108,-0.3526442072602226
2026-06-01 11:15:00+03:00,0.2149430768366142,-0.22670209999944071
2026-06-01 11:20:00+03:00,0.21968388657325447,-0.20288196386907317
2026-06-01 11:25:00+03:00,0.26102637777015253,0.06877016116683168
2026-06-01 11:30:00+03:00,0.31081933668041095,0.20526440140440966
2026-06-01 11:35:00+03:00,0.30278878826140393,-0.058140361256739576
2026-06-01 11:40:00+03:00,0.3285224255777385,0.14419079681454813
2026-06-01 11:45:00+03:00,0.36291753642140123,0.24719663744354803
2026-06-01 11:50:00+03:00,0.35671757929245435,0.07005912223132671
2026-06-01 11:55:00+03:00,0.3471573587172297,0.03505354890535908
2026-06-01 12:00:00+03:00,0.3290201756031226,-0.04410998677079786
2026-06-01 12:05:00+03:00,0.3189870864397794,-0.02988824150688868
2026-06-01 12:10:00+03:00,0.3047071187546397,-0.0832429603267805
2026-06-01 12:15:00+03:00,0.29940485384315074,-0.05328878331779466
2026-06-01 12:20:00+03:00,0.29806086920762614,-0.03803851896819124
2026-06-01 12:25:00+03:00,0.26118422670754204,-0.32462522231760893
2026-06-01 12:30:00+03:00,0.2585950429136023,-0.1392870349271926
2026-06-01 12:35:00+03:00,0.24742557008250082,-0.21402989730882302
2026-06-01 12:40:00+03:00,0.23753773193090555,-0.23441472665395688
2026-06-01 12:45:00+03:00,0.21503155515095185,-0.381572517570571
2026-06-01 12:50:00+03:00,0.23545301134778088,-0.08288602850290194
2026-06-01 12:55:00+03:00,0.22930578735184087,-0.23653170119189434
2026-06-01 13:00:00+03:00,0.2430194271494293,-0.0970135047863073
2026-06-01 13:05:00+03:00,0.240363616496693,-0.1870365664062327
2026-06-01 13:10:00+03:00,0.2570087944694994,-0.04979323856403636
2026-06-01 13:15:00+03:00,0.23084609664903374,-0.3532242586513522
2026-06-01 13:20:00+03:00,0.21564014007722704,-0.33159552666986025
2026-06-01 13:25:00+03:00,0.20296059641210348,-0.356237389961644
2026-06-01 13:30:00+03:00,0.1908003248236936,-0.39370691859157236
2026-06-01 13:35:00+03:00,0.18609518891874047,-0.3592541984023512
2026-06-01 13:40:00+03:00,0.1836994988582492,-0.3519579326890151
2026-06-01 13:45:00+03:00,0.1989177805317944,-0.20236925291990468
2026-06-01 13:50:00+03:00,0.22273516378584599,-0.09720020626813969
2026-06-01 13:55:00+03:00,0.20004118395767026,-0.4358186232149258
2026-06-01 14:00:00+03:00,0.18414388806508353,-0.4443252472983188
2026-06-01 14:05:00+03:00,0.1512280772167041,-0.7585137017475126
2026-06-01 14:10:00+03:00,0.12915784082387355,-0.7608469559270403
2026-06-01 14:15:00+03:00,0.11760383398339705,-0.7051410354314803
2026-06-01 14:20:00+03:00,0.15710604639632744,-0.18421669551630346
2026-06-01 14:25:00+03:00,0.1898985814282118,-0.13405973331042415
2026-06-01 14:30:00+03:00,0.19617615024247365,-0.2602418221946081
2026-06-01 14:35:00+03:00,0.18193009221697198,-0.4402925645078979
2026-06-01 14:40:00+03:00,0.19727731489232694,-0.2061299814208997
2026-06-01 14:45:00+03:00,0.1949418598145774,-0.31573062887745473
2026-06-01 14:50:00+03:00,0.19899513766717966,-0.2649890610956931
2026-06-01 14:55:00+03:00,0.2209887241365595,-0.11040206358554178
2026-06-01 15:00:00+03:00,0.27113960428858935,0.126705468769651
2026-06-01 15:05:00+03:00,0.29681301475208366,0.07820250412763545
2026-06-01 15:10:00+03:00,0.3227672197856024,0.13333974265376863
2026-06-01 15:15:00+03:00,0.28883853621053374,-0.22539616280423638
2026-06-01 15:20:00+03:00,0.3228788835887658,0.16640896724953874
2026-06-01 15:25:00+03:00,0.3920221923597267,0.43730968609466725
2026-06-01 15:30:00+03:00,0.4226741937346063,0.3483183555283053
2026-06-01 15:35:00+03:00,0.457240767167961,0.42973416049083013
2026-06-01 15:40:00+03:00,0.4141735982672125,0.03505864813156645
2026-06-01 15:45:00+03:00,0.3334229639796859,-0.3751329665064219
2026-06-01 15:50:00+03:00,0.2964091521799916,-0.221502361751216
2026-06-01 15:55:00+03:00,0.2892866442433121,-0.0858996954878316
2026-06-01 16:00:00+03:00,0.31809099096500587,0.13543551839503754
2026-06-01 16:05:00+03:00,0.2691262981689048,-0.3775795068827287
2026-06-01 16:10:00+03:00,0.4154072839262856,0.8039181987061828
2026-06-01 16:15:00+03:00,0.5355077473894403,0.9743702554507483
2026-06-01 16:20:00+03:00,0.6033616504021905,0.8785662141447942
2026-06-01 16:25:00+03:00,0.671586674884445,1.0686287886672028
2026-06-01 16:30:00+03:00,0.7511667004359844,1.4909705377335787
2026-06-01 16:35:00+03:00,0.8028025758645778,1.4664965334644304
2026-06-01 16:40:00+03:00,0.8387862093259449,1.4934838171283245
2026-06-01 16:45:00+03:00,0.8503049339000078,1.3054055806199258
2026-06-01 16:50:00+03:00,0.8552733062624591,1.2710620790396912
2026-06-01 16:55:00+03:00,0.8557242586551095,1.2366595417974786
2026-06-01 17:00:00+03:00,0.8478508814723663,1.1469776892663095
2026-06-01 17:05:00+03:00,0.8558685767077885,1.2991970189853914
2026-06-01 17:10:00+03:00,0.869518698553656,1.4164825979087026
2026-06-01 17:15:00+03:00,0.885460199792115,1.5337423839619186
2026-06-01 17:20:00+03:00,0.8830907498928185,1.3275099344899244
2026-06-01 17:25:00+03:00,0.8346667352148481,0.8754594460665496
2026-06-01 17:30:00+03:00,0.8295074585274769,1.1039188465778091
2026-06-01 17:35:00+03:00,0.7986645564105227,0.8733784269571129
2026-06-01 17:40:00+03:00,0.7608108257756291,0.7520008697780926
2026-06-01 17:45:00+03:00,0.7192143598823931,0.6468442850792355
2026-06-01 17:50:00+03:00,0.6637793924146863,0.4809909459863029
2026-06-01 17:55:00+03:00,0.6238094152823439,0.46347848666966396
2026-06-02 09:55:00+03:00,0.6774517207485623,0.9996307438663741
2026-06-02 10:00:00+03:00,0.7608324775284357,1.6025969570039573
2026-06-02 10:05:00+03:00,0.7914486303967021,1.2214218194340896
2026-06-02 10:10:00+03:00,0.7880699599050742,0.9899627114909149
2026-06-02 10:15:00+03:00,0.83002743264349,1.512616764508887
2026-06-02 10:20:00+03:00,0.8235246447155014,1.0763447157472468
2026-06-02 10:25:00+03:00,0.8019154805593838,0.9286585375187631
2026-06-02 10:30:00+03:00,0.7858953175892841,0.9160550284207848
2026-06-02 10:35:00+03:00,0.7627581594647367,0.8238496284542426
2026-06-02 10:40:00+03:00,0.7581739125082307,0.9035985040154655
2026-06-02 10:45:00+03:00,0.761471422929026,0.9535460258828361
2026-06-02 10:50:00+03:00,0.7966277124101161,1.2782188094915525
2026-06-02 10:55:00+03:00,0.8219931001833936,1.3027286068999118
2026-06-02 11:00:00+03:00,0.8233355709077302,1.1263811280329183
2026-06-02 11:05:00+03:00,0.8235005522482324,1.1191061719297044
2026-06-02 11:10:00+03:00,0.7945000041530303,0.8721915118955349
2026-06-02 11:15:00+03:00,0.7840416719117826,0.9403354880732083
2026-06-02 11:20:00+03:00,0.7304129529655287,0.6203743976492592
2026-06-02 11:25:00+03:00,0.673957009386837,0.49680923255434695
2026-06-02 11:30:00+03:00,0.602256921919544,0.299941375217399
2026-06-02 11:35:00+03:00,0.6096430815425751,0.6229500087551945
2026-06-02 11:40:00+03:00,0.5986039742597533,0.5270926373605181
2026-06-02 11:45:00+03:00,0.59021963901959,0.5210562523950241
2026-06-02 11:50:00+03:00,0.5657463690791977,0.4113264159700033
2026-06-02 11:55:00+03:00,0.5719206307120557,0.5423471125463467
2026-06-02 12:00:00+03:00,0.5906217851075721,0.6303465563004476
2026-06-02 12:05:00+03:00,0.5915331370659103,0.5603533199194367
2026-06-02 12:10:00+03:00,0.6368064630772584,0.8498274076619615
2026-06-02 12:15:00+03:00,0.6430446288896131,0.6877481026627817
2026-06-02 12:20:00+03:00,0.6321119389277918,0.59417267471372
2026-06-02 12:25:00+03:00,0.6284038115722905,0.6159503322902972
2026-06-02 12:30:00+03:00,0.6053230586393039,0.49314162366662284
2026-06-02 12:35:00+03:00,0.5654921128080342,0.351875675758459
2026-06-02 12:40:00+03:00,0.5365848499076672,0.3383103621786213
2026-06-02 12:45:00+03:00,0.5145831504327292,0.32255170078589274
2026-06-02 12:50:00+03:00,0.5154555409485904,0.4120958594078211
2026-06-02 12:55:00+03:00,0.5356779458744131,0.5263008136484876
2026-06-02 13:00:00+03:00,0.5320161185604482,0.42649898335616476
2026-06-02 13:05:00+03:00,0.5261528441645995,0.40676710133479566
2026-06-02 13:10:00+03:00,0.52578674932011,0.4271955764088381
2026-06-02 13:15:00+03:00,0.5187984286626266,0.38832845312882214
2026-06-02 13:20:00+03:00,0.5302992681324338,0.4817507942151136
2026-06-02 13:25:00+03:00,0.4867584431980233,0.1839049089906128
2026-06-02 13:30:00+03:00,0.48003869729222226,0.31488264392283494
2026-06-02 13:35:00+03:00,0.45986196172539023,0.2232547029170075
2026-06-02 13:40:00+03:00,0.45500905128627545,0.27368909472279634
2026-06-02 13:45:00+03:00,0.4474720960356197,0.24854651051838458
2026-06-02 13:50:00+03:00,0.46644010911341,0.38747316517904473
2026-06-02 13:55:00+03:00,0.5552364482733144,0.8631595883740848
2026-06-02 14:00:00+03:00,0.43265250559433827,-0.3244561506431397
2026-06-02 14:05:00+03:00,0.33409379258470934,-0.5039784417813967
2026-06-02 14:10:00+03:00,0.257228263804765,-0.6566955996597561
2026-06-02 14:15:00+03:00,0.21918060542398712,-0.47963750977610353
2026-06-02 14:20:00+03:00,0.18749597177239372,-0.558327463984998
2026-06-02 14:25:00+03:00,0.16644569431157324,-0.5573642838742972
2026-06-02 14:30:00+03:00,0.15123656236447308,-0.5730968475677519
2026-06-02 14:35:00+03:00,0.13146208770896217,-0.7198022398843028
2026-06-02 14:40:00+03:00,0.11899316303672793,-0.7076160488773467
2026-06-02 14:45:00+03:00,0.11506534436891443,-0.637797148740456
2026-06-02 14:50:00+03:00,0.12116447603998247,-0.5188096183791288
2026-06-02 14:55:00+03:00,0.14794132804366478,-0.2815365041601374
2026-06-02 15:00:00+03:00,0.23170779320125914,0.1830328197578077
2026-06-02 15:05:00+03:00,0.2418894697720583,-0.11713194980101674
2026-06-02 15:10:00+03:00,0.2818453048005514,0.10669575361068066
2026-06-02 15:15:00+03:00,0.2937047137767845,0.011756460294870055
2026-06-02 15:20:00+03:00,0.26788092752718656,-0.23873116308213646
2026-06-02 15:25:00+03:00,0.25360530432498557,-0.21411947712851928
2026-06-02 15:30:00+03:00,0.2541653529475676,-0.13455976727272953
2026-06-02 15:35:00+03:00,0.2390513866181675,-0.25997414665266516
2026-06-02 15:40:00+03:00,0.27961735411992633,0.1046006545074867
2026-06-02 15:45:00+03:00,0.29493280426971963,0.02966022677630685
2026-06-02 15:50:00+03:00,0.288106102338825,-0.08731764486289692
2026-06-02 15:55:00+03:00,0.34645982569862627,0.30826401905737166
2026-06-02 16:00:00+03:00,0.4141626538655805,0.47451114136378225
2026-06-02 16:05:00+03:00,0.5107793377084519,0.7947732458394
2026-06-02 16:10:00+03:00,0.5616749855200059,0.7047231116848681
2026-06-02 16:15:00+03:00,0.6132811658863238,0.8238724985477908
2026-06-02 16:20:00+03:00,0.5941793511203676,0.48694579016391837
2026-06-02 16:25:00+03:00,0.5466288118042276,0.2857627164187745
2026-06-02 16:30:00+03:00,0.4470440865625485,-0.15344352519579155
2026-06-02 16:35:00+03:00,0.37326068438332477,-0.21236121636725305
2026-06-02 16:40:00+03:00,0.2764805813712191,-0.7739269851360089
2026-06-02 16:45:00+03:00,0.22576832464537167,-0.5573701361141653
2026-06-02 16:50:00+03:00,0.1785807593954118,-0.7658750611064404
2026-06-02 16:55:00+03:00,0.15184137144895793,-0.6838473685036466
2026-06-02 17:00:00+03:00,0.13336672293669202,-0.6944637284640569
2026-06-02 17:05:00+03:00,0.12355821006208748,-0.6544043177235187
2026-06-02 17:10:00+03:00,0.11622631755325741,-0.6667827514919632
2026-06-02 17:15:00+03:00,0.1031426448107626,-0.8127189927204413
2026-06-02 17:20:00+03:00,0.1388335708684264,-0.25594201230610936
2026-06-02 17:25:00+03:00,0.13167529040021045,-0.5889190332328748
2026-06-02 17:30:00+03:00,0.13285643007045583,-0.5111505044210488
2026-06-02 17:35:00+03:00,0.12538883231096862,-0.6217497457090589
2026-06-02 17:40:00+03:00,0.12409440245707515,-0.5700004494348868
2026-06-02 17:45:00+03:00,0.13665402132777485,-0.4101667566463032
2026-06-02 17:50:00+03:00,0.15970780602226844,-0.2687558098729057
2026-06-02 17:55:00+03:00,0.21342106978783448,0.01931658575225574
2026-06-03 09:55:00+03:00,0.266691711426624,0.13038341887154278
2026-06-03 10:00:00+03:00,0.36336958037145395,0.4884027880262376
2026-06-03 10:05:00+03:00,0.4506059253074058,0.6243072133817379
2026-06-03 10:10:00+03:00,0.4764420895196614,0.4330841729429935
2026-06-03 10:15:00+03:00,0.4788725411159366,0.3478481808682983
2026-06-03 10:20:00+03:00,0.4866308798100055,0.38319628877871525
2026-06-03 10:25:00+03:00,0.48510888511459244,0.3446424488011397
2026-06-03 10:30:00+03:00,0.5322513104043545,0.6272933274067749
2026-06-03 10:35:00+03:00,0.5661667570652605,0.6426551772612568
2026-06-03 10:40:00+03:00,0.6014249462206847,0.723049210328017
2026-06-03 10:45:00+03:00,0.6231470991298727,0.7114535189987893
2026-06-03 10:50:00+03:00,0.6140203559297839,0.56515177228977
2026-06-03 10:55:00+03:00,0.6551564556223963,0.8744925462937073
2026-06-03 11:00:00+03:00,0.7183342804406532,1.1915625071356357
2026-06-03 11:05:00+03:00,0.7150243493886459,0.8049285855405374
2026-06-03 11:10:00+03:00,0.7066550510327525,0.7627490481204549
2026-06-03 11:15:00+03:00,0.6723916338664504,0.5813373190132879
2026-06-03 11:20:00+03:00,0.64620095878829,0.5612756118576735
2026-06-03 11:25:00+03:00,0.6497158649354193,0.6903522973811023
2026-06-03 11:30:00+03:00,0.6685842959785333,0.8001001413301488
2026-06-03 11:35:00+03:00,0.6340486547534266,0.504477122546306
2026-06-03 11:40:00+03:00,0.5631784644102453,0.227053745300767
2026-06-03 11:45:00+03:00,0.516686262618991,0.2315047270146653
2026-06-03 11:50:00+03:00,0.5135627224184159,0.3931149267548979
2026-06-03 11:55:00+03:00,0.46877137693079307,0.14255899719703125
2026-06-03 12:00:00+03:00,0.42703729929407047,0.06846766311208419
2026-06-03 12:05:00+03:00,0.41457949128970506,0.16379676978123925
2026-06-03 12:10:00+03:00,0.41088860228245916,0.1915510468626556
2026-06-03 12:15:00+03:00,0.384694748463849,0.04431674974737247
2026-06-03 12:20:00+03:00,0.34943096617348446,-0.07664802169349647
2026-06-03 12:25:00+03:00,0.32046921428751013,-0.11640594963665779
2026-06-03 12:30:00+03:00,0.27147044836944595,-0.36992406913439724
2026-06-03 12:35:00+03:00,0.26976514445491534,-0.10701173072133119
2026-06-03 12:40:00+03:00,0.26127625862836695,-0.16269118512652794
2026-06-03 12:45:00+03:00,0.27596250004662676,-0.015293403685885304
2026-06-03 12:50:00+03:00,0.2927390814377751,0.03125113468309028
2026-06-03 12:55:00+03:00,0.31954015645826084,0.1301974219945018
2026-06-03 13:00:00+03:00,0.37428864403906026,0.3479484113072491
2026-06-03 13:05:00+03:00,0.3386679024488785,-0.10438348842535786
2026-06-03 13:10:00+03:00,0.2775209318183061,-0.43371627943083346
2026-06-03 13:15:00+03:00,0.22495706330269993,-0.577579462904633
2026-06-03 13:20:00+03:00,0.19761857858170137,-0.4801999335554742
2026-06-03 13:25:00+03:00,0.16090806124973822,-0.7458125182428741
2026-06-03 13:30:00+03:00,0.1525695408716474,-0.508391890633745
2026-06-03 13:35:00+03:00,0.12478225706705727,-0.8677722315574122
2026-06-03 13:40:00+03:00,0.10301887310002909,-0.945325723262683
2026-06-03 13:45:00+03:00,0.11208420158490753,-0.5320089530829893
2026-06-03 13:50:00+03:00,0.10570507979110348,-0.7138903773283901
2026-06-03 13:55:00+03:00,0.09949452229231662,-0.7483034848203305
2026-06-03 14:00:00+03:00,0.1237350513040989,-0.3741414921133962
2026-06-03 14:05:00+03:00,0.1476786022424759,-0.2994152632800028
2026-06-03 14:10:00+03:00,0.18858609174915952,-0.09712447627077239
2026-06-03 14:15:00+03:00,0.19190895068969302,-0.290352402568553
2026-06-03 14:20:00+03:00,0.18429156922705323,-0.38485186393828097
2026-06-03 14:25:00+03:00,0.1901646572715729,-0.2802976251812441
2026-06-03 14:30:00+03:00,0.1889506278741369,-0.3274919986707826
2026-06-03 14:35:00+03:00,0.18904817130414536,-0.3189374151143656
2026-06-03 14:40:00+03:00,0.18468967999935873,-0.36160684660473963
2026-06-03 14:45:00+03:00,0.16217806104908572,-0.5898641339308471
2026-06-03 14:50:00+03:00,0.15980633640129022,-0.4343169240351875
2026-06-03 14:55:00+03:00,0.13607941649728061,-0.7390103267325879
2026-06-03 15:00:00+03:00,0.1483553433574042,-0.3718194323359124
2026-06-03 15:05:00+03:00,0.1459082082143649,-0.4877916410301989
2026-06-03 15:10:00+03:00,0.16279701341894381,-0.2963444926260417
2026-06-03 15:15:00+03:00,0.17138288247443292,-0.3210937006894128
2026-06-03 15:20:00+03:00,0.20013494443218355,-0.1286382699607892
2026-06-03 15:25:00+03:00,0.20103309332270528,-0.27756752283360775
2026-06-03 15:30:00+03:00,0.19675037997672729,-0.3222537096710286
2026-06-03 15:35:00+03:00,0.21027160388509827,-0.18102084480737626
2026-06-03 15:40:00+03:00,0.2026108540272586,-0.32507136002034376
2026-06-03 15:45:00+03:00,0.21386656069419252,-0.18350542906239717
2026-06-03 15:50:00+03:00,0.192880106281442,-0.44970362323353197
2026-06-03 15:55:00+03:00,0.20441180168950102,-0.20748460194317972
2026-06-03 16:00:00+03:00,0.19746443727595533,-0.336886141347261
2026-06-03 16:05:00+03:00,0.17818777561835575,-0.4932778530641906
2026-06-03 16:10:00+03:00,0.17082348455528648,-0.43054817350530017
2026-06-03 16:15:00+03:00,0.1715588535013162,-0.37140895228428294
2026-06-03 16:20:00+03:00,0.18072431029988392,-0.28884473191429494
2026-06-03 16:25:00+03:00,0.1996811875494087,-0.18027660937271198
2026-06-03 16:30:00+03:00,0.23195441473620032,-0.03544131181157878
2026-06-03 16:35:00+03:00,0.3039909817932713,0.2790482415063582
2026-06-03 16:40:00+03:00,0.34001042426390893,0.20852206906568102
2026-06-03 16:45:00+03:00,0.37024682550845023,0.2452638136376548
2026-06-03 16:50:00+03:00,0.3728607869175147,0.14031597287995237
2026-06-03 16:55:00+03:00,0.3953122858488319,0.2637954640942275
2026-06-03 17:00:00+03:00,0.4273783299203425,0.36278180809831806
2026-06-03 17:05:00+03:00,0.45039442677671254,0.3722175510965047
2026-06-03 17:10:00+03:00,0.48520217159810763,0.48469582873924444
2026-06-03 17:15:00+03:00,0.48886250829890304,0.371750361512739
2026-06-03 17:20:00+03:00,0.48634824379962843,0.34321051118868773
2026-06-03 17:25:00+03:00,0.4845646151363487,0.34259102177268397
2026-06-03 17:30:00+03:00,0.47736227265785997,0.30785942164718
2026-06-03 17:35:00+03:00,0.4813416181326655,0.35853899411966694
2026-06-03 17:40:00+03:00,0.4970728620408694,0.433894550679092
2026-06-03 17:45:00+03:00,0.5368982861531341,0.6069235078609877
2026-06-03 17:50:00+03:00,0.5262979770774174,0.38885733272315803
2026-06-03 17:55:00+03:00,0.5383036212417517,0.49928363680898824
2026-06-04 09:55:00+03:00,0.5186324492061611,0.339309590356896
2026-06-04 10:00:00+03:00,0.5463688306555059,0.5772831874179156
2026-06-04 10:05:00+03:00,0.4854233224976137,0.11038074788980162
2026-06-04 10:10:00+03:00,0.41210682159947987,-0.10917628220555678
2026-06-04 10:15:00+03:00,0.39827893771452494,0.12502342855545862
2026-06-04 10:20:00+03:00,0.3578067241512433,-0.08152798992570207
2026-06-04 10:25:00+03:00,0.28710014475044765,-0.4695337454112699
2026-06-04 10:30:00+03:00,0.259315161883974,-0.2748547632719516
2026-06-04 10:35:00+03:00,0.24781055668188579,-0.21481491730845884
2026-06-04 10:40:00+03:00,0.22655498984249567,-0.33536986276829894
2026-06-04 10:45:00+03:00,0.21210180950790072,-0.3380851326209964
2026-06-04 10:50:00+03:00,0.25727748461004446,0.07707958206544807
2026-06-04 10:55:00+03:00,0.32475891013270186,0.3016124339458016
2026-06-04 11:00:00+03:00,0.4049290696020737,0.5050471782993297
2026-06-04 11:05:00+03:00,0.45988275602901496,0.5138838269213434
2026-06-04 11:10:00+03:00,0.4910415925754201,0.48186399664081536
2026-06-04 11:15:00+03:00,0.5413228323737848,0.6590392274962683
2026-06-04 11:20:00+03:00,0.4848244882129365,0.12749937292796445
2026-06-04 11:25:00+03:00,0.4824368159103267,0.3361784030319256
2026-06-04 11:30:00+03:00,0.5396521724491871,0.6846958298857565
2026-06-04 11:35:00+03:00,0.6017814093179099,0.8466551861842958
2026-06-04 11:40:00+03:00,0.5672621625666623,0.37566622680231
2026-06-04 11:45:00+03:00,0.5357042553058152,0.3264189128012098
2026-06-04 11:50:00+03:00,0.5232788092710611,0.37605818759233833
2026-06-04 11:55:00+03:00,0.5047256318021313,0.31684869014035655
2026-06-04 12:00:00+03:00,0.47792484143734054,0.23272540299239447
2026-06-04 12:05:00+03:00,0.47274555760519443,0.30675829559901474
2026-06-04 12:10:00+03:00,0.4455247145525904,0.16665768603599038
2026-06-04 12:15:00+03:00,0.412140399977731,0.07229751493808591
2026-06-04 12:20:00+03:00,0.4208260307134683,0.25986478181286804
2026-06-04 12:25:00+03:00,0.3950074470239947,0.06804457244951007
2026-06-04 12:30:00+03:00,0.37108611153291565,0.02458114184723384
2026-06-04 12:35:00+03:00,0.3424204472518778,-0.06199075759749245
2026-06-04 12:40:00+03:00,0.321690380623237,-0.07348748102637695
2026-06-04 12:45:00+03:00,0.3117969046783812,-0.04581633275207067
2026-06-04 12:50:00+03:00,0.29637290199839966,-0.10905062483175568
2026-06-04 12:55:00+03:00,0.3020452536569858,0.0027943430815982606
2026-06-04 13:00:00+03:00,0.30775347578988427,0.015617762026554252
2026-06-04 13:05:00+03:00,0.29993736890545847,-0.06383765457795393
2026-06-04 13:10:00+03:00,0.2815282917888667,-0.161622056514428
2026-06-04 13:15:00+03:00,0.25781427059970696,-0.2554485906637848
2026-06-04 13:20:00+03:00,0.25265661246940124,-0.1677911209406143
2026-06-04 13:25:00+03:00,0.24112361489084194,-0.2335826990459605
2026-06-04 13:30:00+03:00,0.2293183549996683,-0.26907151036515997
2026-06-04 13:35:00+03:00,0.2308660911933335,-0.18995078383254957
2026-06-04 13:40:00+03:00,0.21997560260237994,-0.2914386198096245
2026-06-04 13:45:00+03:00,0.21872869305763776,-0.2387268632673379
2026-06-04 13:50:00+03:00,0.2008462639329944,-0.39855792433848125
2026-06-04 13:55:00+03:00,0.18882424018370902,-0.39960715079867803
2026-06-04 14:00:00+03:00,0.1791356158697076,-0.4173314783257942
2026-06-04 14:05:00+03:00,0.1688186020626918,-0.45997413452805236
2026-06-04 14:10:00+03:00,0.1688012791135561,-0.3858435402286493
2026-06-04 14:15:00+03:00,0.19524222133528857,-0.15280177102120104
2026-06-04 14:20:00+03:00,0.1965383841662182,-0.28861761595786406
2026-06-04 14:25:00+03:00,0.18743581209177598,-0.38425833535309983
2026-06-04 14:30:00+03:00,0.1690075009887068,-0.5238594539781374
2026-06-04 14:35:00+03:00,0.14115789970461237,-0.7581315073238348
2026-06-04 14:40:00+03:00,0.12234410331124318,-0.7627054370181622
2026-06-04 14:45:00+03:00,0.12017968462958777,-0.5959420062473462
2026-06-04 14:50:00+03:00,0.11023273411848673,-0.7289217710686834
2026-06-04 14:55:00+03:00,0.09125188264382511,-1.0012959425858308
2026-06-04 15:00:00+03:00,0.08179648926943893,-0.9169769903226965
2026-06-04 15:05:00+03:00,0.07098722995884993,-1.0399492738208318
2026-06-04 15:10:00+03:00,0.06215479257488933,-1.0923257226184357
2026-06-04 15:15:00+03:00,0.06694503092829268,-0.8157643092203769
2026-06-04 15:20:00+03:00,0.0629528128557833,-0.9855694638080388
2026-06-04 15:25:00+03:00,0.07147714063106823,-0.739603293381508
2026-06-04 15:30:00+03:00,0.07440964853290892,-0.7908659560926167
2026-06-04 15:35:00+03:00,0.06873131791922263,-0.9637913987550404
2026-06-04 15:40:00+03:00,0.07453798174767849,-0.7538954625865851
2026-06-04 15:45:00+03:00,0.08140312593085094,-0.7015769137276813
2026-06-04 15:50:00+03:00,0.10204693399651854,-0.4786629076350434
2026-06-04 15:55:00+03:00,0.13524710069069776,-0.2810822010734846
2026-06-04 16:00:00+03:00,0.15085467137746975,-0.3417027541227813
2026-06-04 16:05:00+03:00,0.16299765188133647,-0.3250894565476449
2026-06-04 16:10:00+03:00,0.1755493537782674,-0.28405192994055406
2026-06-04 16:15:00+03:00,0.22587130078898782,0.03173762422968944
2026-06-04 16:20:00+03:00,0.24342853983939905,-0.07750804394839436
2026-06-04 16:25:00+03:00,0.24173757818343541,-0.178264091477727
2026-06-04 16:30:00+03:00,0.319057882352276,0.32855528599909944
2026-06-04 16:35:00+03:00,0.3271323896390554,0.06785544918229465
2026-06-04 16:40:00+03:00,0.2989528815456405,-0.1671314230680904
2026-06-04 16:45:00+03:00,0.2895591427444614,-0.09622365476712413
2026-06-04 16:50:00+03:00,0.282549810479906,-0.10168170278022992
2026-06-04 16:55:00+03:00,0.29157508639807433,-0.005626238157341076
2026-06-04 17:00:00+03:00,0.30254383773379184,0.02729326840019629
2026-06-04 17:05:00+03:00,0.303709765870617,-0.013696111895267427
2026-06-04 17:10:00+03:00,0.2901960295598715,-0.11486378993917143
2026-06-04 17:15:00+03:00,0.2598113442559933,-0.28888460486680523
2026-06-04 17:20:00+03:00,0.23965708092159735,-0.2879625457684385
2026-06-04 17:25:00+03:00,0.24545236061526454,-0.13013476650956407
2026-06-04 17:30:00+03:00,0.2593041343846073,-0.05748374560875971
2026-06-04 17:35:00+03:00,0.25454587071910895,-0.16079385975957575
2026-06-04 17:40:00+03:00,0.29079735215259606,0.10989965251376156
2026-06-04 17:45:00+03:00,0.29601795176928847,-0.012753296203705591
2026-06-04 17:50:00+03:00,0.2932555514796863,-0.05578981844142267
2026-06-04 17:55:00+03:00,0.28657560947866434,-0.09030204428827812
2026-06-05 09:55:00+03:00,0.23538841202039912,-0.5202587522447855
2026-06-05 10:00:00+03:00,0.3358381525196653,0.44970261408785817
2026-06-05 10:05:00+03:00,0.3654713665005286,0.2335394479025946
2026-06-05 10:10:00+03:00,0.40684319211063497,0.35908910448289066
2026-06-05 10:15:00+03:00,0.44504162492214827,0.42024120204541804
2026-06-05 10:20:00+03:00,0.4796424715836047,0.47310790094530375
2026-06-05 10:25:00+03:00,0.4780912902384184,0.3310381998135564
2026-06-05 10:30:00+03:00,0.525640338082198,0.615442591915678
2026-06-05 10:35:00+03:00,0.5738709065783856,0.7195511623087085
2026-06-05 10:40:00+03:00,0.5505325808386488,0.3864748115591299
2026-06-05 10:45:00+03:00,0.5385917231262821,0.40731201375138326
2026-06-05 10:50:00+03:00,0.5324247500848767,0.41765049403435794
2026-06-05 10:55:00+03:00,0.5346711399659224,0.4543856962401227
2026-06-05 11:00:00+03:00,0.5137112221796372,0.3248846025127797
2026-06-05 11:05:00+03:00,0.5664572243379589,0.723066412890583
2026-06-05 11:10:00+03:00,0.5908728403629101,0.6544928826673468
2026-06-05 11:15:00+03:00,0.599486880367201,0.6072600429715612
2026-06-05 11:20:00+03:00,0.6233669228568737,0.7212780623683438
2026-06-05 11:25:00+03:00,0.5901454990286265,0.42459505283074983
2026-06-05 11:30:00+03:00,0.5785538894812636,0.4857701081445247
2026-06-05 11:35:00+03:00,0.5579592673359486,0.41126915281534504
2026-06-05 11:40:00+03:00,0.5371181782125969,0.3703164033617483
2026-06-05 11:45:00+03:00,0.5201482216177794,0.3526018008061594
2026-06-05 11:50:00+03:00,0.502448028457437,0.31574700875198514
2026-06-05 11:55:00+03:00,0.4403477476337199,0.008927243921818803
2026-06-05 12:00:00+03:00,0.41856859733428,0.1340249056927672
2026-06-05 12:05:00+03:00,0.43803447981188204,0.3348414965287031
2026-06-05 12:10:00+03:00,0.43617618898857863,0.2486665729855916
2026-06-05 12:15:00+03:00,0.4735091213150435,0.4718115301846576
2026-06-05 12:20:00+03:00,0.4803002904032433,0.36733510908037315
2026-06-05 12:25:00+03:00,0.4961039705945788,0.4323082224330752
2026-06-05 12:30:00+03:00,0.5282651772435736,0.5588262321292299
2026-06-05 12:35:00+03:00,0.47870287487252433,0.14335281209001807
2026-06-05 12:40:00+03:00,0.5182410073720936,0.5682422477082364
2026-06-05 12:45:00+03:00,0.4909060083393837,0.2560407425302258
2026-06-05 12:50:00+03:00,0.4959311862007705,0.39055430687162895
2026-06-05 12:55:00+03:00,0.4975621764119607,0.3806566322638054
2026-06-05 13:00:00+03:00,0.4691501920625896,0.20907038530627758
2026-06-05 13:05:00+03:00,0.42174936210133,0.032680889716166325
2026-06-05 13:10:00+03:00,0.48620244965570525,0.6040023741438771
2026-06-05 13:15:00+03:00,0.4601064865393684,0.2003215439320284
2026-06-05 13:20:00+03:00,0.5012891184648569,0.5411331203380774
2026-06-05 13:25:00+03:00,0.4853146382150734,0.28932196844659647
2026-06-05 13:30:00+03:00,0.46658398107847177,0.2421378013329993
2026-06-05 13:35:00+03:00,0.5070715003411502,0.5498178585755763
2026-06-05 13:40:00+03:00,0.4719520346709974,0.1879731106181719
2026-06-05 13:45:00+03:00,0.49253808583111586,0.44386388878454863
2026-06-05 13:50:00+03:00,0.4668760236009176,0.21544953687124063
2026-06-05 13:55:00+03:00,0.457109440412374,0.25865435545470783
2026-06-05 14:00:00+03:00,0.4632342204284818,0.33199016797469433
2026-06-05 14:05:00+03:00,0.4371102051773792,0.15408856611248362
2026-06-05 14:10:00+03:00,0.4386579495273168,0.26678891981832037
2026-06-05 14:15:00+03:00,0.43308103104021695,0.22801596576022348
2026-06-05 14:20:00+03:00,0.4248252763498443,0.20111440637451905
2026-06-05 14:25:00+03:00,0.38166491872427305,-0.03810466903626025
2026-06-05 14:30:00+03:00,0.4274983929238448,0.41587177045389734
2026-06-05 14:35:00+03:00,0.4269122246492656,0.23550646340371936
2026-06-05 14:40:00+03:00,0.47910139416461456,0.5407883338676542
2026-06-05 14:45:00+03:00,0.5316295131322311,0.6482215618130875
2026-06-05 14:50:00+03:00,0.5111633360025407,0.321880051395669
2026-06-05 14:55:00+03:00,0.4944948991014387,0.30438601905001916
2026-06-05 15:00:00+03:00,0.5705580541787385,0.8385923322919425
2026-06-05 15:05:00+03:00,0.5799047411174448,0.5707983221456118
2026-06-05 15:10:00+03:00,0.5995717066393352,0.6528317248023573
2026-06-05 15:15:00+03:00,0.621345342506208,0.7077910625378105
2026-06-05 15:20:00+03:00,0.6781294333582625,1.0196387335946961
2026-06-05 15:25:00+03:00,0.7238692457458396,1.0915823870282808
2026-06-05 15:30:00+03:00,0.7751321209566522,1.3244016025742924
2026-06-05 15:35:00+03:00,0.8007263354070315,1.2185019162250232
2026-06-05 15:40:00+03:00,0.7991778809826627,1.0324909855022626
2026-06-05 15:45:00+03:00,0.7824832540804364,0.9038245856217513
2026-06-05 15:50:00+03:00,0.787344925255745,1.0354140331019233
2026-06-05 15:55:00+03:00,0.7958138983178273,1.0833513385431768
2026-06-05 16:00:00+03:00,0.8020538134468204,1.0889890272166565
2026-06-05 16:05:00+03:00,0.811121239670401,1.1372629363048439
2026-06-05 16:10:00+03:00,0.8023990950062858,1.0002514484198863
2026-06-05 16:15:00+03:00,0.7859247547623618,0.9137853319844884
2026-06-05 16:20:00+03:00,0.8049549001299906,1.1854647666441835
2026-06-05 16:25:00+03:00,0.8094332506218881,1.1013354801738244
2026-06-05 16:30:00+03:00,0.8026363951868409,1.0119510788674253
2026-06-05 16:35:00+03:00,0.8004403111263899,1.0323939706986933
2026-06-05 16:40:00+03:00,0.7839278873704348,0.9084533621108262
2026-06-05 16:45:00+03:00,0.7823665578996666,0.9841737404134466
2026-06-05 16:50:00+03:00,0.7880406041956739,1.04232604970805
2026-06-05 16:55:00+03:00,0.7816265009360792,0.9555191704038608
2026-06-05 17:00:00+03:00,0.7768092643645946,0.9511479026057428
2026-06-05 17:05:00+03:00,0.7732141459339725,0.9480620108173996
2026-06-05 17:10:00+03:00,0.7589100129793609,0.8569851001663009
2026-06-05 17:15:00+03:00,0.7148393977579716,0.6276255238734508
2026-06-05 17:20:00+03:00,0.728655222147158,0.9223636774733872
2026-06-05 17:25:00+03:00,0.6912110842796811,0.6064642802997031
2026-06-05 17:30:00+03:00,0.6761316108122885,0.6675916801451028
2026-06-05 17:35:00+03:00,0.6665623370948915,0.6706387168325115
2026-06-05 17:40:00+03:00,0.6622523282041237,0.683740729736051
2026-06-05 17:45:00+03:00,0.6625730323624194,0.7041820862248861
2026-06-05 17:50:00+03:00,0.6251068137038721,0.4756858820614165
2026-06-05 17:55:00+03:00,0.5960441561203048,0.45198208142621954
2026-06-08 09:55:00+03:00,0.6775610027647124,1.1767445633621154
2026-06-08 10:00:00+03:00,0.7551174109067987,1.490403534271036
2026-06-08 10:05:00+03:00,0.795299588147094,1.315554415453551
2026-06-08 10:10:00+03:00,0.7798372453877793,0.9033615633163385
2026-06-08 10:15:00+03:00,0.7370396222372216,0.6791111440948687
2026-06-08 10:20:00+03:00,0.7329790154205654,0.84380785863482
2026-06-08 10:25:00+03:00,0.7204443378335619,0.775050415776925
2026-06-08 10:30:00+03:00,0.7191678658876013,0.8241592481047999
2026-06-08 10:35:00+03:00,0.7058365141961214,0.7388806625936049
2026-06-08 10:40:00+03:00,0.6928878962188773,0.7123156315506398
2026-06-08 10:45:00+03:00,0.6573753311890027,0.5464604343844219
2026-06-08 10:50:00+03:00,0.606793482524373,0.3898791874024218
2026-06-08 10:55:00+03:00,0.5767508323681048,0.4110684080293907
2026-06-08 11:00:00+03:00,0.5436746528339412,0.3359107809425953
2026-06-08 11:05:00+03:00,0.5078204579424589,0.25579895512496825
2026-06-08 11:10:00+03:00,0.4943808884269558,0.31662219913827794
2026-06-08 11:15:00+03:00,0.5013536880964635,0.40844387315589303
2026-06-08 11:20:00+03:00,0.5521576960754118,0.6840234449439123
2026-06-08 11:25:00+03:00,0.5751387163368629,0.616181089345736
2026-06-08 11:30:00+03:00,0.5910507574376908,0.6198010717274764
2026-06-08 11:35:00+03:00,0.5932930378671203,0.5691605770142555
2026-06-08 11:40:00+03:00,0.6148009650829516,0.6926335741225952
2026-06-08 11:45:00+03:00,0.6903442761747767,1.1797448799854093
2026-06-08 11:50:00+03:00,0.7407796832372127,1.1805349347826304
2026-06-08 11:55:00+03:00,0.7757736263214978,1.1954923502415384
2026-06-08 12:00:00+03:00,0.7958987589918203,1.16100377436367
2026-06-08 12:05:00+03:00,0.8406202726210082,1.6205192970085485
2026-06-08 12:10:00+03:00,0.8561255429877752,1.3682417161689484
2026-06-08 12:15:00+03:00,0.8574772410106257,1.2506899517271395
2026-06-08 12:20:00+03:00,0.8766160706970452,1.5184490397222823
2026-06-08 12:25:00+03:00,0.8681140913261165,1.2154488468963711
2026-06-08 12:30:00+03:00,0.8705494621164821,1.314481303350449
2026-06-08 12:35:00+03:00,0.8269274787206157,0.880095005441349
2026-06-08 12:40:00+03:00,0.8146212184361473,1.0147400121558654
2026-06-08 12:45:00+03:00,0.8051353964812733,1.0036944845268903
2026-06-08 12:50:00+03:00,0.7961261872026997,0.981011003797984
2026-06-08 12:55:00+03:00,0.7990056351457091,1.0585730913949634
2026-06-08 13:00:00+03:00,0.7897537426198754,0.9621611432170406
2026-06-08 13:05:00+03:00,0.7881016972659866,0.9998047852263571
2026-06-08 13:10:00+03:00,0.760062312742991,0.7947061081354931
2026-06-08 13:15:00+03:00,0.730207817625154,0.7199132908075119
2026-06-08 13:20:00+03:00,0.6875816821364271,0.5782600404573714
2026-06-08 13:25:00+03:00,0.5959823121092839,0.20997573861709345
2026-06-08 13:30:00+03:00,0.5709166174168736,0.4189853386172503
2026-06-08 13:35:00+03:00,0.5684007248194282,0.5013388073991963
2026-06-08 13:40:00+03:00,0.5759018979767531,0.5554832982566618
2026-06-08 13:45:00+03:00,0.5549371553669495,0.40404267796061033
2026-06-08 13:50:00+03:00,0.5064481232239602,0.20340956109630653
2026-06-08 13:55:00+03:00,0.48821710698295795,0.28620310865157766
2026-06-08 14:00:00+03:00,0.4853091331667771,0.33969996902100197
2026-06-08 14:05:00+03:00,0.48446218558667625,0.3459939493802564
2026-06-08 14:10:00+03:00,0.4653514502067002,0.2382331036249392
2026-06-08 14:15:00+03:00,0.4327727896467519,0.11882698941527914
2026-06-08 14:20:00+03:00,0.38569748930254966,-0.04689140729940336
2026-06-08 14:25:00+03:00,0.39650124365065387,0.2204958278892985
2026-06-08 14:30:00+03:00,0.35184817999455703,-0.11641501333546542
2026-06-08 14:35:00+03:00,0.3424809559642328,0.025683968586645095
2026-06-08 14:40:00+03:00,0.33657864588286796,0.027933728089821294
2026-06-08 14:45:00+03:00,0.3233741725507013,-0.03437376880189305
2026-06-08 14:50:00+03:00,0.2807637963681823,-0.2994843695662398
2026-06-08 14:55:00+03:00,0.2673275762052036,-0.17273254440913718
2026-06-08 15:00:00+03:00,0.2757217498811369,-0.04465629522523443
2026-06-08 15:05:00+03:00,0.27444840624371797,-0.09348155130446936
2026-06-08 15:10:00+03:00,0.27690226361601056,-0.06973645983137866
2026-06-08 15:15:00+03:00,0.2576616953742565,-0.23042895993908405
2026-06-08 15:20:00+03:00,0.26841575832783476,-0.050667424921787274
2026-06-08 15:25:00+03:00,0.2652596440151446,-0.12536186142765263
2026-06-08 15:30:00+03:00,0.28168259280410407,0.005330304331431876
2026-06-08 15:35:00+03:00,0.28772224935980656,-0.02787388816319697
2026-06-08 15:40:00+03:00,0.26039168476526386,-0.26900480113086045
2026-06-08 15:45:00+03:00,0.265516768710435,-0.08415597850000123
2026-06-08 15:50:00+03:00,0.23932132962456815,-0.32620341644537454
2026-06-08 15:55:00+03:00,0.24198261696513848,-0.15491003035852027
2026-06-08 16:00:00+03:00,0.24329379176123964,-0.15849683063543055
2026-06-08 16:05:00+03:00,0.2340539162597439,-0.24059926602909695
2026-06-08 16:10:00+03:00,0.2312157939734868,-0.21278500034878486
2026-06-08 16:15:00+03:00,0.21852086099919182,-0.3068753385362114
2026-06-08 16:20:00+03:00,0.19597358047600255,-0.44980913440707737
2026-06-08 16:25:00+03:00,0.21949363085245363,-0.10657187915215532
2026-06-08 16:30:00+03:00,0.2715311654265145,0.13524436354757904
2026-06-08 16:35:00+03:00,0.3656841755758652,0.48308888034079034
2026-06-08 16:40:00+03:00,0.3873305749668532,0.245075478868043
2026-06-08 16:45:00+03:00,0.4048595174161316,0.2632154903665392
2026-06-08 16:50:00+03:00,0.3901767711692785,0.1047296115886003
2026-06-08 16:55:00+03:00,0.362283126719968,-0.012670488534795993
2026-06-08 17:00:00+03:00,0.34744261861808684,0.012504824693882644
2026-06-08 17:05:00+03:00,0.3442263988063159,0.056132369242347185
2026-06-08 17:10:00+03:00,0.3829233736757284,0.3027626847192183
2026-06-08 17:15:00+03:00,0.3795814247412595,0.12969530009007843
2026-06-08 17:20:00+03:00,0.3649074708128543,0.05133235324564839
2026-06-08 17:25:00+03:00,0.3345864588329576,-0.08854289781576583
2026-06-08 17:30:00+03:00,0.32617015171449704,-0.006273014306279398
2026-06-08 17:35:00+03:00,0.33952984505285966,0.11600529559684467
2026-06-08 17:40:00+03:00,0.3478232005700435,0.11219950772352269
2026-06-08 17:45:00+03:00,0.3661386026479821,0.19008074854918988
2026-06-08 17:50:00+03:00,0.3724197570854915,0.1543315090586657
2026-06-08 17:55:00+03:00,0.3690858257153812,0.10806865317697642
2026-06-09 09:55:00+03:00,0.2939253503967768,-0.4776093962362735
2026-06-09 10:00:00+03:00,0.3135657650224658,0.08807957316490096
2026-06-09 10:05:00+03:00,0.30935295540945673,-0.025303783900473525
2026-06-09 10:10:00+03:00,0.31468222304374505,0.029173012632236636
2026-06-09 10:15:00+03:00,0.36066603655928525,0.2879046947686622
2026-06-09 10:20:00+03:00,0.3583438882273666,0.08987073972292683
2026-06-09 10:25:00+03:00,0.35164982473176926,0.057135207027622606
2026-06-09 10:30:00+03:00,0.3509656489479426,0.0812383527765922
2026-06-09 10:35:00+03:00,0.3617065962681528,0.1506941048483033
2026-06-09 10:40:00+03:00,0.3951870915335473,0.3062972005296103
2026-06-09 10:45:00+03:00,0.42987870889044894,0.3776587103805561
2026-06-09 10:50:00+03:00,0.4053292927918598,0.09517374282564516
2026-06-09 10:55:00+03:00,0.50912590226132,0.8244054375973198
2026-06-09 11:00:00+03:00,0.5482951626594109,0.6274932917517331
2026-06-09 11:05:00+03:00,0.5669222087862874,0.581962139784856
2026-06-09 11:10:00+03:00,0.5429569579444901,0.36953040899987266
2026-06-09 11:15:00+03:00,0.442078571038889,-0.17308286893531313
2026-06-09 11:20:00+03:00,0.43088037778774624,0.2014524149564115
2026-06-09 11:25:00+03:00,0.3833595990185115,-0.05441584475841002
2026-06-09 11:30:00+03:00,0.364893305996107,0.034887697666805426
2026-06-09 11:35:00+03:00,0.34572827510042525,-0.01063542807094102
2026-06-09 11:40:00+03:00,0.37512301226645334,0.25150537116416743
2026-06-09 11:45:00+03:00,0.37603914970637864,0.13987259246324854
2026-06-09 11:50:00+03:00,0.41874181231119106,0.3870336818408414
2026-06-09 11:55:00+03:00,0.4371899478359694,0.3293013786185065
2026-06-09 12:00:00+03:00,0.4333555613400943,0.23540226377844248
2026-06-09 12:05:00+03:00,0.4449315636655179,0.31774337381551776
2026-06-09 12:10:00+03:00,0.4705181133285862,0.4207270848237592
2026-06-09 12:15:00+03:00,0.49927229587038274,0.48851037794208674
2026-06-09 12:20:00+03:00,0.5211046753051145,0.5040712524689778
2026-06-09 12:25:00+03:00,0.5534242831775742,0.6099988858690024
2026-06-09 12:30:00+03:00,0.5619449155156739,0.5319312629382579
2026-06-09 12:35:00+03:00,0.5049066737583388,0.1661482548042813
2026-06-09 12:40:00+03:00,0.42716104061965643,-0.09404378663980317
2026-06-09 12:45:00+03:00,0.3866382002818637,-0.014711026652280815
2026-06-09 12:50:00+03:00,0.32814704926958044,-0.253203320470226
2026-06-09 12:55:00+03:00,0.261303908880964,-0.5431051823141906
2026-06-09 13:00:00+03:00,0.22124112533391727,-0.48738927503878005
2026-06-09 13:05:00+03:00,0.22436033410448036,-0.19899796611448958
2026-06-09 13:10:00+03:00,0.2330504755096468,-0.14688830901261204
2026-06-09 13:15:00+03:00,0.22570008379988493,-0.25367996554612604
2026-06-09 13:20:00+03:00,0.21850264833495775,-0.27378324820893407
2026-06-09 13:25:00+03:00,0.20562133264335986,-0.34885988746756036
2026-06-09 13:30:00+03:00,0.19366608196218252,-0.38246932987229953
2026-06-09 13:35:00+03:00,0.19428617591619637,-0.29953524278262533
2026-06-09 13:40:00+03:00,0.1933726012730527,-0.3117720507183137
2026-06-09 13:45:00+03:00,0.194946570588359,-0.2917409251218337
2026-06-09 13:50:00+03:00,0.18823598113928622,-0.36544771534000187
2026-06-09 13:55:00+03:00,0.21609339034837347,-0.09370818448437226
2026-06-09 14:00:00+03:00,0.2546200798080808,0.04294613777927252
2026-06-09 14:05:00+03:00,0.2483331705326221,-0.1851511362877015
2026-06-09 14:10:00+03:00,0.24447941526269928,-0.18245901298369568
2026-06-09 14:15:00+03:00,0.26509816022098226,-0.013032096909379842
2026-06-09 14:20:00+03:00,0.2509400411622691,-0.2208304794489552
2026-06-09 14:25:00+03:00,0.27441537268588956,0.020457533943579645
2026-06-09 14:30:00+03:00,0.30067666409706945,0.08882032890874408
2026-06-09 14:35:00+03:00,0.3025623903072162,-0.013036177566855059
2026-06-09 14:40:00+03:00,0.3328524944166104,0.17138633737235764
2026-06-09 14:45:00+03:00,0.35976030117952773,0.2115435314459283
2026-06-09 14:50:00+03:00,0.3537836689338629,0.06476446205091627
2026-06-09 14:55:00+03:00,0.4177440661171151,0.4669517421292685
2026-06-09 15:00:00+03:00,0.4306220494828744,0.2951502043686086
2026-06-09 15:05:00+03:00,0.452805306587093,0.37364766473059197
2026-06-09 15:10:00+03:00,0.4826963563326396,0.4607890649868768
2026-06-09 15:15:00+03:00,0.4930343796113483,0.4053922448860747
2026-06-09 15:20:00+03:00,0.513678855860692,0.4849874793811898
2026-06-09 15:25:00+03:00,0.5027419768986063,0.3423428407683745
2026-06-09 15:30:00+03:00,0.5000420143983434,0.3687927222826095
2026-06-09 15:35:00+03:00,0.5301432881550009,0.5543753009824975
2026-06-09 15:40:00+03:00,0.5379641689686913,0.48234283033825176
2026-06-09 15:45:00+03:00,0.5627383181294672,0.5982915656066436
2026-06-09 15:50:00+03:00,0.5374182957110816,0.3536963309460994
2026-06-09 15:55:00+03:00,0.564135155290246,0.6089938912678737
2026-06-09 16:00:00+03:00,0.5611845059148305,0.48560018381417636
2026-06-09 16:05:00+03:00,0.5737886120724993,0.5715945411294584
2026-06-09 16:10:00+03:00,0.5890060986716543,0.6128005144182239
2026-06-09 16:15:00+03:00,0.6155479293141839,0.7158643514819043
2026-06-09 16:20:00+03:00,0.6286840978915196,0.6865491964398753
2026-06-09 16:25:00+03:00,0.6378891185519227,0.6894023269505946
2026-06-09 16:30:00+03:00,0.62957036411945,0.5995979776206761
2026-06-09 16:35:00+03:00,0.6166365866418835,0.5552149661265477
2026-06-09 16:40:00+03:00,0.6080786887209348,0.5555996960395784
2026-06-09 16:45:00+03:00,0.6833095478715591,1.1527255141083728
2026-06-09 16:50:00+03:00,0.6465626553530185,0.5203069110740132
2026-06-09 16:55:00+03:00,0.6526210124877245,0.7074575971941717
2026-06-09 17:00:00+03:00,0.6415344675198786,0.6126383306484676
2026-06-09 17:05:00+03:00,0.6442910021604863,0.6756491867838715
2026-06-09 17:10:00+03:00,0.6134910983614662,0.47901536413307466
2026-06-09 17:15:00+03:00,0.6018865606353901,0.531323769865653
2026-06-09 17:20:00+03:00,0.6252740477007375,0.7232836213793773
2026-06-09 17:25:00+03:00,0.6192958031871286,0.5883163316575858
2026-06-09 17:30:00+03:00,0.5858020761014991,0.4151977604305429
2026-06-09 17:35:00+03:00,0.5854205049347424,0.5431139763007811
2026-06-09 17:40:00+03:00,0.6264622622218137,0.8052567785787278
2026-06-09 17:45:00+03:00,0.6335821054612072,0.6714754275117666
2026-06-09 17:50:00+03:00,0.6430604133317237,0.7016124189756453
2026-06-09 17:55:00+03:00,0.620132145857683,0.522674064256704
2026-06-10 09:55:00+03:00,0.5916911736430699,0.44598292079538826
2026-06-10 10:00:00+03:00,0.6335780871783059,0.8259017039005772
2026-06-10 10:05:00+03:00,0.627051878409028,0.601755948585998
2026-06-10 10:10:00+03:00,0.6085212747138892,0.5171537161123667
2026-06-10 10:15:00+03:00,0.5661144211959894,0.34317399754873157
2026-06-10 10:20:00+03:00,0.49153253081650405,0.06591200301387509
2026-06-10 10:25:00+03:00,0.43236568835844613,0.004225045983503192
2026-06-10 10:30:00+03:00,0.4177231076457328,0.16132234753637947
2026-06-10 10:35:00+03:00,0.41812490297492577,0.22211184507430715
2026-06-10 10:40:00+03:00,0.4007276187278359,0.11535165339762105
2026-06-10 10:45:00+03:00,0.3742101807841934,0.02003789780760115
2026-06-10 10:50:00+03:00,0.3388490551606314,-0.1026697670225038
2026-06-10 10:55:00+03:00,0.3638240538359734,0.21193544151631977
2026-06-10 11:00:00+03:00,0.448170944611483,0.6075640320946717
2026-06-10 11:05:00+03:00,0.4432086944618964,0.2502780183633764
2026-06-10 11:10:00+03:00,0.447279844831032,0.2933014867317473
2026-06-10 11:15:00+03:00,0.4609659461973839,0.3566916646278711
2026-06-10 11:20:00+03:00,0.4559110166548737,0.2746560942300352
2026-06-10 11:25:00+03:00,0.46677369913476857,0.3570006299157974
2026-06-10 11:30:00+03:00,0.4468923874489869,0.19876215903228328
2026-06-10 11:35:00+03:00,0.41349159751672554,0.07509227593534883
2026-06-10 11:40:00+03:00,0.46438432924408013,0.5068054493096372
2026-06-10 11:45:00+03:00,0.4187567189195279,0.03388774047647444
2026-06-10 11:50:00+03:00,0.3636381902795641,-0.1393264471557476
2026-06-10 11:55:00+03:00,0.3579455722593006,0.07481756562513381
2026-06-10 12:00:00+03:00,0.34070159529352806,-0.013307590888876966
2026-06-10 12:05:00+03:00,0.3489837975170209,0.11455573393804003
2026-06-10 12:10:00+03:00,0.36420867208550933,0.17384910980882085
2026-06-10 12:15:00+03:00,0.3509861201211031,0.02742387646109358
2026-06-10 12:20:00+03:00,0.3850810529117378,0.2891385245124967
2026-06-10 12:25:00+03:00,0.4023377085637456,0.2572402796177756
2026-06-10 12:30:00+03:00,0.39073309480346824,0.11863794290314583
2026-06-10 12:35:00+03:00,0.35416739101440564,-0.07157268142981135
2026-06-10 12:40:00+03:00,0.32527667683955963,-0.10421494901612602
2026-06-10 12:45:00+03:00,0.283850005842274,-0.2830239121202792
2026-06-10 12:50:00+03:00,0.276575826658168,-0.11769090722475392
2026-06-10 12:55:00+03:00,0.29208583558306805,0.024279366658851137
2026-06-10 13:00:00+03:00,0.289469049588823,-0.06400195243490178
2026-06-10 13:05:00+03:00,0.26188702830328314,-0.2660962360006083
2026-06-10 13:10:00+03:00,0.2841332010153764,0.036334091268066734
2026-06-10 13:15:00+03:00,0.27288488171864606,-0.1469969738291982
2026-06-10 13:20:00+03:00,0.2436642393210521,-0.3316122872973595
2026-06-10 13:25:00+03:00,0.275305486427374,0.05783436058038441
2026-06-10 13:30:00+03:00,0.22989606766980533,-0.4955067999553947
2026-06-10 13:35:00+03:00,0.23771292639924524,-0.1394646333286368
2026-06-10 13:40:00+03:00,0.1981937418529921,-0.5806525677336577
2026-06-10 13:45:00+03:00,0.18403963271598794,-0.4318732470491947
2026-06-10 13:50:00+03:00,0.1588217215941276,-0.6319299791248106
2026-06-10 13:55:00+03:00,0.13985683447083916,-0.6648692066495755
2026-06-10 14:00:00+03:00,0.2072233155631992,0.06503285207293547
2026-06-10 14:05:00+03:00,0.26867364334953275,0.16764718615476776
2026-06-10 14:10:00+03:00,0.35501398766889664,0.4322761633626637
2026-06-10 14:15:00+03:00,0.39925605304719763,0.35554350004257107
2026-06-10 14:20:00+03:00,0.387605315180534,0.11197978208581857
2026-06-10 14:25:00+03:00,0.421309116765463,0.3574185329138111
2026-06-10 14:30:00+03:00,0.4920319886075643,0.641580562318895
2026-06-10 14:35:00+03:00,0.531722873234154,0.5959041932305306
2026-06-10 14:40:00+03:00,0.5748990990324386,0.6999720240886751
2026-06-10 14:45:00+03:00,0.5936357710953682,0.6366929631512048
2026-06-10 14:50:00+03:00,0.5787431438376878,0.4733282481207578
2026-06-10 14:55:00+03:00,0.5716059863886548,0.489581729381235
2026-06-10 15:00:00+03:00,0.5381139547924462,0.32361103048442846
2026-06-10 15:05:00+03:00,0.5464019202603592,0.5005761255132282
2026-06-10 15:10:00+03:00,0.5469022377236241,0.47128447386655403
2026-06-10 15:15:00+03:00,0.5590535458834907,0.5405444091289062
2026-06-10 15:20:00+03:00,0.5856886341731528,0.6529423025809296
2026-06-10 15:25:00+03:00,0.629983677626224,0.8287965792218744
2026-06-10 15:30:00+03:00,0.6184719270496111,0.5645174805708105
2026-06-10 15:35:00+03:00,0.5641639199356202,0.2935447512284961
2026-06-10 15:40:00+03:00,0.5410223990818042,0.36897940258567474
2026-06-10 15:45:00+03:00,0.556588987341636,0.5491755317688047
2026-06-10 15:50:00+03:00,0.5922755448701914,0.7051150381086649
2026-06-10 15:55:00+03:00,0.5894170511073868,0.5412233096069504
2026-06-10 16:00:00+03:00,0.609868684507732,0.6776910424942241
2026-06-10 16:05:00+03:00,0.6402566756778201,0.7879320604662498
2026-06-10 16:10:00+03:00,0.6442085775102058,0.6805231741427076
2026-06-10 16:15:00+03:00,0.6466793149026162,0.6794839251035781
2026-06-10 16:20:00+03:00,0.6110501783081684,0.455598373181862
2026-06-10 16:25:00+03:00,0.6219934904927741,0.6632077089271995
2026-06-10 16:30:00+03:00,0.6096775770869869,0.543881401495048
2026-06-10 16:35:00+03:00,0.6651470103779398,0.9754109974949607
2026-06-10 16:40:00+03:00,0.6968689858770245,0.9329024632128217
2026-06-10 16:45:00+03:00,0.6959750207769081,0.7723629831547592
2026-06-10 16:50:00+03:00,0.6758330583042955,0.6458657760389536
2026-06-10 16:55:00+03:00,0.6323988365456263,0.4666915322515829
2026-06-10 17:00:00+03:00,0.6095014403281207,0.5019975134821427
2026-06-10 17:05:00+03:00,0.5961361521635431,0.5131312807298658
2026-06-10 17:10:00+03:00,0.5753101462849692,0.4437635413810824
2026-06-10 17:15:00+03:00,0.5927634692651441,0.6296197453252099
2026-06-10 17:20:00+03:00,0.5822378535334317,0.49708489219009777
2026-06-10 17:25:00+03:00,0.5932661371656716,0.6044362348422194
2026-06-10 17:30:00+03:00,0.5593768477301734,0.36295044370308605
2026-06-10 17:35:00+03:00,0.5758646030962467,0.5913375942108359
2026-06-10 17:40:00+03:00,0.5844074201826875,0.5765854870646172
2026-06-10 17:45:00+03:00,0.5349477823522536,0.25563593386625993
2026-06-10 17:50:00+03:00,0.5051186383396359,0.2739942523905813
2026-06-10 17:55:00+03:00,0.5243446052602853,0.5002225912299293
2026-06-11 09:55:00+03:00,0.394722383153373,-0.5100878056756045
2026-06-11 10:00:00+03:00,0.4256822423649598,0.35527808584737136
2026-06-11 10:05:00+03:00,0.48695030080474594,0.5926399432505064
2026-06-11 10:10:00+03:00,0.4601849119899787,0.19781662806551908
2026-06-11 10:15:00+03:00,0.422978544102929,0.07906048738262608
2026-06-11 10:20:00+03:00,0.3804907793837873,-0.03771043394791315
2026-06-11 10:25:00+03:00,0.3372727230858227,-0.14585160687704743
2026-06-11 10:30:00+03:00,0.3435413402341738,0.09485596947371193
2026-06-11 10:35:00+03:00,0.3355675363236609,0.016610917359523317
2026-06-11 10:40:00+03:00,0.3277858563949217,0.0001887439619574216
2026-06-11 10:45:00+03:00,0.3947432636109014,0.43413084152892933
2026-06-11 10:50:00+03:00,0.4065664900241137,0.2442722986424454
2026-06-11 10:55:00+03:00,0.4222508600323067,0.2898135032850896
2026-06-11 11:00:00+03:00,0.44015322745248997,0.33290228344459827
2026-06-11 11:05:00+03:00,0.44167604866237015,0.2725594460678201
2026-06-11 11:10:00+03:00,0.41107399879495504,0.08181342120575832
2026-06-11 11:15:00+03:00,0.3851630215214779,0.04655081755111945
2026-06-11 11:20:00+03:00,0.35760864523149927,-0.02172283468594635
2026-06-11 11:25:00+03:00,0.365447268768964,0.14650032941381266
2026-06-11 11:30:00+03:00,0.34446821265694033,-0.021699624567395825
2026-06-11 11:35:00+03:00,0.35016771964194277,0.1063004135368951
2026-06-11 11:40:00+03:00,0.3218702717979087,-0.10966463275346189
2026-06-11 11:45:00+03:00,0.26297102287531227,-0.47151970949504807
2026-06-11 11:50:00+03:00,0.24881870504935652,-0.22669889507013272
2026-06-11 11:55:00+03:00,0.2504157273258285,-0.13879751378440813
2026-06-11 12:00:00+03:00,0.24651779835451865,-0.17729663221174216
2026-06-11 12:05:00+03:00,0.21658573945899076,-0.42826939998098845
2026-06-11 12:10:00+03:00,0.21135922404428786,-0.2832942226787255
2026-06-11 12:15:00+03:00,0.20382314295933582,-0.3204782359717243
2026-06-11 12:20:00+03:00,0.19647092682598163,-0.34268054369036327
2026-06-11 12:25:00+03:00,0.19061887059553007,-0.3519362496473193
2026-06-11 12:30:00+03:00,0.179226706448083,-0.4292838207803019
2026-06-11 12:35:00+03:00,0.1709819075004911,-0.4364093765485516
2026-06-11 12:40:00+03:00,0.13578400406427568,-0.8969726699947767
2026-06-11 12:45:00+03:00,0.12338477996066012,-0.6826382902303034
2026-06-11 12:50:00+03:00,0.12062476427974678,-0.5994464506772345
2026-06-11 12:55:00+03:00,0.11731887618203134,-0.620513371368596
2026-06-11 13:00:00+03:00,0.1148270909579402,-0.624736069280608
2026-06-11 13:05:00+03:00,0.13661973181436854,-0.34773439835633824
2026-06-11 13:10:00+03:00,0.1389619941975416,-0.47744510869287504
2026-06-11 13:15:00+03:00,0.1467399910364936,-0.4083197864700673
2026-06-11 13:20:00+03:00,0.14315387711016156,-0.5080277630800447
2026-06-11 13:25:00+03:00,0.1400556507283264,-0.5167520794902096
2026-06-11 13:30:00+03:00,0.1470068876855796,-0.41322979122837256
2026-06-11 13:35:00+03:00,0.13013142454159454,-0.694667115070496
2026-06-11 13:40:00+03:00,0.13573599985153142,-0.46470126330672845
2026-06-11 13:45:00+03:00,0.16833952862347717,-0.19106230268654864
2026-06-11 13:50:00+03:00,0.15172099829222938,-0.5837291720518679
2026-06-11 13:55:00+03:00,0.14488204140115923,-0.527831959363442
2026-06-11 14:00:00+03:00,0.15118441578950026,-0.40307014139542496
2026-06-11 14:05:00+03:00,0.17977727485515577,-0.1819518490935715
2026-06-11 14:10:00+03:00,0.20315378352771327,-0.1482283533410392
2026-06-11 14:15:00+03:00,0.22198723282675048,-0.1235965590640273
2026-06-11 14:20:00+03:00,0.1880826631702182,-0.5755621574083228
2026-06-11 14:25:00+03:00,0.14413447146506136,-0.9739686635631368
2026-06-11 14:30:00+03:00,0.12515126627190898,-0.7476312491471384
2026-06-11 14:35:00+03:00,0.1409208647599649,-0.37332096943657966
2026-06-11 14:40:00+03:00,0.16765214692738584,-0.22502407880562145
2026-06-11 14:45:00+03:00,0.20088259862400887,-0.10458656122034776
2026-06-11 14:50:00+03:00,0.20115321142738932,-0.28094213931847156
2026-06-11 14:55:00+03:00,0.20810635514886314,-0.22252637120926153
2026-06-11 15:00:00+03:00,0.19768901069738468,-0.35869570752603974
2026-06-11 15:05:00+03:00,0.22502790819948093,-0.07473584618305695
2026-06-11 15:10:00+03:00,0.23809163234698433,-0.11226801189087737
2026-06-11 15:15:00+03:00,0.31384534497464195,0.31247958022385214
2026-06-11 15:20:00+03:00,0.3769730511662641,0.3852706311294464
2026-06-11 15:25:00+03:00,0.5211226784506288,1.0729249936126157
2026-06-11 15:30:00+03:00,0.6225290824641754,1.1241191346113297
2026-06-11 15:35:00+03:00,0.6952452623046597,1.1770415330808948
2026-06-11 15:40:00+03:00,0.7256284278907581,1.0043539929933862
2026-06-11 15:45:00+03:00,0.7842683569544627,1.4415152064305976
2026-06-11 15:50:00+03:00,0.813854228282234,1.3040347189108783
2026-06-11 15:55:00+03:00,0.8180751522027715,1.1280404441145109
2026-06-11 16:00:00+03:00,0.8200997065782122,1.1201590958736172
2026-06-11 16:05:00+03:00,0.8419760598622656,1.3615348965296241
2026-06-11 16:10:00+03:00,0.8159099683258766,0.9420696253715076
2026-06-11 16:15:00+03:00,0.8222211912335128,1.1564471753385714
2026-06-11 16:20:00+03:00,0.8251666756359253,1.1433929548418158
2026-06-11 16:25:00+03:00,0.8337914745156362,1.2151874417188084
2026-06-11 16:30:00+03:00,0.8563195486904828,1.4405834488543652
2026-06-11 16:35:00+03:00,0.8736318459995931,1.4789278982729313
2026-06-11 16:40:00+03:00,0.8768719958648119,1.3503709321743222
2026-06-11 16:45:00+03:00,0.8843556898035347,1.429607277667852
2026-06-11 16:50:00+03:00,0.870522134021123,1.1848843721540363
2026-06-11 16:55:00+03:00,0.8606198684294263,1.177534988183973
2026-06-11 17:00:00+03:00,0.8243086535964201,0.9104642522002537
2026-06-11 17:05:00+03:00,0.8103471027456034,0.9930890171350251
2026-06-11 17:10:00+03:00,0.7907611176225056,0.9102147698857892
2026-06-11 17:15:00+03:00,0.7490499534269972,0.7093745497331659
2026-06-11 17:20:00+03:00,0.7600981569889919,0.992442671804226
2026-06-11 17:25:00+03:00,0.758389935099036,0.9189513250740388
2026-06-11 17:30:00+03:00,0.7507038224034686,0.8693098990331154
2026-06-11 17:35:00+03:00,0.766288346812279,1.0365690208438254
2026-06-11 17:40:00+03:00,0.7895601554723566,1.1608453317182719
2026-06-11 17:45:00+03:00,0.7945726503945063,1.0580636620506347
2026-06-11 17:50:00+03:00,0.7984784298307637,1.0632448743505685
2026-06-11 17:55:00+03:00,0.7890093543465699,0.9589614981551795
2026-06-12 09:55:00+03:00,0.6972133037046708,0.4052208946707474
2026-06-12 10:00:00+03:00,0.7091487019463798,0.8636261713445683
2026-06-12 10:05:00+03:00,0.6979939205337998,0.7312195622201348
2026-06-12 10:10:00+03:00,0.6357792815006901,0.4008596899581459
2026-06-12 10:15:00+03:00,0.6644255273101796,0.8362815246578076
2026-06-12 10:20:00+03:00,0.6104439784498736,0.38383595723945585
2026-06-12 10:25:00+03:00,0.4973924072459428,-0.09496679658193005
2026-06-12 10:30:00+03:00,0.465786309280269,0.1896912165607645
2026-06-12 10:35:00+03:00,0.4131094838430678,-0.009829835012826874
2026-06-12 10:40:00+03:00,0.3746870445686213,-0.0323603337977226
2026-06-12 10:45:00+03:00,0.2924252325741883,-0.5418825988827153
2026-06-12 10:50:00+03:00,0.2269417075919751,-0.6969069644164314
2026-06-12 10:55:00+03:00,0.21575066108626773,-0.30614426894381097
2026-06-12 11:00:00+03:00,0.2803621107741605,0.20363762179591255
2026-06-12 11:05:00+03:00,0.22059906328326764,-0.6693622684862519
2026-06-12 11:10:00+03:00,0.1812264224887657,-0.661972212121311
2026-06-12 11:15:00+03:00,0.1440937987774558,-0.8631674248355672
2026-06-12 11:20:00+03:00,0.10548410285502041,-1.3180441185209106
2026-06-12 11:25:00+03:00,0.08407176854027976,-1.1302598931458459
2026-06-12 11:30:00+03:00,0.13565830263130416,-0.1770077946381021
2026-06-12 11:35:00+03:00,0.2766107524244855,0.4918847210998485
2026-06-12 11:40:00+03:00,0.32492555012923996,0.22728406703001028
2026-06-12 11:45:00+03:00,0.3697391066017989,0.3009256459574079
2026-06-12 11:50:00+03:00,0.43313868320499327,0.49465276331531327
2026-06-12 11:55:00+03:00,0.5037031575855819,0.6652007287093833
2026-06-12 12:00:00+03:00,0.49884578627915366,0.35821401911028217
2026-06-12 12:05:00+03:00,0.4819456505401425,0.2792058853911844
2026-06-12 12:10:00+03:00,0.45796482579250364,0.20446708917007622
2026-06-12 12:15:00+03:00,0.4342934574809957,0.1583166926496115
2026-06-12 12:20:00+03:00,0.429916485381137,0.22651154057604023
2026-06-12 12:25:00+03:00,0.42578569051300247,0.21934271620717288
2026-06-12 12:30:00+03:00,0.4377896215384603,0.30562048045743617
2026-06-12 12:35:00+03:00,0.5224573740186905,0.7669640948859231
2026-06-12 12:40:00+03:00,0.5899996227958418,0.8443524123007846
2026-06-12 12:45:00+03:00,0.5648065170308092,0.4067555970735335
2026-06-12 12:50:00+03:00,0.6178028425415226,0.8412555020017568
2026-06-12 12:55:00+03:00,0.645950850257006,0.7907147063380444
2026-06-12 13:00:00+03:00,0.6469453747985393,0.6738167821482444
2026-06-12 13:05:00+03:00,0.6034964079796165,0.4109395803457211
2026-06-12 13:10:00+03:00,0.632826985849114,0.7662785945312605
2026-06-12 13:15:00+03:00,0.6179459773220178,0.550090025831974
2026-06-12 13:20:00+03:00,0.6509312441315823,0.8248371289647415
2026-06-12 13:25:00+03:00,0.5293882325390226,-0.05913890894543872
2026-06-12 13:30:00+03:00,0.5334123135050264,0.4588216772106193
2026-06-12 13:35:00+03:00,0.5193306315378131,0.3621230976050328
2026-06-12 13:40:00+03:00,0.49333566890187264,0.26599570551882046
2026-06-12 13:45:00+03:00,0.4896897821109234,0.34528250749208356
2026-06-12 13:50:00+03:00,0.5073194184817612,0.4609828205547124
2026-06-12 13:55:00+03:00,0.5471179149160057,0.627659853784064
2026-06-12 14:00:00+03:00,0.5995127995179236,0.7954407941425164
2026-06-12 14:05:00+03:00,0.6634392883696394,1.01846035697538
2026-06-12 14:10:00+03:00,0.7310846380998794,1.275873404014662
2026-06-12 14:15:00+03:00,0.7658233429399157,1.1580394867204264
2026-06-12 14:20:00+03:00,0.7937117073494352,1.209336652605369
2026-06-12 14:25:00+03:00,0.8253318517782459,1.3751611668957848
2026-06-12 14:30:00+03:00,0.8539385747796061,1.4958409322886
2026-06-12 14:35:00+03:00,0.8290681378828275,0.9844062692126441
2026-06-12 14:40:00+03:00,0.8109493408761063,0.9716256007845276
2026-06-12 14:45:00+03:00,0.7959720436041061,0.9480447192226152
2026-06-12 14:50:00+03:00,0.8381910501588566,1.5682038954714224
2026-06-12 14:55:00+03:00,0.870298091796906,1.6543412246876859
2026-06-12 15:00:00+03:00,0.8881406768320478,1.5763047115248112
2026-06-12 15:05:00+03:00,0.8914290858154277,1.4226680835603702
2026-06-12 15:10:00+03:00,0.9018044866294646,1.5677082920025698
2026-06-12 15:15:00+03:00,0.9193549825679357,1.8387119266431646
2026-06-12 15:20:00+03:00,0.9345085699062357,1.9677067600003046
2026-06-12 15:25:00+03:00,0.9447035102480834,1.9716456651666805
2026-06-12 15:30:00+03:00,0.95655659348885,2.252669329425984
2026-06-12 15:35:00+03:00,0.9617205513814481,2.0816942707454102
2026-06-12 15:40:00+03:00,0.970148926988703,2.4564932437653066
2026-06-12 15:45:00+03:00,0.9775018446764471,2.7043493903448925
2026-06-12 15:50:00+03:00,0.9832672651073597,2.8994769427723135
2026-06-12 15:55:00+03:00,0.9879768219464481,3.2326944191508895
2026-06-12 16:00:00+03:00,0.9910747415446658,3.2100782307668845
2026-06-12 16:05:00+03:00,0.9934150055942601,3.3831325918872928
2026-06-12 16:10:00+03:00,0.9953218982560728,3.762647590981952
2026-06-12 16:15:00+03:00,0.9966609768293287,3.8915057015342334
2026-06-12 16:20:00+03:00,0.9976302231374298,4.096367613021945
2026-06-12 16:25:00+03:00,0.9983319393193569,4.330779738763942
2026-06-12 16:30:00+03:00,0.9922903218351267,2.25129073443823
2026-06-12 16:35:00+03:00,0.9911797996012289,2.535581609776217
2026-06-12 16:40:00+03:00,0.9925991835401508,2.9627537731679023
2026-06-12 16:45:00+03:00,0.9882722083549154,2.236938163638573
2026-06-12 16:50:00+03:00,0.9876124034087702,2.430523248306356
2026-06-12 16:55:00+03:00,0.9853906097193711,2.2699316911782175
2026-06-12 17:00:00+03:00,0.9835906794309897,2.2459712410015604
2026-06-12 17:05:00+03:00,0.9867147421323388,2.7536196159434017
2026-06-12 17:10:00+03:00,0.984639371786874,2.2583017912923005
2026-06-12 17:15:00+03:00,0.9841688481078698,2.3322149772576797
2026-06-12 17:20:00+03:00,0.9848577921058964,2.428500637537545
2026-06-12 17:25:00+03:00,0.9813792886491666,2.125442925424494
2026-06-12 17:30:00+03:00,0.981617693093228,2.300292834656823
2026-06-12 17:35:00+03:00,0.9770672069840898,2.0142757505571187
2026-06-12 17:40:00+03:00,0.9014891474003186,0.9069924655223754
2026-06-12 17:45:00+03:00,0.8997719286913108,1.413991606553625
2026-06-12 17:50:00+03:00,0.8914021961738733,1.3111578225595473
2026-06-12 17:55:00+03:00,0.8795900854684879,1.2340851866274587
2026-06-15 09:55:00+03:00,0.9093822108955065,2.0299900378002964
2026-06-15 10:00:00+03:00,0.8324831753008403,0.7378050821522746
2026-06-15 10:05:00+03:00,0.8621784755985635,1.5611243369326047
2026-06-15 10:10:00+03:00,0.8971368280635731,2.0003451606213587
2026-06-15 10:15:00+03:00,0.9272720762303884,2.476997627017669
2026-06-15 10:20:00+03:00,0.925772445754073,1.569173320914908
2026-06-15 10:25:00+03:00,0.9378627136269472,1.929937356624385
2026-06-15 10:30:00+03:00,0.947895560892019,2.014198715054177
2026-06-15 10:35:00+03:00,0.9547744352612649,2.02310790325134
2026-06-15 10:40:00+03:00,0.9426930864300775,1.5413034722496475
2026-06-15 10:45:00+03:00,0.93380523113578,1.5254899664260348
2026-06-15 10:50:00+03:00,0.8834728417227926,0.9941720575518979
2026-06-15 10:55:00+03:00,0.835931374184369,0.8830017198243333
2026-06-15 11:00:00+03:00,0.8262127655947052,1.064737782369409
2026-06-15 11:05:00+03:00,0.6274294933421626,-0.20098981949577296
2026-06-15 11:10:00+03:00,0.46037121749772303,-0.5490055058943086
2026-06-15 11:15:00+03:00,0.33851015685178537,-0.7035049013283535
2026-06-15 11:20:00+03:00,0.2485697920587273,-0.8716481878179153
2026-06-15 11:25:00+03:00,0.18504382846218073,-0.9583434375693354
2026-06-15 11:30:00+03:00,0.39766134864350483,1.1160247315816603
2026-06-15 11:35:00+03:00,0.5803678109008741,1.750682811668554
2026-06-15 11:40:00+03:00,0.6531399726543949,1.0402215157516526
2026-06-15 11:45:00+03:00,0.7218723470123113,1.247333541220743
2026-06-15 11:50:00+03:00,0.6369052516810589,0.315599405409942
2026-06-15 11:55:00+03:00,0.5518505659015115,0.14775426025436936
2026-06-15 12:00:00+03:00,0.49742068631002223,0.16157070092593234
2026-06-15 12:05:00+03:00,0.45064945262578077,0.09700641280112655
2026-06-15 12:10:00+03:00,0.325301463898313,-0.8289513575624234
2026-06-15 12:15:00+03:00,0.23139167845932956,-1.1027870092624883
2026-06-15 12:20:00+03:00,0.16590684972255587,-1.2130601979856215
2026-06-15 12:25:00+03:00,0.12451681896165681,-1.124353021629709
2026-06-15 12:30:00+03:00,0.08652343722129878,-1.8001171790557386
2026-06-15 12:35:00+03:00,0.06317682416841557,-1.5825327150960096
2026-06-15 12:40:00+03:00,0.045410983648821665,-1.831341629277148
2026-06-15 12:45:00+03:00,0.033840368464836894,-1.7926975326069596
2026-06-15 12:50:00+03:00,0.026606541804993156,-1.7314292400922187
2026-06-15 12:55:00+03:00,0.020966332040019405,-1.8409198030959084
2026-06-15 13:00:00+03:00,0.020086431939854498,-1.5307838581525683
2026-06-15 13:05:00+03:00,0.018384234972046082,-1.6291592820008451
2026-06-15 13:10:00+03:00,0.016503773725419044,-1.7078407466335948
2026-06-15 13:15:00+03:00,0.014806255409031532,-1.7614396470443565
2026-06-15 13:20:00+03:00,0.012736742104548284,-1.8986219807488254
2026-06-15 13:25:00+03:00,0.010935805014802163,-1.9755069771580238
2026-06-15 13:30:00+03:00,0.010249185481124573,-1.8832078681960986
2026-06-15 13:35:00+03:00,0.011636962787090798,-1.6479580364306943
2026-06-15 13:40:00+03:00,0.009488403502016353,-2.1423113900472597
2026-06-15 13:45:00+03:00,0.008392460048424682,-2.056590870845258
2026-06-15 13:50:00+03:00,0.016906495733399658,-1.2275277673154303
2026-06-15 13:55:00+03:00,0.058663633200351055,-0.48319732246895264
2026-06-15 14:00:00+03:00,0.13305970572369147,-0.06963720942979279
2026-06-15 14:05:00+03:00,0.19041321538911432,-0.015779231928258752
2026-06-15 14:10:00+03:00,0.19674693943863394,-0.2582599760632801
2026-06-15 14:15:00+03:00,0.26623654842135963,0.19495508974513498
2026-06-15 14:20:00+03:00,0.24198237389973998,-0.3058199717921941
2026-06-15 14:25:00+03:00,0.23212549937650148,-0.2496195232823412
2026-06-15 14:30:00+03:00,0.27800938788462204,0.1232826096410695
2026-06-15 14:35:00+03:00,0.26977005995051795,-0.1396047431789681
2026-06-15 14:40:00+03:00,0.2509341056571912,-0.247184206419599
2026-06-15 14:45:00+03:00,0.268801946367371,-0.01709824022537204
2026-06-15 14:50:00+03:00,0.2822000014021274,-0.007039934570624254
2026-06-15 14:55:00+03:00,0.3040932323083734,0.07761018075347653
2026-06-15 15:00:00+03:00,0.3155429798650182,0.05752261414983117
2026-06-15 15:05:00+03:00,0.30599534685212987,-0.057736039440068304
2026-06-15 15:10:00+03:00,0.32238412633607205,0.09293637980975575
2026-06-15 15:15:00+03:00,0.3553380098760088,0.2266753397194442
2026-06-15 15:20:00+03:00,0.3912555666454851,0.3081162333376567
2026-06-15 15:25:00+03:00,0.47379975386843454,0.6527953141771384
2026-06-15 15:30:00+03:00,0.5589521919807585,0.8544435842729724
2026-06-15 15:35:00+03:00,0.6309950888453505,0.9726408662002768
2026-06-15 15:40:00+03:00,0.667152913596839,0.8795595898896491
2026-06-15 15:45:00+03:00,0.7155473444459465,1.0820421892711052
2026-06-15 15:50:00+03:00,0.7110612306598508,0.7903525580250169
2026-06-15 15:55:00+03:00,0.7362713732375024,1.005202384601764
2026-06-15 16:00:00+03:00,0.7927907060913995,1.465117259079806
2026-06-15 16:05:00+03:00,0.8220254372027155,1.3372061167910532
2026-06-15 16:10:00+03:00,0.8554625539401033,1.5662429868589929
2026-06-15 16:15:00+03:00,0.8856313304778418,1.7524459520537854
2026-06-15 16:20:00+03:00,0.9122638830410815,1.9778866557838959
2026-06-15 16:25:00+03:00,0.9092935599291496,1.4513505005372707
2026-06-15 16:30:00+03:00,0.8755332578323833,1.0685543446975194
2026-06-15 16:35:00+03:00,0.6975025835609742,0.06393436512238364
2026-06-15 16:40:00+03:00,0.653445705607315,0.5051693177519779
2026-06-15 16:45:00+03:00,0.5592635584336613,0.1255911915442818
2026-06-15 16:50:00+03:00,0.5396778675817235,0.38004701404378205
2026-06-15 16:55:00+03:00,0.44248335832432245,-0.15287832046083186
2026-06-15 17:00:00+03:00,0.44183308915123326,0.2644130895149025
2026-06-15 17:05:00+03:00,0.41606596071711105,0.11245176345152252
2026-06-15 17:10:00+03:00,0.4253378472079734,0.27092707584356024
2026-06-15 17:15:00+03:00,0.3581447603698893,-0.21769038819324402
2026-06-15 17:20:00+03:00,0.2998458474250125,-0.3379165942683273
2026-06-15 17:25:00+03:00,0.27299060399099806,-0.23014991557703243
2026-06-15 17:30:00+03:00,0.23440786909025416,-0.4263814713402103
2026-06-15 17:35:00+03:00,0.19356353328740283,-0.6148489197862979
2026-06-15 17:40:00+03:00,0.1640884977930536,-0.6482684207428282
2026-06-15 17:45:00+03:00,0.1716412933544644,-0.32678307300282894
2026-06-15 17:50:00+03:00,0.16232932522926927,-0.47721555114563774
2026-06-15 17:55:00+03:00,0.2686094650258669,0.34292230980177163
2026-06-16 09:55:00+03:00,0.25843521426222577,-0.17897509093621086
2026-06-16 10:00:00+03:00,0.36480739382212823,0.5291094184910705
2026-06-16 10:05:00+03:00,0.42263335807659685,0.4526894056688404
2026-06-16 10:10:00+03:00,0.4692558368997223,0.4996459991452792
2026-06-16 10:15:00+03:00,0.4218962753604394,0.0331810422699083
2026-06-16 10:20:00+03:00,0.390931073951541,0.03714955143855174
2026-06-16 10:25:00+03:00,0.33699385269998633,-0.2030071631357627
2026-06-16 10:30:00+03:00,0.4365780838820926,0.6462747138209343
2026-06-16 10:35:00+03:00,0.5330843643992116,0.846792779587129
2026-06-16 10:40:00+03:00,0.5699868007827108,0.6630226757959672
2026-06-16 10:45:00+03:00,0.5834016856184727,0.5941422094407995
2026-06-16 10:50:00+03:00,0.5333348681487315,0.2501159250838264
2026-06-16 10:55:00+03:00,0.5987717996366236,0.8553882421879813
2026-06-16 11:00:00+03:00,0.6028297235908578,0.5955831008422806
2026-06-16 11:05:00+03:00,0.5416104754093196,0.22259167567528026
2026-06-16 11:10:00+03:00,0.4784258004553313,0.08641863215411853
2026-06-16 11:15:00+03:00,0.44705151058760595,0.15295496170658765
2026-06-16 11:20:00+03:00,0.3640662060196864,-0.29173764025147686
2026-06-16 11:25:00+03:00,0.3671871393771488,0.130785365785761
2026-06-16 11:30:00+03:00,0.3559736363065893,0.0469945340353896
2026-06-16 11:35:00+03:00,0.3367223958005847,-0.03149408359924891
2026-06-16 11:40:00+03:00,0.29886389903904315,-0.21938157429517843
2026-06-16 11:45:00+03:00,0.26542436127015634,-0.290380690917563
2026-06-16 11:50:00+03:00,0.21844871307003547,-0.5566936817049551
2026-06-16 11:55:00+03:00,0.19187256562956437,-0.4969386123965813
2026-06-16 12:00:00+03:00,0.17616746520285523,-0.47312699833510363
2026-06-16 12:05:00+03:00,0.1777125435164467,-0.3457959237651821
2026-06-16 12:10:00+03:00,0.1643247473920438,-0.5016579326934273
2026-06-16 12:15:00+03:00,0.17158537345860628,-0.3288082860682273
2026-06-16 12:20:00+03:00,0.15858211137730754,-0.522085241835598
2026-06-16 12:25:00+03:00,0.15334724376918152,-0.4804510029262298
2026-06-16 12:30:00+03:00,0.18968588345048712,-0.1168583815842581
2026-06-16 12:35:00+03:00,0.19167523318170446,-0.2991462515195984
2026-06-16 12:40:00+03:00,0.21894762098089074,-0.08963380023714998
2026-06-16 12:45:00+03:00,0.28508689502017265,0.21902971600314586
2026-06-16 12:50:00+03:00,0.33085952496547355,0.22895523324936734
2026-06-16 12:55:00+03:00,0.338080494948561,0.08739837126110492
2026-06-16 13:00:00+03:00,0.3985662308221468,0.41658741137879796
2026-06-16 13:05:00+03:00,0.41471300451856163,0.27699615982036385
2026-06-16 13:10:00+03:00,0.4523663598877112,0.43223457411837884
2026-06-16 13:15:00+03:00,0.42335194487800887,0.11409005811257852
2026-06-16 13:20:00+03:00,0.37374329814757434,-0.08714104468881781
2026-06-16 13:25:00+03:00,0.32744175727641,-0.1876059320517924
2026-06-16 13:30:00+03:00,0.31478446837565616,-0.05172590323021525
2026-06-16 13:35:00+03:00,0.323588166000517,0.06341010934883598
2026-06-16 13:40:00+03:00,0.32215537500975877,0.01588239071743215
2026-06-16 13:45:00+03:00,0.37630560665530743,0.34952444816729544
2026-06-16 13:50:00+03:00,0.37819154226376955,0.14820592214830047
2026-06-16 13:55:00+03:00,0.38549612454023013,0.1847615412658954
2026-06-16 14:00:00+03:00,0.34298880984284674,-0.12779803903187525
2026-06-16 14:05:00+03:00,0.3452067155589533,0.08133378149890053
2026-06-16 14:10:00+03:00,0.4273577495612115,0.5569832522050261
2026-06-16 14:15:00+03:00,0.40088058531591947,0.07770864702399258
2026-06-16 14:20:00+03:00,0.4297252307591158,0.3549181616048268
2026-06-16 14:25:00+03:00,0.4341599176108762,0.26927024933407984
2026-06-16 14:30:00+03:00,0.4076905602543536,0.09207762437635522
2026-06-16 14:35:00+03:00,0.40737740382157,0.19800940169050624
2026-06-16 14:40:00+03:00,0.4248138002750808,0.3015445046341949
2026-06-16 14:45:00+03:00,0.37186523944358035,-0.10796087549675237
2026-06-16 14:50:00+03:00,0.34057232231664625,-0.07883749433220583
2026-06-16 14:55:00+03:00,0.3298667569823328,-0.008254945493781474
2026-06-16 15:00:00+03:00,0.3222752226409962,-0.011325287643728907
2026-06-16 15:05:00+03:00,0.3090105147731029,-0.06814677570792066
2026-06-16 15:10:00+03:00,0.2998117249242767,-0.07067514848453654
2026-06-16 15:15:00+03:00,0.31603188430120943,0.0788627031094056
2026-06-16 15:20:00+03:00,0.28658371725999204,-0.20690549785734438
2026-06-16 15:25:00+03:00,0.29091224957693473,-0.028404788916000456
2026-06-16 15:30:00+03:00,0.3150639383448784,0.11003861015570202
2026-06-16 15:35:00+03:00,0.3142281337202301,0.0009347864039878639
2026-06-16 15:40:00+03:00,0.3528231559543637,0.24388135095654143
2026-06-16 15:45:00+03:00,0.3441420783993873,0.03231505308043825
2026-06-16 15:50:00+03:00,0.29680047602258647,-0.2796832519149022
2026-06-16 15:55:00+03:00,0.2626725891865866,-0.3029266839378323
2026-06-16 16:00:00+03:00,0.24402129231363937,-0.26610877836710534
2026-06-16 16:05:00+03:00,0.23165816494309263,-0.2654852473525007
2026-06-16 16:10:00+03:00,0.23062098013377885,-0.2045644029379212
2026-06-16 16:15:00+03:00,0.2516916331555356,-0.041593680559795926
2026-06-16 16:20:00+03:00,0.3012071412184943,0.1850271042514845
2026-06-16 16:25:00+03:00,0.3367322131998545,0.20005892275080214
2026-06-16 16:30:00+03:00,0.3648728123416664,0.22649475285166215
2026-06-16 16:35:00+03:00,0.3828895428536389,0.22210102565411713
2026-06-16 16:40:00+03:00,0.43587166860541315,0.4595471971853957
2026-06-16 16:45:00+03:00,0.43086652914388524,0.225908716562824
2026-06-16 16:50:00+03:00,0.43425579473522213,0.265389704797544
2026-06-16 16:55:00+03:00,0.44067443646860976,0.28960467808882756
2026-06-16 17:00:00+03:00,0.443444490092019,0.2808335877180735
2026-06-16 17:05:00+03:00,0.46193917129456563,0.3770188877755589
2026-06-16 17:10:00+03:00,0.48185290112096213,0.42070622059270435
2026-06-16 17:15:00+03:00,0.49628823284097023,0.4273963067130726
2026-06-16 17:20:00+03:00,0.5042924685652576,0.41805440836612695
2026-06-16 17:25:00+03:00,0.5102956564190279,0.4219015331745659
2026-06-16 17:30:00+03:00,0.5169136224848845,0.43700295073070916
2026-06-16 17:35:00+03:00,0.5257620180983202,0.4626843815267727
2026-06-16 17:40:00+03:00,0.5170117308437499,0.3781369554819952
2026-06-16 17:45:00+03:00,0.52736313601278,0.47160032465609125
2026-06-16 17:50:00+03:00,0.5185371228621838,0.3807735771984414
2026-06-16 17:55:00+03:00,0.510335626909309,0.3674310866893328
2026-06-17 09:55:00+03:00,0.46026002078682665,0.1032676942828233
2026-06-17 10:00:00+03:00,0.40474332333174995,-0.041878131895775716
2026-06-17 10:05:00+03:00,0.3369285949085015,-0.2821208321893708
2026-06-17 10:10:00+03:00,0.2950307056812111,-0.25300121766782124
2026-06-17 10:15:00+03:00,0.3007198697284441,-8.898511511873375e-05
2026-06-17 10:20:00+03:00,0.282793421400423,-0.15585035763017266
2026-06-17 10:25:00+03:00,0.25440037103488794,-0.29319262979338256
2026-06-17 10:30:00+03:00,0.2613572504822534,-0.08534793159214796
2026-06-17 10:35:00+03:00,0.2464278649618335,-0.23778128489590947
2026-06-17 10:40:00+03:00,0.2531997654765569,-0.10605705812689051
2026-06-17 10:45:00+03:00,0.29313134619705705,0.12989425486168837
2026-06-17 10:50:00+03:00,0.34621429083789607,0.287413825947034
2026-06-17 10:55:00+03:00,0.38427225924251746,0.3028995513371429
2026-06-17 11:00:00+03:00,0.4169376809993854,0.3450337143857596
2026-06-17 11:05:00+03:00,0.3902443825027204,0.05412315328451332
2026-06-17 11:10:00+03:00,0.3256137819397881,-0.29701928341873685
2026-06-17 11:15:00+03:00,0.2920748943402408,-0.2142761192436715
2026-06-17 11:20:00+03:00,0.2831695907643241,-0.10945885441784797
2026-06-17 11:25:00+03:00,0.25043240597669675,-0.33245491917444914
2026-06-17 11:30:00+03:00,0.20967911433827474,-0.5407183895345266
2026-06-17 11:35:00+03:00,0.18676143107875823,-0.4881397713958354
2026-06-17 11:40:00+03:00,0.2614670857802485,0.20620232505979819
2026-06-17 11:45:00+03:00,0.31116264229830853,0.20555881520382613
2026-06-17 11:50:00+03:00,0.32957528262078806,0.11631805906317713
2026-06-17 11:55:00+03:00,0.33423137863818264,0.06841326149620491
2026-06-17 12:00:00+03:00,0.32946242465643777,0.01728271370984709
2026-06-17 12:05:00+03:00,0.35823814740714294,0.2159190312181159
2026-06-17 12:10:00+03:00,0.33754155983159984,-0.03625230933970755
2026-06-17 12:15:00+03:00,0.3197868618917586,-0.06390294192210819
2026-06-17 12:20:00+03:00,0.30641587994367775,-0.07481154256578726
2026-06-17 12:25:00+03:00,0.29284942796761004,-0.10857932762261929
2026-06-17 12:30:00+03:00,0.29462157768627995,-0.031617963593159215
2026-06-17 12:35:00+03:00,0.32172876575372056,0.13593343017402865
2026-06-17 12:40:00+03:00,0.3419882837658271,0.14931099242060913
2026-06-17 12:45:00+03:00,0.33548255172336156,0.02288623899400291
2026-06-17 12:50:00+03:00,0.35043189523425816,0.14488482598132787
2026-06-17 12:55:00+03:00,0.34528588175687636,0.05011457590770716
2026-06-17 13:00:00+03:00,0.3844483668004294,0.30750387939662405
2026-06-17 13:05:00+03:00,0.3444635317541288,-0.11159013777856433
2026-06-17 13:10:00+03:00,0.3254983917349659,-0.056170610257769565
2026-06-17 13:15:00+03:00,0.3464377514254946,0.16107700624539348
2026-06-17 13:20:00+03:00,0.33370954300788497,-0.008710469474437654
2026-06-17 13:25:00+03:00,0.3056169212439071,-0.14944512241671318
2026-06-17 13:30:00+03:00,0.28072809599992177,-0.19804748631292343
2026-06-17 13:35:00+03:00,0.2907194574952065,-0.0032123681056394765
2026-06-17 13:40:00+03:00,0.30518809881962733,0.04824305944421343
2026-06-17 13:45:00+03:00,0.3384178692087739,0.19428148346073149
2026-06-17 13:50:00+03:00,0.3691198290875706,0.24488053814069907
2026-06-17 13:55:00+03:00,0.3912894958065817,0.2548560992442357
2026-06-17 14:00:00+03:00,0.42042149938116374,0.3381473003557184
2026-06-17 14:05:00+03:00,0.4093585138766645,0.15888657504552528
2026-06-17 14:10:00+03:00,0.46028041804810976,0.49891195633976615
2026-06-17 14:15:00+03:00,0.509006083861578,0.586542886902728
2026-06-17 14:20:00+03:00,0.49978281061626256,0.34324231403545835
2026-06-17 14:25:00+03:00,0.49203362176533727,0.3340126050779733
2026-06-17 14:30:00+03:00,0.5020999330555409,0.4217679413988066
2026-06-17 14:35:00+03:00,0.4939143260817441,0.3359508126501063
2026-06-17 14:40:00+03:00,0.486800444132008,0.32638857674782884
2026-06-17 14:45:00+03:00,0.4637693191122208,0.21970363463725717
2026-06-17 14:50:00+03:00,0.48392435317269966,0.4256178808004061
2026-06-17 14:55:00+03:00,0.4693987994553309,0.26405323553492943
2026-06-17 15:00:00+03:00,0.4301678649282587,0.08568140582200437
2026-06-17 15:05:00+03:00,0.3909809275293178,0.0010476020398842434
2026-06-17 15:10:00+03:00,0.3986919252610905,0.21260756831110855
2026-06-17 15:15:00+03:00,0.3911675372530664,0.1362925218843015
2026-06-17 15:20:00+03:00,0.44165543211255753,0.46108436516355455
2026-06-17 15:25:00+03:00,0.4198361473471527,0.13645365776088217
2026-06-17 15:30:00+03:00,0.4536477425982631,0.41991906824614156
2026-06-17 15:35:00+03:00,0.47767378776674446,0.4284871812056813
2026-06-17 15:40:00+03:00,0.4977006354027071,0.45166456456665793
2026-06-17 15:45:00+03:00,0.49959929079464144,0.38559330564205396
2026-06-17 15:50:00+03:00,0.5123483831536129,0.4518425871385038
2026-06-17 15:55:00+03:00,0.5249528718767641,0.4756615978902292
2026-06-17 16:00:00+03:00,0.5276047980309898,0.4423188639203761
2026-06-17 16:05:00+03:00,0.5732761830540901,0.7072019349185539
2026-06-17 16:10:00+03:00,0.5480678792234213,0.3745677653738241
2026-06-17 16:15:00+03:00,0.5258124659777593,0.34317577575586117
2026-06-17 16:20:00+03:00,0.5279009903841543,0.44071814335041526
2026-06-17 16:25:00+03:00,0.5599160211409429,0.6219901714280441
2026-06-17 16:30:00+03:00,0.5248027258773811,0.2916647169201855
2026-06-17 16:35:00+03:00,0.506890890056452,0.3234903561543172
2026-06-17 16:40:00+03:00,0.48866591330926284,0.28709578905205235
2026-06-17 16:45:00+03:00,0.4521653170376063,0.14250894025270597
2026-06-17 16:50:00+03:00,0.431190991616863,0.16294626136170165
2026-06-17 16:55:00+03:00,0.4226895063632701,0.19589200843119658
2026-06-17 17:00:00+03:00,0.39555989500240507,0.06363443338791588
2026-06-17 17:05:00+03:00,0.38794002065172367,0.12929056945729764
2026-06-17 17:10:00+03:00,0.3743530060852671,0.07612762832130898
2026-06-17 17:15:00+03:00,0.3933158023917269,0.2462845451837105
2026-06-17 17:20:00+03:00,0.3977491518389881,0.19774050679139035
2026-06-17 17:25:00+03:00,0.38629502368338403,0.11007894986623455
2026-06-17 17:30:00+03:00,0.3541654719294417,-0.05070824452954689
2026-06-17 17:35:00+03:00,0.34140970321457326,0.00837453776794718
2026-06-17 17:40:00+03:00,0.36843598660114046,0.22911994952131445
2026-06-17 17:45:00+03:00,0.3509008465908704,0.00822445927575055
2026-06-17 17:50:00+03:00,0.3397526587924865,0.011828978657097186
2026-06-17 17:55:00+03:00,0.3299115104830938,-0.004272306709218077
2026-06-18 09:55:00+03:00,0.35538355823404966,0.19716739762270025
2026-06-18 10:00:00+03:00,0.37995998095116634,0.2421185300662012
2026-06-18 10:05:00+03:00,0.34967462635809005,-0.05257988014106735
2026-06-18 10:10:00+03:00,0.3064576341394232,-0.22806879775496533
2026-06-18 10:15:00+03:00,0.32703506074433436,0.1200120801164809
2026-06-18 10:20:00+03:00,0.3000176633430136,-0.15832421660656246
2026-06-18 10:25:00+03:00,0.261680331861859,-0.3323033445118535
2026-06-18 10:30:00+03:00,0.24860174181653827,-0.22132750620526723
2026-06-18 10:35:00+03:00,0.24035979944395056,-0.21736637417188223
2026-06-18 10:40:00+03:00,0.23244820446618392,-0.23762317696654564
2026-06-18 10:45:00+03:00,0.21416395228520543,-0.3562572990858398
2026-06-18 10:50:00+03:00,0.18907624024170175,-0.4962140346534931
2026-06-18 10:55:00+03:00,0.17812686996384713,-0.4300631324375084
2026-06-18 11:00:00+03:00,0.16405990393232428,-0.5082551524555905
2026-06-18 11:05:00+03:00,0.16368233113064945,-0.40609591731647354
2026-06-18 11:10:00+03:00,0.23241935643798767,0.12352189761380278
2026-06-18 11:15:00+03:00,0.2549778825121672,-0.027203599083333696
2026-06-18 11:20:00+03:00,0.2951478834385821,0.13500224882070402
2026-06-18 11:25:00+03:00,0.28497819358725324,-0.11123272798268108
2026-06-18 11:30:00+03:00,0.28912747159805113,-0.03331535144546402
2026-06-18 11:35:00+03:00,0.3670834701304728,0.42323498565726203
2026-06-18 11:40:00+03:00,0.3463353802758745,-0.016415309879007467
2026-06-18 11:45:00+03:00,0.3471242162994042,0.07934797508868911
2026-06-18 11:50:00+03:00,0.3534977872417245,0.11599640242250009
2026-06-18 11:55:00+03:00,0.3817243835695628,0.2598263592608703
2026-06-18 12:00:00+03:00,0.38407720369343357,0.162018777639915
2026-06-18 12:05:00+03:00,0.37424730493515285,0.09173315402429419
2026-06-18 12:10:00+03:00,0.3706723096330288,0.11036003958538276
2026-06-18 12:15:00+03:00,0.37642397162799995,0.16029080853600222
2026-06-18 12:20:00+03:00,0.3332911197690016,-0.1556313742944125
2026-06-18 12:25:00+03:00,0.32445026196869226,-0.012055117568994578
2026-06-18 12:30:00+03:00,0.2959998659925948,-0.17630158426781065
2026-06-18 12:35:00+03:00,0.26900305159131577,-0.24220300849404905
2026-06-18 12:40:00+03:00,0.25098753675819296,-0.24235343384896355
2026-06-18 12:45:00+03:00,0.24070003441454252,-0.22778543064756537
2026-06-18 12:50:00+03:00,0.2554529469840416,-0.06229762192895419
2026-06-18 12:55:00+03:00,0.278720321258511,0.028985707840129674
2026-06-18 13:00:00+03:00,0.27675369439386904,-0.09125750936458893
2026-06-18 13:05:00+03:00,0.3063710484821262,0.11467478756597194
2026-06-18 13:10:00+03:00,0.3067876083274281,-0.010134118428801825
2026-06-18 13:15:00+03:00,0.3012950231256953,-0.04976831723255881
2026-06-18 13:20:00+03:00,0.3624852762337275,0.3500233067514227
2026-06-18 13:25:00+03:00,0.36830137841361715,0.14407651972573848
2026-06-18 13:30:00+03:00,0.35212084113950864,0.016919384807765295
2026-06-18 13:35:00+03:00,0.3413808020392411,0.017230248657750247
2026-06-18 13:40:00+03:00,0.33906865482488635,0.048930723814324534
2026-06-18 13:45:00+03:00,0.31288987826839343,-0.12140726420803374
2026-06-18 13:50:00+03:00,0.3219110088938944,0.06075632531454753
2026-06-18 13:55:00+03:00,0.3347957111818593,0.10421746103889165
2026-06-18 14:00:00+03:00,0.27768544796164524,-0.40420681396001334
2026-06-18 14:05:00+03:00,0.2522900362763072,-0.2815240378082011
2026-06-18 14:10:00+03:00,0.2095506647638801,-0.5585692544033947
2026-06-18 14:15:00+03:00,0.18377204948395348,-0.5235920364212427
2026-06-18 14:20:00+03:00,0.18623280305311826,-0.3129847835921953
2026-06-18 14:25:00+03:00,0.1640745854784769,-0.5779033057585656
2026-06-18 14:30:00+03:00,0.14875804547589272,-0.5853802249197936
2026-06-18 14:35:00+03:00,0.1644069508542742,-0.2989913139544971
2026-06-18 14:40:00+03:00,0.15739174520999563,-0.47855826809584623
2026-06-18 14:45:00+03:00,0.16625650125607883,-0.3355546763133781
2026-06-18 14:50:00+03:00,0.17551658357591474,-0.30409177086110506
2026-06-18 14:55:00+03:00,0.20018295150362994,-0.14922986499577542
2026-06-18 15:00:00+03:00,0.22943292270539548,-0.05531678139611379
2026-06-18 15:05:00+03:00,0.2499236461418685,-0.0483830973946221
2026-06-18 15:10:00+03:00,0.24198392520314196,-0.21123471946992758
2026-06-18 15:15:00+03:00,0.2428574148957613,-0.1618965741437887
2026-06-18 15:20:00+03:00,0.2604032518612234,-0.03775727097193016
2026-06-18 15:25:00+03:00,0.27774286288053657,0.0006345716045732946
2026-06-18 15:30:00+03:00,0.2894677198103725,0.0017403789285218435
2026-06-18 15:35:00+03:00,0.3343957491440061,0.23258506554047664
2026-06-18 15:40:00+03:00,0.34938322156879414,0.14290436873664197
2026-06-18 15:45:00+03:00,0.36077450534833677,0.1514421190312329
2026-06-18 15:50:00+03:00,0.36996522170607354,0.16113797006148778
2026-06-18 15:55:00+03:00,0.356199386283102,0.03642578350620504
2026-06-18 16:00:00+03:00,0.38789396825266365,0.2852888460303571
2026-06-18 16:05:00+03:00,0.31578319105633906,-0.3763473382639694
2026-06-18 16:10:00+03:00,0.3160939111137237,0.010187424615423366
2026-06-18 16:15:00+03:00,0.28552491329373014,-0.215956591033828
2026-06-18 16:20:00+03:00,0.29489078601549185,0.0033127836153292733
2026-06-18 16:25:00+03:00,0.30189938027931806,0.008415391725558705
2026-06-18 16:30:00+03:00,0.2264718141812823,-0.8219679520146775
2026-06-18 16:35:00+03:00,0.1896413616009655,-0.5953352424614873
2026-06-18 16:40:00+03:00,0.16036273572345594,-0.6655067313924664
2026-06-18 16:45:00+03:00,0.12880531102150497,-0.8946048734167316
2026-06-18 16:50:00+03:00,0.1360210547514081,-0.45140803877535995
2026-06-18 16:55:00+03:00,0.12528034880726122,-0.6551374843033311
2026-06-18 17:00:00+03:00,0.12715356029536334,-0.5291132922571145
2026-06-18 17:05:00+03:00,0.13907247090447758,-0.40615534628291516
2026-06-18 17:10:00+03:00,0.1341237117350523,-0.5578885912866292
2026-06-18 17:15:00+03:00,0.12635321091845256,-0.6200013830307044
2026-06-18 17:20:00+03:00,0.13327902508212253,-0.4639916668075479
2026-06-18 17:25:00+03:00,0.1289887447989682,-0.5749518733826696
2026-06-18 17:30:00+03:00,0.1250574749109249,-0.5896781032274391
2026-06-18 17:35:00+03:00,0.13040307825431988,-0.48747348669641044
2026-06-18 17:40:00+03:00,0.12267487834891348,-0.637753185007834
2026-06-18 17:45:00+03:00,0.13461137742705498,-0.4218994812522572
2026-06-18 17:50:00+03:00,0.17325701924353618,-0.1465879401580181
2026-06-18 17:55:00+03:00,0.17616256926885832,-0.34201254901661327
2026-06-19 09:55:00+03:00,0.18360916193568014,-0.29051015905865774
2026-06-19 10:00:00+03:00,0.2509122142509797,0.15541780488713922
2026-06-19 10:05:00+03:00,0.304109831060481,0.20546228597145197
2026-06-19 10:10:00+03:00,0.37649549319355147,0.4199111559295208
2026-06-19 10:15:00+03:00,0.4244313670913626,0.41805858888495784
2026-06-19 10:20:00+03:00,0.4753323182448786,0.5282885229843671
2026-06-19 10:25:00+03:00,0.5141718853069682,0.5573629596493715
2026-06-19 10:30:00+03:00,0.46452810228481833,0.1139191832152525
2026-06-19 10:35:00+03:00,0.4276613269904634,0.09034956168961597
2026-06-19 10:40:00+03:00,0.4256823375115186,0.22761696675511603
2026-06-19 10:45:00+03:00,0.494666832130223,0.6398417832318916
2026-06-19 10:50:00+03:00,0.47918750442205105,0.2793678046735114
2026-06-19 10:55:00+03:00,0.4504860340592762,0.17068339282158468
2026-06-19 11:00:00+03:00,0.4250481892517532,0.1323092229140906
2026-06-19 11:05:00+03:00,0.3525176420464905,-0.26395297961334163
2026-06-19 11:10:00+03:00,0.2901535472263765,-0.39736170043324814
2026-06-19 11:15:00+03:00,0.24791732890286125,-0.40427708839389587
2026-06-19 11:20:00+03:00,0.23848558397088768,-0.22919210701542994
2026-06-19 11:25:00+03:00,0.21879916100037683,-0.3502674879063825
2026-06-19 11:30:00+03:00,0.2097964710651551,-0.3110114135600237
2026-06-19 11:35:00+03:00,0.23529805357473726,-0.059141235158641114
2026-06-19 11:40:00+03:00,0.2781281150329972,0.1109113377737004
2026-06-19 11:45:00+03:00,0.33943261231098343,0.30609169132493264
2026-06-19 11:50:00+03:00,0.3951961201511978,0.3919776708874225
2026-06-19 11:55:00+03:00,0.4175923277407969,0.3067539589773213
2026-06-19 12:00:00+03:00,0.4734058824850309,0.5438561887262477
2026-06-19 12:05:00+03:00,0.45586395114094513,0.22575880081368102
2026-06-19 12:10:00+03:00,0.5262382398076422,0.7123073306243841
2026-06-19 12:15:00+03:00,0.5507103265842909,0.5729084860359684
2026-06-19 12:20:00+03:00,0.5516817709377437,0.4823791898450539
2026-06-19 12:25:00+03:00,0.5827658198012854,0.6654140149050884
2026-06-19 12:30:00+03:00,0.5597800692664738,0.40558072419802416
2026-06-19 12:35:00+03:00,0.5386200451330784,0.3719745448941473
2026-06-19 12:40:00+03:00,0.5717200495708888,0.6507834095815425
2026-06-19 12:45:00+03:00,0.5835931609916578,0.5883164718217966
2026-06-19 12:50:00+03:00,0.579783184398658,0.5185315232972433
2026-06-19 12:55:00+03:00,0.60604218790371,0.6942187994789895
2026-06-19 13:00:00+03:00,0.6050131036072005,0.5795132459997382
2026-06-19 13:05:00+03:00,0.6264550650025151,0.7173969176950186
2026-06-19 13:10:00+03:00,0.6378776244308755,0.6988398635429195
2026-06-19 13:15:00+03:00,0.5334668407229314,0.027652026501429214
2026-06-19 13:20:00+03:00,0.4797973388396508,0.12879404097221975
2026-06-19 13:25:00+03:00,0.4757333708212968,0.3168220149791804
2026-06-19 13:30:00+03:00,0.423570330596599,0.01578185756462472
2026-06-19 13:35:00+03:00,0.41030944885609866,0.15190999450475365
2026-06-19 13:40:00+03:00,0.43913336130237485,0.37289800142152263
2026-06-19 13:45:00+03:00,0.4687606312844293,0.43289311455029844
2026-06-19 13:50:00+03:00,0.4441462326726426,0.17436919182576782
2026-06-19 13:55:00+03:00,0.4804150769198471,0.48107499674811616
2026-06-19 14:00:00+03:00,0.4793149556870698,0.3351270125855521
2026-06-19 14:05:00+03:00,0.4815460198411994,0.35221739236163996
2026-06-19 14:10:00+03:00,0.4836466807888065,0.3557505300759647
2026-06-19 14:15:00+03:00,0.46303805787062957,0.22780670747006454
2026-06-19 14:20:00+03:00,0.3984218838627279,-0.1000748507342551
2026-06-19 14:25:00+03:00,0.35144881324782257,-0.12898046254701562
2026-06-19 14:30:00+03:00,0.2957310134477827,-0.3345666337250701
2026-06-19 14:35:00+03:00,0.23916033008697457,-0.5500313905775428
2026-06-19 14:40:00+03:00,0.23872155433565442,-0.17961721467234734
2026-06-19 14:45:00+03:00,0.19784254201391627,-0.5948485086935581
2026-06-19 14:50:00+03:00,0.1691210188747369,-0.6158003324107293
2026-06-19 14:55:00+03:00,0.18126371613547593,-0.26953769384969983
2026-06-19 15:00:00+03:00,0.16273655036855442,-0.5514999093511219
2026-06-19 15:05:00+03:00,0.1575597808793464,-0.46370273365863446
2026-06-19 15:10:00+03:00,0.1560196069385713,-0.4421369897749331
2026-06-19 15:15:00+03:00,0.14739075068367646,-0.5323556297983321
2026-06-19 15:20:00+03:00,0.14390014058153006,-0.5042116206383452
2026-06-19 15:25:00+03:00,0.16276994945450468,-0.28448034917689713
2026-06-19 15:30:00+03:00,0.14660541214933748,-0.6033605902597519
2026-06-19 15:35:00+03:00,0.1498311481229244,-0.4298648447461293
2026-06-19 15:40:00+03:00,0.15410485073926017,-0.4070637039945547
2026-06-19 15:45:00+03:00,0.19837976434779114,-0.05766683956278035
2026-06-19 15:50:00+03:00,0.37701256908301545,0.8667164156806745
2026-06-19 15:55:00+03:00,0.4180341111002468,0.3792231959187329
2026-06-19 16:00:00+03:00,0.5034182516207574,0.7279442744358163
2026-06-19 16:05:00+03:00,0.5281048929629576,0.5289647450218614
2026-06-19 16:10:00+03:00,0.5817093781504981,0.7605127116258438
2026-06-19 16:15:00+03:00,0.4999795304852362,0.053397170068871715
2026-06-19 16:20:00+03:00,0.42616275548929927,-0.07754101964955665
2026-06-19 16:25:00+03:00,0.3775700502412732,-0.07312031382454698
2026-06-19 16:30:00+03:00,0.3610948916020757,0.035287840304110585
2026-06-19 16:35:00+03:00,0.4481794485953258,0.6187265172565556
2026-06-19 16:40:00+03:00,0.36852158164054155,-0.25886449825072033
2026-06-19 16:45:00+03:00,0.3346035460397639,-0.10599841640460472
2026-06-19 16:50:00+03:00,0.28105635644996035,-0.3682894722399358
2026-06-19 16:55:00+03:00,0.30257688844576774,0.0728198156527573
2026-06-19 17:00:00+03:00,0.2446448588510641,-0.5381121610634508
2026-06-19 17:05:00+03:00,0.20156165132138476,-0.5980796363009546
2026-06-19 17:10:00+03:00,0.1855622676297169,-0.43982910726905244
2026-06-19 17:15:00+03:00,0.15072979428826067,-0.7857542204443753
2026-06-19 17:20:00+03:00,0.12740970250360284,-0.7876593753983366
2026-06-19 17:25:00+03:00,0.12884481196848258,-0.5256852337064689
2026-06-19 17:30:00+03:00,0.12698702270061862,-0.562112759311266
2026-06-19 17:35:00+03:00,0.13180083147018185,-0.4861519014821506
2026-06-19 17:40:00+03:00,0.10602095020544164,-0.9902740876774105
2026-06-19 17:45:00+03:00,0.10260311256163271,-0.6980538876944625
2026-06-19 17:50:00+03:00,0.08896663789842789,-0.9267680235842011
2026-06-19 17:55:00+03:00,0.08232167221216287,-0.869084159432515
2026-06-22 09:55:00+03:00,0.06277443025644756,-1.4052120552426646
2026-06-22 10:00:00+03:00,0.06834484836539172,-0.7960159340380357
2026-06-22 10:05:00+03:00,0.07378233964713421,-0.763071764623996
2026-06-22 10:10:00+03:00,0.07016018858315684,-0.9167313193697704
2026-06-22 10:15:00+03:00,0.06427084005990123,-1.0089390034675152
2026-06-22 10:20:00+03:00,0.06096457600249813,-0.9912918508802391
2026-06-22 10:25:00+03:00,0.05680970537645717,-1.0489049774057173
2026-06-22 10:30:00+03:00,0.053523940411397,-1.0652423805957894
2026-06-22 10:35:00+03:00,0.050062500770975064,-1.1077896230920956
2026-06-22 10:40:00+03:00,0.053644470578492726,-0.9341546070828519
2026-06-22 10:45:00+03:00,0.06688998156086501,-0.7114249003293689
2026-06-22 10:50:00+03:00,0.06673101169019008,-0.8889850764878685
2026-06-22 10:55:00+03:00,0.09347699771597512,-0.46461010689328675
2026-06-22 11:00:00+03:00,0.07337377066038932,-1.2388802663540546
2026-06-22 11:05:00+03:00,0.05907338049694943,-1.2808685851055663
2026-06-22 11:10:00+03:00,0.048549948115966156,-1.3315249599373247
2026-06-22 11:15:00+03:00,0.0457097628884563,-1.1452455729309265
2026-06-22 11:20:00+03:00,0.042749281138955104,-1.1868288082300837
2026-06-22 11:25:00+03:00,0.038600813002897465,-1.2836158007682403
2026-06-22 11:30:00+03:00,0.03261783394166294,-1.4723389674416192
2026-06-22 11:35:00+03:00,0.0315586941768063,-1.297911219145237
2026-06-22 11:40:00+03:00,0.033037795798313827,-1.1982100524218322
2026-06-22 11:45:00+03:00,0.0430502577164704,-0.9154366142732469
2026-06-22 11:50:00+03:00,0.05107987982989865,-0.8833954273698937
2026-06-22 11:55:00+03:00,0.06664243030010485,-0.6870750839518273
2026-06-22 12:00:00+03:00,0.0680138429920919,-0.8563538927162043
2026-06-22 12:05:00+03:00,0.10621132915116742,-0.33997640193967094
2026-06-22 12:10:00+03:00,0.1371245158181887,-0.2891587524234219
2026-06-22 12:15:00+03:00,0.1695096056488099,-0.1890993528991082
2026-06-22 12:20:00+03:00,0.19170602576620446,-0.18424756537524825
2026-06-22 12:25:00+03:00,0.2045281818858589,-0.2001513217962119
2026-06-22 12:30:00+03:00,0.23735228640644288,-0.020585102180153553
2026-06-22 12:35:00+03:00,0.27669064663811377,0.09336718617407172
2026-06-22 12:40:00+03:00,0.28061942565022074,-0.05404428395075697
2026-06-22 12:45:00+03:00,0.30149876032421313,0.06780442834398251
2026-06-22 12:50:00+03:00,0.22655453551472918,-0.8148107643241235
2026-06-22 12:55:00+03:00,0.17416664920876246,-0.8664096074179797
2026-06-22 13:00:00+03:00,0.14336221541337288,-0.7813371834876348
2026-06-22 13:05:00+03:00,0.12430382135107815,-0.7536778119946512
2026-06-22 13:10:00+03:00,0.11081453833430914,-0.768179399875469
2026-06-22 13:15:00+03:00,0.10422201701519547,-0.724860120178051
2026-06-22 13:20:00+03:00,0.0947526515597202,-0.8206158093613234
2026-06-22 13:25:00+03:00,0.10374839838900383,-0.5689480329769623
2026-06-22 13:30:00+03:00,0.12202954337245511,-0.4215130348053543
2026-06-22 13:35:00+03:00,0.12989062611302102,-0.4698197970798287
2026-06-22 13:40:00+03:00,0.10613842569073538,-0.9527333362979469
2026-06-22 13:45:00+03:00,0.09238512172835678,-0.9009884423668133
2026-06-22 13:50:00+03:00,0.09290562341174188,-0.7082283102838612
2026-06-22 13:55:00+03:00,0.10005225439063982,-0.6030327791144715
2026-06-22 14:00:00+03:00,0.14200480887510578,-0.21176833231014716
2026-06-22 14:05:00+03:00,0.17023254519300318,-0.2096362711937633
2026-06-22 14:10:00+03:00,0.16856520484851858,-0.3980390627490843
2026-06-22 14:15:00+03:00,0.18679505646935732,-0.21908313765642232
2026-06-22 14:20:00+03:00,0.17193976233336053,-0.48299569308996293
2026-06-22 14:25:00+03:00,0.1787080449261612,-0.3096090137151697
2026-06-22 14:30:00+03:00,0.1854703118071386,-0.28902643993042754
2026-06-22 14:35:00+03:00,0.23468679752434035,0.046072983859835395
2026-06-22 14:40:00+03:00,0.245325204238149,-0.10640431389604982
2026-06-22 14:45:00+03:00,0.29119924057062524,0.1502045023391593
2026-06-22 14:50:00+03:00,0.3177786334283089,0.12566964036713144
2026-06-22 14:55:00+03:00,0.3277342738215736,0.07711495207206809
2026-06-22 15:00:00+03:00,0.3377099364294496,0.09816428170412791
2026-06-22 15:05:00+03:00,0.3227522682903104,-0.04389886155258729
2026-06-22 15:10:00+03:00,0.2999543112620145,-0.13690198747623433
2026-06-22 15:15:00+03:00,0.2869554963482587,-0.1203481296299479
2026-06-22 15:20:00+03:00,0.28019064953416783,-0.10625970895769807
2026-06-22 15:25:00+03:00,0.2512163574642909,-0.30645435527524567
2026-06-22 15:30:00+03:00,0.32338032354467827,0.3170201595485821
2026-06-22 15:35:00+03:00,0.3619560086932938,0.2616379512377328
2026-06-22 15:40:00+03:00,0.3639820051330767,0.11969049931140853
2026-06-22 15:45:00+03:00,0.3725386167246791,0.1637724912497457
2026-06-22 15:50:00+03:00,0.3875622020224996,0.21951092675690287
2026-06-22 15:55:00+03:00,0.4169726588045675,0.33258607969008613
2026-06-22 16:00:00+03:00,0.41885672794594775,0.2293879663885734
2026-06-22 16:05:00+03:00,0.4618258091701977,0.4710154578457495
2026-06-22 16:10:00+03:00,0.480002959567869,0.41047618244739337
2026-06-22 16:15:00+03:00,0.47221090308891644,0.2956312472692885
2026-06-22 16:20:00+03:00,0.48711542779271905,0.4115658904200189
2026-06-22 16:25:00+03:00,0.4527642653279085,0.1524662756741784
2026-06-22 16:30:00+03:00,0.4592708635257343,0.32583301907174533
2026-06-22 16:35:00+03:00,0.4475803912584027,0.23248222151192027
2026-06-22 16:40:00+03:00,0.4962765659167168,0.5609758923911301
2026-06-22 16:45:00+03:00,0.4717683458452789,0.22963772917561254
2026-06-22 16:50:00+03:00,0.4635320344615192,0.2770987501041867
2026-06-22 16:55:00+03:00,0.4602599450785652,0.2899996466944646
2026-06-22 17:00:00+03:00,0.47705898633714994,0.39952928966013446
2026-06-22 17:05:00+03:00,0.5162514966522085,0.5629010037784339
2026-06-22 17:10:00+03:00,0.542383962793801,0.5629256397014647
2026-06-22 17:15:00+03:00,0.6094298836461823,0.8897043901921801
2026-06-22 17:20:00+03:00,0.5892972621386017,0.47347188393316586
2026-06-22 17:25:00+03:00,0.5637019111113,0.40308933797790947
2026-06-22 17:30:00+03:00,0.5702279667483591,0.5403942319505532
2026-06-22 17:35:00+03:00,0.5740434893729313,0.5372269769255121
2026-06-22 17:40:00+03:00,0.5843514217246466,0.5835494897974585
2026-06-22 17:45:00+03:00,0.6487696990856091,0.9796185807436535
2026-06-22 17:50:00+03:00,0.687933348615834,0.9486959208433138
2026-06-22 17:55:00+03:00,0.6954856126052417,0.8100160521419023
2026-06-23 09:55:00+03:00,0.6624616720512646,0.5664408376114461
2026-06-23 10:00:00+03:00,0.7096552894247867,1.0563715523368933
2026-06-23 10:05:00+03:00,0.7584051674045864,1.2338480881478942
2026-06-23 10:10:00+03:00,0.7695466420890762,1.0200227623584086
2026-06-23 10:15:00+03:00,0.7772085596603076,1.022070829185391
2026-06-23 10:20:00+03:00,0.772336999974495,0.938926952978112
2026-06-23 10:25:00+03:00,0.7457290738237977,0.7685859866747811
2026-06-23 10:30:00+03:00,0.7151490007312489,0.6844964607250967
2026-06-23 10:35:00+03:00,0.7225163674195583,0.8740527123129647
2026-06-23 10:40:00+03:00,0.7000427186739339,0.686844280801417
2026-06-23 10:45:00+03:00,0.6783191970551147,0.6444641396410399
2026-06-23 10:50:00+03:00,0.6880421020354371,0.8028017938706021
2026-06-23 10:55:00+03:00,0.6950695574181049,0.8066019652819154
2026-06-23 11:00:00+03:00,0.6877431622813819,0.725552235110938
2026-06-23 11:05:00+03:00,0.680249271193502,0.7085855403597119
2026-06-23 11:10:00+03:00,0.6564919388699731,0.5916139178535281
2026-06-23 11:15:00+03:00,0.666016329557764,0.751915804313294
2026-06-23 11:20:00+03:00,0.6684785264806733,0.7262338555302327
2026-06-23 11:25:00+03:00,0.6730477916562961,0.7455300506422701
2026-06-23 11:30:00+03:00,0.668164054850784,0.6938697559915793
2026-06-23 11:35:00+03:00,0.6579351031057636,0.6498638083543745
2026-06-23 11:40:00+03:00,0.6432085009136088,0.6012617573649492
2026-06-23 11:45:00+03:00,0.6402583458943826,0.643400433946218
2026-06-23 11:50:00+03:00,0.62229622803183,0.5465035380122595
2026-06-23 11:55:00+03:00,0.6328722824198545,0.6845718042965915
2026-06-23 12:00:00+03:00,0.6605040354623822,0.8221591857798082
2026-06-23 12:05:00+03:00,0.6474007741665202,0.6163716976508851
2026-06-23 12:10:00+03:00,0.5550297471930662,0.12433331654185877
2026-06-23 12:15:00+03:00,0.48096909104007807,0.04548547624921494
2026-06-23 12:20:00+03:00,0.45752924954513174,0.20574875082391034
2026-06-23 12:25:00+03:00,0.44764074740061943,0.23967145548444901
2026-06-23 12:30:00+03:00,0.4235937356073274,0.1350264448881461
2026-06-23 12:35:00+03:00,0.40476833095760745,0.11779908915684122
2026-06-23 12:40:00+03:00,0.3680421422895331,-0.0398451161198356
2026-06-23 12:45:00+03:00,0.3575135319329973,0.05326066818785497
2026-06-23 12:50:00+03:00,0.336106068653134,-0.04284705981289158
2026-06-23 12:55:00+03:00,0.31965555597468936,-0.058077403104564385
2026-06-23 13:00:00+03:00,0.3304966801144037,0.08667620094074593
2026-06-23 13:05:00+03:00,0.33189025879130957,0.04943294611676691
2026-06-23 13:10:00+03:00,0.37840539692969116,0.32419977381110254
2026-06-23 13:15:00+03:00,0.3866618733408128,0.19088920113279906
2026-06-23 13:20:00+03:00,0.4003079981457553,0.23915501363662667
2026-06-23 13:25:00+03:00,0.43800047909926976,0.404768133417824
2026-06-23 13:30:00+03:00,0.43687997257288896,0.25292400005205223
2026-06-23 13:35:00+03:00,0.39814494619748136,0.01893629357834946
2026-06-23 13:40:00+03:00,0.38647058513741045,0.10952949506471017
2026-06-23 13:45:00+03:00,0.33489817872150496,-0.19588131978167353
2026-06-23 13:50:00+03:00,0.3438957945871243,0.10697427167578284
2026-06-23 13:55:00+03:00,0.31407103076640036,-0.13674237087806068
2026-06-23 14:00:00+03:00,0.2829318080600549,-0.22631020198735954
2026-06-23 14:05:00+03:00,0.24229841648540534,-0.4127954588253846
2026-06-23 14:10:00+03:00,0.22565987908638124,-0.30918218221937166
2026-06-23 14:15:00+03:00,0.222486420621009,-0.23899687982407833
2026-06-23 14:20:00+03:00,0.22487734771311044,-0.20154216249322784
2026-06-23 14:25:00+03:00,0.2367639732796617,-0.12139506402201947
2026-06-23 14:30:00+03:00,0.2425785039534323,-0.1372835990416236
2026-06-23 14:35:00+03:00,0.25610868667296083,-0.06651959560978352
2026-06-23 14:40:00+03:00,0.2903504851378257,0.10061165735750305
2026-06-23 14:45:00+03:00,0.2860019309598426,-0.0804681037131377
2026-06-23 14:50:00+03:00,0.2771763813829481,-0.12391817788540249
2026-06-23 14:55:00+03:00,0.22878774817120262,-0.5244470231094034
2026-06-23 15:00:00+03:00,0.23362397963474263,-0.16529877801396572
2026-06-23 15:05:00+03:00,0.25918153706040503,-0.004121120846634144
2026-06-23 15:10:00+03:00,0.24072533767986218,-0.27465445935998856
2026-06-23 15:15:00+03:00,0.24798899659744833,-0.11647879211979514
2026-06-23 15:20:00+03:00,0.27293254112300624,0.02365136671656838
2026-06-23 15:25:00+03:00,0.26329091035103463,-0.16344727784092986
2026-06-23 15:30:00+03:00,0.23595201578254038,-0.3442701448700548
2026-06-23 15:35:00+03:00,0.25097990522722774,-0.07157339212925959
2026-06-23 15:40:00+03:00,0.24324564935872972,-0.20666065740724268
2026-06-23 15:45:00+03:00,0.24463571272456447,-0.15462489891985917
2026-06-23 15:50:00+03:00,0.2600201796062448,-0.048652869355885
2026-06-23 15:55:00+03:00,0.2989237243547618,0.13754347613188878
2026-06-23 16:00:00+03:00,0.32997705373244685,0.16867276232357215
2026-06-23 16:05:00+03:00,0.3367611314380185,0.08278205748722012
2026-06-23 16:10:00+03:00,0.3412759688432505,0.08273221923039803
2026-06-23 16:15:00+03:00,0.3065371313551107,-0.18169593445700807
2026-06-23 16:20:00+03:00,0.30079173583565066,-0.05212004843359666
2026-06-23 16:25:00+03:00,0.28395916876526683,-0.1472378056375109
2026-06-23 16:30:00+03:00,0.27606010069720566,-0.1220807497523245
2026-06-23 16:35:00+03:00,0.285167551625009,-0.01971773116815087
2026-06-23 16:40:00+03:00,0.3160360200288599,0.13967163150706294
2026-06-23 16:45:00+03:00,0.37015172921273254,0.33756599587187686
2026-06-23 16:50:00+03:00,0.4226026739852966,0.4319102179966374
2026-06-23 16:55:00+03:00,0.4396761020613796,0.32879480137122913
2026-06-23 17:00:00+03:00,0.4447682542664465,0.2923930424721076
2026-06-23 17:05:00+03:00,0.4578829547952612,0.348576072536982
2026-06-23 17:10:00+03:00,0.4576935465758591,0.2969612687730878
2026-06-23 17:15:00+03:00,0.4392752724054365,0.1894211331595123
2026-06-23 17:20:00+03:00,0.43669703970854484,0.24686969411686333
2026-06-23 17:25:00+03:00,0.4237990836542815,0.18055611300089633
2026-06-23 17:30:00+03:00,0.44181990033163565,0.33656308785935785
2026-06-23 17:35:00+03:00,0.4853685497427186,0.5191246592224842
2026-06-23 17:40:00+03:00,0.5087108798713765,0.48581842651841634
2026-06-23 17:45:00+03:00,0.5220879270990604,0.4731037481802812
2026-06-23 17:50:00+03:00,0.5287863951150867,0.46021862593674734
2026-06-23 17:55:00+03:00,0.5424629763946659,0.5139347329378194
2026-06-24 09:55:00+03:00,0.4233245323803101,-0.33216979652943923
2026-06-24 10:00:00+03:00,0.44867228474645204,0.3778618311797881
2026-06-24 10:05:00+03:00,0.4648381204527135,0.3736437710468289
2026-06-24 10:10:00+03:00,0.39882331667465953,-0.10593407350558928
2026-06-24 10:15:00+03:00,0.36516585688961906,-0.032340212360439824
2026-06-24 10:20:00+03:00,0.3526088530357814,0.033873248385163895
2026-06-24 10:25:00+03:00,0.3252065399889559,-0.09712242594625287
2026-06-24 10:30:00+03:00,0.3009882746491379,-0.14148276235123622
2026-06-24 10:35:00+03:00,0.2357444997419677,-0.6476643476555706
2026-06-24 10:40:00+03:00,0.18691745881658073,-0.7352342377226149
2026-06-24 10:45:00+03:00,0.15066082389176502,-0.8048582057318382
2026-06-24 10:50:00+03:00,0.15477686922670839,-0.40580831504582315
2026-06-24 10:55:00+03:00,0.1843670546746561,-0.16464496953401606
2026-06-24 11:00:00+03:00,0.20804706348878135,-0.1342528793597319
2026-06-24 11:05:00+03:00,0.22035895726495264,-0.16091471680640082
2026-06-24 11:10:00+03:00,0.21669766966467088,-0.2583738462902706
2026-06-24 11:15:00+03:00,0.26146076386325073,0.08416775180560795
2026-06-24 11:20:00+03:00,0.3121867879093147,0.21166799452471885
2026-06-24 11:25:00+03:00,0.33926784240843083,0.1713808064515871
2026-06-24 11:30:00+03:00,0.3518986786540292,0.1384209130984701
2026-06-24 11:35:00+03:00,0.3451854509027298,0.04313125395687446
2026-06-24 11:40:00+03:00,0.3322396971715734,-0.013003786217893429
2026-06-24 11:45:00+03:00,0.35790839040586087,0.20296453382708335
2026-06-24 11:50:00+03:00,0.3228648729424706,-0.14090831711656368
2026-06-24 11:55:00+03:00,0.27130737557373263,-0.38781008015626495
2026-06-24 12:00:00+03:00,0.23359775421073334,-0.4230006148069554
2026-06-24 12:05:00+03:00,0.23046334021216425,-0.216487141539794
2026-06-24 12:10:00+03:00,0.21412426472449403,-0.34371471633487827
2026-06-24 12:15:00+03:00,0.20893288491129727,-0.290366100009828
2026-06-24 12:20:00+03:00,0.22525190073077514,-0.12800920827724768
2026-06-24 12:25:00+03:00,0.2054664013776386,-0.39573015980381054
2026-06-24 12:30:00+03:00,0.2001797686169696,-0.3178024329571352
2026-06-24 12:35:00+03:00,0.17219016620420918,-0.5942575903021056
2026-06-24 12:40:00+03:00,0.19540246343098583,-0.1691357325060582
2026-06-24 12:45:00+03:00,0.18207278087614856,-0.43303456218630776
2026-06-24 12:50:00+03:00,0.1664974807222042,-0.5106248591059078
2026-06-24 12:55:00+03:00,0.1573335301530289,-0.4957937545085813
2026-06-24 13:00:00+03:00,0.1603153757425646,-0.3944011925727029
2026-06-24 13:05:00+03:00,0.17177404464502902,-0.3020860804508171
2026-06-24 13:10:00+03:00,0.15752198738856846,-0.5370992222288176
2026-06-24 13:15:00+03:00,0.15250692276986638,-0.48202265602600713
2026-06-24 13:20:00+03:00,0.15178449969462865,-0.4518318934221376
2026-06-24 13:25:00+03:00,0.15056810031034976,-0.4601614350519291
2026-06-24 13:30:00+03:00,0.1399795969109206,-0.5822671888726157
2026-06-24 13:35:00+03:00,0.1480784364812433,-0.4013664707614665
2026-06-24 13:40:00+03:00,0.1386196634125885,-0.578158367106226
2026-06-24 13:45:00+03:00,0.1378953525939768,-0.5061314027942674
2026-06-24 13:50:00+03:00,0.13607842532666875,-0.5226320463234025
2026-06-24 13:55:00+03:00,0.12381293333863132,-0.6788946930261778
2026-06-24 14:00:00+03:00,0.12505493679953703,-0.5434443425870855
2026-06-24 14:05:00+03:00,0.12300840812313342,-0.5817506537041912
2026-06-24 14:10:00+03:00,0.13015059499659165,-0.4743771029122279
2026-06-24 14:15:00+03:00,0.12451478603128763,-0.6082770642567049
2026-06-24 14:20:00+03:00,0.11949666304554936,-0.6266186770961572
2026-06-24 14:25:00+03:00,0.16912568465064862,-0.10204182954720159
2026-06-24 14:30:00+03:00,0.19054326488572332,-0.19151311307675553
2026-06-24 14:35:00+03:00,0.2152271101680362,-0.11134123829156692
2026-06-24 14:40:00+03:00,0.20004561665089615,-0.3827176975234986
2026-06-24 14:45:00+03:00,0.23282558587880872,-0.03111450823097514
2026-06-24 14:50:00+03:00,0.2293819911793857,-0.22118816434908542
2026-06-24 14:55:00+03:00,0.21477736060164207,-0.33051587171258745
2026-06-24 15:00:00+03:00,0.22604514403716014,-0.15162828508766643
2026-06-24 15:05:00+03:00,0.2790908253567363,0.1547369653965844
2026-06-24 15:10:00+03:00,0.3712649595414063,0.48624138597763866
2026-06-24 15:15:00+03:00,0.35624037307473105,0.03103059491732471
2026-06-24 15:20:00+03:00,0.34333086832891063,0.01195202519718655
2026-06-24 15:25:00+03:00,0.4264789401809991,0.5591988382215828
2026-06-24 15:30:00+03:00,0.4743664918514364,0.5145717685593726
2026-06-24 15:35:00+03:00,0.5336965875764438,0.681040098306556
2026-06-24 15:40:00+03:00,0.5929179714570942,0.8118151663599497
2026-06-24 15:45:00+03:00,0.568588014509528,0.4173377620292422
2026-06-24 15:50:00+03:00,0.5905216293266528,0.6434641888088303
2026-06-24 15:55:00+03:00,0.5748486485377275,0.4627692252268004
2026-06-24 16:00:00+03:00,0.5747692708954826,0.5233313228179081
2026-06-24 16:05:00+03:00,0.5732666808006015,0.5148064967362225
2026-06-24 16:10:00+03:00,0.5603382801714489,0.445350926851966
2026-06-24 16:15:00+03:00,0.46839488419518194,-0.06335927226838739
2026-06-24 16:20:00+03:00,0.3669901066083724,-0.4017004958619681
2026-06-24 16:25:00+03:00,0.3161015616735657,-0.24415222637230508
2026-06-24 16:30:00+03:00,0.2586249608066945,-0.4773466779065274
2026-06-24 16:35:00+03:00,0.2605463819782152,-0.11184822082329207
2026-06-24 16:40:00+03:00,0.32322342929568454,0.2800441211202297
2026-06-24 16:45:00+03:00,0.35222753039611954,0.20492827220887574
2026-06-24 16:50:00+03:00,0.3096662621607535,-0.21552443806004543
2026-06-24 16:55:00+03:00,0.24905257225855862,-0.5422113550797338
2026-06-24 17:00:00+03:00,0.2570310851105151,-0.09085211894117978
2026-06-24 17:05:00+03:00,0.28254609387616747,0.04705815928755906
2026-06-24 17:10:00+03:00,0.23890828599806357,-0.44699268710800133
2026-06-24 17:15:00+03:00,0.20601977179812214,-0.49085311557884637
2026-06-24 17:20:00+03:00,0.26172998548643117,0.1302140484771237
2026-06-24 17:25:00+03:00,0.2784974136586585,-0.000236316653020624
2026-06-24 17:30:00+03:00,0.2687039234955715,-0.1502519956566448
2026-06-24 17:35:00+03:00,0.34993627556779755,0.4028776742285054
2026-06-24 17:40:00+03:00,0.3236216454521257,-0.09568750821056254
2026-06-24 17:45:00+03:00,0.28231057225101625,-0.2869416059201738
2026-06-24 17:50:00+03:00,0.3050467938759577,0.08318240361165635
2026-06-24 17:55:00+03:00,0.26691200501132384,-0.31457473994355123
2026-06-25 09:55:00+03:00,0.19873895809812275,-0.9210039068735982
2026-06-25 10:00:00+03:00,0.20846217751054086,-0.20630212041491727
2026-06-25 10:05:00+03:00,0.21080099601973265,-0.2408703418091511
2026-06-25 10:10:00+03:00,0.164553339553818,-0.8469380424292338
2026-06-25 10:15:00+03:00,0.1385984976830719,-0.7506292688514856
2026-06-25 10:20:00+03:00,0.12958497239212008,-0.6163811648871569
2026-06-25 10:25:00+03:00,0.10820501432495838,-0.8965261578839334
2026-06-25 10:30:00+03:00,0.1026506592266079,-0.7219397088198211
2026-06-25 10:35:00+03:00,0.09122622247542948,-0.8739908385129761
2026-06-25 10:40:00+03:00,0.07830250424041174,-1.0092967467229805
2026-06-25 10:45:00+03:00,0.07273312269949249,-0.9275918524390603
2026-06-25 10:50:00+03:00,0.06664616777762748,-0.9901709614023446
2026-06-25 10:55:00+03:00,0.05974947231903809,-1.076033621419186
2026-06-25 11:00:00+03:00,0.057952304809306174,-0.9912365778616279
2026-06-25 11:05:00+03:00,0.05948939632171636,-0.9196056667721291
2026-06-25 11:10:00+03:00,0.06408486901057772,-0.8382678610638351
2026-06-25 11:15:00+03:00,0.08242200294594176,-0.5809227778699874
2026-06-25 11:20:00+03:00,0.12084272460043327,-0.2929811725467102
2026-06-25 11:25:00+03:00,0.15873427248925037,-0.18846420149462587
2026-06-25 11:30:00+03:00,0.20953651033717063,-0.002229778199071747
2026-06-25 11:35:00+03:00,0.2553935607983009,0.07597666366318902
2026-06-25 11:40:00+03:00,0.28733581584508733,0.0846591809023916
2026-06-25 11:45:00+03:00,0.3371964391744352,0.2573702845233893
2026-06-25 11:50:00+03:00,0.33167559973235355,0.018846056466762767
2026-06-25 11:55:00+03:00,0.30587101548588025,-0.13714624671348224
2026-06-25 12:00:00+03:00,0.2776747108766924,-0.22455791196173727
2026-06-25 12:05:00+03:00,0.28744209625594874,-0.01158524432505914
2026-06-25 12:10:00+03:00,0.29895286652803993,0.021795166267854882
2026-06-25 12:15:00+03:00,0.26700107986546967,-0.27677237944725497
2026-06-25 12:20:00+03:00,0.2303403150236373,-0.4271914947443467
2026-06-25 12:25:00+03:00,0.17629843171678722,-0.8752174049294844
2026-06-25 12:30:00+03:00,0.14989036902642336,-0.6908577445736916
2026-06-25 12:35:00+03:00,0.13397084142540133,-0.6637971808309904
2026-06-25 12:40:00+03:00,0.11598480654947199,-0.7925705141290958
2026-06-25 12:45:00+03:00,0.10620329203604277,-0.7509235385128284
2026-06-25 12:50:00+03:00,0.09925346083022549,-0.7587757834080461
2026-06-25 12:55:00+03:00,0.08578055146847992,-0.9509916098818196
2026-06-25 13:00:00+03:00,0.07856892453429185,-0.9068142446822078
2026-06-25 13:05:00+03:00,0.07799770721162662,-0.8135300351917005
2026-06-25 13:10:00+03:00,0.08311138589431424,-0.7116644285535454
2026-06-25 13:15:00+03:00,0.09234211213241449,-0.6200434752797
2026-06-25 13:20:00+03:00,0.09393308420967923,-0.6906345520427813
2026-06-25 13:25:00+03:00,0.10722774087918638,-0.5169264904957379
2026-06-25 13:30:00+03:00,0.11266854139259073,-0.5608767982147205
2026-06-25 13:35:00+03:00,0.12766718349428388,-0.42485511240950735
2026-06-25 13:40:00+03:00,0.15743147420099884,-0.23667651120330077
2026-06-25 13:45:00+03:00,0.1652678949566546,-0.34534894131547966
2026-06-25 13:50:00+03:00,0.17600979547203158,-0.29355783009099545
2026-06-25 13:55:00+03:00,0.17762281173583533,-0.34564647256313363
2026-06-25 14:00:00+03:00,0.16805990270461624,-0.457131351831207
2026-06-25 14:05:00+03:00,0.15223250696768673,-0.5741843907668502
2026-06-25 14:10:00+03:00,0.13883622200908677,-0.6140344507170379
2026-06-25 14:15:00+03:00,0.1360156909725746,-0.5313325323942766
2026-06-25 14:20:00+03:00,0.13108363972164036,-0.5712872163543452
2026-06-25 14:25:00+03:00,0.142779741982375,-0.3947719976335027
2026-06-25 14:30:00+03:00,0.13452041436734435,-0.5859479004697453
2026-06-25 14:35:00+03:00,0.1443584671774844,-0.4022110361172393
2026-06-25 14:40:00+03:00,0.15276652850302164,-0.3830582205038776
2026-06-25 14:45:00+03:00,0.15906631619150072,-0.3759955096408254
2026-06-25 14:50:00+03:00,0.16482744140840172,-0.3603606049623008
2026-06-25 14:55:00+03:00,0.18309454065857672,-0.2291735061855211
2026-06-25 15:00:00+03:00,0.20017329521375257,-0.18896292161427738
2026-06-25 15:05:00+03:00,0.1914914490468902,-0.3677362078987987
2026-06-25 15:10:00+03:00,0.21174253905272716,-0.142263376956578
2026-06-25 15:15:00+03:00,0.2277376072016413,-0.12341286342209748
2026-06-25 15:20:00+03:00,0.23608585531133944,-0.14089685293006346
2026-06-25 15:25:00+03:00,0.23250727340084926,-0.21330547347631032
2026-06-25 15:30:00+03:00,0.2729166620371568,0.0899459717143942
2026-06-25 15:35:00+03:00,0.2782538149627562,-0.05299031837109522
2026-06-25 15:40:00+03:00,0.3362892926172999,0.287375225380594
2026-06-25 15:45:00+03:00,0.4122699024929315,0.5030207389121557
2026-06-25 15:50:00+03:00,0.4539462597270897,0.45078577580957313
2026-06-25 15:55:00+03:00,0.4551999141513228,0.2977199493513243
2026-06-25 16:00:00+03:00,0.43172256979781715,0.15389747342964924
2026-06-25 16:05:00+03:00,0.46953117668954314,0.4659523836748781
2026-06-25 16:10:00+03:00,0.49148980270741227,0.4471358447529099
2026-06-25 16:15:00+03:00,0.5340075919809673,0.6119908860840353
2026-06-25 16:20:00+03:00,0.5232636291898779,0.38248268304937905
2026-06-25 16:25:00+03:00,0.5586834639750853,0.6334276157174626
2026-06-25 16:30:00+03:00,0.5580440990191543,0.4884806492901578
2026-06-25 16:35:00+03:00,0.5261979625664908,0.3069873750748926
2026-06-25 16:40:00+03:00,0.46448442184397865,0.06311507284559678
2026-06-25 16:45:00+03:00,0.43981825773508715,0.16545443084096906
2026-06-25 16:50:00+03:00,0.42713702038720486,0.18809575598529613
2026-06-25 16:55:00+03:00,0.4232254423063905,0.21515398047936937
2026-06-25 17:00:00+03:00,0.4271528272381565,0.2536436515448449
2026-06-25 17:05:00+03:00,0.46417887401674557,0.4525845524767935
2026-06-25 17:10:00+03:00,0.4737346631434103,0.3653459096360021
2026-06-25 17:15:00+03:00,0.45311300804187465,0.20816636263763216
2026-06-25 17:20:00+03:00,0.44301845641378723,0.22978998295432068
2026-06-25 17:25:00+03:00,0.3859162051144419,-0.09394213019196382
2026-06-25 17:30:00+03:00,0.32842528386867614,-0.24666611587001167
2026-06-25 17:35:00+03:00,0.31381720369468125,-0.06314022787995657
2026-06-25 17:40:00+03:00,0.3560225753562297,0.26421992403174316
2026-06-25 17:45:00+03:00,0.3320830016013111,-0.06407652787467719
2026-06-25 17:50:00+03:00,0.3268603736833132,0.009521663587386486
2026-06-25 17:55:00+03:00,0.29643026833033054,-0.18565530847166326
2026-06-26 09:55:00+03:00,0.24168102594284707,-0.523727018330519
2026-06-26 10:00:00+03:00,0.23337971843721142,-0.23719331536077617
2026-06-26 10:05:00+03:00,0.20026046078711365,-0.5160789877790006
2026-06-26 10:10:00+03:00,0.15371397769356265,-0.9357311110542705
2026-06-26 10:15:00+03:00,0.132412776046078,-0.7320150924860696
2026-06-26 10:20:00+03:00,0.1142632755426126,-0.8060800710729514
2026-06-26 10:25:00+03:00,0.12474926863713273,-0.4694016647038586
2026-06-26 10:30:00+03:00,0.11479546825271597,-0.7029469701531493
2026-06-26 10:35:00+03:00,0.12445801029619075,-0.47691266673213095
2026-06-26 10:40:00+03:00,0.14469714712829626,-0.33176341046561475
2026-06-26 10:45:00+03:00,0.16272896151143623,-0.28963542742182047
2026-06-26 10:50:00+03:00,0.16574765986295337,-0.37559357138157057
2026-06-26 10:55:00+03:00,0.1863139042475599,-0.20756322996600288
2026-06-26 11:00:00+03:00,0.21347816417125864,-0.10345269289979997
2026-06-26 11:05:00+03:00,0.216065932441234,-0.22467104701658783
2026-06-26 11:10:00+03:00,0.2414032502133967,-0.045658700251066664
2026-06-26 11:15:00+03:00,0.27398555799016927,0.059038247446356086
2026-06-26 11:20:00+03:00,0.24684008665328502,-0.30866872912773735
2026-06-26 11:25:00+03:00,0.20660373944535743,-0.5495433554346716
2026-06-26 11:30:00+03:00,0.18475013154680534,-0.48767687854801456
2026-06-26 11:35:00+03:00,0.15012094573816118,-0.7870583950846333
2026-06-26 11:40:00+03:00,0.12961397589001422,-0.7391620490830023
2026-06-26 11:45:00+03:00,0.1163670731005342,-0.7316460819323373
2026-06-26 11:50:00+03:00,0.09739122960901149,-0.9457765960269311
2026-06-26 11:55:00+03:00,0.08934722316820877,-0.8383851802942044
2026-06-26 12:00:00+03:00,0.08687743788444792,-0.7801591680425525
2026-06-26 12:05:00+03:00,0.09314537513876237,-0.6455067406859704
2026-06-26 12:10:00+03:00,0.08908757407111384,-0.7863526749325059
2026-06-26 12:15:00+03:00,0.0831958028052217,-0.8515906230429152
2026-06-26 12:20:00+03:00,0.071754926871548,-1.0450391436967832
2026-06-26 12:25:00+03:00,0.077324483133935,-0.7399732384681517
2026-06-26 12:30:00+03:00,0.0840011901875633,-0.6893251698341777
2026-06-26 12:35:00+03:00,0.09613232434945344,-0.5750134439154119
2026-06-26 12:40:00+03:00,0.09944055730164149,-0.643602263290589
2026-06-26 12:45:00+03:00,0.11425947461035571,-0.47646772093280776
2026-06-26 12:50:00+03:00,0.12156909454460771,-0.5071843355720465
2026-06-26 12:55:00+03:00,0.11437690152326559,-0.6750946665340671
2026-06-26 13:00:00+03:00,0.09935898066267165,-0.8669130806497685
2026-06-26 13:05:00+03:00,0.0936151230042719,-0.7789516110416993
2026-06-26 13:10:00+03:00,0.08839700660803188,-0.8061034348245408
2026-06-26 13:15:00+03:00,0.08634614604669912,-0.7782073634483124
2026-06-26 13:20:00+03:00,0.07847281944421511,-0.9182773069795718
2026-06-26 13:25:00+03:00,0.07867479987260718,-0.7986903646503742
2026-06-26 13:30:00+03:00,0.08958229630486343,-0.6171591969760583
2026-06-26 13:35:00+03:00,0.08484801938423087,-0.8235984530537139
2026-06-26 13:40:00+03:00,0.07424535725257674,-1.0036799865350423
2026-06-26 13:45:00+03:00,0.0714886195278778,-0.8923840499497742
2026-06-26 13:50:00+03:00,0.07380987176763346,-0.8028318504790799
2026-06-26 13:55:00+03:00,0.07611451969411559,-0.7879547738621101
2026-06-26 14:00:00+03:00,0.0934172480746912,-0.5413619637222062
2026-06-26 14:05:00+03:00,0.09626762518565639,-0.6646526895250315
2026-06-26 14:10:00+03:00,0.09354356423891676,-0.7421676964595404
2026-06-26 14:15:00+03:00,0.104428114709772,-0.5492554040891082
2026-06-26 14:20:00+03:00,0.10782880814636496,-0.6016856139676091
2026-06-26 14:25:00+03:00,0.10687689551882859,-0.6491121931264627
2026-06-26 14:30:00+03:00,0.1237084465097642,-0.42591406561558864
2026-06-26 14:35:00+03:00,0.12970135003871164,-0.48513052726385675
2026-06-26 14:40:00+03:00,0.14046927459281427,-0.4093469056522323
2026-06-26 14:45:00+03:00,0.11917763030728801,-0.8152972057327234
2026-06-26 14:50:00+03:00,0.11981222975276523,-0.5719095176051332
2026-06-26 14:55:00+03:00,0.12275717887820906,-0.5386842162594127
2026-06-26 15:00:00+03:00,0.12135354842196408,-0.5834428421676484
2026-06-26 15:05:00+03:00,0.1395625815833492,-0.36158054269055495
2026-06-26 15:10:00+03:00,0.1305294396301531,-0.6120148417384521
2026-06-26 15:15:00+03:00,0.1400089337096055,-0.4201621920533839
2026-06-26 15:20:00+03:00,0.1604602309460003,-0.2819308138879264
2026-06-26 15:25:00+03:00,0.19054096053277927,-0.1461942580082399
2026-06-26 15:30:00+03:00,0.21317854489828533,-0.12659693658105095
2026-06-26 15:35:00+03:00,0.2151866637830286,-0.23036632942232646
2026-06-26 15:40:00+03:00,0.23860475035043677,-0.061162952891837846
2026-06-26 15:45:00+03:00,0.2415250483158768,-0.1547542377491927
2026-06-26 15:50:00+03:00,0.23764851835005377,-0.20090172018822802
2026-06-26 15:55:00+03:00,0.2249293289843178,-0.2875346436714947
2026-06-26 16:00:00+03:00,0.2421236858841235,-0.08236676395760653
2026-06-26 16:05:00+03:00,0.23997839744059454,-0.1853416222844784
2026-06-26 16:10:00+03:00,0.2252320566012666,-0.2988858226028994
2026-06-26 16:15:00+03:00,0.28445632372950036,0.19035088311872614
2026-06-26 16:20:00+03:00,0.27529715161301155,-0.1302958419220714
2026-06-26 16:25:00+03:00,0.2688220256177707,-0.13308129323142076
2026-06-26 16:30:00+03:00,0.29499322392110533,0.07645917053959167
2026-06-26 16:35:00+03:00,0.3043878605288006,0.02443571692428552
2026-06-26 16:40:00+03:00,0.3210479792653974,0.09127338513695493
2026-06-26 16:45:00+03:00,0.330331080581647,0.0797606824212529
2026-06-26 16:50:00+03:00,0.29929508961444523,-0.1812619363330826
2026-06-26 16:55:00+03:00,0.3035031287070451,-0.0004890229203738106
2026-06-26 17:00:00+03:00,0.33238224791732274,0.16475800277879266
2026-06-26 17:05:00+03:00,0.3664799033345327,0.25299478234684347
2026-06-26 17:10:00+03:00,0.4071054352890078,0.3567268983073458
2026-06-26 17:15:00+03:00,0.4549148422247635,0.47638241154539485
2026-06-26 17:20:00+03:00,0.44868984691605013,0.25604824514140206
2026-06-26 17:25:00+03:00,0.45288669725800296,0.30462227595131264
2026-06-26 17:30:00+03:00,0.4663927170510776,0.3664179146646078
2026-06-26 17:35:00+03:00,0.4708617069093109,0.34028912723458804
2026-06-26 17:40:00+03:00,0.47952198588527695,0.3730157527906178
2026-06-26 17:45:00+03:00,0.48361201467406223,0.3633224590485604
2026-06-26 17:50:00+03:00,0.48369716128823437,0.348105619457991
2026-06-26 17:55:00+03:00,0.4764623460179399,0.3059973231611045
2026-06-29 09:55:00+03:00,0.35850928960468226,-0.5650861810773598
2026-06-29 10:00:00+03:00,0.36624292517036117,0.14769124853869003
2026-06-29 10:05:00+03:00,0.38322207165492117,0.2186645501384648
2026-06-29 10:10:00+03:00,0.45900577488344235,0.5948315998278978
2026-06-29 10:15:00+03:00,0.4783635085214896,0.41186271962261223
2026-06-29 10:20:00+03:00,0.46789014244416793,0.2768736114916872
2026-06-29 10:25:00+03:00,0.4971655549654319,0.48644182123229784
2026-06-29 10:30:00+03:00,0.567831085049122,0.8066896014297209
2026-06-29 10:35:00+03:00,0.5978819306854761,0.6929891311297163
2026-06-29 10:40:00+03:00,0.6199986029453883,0.7063692097286169
2026-06-29 10:45:00+03:00,0.6215757410910442,0.6235937220128797
2026-06-29 10:50:00+03:00,0.6139083858415715,0.5707495248709618
2026-06-29 10:55:00+03:00,0.5946952916951902,0.48751597969689764
2026-06-29 11:00:00+03:00,0.571081862819174,0.42488808547825596
2026-06-29 11:05:00+03:00,0.5919281171909485,0.6418758440194704
2026-06-29 11:10:00+03:00,0.6072109248917819,0.6504853393786802
2026-06-29 11:15:00+03:00,0.6217556330934964,0.6778453579368455
2026-06-29 11:20:00+03:00,0.6294657583715738,0.6653136468367469
2026-06-29 11:25:00+03:00,0.6437624444723647,0.7239515990055131
2026-06-29 11:30:00+03:00,0.6490499495415658,0.6964922772457255
2026-06-29 11:35:00+03:00,0.6694665727389688,0.8093389763964257
2026-06-29 11:40:00+03:00,0.5497108393501757,-0.004339212125351696
2026-06-29 11:45:00+03:00,0.4551781377825187,-0.10760555616716005
2026-06-29 11:50:00+03:00,0.4474021714162338,0.24747524732741097
2026-06-29 11:55:00+03:00,0.44547086729470536,0.2665064754704889
2026-06-29 12:00:00+03:00,0.44020273082727607,0.2432025799938795
2026-06-29 12:05:00+03:00,0.4443104329107456,0.2876958953730034
2026-06-29 12:10:00+03:00,0.42417019472494943,0.15211696909923175
2026-06-29 12:15:00+03:00,0.42279840824968906,0.22433084974195838
2026-06-29 12:20:00+03:00,0.42657992046386545,0.25195546117663126
2026-06-29 12:25:00+03:00,0.43711377739064416,0.2986365647554606
2026-06-29 12:30:00+03:00,0.4199835843346192,0.15583268335093783
2026-06-29 12:35:00+03:00,0.38052498139350965,-0.02375301913172928
2026-06-29 12:40:00+03:00,0.38854008750540353,0.1936699267869864
2026-06-29 12:45:00+03:00,0.3888951667072577,0.1636786560493556
2026-06-29 12:50:00+03:00,0.4008151842112375,0.23337730654131805
2026-06-29 12:55:00+03:00,0.4093308014599544,0.23672707767267803
2026-06-29 13:00:00+03:00,0.4202147133030983,0.26723458933730987
2026-06-29 13:05:00+03:00,0.43638200744090105,0.31896303823048744
2026-06-29 13:10:00+03:00,0.47429252358918284,0.4755679804494265
2026-06-29 13:15:00+03:00,0.4939901688683661,0.4432379095900003
2026-06-29 13:20:00+03:00,0.45758500926730683,0.15391127288996442
2026-06-29 13:25:00+03:00,0.405655830348836,-0.02332104212542635
2026-06-29 13:30:00+03:00,0.3986695976423315,0.1537540842907073
2026-06-29 13:35:00+03:00,0.34702385589490714,-0.16416347702142572
2026-06-29 13:40:00+03:00,0.3555856270210847,0.12930882699058371
2026-06-29 13:45:00+03:00,0.307614710654882,-0.2517411258055352
2026-06-29 13:50:00+03:00,0.27135457883438413,-0.28950975623809627
2026-06-29 13:55:00+03:00,0.23254111335338462,-0.43486165522714315
2026-06-29 14:00:00+03:00,0.21251846991518902,-0.373276862587804
2026-06-29 14:05:00+03:00,0.2072176133404129,-0.2962191168485422
2026-06-29 14:10:00+03:00,0.26067616601564686,0.11878118075882134
2026-06-29 14:15:00+03:00,0.3191149504563142,0.2555657234421677
2026-06-29 14:20:00+03:00,0.33174142277795976,0.09677105953484269
2026-06-29 14:25:00+03:00,0.34982146324753954,0.15635571430722442
2026-06-29 14:30:00+03:00,0.35425080407784393,0.10950381836096118
2026-06-29 14:35:00+03:00,0.3057209325989255,-0.26044546489891174
2026-06-29 14:40:00+03:00,0.2828634534875667,-0.1814597805218676
2026-06-29 14:45:00+03:00,0.2761320966264698,-0.1160995512196073
2026-06-29 14:50:00+03:00,0.3289632655664435,0.2528979237817599
2026-06-29 14:55:00+03:00,0.35298536205021863,0.18660826009468962
2026-06-29 15:00:00+03:00,0.3204137000801935,-0.1345978074212518
2026-06-29 15:05:00+03:00,0.27600980055657154,-0.3253467355918275
2026-06-29 15:10:00+03:00,0.29427574334691037,0.041070975135128515
2026-06-29 15:15:00+03:00,0.3244132008659053,0.15373580988548907
2026-06-29 15:20:00+03:00,0.28419567816641556,-0.2748091154479152
2026-06-29 15:25:00+03:00,0.24715460284220422,-0.37126526211746425
2026-06-29 15:30:00+03:00,0.21177728968597798,-0.48775708308893306
2026-06-29 15:35:00+03:00,0.2231483754437803,-0.1585630481774246
2026-06-29 15:40:00+03:00,0.24182248873539108,-0.07601054235912955
2026-06-29 15:45:00+03:00,0.28320749464584816,0.1154435722106062
2026-06-29 15:50:00+03:00,0.24853862405969163,-0.35100241647749286
2026-06-29 15:55:00+03:00,0.21468975982974742,-0.46452186182341026
2026-06-29 16:00:00+03:00,0.21902960706844177,-0.20684570063141686
2026-06-29 16:05:00+03:00,0.19557365807959834,-0.4581628702652272
2026-06-29 16:10:00+03:00,0.2266305820126317,-0.05341934678679583
2026-06-29 16:15:00+03:00,0.19988983058524434,-0.4667589352853494
2026-06-29 16:20:00+03:00,0.20434260817861116,-0.24722433543652614
2026-06-29 16:25:00+03:00,0.15213447978227734,-1.0570948541034533
2026-06-29 16:30:00+03:00,0.11248388990350285,-1.2386500157418192
2026-06-29 16:35:00+03:00,0.09356668945430129,-0.9785601032643299
2026-06-29 16:40:00+03:00,0.08064061424183068,-0.9872336159533897
2026-06-29 16:45:00+03:00,0.07702766253967404,-0.8633653538137662
2026-06-29 16:50:00+03:00,0.07381652003080282,-0.8814447216041281
2026-06-29 16:55:00+03:00,0.09865068157747678,-0.4594633880029376
2026-06-29 17:00:00+03:00,0.08914711176776378,-0.8608719251214592
2026-06-29 17:05:00+03:00,0.11368022619997921,-0.4067319630140972
2026-06-29 17:10:00+03:00,0.13105241803007767,-0.39607209944178645
2026-06-29 17:15:00+03:00,0.1809120883721323,-0.0725336696448374
2026-06-29 17:20:00+03:00,0.182145976050678,-0.3335513906776596
2026-06-29 17:25:00+03:00,0.21506398045685765,-0.07189563112193334
2026-06-29 17:30:00+03:00,0.23953629139219218,-0.0540350992536493
2026-06-29 17:35:00+03:00,0.21463227300256024,-0.3994536362719986
2026-06-29 17:40:00+03:00,0.25302410149044186,0.03890242413223752
2026-06-29 17:45:00+03:00,0.27336263792262017,0.004242210982352529
2026-06-29 17:50:00+03:00,0.2695330015215413,-0.11807241245719388
2026-06-29 17:55:00+03:00,0.3138556826007033,0.18954545824026758
2026-06-30 09:55:00+03:00,0.22437436588648427,-1.0820238922243657
2026-06-30 10:00:00+03:00,0.18285143511376856,-0.6760920769306858
2026-06-30 10:05:00+03:00,0.1431494763534505,-0.9100211824051576
2026-06-30 10:10:00+03:00,0.11233354185028657,-1.0264944325608787
2026-06-30 10:15:00+03:00,0.09571320024854192,-0.9203510678575879
2026-06-30 10:20:00+03:00,0.07908761942268026,-1.0773442024753201
2026-06-30 10:25:00+03:00,0.08103463650791336,-0.761394243304265
2026-06-30 10:30:00+03:00,0.08747288436122448,-0.6731952433839529
2026-06-30 10:35:00+03:00,0.08909765020479521,-0.7173126476591444
2026-06-30 10:40:00+03:00,0.12003826946756374,-0.3421871245468773
2026-06-30 10:45:00+03:00,0.12462131999032483,-0.5170491546063242
2026-06-30 10:50:00+03:00,0.11536481069530709,-0.6920765758281877
2026-06-30 10:55:00+03:00,0.09356856517625158,-1.0337764403851641
2026-06-30 11:00:00+03:00,0.08648913820850741,-0.8449880133855929
2026-06-30 11:05:00+03:00,0.07959550758453612,-0.8936849454653011
2026-06-30 11:10:00+03:00,0.08265600941190707,-0.7381115346289658
2026-06-30 11:15:00+03:00,0.07707845140601562,-0.8927875484874566
2026-06-30 11:20:00+03:00,0.06672844015703253,-1.0752426892906373
2026-06-30 11:25:00+03:00,0.06240379146145195,-0.9968986139371063
2026-06-30 11:30:00+03:00,0.06536901275051613,-0.8524073350102412
2026-06-30 11:35:00+03:00,0.0798708577856367,-0.6295089037868437
2026-06-30 11:40:00+03:00,0.07858191973159193,-0.8193155004264511
2026-06-30 11:45:00+03:00,0.12469754380961773,-0.2367648025697173
2026-06-30 11:50:00+03:00,0.13125210095401255,-0.4746635003319415
2026-06-30 11:55:00+03:00,0.16891602118059418,-0.1628331482713771
2026-06-30 12:00:00+03:00,0.19335874069365283,-0.16804490876549052
2026-06-30 12:05:00+03:00,0.17879390843743026,-0.4543732914607901
2026-06-30 12:10:00+03:00,0.18460247680184333,-0.2974236483100028
2026-06-30 12:15:00+03:00,0.23229018337963772,0.03424514762601216
2026-06-30 12:20:00+03:00,0.24023106658540838,-0.1324740826121672
2026-06-30 12:25:00+03:00,0.2607955406515444,-0.02303188750979729
2026-06-30 12:30:00+03:00,0.2752854606966351,-0.017715268380952998
2026-06-30 12:35:00+03:00,0.2976339795930496,0.06583160003788113
2026-06-30 12:40:00+03:00,0.2991964462660751,-0.022128803520525514
2026-06-30 12:45:00+03:00,0.27735066664282787,-0.19076077852905435
2026-06-30 12:50:00+03:00,0.2870871291130754,-0.012525556151004133
2026-06-30 12:55:00+03:00,0.2924345206468497,-0.020292528390919634
2026-06-30 13:00:00+03:00,0.25873395842311364,-0.312431036867428
2026-06-30 13:05:00+03:00,0.23875734946826255,-0.2896006642789051
2026-06-30 13:10:00+03:00,0.2422858858183618,-0.14967249966072618
2026-06-30 13:15:00+03:00,0.24506494309404925,-0.14639696348556916
2026-06-30 13:20:00+03:00,0.261365935119268,-0.041281631541703945
2026-06-30 13:25:00+03:00,0.30389157723658333,0.16234181449960686
2026-06-30 13:30:00+03:00,0.3059619532826971,-0.0045559683257616335
2026-06-30 13:35:00+03:00,0.3069571642238463,-0.007148971551346223
2026-06-30 13:40:00+03:00,0.3007742692694957,-0.05420441225887379
2026-06-30 13:45:00+03:00,0.3012250002111434,-0.02257223408406897
2026-06-30 13:50:00+03:00,0.3225712527425476,0.11396723584027764
2026-06-30 13:55:00+03:00,0.3374452472531586,0.11795542277929852
2026-06-30 14:00:00+03:00,0.33618813854983265,0.04726922828524878
2026-06-30 14:05:00+03:00,0.34148331798988585,0.08645486128381619
2026-06-30 14:10:00+03:00,0.35522339076496595,0.1497095043316901
2026-06-30 14:15:00+03:00,0.3383998847354844,-0.016610765978293585
2026-06-30 14:20:00+03:00,0.32235721574173637,-0.0498567479818573
2026-06-30 14:25:00+03:00,0.28264150908907176,-0.27643870949076854
2026-06-30 14:30:00+03:00,0.25206483194128854,-0.3137386381693499
2026-06-30 14:35:00+03:00,0.2896150155822002,0.11283213092910035
2026-06-30 14:40:00+03:00,0.33770424785142067,0.2514472174260143
2026-06-30 14:45:00+03:00,0.36994437789863277,0.2525055383624738
2026-06-30 14:50:00+03:00,0.3618318439236218,0.07279610739107245
2026-06-30 14:55:00+03:00,0.3957252405451742,0.30892919922511786
2026-06-30 15:00:00+03:00,0.44632414079303706,0.47054674096877547
2026-06-30 15:05:00+03:00,0.4996461316037713,0.5862066100031901
2026-06-30 15:10:00+03:00,0.5348392939529167,0.5840681496167917
2026-06-30 15:15:00+03:00,0.5334440777441235,0.437973900918738
2026-06-30 15:20:00+03:00,0.5300029275809913,0.42347568228311816
2026-06-30 15:25:00+03:00,0.5479364965331291,0.5414278017528289
2026-06-30 15:30:00+03:00,0.5314176991260829,0.375966432735794
2026-06-30 15:35:00+03:00,0.5289914592350904,0.42543429635352326
2026-06-30 15:40:00+03:00,0.5270684785961639,0.4236716322573729
2026-06-30 15:45:00+03:00,0.5583340908019332,0.615701174080053
2026-06-30 15:50:00+03:00,0.556369552004471,0.4800808570081482
2026-06-30 15:55:00+03:00,0.5962563664326705,0.7319764810332127
2026-06-30 16:00:00+03:00,0.6059877669460153,0.6250687993574012
2026-06-30 16:05:00+03:00,0.6133380277068061,0.6303762428676984
2026-06-30 16:10:00+03:00,0.6263194424014733,0.6808824906088954
2026-06-30 16:15:00+03:00,0.6197884348872602,0.5870836899180037
2026-06-30 16:20:00+03:00,0.6367887456346139,0.7205443464578201
2026-06-30 16:25:00+03:00,0.6310120963270143,0.6128365895985797
2026-06-30 16:30:00+03:00,0.6496186486780696,0.755850188276861
2026-06-30 16:35:00+03:00,0.7091984162089741,1.13422607075665
2026-06-30 16:40:00+03:00,0.750923345755164,1.1548121639387203
2026-06-30 16:45:00+03:00,0.7297348058278595,0.7570238781486073
2026-06-30 16:50:00+03:00,0.7204167035432214,0.7896451458129327
2026-06-30 16:55:00+03:00,0.6567570057564545,0.43563184615240547
2026-06-30 17:00:00+03:00,0.5863413982919089,0.27409103351713765
2026-06-30 17:05:00+03:00,0.5453160605388894,0.3084533237358932
2026-06-30 17:10:00+03:00,0.5389813684984962,0.4296149854714314
2026-06-30 17:15:00+03:00,0.541847990973057,0.47066156715243024
2026-06-30 17:20:00+03:00,0.4996142280877265,0.2146490102933653
2026-06-30 17:25:00+03:00,0.48769419263140007,0.30958915475954496
2026-06-30 17:30:00+03:00,0.4661699814039759,0.2303643625882224
2026-06-30 17:35:00+03:00,0.46539002196052276,0.30954282017392387
2026-06-30 17:40:00+03:00,0.4660278328345168,0.3162400429929614
2026-06-30 17:45:00+03:00,0.46086677673087656,0.28385792011651767
2026-06-30 17:50:00+03:00,0.465637604286593,0.3314043598173477
2026-06-30 17:55:00+03:00,0.4655866295373808,0.31273393456393894
2026-07-01 09:55:00+03:00,0.36566358386063735,-0.3960003319812797
2026-07-01 10:00:00+03:00,0.43879563216899176,0.5439090258804515
2026-07-01 10:05:00+03:00,0.42205336027971435,0.16158663211831023
2026-07-01 10:10:00+03:00,0.4323688859474596,0.2886138970334586
2026-07-01 10:15:00+03:00,0.37630802337058816,-0.11234891501665581
2026-07-01 10:20:00+03:00,0.3001837896413733,-0.46092214301691736
2026-07-01 10:25:00+03:00,0.21423117708495093,-1.1173326437068163
2026-07-01 10:30:00+03:00,0.17870184183063043,-0.6356283547334153
2026-07-01 10:35:00+03:00,0.1394975399669337,-0.9318031341884994
2026-07-01 10:40:00+03:00,0.10940938658376136,-1.0413375716665394
2026-07-01 10:45:00+03:00,0.09326149484382533,-0.9328348044211634
2026-07-01 10:50:00+03:00,0.07894846859976931,-1.030288198056793
2026-07-01 10:55:00+03:00,0.07897715144027272,-0.7989819051759485
2026-07-01 11:00:00+03:00,0.06678910604212411,-1.1163031975310653
2026-07-01 11:05:00+03:00,0.058861321266614655,-1.1093478173786309
2026-07-01 11:10:00+03:00,0.050335600683414264,-1.2371351557851877
2026-07-01 11:15:00+03:00,0.0560982860099313,-0.8796962908336047
2026-07-01 11:20:00+03:00,0.05544528318734732,-0.9932815523351404
2026-07-01 11:25:00+03:00,0.060089479339062196,-0.8665062339672409
2026-07-01 11:30:00+03:00,0.06225662981040211,-0.8876105688537135
2026-07-01 11:35:00+03:00,0.06426046029111764,-0.8748140698009683
2026-07-01 11:40:00+03:00,0.06977797327967299,-0.7873784869381815
2026-07-01 11:45:00+03:00,0.07669631422808247,-0.7277893391452268
2026-07-01 11:50:00+03:00,0.08461544358264186,-0.6726411187687207
2026-07-01 11:55:00+03:00,0.08679630718185226,-0.7241586703436167
2026-07-01 12:00:00+03:00,0.12937235161494415,-0.24358269273393193
2026-07-01 12:05:00+03:00,0.1721627482147044,-0.12837624679612333
2026-07-01 12:10:00+03:00,0.18285192158534141,-0.2734215778847955
2026-07-01 12:15:00+03:00,0.21079029355735707,-0.1062447889246306
2026-07-01 12:20:00+03:00,0.22499992005349634,-0.13928070135791618
2026-07-01 12:25:00+03:00,0.20930220700060892,-0.35523535005458096
2026-07-01 12:30:00+03:00,0.22618255992990058,-0.122875231409411
2026-07-01 12:35:00+03:00,0.23174197034248714,-0.16643473352086627
2026-07-01 12:40:00+03:00,0.2429557597567922,-0.10939891871448829
2026-07-01 12:45:00+03:00,0.22556640307172848,-0.31412321005953725
2026-07-01 12:50:00+03:00,0.23442096598968903,-0.1425549795089424
2026-07-01 12:55:00+03:00,0.23355178171649738,-0.1957195315252309
2026-07-01 13:00:00+03:00,0.2332163364881076,-0.193749527874002
2026-07-01 13:05:00+03:00,0.23629951658762166,-0.16746566436524726
2026-07-01 13:10:00+03:00,0.3112771018788869,0.3045293642929956
2026-07-01 13:15:00+03:00,0.39805427830630297,0.5174447706790416
2026-07-01 13:20:00+03:00,0.3802672059973038,0.0708566477620737
2026-07-01 13:25:00+03:00,0.3794419765996206,0.13970951380615607
2026-07-01 13:30:00+03:00,0.39163276049257556,0.21636285888808626
2026-07-01 13:35:00+03:00,0.43485482598858577,0.41997294428425214
2026-07-01 13:40:00+03:00,0.43474702805082394,0.25271405943305847
2026-07-01 13:45:00+03:00,0.4675382901011358,0.442727793644748
2026-07-01 13:50:00+03:00,0.5131027996333508,0.582073516861459
2026-07-01 13:55:00+03:00,0.4210530868120526,-0.18197660994844592
2026-07-01 14:00:00+03:00,0.37912839905124623,-0.038254933398774976
2026-07-01 14:05:00+03:00,0.35651027522477047,-0.0019320167647528114
2026-07-01 14:10:00+03:00,0.3270547539172112,-0.10262843264154145
2026-07-01 14:15:00+03:00,0.332392268458438,0.06739974298008528
2026-07-01 14:20:00+03:00,0.35133821193144116,0.16292155653074528
2026-07-01 14:25:00+03:00,0.405714340480866,0.40684450671923955
2026-07-01 14:30:00+03:00,0.4363010916890065,0.37422870963024946
2026-07-01 14:35:00+03:00,0.4615260020752772,0.40206130427365816
2026-07-01 14:40:00+03:00,0.4660768900065934,0.3314032180095359
2026-07-01 14:45:00+03:00,0.4911480096798726,0.4584927568710495
2026-07-01 14:50:00+03:00,0.4748049465292273,0.26749968052191353
2026-07-01 14:55:00+03:00,0.45738397792771324,0.22922511853878624
2026-07-01 15:00:00+03:00,0.4535621726546138,0.2748840688790041
2026-07-01 15:05:00+03:00,0.3983248224037354,-0.05551041333672746
2026-07-01 15:10:00+03:00,0.4078165206758545,0.23758589829576968
2026-07-01 15:15:00+03:00,0.4090171643298807,0.20727249905091016
2026-07-01 15:20:00+03:00,0.4131575841471789,0.22705441439739815
2026-07-01 15:25:00+03:00,0.4097320659277056,0.19030336333646994
2026-07-01 15:30:00+03:00,0.4105611526716923,0.2088587317664103
2026-07-01 15:35:00+03:00,0.346175715122685,-0.23542139466360654
2026-07-01 15:40:00+03:00,0.35622076094979993,0.13668521796009347
2026-07-01 15:45:00+03:00,0.30922071675790974,-0.24160287437484299
2026-07-01 15:50:00+03:00,0.29979164023535343,-0.07181607369825324
2026-07-01 15:55:00+03:00,0.3108160813194653,0.04552260298310472
2026-07-01 16:00:00+03:00,0.2972603609123152,-0.09773783520771873
2026-07-01 16:05:00+03:00,0.2856714340580225,-0.1165351299989329
2026-07-01 16:10:00+03:00,0.31960993504402035,0.1594008634924871
2026-07-01 16:15:00+03:00,0.34193206050037156,0.15755934899664953
2026-07-01 16:20:00+03:00,0.37083915061487727,0.24121854138204474
2026-07-01 16:25:00+03:00,0.4213030284634666,0.421764535167068
2026-07-01 16:30:00+03:00,0.4836613448895966,0.590406828475394
2026-07-01 16:35:00+03:00,0.5458347957517102,0.719224803919623
2026-07-01 16:40:00+03:00,0.5895818766510464,0.7342698007326071
2026-07-01 16:45:00+03:00,0.5949392029083239,0.5849281910538771
2026-07-01 16:50:00+03:00,0.618416727523101,0.7088231611099166
2026-07-01 16:55:00+03:00,0.6215343289469455,0.6298238451685738
2026-07-01 17:00:00+03:00,0.5721551087952775,0.32797445726123614
2026-07-01 17:05:00+03:00,0.5311904316335486,0.2813697094758187
2026-07-01 17:10:00+03:00,0.4959223695017804,0.23481243333790272
2026-07-01 17:15:00+03:00,0.44589706799811824,0.07330447249262977
2026-07-01 17:20:00+03:00,0.39399962597821253,-0.050013101131630544
2026-07-01 17:25:00+03:00,0.3659882925565074,-0.0048634049064485985
2026-07-01 17:30:00+03:00,0.35473550351040806,0.04414999823047548
2026-07-01 17:35:00+03:00,0.37813127185221074,0.23390270402270041
2026-07-01 17:40:00+03:00,0.37802788016561445,0.13976988199668416
2026-07-01 17:45:00+03:00,0.3496629769424492,-0.043675925039088265
2026-07-01 17:50:00+03:00,0.36409891781264314,0.1704575617887209
2026-07-01 17:55:00+03:00,0.39588088862539356,0.3010775025052132
2026-07-02 09:55:00+03:00,0.3245610813875856,-0.34218080975597154
2026-07-02 10:00:00+03:00,0.2488577293453494,-0.6887990003207614
2026-07-02 10:05:00+03:00,0.17788949493883613,-1.1988045239891387
2026-07-02 10:10:00+03:00,0.14381981714332806,-0.8215303660394073
2026-07-02 10:15:00+03:00,0.10844096454666668,-1.1753929217597827
2026-07-02 10:20:00+03:00,0.10484837759734053,-0.6876427752466528
2026-07-02 10:25:00+03:00,0.09112596613871055,-0.9105392322434527
2026-07-02 10:30:00+03:00,0.07977284339533611,-0.9665310264723077
2026-07-02 10:35:00+03:00,0.06400854996867412,-1.2492680452967218
2026-07-02 10:40:00+03:00,0.06522284857127411,-0.8794848826953192
2026-07-02 10:45:00+03:00,0.05947632790170822,-1.0543037441962848
2026-07-02 10:50:00+03:00,0.05765395745426653,-0.9945014386302458
2026-07-02 10:55:00+03:00,0.05408607165693204,-1.0652650075002446
2026-07-02 11:00:00+03:00,0.06814709108251091,-0.6952809206449687
2026-07-02 11:05:00+03:00,0.07165304142231667,-0.8014230430106587
2026-07-02 11:10:00+03:00,0.06611741443101121,-0.9848515703746179
2026-07-02 11:15:00+03:00,0.0628507007051414,-0.9732533716516814
2026-07-02 11:20:00+03:00,0.06172978446414395,-0.9453613350052339
2026-07-02 11:25:00+03:00,0.06456586564409882,-0.8601511006579733
2026-07-02 11:30:00+03:00,0.059783571752976314,-1.031327544999995
2026-07-02 11:35:00+03:00,0.09047270762215767,-0.44617899849784803
2026-07-02 11:40:00+03:00,0.12192615150017799,-0.3328528247825142
2026-07-02 11:45:00+03:00,0.16742964262288967,-0.12663971439046434
2026-07-02 11:50:00+03:00,0.17437670440755917,-0.32198408057790895
2026-07-02 11:55:00+03:00,0.20221746515233555,-0.12798651143121667
2026-07-02 12:00:00+03:00,0.19024617606985902,-0.39431630371684123
2026-07-02 12:05:00+03:00,0.1778614980607106,-0.4415710535628681
2026-07-02 12:10:00+03:00,0.15022267696976582,-0.7026277155165428
2026-07-02 12:15:00+03:00,0.14364800498814131,-0.5308079025189888
2026-07-02 12:20:00+03:00,0.13496898221769127,-0.5877520266079423
2026-07-02 12:25:00+03:00,0.14013051522362133,-0.45140413884425723
2026-07-02 12:30:00+03:00,0.16176901698135235,-0.2710170655576938
2026-07-02 12:35:00+03:00,0.17252653911208563,-0.304076937929863
2026-07-02 12:40:00+03:00,0.1752359575869468,-0.3462751596788666
2026-07-02 12:45:00+03:00,0.17498390539975972,-0.3665626892150763
2026-07-02 12:50:00+03:00,0.16642478557664606,-0.4557230491076254
2026-07-02 12:55:00+03:00,0.1604154455483578,-0.4591681224826387
2026-07-02 13:00:00+03:00,0.20591631673752278,-0.034482159824426456
2026-07-02 13:05:00+03:00,0.20263584107322863,-0.2978640012052556
2026-07-02 13:10:00+03:00,0.2031475852670075,-0.2735963376855186
2026-07-02 13:15:00+03:00,0.1931075175006202,-0.37141636011180257
2026-07-02 13:20:00+03:00,0.18704028375893225,-0.36514508720116123
2026-07-02 13:25:00+03:00,0.15456724344435172,-0.733126614171569
2026-07-02 13:30:00+03:00,0.15262542183196107,-0.4578596122909041
2026-07-02 13:35:00+03:00,0.14681509931130607,-0.511250025081068
2026-07-02 13:40:00+03:00,0.15490445182106993,-0.3779642405501421
2026-07-02 13:45:00+03:00,0.15719389864860434,-0.4101684080401492
2026-07-02 13:50:00+03:00,0.16933367703918106,-0.30539208674348206
2026-07-02 13:55:00+03:00,0.18644686991954398,-0.22625470551163565
2026-07-02 14:00:00+03:00,0.2018525350619915,-0.19343125132252562
2026-07-02 14:05:00+03:00,0.20119957337624858,-0.28632576470868165
2026-07-02 14:10:00+03:00,0.20617373502189648,-0.23904628128364816
2026-07-02 14:15:00+03:00,0.21944920725761957,-0.1582795125256918
2026-07-02 14:20:00+03:00,0.23527667635137148,-0.1055959091374529
2026-07-02 14:25:00+03:00,0.23559547647322565,-0.18389062922780117
2026-07-02 14:30:00+03:00,0.2146553035184681,-0.37226318895370014
2026-07-02 14:35:00+03:00,0.18942067299603121,-0.4960111216929288
2026-07-02 14:40:00+03:00,0.1796499422749482,-0.416081288878266
2026-07-02 14:45:00+03:00,0.1610907842742324,-0.5590084389816127
2026-07-02 14:50:00+03:00,0.17670550091607795,-0.262558284755003
2026-07-02 14:55:00+03:00,0.21478139129798446,-0.048317794269454456
2026-07-02 15:00:00+03:00,0.22172934553514764,-0.185508267854981
2026-07-02 15:05:00+03:00,0.23690732410662513,-0.10478306812676699
2026-07-02 15:10:00+03:00,0.20922828896539442,-0.43869795136816003
2026-07-02 15:15:00+03:00,0.1845972352965158,-0.5106730399064923
2026-07-02 15:20:00+03:00,0.27346144492491953,0.2851081440441669
2026-07-02 15:25:00+03:00,0.2938581627330036,0.04937731875418197
2026-07-02 15:30:00+03:00,0.27893962197326094,-0.1502889356537628
2026-07-02 15:35:00+03:00,0.3080188988691531,0.11585692760527783
2026-07-02 15:40:00+03:00,0.32584131997259624,0.10613295096638142
2026-07-02 15:45:00+03:00,0.3064892614553175,-0.10350539417818358
2026-07-02 15:50:00+03:00,0.2901517846319332,-0.1290453061474289
2026-07-02 15:55:00+03:00,0.27127286467595335,-0.19114689620280637
2026-07-02 16:00:00+03:00,0.3020641808401318,0.11061816004030463
2026-07-02 16:05:00+03:00,0.3666258686268518,0.37091757224127353
2026-07-02 16:10:00+03:00,0.4532520291473353,0.6272281057217746
2026-07-02 16:15:00+03:00,0.5536160794938078,0.9173206622504158
2026-07-02 16:20:00+03:00,0.6435682827946186,1.117924284706211
2026-07-02 16:25:00+03:00,0.6955311506989754,1.0425300733309388
2026-07-02 16:30:00+03:00,0.6430643389678812,0.4523910382867816
2026-07-02 16:35:00+03:00,0.613119764411597,0.48161427675823587
2026-07-02 16:40:00+03:00,0.5307203178965885,0.11532761572072889
2026-07-02 16:45:00+03:00,0.4231403969549085,-0.2624254047046771
2026-07-02 16:50:00+03:00,0.37801359348203106,-0.05572138181828404
2026-07-02 16:55:00+03:00,0.3752855345191259,0.12339017516897356
2026-07-02 17:00:00+03:00,0.33212624409006747,-0.1587775159530795
2026-07-02 17:05:00+03:00,0.2911279205784705,-0.25908078393958267
2026-07-02 17:10:00+03:00,0.30320999686330197,0.03361031051800703
2026-07-02 17:15:00+03:00,0.3175471795210858,0.07409965985267644
2026-07-02 17:20:00+03:00,0.3243500652476831,0.05647951368408094
2026-07-02 17:25:00+03:00,0.3234636044406016,0.02117150435785034
2026-07-02 17:30:00+03:00,0.36739434217708805,0.29297973293078694
2026-07-02 17:35:00+03:00,0.42522546961454033,0.45771505192392326
2026-07-02 17:40:00+03:00,0.38718426348980717,-0.0023173794077643167
2026-07-02 17:45:00+03:00,0.36851980427527603,0.04190131535299173
2026-07-02 17:50:00+03:00,0.38380206805214734,0.21310715390905344
2026-07-02 17:55:00+03:00,0.3712103655359155,0.073687182344954
2026-07-03 09:55:00+03:00,0.3189816023478401,-0.24358373054726398
2026-07-03 10:00:00+03:00,0.2856956020074764,-0.2305886430580851
2026-07-03 10:05:00+03:00,0.2524161725896893,-0.32959834181957937
2026-07-03 10:10:00+03:00,0.2248060354054707,-0.38304762594957276
2026-07-03 10:15:00+03:00,0.29571966833894753,0.2585971597954206
2026-07-03 10:20:00+03:00,0.2733399965156518,-0.20447177713220957
2026-07-03 10:25:00+03:00,0.2902355675516434,0.026297840749821264
2026-07-03 10:30:00+03:00,0.3021573740604976,0.030615338424635458
2026-07-03 10:35:00+03:00,0.3239508430893736,0.11866665958658507
2026-07-03 10:40:00+03:00,0.34613059252084216,0.16546281998863413
2026-07-03 10:45:00+03:00,0.32468061493593364,-0.06980595918953539
2026-07-03 10:50:00+03:00,0.28240685532951654,-0.2924514935524597
2026-07-03 10:55:00+03:00,0.2670517971085217,-0.1836018973161909
2026-07-03 11:00:00+03:00,0.23184176721761102,-0.41141162019866484
2026-07-03 11:05:00+03:00,0.20275971330016357,-0.4737537435584489
2026-07-03 11:10:00+03:00,0.17647359442826052,-0.5593226518648529
2026-07-03 11:15:00+03:00,0.19714035837619806,-0.17795169881577774
2026-07-03 11:20:00+03:00,0.20749412499224287,-0.20550353152435644
2026-07-03 11:25:00+03:00,0.21778757715544575,-0.17821434041961118
2026-07-03 11:30:00+03:00,0.2471746413086956,-0.013905878480251363
2026-07-03 11:35:00+03:00,0.29787775605217875,0.18311935305709315
2026-07-03 11:40:00+03:00,0.28907751858660125,-0.09451119610304617
2026-07-03 11:45:00+03:00,0.2869011867499825,-0.06798719504637799
2026-07-03 11:50:00+03:00,0.2608674284379833,-0.26004251121399025
2026-07-03 11:55:00+03:00,0.29570059540898697,0.11418071411256668
2026-07-03 12:00:00+03:00,0.3472218053745889,0.28331440386717877
2026-07-03 12:05:00+03:00,0.38901603644275584,0.3264498208832094
2026-07-03 12:10:00+03:00,0.33961359560186827,-0.17180422074929566
2026-07-03 12:15:00+03:00,0.37773497450884047,0.29050668510089855
2026-07-03 12:20:00+03:00,0.33408799029140746,-0.15622839158380522
2026-07-03 12:25:00+03:00,0.3701794843049994,0.26797357790484
2026-07-03 12:30:00+03:00,0.40392888990559406,0.324184425079967
2026-07-03 12:35:00+03:00,0.3893424873445541,0.10339442832619873
2026-07-03 12:40:00+03:00,0.4103353401951777,0.28729930609973675
2026-07-03 12:45:00+03:00,0.36089280452490957,-0.1177398718728574
2026-07-03 12:50:00+03:00,0.35870869175760906,0.0912151937489303
2026-07-03 12:55:00+03:00,0.3643110642187631,0.135059377174328
2026-07-03 13:00:00+03:00,0.34266248932651155,-0.028871252839151262
2026-07-03 13:05:00+03:00,0.3469073140020282,0.09342916715108351
2026-07-03 13:10:00+03:00,0.3494689049121018,0.09174275373139913
2026-07-03 13:15:00+03:00,0.37186382558107267,0.21762510604286786
2026-07-03 13:20:00+03:00,0.34141759189666415,-0.07278632809691044
2026-07-03 13:25:00+03:00,0.32037161189617974,-0.07813697472072176
2026-07-03 13:30:00+03:00,0.3153451834364695,-0.015389890622512836
2026-07-03 13:35:00+03:00,0.2862198443551868,-0.20613705249791606
2026-07-03 13:40:00+03:00,0.3306457335995234,0.2232330743499268
2026-07-03 13:45:00+03:00,0.31525453166071327,-0.06344403606047633
2026-07-03 13:50:00+03:00,0.2916872841167205,-0.16203057446250288
2026-07-03 13:55:00+03:00,0.26826386020391607,-0.22418238170727364
2026-07-03 14:00:00+03:00,0.2394829810437441,-0.3421815969218577
2026-07-03 14:05:00+03:00,0.26343913262090124,-0.001758800884211209
2026-07-03 14:10:00+03:00,0.31734061444424294,0.23433610832898374
2026-07-03 14:15:00+03:00,0.32316986273446413,0.04975812758994098
2026-07-03 14:20:00+03:00,0.326919771871806,0.04887733505923735
2026-07-03 14:25:00+03:00,0.3147201342176135,-0.04974268885436001
2026-07-03 14:30:00+03:00,0.2693304779635582,-0.3531246037304061
2026-07-03 14:35:00+03:00,0.2356078970165689,-0.3879117478304287
2026-07-03 14:40:00+03:00,0.26863387439665687,0.04945107244169975
2026-07-03 14:45:00+03:00,0.2718410891914544,-0.07819462404088001
2026-07-03 14:50:00+03:00,0.24261485233496066,-0.3349913122024407
2026-07-03 14:55:00+03:00,0.22991732499213055,-0.2725600540175698
2026-07-03 15:00:00+03:00,0.2492310418386722,-0.0554908630423846
2026-07-03 15:05:00+03:00,0.2817595665878293,0.07536040886458018
2026-07-03 15:10:00+03:00,0.286225356952236,-0.03853643920896502
2026-07-03 15:15:00+03:00,0.35548035820092194,0.3675418796483245
2026-07-03 15:20:00+03:00,0.40625576564233856,0.39405726345212067
2026-07-03 15:25:00+03:00,0.4357472687420136,0.36896197127677977
2026-07-03 15:30:00+03:00,0.514092412953819,0.7205298651916796
2026-07-03 15:35:00+03:00,0.503651557066146,0.3459969367448328
2026-07-03 15:40:00+03:00,0.5414785422957354,0.6081076878170819
2026-07-03 15:45:00+03:00,0.520234112687938,0.33633950309711347
2026-07-03 15:50:00+03:00,0.5074041416022338,0.34402621885006945
2026-07-03 15:55:00+03:00,0.4515478079222286,0.060503732483679504
2026-07-03 16:00:00+03:00,0.4276439269859672,0.14387812367551414
2026-07-03 16:05:00+03:00,0.4377600528827596,0.29827094265847776
2026-07-03 16:10:00+03:00,0.39922904473566945,0.022218408010848997
2026-07-03 16:15:00+03:00,0.3533919328851648,-0.11845972319972997
2026-07-03 16:20:00+03:00,0.3439175061699505,0.028359448871087323
2026-07-03 16:25:00+03:00,0.3285851753070865,-0.03218061590170607
2026-07-03 16:30:00+03:00,0.3166715102107031,-0.043882070047591815
2026-07-03 16:35:00+03:00,0.2973343383075398,-0.12608070482173891
2026-07-03 16:40:00+03:00,0.28992074965544573,-0.08577472198619526
2026-07-03 16:45:00+03:00,0.2838904863796066,-0.09365546382062562
2026-07-03 16:50:00+03:00,0.2905327290501246,-0.018731202289414273
2026-07-03 16:55:00+03:00,0.3304349810408253,0.20493571300070815
2026-07-03 17:00:00+03:00,0.3659786714015717,0.2576595968047905
2026-07-03 17:05:00+03:00,0.3948669612583943,0.28792382127875
2026-07-03 17:10:00+03:00,0.4006631198338236,0.2089302320445862
2026-07-03 17:15:00+03:00,0.3936964222828276,0.14372916157397314
2026-07-03 17:20:00+03:00,0.39422928973642596,0.1751271517555934
2026-07-03 17:25:00+03:00,0.4224037765545576,0.33827657651187526
2026-07-03 17:30:00+03:00,0.42349354366727,0.23537535869318013
2026-07-03 17:35:00+03:00,0.38240420405898645,-0.026905350481074425
2026-07-03 17:40:00+03:00,0.39114177695237196,0.2017163420703993
2026-07-03 17:45:00+03:00,0.3594121354654851,-0.03670243163236095
2026-07-03 17:50:00+03:00,0.3400269996438156,-0.024552830069532933
2026-07-03 17:55:00+03:00,0.27435888975422473,-0.4798825685234266
2026-07-06 09:55:00+03:00,0.2232074218399928,-0.5727076956140047
2026-07-06 10:00:00+03:00,0.17840755243111733,-0.7379288992562463
2026-07-06 10:05:00+03:00,0.16296636297995765,-0.5241393458689958
2026-07-06 10:10:00+03:00,0.13378093825999782,-0.8233877000764772
2026-07-06 10:15:00+03:00,0.10824515784526478,-0.9655778910541151
2026-07-06 10:20:00+03:00,0.07914425429655562,-1.4654935067857109
2026-07-06 10:25:00+03:00,0.062352710507321364,-1.309300226436051
2026-07-06 10:30:00+03:00,0.04834160604032028,-1.4802883347665712
2026-07-06 10:35:00+03:00,0.036540460252817535,-1.7004481100257607
2026-07-06 10:40:00+03:00,0.029120540529169403,-1.6524302068859154
2026-07-06 10:45:00+03:00,0.046435849907292576,-0.7857437805317734
2026-07-06 10:50:00+03:00,0.04090924249212618,-1.290980347672681
2026-07-06 10:55:00+03:00,0.035834077976708706,-1.365255923485101
2026-07-06 11:00:00+03:00,0.028503293762777663,-1.6676224609444723
2026-07-06 11:05:00+03:00,0.02780875857324937,-1.3513398255641362
2026-07-06 11:10:00+03:00,0.021212479650552094,-1.9322770405623444
2026-07-06 11:15:00+03:00,0.01617832165386144,-2.063693722103843
2026-07-06 11:20:00+03:00,0.011852108523654948,-2.3754386831946643
2026-07-06 11:25:00+03:00,0.01093539621197176,-1.8710344861429455
2026-07-06 11:30:00+03:00,0.014099661800342325,-1.4776731598046404
2026-07-06 11:35:00+03:00,0.01815074096673713,-1.3544603282271455
2026-07-06 11:40:00+03:00,0.035251237719062606,-0.8659539696886777
2026-07-06 11:45:00+03:00,0.085139757762589,-0.33258617159326387
2026-07-06 11:50:00+03:00,0.09155845944453371,-0.6520667626097921
2026-07-06 11:55:00+03:00,0.08057942726753314,-0.9528434028656505
2026-07-06 12:00:00+03:00,0.08008324193827235,-0.7986105889195414
2026-07-06 12:05:00+03:00,0.13047952745316657,-0.19717908063664283
2026-07-06 12:10:00+03:00,0.26886993673595666,0.4669244463871294
2026-07-06 12:15:00+03:00,0.302509189811758,0.1233042894307165
2026-07-06 12:20:00+03:00,0.2948721997898897,-0.07499182323770606
2026-07-06 12:25:00+03:00,0.27385548778169344,-0.19569622622494523
2026-07-06 12:30:00+03:00,0.2556635274342568,-0.23015134586083627
2026-07-06 12:35:00+03:00,0.19955270920862822,-0.7467504759199611
2026-07-06 12:40:00+03:00,0.18346928295516976,-0.44822539775478154
2026-07-06 12:45:00+03:00,0.17672538470893853,-0.40500484013864124
2026-07-06 12:50:00+03:00,0.15282931836269686,-0.6487848893552084
2026-07-06 12:55:00+03:00,0.11904792458338088,-1.0187416328502064
2026-07-06 13:00:00+03:00,0.1387771579790511,-0.35415744223029877
2026-07-06 13:05:00+03:00,0.15453209789911532,-0.32901307317049144
2026-07-06 13:10:00+03:00,0.17019074330816658,-0.2814977355808129
2026-07-06 13:15:00+03:00,0.23726674857010283,0.1266590169118735
2026-07-06 13:20:00+03:00,0.26481413827160566,0.017248316922026594
2026-07-06 13:25:00+03:00,0.3272160493653743,0.28671600874621284
2026-07-06 13:30:00+03:00,0.3724336819737932,0.30768837764531476
2026-07-06 13:35:00+03:00,0.43734299465960513,0.5087432356491806
2026-07-06 13:40:00+03:00,0.4161730468292258,0.13161384913142862
2026-07-06 13:45:00+03:00,0.36953082859940223,-0.08300487615248678
2026-07-06 13:50:00+03:00,0.2936727584517649,-0.48406835468840415
2026-07-06 13:55:00+03:00,0.2517659697933781,-0.38863351262062806
2026-07-06 14:00:00+03:00,0.4118733070937918,0.8613451222482856
2026-07-06 14:05:00+03:00,0.5228219688204023,0.892721848694318
2026-07-06 14:10:00+03:00,0.5212457055053817,0.4138114076105113
2026-07-06 14:15:00+03:00,0.4765521070170679,0.15874982621628242
2026-07-06 14:20:00+03:00,0.4174428178117305,-0.029194037288366698
2026-07-06 14:25:00+03:00,0.3630244787534824,-0.13733361559630738
2026-07-06 14:30:00+03:00,0.28219507361600643,-0.5743719621802894
2026-07-06 14:35:00+03:00,0.2628232048664723,-0.21680452789477409
2026-07-06 14:40:00+03:00,0.2807834984272555,0.010162449332458454
2026-07-06 14:45:00+03:00,0.3241292996604501,0.20608837200044167
2026-07-06 14:50:00+03:00,0.34358617655218665,0.14929598306464492
2026-07-06 14:55:00+03:00,0.47409709973331193,0.868785828220967
2026-07-06 15:00:00+03:00,0.5756491267231935,0.9828062628078917
2026-07-06 15:05:00+03:00,0.6188474817287652,0.7976119549548435
2026-07-06 15:10:00+03:00,0.5772601875120867,0.3677246700556589
2026-07-06 15:15:00+03:00,0.5207243477106622,0.1998012700358322
2026-07-06 15:20:00+03:00,0.47615599188925495,0.1584553431226573
2026-07-06 15:25:00+03:00,0.44497815286386516,0.14954487943344644
2026-07-06 15:30:00+03:00,0.45858492634624964,0.3518147019292913
2026-07-06 15:35:00+03:00,0.6151327013445185,1.6071459482325263
2026-07-06 15:40:00+03:00,0.7394465727595165,2.4981840485148328
2026-07-06 15:45:00+03:00,0.8225399892658289,2.52549571381527
2026-07-06 15:50:00+03:00,0.8787232893747062,2.639498385909201
2026-07-06 15:55:00+03:00,0.9158826924865657,2.593470872128519
2026-07-06 16:00:00+03:00,0.9412685012171738,2.6940613502309305
2026-07-06 16:05:00+03:00,0.95590139384921,2.392112828246635
2026-07-06 16:10:00+03:00,0.9643507815161041,2.2777585958910707
2026-07-06 16:15:00+03:00,0.9731231345527243,2.617091069390553
2026-07-06 16:20:00+03:00,0.9796062532202797,2.7275290652914617
2026-07-06 16:25:00+03:00,0.9847042473555595,2.9090389989329295
2026-07-06 16:30:00+03:00,0.9816249954753985,2.1459537872458436
2026-07-06 16:35:00+03:00,0.9809433908894128,2.2360240947366568
2026-07-06 16:40:00+03:00,0.9801905371431695,2.214997595525683
2026-07-06 16:45:00+03:00,0.9406027571436817,1.2556811420575396
2026-07-06 16:50:00+03:00,0.7920889088891817,0.36959711326392586
2026-07-06 16:55:00+03:00,0.610097028638592,-0.15798698187792162
2026-07-06 17:00:00+03:00,0.42237908786925715,-1.0653410701907695
2026-07-06 17:05:00+03:00,0.30575541611874474,-0.8437182646545459
2026-07-06 17:10:00+03:00,0.2178818359938054,-1.1196014424187728
2026-07-06 17:15:00+03:00,0.15615227540530655,-1.2460236061541263
2026-07-06 17:20:00+03:00,0.11512810134576648,-1.2401919661858258
2026-07-06 17:25:00+03:00,0.08843632968705621,-1.211418019545848
2026-07-06 17:30:00+03:00,0.08110897734578464,-0.888666369949241
2026-07-06 17:35:00+03:00,0.07056596291675693,-1.0388135155221567
2026-07-06 17:40:00+03:00,0.0727138957649886,-0.8124863400516165
2026-07-06 17:45:00+03:00,0.0699914681610941,-0.9036192870212034
2026-07-06 17:50:00+03:00,0.06032591622532718,-1.1333295494997102
2026-07-06 17:55:00+03:00,0.09282435047943614,-0.4242890863423935
2026-07-07 09:55:00+03:00,0.11861535944822331,-0.380967007338073
2026-07-07 10:00:00+03:00,0.19474499737762904,0.07575777848729
2026-07-07 10:05:00+03:00,0.21190155325304644,-0.15772483613016616
2026-07-07 10:10:00+03:00,0.27930353841886857,0.21259488947492367
2026-07-07 10:15:00+03:00,0.27940602751319477,-0.0749613697110576
2026-07-07 10:20:00+03:00,0.29977729457782554,0.06196718917486837
2026-07-07 10:25:00+03:00,0.27958256753067384,-0.1760536338055895
2026-07-07 10:30:00+03:00,0.22704925570113474,-0.5678597738712394
2026-07-07 10:35:00+03:00,0.23540833761002933,-0.1425641146136545
2026-07-07 10:40:00+03:00,0.26213844182607093,0.007709445295920561
2026-07-07 10:45:00+03:00,0.23543318808587996,-0.3418546081751309
2026-07-07 10:50:00+03:00,0.2521417828823795,-0.060885318261873544
2026-07-07 10:55:00+03:00,0.20141136909035742,-0.6753184701867403
2026-07-07 11:00:00+03:00,0.19109065254954144,-0.38011200940112166
2026-07-07 11:05:00+03:00,0.2718140681687679,0.25023250463780666
2026-07-07 11:10:00+03:00,0.25100833818006607,-0.2583107156855716
2026-07-07 11:15:00+03:00,0.24860802312139516,-0.16396823819239467
2026-07-07 11:20:00+03:00,0.20055883837592456,-0.6517353454765124
2026-07-07 11:25:00+03:00,0.24703836656109912,0.060850724921996203
2026-07-07 11:30:00+03:00,0.2975833207209124,0.18189741757744377
2026-07-07 11:35:00+03:00,0.28878521708515026,-0.0952101225211063
2026-07-07 11:40:00+03:00,0.30337448389381405,0.04484851085561781
2026-07-07 11:45:00+03:00,0.330979574319337,0.15677715052151425
2026-07-07 11:50:00+03:00,0.33606480673094496,0.07412875346213263
2026-07-07 11:55:00+03:00,0.3468341458531313,0.12038926477094195
2026-07-07 12:00:00+03:00,0.3280247796689002,-0.04954434344858255
2026-07-07 12:05:00+03:00,0.28566982737154845,-0.2831336770825349
2026-07-07 12:10:00+03:00,0.28276362414614464,-0.0813149335532313
2026-07-07 12:15:00+03:00,0.29856558328248956,0.03968736832264094
2026-07-07 12:20:00+03:00,0.28745036065909174,-0.10980115783905103
2026-07-07 12:25:00+03:00,0.26876842679728236,-0.19682170616184194
2026-07-07 12:30:00+03:00,0.2316351685661172,-0.42592454455387496
2026-07-07 12:35:00+03:00,0.2150379280560305,-0.3424323563244328
2026-07-07 12:40:00+03:00,0.2012844591331754,-0.36890555616909027
2026-07-07 12:45:00+03:00,0.1900200105756905,-0.3902188644005259
2026-07-07 12:50:00+03:00,0.17437655786765366,-0.4796204353815998
2026-07-07 12:55:00+03:00,0.16765575016224307,-0.43743180499286727
2026-07-07 13:00:00+03:00,0.177283569845265,-0.2964520793674498
2026-07-07 13:05:00+03:00,0.1628799597320944,-0.5158690551834344
2026-07-07 13:10:00+03:00,0.14986912103147962,-0.5595609747016481
2026-07-07 13:15:00+03:00,0.1143473454809779,-1.1058850030153762
2026-07-07 13:20:00+03:00,0.09382780261615492,-1.0060858879492989
2026-07-07 13:25:00+03:00,0.0768566784956297,-1.1104134252492606
2026-07-07 13:30:00+03:00,0.0655098672552768,-1.1115615466450612
2026-07-07 13:35:00+03:00,0.05207255888068296,-1.3746565407337792
2026-07-07 13:40:00+03:00,0.045221497781854685,-1.2641468202450876
2026-07-07 13:45:00+03:00,0.03936564876785671,-1.3288260361749908
2026-07-07 13:50:00+03:00,0.05734657520173661,-0.7118363128569591
2026-07-07 13:55:00+03:00,0.06561861608232747,-0.7787270586052114
2026-07-07 14:00:00+03:00,0.09375994317115217,-0.45294848116088404
2026-07-07 14:05:00+03:00,0.10472246376867682,-0.5472993255391567
2026-07-07 14:10:00+03:00,0.11192508422584468,-0.5486765493336392
2026-07-07 14:15:00+03:00,0.10003505179194255,-0.8176037853925721
2026-07-07 14:20:00+03:00,0.10476523158130303,-0.6036011672875811
2026-07-07 14:25:00+03:00,0.09198576290777795,-0.8888786655379872
2026-07-07 14:30:00+03:00,0.09182707575699554,-0.7221257720138741
2026-07-07 14:35:00+03:00,0.14196923278564078,-0.16802042729281605
2026-07-07 14:40:00+03:00,0.1549508203890911,-0.34543551153957086
2026-07-07 14:45:00+03:00,0.16349545960947998,-0.34650225973967086
2026-07-07 14:50:00+03:00,0.16368570822593997,-0.40210037424394185
2026-07-07 14:55:00+03:00,0.1910430058821002,-0.15890707879205354
2026-07-07 15:00:00+03:00,0.174472577427407,-0.4865341843948624
2026-07-07 15:05:00+03:00,0.1551699939082943,-0.5926068122183633
2026-07-07 15:10:00+03:00,0.15188874888633314,-0.47092564261122793
2026-07-07 15:15:00+03:00,0.18351860613086743,-0.15626891577970312
2026-07-07 15:20:00+03:00,0.1904690694661662,-0.27300921023671143
2026-07-07 15:25:00+03:00,0.2014662159410086,-0.21851410667705393
2026-07-07 15:30:00+03:00,0.18820017213412088,-0.4105389563560833
2026-07-07 15:35:00+03:00,0.20469940257221905,-0.1800040647332319
2026-07-07 15:40:00+03:00,0.20933348164442497,-0.23205337888371882
2026-07-07 15:45:00+03:00,0.24197416201294336,-0.010957005846090204
2026-07-07 15:50:00+03:00,0.23262961511847705,-0.24524684552755646
2026-07-07 15:55:00+03:00,0.23350544323563382,-0.18648946563792676
2026-07-07 16:00:00+03:00,0.2225632293219161,-0.2839740322965515
2026-07-07 16:05:00+03:00,0.2094905779149829,-0.3376049161353285
2026-07-07 16:10:00+03:00,0.20597420956402532,-0.2891870991021702
2026-07-07 16:15:00+03:00,0.16360866342210634,-0.8000172958555973
2026-07-07 16:20:00+03:00,0.14224773754322387,-0.677587430094925
2026-07-07 16:25:00+03:00,0.1513468437777948,-0.3831863087114933
2026-07-07 16:30:00+03:00,0.1831090740491767,-0.15664268383614507
2026-07-07 16:35:00+03:00,0.21577635791968341,-0.07139475441868512
2026-07-07 16:40:00+03:00,0.19348291821000918,-0.45727536938600266
2026-07-07 16:45:00+03:00,0.18640193204019284,-0.37406123190781215
2026-07-07 16:50:00+03:00,0.18065920465024915,-0.38445258868628884
2026-07-07 16:55:00+03:00,0.18195445668749421,-0.33377066320118887
2026-07-07 17:00:00+03:00,0.20778090442947944,-0.12414658867921727
2026-07-07 17:05:00+03:00,0.2419310853758262,-0.004267299466606464
2026-07-07 17:10:00+03:00,0.23972022031232743,-0.18637909896655855
2026-07-07 17:15:00+03:00,0.22434058136580826,-0.3054902100295126
2026-07-07 17:20:00+03:00,0.19485900005823603,-0.5083782557719874
2026-07-07 17:25:00+03:00,0.1936599326772063,-0.31265132990146005
2026-07-07 17:30:00+03:00,0.18755000585430504,-0.36373577550941016
2026-07-07 17:35:00+03:00,0.1363421681682274,-1.227645942401557
2026-07-07 17:40:00+03:00,0.10138624468652895,-1.2648541955177535
2026-07-07 17:45:00+03:00,0.07750963342556728,-1.292633021201389
2026-07-07 17:50:00+03:00,0.06183184091806043,-1.280809224368039
2026-07-07 17:55:00+03:00,0.05185872558649712,-1.2580053954359793
2026-07-08 09:55:00+03:00,0.041171110139724645,-1.493067279537276
2026-07-08 10:00:00+03:00,0.06878941896950186,-0.5587718445955524
2026-07-08 10:05:00+03:00,0.07474196959831458,-0.7508822668130453
2026-07-08 10:10:00+03:00,0.06224469584927904,-1.1811547761019985
2026-07-08 10:15:00+03:00,0.04770403984403698,-1.5229498678583508
2026-07-08 10:20:00+03:00,0.05202264340982933,-0.935404000954176
2026-07-08 10:25:00+03:00,0.061100225884477014,-0.7975279552806945
2026-07-08 10:30:00+03:00,0.07821650439554688,-0.6120825887997858
2026-07-08 10:35:00+03:00,0.09525868333668053,-0.5357124564119876
2026-07-08 10:40:00+03:00,0.10259571489745763,-0.5893311457274685
2026-07-08 10:45:00+03:00,0.12748505622379944,-0.3573476792342337
2026-07-08 10:50:00+03:00,0.13914035371736755,-0.40777316714432366
2026-07-08 10:55:00+03:00,0.12924113189279768,-0.6267059381115094
2026-07-08 11:00:00+03:00,0.16529968681857587,-0.18074854566602963
2026-07-08 11:05:00+03:00,0.19303773229679702,-0.15180009766975208
2026-07-08 11:10:00+03:00,0.2768336483794878,0.27198393989632824
2026-07-08 11:15:00+03:00,0.22310999039517024,-0.5968239858940134
2026-07-08 11:20:00+03:00,0.33154909768571644,0.47230031087256585
2026-07-08 11:25:00+03:00,0.32167326319720585,-0.02303847626228081
2026-07-08 11:30:00+03:00,0.3558850839082821,0.23269685520870434
2026-07-08 11:35:00+03:00,0.43728501007706133,0.5737686782552146
2026-07-08 11:40:00+03:00,0.5794772157662946,1.2655382303304663
2026-07-08 11:45:00+03:00,0.6521887008446209,1.037027390452173
2026-07-08 11:50:00+03:00,0.7238728670834962,1.2794714719098088
2026-07-08 11:55:00+03:00,0.6178201568070004,0.19594812148899532
2026-07-08 12:00:00+03:00,0.5955106099809515,0.477076290727075
2026-07-08 12:05:00+03:00,0.6007969263059783,0.5964390458213201
2026-07-08 12:10:00+03:00,0.5776290249536493,0.439205990438185
2026-07-08 12:15:00+03:00,0.6029911748288731,0.6839169717598927
2026-07-08 12:20:00+03:00,0.6168191140249976,0.6644528208259649
2026-07-08 12:25:00+03:00,0.5341646912121333,0.12138494346613701
2026-07-08 12:30:00+03:00,0.433814885749038,-0.19221902836403074
2026-07-08 12:35:00+03:00,0.35787185907475677,-0.2682557361273069
2026-07-08 12:40:00+03:00,0.3131342250013119,-0.21796562175875497
2026-07-08 12:45:00+03:00,0.3728175203399925,0.36407498278766603
2026-07-08 12:50:00+03:00,0.43913155908571677,0.5177406345119627
2026-07-08 12:55:00+03:00,0.4688444245185037,0.43338398948879997
2026-07-08 13:00:00+03:00,0.37362421303537247,-0.3381225135649518
2026-07-08 13:05:00+03:00,0.3272374066966775,-0.18860738724286688
2026-07-08 13:10:00+03:00,0.25188511725642,-0.6687945322166979
2026-07-08 13:15:00+03:00,0.1961850599007914,-0.7622821714006395
2026-07-08 13:20:00+03:00,0.15473177920331024,-0.8486109190068408
2026-07-08 13:25:00+03:00,0.11858156982148954,-1.072488532286642
2026-07-08 13:30:00+03:00,0.09860710572310105,-0.9525234457322713
2026-07-08 13:35:00+03:00,0.09331074095102695,-0.7752050915780078
2026-07-08 13:40:00+03:00,0.0867033911373665,-0.8367659048567616
2026-07-08 13:45:00+03:00,0.07859948679142606,-0.9210136346910387
2026-07-08 13:50:00+03:00,0.08220036995533632,-0.7344159398234419
2026-07-08 13:55:00+03:00,0.08291568286824924,-0.765000514179376
2026-07-08 14:00:00+03:00,0.06773554260110484,-1.1794837509400522
2026-07-08 14:05:00+03:00,0.09008348477931287,-0.5129554899977482
2026-07-08 14:10:00+03:00,0.0845248876150442,-0.8373369157167055
2026-07-08 14:15:00+03:00,0.08142161187654996,-0.8247312547215305
2026-07-08 14:20:00+03:00,0.07661353700345597,-0.8844821921209054
2026-07-08 14:25:00+03:00,0.061589914126760854,-1.2637808739061354
2026-07-08 14:30:00+03:00,0.05273108784402236,-1.2119764709162169
2026-07-08 14:35:00+03:00,0.042993695655279385,-1.4085648907014503
2026-07-08 14:40:00+03:00,0.030166221290487,-2.209997787774352
2026-07-08 14:45:00+03:00,0.02118708065376871,-2.37107864042874
2026-07-08 14:50:00+03:00,0.01575825080754259,-2.170097647540451
2026-07-08 14:55:00+03:00,0.011485911763979766,-2.4159691883660903
2026-07-08 15:00:00+03:00,0.00851692625489732,-2.479204767084555
2026-07-08 15:05:00+03:00,0.006809787439569327,-2.3468458142018993
2026-07-08 15:10:00+03:00,0.005012388861576039,-2.766860495187534
2026-07-08 15:15:00+03:00,0.0037664679838684003,-2.817930252619972
2026-07-08 15:20:00+03:00,0.0031410237708235107,-2.6286131385538303
2026-07-08 15:25:00+03:00,0.003627058261436999,-2.2007022752227727
2026-07-08 15:30:00+03:00,0.005695772340035896,-1.8336080014717042
2026-07-08 15:35:00+03:00,0.007531513171555091,-1.7703757784087895
2026-07-08 15:40:00+03:00,0.008134193041663585,-1.8585574394385047
2026-07-08 15:45:00+03:00,0.012155750309633492,-1.4832016814880016
2026-07-08 15:50:00+03:00,0.0186718999933544,-1.2612502761569269
2026-07-08 15:55:00+03:00,0.024571439665964066,-1.1930578107802097
2026-07-08 16:00:00+03:00,0.02941135387799902,-1.1570926108225372
2026-07-08 16:05:00+03:00,0.034255958592646664,-1.0985097059488047
2026-07-08 16:10:00+03:00,0.038365232817794095,-1.0692093905296145
2026-07-08 16:15:00+03:00,0.04056239804898482,-1.0870836747139354
2026-07-08 16:20:00+03:00,0.06049340139740754,-0.6731632106038204
2026-07-08 16:25:00+03:00,0.06233056897596818,-0.8921524046023757
2026-07-08 16:30:00+03:00,0.06038606472988103,-0.9716328692474412
2026-07-08 16:35:00+03:00,0.060121744079842596,-0.9444604288207403
2026-07-08 16:40:00+03:00,0.06002548825020425,-0.9424108083748886
2026-07-08 16:45:00+03:00,0.062409801536175716,-0.8830944412417543
2026-07-08 16:50:00+03:00,0.06940048107922729,-0.7710230061581069
2026-07-08 16:55:00+03:00,0.06755180806247338,-0.9091464584990583
2026-07-08 17:00:00+03:00,0.0575356451005293,-1.1777789722237568
2026-07-08 17:05:00+03:00,0.05282155662373917,-1.1048486019698864
2026-07-08 17:10:00+03:00,0.038933559590372,-1.7723472321338647
2026-07-08 17:15:00+03:00,0.028544463899373224,-1.9478182374930342
2026-07-08 17:20:00+03:00,0.021095208288026707,-2.056892738291235
2026-07-08 17:25:00+03:00,0.015318238883289412,-2.297201642051464
2026-07-08 17:30:00+03:00,0.011700587632907761,-2.214935620286489
2026-07-08 17:35:00+03:00,0.009603616539046839,-2.1224364745449362
2026-07-08 17:40:00+03:00,0.008238662426167323,-2.11368131414896
2026-07-08 17:45:00+03:00,0.006962689312092234,-2.2208580450741695
2026-07-08 17:50:00+03:00,0.006088849190303954,-2.2285194473601906
2026-07-08 17:55:00+03:00,0.013663581267143732,-1.3085552198066666
2026-07-09 09:55:00+03:00,0.06940967806878824,-0.3454747645096131
2026-07-09 10:00:00+03:00,0.16929578270799964,0.12182208111889789
2026-07-09 10:05:00+03:00,0.16019834917633682,-0.4838837962542628
2026-07-09 10:10:00+03:00,0.21203007504327012,0.007920161159187367
2026-07-09 10:15:00+03:00,0.28470784635519136,0.24397958715531876
2026-07-09 10:20:00+03:00,0.2659311781006741,-0.20502374958546946
2026-07-09 10:25:00+03:00,0.24829765206410764,-0.24784669871215217
2026-07-09 10:30:00+03:00,0.25176073140629923,-0.12601341655848025
2026-07-09 10:35:00+03:00,0.22684233823120373,-0.3581974891434123
2026-07-09 10:40:00+03:00,0.242325170705148,-0.09012058885677329
2026-07-09 10:45:00+03:00,0.2726738973260435,0.04661619450348427
2026-07-09 10:50:00+03:00,0.29503808325981956,0.06035684495746441
2026-07-09 10:55:00+03:00,0.2998532758517396,-0.005944930494492018
2026-07-09 11:00:00+03:00,0.2799566191867341,-0.1734994508283975
2026-07-09 11:05:00+03:00,0.24411395533213776,-0.37342664503083633
2026-07-09 11:10:00+03:00,0.2318906729232689,-0.26398927764071634
2026-07-09 11:15:00+03:00,0.24264766816724018,-0.1124097267597289
2026-07-09 11:20:00+03:00,0.22402846943703675,-0.3266466586935207
2026-07-09 11:25:00+03:00,0.20479855766608868,-0.3941947331653739
2026-07-09 11:30:00+03:00,0.2397368828870673,-0.0056534065637306175
2026-07-09 11:35:00+03:00,0.2695895774123831,0.03778896998155169
2026-07-09 11:40:00+03:00,0.26969369607186483,-0.09833898245448139
2026-07-09 11:45:00+03:00,0.2655352037908556,-0.12969448193917021
2026-07-09 11:50:00+03:00,0.3033271359800986,0.14199299259847098
2026-07-09 11:55:00+03:00,0.3119518393245922,0.03758537417689985
2026-07-09 12:00:00+03:00,0.31739750353949836,0.03560172389906803
2026-07-09 12:05:00+03:00,0.35613630577468547,0.2509221620774107
2026-07-09 12:10:00+03:00,0.39394269125928044,0.32057899811510093
2026-07-09 12:15:00+03:00,0.37175138249851697,0.03359857923858198
2026-07-09 12:20:00+03:00,0.3442802497061661,-0.05203362517440563
2026-07-09 12:25:00+03:00,0.3099515803488226,-0.1705309766428499
2026-07-09 12:30:00+03:00,0.3089193069609223,-0.011860638250185823
2026-07-09 12:35:00+03:00,0.2885282218257143,-0.1537744745779012
2026-07-09 12:40:00+03:00,0.24509731634292714,-0.42279530156880185
2026-07-09 12:45:00+03:00,0.21310457440083874,-0.4564314687887615
2026-07-09 12:50:00+03:00,0.19623322106980196,-0.40763367061097766
2026-07-09 12:55:00+03:00,0.1732187978769475,-0.5449507919209997
2026-07-09 13:00:00+03:00,0.15686722640334147,-0.5581625397215517
2026-07-09 13:05:00+03:00,0.1266592875730378,-0.8902994289622288
2026-07-09 13:10:00+03:00,0.1178752334909631,-0.6734198320171113
2026-07-09 13:15:00+03:00,0.10744588169459728,-0.751245459692803
2026-07-09 13:20:00+03:00,0.09333463021807416,-0.8991441826497568
2026-07-09 13:25:00+03:00,0.08495095469057817,-0.8754519032076633
2026-07-09 13:30:00+03:00,0.07658679606502697,-0.9421933553656767
2026-07-09 13:35:00+03:00,0.08242948146785369,-0.7072809214562803
2026-07-09 13:40:00+03:00,0.07848994769878487,-0.8574186704597142
2026-07-09 13:45:00+03:00,0.08191377638364418,-0.7382039357339215
2026-07-09 13:50:00+03:00,0.09312041801317353,-0.597429212992102
2026-07-09 13:55:00+03:00,0.13384870730423207,-0.24136244268777854
2026-07-09 14:00:00+03:00,0.15155970518161355,-0.3260416622493737
2026-07-09 14:05:00+03:00,0.1429059792736949,-0.5518654040363851
2026-07-09 14:10:00+03:00,0.1309478547667648,-0.6386904969741066
2026-07-09 14:15:00+03:00,0.11094130742781015,-0.8551035949645872
2026-07-09 14:20:00+03:00,0.09790336637780006,-0.8485946089122112
2026-07-09 14:25:00+03:00,0.09235659798682148,-0.7844790974501187
2026-07-09 14:30:00+03:00,0.08292220313563264,-0.9075520394313012
2026-07-09 14:35:00+03:00,0.09264430369231637,-0.6138182019894611
2026-07-09 14:40:00+03:00,0.09865753404613076,-0.6206259742191631
2026-07-09 14:45:00+03:00,0.09618480242706642,-0.723688041673217
2026-07-09 14:50:00+03:00,0.11143940574658937,-0.48409988789515335
2026-07-09 14:55:00+03:00,0.1019036730200994,-0.7744834930774411
2026-07-09 15:00:00+03:00,0.09628839158609319,-0.760597474280276
2026-07-09 15:05:00+03:00,0.10106128490217844,-0.6210010062349746
2026-07-09 15:10:00+03:00,0.09599199774606659,-0.755713549445022
2026-07-09 15:15:00+03:00,0.08797474472279672,-0.8477837981492649
2026-07-09 15:20:00+03:00,0.10925689030146402,-0.4462900055473803
2026-07-09 15:25:00+03:00,0.13469216560250286,-0.3305329604623527
2026-07-09 15:30:00+03:00,0.1588853856057009,-0.26449215605814613
2026-07-09 15:35:00+03:00,0.1376139526039056,-0.701924378231117
2026-07-09 15:40:00+03:00,0.1285044160114565,-0.6225720443412135
2026-07-09 15:45:00+03:00,0.11428787602407652,-0.7557051588657842
2026-07-09 15:50:00+03:00,0.11270337998991982,-0.6262547274890348
2026-07-09 15:55:00+03:00,0.10642938721760382,-0.7085960450086167
2026-07-09 16:00:00+03:00,0.1015559414664332,-0.7204008420356562
2026-07-09 16:05:00+03:00,0.15453351970811738,-0.12151596591106667
2026-07-09 16:10:00+03:00,0.16465561028058504,-0.3326403055525603
2026-07-09 16:15:00+03:00,0.18109065092528487,-0.24518918991397418
2026-07-09 16:20:00+03:00,0.1879963108708365,-0.28060493906593253
2026-07-09 16:25:00+03:00,0.20529577161687568,-0.17420590756795615
2026-07-09 16:30:00+03:00,0.17935034103456998,-0.5437870440415408
2026-07-09 16:35:00+03:00,0.17216913584619067,-0.4243414030000823
2026-07-09 16:40:00+03:00,0.21495442262674141,-0.026221681878852682
2026-07-09 16:45:00+03:00,0.23274071549541508,-0.10221391854136272
2026-07-09 16:50:00+03:00,0.24254958798126386,-0.11734395800898861
2026-07-09 16:55:00+03:00,0.23943309541525806,-0.19199139219723335
2026-07-09 17:00:00+03:00,0.23974786831153205,-0.1729367289474624
2026-07-09 17:05:00+03:00,0.21149797475383972,-0.434553876972549
2026-07-09 17:10:00+03:00,0.19547888339483876,-0.40429179579309815
2026-07-09 17:15:00+03:00,0.1883018639932992,-0.36833672198872314
2026-07-09 17:20:00+03:00,0.18021410690463802,-0.40219697207671357
2026-07-09 17:25:00+03:00,0.17437800926307845,-0.406875069757653
2026-07-09 17:30:00+03:00,0.1884967943698245,-0.237314089678321
2026-07-09 17:35:00+03:00,0.20639168126691426,-0.16820885958241802
2026-07-09 17:40:00+03:00,0.2288820685204713,-0.08873972013724471
2026-07-09 17:45:00+03:00,0.23103069006277252,-0.18630059867778717
2026-07-09 17:50:00+03:00,0.25323068611548766,-0.032845591987571615
2026-07-09 17:55:00+03:00,0.26107982389770396,-0.0817297685289747
2026-07-10 09:55:00+03:00,0.20631020936557148,-0.6925199695962995
2026-07-10 10:00:00+03:00,0.2948702874498071,0.3252678081443654
2026-07-10 10:05:00+03:00,0.3758204497708159,0.4515998004797942
2026-07-10 10:10:00+03:00,0.3870945239316423,0.20375201476784116
2026-07-10 10:15:00+03:00,0.3870230948239199,0.15817414000520938
2026-07-10 10:20:00+03:00,0.3264532486028396,-0.2702300235613738
2026-07-10 10:25:00+03:00,0.2953786529041997,-0.19191264845430847
2026-07-10 10:30:00+03:00,0.2588559527489268,-0.329746616965796
2026-07-10 10:35:00+03:00,0.23548372730127312,-0.3205149080164682
2026-07-10 10:40:00+03:00,0.17645555986627406,-0.9547780197953137
2026-07-10 10:45:00+03:00,0.15838522126993718,-0.5666876515525838
2026-07-10 10:50:00+03:00,0.14381578240751264,-0.6014648512979462
2026-07-10 10:55:00+03:00,0.13689709353884646,-0.5630533308685058
2026-07-10 11:00:00+03:00,0.1290247885996008,-0.6081002702379398
2026-07-10 11:05:00+03:00,0.11773208225920853,-0.7015030444433986
2026-07-10 11:10:00+03:00,0.10063656107999944,-0.8887340703697394
2026-07-10 11:15:00+03:00,0.10179289482438775,-0.6535581902175754
2026-07-10 11:20:00+03:00,0.10410056375704026,-0.6302938902164994
2026-07-10 11:25:00+03:00,0.09883122390479482,-0.740991800025887
2026-07-10 11:30:00+03:00,0.09111763967722886,-0.8214617213205255
2026-07-10 11:35:00+03:00,0.0814362054970076,-0.923630615827213
2026-07-10 11:40:00+03:00,0.07322005470385928,-0.9690228549290894
2026-07-10 11:45:00+03:00,0.08047228412393857,-0.7024507132608239
2026-07-10 11:50:00+03:00,0.08122252957999428,-0.7751734204771411
2026-07-10 11:55:00+03:00,0.09184723793366818,-0.608977431515373
2026-07-10 12:00:00+03:00,0.10516840856774758,-0.5252838256522433
2026-07-10 12:05:00+03:00,0.13423294827295842,-0.3092463386646015
2026-07-10 12:10:00+03:00,0.15746008831765387,-0.2743546420938183
2026-07-10 12:15:00+03:00,0.17461113803987777,-0.259713474329912
2026-07-10 12:20:00+03:00,0.17855116162814122,-0.32778092169105044
2026-07-10 12:25:00+03:00,0.17703990770863778,-0.36810446123316287
2026-07-10 12:30:00+03:00,0.1458770228938989,-0.7699605622518707
2026-07-10 12:35:00+03:00,0.11957426925947626,-0.884701934893188
2026-07-10 12:40:00+03:00,0.11943004934770993,-0.5807154819759323
2026-07-10 12:45:00+03:00,0.17890378879266752,-0.0323394545114383
2026-07-10 12:50:00+03:00,0.19856019204279438,-0.1795404786798934
2026-07-10 12:55:00+03:00,0.21831281992465135,-0.1281893538455488
2026-07-10 13:00:00+03:00,0.20915832258184408,-0.3139316949126584
2026-07-10 13:05:00+03:00,0.20423925811794214,-0.30297473576667877
2026-07-10 13:10:00+03:00,0.1840285703428617,-0.4775984928619461
2026-07-10 13:15:00+03:00,0.16935930105396665,-0.4917369418691623
2026-07-10 13:20:00+03:00,0.21077699467688954,-0.04210374885865084
2026-07-10 13:25:00+03:00,0.24596904236456948,0.009384181805334388
2026-07-10 13:30:00+03:00,0.24124851921914583,-0.19573553529819507
2026-07-10 13:35:00+03:00,0.2465773047319732,-0.12965265732040154
2026-07-10 13:40:00+03:00,0.26690038685471407,-0.010301211286254969
2026-07-10 13:45:00+03:00,0.32691335267982374,0.27686560351340733
2026-07-10 13:50:00+03:00,0.36860472434707764,0.2866532467221382
2026-07-10 13:55:00+03:00,0.3660517663427056,0.10500952827670788
2026-07-10 14:00:00+03:00,0.3946252837134936,0.28623651103006115
2026-07-10 14:05:00+03:00,0.4045191433074246,0.23269319654310022
2026-07-10 14:10:00+03:00,0.4187123091758235,0.27717488468317
2026-07-10 14:15:00+03:00,0.4331975164008023,0.30633551020062866
2026-07-10 14:20:00+03:00,0.4268658925611943,0.21278300276617848
2026-07-10 14:25:00+03:00,0.40752113056316097,0.12133499117719475
2026-07-10 14:30:00+03:00,0.3473369920286279,-0.20886840704127244
2026-07-10 14:35:00+03:00,0.3251443537300881,-0.07223036019597473
2026-07-10 14:40:00+03:00,0.28065672264070557,-0.3113508000922732
2026-07-10 14:45:00+03:00,0.24807457848931716,-0.33899995290596496
2026-07-10 14:50:00+03:00,0.22522761438900613,-0.3499177022872937
2026-07-10 14:55:00+03:00,0.18416936032952091,-0.6642102845434863
2026-07-10 15:00:00+03:00,0.16759429325298672,-0.5143360104894332
2026-07-10 15:05:00+03:00,0.14909844993710486,-0.6137301938009618
2026-07-10 15:10:00+03:00,0.14738383482866835,-0.47624462644610743
2026-07-10 15:15:00+03:00,0.1523672720274259,-0.4081851359759687
2026-07-10 15:20:00+03:00,0.15060585795623946,-0.4641737686483578
2026-07-10 15:25:00+03:00,0.1587860254160465,-0.3643458579962082
2026-07-10 15:30:00+03:00,0.18197027474051342,-0.2051301174842232
2026-07-10 15:35:00+03:00,0.18912353835195653,-0.27578720324188943
2026-07-10 15:40:00+03:00,0.18669536324924838,-0.3424466546311886
2026-07-10 15:45:00+03:00,0.20044798101018158,-0.20618053064710692
2026-07-10 15:50:00+03:00,0.26019433927244207,0.14357441672376292
2026-07-10 15:55:00+03:00,0.27888377859285746,0.009183455598221202
2026-07-10 16:00:00+03:00,0.33597752491153116,0.28312211572482743
2026-07-10 16:05:00+03:00,0.37384029071970576,0.28196056952887527
2026-07-10 16:10:00+03:00,0.3087606407189121,-0.35296050004177504
2026-07-10 16:15:00+03:00,0.25998526688693196,-0.4078311005034885
2026-07-10 16:20:00+03:00,0.2327448631804401,-0.3540643222666602
2026-07-10 16:25:00+03:00,0.19536349783576076,-0.5740801058780735
2026-07-10 16:30:00+03:00,0.17597385143279828,-0.503093530991958
2026-07-10 16:35:00+03:00,0.16661735645131648,-0.46103997232175087
2026-07-10 16:40:00+03:00,0.1442447420745543,-0.6777286234539482
2026-07-10 16:45:00+03:00,0.11235578726059342,-1.048095599476407
2026-07-10 16:50:00+03:00,0.09705145628563648,-0.8887551416622499
2026-07-10 16:55:00+03:00,0.08813301984725616,-0.8597242977195557
2026-07-10 17:00:00+03:00,0.08749677400579735,-0.7534509555266007
2026-07-10 17:05:00+03:00,0.0825957662268328,-0.8416839752877776
2026-07-10 17:10:00+03:00,0.08152144347431724,-0.796756603735767
2026-07-10 17:15:00+03:00,0.08192535152376829,-0.7751092682422067
2026-07-10 17:20:00+03:00,0.08451284189014685,-0.7327347771948245
2026-07-10 17:25:00+03:00,0.08423431164703135,-0.7691716578370584
2026-07-10 17:30:00+03:00,0.06980511917734258,-1.1339165806353986
2026-07-10 17:35:00+03:00,0.07232560587795389,-0.8100830676458395
2026-07-10 17:40:00+03:00,0.08001983774642293,-0.700046898454543
2026-07-10 17:45:00+03:00,0.09081578906233854,-0.6122814833700413
2026-07-10 17:50:00+03:00,0.10848166890105507,-0.47679446539409065
2026-07-10 17:55:00+03:00,0.12741256830791908,-0.3978865814819509
2026-07-13 09:55:00+03:00,0.151877984393153,-0.28358526906172166
2026-07-13 10:00:00+03:00,0.29792483433423755,0.5537260828014028
2026-07-13 10:05:00+03:00,0.46588837117900933,1.0496191360154128
2026-07-13 10:10:00+03:00,0.5612504405229306,0.9112056975377555
2026-07-13 10:15:00+03:00,0.5612547655031606,0.4972345035720681
2026-07-13 10:20:00+03:00,0.6612692006816869,1.2551623809509191
2026-07-13 10:25:00+03:00,0.7094252928401873,1.0615495694253867
2026-07-13 10:30:00+03:00,0.7175352485252422,0.8654311982712062
2026-07-13 10:35:00+03:00,0.7274503869979975,0.8992070362365909
2026-07-13 10:40:00+03:00,0.6937056376229137,0.6266372881097879
2026-07-13 10:45:00+03:00,0.6191280131669538,0.3213827485447649
2026-07-13 10:50:00+03:00,0.5802719975658152,0.38398772806026615
2026-07-13 10:55:00+03:00,0.5497125139097163,0.3571820389831415
2026-07-13 11:00:00+03:00,0.5543857050378873,0.5020471381537944
2026-07-13 11:05:00+03:00,0.48758847615499923,0.09048853740408772
2026-07-13 11:10:00+03:00,0.46414398003640356,0.21881178962941103
2026-07-13 11:15:00+03:00,0.42659658596630906,0.0852516941280529
2026-07-13 11:20:00+03:00,0.37228051759572833,-0.11367735157542058
2026-07-13 11:25:00+03:00,0.3672927360478378,0.09744558324692865
2026-07-13 11:30:00+03:00,0.3569941479546233,0.05313314655599938
2026-07-13 11:35:00+03:00,0.37645501811978704,0.21510354813965632
2026-07-13 11:40:00+03:00,0.36531973028135717,0.06736112117972481
2026-07-13 11:45:00+03:00,0.32800947599738933,-0.13935729772127034
2026-07-13 11:50:00+03:00,0.2793836254496775,-0.34150268474027323
2026-07-13 11:55:00+03:00,0.20353358217285758,-1.0153302166526559
2026-07-13 12:00:00+03:00,0.15215865562669653,-1.0395396005271358
2026-07-13 12:05:00+03:00,0.15899368941007233,-0.37263655347387437
2026-07-13 12:10:00+03:00,0.1939700575921174,-0.11299944609107651
2026-07-13 12:15:00+03:00,0.20578683772341874,-0.20218998034518212
2026-07-13 12:20:00+03:00,0.21003456610107782,-0.2322545477205781
2026-07-13 12:25:00+03:00,0.19355655957210585,-0.41432794996693534
2026-07-13 12:30:00+03:00,0.21733526812604842,-0.1106070572558206
2026-07-13 12:35:00+03:00,0.19180810479250032,-0.4888228503732489
2026-07-13 12:40:00+03:00,0.17512577553769154,-0.484838821210794
2026-07-13 12:45:00+03:00,0.16883406411888505,-0.4299812064820321
2026-07-13 12:50:00+03:00,0.1615433944576256,-0.4646365679223159
2026-07-13 12:55:00+03:00,0.1483807280495238,-0.5675339230787
2026-07-13 13:00:00+03:00,0.17054789743638613,-0.24256461172292718
2026-07-13 13:05:00+03:00,0.1883333131732876,-0.21728843214060836
2026-07-13 13:10:00+03:00,0.2157163937791592,-0.09692634207392775
2026-07-13 13:15:00+03:00,0.1846105045372082,-0.5659986588210506
2026-07-13 13:20:00+03:00,0.17577693144065293,-0.42324827223796924
2026-07-13 13:25:00+03:00,0.15964963401797233,-0.5440650895654865
2026-07-13 13:30:00+03:00,0.14963525199201108,-0.5345910937630574
2026-07-13 13:35:00+03:00,0.15405155094763656,-0.4062473249266201
2026-07-13 13:40:00+03:00,0.14114849661178747,-0.5983280641014492
2026-07-13 13:45:00+03:00,0.1302324071006288,-0.6318588491984483
2026-07-13 13:50:00+03:00,0.12710458665589905,-0.5729584421931128
2026-07-13 13:55:00+03:00,0.12650421111845342,-0.5531556806419035
2026-07-13 14:00:00+03:00,0.22013698871596582,0.1993042770973621
2026-07-13 14:05:00+03:00,0.2509452774261971,0.0009466881284738854
2026-07-13 14:10:00+03:00,0.2706911805976936,-0.004375950899369166
2026-07-13 14:15:00+03:00,0.3556750054440905,0.4283270520778818
2026-07-13 14:20:00+03:00,0.2972075500027628,-0.3475148172104354
2026-07-13 14:25:00+03:00,0.24409476023344803,-0.5003649644624323
2026-07-13 14:30:00+03:00,0.21401000778226406,-0.4388074603862623
2026-07-13 14:35:00+03:00,0.19292596040297127,-0.4502629732414849
2026-07-13 14:40:00+03:00,0.1686261419022477,-0.576683188381654
2026-07-13 14:45:00+03:00,0.13073122381071156,-0.9858187791293609
2026-07-13 14:50:00+03:00,0.11730261584523652,-0.7282999621799376
2026-07-13 14:55:00+03:00,0.10697493372527199,-0.7528710361420818
2026-07-13 15:00:00+03:00,0.0997213616298654,-0.759634188153103
2026-07-13 15:05:00+03:00,0.0895361638361874,-0.8680845287647462
2026-07-13 15:10:00+03:00,0.08847816729727245,-0.752611930486283
2026-07-13 15:15:00+03:00,0.07242007748680954,-1.1418296283073828
2026-07-13 15:20:00+03:00,0.06645878365250914,-0.9895757252357984
2026-07-13 15:25:00+03:00,0.05857790732143777,-1.1115626015531261
2026-07-13 15:30:00+03:00,0.050129727662207794,-1.2378930204023681
2026-07-13 15:35:00+03:00,0.0418184897049103,-1.3746942057540879
2026-07-13 15:40:00+03:00,0.04559068629287033,-1.0027728905588635
2026-07-13 15:45:00+03:00,0.06375198870438846,-0.6746572706722738
2026-07-13 15:50:00+03:00,0.051907422801853155,-1.3188556005122354
2026-07-13 15:55:00+03:00,0.0409004161487308,-1.5160758447205196
2026-07-13 16:00:00+03:00,0.03336326093308698,-1.5317897091946038
2026-07-13 16:05:00+03:00,0.03245807677850883,-1.278032944896473
2026-07-13 16:10:00+03:00,0.02930927723441637,-1.4192741366387112
2026-07-13 16:15:00+03:00,0.026881187361244466,-1.4407828632300919
2026-07-13 16:20:00+03:00,0.030774798036829906,-1.163895359088444
2026-07-13 16:25:00+03:00,0.053241873802382766,-0.6848574754112002
2026-07-13 16:30:00+03:00,0.0984201619589591,-0.32039753905688817
2026-07-13 16:35:00+03:00,0.15853078958553124,-0.07700913749364544
2026-07-13 16:40:00+03:00,0.20378103107445428,-0.040556980110482393
2026-07-13 16:45:00+03:00,0.26879474620866817,0.1821954734941107
2026-07-13 16:50:00+03:00,0.3045852163711486,0.13638942072905244
2026-07-13 16:55:00+03:00,0.384275714940998,0.46306706523343155
2026-07-13 17:00:00+03:00,0.44810214680117455,0.5255784400907982
2026-07-13 17:05:00+03:00,0.47514834542642037,0.43525274805008995
2026-07-13 17:10:00+03:00,0.5021798562743429,0.4874650072944109
2026-07-13 17:15:00+03:00,0.44818111151527534,0.06124875717379123
2026-07-13 17:20:00+03:00,0.43404555065876366,0.19606689372624087
2026-07-13 17:25:00+03:00,0.4105869398898659,0.11066564647453289
2026-07-13 17:30:00+03:00,0.4264405780039201,0.2985715595479773
2026-07-13 17:35:00+03:00,0.4374036829495659,0.3008554703757059
2026-07-13 17:40:00+03:00,0.42466380643070734,0.1829194626299609
2026-07-13 17:45:00+03:00,0.43689820057020057,0.3047894459388455
2026-07-13 17:50:00+03:00,0.45019929783817086,0.3345246560624789
2026-07-13 17:55:00+03:00,0.47050763048671634,0.40042633342621015
2026-07-14 09:55:00+03:00,0.4013051691619929,-0.11552783486500978
2026-07-14 10:00:00+03:00,0.43953697673349224,0.40979101083729874
2026-07-14 10:05:00+03:00,0.4802352146382388,0.49795206843038
2026-07-14 10:10:00+03:00,0.49727314098002645,0.43931343856520866
2026-07-14 10:15:00+03:00,0.5190750393090262,0.4999931034127768
2026-07-14 10:20:00+03:00,0.4563595870271796,0.04133329456922398
2026-07-14 10:25:00+03:00,0.5327852154742956,0.7531869376370389
2026-07-14 10:30:00+03:00,0.570418140192926,0.6669862043304722
2026-07-14 10:35:00+03:00,0.6395811574667527,0.980453846407071
2026-07-14 10:40:00+03:00,0.6533108862892552,0.7424004733204613
2026-07-14 10:45:00+03:00,0.6848059679370286,0.9005174005021598
2026-07-14 10:50:00+03:00,0.5397283742199335,-0.14908256243571852
2026-07-14 10:55:00+03:00,0.5237375600053112,0.3632530855692233
2026-07-14 11:00:00+03:00,0.4232958282665756,-0.22141681690510642
2026-07-14 11:05:00+03:00,0.3647532631256632,-0.15397507692450593
2026-07-14 11:10:00+03:00,0.3046363347316336,-0.3342250332575135
2026-07-14 11:15:00+03:00,0.23896104475310995,-0.635791730282823
2026-07-14 11:20:00+03:00,0.23429439767118787,-0.2143752150123224
2026-07-14 11:25:00+03:00,0.3141888144580616,0.3290924653946413
2026-07-14 11:30:00+03:00,0.297934464993789,-0.10929451636096188
2026-07-14 11:35:00+03:00,0.2903484354746261,-0.08557553155477271
2026-07-14 11:40:00+03:00,0.23482364611144052,-0.5598854778067754
2026-07-14 11:45:00+03:00,0.18495641236918212,-0.7595866320469987
2026-07-14 11:50:00+03:00,0.1426317416519325,-0.9584268830338585
2026-07-14 11:55:00+03:00,0.11106359066414055,-1.0548921777019318
2026-07-14 12:00:00+03:00,0.12633798157656248,-0.4276701743006298
2026-07-14 12:05:00+03:00,0.13416097531598825,-0.45383548996222145
2026-07-14 12:10:00+03:00,0.1488813299077581,-0.3538744456897378
2026-07-14 12:15:00+03:00,0.171442821174759,-0.23779058844755654
2026-07-14 12:20:00+03:00,0.14175310228208932,-0.7773864993986446
2026-07-14 12:25:00+03:00,0.1321958969449954,-0.6090499849426
2026-07-14 12:30:00+03:00,0.12646888497864706,-0.5998699043766674
2026-07-14 12:35:00+03:00,0.1369183736077446,-0.4243030485605823
2026-07-14 12:40:00+03:00,0.1668200918584779,-0.20981278099347714
2026-07-14 12:45:00+03:00,0.1749433888617497,-0.3128741021935577
2026-07-14 12:50:00+03:00,0.16543090483262782,-0.46676811392332884
2026-07-14 12:55:00+03:00,0.15139504282898852,-0.5618825256933548
2026-07-14 13:00:00+03:00,0.15325402924168285,-0.4273610820729258
2026-07-14 13:05:00+03:00,0.1738957560090928,-0.24172053098738186
2026-07-14 13:10:00+03:00,0.14631579377848697,-0.7241712078597969
2026-07-14 13:15:00+03:00,0.1334957757633752,-0.6345675960408216
2026-07-14 13:20:00+03:00,0.11169093316364302,-0.8762253377934406
2026-07-14 13:25:00+03:00,0.10829194764018438,-0.6671433080741845
2026-07-14 13:30:00+03:00,0.10870385404996372,-0.6262877873453048
2026-07-14 13:35:00+03:00,0.11233480998160343,-0.5786384046538706
2026-07-14 13:40:00+03:00,0.09737780356693176,-0.8809140524240097
2026-07-14 13:45:00+03:00,0.0877799741198324,-0.8724343042941621
2026-07-14 13:50:00+03:00,0.086143759119381,-0.7742364945219107
2026-07-14 13:55:00+03:00,0.08540299203186419,-0.7676456869927187
2026-07-14 14:00:00+03:00,0.0963442994168802,-0.5849108818290422
2026-07-14 14:05:00+03:00,0.10223368727159657,-0.6046125771983741
2026-07-14 14:10:00+03:00,0.11595720162538074,-0.47839071331800576
2026-07-14 14:15:00+03:00,0.15589446858813583,-0.1851254402774485
2026-07-14 14:20:00+03:00,0.1461489750094875,-0.5472538582514538
2026-07-14 14:25:00+03:00,0.1708421557695302,-0.22749626936174835
2026-07-14 14:30:00+03:00,0.17133698519594123,-0.37376959972706447
2026-07-14 14:35:00+03:00,0.17019960129016096,-0.38872813135764395
2026-07-14 14:40:00+03:00,0.17586314437194472,-0.32538385058994024
2026-07-14 14:45:00+03:00,0.19940914310790828,-0.1569845908540847
2026-07-14 14:50:00+03:00,0.2804257776076678,0.26816139756291524
2026-07-14 14:55:00+03:00,0.25315232368331814,-0.29019942190719683
2026-07-14 15:00:00+03:00,0.20450313802007353,-0.637821911651728
2026-07-14 15:05:00+03:00,0.15889681949310355,-0.8792359389382214
2026-07-14 15:10:00+03:00,0.13315587472113355,-0.7818445981369865
2026-07-14 15:15:00+03:00,0.10799822381972803,-0.9610637277873413
2026-07-14 15:20:00+03:00,0.08594518288256689,-1.123126802948003
2026-07-14 15:25:00+03:00,0.06938761257194546,-1.194401684903026
2026-07-14 15:30:00+03:00,0.07150042225317584,-0.8212178526490034
2026-07-14 15:35:00+03:00,0.06353370732407192,-1.0583415535129537
2026-07-14 15:40:00+03:00,0.06822096070799347,-0.8085467794800175
2026-07-14 15:45:00+03:00,0.05729516766368287,-1.2059046028048521
2026-07-14 15:50:00+03:00,0.05096112656557587,-1.1673876369655694
2026-07-14 15:55:00+03:00,0.05348795553976402,-0.9535371547001128
2026-07-14 16:00:00+03:00,0.05423601772897657,-0.9785614383314203
2026-07-14 16:05:00+03:00,0.052697533489300195,-1.037380912583895
2026-07-14 16:10:00+03:00,0.05182605954585919,-1.0326959552252768
2026-07-14 16:15:00+03:00,0.06117735808746498,-0.7934365700941699
2026-07-14 16:20:00+03:00,0.06530743642212578,-0.8362102314999525
2026-07-14 16:25:00+03:00,0.053955997112138845,-1.2683486005444398
2026-07-14 16:30:00+03:00,0.0540525183364663,-0.9922867352099394
2026-07-14 16:35:00+03:00,0.06162938270404903,-0.8140182000225326
2026-07-14 16:40:00+03:00,0.08654477235347884,-0.506421281642999
2026-07-14 16:45:00+03:00,0.11221244781860276,-0.40391610555942237
2026-07-14 16:50:00+03:00,0.13494089164179615,-0.3471086549258283
2026-07-14 16:55:00+03:00,0.1519918036607092,-0.3288494555089806
2026-07-14 17:00:00+03:00,0.17308103311623513,-0.2414924910819756
2026-07-14 17:05:00+03:00,0.19224147238598055,-0.1990963998113817
2026-07-14 17:10:00+03:00,0.1901578125131275,-0.3291762030597384
2026-07-14 17:15:00+03:00,0.1840461592283006,-0.3754661329990223
2026-07-14 17:20:00+03:00,0.1855711291061435,-0.32088537243710114
2026-07-14 17:25:00+03:00,0.2522801708755111,0.15578217679378872
2026-07-14 17:30:00+03:00,0.3436268910426235,0.42963104795390117
2026-07-14 17:35:00+03:00,0.36181858175404813,0.1809541287783707
2026-07-14 17:40:00+03:00,0.3716167542721462,0.16691971348856294
2026-07-14 17:45:00+03:00,0.3435023089510718,-0.056860911682322934
2026-07-14 17:50:00+03:00,0.32998944009299663,-0.020668686495090793
2026-07-14 17:55:00+03:00,0.31632903128837087,-0.05280330423425289
2026-07-16 09:55:00+03:00,0.22818354427092424,-1.014753859588412
2026-07-16 10:00:00+03:00,0.17141112893301533,-0.959447616608188
2026-07-16 10:05:00+03:00,0.16374541506193835,-0.459102746782157
2026-07-16 10:10:00+03:00,0.14812339956338896,-0.5911431270887917
2026-07-16 10:15:00+03:00,0.14434008067676146,-0.5048024942013578
2026-07-16 10:20:00+03:00,0.12670816706793578,-0.7225030786562535
2026-07-16 10:25:00+03:00,0.10943323224343371,-0.8270236956011412
2026-07-16 10:30:00+03:00,0.10763884180287545,-0.6538437487153848
2026-07-16 10:35:00+03:00,0.09301072998973464,-0.9099492622491023
2026-07-16 10:40:00+03:00,0.08152546635857913,-0.9534211716504781
2026-07-16 10:45:00+03:00,0.07413477269657429,-0.9465164472089467
2026-07-16 10:50:00+03:00,0.07643359194827058,-0.7859707640071675
2026-07-16 10:55:00+03:00,0.07335627624437083,-0.8829167268392453
2026-07-16 11:00:00+03:00,0.06623414917553114,-1.013805668671163
2026-07-16 11:05:00+03:00,0.06845115782629259,-0.8410345032894737
2026-07-16 11:10:00+03:00,0.06594417392814368,-0.9331324251628326
2026-07-16 11:15:00+03:00,0.07330851966628792,-0.7425155546985394
2026-07-16 11:20:00+03:00,0.09067038512482427,-0.5527589815805022
2026-07-16 11:25:00+03:00,0.09256150709498454,-0.6948695769827854
2026-07-16 11:30:00+03:00,0.08069953109294954,-0.9673431338492715
2026-07-16 11:35:00+03:00,0.0772933586762098,-0.8583688732489282
2026-07-16 11:40:00+03:00,0.0697826727800578,-0.9874853129049692
2026-07-16 11:45:00+03:00,0.06165390088048727,-1.0821940811468806
2026-07-16 11:50:00+03:00,0.08005280116914452,-0.5912768482058387
2026-07-16 11:55:00+03:00,0.09202709285264472,-0.5953576105408982
2026-07-16 12:00:00+03:00,0.11162282619222783,-0.4500515610577931
2026-07-16 12:05:00+03:00,0.115803270922887,-0.5581622003420011
2026-07-16 12:10:00+03:00,0.11517739199468582,-0.6050250999144309
2026-07-16 12:15:00+03:00,0.15190158029022072,-0.21330589313045198
2026-07-16 12:20:00+03:00,0.17165369612398493,-0.2532229616075987
2026-07-16 12:25:00+03:00,0.17104189770903064,-0.3822558613730008
2026-07-16 12:30:00+03:00,0.16490166942936502,-0.4433158076832936
2026-07-16 12:35:00+03:00,0.15978095358215588,-0.45484362237042986
2026-07-16 12:40:00+03:00,0.14844062283180895,-0.5511605811090042
2026-07-16 12:45:00+03:00,0.1357755471607596,-0.6217899862438234
2026-07-16 12:50:00+03:00,0.14615816906587922,-0.3921747672409277
2026-07-16 12:55:00+03:00,0.15741766032546375,-0.3486064357137477
2026-07-16 13:00:00+03:00,0.1684338783742659,-0.3151225172399117
2026-07-16 13:05:00+03:00,0.2354702624039769,0.12280054243749297
2026-07-16 13:10:00+03:00,0.29625266796010247,0.21992140486392603
2026-07-16 13:15:00+03:00,0.33979290124742717,0.2377299355720113
2026-07-16 13:20:00+03:00,0.3196890739541726,-0.07527005726685093
2026-07-16 13:25:00+03:00,0.3225836296256232,0.03578426520218031
2026-07-16 13:30:00+03:00,0.3302975452302074,0.07304767218034128
2026-07-16 13:35:00+03:00,0.3108201291204872,-0.09356981874214079
2026-07-16 13:40:00+03:00,0.3245755936800939,0.08648187736690043
2026-07-16 13:45:00+03:00,0.36543038227231633,0.2772550727636224
2026-07-16 13:50:00+03:00,0.40965719138478757,0.3754496442696461
2026-07-16 13:55:00+03:00,0.4296004165608804,0.3204468713275901
2026-07-16 14:00:00+03:00,0.41257818928260814,0.14122375544697097
2026-07-16 14:05:00+03:00,0.356287915107733,-0.16422856249006876
2026-07-16 14:10:00+03:00,0.30559616150060387,-0.2734735756928035
2026-07-16 14:15:00+03:00,0.26070714936448175,-0.3784855155568483
2026-07-16 14:20:00+03:00,0.2288833154092414,-0.3980212426332451
2026-07-16 14:25:00+03:00,0.19925071564423488,-0.4918773846149851
2026-07-16 14:30:00+03:00,0.18932533001385002,-0.38342655904420964
2026-07-16 14:35:00+03:00,0.20575551766558453,-0.1775766273149271
2026-07-16 14:40:00+03:00,0.22960776500118543,-0.08045030021813013
2026-07-16 14:45:00+03:00,0.2477553861391454,-0.06443793981543236
2026-07-16 14:50:00+03:00,0.27788283610484676,0.05686949757364652
2026-07-16 14:55:00+03:00,0.30380521553410494,0.09395893275336878
2026-07-16 15:00:00+03:00,0.28592089418625377,-0.14760036967761817
2026-07-16 15:05:00+03:00,0.2821095130642706,-0.08723560655959162
2026-07-16 15:10:00+03:00,0.26507566693976786,-0.19789210569044705
2026-07-16 15:15:00+03:00,0.2341100179530761,-0.37426733078956564
2026-07-16 15:20:00+03:00,0.2309268408946086,-0.21547825825483677
2026-07-16 15:25:00+03:00,0.22842406656695668,-0.2186302088609333
2026-07-16 15:30:00+03:00,0.24716347406841974,-0.06304304386161186
2026-07-16 15:35:00+03:00,0.3134651325731106,0.2751751014572451
2026-07-16 15:40:00+03:00,0.3689290087943829,0.3403988331487314
2026-07-16 15:45:00+03:00,0.4150841483297658,0.39326615025397305
2026-07-16 15:50:00+03:00,0.4746964295520255,0.5614772766103479
2026-07-16 15:55:00+03:00,0.47113796491038634,0.30991114096670425
2026-07-16 16:00:00+03:00,0.498307211708586,0.480479097144642
2026-07-16 16:05:00+03:00,0.5077605990999414,0.4302989048500384
2026-07-16 16:10:00+03:00,0.5275655215843361,0.5087701003196242
2026-07-16 16:15:00+03:00,0.5245525289529799,0.4146441604094293
2026-07-16 16:20:00+03:00,0.514344056723592,0.3674204868774703
2026-07-16 16:25:00+03:00,0.49874243918296585,0.316694380071766
2026-07-16 16:30:00+03:00,0.5124561546338838,0.4557754338065967
2026-07-16 16:35:00+03:00,0.48280374391068365,0.23110597769937874
2026-07-16 16:40:00+03:00,0.4722481179806604,0.2850054600591041
2026-07-16 16:45:00+03:00,0.4113332260294506,-0.051647644737050497
2026-07-16 16:50:00+03:00,0.4009527705748085,0.1446024185397413
2026-07-16 16:55:00+03:00,0.3626189915999087,-0.05996279957502004
2026-07-16 17:00:00+03:00,0.33359483101704046,-0.08468560650885484
2026-07-16 17:05:00+03:00,0.27648996098441536,-0.40837541519063414
2026-07-16 17:10:00+03:00,0.2888660549469343,0.0033032256550779987
2026-07-16 17:15:00+03:00,0.2623458837359515,-0.25857544789638076
2026-07-16 17:20:00+03:00,0.21726084037733165,-0.5453796306708679
2026-07-16 17:25:00+03:00,0.19135610591264124,-0.49362862818022324
2026-07-16 17:30:00+03:00,0.1771151773438184,-0.45827068559907647
2026-07-16 17:35:00+03:00,0.1807282624875013,-0.32297796500252873
2026-07-16 17:40:00+03:00,0.1820731214750241,-0.33307638430698616
2026-07-16 17:45:00+03:00,0.20623205885184434,-0.13641760650166668
2026-07-16 17:50:00+03:00,0.2360012044594781,-0.03765456209579532
2026-07-16 17:55:00+03:00,0.24997038556377071,-0.07902333217366447
2026-07-17 09:55:00+03:00,0.2130005583353183,-0.4955722195639294
2026-07-17 10:00:00+03:00,0.24098484752170563,-0.034400884696760115
2026-07-17 10:05:00+03:00,0.3225069172014297,0.3513395140132773
2026-07-17 10:10:00+03:00,0.4331406420658308,0.6853855453954902
2026-07-17 10:15:00+03:00,0.5275174696731922,0.8233473530105183
2026-07-17 10:20:00+03:00,0.5816651704101795,0.7628479883596917
2026-07-17 10:25:00+03:00,0.5154768338073079,0.1505148035508655
2026-07-17 10:30:00+03:00,0.4379867151140937,-0.06690390826724413
2026-07-17 10:35:00+03:00,0.3896665447326026,-0.043460453710511215
2026-07-17 10:40:00+03:00,0.3595011857226092,-0.02931706981054527
2026-07-17 10:45:00+03:00,0.34243697907984066,-0.008585741586669526
2026-07-17 10:50:00+03:00,0.30560240729290516,-0.19539669992899003
2026-07-17 10:55:00+03:00,0.2997767849528471,-0.05486602001669505
2026-07-17 11:00:00+03:00,0.30432950978443946,0.002894676096707627
2026-07-17 11:05:00+03:00,0.3208710690105722,0.09040497351517866
2026-07-17 11:10:00+03:00,0.31639670556360266,-0.010523292780452234
2026-07-17 11:15:00+03:00,0.3595349229997464,0.2746759015133162
2026-07-17 11:20:00+03:00,0.34199716389477136,-0.011709780319775737
2026-07-17 11:25:00+03:00,0.3277874316422799,-0.028865242708661087
2026-07-17 11:30:00+03:00,0.37178183731354547,0.30170686205816044
2026-07-17 11:35:00+03:00,0.3803874371884167,0.17974595542401497
2026-07-17 11:40:00+03:00,0.34461869968504744,-0.09062705676674568
2026-07-17 11:45:00+03:00,0.40271105148222947,0.41535367833936165
2026-07-17 11:50:00+03:00,0.3451988042396115,-0.20014640594460212
2026-07-17 11:55:00+03:00,0.3352383451866026,0.007084662428433849
2026-07-17 12:00:00+03:00,0.3326882922348467,0.03407655910952749
2026-07-17 12:05:00+03:00,0.2973958203411511,-0.20930010101184895
2026-07-17 12:10:00+03:00,0.25310801851639586,-0.40047139919984986
2026-07-17 12:15:00+03:00,0.23111294032841484,-0.32559655071458427
2026-07-17 12:20:00+03:00,0.20870374647412246,-0.4027332692854285
2026-07-17 12:25:00+03:00,0.2146851819827914,-0.20974565206224108
2026-07-17 12:30:00+03:00,0.2085685456213089,-0.2970719065537921
2026-07-17 12:35:00+03:00,0.23237047075807965,-0.07409638275395974
2026-07-17 12:40:00+03:00,0.3638715043377132,0.6279852585690916
2026-07-17 12:45:00+03:00,0.43265254006428533,0.5147147042070485
2026-07-17 12:50:00+03:00,0.43929377494984817,0.28779350774002305
2026-07-17 12:55:00+03:00,0.4127356274564666,0.102248304027255
2026-07-17 13:00:00+03:00,0.3752379521561705,-0.026866355279042575
2026-07-17 13:05:00+03:00,0.376663124522657,0.14322079608906874
2026-07-17 13:10:00+03:00,0.40921365188527636,0.3297410218193663
2026-07-17 13:15:00+03:00,0.3701424916991302,-0.04583903155136651
2026-07-17 13:20:00+03:00,0.3346707010671835,-0.11348278990476285
2026-07-17 13:25:00+03:00,0.3363910310334342,0.0604963556786419
2026-07-17 13:30:00+03:00,0.308967607139208,-0.13750328969983278
2026-07-17 13:35:00+03:00,0.27942184747149934,-0.2272118882275034
2026-07-17 13:40:00+03:00,0.26789086232513504,-0.16131385638917403
2026-07-17 13:45:00+03:00,0.303139980023729,0.13121428277259434
2026-07-17 13:50:00+03:00,0.35986262292516485,0.32780364025345354
2026-07-17 13:55:00+03:00,0.34030931239264395,-0.02467599186736838
2026-07-17 14:00:00+03:00,0.45169691756887476,0.7285681815980566
2026-07-17 14:05:00+03:00,0.4794638984740918,0.44634668032753344
2026-07-17 14:10:00+03:00,0.5702589577668505,0.9108829222317526
2026-07-17 14:15:00+03:00,0.6770255503889676,1.3848630606706533
2026-07-17 14:20:00+03:00,0.6725543235089496,0.705035968707461
2026-07-17 14:25:00+03:00,0.6636273609786274,0.6671737883866669
2026-07-17 14:30:00+03:00,0.5648638779577384,0.11825204341735042
2026-07-17 14:35:00+03:00,0.5346718518276743,0.32968924988266624
2026-07-17 14:40:00+03:00,0.5957263274064964,0.8270460073951199
2026-07-17 14:45:00+03:00,0.5688199818319415,0.40788301020042406
2026-07-17 14:50:00+03:00,0.570219372228372,0.5202074611361847
2026-07-17 14:55:00+03:00,0.6274253195332006,0.88547557309766
2026-07-17 15:00:00+03:00,0.6010544254974403,0.4720781685405677
2026-07-17 15:05:00+03:00,0.6378192874271272,0.8117877638370463
2026-07-17 15:10:00+03:00,0.6269070341164026,0.5837808474994775
2026-07-17 15:15:00+03:00,0.5895475411034182,0.40753970728151623
2026-07-17 15:20:00+03:00,0.5692063686011329,0.43387274435465817
2026-07-17 15:25:00+03:00,0.6140983975686398,0.7944734068607057
2026-07-17 15:30:00+03:00,0.6475697265432401,0.8192032453016792
2026-07-17 15:35:00+03:00,0.6224861997879583,0.5188371066263017
2026-07-17 15:40:00+03:00,0.6232314708422457,0.6235773420807833
2026-07-17 15:45:00+03:00,0.5950856307741765,0.45367137666246493
2026-07-17 15:50:00+03:00,0.5782646932494012,0.46493560545837376
2026-07-17 15:55:00+03:00,0.5312326272169741,0.25785934652315967
2026-07-17 16:00:00+03:00,0.5000324295898777,0.2587630533707962
2026-07-17 16:05:00+03:00,0.4677661840150003,0.19100656611411537
2026-07-17 16:10:00+03:00,0.4933640511139292,0.4648136742611748
2026-07-17 16:15:00+03:00,0.47036209284879593,0.23279397692841824
2026-07-17 16:20:00+03:00,0.4306434636348731,0.08462945028145487
2026-07-17 16:25:00+03:00,0.4227925396504892,0.19868449789931533
2026-07-17 16:30:00+03:00,0.42489100734716395,0.24206979798112022
2026-07-17 16:35:00+03:00,0.41680818292905525,0.18583514940413232
2026-07-17 16:40:00+03:00,0.40401350054641766,0.14100022923264527
2026-07-17 16:45:00+03:00,0.4069415178007531,0.2100034087943882
2026-07-17 16:50:00+03:00,0.43185769187066586,0.34392214665462384
2026-07-17 16:55:00+03:00,0.4914277079273694,0.5948206209584619
2026-07-17 17:00:00+03:00,0.5700094721107736,0.8493917622523636
2026-07-17 17:05:00+03:00,0.5972086613350314,0.6794548669399453
2026-07-17 17:10:00+03:00,0.5932263821376723,0.5443084369678843
2026-07-17 17:15:00+03:00,0.5609813400762304,0.3723415941070949
2026-07-17 17:20:00+03:00,0.552067762410709,0.44488649544250547
2026-07-17 17:25:00+03:00,0.5665318649329384,0.5645406710022413
2026-07-17 17:30:00+03:00,0.49449899072977826,0.08300117021328342
2026-07-17 17:35:00+03:00,0.4703954467223361,0.228529628083028
2026-07-17 17:40:00+03:00,0.4630502311621297,0.2796218188188603
2026-07-17 17:45:00+03:00,0.4521369273200951,0.2444628741131815
2026-07-17 17:50:00+03:00,0.45270424800908077,0.29023795906721583
2026-07-17 17:55:00+03:00,0.3867530595729681,-0.13565751896818792
2026-07-20 09:55:00+03:00,0.2760041772891901,-0.9898529129291929
2026-07-20 10:00:00+03:00,0.2615154500437939,-0.19376955636138796
2026-07-20 10:05:00+03:00,0.39789697446098593,0.7202633751778539
2026-07-20 10:10:00+03:00,0.47372962545075503,0.6249548541834257
2026-07-20 10:15:00+03:00,0.514603707083498,0.5663174248683466
2026-07-20 10:20:00+03:00,0.5629266811496713,0.6963804615556779
2026-07-20 10:25:00+03:00,0.562279665117503,0.49669334587028446
2026-07-20 10:30:00+03:00,0.5712658044498605,0.5521786573567704
2026-07-20 10:35:00+03:00,0.6660906676209276,1.2332083792124147
2026-07-20 10:40:00+03:00,0.708903400626223,1.027916929276089
2026-07-20 10:45:00+03:00,0.6912673156992122,0.6887558702762183
2026-07-20 10:50:00+03:00,0.6646935948553799,0.5967956541332685
2026-07-20 10:55:00+03:00,0.6371389799741737,0.5379274140845821
2026-07-20 11:00:00+03:00,0.5991230248080295,0.4234189254456311
2026-07-20 11:05:00+03:00,0.6263180498281621,0.7422630718863316
2026-07-20 11:10:00+03:00,0.5895461680890138,0.4097944930781643
2026-07-20 11:15:00+03:00,0.6109304337993431,0.6838819834347012
2026-07-20 11:20:00+03:00,0.5585938024180824,0.29039599221461654
2026-07-20 11:25:00+03:00,0.5021770786865525,0.16315066031167735
2026-07-20 11:30:00+03:00,0.5163176434208137,0.46488909173924864
2026-07-20 11:35:00+03:00,0.520169337071407,0.4326188995556187
2026-07-20 11:40:00+03:00,0.5413833346642496,0.5414429962955336
2026-07-20 11:45:00+03:00,0.563009156275184,0.586147694684105
2026-07-20 11:50:00+03:00,0.5770821413605727,0.5840731552066637
2026-07-20 11:55:00+03:00,0.6011852734941483,0.6747796904903862
2026-07-20 12:00:00+03:00,0.6146819486008109,0.6586009690248429
2026-07-20 12:05:00+03:00,0.6071593397390522,0.55788554489423
2026-07-20 12:10:00+03:00,0.6307658389236002,0.7362522003442021
2026-07-20 12:15:00+03:00,0.6191024712606767,0.565169435128633
2026-07-20 12:20:00+03:00,0.58249745147047,0.3968998420905302
2026-07-20 12:25:00+03:00,0.5073056858622587,0.09662012900714054
2026-07-20 12:30:00+03:00,0.48162732927989377,0.244385171886726
2026-07-20 12:35:00+03:00,0.4712733766752441,0.28389824339785
2026-07-20 12:40:00+03:00,0.44952571390261264,0.1965761206380371
2026-07-20 12:45:00+03:00,0.47370867347398404,0.4214642108425135
2026-07-20 12:50:00+03:00,0.4608841878434919,0.2540879384598156
2026-07-20 12:55:00+03:00,0.42844248879386687,0.11043628421861333
2026-07-20 13:00:00+03:00,0.4046707866033973,0.09704903566642062
2026-07-20 13:05:00+03:00,0.3837310467121833,0.06480958852441379
2026-07-20 13:10:00+03:00,0.38538717301946107,0.16185035698275133
2026-07-20 13:15:00+03:00,0.4280477076821803,0.4047361319542512
2026-07-20 13:20:00+03:00,0.3937438782300145,0.02872587262760236
2026-07-20 13:25:00+03:00,0.3791412768875363,0.08195299012596156
2026-07-20 13:30:00+03:00,0.359979397211825,0.021094451017700064
2026-07-20 13:35:00+03:00,0.3326477498857638,-0.07884235339480727
2026-07-20 13:40:00+03:00,0.30979426203885546,-0.11259330361417838
2026-07-20 13:45:00+03:00,0.3266392988071428,0.10372684566920973
2026-07-20 13:50:00+03:00,0.36370789185255625,0.2591783276789255
2026-07-20 13:55:00+03:00,0.3996060728871717,0.3241357798242211
2026-07-20 14:00:00+03:00,0.41987053536016405,0.3029213041639209
2026-07-20 14:05:00+03:00,0.44287302065903816,0.357728171347512
2026-07-20 14:10:00+03:00,0.4303732846312396,0.1952696696095094
2026-07-20 14:15:00+03:00,0.4448330786580139,0.32865953878414
2026-07-20 14:20:00+03:00,0.41856409271701184,0.11554408308400442
2026-07-20 14:25:00+03:00,0.36803926417370464,-0.10545373606545502
2026-07-20 14:30:00+03:00,0.4361139846342625,0.5187278944259761
2026-07-20 14:35:00+03:00,0.3810407102697934,-0.09592606740672821
2026-07-20 14:40:00+03:00,0.3164147240703385,-0.3254705010498318
2026-07-20 14:45:00+03:00,0.2632668583759939,-0.42736425459085237
2026-07-20 14:50:00+03:00,0.22451548005300076,-0.46444269363193313
2026-07-20 14:55:00+03:00,0.21979406269173513,-0.255549675335893
2026-07-20 15:00:00+03:00,0.17825509393024463,-0.7013331818024112
2026-07-20 15:05:00+03:00,0.1549813616130389,-0.6316917442914612
2026-07-20 15:10:00+03:00,0.13396788468823637,-0.7196425114089081
2026-07-20 15:15:00+03:00,0.12540304599658728,-0.632488885730188
2026-07-20 15:20:00+03:00,0.1074368520945834,-0.8509239465993943
2026-07-20 15:25:00+03:00,0.08609883101174688,-1.1045088161909904
2026-07-20 15:30:00+03:00,0.08116542494104342,-0.8524134394381878
2026-07-20 15:35:00+03:00,0.07322926595821665,-0.963948511007811
2026-07-20 15:40:00+03:00,0.06517123315246574,-1.0431641560094154
2026-07-20 15:45:00+03:00,0.06370756965621004,-0.9343912778751813
2026-07-20 15:50:00+03:00,0.056215989308176735,-1.130433056085413
2026-07-20 15:55:00+03:00,0.05971290920883583,-0.8867173474646775
2026-07-20 16:00:00+03:00,0.07387060080142911,-0.6635136988938275
2026-07-20 16:05:00+03:00,0.0916786496116479,-0.5444980632875133
2026-07-20 16:10:00+03:00,0.08945813093579062,-0.7608486485863838
2026-07-20 16:15:00+03:00,0.10231907410187813,-0.5412835129667987
2026-07-20 16:20:00+03:00,0.11071254517844453,-0.543614482222539
2026-07-20 16:25:00+03:00,0.13116058587730606,-0.37467826562370543
2026-07-20 16:30:00+03:00,0.14126273578781873,-0.4112509878225493
2026-07-20 16:35:00+03:00,0.12478303315217458,-0.7203169691732564
2026-07-20 16:40:00+03:00,0.11458862911283255,-0.7068029829448088
2026-07-20 16:45:00+03:00,0.11816527053657967,-0.5530896170560688
2026-07-20 16:50:00+03:00,0.12934402687661514,-0.44673589142577685
2026-07-20 16:55:00+03:00,0.1630011379688429,-0.19976459227374546
2026-07-20 17:00:00+03:00,0.1657009134889819,-0.377905691065765
2026-07-20 17:05:00+03:00,0.14763144069920453,-0.6166979439454325
2026-07-20 17:10:00+03:00,0.1389872857093197,-0.5691316542546974
2026-07-20 17:15:00+03:00,0.15514775452951443,-0.3245063155103376
2026-07-20 17:20:00+03:00,0.17083196061007047,-0.27943606846641234
2026-07-20 17:25:00+03:00,0.16250975980668106,-0.46884653652121555
2026-07-20 17:30:00+03:00,0.15863749677665467,-0.4497568925038764
2026-07-20 17:35:00+03:00,0.15829528806974252,-0.425048755289844
2026-07-20 17:40:00+03:00,0.14996272871276406,-0.5190800232449501
2026-07-20 17:45:00+03:00,0.1550712627342029,-0.39783802415058356
2026-07-20 17:50:00+03:00,0.16205604674978685,-0.3614317894606158
2026-07-20 17:55:00+03:00,0.18123846382125147,-0.22924472336924925
2026-07-21 09:55:00+03:00,0.2099506245264144,-0.1045095471511703
2026-07-21 10:00:00+03:00,0.22548236085137935,-0.13138432684586707
2026-07-21 10:05:00+03:00,0.2535956696615112,-0.005184958500871958
2026-07-21 10:10:00+03:00,0.24137926480299784,-0.2367149191930573
2026-07-21 10:15:00+03:00,0.26298170105011304,-0.013368717923520693
2026-07-21 10:20:00+03:00,0.24243088597879733,-0.2820309668625094
2026-07-21 10:25:00+03:00,0.2607984507138625,-0.033068449719573706
2026-07-21 10:30:00+03:00,0.2706827665142332,-0.049438766488472896
2026-07-21 10:35:00+03:00,0.2994009774182778,0.09644296600664035
2026-07-21 10:40:00+03:00,0.27866225506798314,-0.18136348111012077
2026-07-21 10:45:00+03:00,0.2777245967129229,-0.08395819604022103
2026-07-21 10:50:00+03:00,0.2680975857336187,-0.1509534012151342
2026-07-21 10:55:00+03:00,0.24756849372909995,-0.26671866497043517
2026-07-21 11:00:00+03:00,0.2789118297244162,0.0642698691778332
2026-07-21 11:05:00+03:00,0.2536318825061197,-0.276848025252982
2026-07-21 11:10:00+03:00,0.2409290388041733,-0.24074344115220805
2026-07-21 11:15:00+03:00,0.2208927129794922,-0.34573969100738466
2026-07-21 11:20:00+03:00,0.21481742225496264,-0.2780499758877151
2026-07-21 11:25:00+03:00,0.2074024735259857,-0.3085964267069983
2026-07-21 11:30:00+03:00,0.23560899568012042,-0.04578828388891998
2026-07-21 11:35:00+03:00,0.22639151293738066,-0.2624953290908483
2026-07-21 11:40:00+03:00,0.2004185529371448,-0.45888016940441567
2026-07-21 11:45:00+03:00,0.18404225778723374,-0.44827308335782623
2026-07-21 11:50:00+03:00,0.1994186991994717,-0.20015379133837166
2026-07-21 11:55:00+03:00,0.19328736486713363,-0.3450771969505495
2026-07-21 12:00:00+03:00,0.1793383005774205,-0.44771097119307457
2026-07-21 12:05:00+03:00,0.16915777225174858,-0.45765148737611017
2026-07-21 12:10:00+03:00,0.1603121893424148,-0.4814565444855107
2026-07-21 12:15:00+03:00,0.1836812647206643,-0.1994830267320951
2026-07-21 12:20:00+03:00,0.201946709980148,-0.17794188675684422
2026-07-21 12:25:00+03:00,0.22624697719346415,-0.08636685621049048
2026-07-21 12:30:00+03:00,0.20933503432860529,-0.3631354643348743
2026-07-21 12:35:00+03:00,0.23764935416363472,-0.040565112090934746
2026-07-21 12:40:00+03:00,0.27389568623098803,0.07445316537859664
2026-07-21 12:45:00+03:00,0.2647611591064064,-0.15700793007557748
2026-07-21 12:50:00+03:00,0.32754620595920214,0.288839184566795
2026-07-21 12:55:00+03:00,0.38888943059049985,0.4012933794189608
2026-07-21 13:00:00+03:00,0.4299179584794511,0.4020597516812381
2026-07-21 13:05:00+03:00,0.40328363019155683,0.0821193796752206
2026-07-21 13:10:00+03:00,0.36584388651023625,-0.048245174150531034
2026-07-21 13:15:00+03:00,0.3823497462118048,0.21507333528887274
2026-07-21 13:20:00+03:00,0.3689613690824359,0.06551959668258348
2026-07-21 13:25:00+03:00,0.35698048411466615,0.04585473034856903
2026-07-21 13:30:00+03:00,0.31147919728314344,-0.22680341626455988
2026-07-21 13:35:00+03:00,0.2833108451095715,-0.20885357103775828
2026-07-21 13:40:00+03:00,0.2669822865860783,-0.18897798872810198
2026-07-21 13:45:00+03:00,0.24309732005250476,-0.30014235979215387
2026-07-21 13:50:00+03:00,0.23496263219408547,-0.23179610079556054
2026-07-21 13:55:00+03:00,0.21235345454099616,-0.3914448220034439
2026-07-21 14:00:00+03:00,0.23058248690221678,-0.10532885791728677
2026-07-21 14:05:00+03:00,0.2429121748710049,-0.10402814269984317
2026-07-21 14:10:00+03:00,0.22848591952034608,-0.28710678297117376
2026-07-21 14:15:00+03:00,0.2341472215454614,-0.15965220057814059
2026-07-21 14:20:00+03:00,0.2314414279086957,-0.21143939512308482
2026-07-21 14:25:00+03:00,0.2315309262527686,-0.195998388445472
2026-07-21 14:30:00+03:00,0.19917342320501233,-0.5142772315055887
2026-07-21 14:35:00+03:00,0.19048817754203806,-0.37111364627460763
2026-07-21 14:40:00+03:00,0.17299960491622843,-0.49974657916295595
2026-07-21 14:45:00+03:00,0.15536826687382552,-0.5763240611210549
2026-07-21 14:50:00+03:00,0.14911224990064292,-0.5055067657175564
2026-07-21 14:55:00+03:00,0.14345820766926676,-0.5238626146878252
2026-07-21 15:00:00+03:00,0.17557754215534901,-0.17441241887503936
2026-07-21 15:05:00+03:00,0.21816825547099228,-0.019792125994469695
2026-07-21 15:10:00+03:00,0.23153995441739106,-0.12702347965222893
2026-07-21 15:15:00+03:00,0.22994277061274473,-0.2094710271576863
2026-07-21 15:20:00+03:00,0.24580448789356446,-0.07993415598116735
2026-07-21 15:25:00+03:00,0.23498610240011633,-0.24693509108756226
2026-07-21 15:30:00+03:00,0.20068290312437032,-0.5241706480831549
2026-07-21 15:35:00+03:00,0.2140383538748199,-0.1719602647685309
2026-07-21 15:40:00+03:00,0.21345143272865355,-0.25000434962114026
2026-07-21 15:45:00+03:00,0.23132106759090293,-0.10528036218977463
2026-07-21 15:50:00+03:00,0.21110821642286334,-0.3793208747587019
2026-07-21 15:55:00+03:00,0.2084252325414548,-0.27688574424991874
2026-07-21 16:00:00+03:00,0.1886284143163274,-0.4567503373165439
2026-07-21 16:05:00+03:00,0.15981414365179325,-0.663515694724684
2026-07-21 16:10:00+03:00,0.14931418406948166,-0.540110166317479
2026-07-21 16:15:00+03:00,0.22323991551546413,0.12598615516198347
2026-07-21 16:20:00+03:00,0.23141385569988773,-0.15373409978882693
2026-07-21 16:25:00+03:00,0.2524034890372187,-0.04032312821714598
2026-07-21 16:30:00+03:00,0.2002113397845618,-0.6977237643110255
2026-07-21 16:35:00+03:00,0.19933459274431672,-0.29329300179220485
2026-07-21 16:40:00+03:00,0.16433960559992342,-0.7059612592042253
2026-07-21 16:45:00+03:00,0.15919581786222292,-0.4572291709746569
2026-07-21 16:50:00+03:00,0.20269072631743226,-0.05123464808915948
2026-07-21 16:55:00+03:00,0.24134723210988623,0.014492022559621676
2026-07-21 17:00:00+03:00,0.2077668833701486,-0.48940857834291307
2026-07-21 17:05:00+03:00,0.16922653266271157,-0.7184662469376945
2026-07-21 17:10:00+03:00,0.1589304790449078,-0.4984738872494163
2026-07-21 17:15:00+03:00,0.14176555210379196,-0.636665464647083
2026-07-21 17:20:00+03:00,0.19258937227959558,-0.040659786049352276
2026-07-21 17:25:00+03:00,0.16212894689502164,-0.6686491733672876
2026-07-21 17:30:00+03:00,0.13534919590808245,-0.7811049500335228
2026-07-21 17:35:00+03:00,0.11048940674452816,-0.9344788070126235
2026-07-21 17:40:00+03:00,0.09931891952493065,-0.8127011279046499
2026-07-21 17:45:00+03:00,0.09626205261528266,-0.7300350550311702
2026-07-21 17:50:00+03:00,0.08830152629727411,-0.8446292739520621
2026-07-21 17:55:00+03:00,0.08468551126301092,-0.8094992958919189
2026-07-22 09:55:00+03:00,0.06110018373385678,-1.6645460855029999
2026-07-22 10:00:00+03:00,0.047428708180366694,-1.4859511004171295
2026-07-22 10:05:00+03:00,0.047242268262777984,-1.0661332334382845
2026-07-22 10:10:00+03:00,0.0861134481367607,-0.4028367395552308
2026-07-22 10:15:00+03:00,0.13255157067469645,-0.21309194350657132
2026-07-22 10:20:00+03:00,0.16647625913079148,-0.18897674131209943
2026-07-22 10:25:00+03:00,0.17068468652974025,-0.3513265080399618
2026-07-22 10:30:00+03:00,0.16631042639272375,-0.4252257080056213
2026-07-22 10:35:00+03:00,0.16575599060552815,-0.4000711815552227
2026-07-22 10:40:00+03:00,0.1562527598125182,-0.5028838668811326
2026-07-22 10:45:00+03:00,0.12398027537941947,-0.9458129489624378
2026-07-22 10:50:00+03:00,0.10231896544624179,-0.9495931909369721
2026-07-22 10:55:00+03:00,0.12054261579433376,-0.4272961382086493
2026-07-22 11:00:00+03:00,0.11917642608778366,-0.593169760603531
2026-07-22 11:05:00+03:00,0.12412616384401333,-0.5160637186823271
2026-07-22 11:10:00+03:00,0.13311451779498945,-0.44901493700175865
2026-07-22 11:15:00+03:00,0.186540847872107,-0.04261014550208772
2026-07-22 11:20:00+03:00,0.2533681876866019,0.1584625971509389
2026-07-22 11:25:00+03:00,0.30567929272529965,0.2050586868397692
2026-07-22 11:30:00+03:00,0.3114822194150139,0.024240362792009987
2026-07-22 11:35:00+03:00,0.3143612661998038,0.017712279797848132
2026-07-22 11:40:00+03:00,0.3282125138232865,0.09451369292461304
2026-07-22 11:45:00+03:00,0.3541203351339534,0.19638830418387485
2026-07-22 11:50:00+03:00,0.37101669631143525,0.19414610336768184
2026-07-22 11:55:00+03:00,0.3377892138128574,-0.09485763567580022
2026-07-22 12:00:00+03:00,0.35422888262619123,0.15863519666829962
2026-07-22 12:05:00+03:00,0.34083579056133045,0.004264249201144252
2026-07-22 12:10:00+03:00,0.3352396539724587,0.026343116658530688
2026-07-22 12:15:00+03:00,0.30793822646582547,-0.13949322295405567
2026-07-22 12:20:00+03:00,0.2821952502562946,-0.19869909721682386
2026-07-22 12:25:00+03:00,0.2548183737102008,-0.28581307435750936
2026-07-22 12:30:00+03:00,0.20150545525449035,-0.7029930522462174
2026-07-22 12:35:00+03:00,0.1850108830973432,-0.44554320774024025
2026-07-22 12:40:00+03:00,0.1601004132283269,-0.6226007422483634
2026-07-22 12:45:00+03:00,0.1525988120478988,-0.5014700901576625
2026-07-22 12:50:00+03:00,0.12879195184098638,-0.7850244663266603
2026-07-22 12:55:00+03:00,0.1323929727147057,-0.4934353632236562
2026-07-22 13:00:00+03:00,0.1384815997131236,-0.450634092096478
2026-07-22 13:05:00+03:00,0.16310839600952023,-0.24976223988331472
2026-07-22 13:10:00+03:00,0.15916260845459165,-0.4483427110965531
2026-07-22 13:15:00+03:00,0.15257555611630144,-0.49420897244026163
2026-07-22 13:20:00+03:00,0.1509787279352882,-0.46149424545199746
2026-07-22 13:25:00+03:00,0.2098332215910057,0.03397641707771468
2026-07-22 13:30:00+03:00,0.22202119672165008,-0.15725324056427373
2026-07-22 13:35:00+03:00,0.28065594102134583,0.18040044168943575
2026-07-22 13:40:00+03:00,0.31027299105216133,0.12272653452727339
2026-07-22 13:45:00+03:00,0.343249421284771,0.2028782208132405
2026-07-22 13:50:00+03:00,0.36069558598282503,0.17571491813098267
2026-07-22 13:55:00+03:00,0.3809050481146873,0.22682921196239805
2026-07-22 14:00:00+03:00,0.38595555532066717,0.17665509036324858
2026-07-22 14:05:00+03:00,0.40924754676933384,0.2940933398713752
2026-07-22 14:10:00+03:00,0.3824553229329155,0.036867449969485475
2026-07-22 14:15:00+03:00,0.4077720952697185,0.299069724540199
2026-07-22 14:20:00+03:00,0.4168290855560499,0.2535176848222642
2026-07-22 14:25:00+03:00,0.4481688920870119,0.39989682984752595
2026-07-22 14:30:00+03:00,0.44711716524223943,0.2731267366719252
2026-07-22 14:35:00+03:00,0.4416130597889216,0.24503923122405924
2026-07-22 14:40:00+03:00,0.4148537978306847,0.1058192957820318
2026-07-22 14:45:00+03:00,0.4667482791327108,0.5153463519042842
2026-07-22 14:50:00+03:00,0.4386538982541183,0.14922530882482987
2026-07-22 14:55:00+03:00,0.40940240952368995,0.08398341654703623
2026-07-22 15:00:00+03:00,0.35679842454107596,-0.14392895604265374
2026-07-22 15:05:00+03:00,0.4050264751691353,0.38192015995000095
2026-07-22 15:10:00+03:00,0.4107991885549393,0.2288369148826844
2026-07-22 15:15:00+03:00,0.42353591354243136,0.28088161425302344
2026-07-22 15:20:00+03:00,0.4163610555093103,0.18856836346889544
2026-07-22 15:25:00+03:00,0.4407336439932053,0.3588817164384081
2026-07-22 15:30:00+03:00,0.43319962222336783,0.22054083917873285
2026-07-22 15:35:00+03:00,0.39774725936505934,0.03245158431428474
2026-07-22 15:40:00+03:00,0.3560065910574529,-0.09197158476846565
2026-07-22 15:45:00+03:00,0.3070402382639552,-0.25914965094264597
2026-07-22 15:50:00+03:00,0.2642998449640285,-0.35224884822874125
2026-07-22 15:55:00+03:00,0.24613279683224146,-0.2571470746651089
2026-07-22 16:00:00+03:00,0.2605540194045826,-0.051897187087099644
2026-07-22 16:05:00+03:00,0.26141587129899335,-0.11493549651594617
2026-07-22 16:10:00+03:00,0.25570232567970436,-0.16275161238098393
2026-07-22 16:15:00+03:00,0.25695751020852137,-0.12406149407622546
2026-07-22 16:20:00+03:00,0.2460213929930901,-0.21661224961312972
2026-07-22 16:25:00+03:00,0.2574344273029887,-0.07341553589708966
2026-07-22 16:30:00+03:00,0.25316682267520674,-0.16182590351042667
2026-07-22 16:35:00+03:00,0.23529871225526322,-0.28731974796156656
2026-07-22 16:40:00+03:00,0.2480077219239861,-0.08979475433615774
2026-07-22 16:45:00+03:00,0.24211080452719566,-0.1997602361970315
2026-07-22 16:50:00+03:00,0.20619083875521269,-0.5147205735113184
2026-07-22 16:55:00+03:00,0.18717376991720405,-0.45635380298184003
2026-07-22 17:00:00+03:00,0.18938001019355832,-0.30484145091492776
2026-07-22 17:05:00+03:00,0.18843259732408132,-0.3274439319720206
2026-07-22 17:10:00+03:00,0.20799911391015985,-0.15535612553085135
2026-07-22 17:15:00+03:00,0.17350325076427028,-0.651473567884995
2026-07-22 17:20:00+03:00,0.14583593410153972,-0.7279740488924644
2026-07-22 17:25:00+03:00,0.13781007748266436,-0.5688651522095179
2026-07-22 17:30:00+03:00,0.12409418328254847,-0.6931162709627646
2026-07-22 17:35:00+03:00,0.1045899697058315,-0.8954569241118915
2026-07-22 17:40:00+03:00,0.11677945938129225,-0.48721956221956053
2026-07-22 17:45:00+03:00,0.14940646888035017,-0.24319543475749025
2026-07-22 17:50:00+03:00,0.15342316695474445,-0.41128809668163546
2026-07-22 17:55:00+03:00,0.1305733223952876,-0.7617341001328944
2026-07-23 09:55:00+03:00,0.1302729181308576,-0.5343120765866801
2026-07-23 10:00:00+03:00,0.1731801400470196,-0.12524394202086028
2026-07-23 10:05:00+03:00,0.1886358954992237,-0.2294012006626517
2026-07-23 10:10:00+03:00,0.16687798433015577,-0.5617101837847163
2026-07-23 10:15:00+03:00,0.1581056794031112,-0.4895877276629139
2026-07-23 10:20:00+03:00,0.16588200268991568,-0.34375174942575526
2026-07-23 10:25:00+03:00,0.16296194970473274,-0.4268180575459911
2026-07-23 10:30:00+03:00,0.16492845505498394,-0.38551929748561276
2026-07-23 10:35:00+03:00,0.17314877583133986,-0.3178557810057021
2026-07-23 10:40:00+03:00,0.1844436795490366,-0.2651883560981969
2026-07-23 10:45:00+03:00,0.21114610572810993,-0.11144933972414067
2026-07-23 10:50:00+03:00,0.2584041076397564,0.08823402561607885
2026-07-23 10:55:00+03:00,0.22416992916418402,-0.4319821470772439
2026-07-23 11:00:00+03:00,0.21148792874898267,-0.3287534862338659
2026-07-23 11:05:00+03:00,0.1992203852784746,-0.3658785391660744
2026-07-23 11:10:00+03:00,0.218335580951427,-0.1313336717866619
2026-07-23 11:15:00+03:00,0.25443375182339456,0.03198827233699403
2026-07-23 11:20:00+03:00,0.2835786410588382,0.06484552371843838
2026-07-23 11:25:00+03:00,0.28270322753650845,-0.07177115723833408
2026-07-23 11:30:00+03:00,0.22281804119171075,-0.6590244494812467
2026-07-23 11:35:00+03:00,0.1802039047828442,-0.7024569142157872
2026-07-23 11:40:00+03:00,0.1400381048647447,-0.9434904934367605
2026-07-23 11:45:00+03:00,0.11660726640564098,-0.8637805383377339
2026-07-23 11:50:00+03:00,0.10335649498401293,-0.8135322019184564
2026-07-23 11:55:00+03:00,0.09020460847484911,-0.9087744033401495
2026-07-23 12:00:00+03:00,0.08863723169165058,-0.7578628214708703
2026-07-23 12:05:00+03:00,0.08139461278914056,-0.8851580993512469
2026-07-23 12:10:00+03:00,0.07878722494752367,-0.8361760492765855
2026-07-23 12:15:00+03:00,0.0742605916214325,-0.8983944101001382
2026-07-23 12:20:00+03:00,0.07693033907779537,-0.7780458852866294
2026-07-23 12:25:00+03:00,0.07130914573708419,-0.9404206260780108
2026-07-23 12:30:00+03:00,0.06509718507458487,-1.0071947724102712
2026-07-23 12:35:00+03:00,0.06732374511968056,-0.8489589898662881
2026-07-23 12:40:00+03:00,0.06902182506884909,-0.8443613035659145
2026-07-23 12:45:00+03:00,0.07185635939455343,-0.8090164400042489
2026-07-23 12:50:00+03:00,0.0734250522618164,-0.8155136544369402
2026-07-23 12:55:00+03:00,0.07994862192269987,-0.713612033925338
2026-07-23 13:00:00+03:00,0.08849687262941196,-0.6459529688600799
2026-07-23 13:05:00+03:00,0.19525017417763094,0.20199398588874104
2026-07-23 13:10:00+03:00,0.27321583344445866,0.24218575209313345
2026-07-23 13:15:00+03:00,0.2851880182823357,-0.006733770552005108
2026-07-23 13:20:00+03:00,0.23539173112514927,-0.5087733649495374
2026-07-23 13:25:00+03:00,0.22493987420796074,-0.2739947815445837
2026-07-23 13:30:00+03:00,0.20667176086247366,-0.3811771173614904
2026-07-23 13:35:00+03:00,0.20967235799183556,-0.24031734464116586
2026-07-23 13:40:00+03:00,0.404046042677742,1.022832773718383
2026-07-23 13:45:00+03:00,0.43814748594676933,0.39126220801590206
2026-07-23 13:50:00+03:00,0.43127456457138436,0.2193518321072293
2026-07-23 13:55:00+03:00,0.3761581823832147,-0.10806581112216126
2026-07-23 14:00:00+03:00,0.3508409573149066,-0.02694877939515966
2026-07-23 14:05:00+03:00,0.2961525472522211,-0.3266919663962493
2026-07-23 14:10:00+03:00,0.2792397819153007,-0.1597961641205141
2026-07-23 14:15:00+03:00,0.3175378449966236,0.1727956874486677
2026-07-23 14:20:00+03:00,0.3119470675627581,-0.025672883677258895
2026-07-23 14:25:00+03:00,0.3309300554769901,0.1214677560492742
2026-07-23 14:30:00+03:00,0.3716834255854647,0.28898219058450136
2026-07-23 14:35:00+03:00,0.39590065427866794,0.27180834733235726
2026-07-23 14:40:00+03:00,0.4142821658456001,0.28482783010750773
2026-07-23 14:45:00+03:00,0.3730062482852486,-0.04943174778073725
2026-07-23 14:50:00+03:00,0.4167037239881716,0.3869406756957011
2026-07-23 14:55:00+03:00,0.4655162491720649,0.500894856000162
2026-07-23 15:00:00+03:00,0.47073032533243775,0.3429006575336798
2026-07-23 15:05:00+03:00,0.45636284709882324,0.23920919649871183
2026-07-23 15:10:00+03:00,0.404255477803629,-0.027327395211126287
2026-07-23 15:15:00+03:00,0.3764307460684456,0.019170574189749587
2026-07-23 15:20:00+03:00,0.306155540675914,-0.39673726711284296
2026-07-23 15:25:00+03:00,0.2824290191020943,-0.18723942618980824
2026-07-23 15:30:00+03:00,0.2789229989476877,-0.09345916050858555
2026-07-23 15:35:00+03:00,0.30163242673778495,0.0758573058448503
2026-07-23 15:40:00+03:00,0.3280343971480817,0.14591816153497122
2026-07-23 15:45:00+03:00,0.32498163395068236,0.014968925193718535
2026-07-23 15:50:00+03:00,0.30784457857441744,-0.0894453109468161
2026-07-23 15:55:00+03:00,0.3080409687522341,-0.008304150273228422
2026-07-23 16:00:00+03:00,0.29038790345858567,-0.13507388235205645
2026-07-23 16:05:00+03:00,0.29687804587964356,-0.005104093912722235
2026-07-23 16:10:00+03:00,0.3171480507406051,0.09822024355276365
2026-07-23 16:15:00+03:00,0.3380151039998736,0.14370101953688186
2026-07-23 16:20:00+03:00,0.31959654921042846,-0.06748814219919227
2026-07-23 16:25:00+03:00,0.3052615188827754,-0.08217718749708416
2026-07-23 16:30:00+03:00,0.30514044578295657,-0.016281520947413752
2026-07-23 16:35:00+03:00,0.3194630962871916,0.07809376092302531
2026-07-23 16:40:00+03:00,0.38470872631076153,0.4082531349126792
2026-07-23 16:45:00+03:00,0.40487126152805736,0.27348146484554425
2026-07-23 16:50:00+03:00,0.40339613822154563,0.18544224274134968
2026-07-23 16:55:00+03:00,0.4259730436532692,0.32360518276091943
2026-07-23 17:00:00+03:00,0.43938996111715023,0.31415895962949014
2026-07-23 17:05:00+03:00,0.5082523490787184,0.667601038818289
2026-07-23 17:10:00+03:00,0.5425115556800604,0.5957534550497516
2026-07-23 17:15:00+03:00,0.47756890157703197,0.07719541848351566
2026-07-23 17:20:00+03:00,0.39854089460693914,-0.17265441317610727
2026-07-23 17:25:00+03:00,0.34752603682398797,-0.15958357217469718
2026-07-23 17:30:00+03:00,0.31133147645120285,-0.1767149467892888
2026-07-23 17:35:00+03:00,0.27774838204363866,-0.25488284939138195
2026-07-23 17:40:00+03:00,0.24045128783508024,-0.3958629728141104
2026-07-23 17:45:00+03:00,0.21817682552604187,-0.3694056684307897
2026-07-23 17:50:00+03:00,0.2031958642491728,-0.3707241236496832
2026-07-23 17:55:00+03:00,0.22913797817169246,-0.07160539477348996
2026-07-24 09:55:00+03:00,0.1794955818327858,-0.7912811709766716
2026-07-24 10:00:00+03:00,0.25385763751582535,0.18970644753857302
2026-07-24 10:05:00+03:00,0.30014946173071483,0.16997947587892043
2026-07-24 10:10:00+03:00,0.3448671348493972,0.25226700621577985
2026-07-24 10:15:00+03:00,0.3543406669851676,0.13049567189786832
2026-07-24 10:20:00+03:00,0.3273125112301279,-0.09020426044457289
2026-07-24 10:25:00+03:00,0.27900563516787097,-0.34066589967745686
2026-07-24 10:30:00+03:00,0.2536939517136522,-0.27685218523198285
2026-07-24 10:35:00+03:00,0.23761728243960656,-0.2697879437179045
2026-07-24 10:40:00+03:00,0.2266391536249644,-0.27208653286237927
2026-07-24 10:45:00+03:00,0.2500780457637655,-0.03439536001584756
2026-07-24 10:50:00+03:00,0.2708053468451067,0.0002724147273078098
2026-07-24 10:55:00+03:00,0.34043177905234373,0.3400679940433917
2026-07-24 11:00:00+03:00,0.3435976682563477,0.08193901264171809
2026-07-24 11:05:00+03:00,0.3419994631283686,0.05829503393348937
2026-07-24 11:10:00+03:00,0.38566947384259526,0.32722932357706136
2026-07-24 11:15:00+03:00,0.4250476279267664,0.386375029557939
2026-07-24 11:20:00+03:00,0.4876743826922527,0.5995879414871944
2026-07-24 11:25:00+03:00,0.49166169358539014,0.3783771384323734
2026-07-24 11:30:00+03:00,0.4629478922367107,0.19556118688883511
2026-07-24 11:35:00+03:00,0.48966150146627896,0.4619688123458382
2026-07-24 11:40:00+03:00,0.412923680760919,-0.12411103256624881
2026-07-24 11:45:00+03:00,0.34378421594572034,-0.2696664555545897
2026-07-24 11:50:00+03:00,0.30442323733378607,-0.21234090127286767
2026-07-24 11:55:00+03:00,0.28540875548021855,-0.15471778180036913
2026-07-24 12:00:00+03:00,0.2700249083567487,-0.17588466005362677
2026-07-24 12:05:00+03:00,0.2378011697845191,-0.3703231051927509
2026-07-24 12:10:00+03:00,0.26994319971892333,0.04846272687227448
2026-07-24 12:15:00+03:00,0.2891650964709454,0.03412165072897394
2026-07-24 12:20:00+03:00,0.3031612009327138,0.04182014365846519
2026-07-24 12:25:00+03:00,0.3192219974686382,0.08491868619037032
2026-07-24 12:30:00+03:00,0.33519088367042343,0.11782208006565037
2026-07-24 12:35:00+03:00,0.3460887959243829,0.11938235067952979
2026-07-24 12:40:00+03:00,0.3443462156631618,0.06269599699821987
2026-07-24 12:45:00+03:00,0.3226813638022385,-0.07557924461245466
2026-07-24 12:50:00+03:00,0.32467456015706825,0.03641107938223015
2026-07-24 12:55:00+03:00,0.3400361410400879,0.12530339535431967
2026-07-24 13:00:00+03:00,0.34509887983607135,0.09306766021671722
2026-07-24 13:05:00+03:00,0.34959093234204025,0.10007140166478024
2026-07-24 13:10:00+03:00,0.349962390076447,0.08357447137875275
2026-07-24 13:15:00+03:00,0.31221168010433886,-0.18262268292065217
2026-07-24 13:20:00+03:00,0.32571221769496794,0.08779948258269359
2026-07-24 13:25:00+03:00,0.36189729265489745,0.25219858468394873
2026-07-24 13:30:00+03:00,0.3803696167397922,0.21892874436658544
2026-07-24 13:35:00+03:00,0.33873428360678015,-0.13411026507132762
2026-07-24 13:40:00+03:00,0.3154274534716606,-0.10099157523911001
2026-07-24 13:45:00+03:00,0.32678095321951606,0.08100762585658493
2026-07-24 13:50:00+03:00,0.3138764046494066,-0.05500223598216722
2026-07-24 13:55:00+03:00,0.36313898614225115,0.3053631011137361
2026-07-24 14:00:00+03:00,0.3621021687758,0.10310055499410252
2026-07-24 14:05:00+03:00,0.3713063718585263,0.16389945108238538
2026-07-24 14:10:00+03:00,0.3223755377379723,-0.21560670329832846
2026-07-24 14:15:00+03:00,0.29694796085341507,-0.15803988955184253
2026-07-24 14:20:00+03:00,0.3066662017011597,0.030837368467438522
2026-07-24 14:25:00+03:00,0.32777831844216176,0.12374654735411503
2026-07-24 14:30:00+03:00,0.3566827295026513,0.21335418243721457
2026-07-24 14:35:00+03:00,0.3675477027162514,0.16301751403407655
2026-07-24 14:40:00+03:00,0.37311574153735655,0.15285132590306544
2026-07-24 14:45:00+03:00,0.335947788219022,-0.11872251979803669
2026-07-24 14:50:00+03:00,0.3110354613321314,-0.11971911132489604
2026-07-24 14:55:00+03:00,0.30505159967363565,-0.04332690097640038
2026-07-24 15:00:00+03:00,0.33303560702177715,0.16246446214854204
2026-07-24 15:05:00+03:00,0.3178405595403754,-0.05644614087665456
2026-07-24 15:10:00+03:00,0.32303231879752625,0.04671222817667693
2026-07-24 15:15:00+03:00,0.36662031261054,0.2901555263538669
2026-07-24 15:20:00+03:00,0.3640380704364212,0.10069403062860266
2026-07-24 15:25:00+03:00,0.36089445879449494,0.09177451002146393
2026-07-24 15:30:00+03:00,0.3829269295937744,0.23796230839302723
2026-07-24 15:35:00+03:00,0.40942967154268134,0.30685125154666454
2026-07-24 15:40:00+03:00,0.4152955415566944,0.23803174131046656
2026-07-24 15:45:00+03:00,0.4121775730021776,0.19639956063327552
2026-07-24 15:50:00+03:00,0.4123154590307856,0.20959502279468528
2026-07-24 15:55:00+03:00,0.3995946335294422,0.13226923643103056
2026-07-24 16:00:00+03:00,0.3806557840915219,0.06678396553660476
2026-07-24 16:05:00+03:00,0.38063107798060847,0.1453958733965537
2026-07-24 16:10:00+03:00,0.36995726320122496,0.07915308006389525
2026-07-24 16:15:00+03:00,0.36474178321066086,0.09115303166176342
2026-07-24 16:20:00+03:00,0.35895270595106277,0.07654155845655367
2026-07-24 16:25:00+03:00,0.37960653704548963,0.22602277761546496
2026-07-24 16:30:00+03:00,0.3619995208274434,0.03232718916088739
2026-07-24 16:35:00+03:00,0.38431297469340964,0.24177982240273632
2026-07-24 16:40:00+03:00,0.4100994950415439,0.30537929033947675
2026-07-24 16:45:00+03:00,0.4233093655318842,0.2822771255925367
2026-07-24 16:50:00+03:00,0.44800230286075066,0.37406287004000627
2026-07-24 16:55:00+03:00,0.46004567640628513,0.3486146216334542
2026-07-24 17:00:00+03:00,0.4586568596261622,0.2941855893294052
2026-07-24 17:05:00+03:00,0.4401409230674147,0.1907580537957258
2026-07-24 17:10:00+03:00,0.3998946743477441,0.016130438762061244
2026-07-24 17:15:00+03:00,0.34245010011091487,-0.207250504966456
2026-07-24 17:20:00+03:00,0.31876975293471727,-0.09467612281114277
2026-07-24 17:25:00+03:00,0.2997729612914556,-0.11830661561265193
2026-07-24 17:30:00+03:00,0.32587845287392025,0.1403174547676771
2026-07-24 17:35:00+03:00,0.3450493078866155,0.15110515444241782
2026-07-24 17:40:00+03:00,0.35835619829765814,0.15430701804701447
2026-07-24 17:45:00+03:00,0.4018250835725977,0.35750711029468196
2026-07-24 17:50:00+03:00,0.4499579459031771,0.4680332419668747
2026-07-24 17:55:00+03:00,0.46933114038058377,0.3945773510429311
2026-07-27 09:55:00+03:00,0.4295632693201085,0.08214585210438202
2026-07-27 10:00:00+03:00,0.3650379157841793,-0.18454462706658106
2026-07-27 10:05:00+03:00,0.3241423916171603,-0.16776486956280925
2026-07-27 10:10:00+03:00,0.25393183844756617,-0.6070000853113617
2026-07-27 10:15:00+03:00,0.2224195479831287,-0.4186314607094611
2026-07-27 10:20:00+03:00,0.17492586044791608,-0.7930546503085403
2026-07-27 10:25:00+03:00,0.1404522675812864,-0.8509194840574518
2026-07-27 10:30:00+03:00,0.10253058650353818,-1.346374216293898
2026-07-27 10:35:00+03:00,0.09055618686889494,-0.88748356136173
2026-07-27 10:40:00+03:00,0.06907582750833761,-1.357052877268983
2026-07-27 10:45:00+03:00,0.053455009380897374,-1.436604863014072
2026-07-27 10:50:00+03:00,0.04226373640374702,-1.4909624392026881
2026-07-27 10:55:00+03:00,0.037551846287430676,-1.320436564206958
2026-07-27 11:00:00+03:00,0.048906219449221085,-0.850126015746244
2026-07-27 11:05:00+03:00,0.057248079965133924,-0.8336523452011372
2026-07-27 11:10:00+03:00,0.04586017770683351,-1.417725256308175
2026-07-27 11:15:00+03:00,0.03297387163602587,-1.9843293583668455
2026-07-27 11:20:00+03:00,0.023798628679444548,-2.1190184325528154
2026-07-27 11:25:00+03:00,0.01733891600477342,-2.2199033013833276
2026-07-27 11:30:00+03:00,0.024172534363615522,-1.1733264236969105
2026-07-27 11:35:00+03:00,0.0477837919026527,-0.7022857278327084
2026-07-27 11:40:00+03:00,0.057813926252033354,-0.8066815666420492
2026-07-27 11:45:00+03:00,0.11984730068693471,-0.16369073783413066
2026-07-27 11:50:00+03:00,0.1411237623267853,-0.3365437738586068
2026-07-27 11:55:00+03:00,0.17922697153726036,-0.13418651195390274
2026-07-27 12:00:00+03:00,0.21966497848956554,-0.026185174785302856
2026-07-27 12:05:00+03:00,0.2400632881264668,-0.07199083299258663
2026-07-27 12:10:00+03:00,0.3536697580844056,0.5356661819698029
2026-07-27 12:15:00+03:00,0.4304184703414992,0.5416494672272999
2026-07-27 12:20:00+03:00,0.5112196399714043,0.724967178677842
2026-07-27 12:25:00+03:00,0.5288556171844107,0.5028186942296302
2026-07-27 12:30:00+03:00,0.5986990416977338,0.8768671008897851
2026-07-27 12:35:00+03:00,0.5921289925842416,0.5319366047895353
2026-07-27 12:40:00+03:00,0.49182522158527386,-0.047656327752797545
2026-07-27 12:45:00+03:00,0.528024202499931,0.5744430806646792
2026-07-27 12:50:00+03:00,0.5299843041468314,0.44423850416168087
2026-07-27 12:55:00+03:00,0.5518326419319581,0.5646785892685932
2026-07-27 13:00:00+03:00,0.5548573192731148,0.49653953647300664
2026-07-27 13:05:00+03:00,0.5309288635856934,0.3465773634074685
2026-07-27 13:10:00+03:00,0.4737357893686958,0.10168638055021222
2026-07-27 13:15:00+03:00,0.4739349659846244,0.32977683423249815
2026-07-27 13:20:00+03:00,0.48414016445460045,0.3878079191915653
2026-07-27 13:25:00+03:00,0.486562403753871,0.3625830629344642
2026-07-27 13:30:00+03:00,0.4745246413523767,0.2836727464669946
2026-07-27 13:35:00+03:00,0.46521893181197044,0.2762216292453198
2026-07-27 13:40:00+03:00,0.42276462205812,0.05626543014433305
2026-07-27 13:45:00+03:00,0.32219076520027745,-0.5720825492956904
2026-07-27 13:50:00+03:00,0.30939312566785915,-0.06503443103511575
2026-07-27 13:55:00+03:00,0.3363454186502851,0.16497882027410204
2026-07-27 14:00:00+03:00,0.2434872913281573,-0.960286564373771
2026-07-27 14:05:00+03:00,0.19829180417632222,-0.6343428235832332
2026-07-27 14:10:00+03:00,0.14400175107561264,-1.206212535088075
2026-07-27 14:15:00+03:00,0.10850169851342266,-1.1778019098067793
2026-07-27 14:20:00+03:00,0.09466146389678082,-0.8846080197239958
2026-07-27 14:25:00+03:00,0.1185910471854652,-0.39380915206806777
2026-07-27 14:30:00+03:00,0.1545851499225718,-0.20995013060745207
2026-07-27 14:35:00+03:00,0.17314707946474256,-0.25578160685653994
2026-07-27 14:40:00+03:00,0.24668343818185526,0.17203649506309834
2026-07-27 14:45:00+03:00,0.32570181348020366,0.34785801621601065
2026-07-27 14:50:00+03:00,0.3679740709084954,0.28768185334367047
2026-07-27 14:55:00+03:00,0.4323366085820562,0.49684149584584647
2026-07-27 15:00:00+03:00,0.4337971294817212,0.256981199099989
2026-07-27 15:05:00+03:00,0.4333896465169602,0.24889149809717706
2026-07-27 15:10:00+03:00,0.4423582878432283,0.30272067566502836
2026-07-27 15:15:00+03:00,0.4994578012905315,0.6010624891713993
2026-07-27 15:20:00+03:00,0.5780504083051177,0.8690733394189141
2026-07-27 15:25:00+03:00,0.6701448315148949,1.2277635152929631
2026-07-27 15:30:00+03:00,0.7118246032795857,1.0298449002811154
2026-07-27 15:35:00+03:00,0.679985881744454,0.6064351264966164
2026-07-27 15:40:00+03:00,0.7108076447536427,0.9654337054910949
2026-07-27 15:45:00+03:00,0.7527284417103441,1.162479582397667
2026-07-27 15:50:00+03:00,0.7859772390754634,1.220635125305242
2026-07-27 15:55:00+03:00,0.8013543810124875,1.1469932722294967
2026-07-27 16:00:00+03:00,0.8221217572856461,1.2647020078897273
2026-07-27 16:05:00+03:00,0.8377059742372941,1.2863126954569384
2026-07-27 16:10:00+03:00,0.8495623970059246,1.3051144485713173
2026-07-27 16:15:00+03:00,0.8628410594427341,1.379177728123628
2026-07-27 16:20:00+03:00,0.8705262542746633,1.3623311522168329
2026-07-27 16:25:00+03:00,0.8886233020459274,1.5831052827250292
2026-07-27 16:30:00+03:00,0.6536319176507962,-0.33663188711834735
2026-07-27 16:35:00+03:00,0.4776043532305683,-0.5520808166735217
2026-07-27 16:40:00+03:00,0.36279029834180093,-0.5196426255070876
2026-07-27 16:45:00+03:00,0.28124325475936623,-0.5852687734345041
2026-07-27 16:50:00+03:00,0.22239657624776274,-0.6504916974572402
2026-07-27 16:55:00+03:00,0.19133432768323888,-0.5362802088581804
2026-07-27 17:00:00+03:00,0.18565108080242654,-0.3672131924019746
2026-07-27 17:05:00+03:00,0.1756654652494603,-0.4320089277105358
2026-07-27 17:10:00+03:00,0.18544626282601384,-0.2711293949300684
2026-07-27 17:15:00+03:00,0.21346924038981138,-0.09928097067041772
2026-07-27 17:20:00+03:00,0.23490620466056233,-0.07933085500160952
2026-07-27 17:25:00+03:00,0.2318690672494588,-0.21208422709443162
2026-07-27 17:30:00+03:00,0.22949954404308118,-0.21492738128464314
2026-07-27 17:35:00+03:00,0.28216968909429196,0.159447439908382
2026-07-27 17:40:00+03:00,0.254273406994288,-0.29057500731393393
2026-07-27 17:45:00+03:00,0.27521167887575704,0.011013787757944801
2026-07-27 17:50:00+03:00,0.2679064858029796,-0.1395928325640684
2026-07-27 17:55:00+03:00,0.24303652603252987,-0.30636563997641253
2026-07-28 09:55:00+03:00,0.18770476762877203,-0.8122738399072309
2026-07-28 10:00:00+03:00,0.43994274736701966,1.738088491091778
2026-07-28 10:05:00+03:00,0.5781072570745591,1.228159156144031
2026-07-28 10:10:00+03:00,0.6408252648137843,0.9486976153833759
2026-07-28 10:15:00+03:00,0.7211452527334882,1.3431168789974115
2026-07-28 10:20:00+03:00,0.7752542514387006,1.3509296794951886
2026-07-28 10:25:00+03:00,0.7669178428919599,0.9067671204217043
2026-07-28 10:30:00+03:00,0.7444245682648551,0.7842873892932317
2026-07-28 10:35:00+03:00,0.7557688707907504,0.9819832745642716
2026-07-28 10:40:00+03:00,0.7490596183060034,0.8700731731760658
2026-07-28 10:45:00+03:00,0.752118366483685,0.9274505026499311
2026-07-28 10:50:00+03:00,0.7551129041264916,0.9349820331997623
2026-07-28 10:55:00+03:00,0.7850924849961837,1.1928865573333713
2026-07-28 11:00:00+03:00,0.7892764385290956,1.037124503827155
2026-07-28 11:05:00+03:00,0.7138731399537596,0.5007490742059734
2026-07-28 11:10:00+03:00,0.6000622304113659,0.128757250748324
2026-07-28 11:15:00+03:00,0.5358316043462379,0.19924030577311105
2026-07-28 11:20:00+03:00,0.4581057134241835,-0.021372633153433296
2026-07-28 11:25:00+03:00,0.39606882793610876,-0.0932553841942825
2026-07-28 11:30:00+03:00,0.3413722360323903,-0.19527339392925733
2026-07-28 11:35:00+03:00,0.3517500690444607,0.12889133058144225
2026-07-28 11:40:00+03:00,0.333011151989876,-0.03766879795014272
2026-07-28 11:45:00+03:00,0.35372535229308566,0.17484359698527854
2026-07-28 11:50:00+03:00,0.41413537879978357,0.44626485882502753
2026-07-28 11:55:00+03:00,0.44987395681242515,0.4200732148452757
2026-07-28 12:00:00+03:00,0.43786054566204546,0.21205346108371914
2026-07-28 12:05:00+03:00,0.4364280787816749,0.2508229930309287
2026-07-28 12:10:00+03:00,0.43566614828289363,0.2519541769354279
2026-07-28 12:15:00+03:00,0.4364263521005076,0.2593765147007017
2026-07-28 12:20:00+03:00,0.4307380646594913,0.22296508602957435
2026-07-28 12:25:00+03:00,0.481446222005128,0.5395702158574138
2026-07-28 12:30:00+03:00,0.502465296016186,0.46470468970099055
2026-07-28 12:35:00+03:00,0.4623170192854651,0.14832186522004648
2026-07-28 12:40:00+03:00,0.41325782118185944,0.006689046558432596
2026-07-28 12:45:00+03:00,0.4036110561835421,0.15298455476361758
2026-07-28 12:50:00+03:00,0.40132907890887715,0.17807580261192502
2026-07-28 12:55:00+03:00,0.42584438317800066,0.33081900362312916
2026-07-28 13:00:00+03:00,0.42431736185946256,0.22670985990835335
2026-07-28 13:05:00+03:00,0.39522928720942435,0.05454264482854096
2026-07-28 13:10:00+03:00,0.37401755168821027,0.04277432834509867
2026-07-28 13:15:00+03:00,0.3610877126078689,0.05061880861562447
2026-07-28 13:20:00+03:00,0.3777605872907877,0.20665406483793686
2026-07-28 13:25:00+03:00,0.3657428201587014,0.06450189983047826
2026-07-28 13:30:00+03:00,0.37057028428903177,0.14467032101324503
2026-07-28 13:35:00+03:00,0.3989112916872849,0.2936325696589194
2026-07-28 13:40:00+03:00,0.39637527514305915,0.1671012875777686
2026-07-28 13:45:00+03:00,0.3638224234906402,-0.030355773714215606
2026-07-28 13:50:00+03:00,0.36663443079209607,0.12838370729919873
2026-07-28 13:55:00+03:00,0.36072802823489913,0.07979856918828546
2026-07-28 14:00:00+03:00,0.30084143647434736,-0.3449362596981518
2026-07-28 14:05:00+03:00,0.28409087787489407,-0.14648202286555742
2026-07-28 14:10:00+03:00,0.2503641912498897,-0.33899825860074195
2026-07-28 14:15:00+03:00,0.25296054368551507,-0.12734935113218487
2026-07-28 14:20:00+03:00,0.27226956031698557,-0.002797091268746804
2026-07-28 14:25:00+03:00,0.24124450619186402,-0.3510235686567258
2026-07-28 14:30:00+03:00,0.23488347317904842,-0.2221132619291389
2026-07-28 14:35:00+03:00,0.24550795219197916,-0.10602432861255237
2026-07-28 14:40:00+03:00,0.28458177598443457,0.10871519482744149
2026-07-28 14:45:00+03:00,0.29588738128869896,0.014134776673128152
2026-07-28 14:50:00+03:00,0.2920455549651496,-0.0637038641004953
2026-07-28 14:55:00+03:00,0.33143788283092623,0.20490210921419846
2026-07-28 15:00:00+03:00,0.37592077420183234,0.3115805319769026
2026-07-28 15:05:00+03:00,0.4044823870213602,0.3052501031457574
2026-07-28 15:10:00+03:00,0.41450140113198636,0.25272967385175593
2026-07-28 15:15:00+03:00,0.37571495095801266,-0.03167258938084991
2026-07-28 15:20:00+03:00,0.3761844663925672,0.13834564533695706
2026-07-28 15:25:00+03:00,0.39190922426999086,0.23083050413919629
2026-07-28 15:30:00+03:00,0.4256510439896265,0.36589954467096675
2026-07-28 15:35:00+03:00,0.46602421353256257,0.46909187500157434
2026-07-28 15:40:00+03:00,0.5029493464914232,0.5276308183039675
2026-07-28 15:45:00+03:00,0.5021917780756044,0.380373546162464
2026-07-28 15:50:00+03:00,0.48206549319739095,0.26690464199253183
2026-07-28 15:55:00+03:00,0.4675547750453343,0.2605196124873027
2026-07-28 16:00:00+03:00,0.4623282601952116,0.28643585199943045
2026-07-28 16:05:00+03:00,0.4808526489687206,0.41344295349797733
2026-07-28 16:10:00+03:00,0.4982448801528473,0.4425514861075541
2026-07-28 16:15:00+03:00,0.5433967348743229,0.6420408053732234
2026-07-28 16:20:00+03:00,0.58522619601753,0.7164134255580356
2026-07-28 16:25:00+03:00,0.5864723965064912,0.5516370160734188
2026-07-28 16:30:00+03:00,0.5501042877029768,0.33561421906837685
2026-07-28 16:35:00+03:00,0.5261462161496308,0.33727168866598545
2026-07-28 16:40:00+03:00,0.3983230145286617,-0.4812384865339977
2026-07-28 16:45:00+03:00,0.3028527256686882,-0.6146689089545798
2026-07-28 16:50:00+03:00,0.25196561743153234,-0.45238892442357026
2026-07-28 16:55:00+03:00,0.29661218040675563,0.15620138153946253
2026-07-28 17:00:00+03:00,0.3302948101659898,0.17986900421378252
2026-07-28 17:05:00+03:00,0.3882149610690652,0.3868573606369795
2026-07-28 17:10:00+03:00,0.41749720194579726,0.3331017862425879
2026-07-28 17:15:00+03:00,0.3894097931158846,0.046321761189435456
2026-07-28 17:20:00+03:00,0.41378583643958394,0.30704958118669456
2026-07-28 17:25:00+03:00,0.4645163899523738,0.5064298711627558
2026-07-28 17:30:00+03:00,0.4837593516924985,0.4217923988359693
2026-07-28 17:35:00+03:00,0.4745035844269572,0.2944037953223574
2026-07-28 17:40:00+03:00,0.4548750531133254,0.2155800887258794
2026-07-28 17:45:00+03:00,0.441329104845282,0.21285134212048276
2026-07-28 17:50:00+03:00,0.42394581109468993,0.1628188843580213
2026-07-28 17:55:00+03:00,0.4687628316697642,0.49165362260177614
2026-07-29 09:55:00+03:00,0.33391664216449146,-0.9061865081524028
2026-07-29 10:00:00+03:00,0.25224097911872795,-0.7374439006760718
2026-07-29 10:05:00+03:00,0.22302878423248476,-0.40022022692952486
2026-07-29 10:10:00+03:00,0.20897276496353748,-0.3456079935232964
2026-07-29 10:15:00+03:00,0.20906232169890213,-0.2587613048435591
2026-07-29 10:20:00+03:00,0.2503382676356808,0.04557703589337206
2026-07-29 10:25:00+03:00,0.31182492545170387,0.2532349655808128
2026-07-29 10:30:00+03:00,0.33681364026841126,0.15799378882365092
2026-07-29 10:35:00+03:00,0.3041680162854709,-0.17688799622200155
2026-07-29 10:38:31+03:00,0.2377550285699408,-0.64933699903025
