{
  "accuracy": 0.4636363636363636,
  "long": {
    "f1-score": 0.45871559633027525,
    "precision": 0.5,
    "recall": 0.423728813559322,
    "support": 59.0
  },
  "long_accuracy": 0.4636363636363636,
  "macro avg": {
    "f1-score": 0.46359203239937186,
    "precision": 0.4666666666666667,
    "recall": 0.4667663675639747,
    "support": 110.0
  },
  "not_long": {
    "f1-score": 0.46846846846846846,
    "precision": 0.43333333333333335,
    "recall": 0.5098039215686274,
    "support": 51.0
  },
  "observation_count": 110,
  "weighted avg": {
    "f1-score": 0.46323738250343754,
    "precision": 0.4690909090909091,
    "recall": 0.4636363636363636,
    "support": 110.0
  }
}