{
  "accuracy": 0.4818181818181818,
  "long": {
    "f1-score": 0.42424242424242425,
    "precision": 0.525,
    "recall": 0.3559322033898305,
    "support": 59.0
  },
  "long_accuracy": 0.4818181818181818,
  "macro avg": {
    "f1-score": 0.47658402203856753,
    "precision": 0.4910714285714286,
    "recall": 0.49169159189099365,
    "support": 110.0
  },
  "not_long": {
    "f1-score": 0.5289256198347108,
    "precision": 0.45714285714285713,
    "recall": 0.6274509803921569,
    "support": 51.0
  },
  "observation_count": 110,
  "weighted avg": {
    "f1-score": 0.4727773603806662,
    "precision": 0.493538961038961,
    "recall": 0.4818181818181818,
    "support": 110.0
  }
}