{
  "accuracy": 0.4666666666666667,
  "long": {
    "f1-score": 0.35353535353535354,
    "precision": 0.40229885057471265,
    "recall": 0.3153153153153153,
    "support": 111.0
  },
  "long_accuracy": 0.4666666666666667,
  "macro avg": {
    "f1-score": 0.4498173221577477,
    "precision": 0.4527834122154609,
    "recall": 0.4561072700607584,
    "support": 240.0
  },
  "not_long": {
    "f1-score": 0.5460992907801419,
    "precision": 0.5032679738562091,
    "recall": 0.5968992248062015,
    "support": 129.0
  },
  "observation_count": 240,
  "weighted avg": {
    "f1-score": 0.4570384698044273,
    "precision": 0.456569754338517,
    "recall": 0.4666666666666667,
    "support": 240.0
  }
}