{
  "accuracy": 0.4708333333333333,
  "long": {
    "f1-score": 0.48582995951417,
    "precision": 0.4411764705882353,
    "recall": 0.5405405405405406,
    "support": 111.0
  },
  "long_accuracy": 0.4708333333333333,
  "macro avg": {
    "f1-score": 0.4703827909158833,
    "precision": 0.47539592760180993,
    "recall": 0.4756966268594176,
    "support": 240.0
  },
  "not_long": {
    "f1-score": 0.45493562231759654,
    "precision": 0.5096153846153846,
    "recall": 0.4108527131782946,
    "support": 129.0
  },
  "observation_count": 240,
  "weighted avg": {
    "f1-score": 0.4692242532710118,
    "precision": 0.47796238687782805,
    "recall": 0.4708333333333333,
    "support": 240.0
  }
}