{
  "accuracy": 0.45416666666666666,
  "long": {
    "f1-score": 0.37320574162679426,
    "precision": 0.3979591836734694,
    "recall": 0.35135135135135137,
    "support": 111.0
  },
  "long_accuracy": 0.45416666666666666,
  "macro avg": {
    "f1-score": 0.4449054538392274,
    "precision": 0.4454584650761713,
    "recall": 0.44699350513304004,
    "support": 240.0
  },
  "not_long": {
    "f1-score": 0.5166051660516605,
    "precision": 0.49295774647887325,
    "recall": 0.5426356589147286,
    "support": 129.0
  },
  "observation_count": 240,
  "weighted avg": {
    "f1-score": 0.45028293225515986,
    "precision": 0.44902091118137394,
    "recall": 0.45416666666666666,
    "support": 240.0
  }
}