Date,ReversalProbability
2026-05-06 09:55:00+03:00,0.0134348035106825
2026-05-06 10:00:00+03:00,0.0134348035106825
2026-05-06 10:05:00+03:00,0.0134348035106825
2026-05-06 10:10:00+03:00,0.0134348035106825
2026-05-06 10:15:00+03:00,0.0134348035106825
2026-05-06 10:20:00+03:00,0.0134348035106825
2026-05-06 10:25:00+03:00,0.0134348035106825
2026-05-06 10:30:00+03:00,0.0134348035106825
2026-05-06 10:35:00+03:00,0.0134348035106825
2026-05-06 10:40:00+03:00,0.0134348035106825
2026-05-06 10:45:00+03:00,0.0134348035106825
2026-05-06 10:50:00+03:00,0.0134348035106825
2026-05-06 10:55:00+03:00,0.0134348035106825
2026-05-06 11:00:00+03:00,0.0134348035106825
2026-05-06 11:05:00+03:00,0.0134348035106825
2026-05-06 11:10:00+03:00,0.0134348035106825
2026-05-06 11:15:00+03:00,0.0134348035106825
2026-05-06 11:20:00+03:00,0.0134348035106825
2026-05-06 11:25:00+03:00,0.0134348035106825
2026-05-06 11:30:00+03:00,0.0134348035106825
2026-05-06 11:35:00+03:00,0.0134348035106825
2026-05-06 11:40:00+03:00,0.0134348035106825
2026-05-06 11:45:00+03:00,0.0134348035106825
2026-05-06 11:50:00+03:00,0.0134348035106825
2026-05-06 11:55:00+03:00,0.0134348035106825
2026-05-06 12:00:00+03:00,0.0134348035106825
2026-05-06 12:05:00+03:00,0.0134348035106825
2026-05-06 12:10:00+03:00,0.0134348035106825
2026-05-06 12:15:00+03:00,0.0134348035106825
2026-05-06 12:20:00+03:00,0.0134348035106825
2026-05-06 12:25:00+03:00,0.0134348035106825
2026-05-06 12:30:00+03:00,0.0134348035106825
2026-05-06 12:35:00+03:00,0.0134348035106825
2026-05-06 12:40:00+03:00,0.0134348035106825
2026-05-06 12:45:00+03:00,0.0134348035106825
2026-05-06 12:50:00+03:00,0.0134348035106825
2026-05-06 12:55:00+03:00,0.0134348035106825
2026-05-06 13:00:00+03:00,0.0134348035106825
2026-05-06 13:05:00+03:00,0.0134348035106825
2026-05-06 13:10:00+03:00,0.0134348035106825
2026-05-06 13:15:00+03:00,0.0134348035106825
2026-05-06 13:20:00+03:00,0.0134348035106825
2026-05-06 13:25:00+03:00,0.0134348035106825
2026-05-06 13:30:00+03:00,0.0134348035106825
2026-05-06 13:35:00+03:00,0.0134348035106825
2026-05-06 13:40:00+03:00,0.0134348035106825
2026-05-06 13:45:00+03:00,0.0134348035106825
2026-05-06 13:50:00+03:00,0.0134348035106825
2026-05-06 13:55:00+03:00,0.0134348035106825
2026-05-06 14:00:00+03:00,0.0134348035106825
2026-05-06 14:05:00+03:00,0.0134348035106825
2026-05-06 14:10:00+03:00,0.0134348035106825
2026-05-06 14:15:00+03:00,0.0134348035106825
2026-05-06 14:20:00+03:00,0.0134348035106825
2026-05-06 14:25:00+03:00,0.0134348035106825
2026-05-06 14:30:00+03:00,0.0134348035106825
2026-05-06 14:35:00+03:00,0.0134348035106825
2026-05-06 14:40:00+03:00,0.0134348035106825
2026-05-06 14:45:00+03:00,0.0134348035106825
2026-05-06 14:50:00+03:00,0.0134348035106825
2026-05-06 14:55:00+03:00,0.0134348035106825
2026-05-06 15:00:00+03:00,0.0134348035106825
2026-05-06 15:05:00+03:00,0.0134348035106825
2026-05-06 15:10:00+03:00,0.0134348035106825
2026-05-06 15:15:00+03:00,0.0134348035106825
2026-05-06 15:20:00+03:00,0.0134348035106825
2026-05-06 15:25:00+03:00,0.0134348035106825
2026-05-06 15:30:00+03:00,0.0134348035106825
2026-05-06 15:35:00+03:00,0.0134348035106825
2026-05-06 15:40:00+03:00,0.0134348035106825
2026-05-06 15:45:00+03:00,0.0134348035106825
2026-05-06 15:50:00+03:00,0.0134348035106825
2026-05-06 15:55:00+03:00,0.0134348035106825
2026-05-06 16:00:00+03:00,0.0134348035106825
2026-05-06 16:05:00+03:00,0.0134348035106825
2026-05-06 16:10:00+03:00,0.0134348035106825
2026-05-06 16:15:00+03:00,0.0134348035106825
2026-05-06 16:20:00+03:00,0.0134348035106825
2026-05-06 16:25:00+03:00,0.0134348035106825
2026-05-06 16:30:00+03:00,0.0134348035106825
2026-05-06 16:35:00+03:00,0.0134348035106825
2026-05-06 16:40:00+03:00,0.0134348035106825
2026-05-06 16:45:00+03:00,0.0134348035106825
2026-05-06 16:50:00+03:00,0.0134348035106825
2026-05-06 16:55:00+03:00,0.0134348035106825
2026-05-06 17:00:00+03:00,0.0134348035106825
2026-05-06 17:05:00+03:00,0.0134348035106825
2026-05-06 17:10:00+03:00,0.0134348035106825
2026-05-06 17:15:00+03:00,0.0134348035106825
2026-05-06 17:20:00+03:00,0.0134348035106825
2026-05-06 17:25:00+03:00,0.0134348035106825
2026-05-06 17:30:00+03:00,0.0134348035106825
2026-05-06 17:35:00+03:00,0.0134348035106825
2026-05-06 17:40:00+03:00,0.0134348035106825
2026-05-06 17:45:00+03:00,0.0134348035106825
2026-05-06 17:50:00+03:00,0.0134348035106825
2026-05-06 17:55:00+03:00,0.0134348035106825
2026-05-07 09:55:00+03:00,0.0134348035106825
2026-05-07 10:00:00+03:00,0.0134348035106825
2026-05-07 10:05:00+03:00,0.0134348035106825
2026-05-07 10:10:00+03:00,0.0134348035106825
2026-05-07 10:15:00+03:00,0.0134348035106825
2026-05-07 10:20:00+03:00,0.0134348035106825
2026-05-07 10:25:00+03:00,0.0134348035106825
2026-05-07 10:30:00+03:00,0.0134348035106825
2026-05-07 10:35:00+03:00,0.0134348035106825
2026-05-07 10:40:00+03:00,0.0134348035106825
2026-05-07 10:45:00+03:00,0.0134348035106825
2026-05-07 10:50:00+03:00,0.0134348035106825
2026-05-07 10:55:00+03:00,0.0134348035106825
2026-05-07 11:00:00+03:00,0.0134348035106825
2026-05-07 11:05:00+03:00,0.0134348035106825
2026-05-07 11:10:00+03:00,0.0134348035106825
2026-05-07 11:15:00+03:00,0.0134348035106825
2026-05-07 11:20:00+03:00,0.0134348035106825
2026-05-07 11:25:00+03:00,0.0134348035106825
2026-05-07 11:30:00+03:00,0.0134348035106825
2026-05-07 11:35:00+03:00,0.0134348035106825
2026-05-07 11:40:00+03:00,0.0134348035106825
2026-05-07 11:45:00+03:00,0.0134348035106825
2026-05-07 11:50:00+03:00,0.0134348035106825
2026-05-07 11:55:00+03:00,0.0134348035106825
2026-05-07 12:00:00+03:00,0.0134348035106825
2026-05-07 12:05:00+03:00,0.0134348035106825
2026-05-07 12:10:00+03:00,0.0134348035106825
2026-05-07 12:15:00+03:00,0.0134348035106825
2026-05-07 12:20:00+03:00,0.0134348035106825
2026-05-07 12:25:00+03:00,0.0134348035106825
2026-05-07 12:30:00+03:00,0.0134348035106825
2026-05-07 12:35:00+03:00,0.0134348035106825
2026-05-07 12:40:00+03:00,0.0134348035106825
2026-05-07 12:45:00+03:00,0.0134348035106825
2026-05-07 12:50:00+03:00,0.0134348035106825
2026-05-07 12:55:00+03:00,0.0134348035106825
2026-05-07 13:00:00+03:00,0.0134348035106825
2026-05-07 13:05:00+03:00,0.0134348035106825
2026-05-07 13:10:00+03:00,0.0134348035106825
2026-05-07 13:15:00+03:00,0.0134348035106825
2026-05-07 13:20:00+03:00,0.0134348035106825
2026-05-07 13:25:00+03:00,0.0134348035106825
2026-05-07 13:30:00+03:00,0.0134348035106825
2026-05-07 13:35:00+03:00,0.0134348035106825
2026-05-07 13:40:00+03:00,0.0134348035106825
2026-05-07 13:45:00+03:00,0.0134348035106825
2026-05-07 13:50:00+03:00,0.0134348035106825
2026-05-07 13:55:00+03:00,0.0134348035106825
2026-05-07 14:00:00+03:00,0.0134348035106825
2026-05-07 14:05:00+03:00,0.0134348035106825
2026-05-07 14:10:00+03:00,0.0134348035106825
2026-05-07 14:15:00+03:00,0.0134348035106825
2026-05-07 14:20:00+03:00,0.0134348035106825
2026-05-07 14:25:00+03:00,0.0134348035106825
2026-05-07 14:30:00+03:00,0.0134348035106825
2026-05-07 14:35:00+03:00,0.0134348035106825
2026-05-07 14:40:00+03:00,0.0134348035106825
2026-05-07 14:45:00+03:00,0.0134348035106825
2026-05-07 14:50:00+03:00,0.0134348035106825
2026-05-07 14:55:00+03:00,0.0134348035106825
2026-05-07 15:00:00+03:00,0.0134348035106825
2026-05-07 15:05:00+03:00,0.0134348035106825
2026-05-07 15:10:00+03:00,0.0134348035106825
2026-05-07 15:15:00+03:00,0.0134348035106825
2026-05-07 15:20:00+03:00,0.0134348035106825
2026-05-07 15:25:00+03:00,0.0134348035106825
2026-05-07 15:30:00+03:00,0.0134348035106825
2026-05-07 15:35:00+03:00,0.0134348035106825
2026-05-07 15:40:00+03:00,0.0134348035106825
2026-05-07 15:45:00+03:00,0.0134348035106825
2026-05-07 15:50:00+03:00,0.0134348035106825
2026-05-07 15:55:00+03:00,0.0134348035106825
2026-05-07 16:00:00+03:00,0.0134348035106825
2026-05-07 16:05:00+03:00,0.0134348035106825
2026-05-07 16:10:00+03:00,0.0134348035106825
2026-05-07 16:15:00+03:00,0.0134348035106825
2026-05-07 16:20:00+03:00,0.0134348035106825
2026-05-07 16:25:00+03:00,0.0134348035106825
2026-05-07 16:30:00+03:00,0.0134348035106825
2026-05-07 16:35:00+03:00,0.0134348035106825
2026-05-07 16:40:00+03:00,0.0134348035106825
2026-05-07 16:45:00+03:00,0.0134348035106825
2026-05-07 16:50:00+03:00,0.0134348035106825
2026-05-07 16:55:00+03:00,0.0134348035106825
2026-05-07 17:00:00+03:00,0.0134348035106825
2026-05-07 17:05:00+03:00,0.0134348035106825
2026-05-07 17:10:00+03:00,0.0134348035106825
2026-05-07 17:15:00+03:00,0.0134348035106825
2026-05-07 17:20:00+03:00,0.0134348035106825
2026-05-07 17:25:00+03:00,0.0134348035106825
2026-05-07 17:30:00+03:00,0.0134348035106825
2026-05-07 17:35:00+03:00,0.0134348035106825
2026-05-07 17:40:00+03:00,0.0134348035106825
2026-05-07 17:45:00+03:00,0.0134348035106825
2026-05-07 17:50:00+03:00,0.0134348035106825
2026-05-07 17:55:00+03:00,0.0134348035106825
2026-05-08 09:55:00+03:00,0.0134348035106825
2026-05-08 10:00:00+03:00,0.9720806489196627
2026-05-08 10:05:00+03:00,0.0134348035106825
2026-05-08 10:10:00+03:00,0.0134348035106825
2026-05-08 10:15:00+03:00,0.9796676041037106
2026-05-08 10:20:00+03:00,0.9845673529557991
2026-05-08 10:25:00+03:00,0.9811516846079541
2026-05-08 10:30:00+03:00,0.9850044009309147
2026-05-08 10:35:00+03:00,0.9853646666428348
2026-05-08 10:40:00+03:00,0.9856452094107095
2026-05-08 10:45:00+03:00,0.0134348035106825
2026-05-08 10:50:00+03:00,0.0134348035106825
2026-05-08 10:55:00+03:00,0.0134348035106825
2026-05-08 11:00:00+03:00,0.0134348035106825
2026-05-08 11:05:00+03:00,0.0134348035106825
2026-05-08 11:10:00+03:00,0.0134348035106825
2026-05-08 11:15:00+03:00,0.0134348035106825
2026-05-08 11:20:00+03:00,0.0134348035106825
2026-05-08 11:25:00+03:00,0.0134348035106825
2026-05-08 11:30:00+03:00,0.0134348035106825
2026-05-08 11:35:00+03:00,0.0134348035106825
2026-05-08 11:40:00+03:00,0.0134348035106825
2026-05-08 11:45:00+03:00,0.0134348035106825
2026-05-08 11:50:00+03:00,0.0134348035106825
2026-05-08 11:55:00+03:00,0.0134348035106825
2026-05-08 12:00:00+03:00,0.0134348035106825
2026-05-08 12:05:00+03:00,0.0134348035106825
2026-05-08 12:10:00+03:00,0.0134348035106825
2026-05-08 12:15:00+03:00,0.0134348035106825
2026-05-08 12:20:00+03:00,0.0134348035106825
2026-05-08 12:25:00+03:00,0.0134348035106825
2026-05-08 12:30:00+03:00,0.0134348035106825
2026-05-08 12:35:00+03:00,0.0134348035106825
2026-05-08 12:40:00+03:00,0.0134348035106825
2026-05-08 12:45:00+03:00,0.0134348035106825
2026-05-08 12:50:00+03:00,0.0134348035106825
2026-05-08 12:55:00+03:00,0.0134348035106825
2026-05-08 13:00:00+03:00,0.0134348035106825
2026-05-08 13:05:00+03:00,0.0134348035106825
2026-05-08 13:10:00+03:00,0.0134348035106825
2026-05-08 13:15:00+03:00,0.0134348035106825
2026-05-08 13:20:00+03:00,0.0134348035106825
2026-05-08 13:25:00+03:00,0.0134348035106825
2026-05-08 13:30:00+03:00,0.0134348035106825
2026-05-08 13:35:00+03:00,0.0134348035106825
2026-05-08 13:40:00+03:00,0.0134348035106825
2026-05-08 13:45:00+03:00,0.0134348035106825
2026-05-08 13:50:00+03:00,0.0134348035106825
2026-05-08 13:55:00+03:00,0.0134348035106825
2026-05-08 14:00:00+03:00,0.0134348035106825
2026-05-08 14:05:00+03:00,0.0134348035106825
2026-05-08 14:10:00+03:00,0.0134348035106825
2026-05-08 14:15:00+03:00,0.0134348035106825
2026-05-08 14:20:00+03:00,0.0134348035106825
2026-05-08 14:25:00+03:00,0.0134348035106825
2026-05-08 14:30:00+03:00,0.0134348035106825
2026-05-08 14:35:00+03:00,0.0134348035106825
2026-05-08 14:40:00+03:00,0.0134348035106825
2026-05-08 14:45:00+03:00,0.0134348035106825
2026-05-08 14:50:00+03:00,0.0134348035106825
2026-05-08 14:55:00+03:00,0.0134348035106825
2026-05-08 15:00:00+03:00,0.0134348035106825
2026-05-08 15:05:00+03:00,0.0134348035106825
2026-05-08 15:10:00+03:00,0.0134348035106825
2026-05-08 15:15:00+03:00,0.0134348035106825
2026-05-08 15:20:00+03:00,0.0134348035106825
2026-05-08 15:25:00+03:00,0.0134348035106825
2026-05-08 15:30:00+03:00,0.0134348035106825
2026-05-08 15:35:00+03:00,0.0134348035106825
2026-05-08 15:40:00+03:00,0.0134348035106825
2026-05-08 15:45:00+03:00,0.0134348035106825
2026-05-08 15:50:00+03:00,0.0134348035106825
2026-05-08 15:55:00+03:00,0.0134348035106825
2026-05-08 16:00:00+03:00,0.0134348035106825
2026-05-08 16:05:00+03:00,0.0134348035106825
2026-05-08 16:10:00+03:00,0.0134348035106825
2026-05-08 16:15:00+03:00,0.0134348035106825
2026-05-08 16:20:00+03:00,0.0134348035106825
2026-05-08 16:25:00+03:00,0.0134348035106825
2026-05-08 16:30:00+03:00,0.0134348035106825
2026-05-08 16:35:00+03:00,0.0134348035106825
2026-05-08 16:40:00+03:00,0.0134348035106825
2026-05-08 16:45:00+03:00,0.0134348035106825
2026-05-08 16:50:00+03:00,0.0134348035106825
2026-05-08 16:55:00+03:00,0.0134348035106825
2026-05-08 17:00:00+03:00,0.0134348035106825
2026-05-08 17:05:00+03:00,0.0134348035106825
2026-05-08 17:10:00+03:00,0.0134348035106825
2026-05-08 17:15:00+03:00,0.0134348035106825
2026-05-08 17:20:00+03:00,0.0134348035106825
2026-05-08 17:25:00+03:00,0.0134348035106825
2026-05-08 17:30:00+03:00,0.0134348035106825
2026-05-08 17:35:00+03:00,0.0134348035106825
2026-05-08 17:40:00+03:00,0.0134348035106825
2026-05-08 17:45:00+03:00,0.0134348035106825
2026-05-08 17:50:00+03:00,0.0134348035106825
2026-05-08 17:55:00+03:00,0.0134348035106825
2026-05-11 09:55:00+03:00,0.06134568853859691
2026-05-11 10:00:00+03:00,0.0134348035106825
2026-05-11 10:05:00+03:00,0.0134348035106825
2026-05-11 10:10:00+03:00,0.37999097517399827
2026-05-11 10:15:00+03:00,0.39129968063360765
2026-05-11 10:20:00+03:00,0.47989550017319627
2026-05-11 10:25:00+03:00,0.11315948326330126
2026-05-11 10:30:00+03:00,0.08164091323747588
2026-05-11 10:35:00+03:00,0.0726103650342197
2026-05-11 10:40:00+03:00,0.0726103650342197
2026-05-11 10:45:00+03:00,0.06245884638755529
2026-05-11 10:50:00+03:00,0.050368578263647115
2026-05-11 10:55:00+03:00,0.35861476444440066
2026-05-11 11:00:00+03:00,0.0134348035106825
2026-05-11 11:05:00+03:00,0.0134348035106825
2026-05-11 11:10:00+03:00,0.0134348035106825
2026-05-11 11:15:00+03:00,0.0134348035106825
2026-05-11 11:20:00+03:00,0.9797812807097448
2026-05-11 11:25:00+03:00,0.0134348035106825
2026-05-11 11:30:00+03:00,0.0134348035106825
2026-05-11 11:35:00+03:00,0.0134348035106825
2026-05-11 11:40:00+03:00,0.0134348035106825
2026-05-11 11:45:00+03:00,0.0134348035106825
2026-05-11 11:50:00+03:00,0.0134348035106825
2026-05-11 11:55:00+03:00,0.0134348035106825
2026-05-11 12:00:00+03:00,0.0134348035106825
2026-05-11 12:05:00+03:00,0.0134348035106825
2026-05-11 12:10:00+03:00,0.0134348035106825
2026-05-11 12:15:00+03:00,0.0134348035106825
2026-05-11 12:20:00+03:00,0.0134348035106825
2026-05-11 12:25:00+03:00,0.9146491488893819
2026-05-11 12:30:00+03:00,0.0134348035106825
2026-05-11 12:35:00+03:00,0.0134348035106825
2026-05-11 12:40:00+03:00,0.0134348035106825
2026-05-11 12:45:00+03:00,0.0134348035106825
2026-05-11 12:50:00+03:00,0.0134348035106825
2026-05-11 12:55:00+03:00,0.0134348035106825
2026-05-11 13:00:00+03:00,0.0134348035106825
2026-05-11 13:05:00+03:00,0.0134348035106825
2026-05-11 13:10:00+03:00,0.0134348035106825
2026-05-11 13:15:00+03:00,0.0134348035106825
2026-05-11 13:20:00+03:00,0.0134348035106825
2026-05-11 13:25:00+03:00,0.0134348035106825
2026-05-11 13:30:00+03:00,0.47499698376414135
2026-05-11 13:35:00+03:00,0.0134348035106825
2026-05-11 13:40:00+03:00,0.0134348035106825
2026-05-11 13:45:00+03:00,0.577594481453088
2026-05-11 13:50:00+03:00,0.0134348035106825
2026-05-11 13:55:00+03:00,0.014932842827467364
2026-05-11 14:00:00+03:00,0.0134348035106825
2026-05-11 14:05:00+03:00,0.014932842827467364
2026-05-11 14:10:00+03:00,0.014932842827467364
2026-05-11 14:15:00+03:00,0.14415846869128152
2026-05-11 14:20:00+03:00,0.9762594357207999
2026-05-11 14:25:00+03:00,0.14415846869128152
2026-05-11 14:30:00+03:00,0.14415846869128152
2026-05-11 14:35:00+03:00,0.14415846869128152
2026-05-11 14:40:00+03:00,0.014932842827467364
2026-05-11 14:45:00+03:00,0.014932842827467364
2026-05-11 14:50:00+03:00,0.014932842827467364
2026-05-11 14:55:00+03:00,0.9776802304548468
2026-05-11 15:00:00+03:00,0.005702624842000483
2026-05-11 15:05:00+03:00,0.005702624842000483
2026-05-11 15:10:00+03:00,0.005702624842000483
2026-05-11 15:15:00+03:00,0.005702624842000483
2026-05-11 15:20:00+03:00,0.005438021883349454
2026-05-11 15:25:00+03:00,0.005436402544168511
2026-05-11 15:30:00+03:00,0.0134348035106825
2026-05-11 15:35:00+03:00,0.0134348035106825
2026-05-11 15:40:00+03:00,0.0134348035106825
2026-05-11 15:45:00+03:00,0.0134348035106825
2026-05-11 15:50:00+03:00,0.9315180153122594
2026-05-11 15:55:00+03:00,0.0134348035106825
2026-05-11 16:00:00+03:00,0.0134348035106825
2026-05-11 16:05:00+03:00,0.0134348035106825
2026-05-11 16:10:00+03:00,0.0134348035106825
2026-05-11 16:15:00+03:00,0.0134348035106825
2026-05-11 16:20:00+03:00,0.0134348035106825
2026-05-11 16:25:00+03:00,0.0134348035106825
2026-05-11 16:30:00+03:00,0.0134348035106825
2026-05-11 16:35:00+03:00,0.0134348035106825
2026-05-11 16:40:00+03:00,0.0134348035106825
2026-05-11 16:45:00+03:00,0.0134348035106825
2026-05-11 16:50:00+03:00,0.0134348035106825
2026-05-11 16:55:00+03:00,0.0134348035106825
2026-05-11 17:00:00+03:00,0.0134348035106825
2026-05-11 17:05:00+03:00,0.0134348035106825
2026-05-11 17:10:00+03:00,0.0134348035106825
2026-05-11 17:15:00+03:00,0.0134348035106825
2026-05-11 17:20:00+03:00,0.0134348035106825
2026-05-11 17:25:00+03:00,0.0134348035106825
2026-05-11 17:30:00+03:00,0.0134348035106825
2026-05-11 17:35:00+03:00,0.0134348035106825
2026-05-11 17:40:00+03:00,0.0134348035106825
2026-05-11 17:45:00+03:00,0.0134348035106825
2026-05-11 17:50:00+03:00,0.0134348035106825
2026-05-11 17:55:00+03:00,0.0134348035106825
2026-05-12 09:55:00+03:00,0.0134348035106825
2026-05-12 10:00:00+03:00,0.0134348035106825
2026-05-12 10:05:00+03:00,0.0134348035106825
2026-05-12 10:10:00+03:00,0.0134348035106825
2026-05-12 10:15:00+03:00,0.0134348035106825
2026-05-12 10:20:00+03:00,0.0134348035106825
2026-05-12 10:25:00+03:00,0.0134348035106825
2026-05-12 10:30:00+03:00,0.0134348035106825
2026-05-12 10:35:00+03:00,0.0134348035106825
2026-05-12 10:40:00+03:00,0.0134348035106825
2026-05-12 10:45:00+03:00,0.0134348035106825
2026-05-12 10:50:00+03:00,0.0134348035106825
2026-05-12 10:55:00+03:00,0.0134348035106825
2026-05-12 11:00:00+03:00,0.0134348035106825
2026-05-12 11:05:00+03:00,0.0134348035106825
2026-05-12 11:10:00+03:00,0.0134348035106825
2026-05-12 11:15:00+03:00,0.0134348035106825
2026-05-12 11:20:00+03:00,0.0134348035106825
2026-05-12 11:25:00+03:00,0.0134348035106825
2026-05-12 11:30:00+03:00,0.0134348035106825
2026-05-12 11:35:00+03:00,0.0134348035106825
2026-05-12 11:40:00+03:00,0.0134348035106825
2026-05-12 11:45:00+03:00,0.0134348035106825
2026-05-12 11:50:00+03:00,0.0134348035106825
2026-05-12 11:55:00+03:00,0.0134348035106825
2026-05-12 12:00:00+03:00,0.0134348035106825
2026-05-12 12:05:00+03:00,0.0134348035106825
2026-05-12 12:10:00+03:00,0.0134348035106825
2026-05-12 12:15:00+03:00,0.0134348035106825
2026-05-12 12:20:00+03:00,0.0134348035106825
2026-05-12 12:25:00+03:00,0.0134348035106825
2026-05-12 12:30:00+03:00,0.0134348035106825
2026-05-12 12:35:00+03:00,0.0134348035106825
2026-05-12 12:40:00+03:00,0.0134348035106825
2026-05-12 12:45:00+03:00,0.0134348035106825
2026-05-12 12:50:00+03:00,0.0134348035106825
2026-05-12 12:55:00+03:00,0.0134348035106825
2026-05-12 13:00:00+03:00,0.0134348035106825
2026-05-12 13:05:00+03:00,0.0134348035106825
2026-05-12 13:10:00+03:00,0.0134348035106825
2026-05-12 13:15:00+03:00,0.0134348035106825
2026-05-12 13:20:00+03:00,0.0134348035106825
2026-05-12 13:25:00+03:00,0.0134348035106825
2026-05-12 13:30:00+03:00,0.0134348035106825
2026-05-12 13:35:00+03:00,0.0134348035106825
2026-05-12 13:40:00+03:00,0.0134348035106825
2026-05-12 13:45:00+03:00,0.0134348035106825
2026-05-12 13:50:00+03:00,0.0134348035106825
2026-05-12 13:55:00+03:00,0.0134348035106825
2026-05-12 14:00:00+03:00,0.0134348035106825
2026-05-12 14:05:00+03:00,0.0134348035106825
2026-05-12 14:10:00+03:00,0.0134348035106825
2026-05-12 14:15:00+03:00,0.0134348035106825
2026-05-12 14:20:00+03:00,0.0134348035106825
2026-05-12 14:25:00+03:00,0.0134348035106825
2026-05-12 14:30:00+03:00,0.0134348035106825
2026-05-12 14:35:00+03:00,0.0134348035106825
2026-05-12 14:40:00+03:00,0.0134348035106825
2026-05-12 14:45:00+03:00,0.0134348035106825
2026-05-12 14:50:00+03:00,0.0134348035106825
2026-05-12 14:55:00+03:00,0.0134348035106825
2026-05-12 15:00:00+03:00,0.0134348035106825
2026-05-12 15:05:00+03:00,0.0134348035106825
2026-05-12 15:10:00+03:00,0.0134348035106825
2026-05-12 15:15:00+03:00,0.0134348035106825
2026-05-12 15:20:00+03:00,0.0134348035106825
2026-05-12 15:25:00+03:00,0.0134348035106825
2026-05-12 15:30:00+03:00,0.0134348035106825
2026-05-12 15:35:00+03:00,0.0134348035106825
2026-05-12 15:40:00+03:00,0.0134348035106825
2026-05-12 15:45:00+03:00,0.0134348035106825
2026-05-12 15:50:00+03:00,0.0134348035106825
2026-05-12 15:55:00+03:00,0.0134348035106825
2026-05-12 16:00:00+03:00,0.0134348035106825
2026-05-12 16:05:00+03:00,0.0134348035106825
2026-05-12 16:10:00+03:00,0.0134348035106825
2026-05-12 16:15:00+03:00,0.0134348035106825
2026-05-12 16:20:00+03:00,0.0134348035106825
2026-05-12 16:25:00+03:00,0.0134348035106825
2026-05-12 16:30:00+03:00,0.0134348035106825
2026-05-12 16:35:00+03:00,0.0134348035106825
2026-05-12 16:40:00+03:00,0.0134348035106825
2026-05-12 16:45:00+03:00,0.0134348035106825
2026-05-12 16:50:00+03:00,0.0134348035106825
2026-05-12 16:55:00+03:00,0.0134348035106825
2026-05-12 17:00:00+03:00,0.0134348035106825
2026-05-12 17:05:00+03:00,0.0134348035106825
2026-05-12 17:10:00+03:00,0.0134348035106825
2026-05-12 17:15:00+03:00,0.0134348035106825
2026-05-12 17:20:00+03:00,0.0134348035106825
2026-05-12 17:25:00+03:00,0.0134348035106825
2026-05-12 17:30:00+03:00,0.0134348035106825
2026-05-12 17:35:00+03:00,0.0134348035106825
2026-05-12 17:40:00+03:00,0.0134348035106825
2026-05-12 17:45:00+03:00,0.0134348035106825
2026-05-12 17:50:00+03:00,0.0134348035106825
2026-05-12 17:55:00+03:00,0.0134348035106825
2026-05-13 09:55:00+03:00,0.0134348035106825
2026-05-13 10:00:00+03:00,0.0134348035106825
2026-05-13 10:05:00+03:00,0.0134348035106825
2026-05-13 10:10:00+03:00,0.0134348035106825
2026-05-13 10:15:00+03:00,0.0134348035106825
2026-05-13 10:20:00+03:00,0.0134348035106825
2026-05-13 10:25:00+03:00,0.0134348035106825
2026-05-13 10:30:00+03:00,0.0134348035106825
2026-05-13 10:35:00+03:00,0.0134348035106825
2026-05-13 10:40:00+03:00,0.0134348035106825
2026-05-13 10:45:00+03:00,0.0134348035106825
2026-05-13 10:50:00+03:00,0.0134348035106825
2026-05-13 10:55:00+03:00,0.0134348035106825
2026-05-13 11:00:00+03:00,0.0134348035106825
2026-05-13 11:05:00+03:00,0.0134348035106825
2026-05-13 11:10:00+03:00,0.0134348035106825
2026-05-13 11:15:00+03:00,0.0134348035106825
2026-05-13 11:20:00+03:00,0.0134348035106825
2026-05-13 11:25:00+03:00,0.0134348035106825
2026-05-13 11:30:00+03:00,0.0134348035106825
2026-05-13 11:35:00+03:00,0.0134348035106825
2026-05-13 11:40:00+03:00,0.0134348035106825
2026-05-13 11:45:00+03:00,0.0134348035106825
2026-05-13 11:50:00+03:00,0.0134348035106825
2026-05-13 11:55:00+03:00,0.0134348035106825
2026-05-13 12:00:00+03:00,0.0134348035106825
2026-05-13 12:05:00+03:00,0.0134348035106825
2026-05-13 12:10:00+03:00,0.0134348035106825
2026-05-13 12:15:00+03:00,0.0134348035106825
2026-05-13 12:20:00+03:00,0.0134348035106825
2026-05-13 12:25:00+03:00,0.0134348035106825
2026-05-13 12:30:00+03:00,0.0134348035106825
2026-05-13 12:35:00+03:00,0.0134348035106825
2026-05-13 12:40:00+03:00,0.0134348035106825
2026-05-13 12:45:00+03:00,0.0134348035106825
2026-05-13 12:50:00+03:00,0.0134348035106825
2026-05-13 12:55:00+03:00,0.0134348035106825
2026-05-13 13:00:00+03:00,0.0134348035106825
2026-05-13 13:05:00+03:00,0.0134348035106825
2026-05-13 13:10:00+03:00,0.0134348035106825
2026-05-13 13:15:00+03:00,0.0134348035106825
2026-05-13 13:20:00+03:00,0.0134348035106825
2026-05-13 13:25:00+03:00,0.0134348035106825
2026-05-13 13:30:00+03:00,0.0134348035106825
2026-05-13 13:35:00+03:00,0.0134348035106825
2026-05-13 13:40:00+03:00,0.0134348035106825
2026-05-13 13:45:00+03:00,0.0134348035106825
2026-05-13 13:50:00+03:00,0.0134348035106825
2026-05-13 13:55:00+03:00,0.0134348035106825
2026-05-13 14:00:00+03:00,0.0134348035106825
2026-05-13 14:05:00+03:00,0.0134348035106825
2026-05-13 14:10:00+03:00,0.0134348035106825
2026-05-13 14:15:00+03:00,0.0134348035106825
2026-05-13 14:20:00+03:00,0.0134348035106825
2026-05-13 14:25:00+03:00,0.0134348035106825
2026-05-13 14:30:00+03:00,0.0134348035106825
2026-05-13 14:35:00+03:00,0.0134348035106825
2026-05-13 14:40:00+03:00,0.0134348035106825
2026-05-13 14:45:00+03:00,0.0134348035106825
2026-05-13 14:50:00+03:00,0.0134348035106825
2026-05-13 14:55:00+03:00,0.0134348035106825
2026-05-13 15:00:00+03:00,0.0134348035106825
2026-05-13 15:05:00+03:00,0.0134348035106825
2026-05-13 15:10:00+03:00,0.0134348035106825
2026-05-13 15:15:00+03:00,0.0134348035106825
2026-05-13 15:20:00+03:00,0.0134348035106825
2026-05-13 15:25:00+03:00,0.0134348035106825
2026-05-13 15:30:00+03:00,0.0134348035106825
2026-05-13 15:35:00+03:00,0.0134348035106825
2026-05-13 15:40:00+03:00,0.0134348035106825
2026-05-13 15:45:00+03:00,0.0134348035106825
2026-05-13 15:50:00+03:00,0.0134348035106825
2026-05-13 15:55:00+03:00,0.0134348035106825
2026-05-13 16:00:00+03:00,0.0134348035106825
2026-05-13 16:05:00+03:00,0.0134348035106825
2026-05-13 16:10:00+03:00,0.0134348035106825
2026-05-13 16:15:00+03:00,0.0134348035106825
2026-05-13 16:20:00+03:00,0.0134348035106825
2026-05-13 16:25:00+03:00,0.0134348035106825
2026-05-13 16:30:00+03:00,0.0134348035106825
2026-05-13 16:35:00+03:00,0.0134348035106825
2026-05-13 16:40:00+03:00,0.0134348035106825
2026-05-13 16:45:00+03:00,0.0134348035106825
2026-05-13 16:50:00+03:00,0.0134348035106825
2026-05-13 16:55:00+03:00,0.0134348035106825
2026-05-13 17:00:00+03:00,0.0134348035106825
2026-05-13 17:05:00+03:00,0.0134348035106825
2026-05-13 17:10:00+03:00,0.0134348035106825
2026-05-13 17:15:00+03:00,0.0134348035106825
2026-05-13 17:20:00+03:00,0.0134348035106825
2026-05-13 17:25:00+03:00,0.0134348035106825
2026-05-13 17:30:00+03:00,0.0134348035106825
2026-05-13 17:35:00+03:00,0.0134348035106825
2026-05-13 17:40:00+03:00,0.0134348035106825
2026-05-13 17:45:00+03:00,0.0134348035106825
2026-05-13 17:50:00+03:00,0.0134348035106825
2026-05-13 17:55:00+03:00,0.0134348035106825
2026-05-14 09:55:00+03:00,0.0134348035106825
2026-05-14 10:00:00+03:00,0.0134348035106825
2026-05-14 10:05:00+03:00,0.0134348035106825
2026-05-14 10:10:00+03:00,0.0134348035106825
2026-05-14 10:15:00+03:00,0.0134348035106825
2026-05-14 10:20:00+03:00,0.0134348035106825
2026-05-14 10:25:00+03:00,0.0134348035106825
2026-05-14 10:30:00+03:00,0.0134348035106825
2026-05-14 10:35:00+03:00,0.0134348035106825
2026-05-14 10:40:00+03:00,0.0134348035106825
2026-05-14 10:45:00+03:00,0.0134348035106825
2026-05-14 10:50:00+03:00,0.0134348035106825
2026-05-14 10:55:00+03:00,0.0134348035106825
2026-05-14 11:00:00+03:00,0.0134348035106825
2026-05-14 11:05:00+03:00,0.0134348035106825
2026-05-14 11:10:00+03:00,0.0134348035106825
2026-05-14 11:15:00+03:00,0.0134348035106825
2026-05-14 11:20:00+03:00,0.0134348035106825
2026-05-14 11:25:00+03:00,0.0134348035106825
2026-05-14 11:30:00+03:00,0.0134348035106825
2026-05-14 11:35:00+03:00,0.0134348035106825
2026-05-14 11:40:00+03:00,0.0134348035106825
2026-05-14 11:45:00+03:00,0.0134348035106825
2026-05-14 11:50:00+03:00,0.0134348035106825
2026-05-14 11:55:00+03:00,0.0134348035106825
2026-05-14 12:00:00+03:00,0.0134348035106825
2026-05-14 12:05:00+03:00,0.0134348035106825
2026-05-14 12:10:00+03:00,0.0134348035106825
2026-05-14 12:15:00+03:00,0.0134348035106825
2026-05-14 12:20:00+03:00,0.0134348035106825
2026-05-14 12:25:00+03:00,0.0134348035106825
2026-05-14 12:30:00+03:00,0.0134348035106825
2026-05-14 12:35:00+03:00,0.0134348035106825
2026-05-14 12:40:00+03:00,0.0134348035106825
2026-05-14 12:45:00+03:00,0.0134348035106825
2026-05-14 12:50:00+03:00,0.0134348035106825
2026-05-14 12:55:00+03:00,0.0134348035106825
2026-05-14 13:00:00+03:00,0.0134348035106825
2026-05-14 13:05:00+03:00,0.0134348035106825
2026-05-14 13:10:00+03:00,0.0134348035106825
2026-05-14 13:15:00+03:00,0.0134348035106825
2026-05-14 13:20:00+03:00,0.0134348035106825
2026-05-14 13:25:00+03:00,0.0134348035106825
2026-05-14 13:30:00+03:00,0.0134348035106825
2026-05-14 13:35:00+03:00,0.0134348035106825
2026-05-14 13:40:00+03:00,0.0134348035106825
2026-05-14 13:45:00+03:00,0.0134348035106825
2026-05-14 13:50:00+03:00,0.0134348035106825
2026-05-14 13:55:00+03:00,0.0134348035106825
2026-05-14 14:00:00+03:00,0.0134348035106825
2026-05-14 14:05:00+03:00,0.0134348035106825
2026-05-14 14:10:00+03:00,0.0134348035106825
2026-05-14 14:15:00+03:00,0.0134348035106825
2026-05-14 14:20:00+03:00,0.0134348035106825
2026-05-14 14:25:00+03:00,0.0134348035106825
2026-05-14 14:30:00+03:00,0.0134348035106825
2026-05-14 14:35:00+03:00,0.0134348035106825
2026-05-14 14:40:00+03:00,0.0134348035106825
2026-05-14 14:45:00+03:00,0.0134348035106825
2026-05-14 14:50:00+03:00,0.0134348035106825
2026-05-14 14:55:00+03:00,0.0134348035106825
2026-05-14 15:00:00+03:00,0.0134348035106825
2026-05-14 15:05:00+03:00,0.0134348035106825
2026-05-14 15:10:00+03:00,0.0134348035106825
2026-05-14 15:15:00+03:00,0.0134348035106825
2026-05-14 15:20:00+03:00,0.0134348035106825
2026-05-14 15:25:00+03:00,0.0134348035106825
2026-05-14 15:30:00+03:00,0.0134348035106825
2026-05-14 15:35:00+03:00,0.0134348035106825
2026-05-14 15:40:00+03:00,0.0134348035106825
2026-05-14 15:45:00+03:00,0.0134348035106825
2026-05-14 15:50:00+03:00,0.0134348035106825
2026-05-14 15:55:00+03:00,0.0134348035106825
2026-05-14 16:00:00+03:00,0.0134348035106825
2026-05-14 16:05:00+03:00,0.0134348035106825
2026-05-14 16:10:00+03:00,0.0134348035106825
2026-05-14 16:15:00+03:00,0.0134348035106825
2026-05-14 16:20:00+03:00,0.0134348035106825
2026-05-14 16:25:00+03:00,0.0134348035106825
2026-05-14 16:30:00+03:00,0.0134348035106825
2026-05-14 16:35:00+03:00,0.0134348035106825
2026-05-14 16:40:00+03:00,0.0134348035106825
2026-05-14 16:45:00+03:00,0.0134348035106825
2026-05-14 16:50:00+03:00,0.0134348035106825
2026-05-14 16:55:00+03:00,0.0134348035106825
2026-05-14 17:00:00+03:00,0.0134348035106825
2026-05-14 17:05:00+03:00,0.0134348035106825
2026-05-14 17:10:00+03:00,0.0134348035106825
2026-05-14 17:15:00+03:00,0.0134348035106825
2026-05-14 17:20:00+03:00,0.0134348035106825
2026-05-14 17:25:00+03:00,0.0134348035106825
2026-05-14 17:30:00+03:00,0.0134348035106825
2026-05-14 17:35:00+03:00,0.0134348035106825
2026-05-14 17:40:00+03:00,0.0134348035106825
2026-05-14 17:45:00+03:00,0.0134348035106825
2026-05-14 17:50:00+03:00,0.0134348035106825
2026-05-14 17:55:00+03:00,0.0134348035106825
2026-05-15 09:55:00+03:00,0.0134348035106825
2026-05-15 10:00:00+03:00,0.0134348035106825
2026-05-15 10:05:00+03:00,0.0134348035106825
2026-05-15 10:10:00+03:00,0.0134348035106825
2026-05-15 10:15:00+03:00,0.0134348035106825
2026-05-15 10:20:00+03:00,0.7014646603317743
2026-05-15 10:25:00+03:00,0.2757991605710389
2026-05-15 10:30:00+03:00,0.47841394567190104
2026-05-15 10:35:00+03:00,0.2825791036505626
2026-05-15 10:40:00+03:00,0.31255666232585055
2026-05-15 10:45:00+03:00,0.25135040784418977
2026-05-15 10:50:00+03:00,0.25135040784418977
2026-05-15 10:55:00+03:00,0.09022612773859796
2026-05-15 11:00:00+03:00,0.09022612773859796
2026-05-15 11:05:00+03:00,0.0900811224213828
2026-05-15 11:10:00+03:00,0.12441670201402626
2026-05-15 11:15:00+03:00,0.0900811224213828
2026-05-15 11:20:00+03:00,0.18488573233954608
2026-05-15 11:25:00+03:00,0.19103716836800902
2026-05-15 11:30:00+03:00,0.3799093814295757
2026-05-15 11:35:00+03:00,0.40543112130549336
2026-05-15 11:40:00+03:00,0.3967865481267529
2026-05-15 11:45:00+03:00,0.8608855989474834
2026-05-15 11:50:00+03:00,0.9748160051228634
2026-05-15 11:55:00+03:00,0.9844813346211772
2026-05-15 12:00:00+03:00,0.9850568445460222
2026-05-15 12:05:00+03:00,0.9830854493122596
2026-05-15 12:10:00+03:00,0.9830854493122596
2026-05-15 12:15:00+03:00,0.9821216080969082
2026-05-15 12:20:00+03:00,0.9815880754292741
2026-05-15 12:25:00+03:00,0.9621373820005933
2026-05-15 12:30:00+03:00,0.9805229668080004
2026-05-15 12:35:00+03:00,0.9820800668949293
2026-05-15 12:40:00+03:00,0.9824365095721145
2026-05-15 12:45:00+03:00,0.9824365095721145
2026-05-15 12:50:00+03:00,0.9824365095721145
2026-05-15 12:55:00+03:00,0.9824365095721145
2026-05-15 13:00:00+03:00,0.9800171866250856
2026-05-15 13:05:00+03:00,0.9814852312495042
2026-05-15 13:10:00+03:00,0.9767735838270566
2026-05-15 13:15:00+03:00,0.0134348035106825
2026-05-15 13:20:00+03:00,0.0134348035106825
2026-05-15 13:25:00+03:00,0.9778287341415247
2026-05-15 13:30:00+03:00,0.0134348035106825
2026-05-15 13:35:00+03:00,0.0134348035106825
2026-05-15 13:40:00+03:00,0.0134348035106825
2026-05-15 13:45:00+03:00,0.0134348035106825
2026-05-15 13:50:00+03:00,0.0134348035106825
2026-05-15 13:55:00+03:00,0.0134348035106825
2026-05-15 14:00:00+03:00,0.005439140820124679
2026-05-15 14:05:00+03:00,0.005439140820124679
2026-05-15 14:10:00+03:00,0.006333633912347002
2026-05-15 14:15:00+03:00,0.006333633912347002
2026-05-15 14:20:00+03:00,0.00488866169869518
2026-05-15 14:25:00+03:00,0.002711646474299207
2026-05-15 14:30:00+03:00,0.005567994727261115
2026-05-15 14:35:00+03:00,0.004298223532044083
2026-05-15 14:40:00+03:00,0.004298223532044083
2026-05-15 14:45:00+03:00,0.05231977779370272
2026-05-15 14:50:00+03:00,0.0023835120128985654
2026-05-15 14:55:00+03:00,0.02482773663578179
2026-05-15 15:00:00+03:00,0.023886173016247965
2026-05-15 15:05:00+03:00,0.05706459203289065
2026-05-15 15:10:00+03:00,0.9683122881757209
2026-05-15 15:15:00+03:00,0.9820404273369778
2026-05-15 15:20:00+03:00,0.1351116496750656
2026-05-15 15:25:00+03:00,0.1351116496750656
2026-05-15 15:30:00+03:00,0.9815644698738466
2026-05-15 15:35:00+03:00,0.0134348035106825
2026-05-15 15:40:00+03:00,0.972287558229587
2026-05-15 15:45:00+03:00,0.0134348035106825
2026-05-15 15:50:00+03:00,0.0134348035106825
2026-05-15 15:55:00+03:00,0.0134348035106825
2026-05-15 16:00:00+03:00,0.0134348035106825
2026-05-15 16:05:00+03:00,0.0134348035106825
2026-05-15 16:10:00+03:00,0.0134348035106825
2026-05-15 16:15:00+03:00,0.0134348035106825
2026-05-15 16:20:00+03:00,0.5370282170546217
2026-05-15 16:25:00+03:00,0.0134348035106825
2026-05-15 16:30:00+03:00,0.0134348035106825
2026-05-15 16:35:00+03:00,0.0134348035106825
2026-05-15 16:40:00+03:00,0.0134348035106825
2026-05-15 16:45:00+03:00,0.0134348035106825
2026-05-15 16:50:00+03:00,0.0134348035106825
2026-05-15 16:55:00+03:00,0.0134348035106825
2026-05-15 17:00:00+03:00,0.0134348035106825
2026-05-15 17:05:00+03:00,0.0134348035106825
2026-05-15 17:10:00+03:00,0.0134348035106825
2026-05-15 17:15:00+03:00,0.0134348035106825
2026-05-15 17:20:00+03:00,0.0134348035106825
2026-05-15 17:25:00+03:00,0.0134348035106825
2026-05-15 17:30:00+03:00,0.0134348035106825
2026-05-15 17:35:00+03:00,0.0134348035106825
2026-05-15 17:40:00+03:00,0.0134348035106825
2026-05-15 17:45:00+03:00,0.0134348035106825
2026-05-15 17:50:00+03:00,0.0134348035106825
2026-05-15 17:55:00+03:00,0.0134348035106825
2026-05-18 09:55:00+03:00,0.0134348035106825
2026-05-18 10:00:00+03:00,0.0134348035106825
2026-05-18 10:05:00+03:00,0.0134348035106825
2026-05-18 10:10:00+03:00,0.0134348035106825
2026-05-18 10:15:00+03:00,0.0134348035106825
2026-05-18 10:20:00+03:00,0.0134348035106825
2026-05-18 10:25:00+03:00,0.0134348035106825
2026-05-18 10:30:00+03:00,0.0134348035106825
2026-05-18 10:35:00+03:00,0.0134348035106825
2026-05-18 10:40:00+03:00,0.0134348035106825
2026-05-18 10:45:00+03:00,0.0134348035106825
2026-05-18 10:50:00+03:00,0.0134348035106825
2026-05-18 10:55:00+03:00,0.0134348035106825
2026-05-18 11:00:00+03:00,0.0134348035106825
2026-05-18 11:05:00+03:00,0.0134348035106825
2026-05-18 11:10:00+03:00,0.0134348035106825
2026-05-18 11:15:00+03:00,0.0134348035106825
2026-05-18 11:20:00+03:00,0.0134348035106825
2026-05-18 11:25:00+03:00,0.0134348035106825
2026-05-18 11:30:00+03:00,0.0134348035106825
2026-05-18 11:35:00+03:00,0.0134348035106825
2026-05-18 11:40:00+03:00,0.0134348035106825
2026-05-18 11:45:00+03:00,0.0134348035106825
2026-05-18 11:50:00+03:00,0.0134348035106825
2026-05-18 11:55:00+03:00,0.0134348035106825
2026-05-18 12:00:00+03:00,0.0134348035106825
2026-05-18 12:05:00+03:00,0.0134348035106825
2026-05-18 12:10:00+03:00,0.0134348035106825
2026-05-18 12:15:00+03:00,0.0134348035106825
2026-05-18 12:20:00+03:00,0.0134348035106825
2026-05-18 12:25:00+03:00,0.0134348035106825
2026-05-18 12:30:00+03:00,0.0134348035106825
2026-05-18 12:35:00+03:00,0.0134348035106825
2026-05-18 12:40:00+03:00,0.0134348035106825
2026-05-18 12:45:00+03:00,0.0134348035106825
2026-05-18 12:50:00+03:00,0.0134348035106825
2026-05-18 12:55:00+03:00,0.0134348035106825
2026-05-18 13:00:00+03:00,0.0134348035106825
2026-05-18 13:05:00+03:00,0.0134348035106825
2026-05-18 13:10:00+03:00,0.0134348035106825
2026-05-18 13:15:00+03:00,0.0134348035106825
2026-05-18 13:20:00+03:00,0.0134348035106825
2026-05-18 13:25:00+03:00,0.0134348035106825
2026-05-18 13:30:00+03:00,0.0134348035106825
2026-05-18 13:35:00+03:00,0.0134348035106825
2026-05-18 13:40:00+03:00,0.0134348035106825
2026-05-18 13:45:00+03:00,0.0134348035106825
2026-05-18 13:50:00+03:00,0.0134348035106825
2026-05-18 13:55:00+03:00,0.0134348035106825
2026-05-18 14:00:00+03:00,0.0134348035106825
2026-05-18 14:05:00+03:00,0.0134348035106825
2026-05-18 14:10:00+03:00,0.0134348035106825
2026-05-18 14:15:00+03:00,0.0134348035106825
2026-05-18 14:20:00+03:00,0.0134348035106825
2026-05-18 14:25:00+03:00,0.0134348035106825
2026-05-18 14:30:00+03:00,0.0134348035106825
2026-05-18 14:35:00+03:00,0.0134348035106825
2026-05-18 14:40:00+03:00,0.0134348035106825
2026-05-18 14:45:00+03:00,0.0134348035106825
2026-05-18 14:50:00+03:00,0.0134348035106825
2026-05-18 14:55:00+03:00,0.0134348035106825
2026-05-18 15:00:00+03:00,0.0134348035106825
2026-05-18 15:05:00+03:00,0.0134348035106825
2026-05-18 15:10:00+03:00,0.0134348035106825
2026-05-18 15:15:00+03:00,0.0134348035106825
2026-05-18 15:20:00+03:00,0.0134348035106825
2026-05-18 15:25:00+03:00,0.0134348035106825
2026-05-18 15:30:00+03:00,0.0134348035106825
2026-05-18 15:35:00+03:00,0.0134348035106825
2026-05-18 15:40:00+03:00,0.0134348035106825
2026-05-18 15:45:00+03:00,0.0134348035106825
2026-05-18 15:50:00+03:00,0.0134348035106825
2026-05-18 15:55:00+03:00,0.0134348035106825
2026-05-18 16:00:00+03:00,0.0134348035106825
2026-05-18 16:05:00+03:00,0.0134348035106825
2026-05-18 16:10:00+03:00,0.0134348035106825
2026-05-18 16:15:00+03:00,0.0134348035106825
2026-05-18 16:20:00+03:00,0.0134348035106825
2026-05-18 16:25:00+03:00,0.0134348035106825
2026-05-18 16:30:00+03:00,0.0134348035106825
2026-05-18 16:35:00+03:00,0.0134348035106825
2026-05-18 16:40:00+03:00,0.0134348035106825
2026-05-18 16:45:00+03:00,0.0134348035106825
2026-05-18 16:50:00+03:00,0.0134348035106825
2026-05-18 16:55:00+03:00,0.0134348035106825
2026-05-18 17:00:00+03:00,0.0134348035106825
2026-05-18 17:05:00+03:00,0.0134348035106825
2026-05-18 17:10:00+03:00,0.0134348035106825
2026-05-18 17:15:00+03:00,0.0134348035106825
2026-05-18 17:20:00+03:00,0.0134348035106825
2026-05-18 17:25:00+03:00,0.0134348035106825
2026-05-18 17:30:00+03:00,0.0134348035106825
2026-05-18 17:35:00+03:00,0.0134348035106825
2026-05-18 17:40:00+03:00,0.0134348035106825
2026-05-18 17:45:00+03:00,0.0134348035106825
2026-05-18 17:50:00+03:00,0.0134348035106825
2026-05-18 17:55:00+03:00,0.0134348035106825
2026-05-20 09:55:00+03:00,0.9792566521957475
2026-05-20 10:00:00+03:00,0.980236590677323
2026-05-20 10:05:00+03:00,0.983243475096152
2026-05-20 10:10:00+03:00,0.9845889286254252
2026-05-20 10:15:00+03:00,0.9855635865852215
2026-05-20 10:20:00+03:00,0.9857001444048432
2026-05-20 10:25:00+03:00,0.9854143684599569
2026-05-20 10:30:00+03:00,0.9850982287529859
2026-05-20 10:35:00+03:00,0.9851321527973712
2026-05-20 10:40:00+03:00,0.0134348035106825
2026-05-20 10:45:00+03:00,0.14393165229872867
2026-05-20 10:50:00+03:00,0.0134348035106825
2026-05-20 10:55:00+03:00,0.0134348035106825
2026-05-20 11:00:00+03:00,0.9790565285909234
2026-05-20 11:05:00+03:00,0.0134348035106825
2026-05-20 11:10:00+03:00,0.0134348035106825
2026-05-20 11:15:00+03:00,0.0134348035106825
2026-05-20 11:20:00+03:00,0.0134348035106825
2026-05-20 11:25:00+03:00,0.0134348035106825
2026-05-20 11:30:00+03:00,0.0134348035106825
2026-05-20 11:35:00+03:00,0.0134348035106825
2026-05-20 11:40:00+03:00,0.0134348035106825
2026-05-20 11:45:00+03:00,0.0134348035106825
2026-05-20 11:50:00+03:00,0.0134348035106825
2026-05-20 11:55:00+03:00,0.0134348035106825
2026-05-20 12:00:00+03:00,0.0134348035106825
2026-05-20 12:05:00+03:00,0.0134348035106825
2026-05-20 12:10:00+03:00,0.0134348035106825
2026-05-20 12:15:00+03:00,0.0134348035106825
2026-05-20 12:20:00+03:00,0.0134348035106825
2026-05-20 12:25:00+03:00,0.0134348035106825
2026-05-20 12:30:00+03:00,0.0134348035106825
2026-05-20 12:35:00+03:00,0.0134348035106825
2026-05-20 12:40:00+03:00,0.0134348035106825
2026-05-20 12:45:00+03:00,0.0134348035106825
2026-05-20 12:50:00+03:00,0.0134348035106825
2026-05-20 12:55:00+03:00,0.0134348035106825
2026-05-20 13:00:00+03:00,0.0134348035106825
2026-05-20 13:05:00+03:00,0.0134348035106825
2026-05-20 13:10:00+03:00,0.0134348035106825
2026-05-20 13:15:00+03:00,0.0134348035106825
2026-05-20 13:20:00+03:00,0.0134348035106825
2026-05-20 13:25:00+03:00,0.0134348035106825
2026-05-20 13:30:00+03:00,0.0134348035106825
2026-05-20 13:35:00+03:00,0.0134348035106825
2026-05-20 13:40:00+03:00,0.0134348035106825
2026-05-20 13:45:00+03:00,0.0134348035106825
2026-05-20 13:50:00+03:00,0.0134348035106825
2026-05-20 13:55:00+03:00,0.0134348035106825
2026-05-20 14:00:00+03:00,0.0134348035106825
2026-05-20 14:05:00+03:00,0.0134348035106825
2026-05-20 14:10:00+03:00,0.0134348035106825
2026-05-20 14:15:00+03:00,0.0134348035106825
2026-05-20 14:20:00+03:00,0.0134348035106825
2026-05-20 14:25:00+03:00,0.0134348035106825
2026-05-20 14:30:00+03:00,0.0134348035106825
2026-05-20 14:35:00+03:00,0.0134348035106825
2026-05-20 14:40:00+03:00,0.0134348035106825
2026-05-20 14:45:00+03:00,0.0134348035106825
2026-05-20 14:50:00+03:00,0.0134348035106825
2026-05-20 14:55:00+03:00,0.0134348035106825
2026-05-20 15:00:00+03:00,0.0134348035106825
2026-05-20 15:05:00+03:00,0.0134348035106825
2026-05-20 15:10:00+03:00,0.0134348035106825
2026-05-20 15:15:00+03:00,0.0134348035106825
2026-05-20 15:20:00+03:00,0.0134348035106825
2026-05-20 15:25:00+03:00,0.0134348035106825
2026-05-20 15:30:00+03:00,0.0134348035106825
2026-05-20 15:35:00+03:00,0.0134348035106825
2026-05-20 15:40:00+03:00,0.0134348035106825
2026-05-20 15:45:00+03:00,0.0134348035106825
2026-05-20 15:50:00+03:00,0.0134348035106825
2026-05-20 15:55:00+03:00,0.0134348035106825
2026-05-20 16:00:00+03:00,0.0134348035106825
2026-05-20 16:05:00+03:00,0.0134348035106825
2026-05-20 16:10:00+03:00,0.0134348035106825
2026-05-20 16:15:00+03:00,0.0134348035106825
2026-05-20 16:20:00+03:00,0.0134348035106825
2026-05-20 16:25:00+03:00,0.0134348035106825
2026-05-20 16:30:00+03:00,0.0134348035106825
2026-05-20 16:35:00+03:00,0.0134348035106825
2026-05-20 16:40:00+03:00,0.0134348035106825
2026-05-20 16:45:00+03:00,0.0134348035106825
2026-05-20 16:50:00+03:00,0.0134348035106825
2026-05-20 16:55:00+03:00,0.0134348035106825
2026-05-20 17:00:00+03:00,0.0134348035106825
2026-05-20 17:05:00+03:00,0.9350249512225162
2026-05-20 17:10:00+03:00,0.9361980142170702
2026-05-20 17:15:00+03:00,0.0134348035106825
2026-05-20 17:20:00+03:00,0.0134348035106825
2026-05-20 17:25:00+03:00,0.0134348035106825
2026-05-20 17:30:00+03:00,0.0134348035106825
2026-05-20 17:35:00+03:00,0.0134348035106825
2026-05-20 17:40:00+03:00,0.0134348035106825
2026-05-20 17:45:00+03:00,0.0134348035106825
2026-05-20 17:50:00+03:00,0.0134348035106825
2026-05-20 17:55:00+03:00,0.0134348035106825
2026-05-21 09:55:00+03:00,0.0134348035106825
2026-05-21 10:00:00+03:00,0.0134348035106825
2026-05-21 10:05:00+03:00,0.08731753953743336
2026-05-21 10:10:00+03:00,0.08731753953743336
2026-05-21 10:15:00+03:00,0.5603057062254043
2026-05-21 10:20:00+03:00,0.5594503722775624
2026-05-21 10:25:00+03:00,0.9578996557591314
2026-05-21 10:30:00+03:00,0.7153704229597783
2026-05-21 10:35:00+03:00,0.7153704229597783
2026-05-21 10:40:00+03:00,0.7264192786481551
2026-05-21 10:45:00+03:00,0.9676433456842004
2026-05-21 10:50:00+03:00,0.9700203394678129
2026-05-21 10:55:00+03:00,0.973536516065793
2026-05-21 11:00:00+03:00,0.09999026593433465
2026-05-21 11:05:00+03:00,0.09999026593433465
2026-05-21 11:10:00+03:00,0.09999026593433465
2026-05-21 11:15:00+03:00,0.10041984801270934
2026-05-21 11:20:00+03:00,0.009916309916774203
2026-05-21 11:25:00+03:00,0.009916309916774203
2026-05-21 11:30:00+03:00,0.09999026593433465
2026-05-21 11:35:00+03:00,0.10154256147639783
2026-05-21 11:40:00+03:00,0.0134348035106825
2026-05-21 11:45:00+03:00,0.0134348035106825
2026-05-21 11:50:00+03:00,0.0134348035106825
2026-05-21 11:55:00+03:00,0.0134348035106825
2026-05-21 12:00:00+03:00,0.0134348035106825
2026-05-21 12:05:00+03:00,0.0134348035106825
2026-05-21 12:10:00+03:00,0.0134348035106825
2026-05-21 12:15:00+03:00,0.0134348035106825
2026-05-21 12:20:00+03:00,0.0134348035106825
2026-05-21 12:25:00+03:00,0.0134348035106825
2026-05-21 12:30:00+03:00,0.0134348035106825
2026-05-21 12:35:00+03:00,0.0134348035106825
2026-05-21 12:40:00+03:00,0.0134348035106825
2026-05-21 12:45:00+03:00,0.0134348035106825
2026-05-21 12:50:00+03:00,0.0134348035106825
2026-05-21 12:55:00+03:00,0.0134348035106825
2026-05-21 13:00:00+03:00,0.0134348035106825
2026-05-21 13:05:00+03:00,0.0134348035106825
2026-05-21 13:10:00+03:00,0.0134348035106825
2026-05-21 13:15:00+03:00,0.0134348035106825
2026-05-21 13:20:00+03:00,0.0134348035106825
2026-05-21 13:25:00+03:00,0.0134348035106825
2026-05-21 13:30:00+03:00,0.0134348035106825
2026-05-21 13:35:00+03:00,0.06365054093184651
2026-05-21 13:40:00+03:00,0.006210322995638354
2026-05-21 13:45:00+03:00,0.005659640673916043
2026-05-21 13:50:00+03:00,0.006238523338742307
2026-05-21 13:55:00+03:00,0.0655078362256065
2026-05-21 14:00:00+03:00,0.0655078362256065
2026-05-21 14:05:00+03:00,0.005808943594862712
2026-05-21 14:10:00+03:00,0.058305339377351904
2026-05-21 14:15:00+03:00,0.058305339377351904
2026-05-21 14:20:00+03:00,0.058305339377351904
2026-05-21 14:25:00+03:00,0.003614562132756107
2026-05-21 14:30:00+03:00,0.041707733446565046
2026-05-21 14:35:00+03:00,0.003614562132756107
2026-05-21 14:40:00+03:00,0.005601081132360871
2026-05-21 14:45:00+03:00,0.04376367051158367
2026-05-21 14:50:00+03:00,0.00452568813830764
2026-05-21 14:55:00+03:00,0.04918256751774957
2026-05-21 15:00:00+03:00,0.006628521297380635
2026-05-21 15:05:00+03:00,0.04524869648594532
2026-05-21 15:10:00+03:00,0.011873986433825917
2026-05-21 15:15:00+03:00,0.011873986433825917
2026-05-21 15:20:00+03:00,0.010257949094664634
2026-05-21 15:25:00+03:00,0.016252972870100878
2026-05-21 15:30:00+03:00,0.05038974216416456
2026-05-21 15:35:00+03:00,0.013275806646663219
2026-05-21 15:40:00+03:00,0.05581152103921122
2026-05-21 15:45:00+03:00,0.004663531354297381
2026-05-21 15:50:00+03:00,0.004083352531055626
2026-05-21 15:55:00+03:00,0.004083352531055626
2026-05-21 16:00:00+03:00,0.04269609369202363
2026-05-21 16:05:00+03:00,0.04269609369202363
2026-05-21 16:10:00+03:00,0.06089533250092238
2026-05-21 16:15:00+03:00,0.02421228971077268
2026-05-21 16:20:00+03:00,0.017375942180854698
2026-05-21 16:25:00+03:00,0.15442438867813632
2026-05-21 16:30:00+03:00,0.09088025396097509
2026-05-21 16:35:00+03:00,0.1423727415903926
2026-05-21 16:40:00+03:00,0.523866983545023
2026-05-21 16:45:00+03:00,0.142171455508962
2026-05-21 16:50:00+03:00,0.07413890968835657
2026-05-21 16:55:00+03:00,0.6242328962122801
2026-05-21 17:00:00+03:00,0.8750315457908475
2026-05-21 17:05:00+03:00,0.8638310867368572
2026-05-21 17:10:00+03:00,0.5158734476872283
2026-05-21 17:15:00+03:00,0.957678648973709
2026-05-21 17:25:00+03:00,0.8795717293396315
2026-05-21 17:30:00+03:00,0.009515247068850948
2026-05-21 17:35:00+03:00,0.0926863402463959
2026-05-21 17:40:00+03:00,0.024771103015819154
2026-05-22 09:55:00+03:00,0.0911820565700951
2026-05-22 10:00:00+03:00,0.0134348035106825
2026-05-22 10:05:00+03:00,0.009792638868096566
2026-05-22 10:10:00+03:00,0.0134348035106825
2026-05-22 10:15:00+03:00,0.0134348035106825
2026-05-22 10:20:00+03:00,0.0134348035106825
2026-05-22 10:25:00+03:00,0.0134348035106825
2026-05-22 10:30:00+03:00,0.0134348035106825
2026-05-22 10:35:00+03:00,0.0134348035106825
2026-05-22 10:40:00+03:00,0.0134348035106825
2026-05-22 10:45:00+03:00,0.0134348035106825
2026-05-22 10:50:00+03:00,0.0134348035106825
2026-05-22 10:55:00+03:00,0.0134348035106825
2026-05-22 11:00:00+03:00,0.0134348035106825
2026-05-22 11:05:00+03:00,0.0134348035106825
2026-05-22 11:10:00+03:00,0.0134348035106825
2026-05-22 11:15:00+03:00,0.0134348035106825
2026-05-22 11:20:00+03:00,0.0134348035106825
2026-05-22 11:25:00+03:00,0.0134348035106825
2026-05-22 11:30:00+03:00,0.0134348035106825
2026-05-22 11:35:00+03:00,0.0134348035106825
2026-05-22 11:40:00+03:00,0.0134348035106825
2026-05-22 11:45:00+03:00,0.0134348035106825
2026-05-22 11:50:00+03:00,0.0134348035106825
2026-05-22 11:55:00+03:00,0.0134348035106825
2026-05-22 12:00:00+03:00,0.0134348035106825
2026-05-22 12:05:00+03:00,0.0134348035106825
2026-05-22 12:10:00+03:00,0.0134348035106825
2026-05-22 12:15:00+03:00,0.0134348035106825
2026-05-22 12:20:00+03:00,0.0134348035106825
2026-05-22 12:25:00+03:00,0.0134348035106825
2026-05-22 12:30:00+03:00,0.0134348035106825
2026-05-22 12:35:00+03:00,0.0134348035106825
2026-05-22 12:40:00+03:00,0.0134348035106825
2026-05-22 12:45:00+03:00,0.0134348035106825
2026-05-22 12:50:00+03:00,0.0134348035106825
2026-05-22 12:55:00+03:00,0.0134348035106825
2026-05-22 13:00:00+03:00,0.0134348035106825
2026-05-22 13:05:00+03:00,0.0134348035106825
2026-05-22 13:10:00+03:00,0.0134348035106825
2026-05-22 13:15:00+03:00,0.0134348035106825
2026-05-22 13:20:00+03:00,0.0134348035106825
2026-05-22 13:25:00+03:00,0.0134348035106825
2026-05-22 13:30:00+03:00,0.0134348035106825
2026-05-22 13:35:00+03:00,0.0134348035106825
2026-05-22 13:40:00+03:00,0.0134348035106825
2026-05-22 13:45:00+03:00,0.0134348035106825
2026-05-22 13:50:00+03:00,0.0134348035106825
2026-05-22 13:55:00+03:00,0.0134348035106825
2026-05-22 14:00:00+03:00,0.0134348035106825
2026-05-22 14:05:00+03:00,0.0134348035106825
2026-05-22 14:10:00+03:00,0.0134348035106825
2026-05-22 14:15:00+03:00,0.0134348035106825
2026-05-22 14:20:00+03:00,0.0134348035106825
2026-05-22 14:25:00+03:00,0.0134348035106825
2026-05-22 14:30:00+03:00,0.0134348035106825
2026-05-22 14:35:00+03:00,0.0134348035106825
2026-05-22 14:40:00+03:00,0.0134348035106825
2026-05-22 14:45:00+03:00,0.0134348035106825
2026-05-22 14:50:00+03:00,0.0134348035106825
2026-05-22 14:55:00+03:00,0.0134348035106825
2026-05-22 15:00:00+03:00,0.0134348035106825
2026-05-22 15:05:00+03:00,0.0134348035106825
2026-05-22 15:10:00+03:00,0.0134348035106825
2026-05-22 15:15:00+03:00,0.0134348035106825
2026-05-22 15:20:00+03:00,0.0134348035106825
2026-05-22 15:25:00+03:00,0.0134348035106825
2026-05-22 15:30:00+03:00,0.0134348035106825
2026-05-22 15:35:00+03:00,0.0134348035106825
2026-05-22 15:40:00+03:00,0.0134348035106825
2026-05-22 15:45:00+03:00,0.0134348035106825
2026-05-22 15:50:00+03:00,0.0134348035106825
2026-05-22 15:55:00+03:00,0.0134348035106825
2026-05-22 16:00:00+03:00,0.0134348035106825
2026-05-22 16:05:00+03:00,0.0134348035106825
2026-05-22 16:10:00+03:00,0.0134348035106825
2026-05-22 16:15:00+03:00,0.0134348035106825
2026-05-22 16:20:00+03:00,0.0134348035106825
2026-05-22 16:25:00+03:00,0.0134348035106825
2026-05-22 16:30:00+03:00,0.0134348035106825
2026-05-22 16:35:00+03:00,0.0134348035106825
2026-05-22 16:40:00+03:00,0.0134348035106825
2026-05-22 16:45:00+03:00,0.0134348035106825
2026-05-22 16:50:00+03:00,0.0134348035106825
2026-05-22 16:55:00+03:00,0.0134348035106825
2026-05-22 17:00:00+03:00,0.0134348035106825
2026-05-22 17:05:00+03:00,0.0134348035106825
2026-05-22 17:10:00+03:00,0.0134348035106825
2026-05-22 17:15:00+03:00,0.0134348035106825
2026-05-22 17:20:00+03:00,0.0134348035106825
2026-05-22 17:25:00+03:00,0.0134348035106825
2026-05-22 17:30:00+03:00,0.0134348035106825
2026-05-22 17:35:00+03:00,0.0134348035106825
2026-05-22 17:40:00+03:00,0.0134348035106825
2026-05-22 17:45:00+03:00,0.0134348035106825
2026-05-22 17:50:00+03:00,0.0134348035106825
2026-05-22 17:55:00+03:00,0.0134348035106825
2026-05-25 09:55:00+03:00,0.0134348035106825
2026-05-25 10:00:00+03:00,0.0134348035106825
2026-05-25 10:05:00+03:00,0.0134348035106825
2026-05-25 10:10:00+03:00,0.0134348035106825
2026-05-25 10:15:00+03:00,0.0134348035106825
2026-05-25 10:20:00+03:00,0.0134348035106825
2026-05-25 10:25:00+03:00,0.0134348035106825
2026-05-25 10:30:00+03:00,0.0134348035106825
2026-05-25 10:35:00+03:00,0.0134348035106825
2026-05-25 10:40:00+03:00,0.0134348035106825
2026-05-25 10:45:00+03:00,0.0134348035106825
2026-05-25 10:50:00+03:00,0.0134348035106825
2026-05-25 10:55:00+03:00,0.0134348035106825
2026-05-25 11:00:00+03:00,0.0134348035106825
2026-05-25 11:05:00+03:00,0.0134348035106825
2026-05-25 11:10:00+03:00,0.0134348035106825
2026-05-25 11:15:00+03:00,0.0134348035106825
2026-05-25 11:20:00+03:00,0.0134348035106825
2026-05-25 11:25:00+03:00,0.0134348035106825
2026-05-25 11:30:00+03:00,0.0134348035106825
2026-05-25 11:35:00+03:00,0.0134348035106825
2026-05-25 11:40:00+03:00,0.0134348035106825
2026-05-25 11:45:00+03:00,0.0134348035106825
2026-05-25 11:50:00+03:00,0.0134348035106825
2026-05-25 11:55:00+03:00,0.0134348035106825
2026-05-25 12:00:00+03:00,0.0134348035106825
2026-05-25 12:05:00+03:00,0.0134348035106825
2026-05-25 12:10:00+03:00,0.0134348035106825
2026-05-25 12:15:00+03:00,0.0134348035106825
2026-05-25 12:20:00+03:00,0.0134348035106825
2026-05-25 12:25:00+03:00,0.0134348035106825
2026-05-25 12:30:00+03:00,0.0134348035106825
2026-05-25 12:35:00+03:00,0.0134348035106825
2026-05-25 12:40:00+03:00,0.0134348035106825
2026-05-25 12:45:00+03:00,0.0134348035106825
2026-05-25 12:50:00+03:00,0.0134348035106825
2026-05-25 12:55:00+03:00,0.0134348035106825
2026-05-25 13:00:00+03:00,0.0134348035106825
2026-05-25 13:05:00+03:00,0.0134348035106825
2026-05-25 13:10:00+03:00,0.0134348035106825
2026-05-25 13:15:00+03:00,0.0134348035106825
2026-05-25 13:20:00+03:00,0.0134348035106825
2026-05-25 13:25:00+03:00,0.0134348035106825
2026-05-25 13:30:00+03:00,0.0134348035106825
2026-05-25 13:35:00+03:00,0.0134348035106825
2026-05-25 13:40:00+03:00,0.0134348035106825
2026-05-25 13:45:00+03:00,0.0134348035106825
2026-05-25 13:50:00+03:00,0.0134348035106825
2026-05-25 13:55:00+03:00,0.0134348035106825
2026-05-25 14:00:00+03:00,0.0134348035106825
2026-05-25 14:05:00+03:00,0.0134348035106825
2026-05-25 14:10:00+03:00,0.0134348035106825
2026-05-25 14:15:00+03:00,0.0134348035106825
2026-05-25 14:20:00+03:00,0.0134348035106825
2026-05-25 14:25:00+03:00,0.0134348035106825
2026-05-25 14:30:00+03:00,0.0134348035106825
2026-05-25 14:35:00+03:00,0.0134348035106825
2026-05-25 14:40:00+03:00,0.0134348035106825
2026-05-25 14:45:00+03:00,0.0134348035106825
2026-05-25 14:50:00+03:00,0.0134348035106825
2026-05-25 14:55:00+03:00,0.0134348035106825
2026-05-25 15:00:00+03:00,0.0134348035106825
2026-05-25 15:05:00+03:00,0.0134348035106825
2026-05-25 15:10:00+03:00,0.0134348035106825
2026-05-25 15:15:00+03:00,0.0134348035106825
2026-05-25 15:20:00+03:00,0.0134348035106825
2026-05-25 15:25:00+03:00,0.0134348035106825
2026-05-25 15:30:00+03:00,0.0134348035106825
2026-05-25 15:35:00+03:00,0.0134348035106825
2026-05-25 15:40:00+03:00,0.0134348035106825
2026-05-25 15:45:00+03:00,0.0134348035106825
2026-05-25 15:50:00+03:00,0.0134348035106825
2026-05-25 15:55:00+03:00,0.0134348035106825
2026-05-25 16:00:00+03:00,0.0134348035106825
2026-05-25 16:05:00+03:00,0.0134348035106825
2026-05-25 16:10:00+03:00,0.0134348035106825
2026-05-25 16:15:00+03:00,0.0134348035106825
2026-05-25 16:20:00+03:00,0.0134348035106825
2026-05-25 16:25:00+03:00,0.0134348035106825
2026-05-25 16:30:00+03:00,0.0134348035106825
2026-05-25 16:35:00+03:00,0.0134348035106825
2026-05-25 16:40:00+03:00,0.0134348035106825
2026-05-25 16:45:00+03:00,0.0134348035106825
2026-05-25 16:50:00+03:00,0.0134348035106825
2026-05-25 16:55:00+03:00,0.0134348035106825
2026-05-25 17:00:00+03:00,0.0134348035106825
2026-05-25 17:05:00+03:00,0.0134348035106825
2026-05-25 17:10:00+03:00,0.0134348035106825
2026-05-25 17:15:00+03:00,0.0134348035106825
2026-05-25 17:20:00+03:00,0.0134348035106825
2026-05-25 17:25:00+03:00,0.0134348035106825
2026-05-25 17:30:00+03:00,0.0134348035106825
2026-05-25 17:35:00+03:00,0.0134348035106825
2026-05-25 17:40:00+03:00,0.0134348035106825
2026-05-25 17:45:00+03:00,0.0134348035106825
2026-05-25 17:50:00+03:00,0.0134348035106825
2026-05-25 17:55:00+03:00,0.0134348035106825
2026-05-26 09:55:00+03:00,0.0134348035106825
2026-05-26 10:00:00+03:00,0.0134348035106825
2026-05-26 10:05:00+03:00,0.0134348035106825
2026-05-26 10:10:00+03:00,0.0134348035106825
2026-05-26 10:15:00+03:00,0.0134348035106825
2026-05-26 10:20:00+03:00,0.0134348035106825
2026-05-26 10:25:00+03:00,0.0134348035106825
2026-05-26 10:30:00+03:00,0.0134348035106825
2026-05-26 10:35:00+03:00,0.0134348035106825
2026-05-26 10:40:00+03:00,0.0134348035106825
2026-05-26 10:45:00+03:00,0.0134348035106825
2026-05-26 10:50:00+03:00,0.0134348035106825
2026-05-26 10:55:00+03:00,0.0134348035106825
2026-05-26 11:00:00+03:00,0.0134348035106825
2026-05-26 11:05:00+03:00,0.0134348035106825
2026-05-26 11:10:00+03:00,0.0134348035106825
2026-05-26 11:15:00+03:00,0.0134348035106825
2026-05-26 11:20:00+03:00,0.0134348035106825
2026-05-26 11:25:00+03:00,0.0134348035106825
2026-05-26 11:30:00+03:00,0.0134348035106825
2026-05-26 11:35:00+03:00,0.0134348035106825
2026-05-26 11:40:00+03:00,0.0134348035106825
2026-05-26 11:45:00+03:00,0.0134348035106825
2026-05-26 11:50:00+03:00,0.0134348035106825
2026-05-26 11:55:00+03:00,0.0134348035106825
2026-05-26 12:00:00+03:00,0.0134348035106825
2026-05-26 12:05:00+03:00,0.0134348035106825
2026-05-26 12:10:00+03:00,0.0134348035106825
2026-05-26 12:15:00+03:00,0.0134348035106825
2026-05-26 12:20:00+03:00,0.0134348035106825
2026-05-26 12:25:00+03:00,0.0134348035106825
2026-05-26 12:35:00+03:00,0.0134348035106825
2026-06-01 09:55:00+03:00,0.0134348035106825
2026-06-01 10:00:00+03:00,0.0134348035106825
2026-06-01 10:05:00+03:00,0.0134348035106825
2026-06-01 10:10:00+03:00,0.0134348035106825
2026-06-01 10:15:00+03:00,0.0134348035106825
2026-06-01 10:20:00+03:00,0.0134348035106825
2026-06-01 10:25:00+03:00,0.0134348035106825
2026-06-01 10:30:00+03:00,0.0134348035106825
2026-06-01 10:35:00+03:00,0.0134348035106825
2026-06-01 10:40:00+03:00,0.0134348035106825
2026-06-01 10:45:00+03:00,0.0134348035106825
2026-06-01 10:50:00+03:00,0.0134348035106825
2026-06-01 10:55:00+03:00,0.0134348035106825
2026-06-01 11:00:00+03:00,0.0134348035106825
2026-06-01 11:05:00+03:00,0.0134348035106825
2026-06-01 11:10:00+03:00,0.0134348035106825
2026-06-01 11:15:00+03:00,0.0134348035106825
2026-06-01 11:20:00+03:00,0.0134348035106825
2026-06-01 11:25:00+03:00,0.0134348035106825
2026-06-01 11:30:00+03:00,0.0134348035106825
2026-06-01 11:35:00+03:00,0.0134348035106825
2026-06-01 11:40:00+03:00,0.0134348035106825
2026-06-01 11:45:00+03:00,0.0134348035106825
2026-06-01 11:50:00+03:00,0.0134348035106825
2026-06-01 11:55:00+03:00,0.0134348035106825
2026-06-01 12:00:00+03:00,0.0134348035106825
2026-06-01 12:05:00+03:00,0.0134348035106825
2026-06-01 12:10:00+03:00,0.0134348035106825
2026-06-01 12:15:00+03:00,0.0134348035106825
2026-06-01 12:20:00+03:00,0.0134348035106825
2026-06-01 12:25:00+03:00,0.0134348035106825
2026-06-01 12:30:00+03:00,0.0134348035106825
2026-06-01 12:35:00+03:00,0.0134348035106825
2026-06-01 12:40:00+03:00,0.0134348035106825
2026-06-01 12:45:00+03:00,0.0134348035106825
2026-06-01 12:50:00+03:00,0.0134348035106825
2026-06-01 12:55:00+03:00,0.0134348035106825
2026-06-01 13:00:00+03:00,0.0134348035106825
2026-06-01 13:05:00+03:00,0.0134348035106825
2026-06-01 13:10:00+03:00,0.0134348035106825
2026-06-01 13:15:00+03:00,0.0134348035106825
2026-06-01 13:20:00+03:00,0.0134348035106825
2026-06-01 13:25:00+03:00,0.0134348035106825
2026-06-01 13:30:00+03:00,0.0134348035106825
2026-06-01 13:35:00+03:00,0.0134348035106825
2026-06-01 13:40:00+03:00,0.0134348035106825
2026-06-01 13:45:00+03:00,0.0134348035106825
2026-06-01 13:50:00+03:00,0.0134348035106825
2026-06-01 13:55:00+03:00,0.0134348035106825
2026-06-01 14:00:00+03:00,0.0134348035106825
2026-06-01 14:05:00+03:00,0.0134348035106825
2026-06-01 14:10:00+03:00,0.0134348035106825
2026-06-01 14:15:00+03:00,0.0134348035106825
2026-06-01 14:20:00+03:00,0.0134348035106825
2026-06-01 14:25:00+03:00,0.0134348035106825
2026-06-01 14:30:00+03:00,0.0134348035106825
2026-06-01 14:35:00+03:00,0.0134348035106825
2026-06-01 14:40:00+03:00,0.0134348035106825
2026-06-01 14:45:00+03:00,0.0134348035106825
2026-06-01 14:50:00+03:00,0.0134348035106825
2026-06-01 14:55:00+03:00,0.0134348035106825
2026-06-01 15:00:00+03:00,0.0134348035106825
2026-06-01 15:05:00+03:00,0.0134348035106825
2026-06-01 15:10:00+03:00,0.0134348035106825
2026-06-01 15:15:00+03:00,0.0134348035106825
2026-06-01 15:20:00+03:00,0.0134348035106825
2026-06-01 15:25:00+03:00,0.0134348035106825
2026-06-01 15:30:00+03:00,0.0134348035106825
2026-06-01 15:35:00+03:00,0.0134348035106825
2026-06-01 15:40:00+03:00,0.0134348035106825
2026-06-01 15:45:00+03:00,0.0134348035106825
2026-06-01 15:50:00+03:00,0.0134348035106825
2026-06-01 15:55:00+03:00,0.0134348035106825
2026-06-01 16:00:00+03:00,0.0134348035106825
2026-06-01 16:05:00+03:00,0.0134348035106825
2026-06-01 16:10:00+03:00,0.0134348035106825
2026-06-01 16:15:00+03:00,0.0134348035106825
2026-06-01 16:20:00+03:00,0.0134348035106825
2026-06-01 16:25:00+03:00,0.9686898861754565
2026-06-01 16:30:00+03:00,0.9676027111561346
2026-06-01 16:35:00+03:00,0.9808572928370434
2026-06-01 16:40:00+03:00,0.9841679999377475
2026-06-01 16:45:00+03:00,0.9841180976194384
2026-06-01 16:50:00+03:00,0.9850778469059679
2026-06-01 16:55:00+03:00,0.9857529232750726
2026-06-01 17:00:00+03:00,0.9861767649108576
2026-06-01 17:05:00+03:00,0.9857404257833026
2026-06-01 17:10:00+03:00,0.9860508932013895
2026-06-01 17:15:00+03:00,0.986132095742775
2026-06-01 17:20:00+03:00,0.9861495945238224
2026-06-01 17:25:00+03:00,0.9862199766690868
2026-06-01 17:30:00+03:00,0.9854472870501622
2026-06-01 17:35:00+03:00,0.984896355164537
2026-06-01 17:40:00+03:00,0.9840769980199566
2026-06-01 17:45:00+03:00,0.9840769980199566
2026-06-01 17:50:00+03:00,0.9842932459122701
2026-06-01 17:55:00+03:00,0.9846111866472764
2026-06-02 09:55:00+03:00,0.0134348035106825
2026-06-02 10:00:00+03:00,0.0134348035106825
2026-06-02 10:05:00+03:00,0.0134348035106825
2026-06-02 10:10:00+03:00,0.0134348035106825
2026-06-02 10:15:00+03:00,0.0134348035106825
2026-06-02 10:20:00+03:00,0.0134348035106825
2026-06-02 10:25:00+03:00,0.0134348035106825
2026-06-02 10:30:00+03:00,0.0134348035106825
2026-06-02 10:35:00+03:00,0.0134348035106825
2026-06-02 10:40:00+03:00,0.0134348035106825
2026-06-02 10:45:00+03:00,0.0134348035106825
2026-06-02 10:50:00+03:00,0.0134348035106825
2026-06-02 10:55:00+03:00,0.0134348035106825
2026-06-02 11:00:00+03:00,0.0134348035106825
2026-06-02 11:05:00+03:00,0.0134348035106825
2026-06-02 11:10:00+03:00,0.0134348035106825
2026-06-02 11:15:00+03:00,0.0134348035106825
2026-06-02 11:20:00+03:00,0.0134348035106825
2026-06-02 11:25:00+03:00,0.0134348035106825
2026-06-02 11:30:00+03:00,0.0134348035106825
2026-06-02 11:35:00+03:00,0.0134348035106825
2026-06-02 11:40:00+03:00,0.0134348035106825
2026-06-02 11:45:00+03:00,0.0134348035106825
2026-06-02 11:50:00+03:00,0.0134348035106825
2026-06-02 11:55:00+03:00,0.0134348035106825
2026-06-02 12:00:00+03:00,0.0134348035106825
2026-06-02 12:05:00+03:00,0.0134348035106825
2026-06-02 12:10:00+03:00,0.0134348035106825
2026-06-02 12:15:00+03:00,0.0134348035106825
2026-06-02 12:20:00+03:00,0.0134348035106825
2026-06-02 12:25:00+03:00,0.0134348035106825
2026-06-02 12:30:00+03:00,0.0134348035106825
2026-06-02 12:35:00+03:00,0.0134348035106825
2026-06-02 12:40:00+03:00,0.0134348035106825
2026-06-02 12:45:00+03:00,0.0134348035106825
2026-06-02 12:50:00+03:00,0.0134348035106825
2026-06-02 12:55:00+03:00,0.0134348035106825
2026-06-02 13:00:00+03:00,0.0134348035106825
2026-06-02 13:05:00+03:00,0.0134348035106825
2026-06-02 13:10:00+03:00,0.0134348035106825
2026-06-02 13:15:00+03:00,0.0134348035106825
2026-06-02 13:20:00+03:00,0.0134348035106825
2026-06-02 13:25:00+03:00,0.0134348035106825
2026-06-02 13:30:00+03:00,0.0134348035106825
2026-06-02 13:35:00+03:00,0.0134348035106825
2026-06-02 13:40:00+03:00,0.0134348035106825
2026-06-02 13:45:00+03:00,0.0134348035106825
2026-06-02 13:50:00+03:00,0.0134348035106825
2026-06-02 13:55:00+03:00,0.0134348035106825
2026-06-02 14:00:00+03:00,0.0134348035106825
2026-06-02 14:05:00+03:00,0.0134348035106825
2026-06-02 14:10:00+03:00,0.0134348035106825
2026-06-02 14:15:00+03:00,0.0134348035106825
2026-06-02 14:20:00+03:00,0.0134348035106825
2026-06-02 14:25:00+03:00,0.0134348035106825
2026-06-02 14:30:00+03:00,0.0134348035106825
2026-06-02 14:35:00+03:00,0.0134348035106825
2026-06-02 14:40:00+03:00,0.0134348035106825
2026-06-02 14:45:00+03:00,0.0134348035106825
2026-06-02 14:50:00+03:00,0.0134348035106825
2026-06-02 14:55:00+03:00,0.0134348035106825
2026-06-02 15:00:00+03:00,0.0134348035106825
2026-06-02 15:05:00+03:00,0.0134348035106825
2026-06-02 15:10:00+03:00,0.0134348035106825
2026-06-02 15:15:00+03:00,0.0134348035106825
2026-06-02 15:20:00+03:00,0.0134348035106825
2026-06-02 15:25:00+03:00,0.0134348035106825
2026-06-02 15:30:00+03:00,0.0134348035106825
2026-06-02 15:35:00+03:00,0.0134348035106825
2026-06-02 15:40:00+03:00,0.0134348035106825
2026-06-02 15:45:00+03:00,0.0134348035106825
2026-06-02 15:50:00+03:00,0.0134348035106825
2026-06-02 15:55:00+03:00,0.0134348035106825
2026-06-02 16:00:00+03:00,0.0134348035106825
2026-06-02 16:05:00+03:00,0.0134348035106825
2026-06-02 16:10:00+03:00,0.0134348035106825
2026-06-02 16:15:00+03:00,0.0134348035106825
2026-06-02 16:20:00+03:00,0.0134348035106825
2026-06-02 16:25:00+03:00,0.0134348035106825
2026-06-02 16:30:00+03:00,0.0134348035106825
2026-06-02 16:35:00+03:00,0.0134348035106825
2026-06-02 16:40:00+03:00,0.0134348035106825
2026-06-02 16:45:00+03:00,0.0134348035106825
2026-06-02 16:50:00+03:00,0.0134348035106825
2026-06-02 16:55:00+03:00,0.0134348035106825
2026-06-02 17:00:00+03:00,0.0134348035106825
2026-06-02 17:05:00+03:00,0.0134348035106825
2026-06-02 17:10:00+03:00,0.0134348035106825
2026-06-02 17:15:00+03:00,0.0134348035106825
2026-06-02 17:20:00+03:00,0.0134348035106825
2026-06-02 17:25:00+03:00,0.0134348035106825
2026-06-02 17:30:00+03:00,0.0134348035106825
2026-06-02 17:35:00+03:00,0.0134348035106825
2026-06-02 17:40:00+03:00,0.0134348035106825
2026-06-02 17:45:00+03:00,0.0134348035106825
2026-06-02 17:50:00+03:00,0.0134348035106825
2026-06-02 17:55:00+03:00,0.0134348035106825
2026-06-03 09:55:00+03:00,0.0134348035106825
2026-06-03 10:00:00+03:00,0.0134348035106825
2026-06-03 10:05:00+03:00,0.0134348035106825
2026-06-03 10:10:00+03:00,0.0134348035106825
2026-06-03 10:15:00+03:00,0.0134348035106825
2026-06-03 10:20:00+03:00,0.0134348035106825
2026-06-03 10:25:00+03:00,0.0134348035106825
2026-06-03 10:30:00+03:00,0.0134348035106825
2026-06-03 10:35:00+03:00,0.0134348035106825
2026-06-03 10:40:00+03:00,0.0134348035106825
2026-06-03 10:45:00+03:00,0.0134348035106825
2026-06-03 10:50:00+03:00,0.0134348035106825
2026-06-03 10:55:00+03:00,0.0134348035106825
2026-06-03 11:00:00+03:00,0.0134348035106825
2026-06-03 11:05:00+03:00,0.0134348035106825
2026-06-03 11:10:00+03:00,0.0134348035106825
2026-06-03 11:15:00+03:00,0.0134348035106825
2026-06-03 11:20:00+03:00,0.0134348035106825
2026-06-03 11:25:00+03:00,0.0134348035106825
2026-06-03 11:30:00+03:00,0.0134348035106825
2026-06-03 11:35:00+03:00,0.0134348035106825
2026-06-03 11:40:00+03:00,0.0134348035106825
2026-06-03 11:45:00+03:00,0.0134348035106825
2026-06-03 11:50:00+03:00,0.0134348035106825
2026-06-03 11:55:00+03:00,0.0134348035106825
2026-06-03 12:00:00+03:00,0.0134348035106825
2026-06-03 12:05:00+03:00,0.0134348035106825
2026-06-03 12:10:00+03:00,0.0134348035106825
2026-06-03 12:15:00+03:00,0.0134348035106825
2026-06-03 12:20:00+03:00,0.0134348035106825
2026-06-03 12:25:00+03:00,0.0134348035106825
2026-06-03 12:30:00+03:00,0.0134348035106825
2026-06-03 12:35:00+03:00,0.0134348035106825
2026-06-03 12:40:00+03:00,0.0134348035106825
2026-06-03 12:45:00+03:00,0.0134348035106825
2026-06-03 12:50:00+03:00,0.0134348035106825
2026-06-03 12:55:00+03:00,0.0134348035106825
2026-06-03 13:00:00+03:00,0.0134348035106825
2026-06-03 13:05:00+03:00,0.0134348035106825
2026-06-03 13:10:00+03:00,0.0134348035106825
2026-06-03 13:15:00+03:00,0.0134348035106825
2026-06-03 13:20:00+03:00,0.0134348035106825
2026-06-03 13:25:00+03:00,0.0134348035106825
2026-06-03 13:30:00+03:00,0.0134348035106825
2026-06-03 13:35:00+03:00,0.0134348035106825
2026-06-03 13:40:00+03:00,0.0134348035106825
2026-06-03 13:45:00+03:00,0.0134348035106825
2026-06-03 13:50:00+03:00,0.0134348035106825
2026-06-03 13:55:00+03:00,0.0134348035106825
2026-06-03 14:00:00+03:00,0.0134348035106825
2026-06-03 14:05:00+03:00,0.0134348035106825
2026-06-03 14:10:00+03:00,0.0134348035106825
2026-06-03 14:15:00+03:00,0.0134348035106825
2026-06-03 14:20:00+03:00,0.0134348035106825
2026-06-03 14:25:00+03:00,0.0134348035106825
2026-06-03 14:30:00+03:00,0.0134348035106825
2026-06-03 14:35:00+03:00,0.0134348035106825
2026-06-03 14:40:00+03:00,0.0134348035106825
2026-06-03 14:45:00+03:00,0.0134348035106825
2026-06-03 14:50:00+03:00,0.0134348035106825
2026-06-03 14:55:00+03:00,0.0134348035106825
2026-06-03 15:00:00+03:00,0.0134348035106825
2026-06-03 15:05:00+03:00,0.0134348035106825
2026-06-03 15:10:00+03:00,0.0134348035106825
2026-06-03 15:15:00+03:00,0.0134348035106825
2026-06-03 15:20:00+03:00,0.0134348035106825
2026-06-03 15:25:00+03:00,0.0134348035106825
2026-06-03 15:30:00+03:00,0.0134348035106825
2026-06-03 15:35:00+03:00,0.0134348035106825
2026-06-03 15:40:00+03:00,0.0134348035106825
2026-06-03 15:45:00+03:00,0.0134348035106825
2026-06-03 15:50:00+03:00,0.0134348035106825
2026-06-03 15:55:00+03:00,0.0134348035106825
2026-06-03 16:00:00+03:00,0.0134348035106825
2026-06-03 16:05:00+03:00,0.0134348035106825
2026-06-03 16:10:00+03:00,0.0134348035106825
2026-06-03 16:15:00+03:00,0.0134348035106825
2026-06-03 16:20:00+03:00,0.0134348035106825
2026-06-03 16:25:00+03:00,0.0134348035106825
2026-06-03 16:30:00+03:00,0.0134348035106825
2026-06-03 16:35:00+03:00,0.0134348035106825
2026-06-03 16:40:00+03:00,0.0134348035106825
2026-06-03 16:45:00+03:00,0.0134348035106825
2026-06-03 16:50:00+03:00,0.0134348035106825
2026-06-03 16:55:00+03:00,0.0134348035106825
2026-06-03 17:00:00+03:00,0.0134348035106825
2026-06-03 17:05:00+03:00,0.0134348035106825
2026-06-03 17:10:00+03:00,0.0134348035106825
2026-06-03 17:15:00+03:00,0.0134348035106825
2026-06-03 17:20:00+03:00,0.0134348035106825
2026-06-03 17:25:00+03:00,0.0134348035106825
2026-06-03 17:30:00+03:00,0.0134348035106825
2026-06-03 17:35:00+03:00,0.0134348035106825
2026-06-03 17:40:00+03:00,0.0134348035106825
2026-06-03 17:45:00+03:00,0.0134348035106825
2026-06-03 17:50:00+03:00,0.0134348035106825
2026-06-03 17:55:00+03:00,0.0134348035106825
2026-06-04 09:55:00+03:00,0.0134348035106825
2026-06-04 10:00:00+03:00,0.0134348035106825
2026-06-04 10:05:00+03:00,0.0134348035106825
2026-06-04 10:10:00+03:00,0.0134348035106825
2026-06-04 10:15:00+03:00,0.0134348035106825
2026-06-04 10:20:00+03:00,0.0134348035106825
2026-06-04 10:25:00+03:00,0.0134348035106825
2026-06-04 10:30:00+03:00,0.0134348035106825
2026-06-04 10:35:00+03:00,0.0134348035106825
2026-06-04 10:40:00+03:00,0.0134348035106825
2026-06-04 10:45:00+03:00,0.0134348035106825
2026-06-04 10:50:00+03:00,0.0134348035106825
2026-06-04 10:55:00+03:00,0.0134348035106825
2026-06-04 11:00:00+03:00,0.0134348035106825
2026-06-04 11:05:00+03:00,0.0134348035106825
2026-06-04 11:10:00+03:00,0.0134348035106825
2026-06-04 11:15:00+03:00,0.0134348035106825
2026-06-04 11:20:00+03:00,0.0134348035106825
2026-06-04 11:25:00+03:00,0.0134348035106825
2026-06-04 11:30:00+03:00,0.0134348035106825
2026-06-04 11:35:00+03:00,0.0134348035106825
2026-06-04 11:40:00+03:00,0.0134348035106825
2026-06-04 11:45:00+03:00,0.0134348035106825
2026-06-04 11:50:00+03:00,0.0134348035106825
2026-06-04 11:55:00+03:00,0.0134348035106825
2026-06-04 12:00:00+03:00,0.0134348035106825
2026-06-04 12:05:00+03:00,0.0134348035106825
2026-06-04 12:10:00+03:00,0.0134348035106825
2026-06-04 12:15:00+03:00,0.0134348035106825
2026-06-04 12:20:00+03:00,0.0134348035106825
2026-06-04 12:25:00+03:00,0.0134348035106825
2026-06-04 12:30:00+03:00,0.0134348035106825
2026-06-04 12:35:00+03:00,0.0134348035106825
2026-06-04 12:40:00+03:00,0.0134348035106825
2026-06-04 12:45:00+03:00,0.0134348035106825
2026-06-04 12:50:00+03:00,0.0134348035106825
2026-06-04 12:55:00+03:00,0.0134348035106825
2026-06-04 13:00:00+03:00,0.0134348035106825
2026-06-04 13:05:00+03:00,0.0134348035106825
2026-06-04 13:10:00+03:00,0.0134348035106825
2026-06-04 13:15:00+03:00,0.0134348035106825
2026-06-04 13:20:00+03:00,0.0134348035106825
2026-06-04 13:25:00+03:00,0.0134348035106825
2026-06-04 13:30:00+03:00,0.0134348035106825
2026-06-04 13:35:00+03:00,0.0134348035106825
2026-06-04 13:40:00+03:00,0.0134348035106825
2026-06-04 13:45:00+03:00,0.0134348035106825
2026-06-04 13:50:00+03:00,0.0134348035106825
2026-06-04 13:55:00+03:00,0.0134348035106825
2026-06-04 14:00:00+03:00,0.0134348035106825
2026-06-04 14:05:00+03:00,0.0134348035106825
2026-06-04 14:10:00+03:00,0.0134348035106825
2026-06-04 14:15:00+03:00,0.0134348035106825
2026-06-04 14:20:00+03:00,0.0134348035106825
2026-06-04 14:25:00+03:00,0.0134348035106825
2026-06-04 14:30:00+03:00,0.0134348035106825
2026-06-04 14:35:00+03:00,0.0134348035106825
2026-06-04 14:40:00+03:00,0.0134348035106825
2026-06-04 14:45:00+03:00,0.0134348035106825
2026-06-04 14:50:00+03:00,0.0134348035106825
2026-06-04 14:55:00+03:00,0.0134348035106825
2026-06-04 15:00:00+03:00,0.0134348035106825
2026-06-04 15:05:00+03:00,0.0134348035106825
2026-06-04 15:10:00+03:00,0.0134348035106825
2026-06-04 15:15:00+03:00,0.0134348035106825
2026-06-04 15:20:00+03:00,0.0134348035106825
2026-06-04 15:25:00+03:00,0.0134348035106825
2026-06-04 15:30:00+03:00,0.0134348035106825
2026-06-04 15:35:00+03:00,0.0134348035106825
2026-06-04 15:40:00+03:00,0.0134348035106825
2026-06-04 15:45:00+03:00,0.0134348035106825
2026-06-04 15:50:00+03:00,0.0134348035106825
2026-06-04 15:55:00+03:00,0.0134348035106825
2026-06-04 16:00:00+03:00,0.0134348035106825
2026-06-04 16:05:00+03:00,0.0134348035106825
2026-06-04 16:10:00+03:00,0.0134348035106825
2026-06-04 16:15:00+03:00,0.0134348035106825
2026-06-04 16:20:00+03:00,0.0134348035106825
2026-06-04 16:25:00+03:00,0.0134348035106825
2026-06-04 16:30:00+03:00,0.0134348035106825
2026-06-04 16:35:00+03:00,0.0134348035106825
2026-06-04 16:40:00+03:00,0.0134348035106825
2026-06-04 16:45:00+03:00,0.0134348035106825
2026-06-04 16:50:00+03:00,0.0134348035106825
2026-06-04 16:55:00+03:00,0.0134348035106825
2026-06-04 17:00:00+03:00,0.0134348035106825
2026-06-04 17:05:00+03:00,0.0134348035106825
2026-06-04 17:10:00+03:00,0.0134348035106825
2026-06-04 17:15:00+03:00,0.0134348035106825
2026-06-04 17:20:00+03:00,0.0134348035106825
2026-06-04 17:25:00+03:00,0.0134348035106825
2026-06-04 17:30:00+03:00,0.0134348035106825
2026-06-04 17:35:00+03:00,0.0134348035106825
2026-06-04 17:40:00+03:00,0.0134348035106825
2026-06-04 17:45:00+03:00,0.0134348035106825
2026-06-04 17:50:00+03:00,0.0134348035106825
2026-06-04 17:55:00+03:00,0.0134348035106825
2026-06-05 09:55:00+03:00,0.0134348035106825
2026-06-05 10:00:00+03:00,0.0134348035106825
2026-06-05 10:05:00+03:00,0.0134348035106825
2026-06-05 10:10:00+03:00,0.0134348035106825
2026-06-05 10:15:00+03:00,0.0134348035106825
2026-06-05 10:20:00+03:00,0.0134348035106825
2026-06-05 10:25:00+03:00,0.0134348035106825
2026-06-05 10:30:00+03:00,0.0134348035106825
2026-06-05 10:35:00+03:00,0.0134348035106825
2026-06-05 10:40:00+03:00,0.0134348035106825
2026-06-05 10:45:00+03:00,0.0134348035106825
2026-06-05 10:50:00+03:00,0.0134348035106825
2026-06-05 10:55:00+03:00,0.0134348035106825
2026-06-05 11:00:00+03:00,0.0134348035106825
2026-06-05 11:05:00+03:00,0.0134348035106825
2026-06-05 11:10:00+03:00,0.0134348035106825
2026-06-05 11:15:00+03:00,0.0134348035106825
2026-06-05 11:20:00+03:00,0.0134348035106825
2026-06-05 11:25:00+03:00,0.0134348035106825
2026-06-05 11:30:00+03:00,0.0134348035106825
2026-06-05 11:35:00+03:00,0.0134348035106825
2026-06-05 11:40:00+03:00,0.0134348035106825
2026-06-05 11:45:00+03:00,0.0134348035106825
2026-06-05 11:50:00+03:00,0.0134348035106825
2026-06-05 11:55:00+03:00,0.0134348035106825
2026-06-05 12:00:00+03:00,0.0134348035106825
2026-06-05 12:05:00+03:00,0.0134348035106825
2026-06-05 12:10:00+03:00,0.0134348035106825
2026-06-05 12:15:00+03:00,0.0134348035106825
2026-06-05 12:20:00+03:00,0.0134348035106825
2026-06-05 12:25:00+03:00,0.0134348035106825
2026-06-05 12:30:00+03:00,0.0134348035106825
2026-06-05 12:35:00+03:00,0.0134348035106825
2026-06-05 12:40:00+03:00,0.0134348035106825
2026-06-05 12:45:00+03:00,0.0134348035106825
2026-06-05 12:50:00+03:00,0.0134348035106825
2026-06-05 12:55:00+03:00,0.0134348035106825
2026-06-05 13:00:00+03:00,0.0134348035106825
2026-06-05 13:05:00+03:00,0.0134348035106825
2026-06-05 13:10:00+03:00,0.0134348035106825
2026-06-05 13:15:00+03:00,0.0134348035106825
2026-06-05 13:20:00+03:00,0.0134348035106825
2026-06-05 13:25:00+03:00,0.0134348035106825
2026-06-05 13:30:00+03:00,0.0134348035106825
2026-06-05 13:35:00+03:00,0.0134348035106825
2026-06-05 13:40:00+03:00,0.0134348035106825
2026-06-05 13:45:00+03:00,0.0134348035106825
2026-06-05 13:50:00+03:00,0.0134348035106825
2026-06-05 13:55:00+03:00,0.0134348035106825
2026-06-05 14:00:00+03:00,0.0134348035106825
2026-06-05 14:05:00+03:00,0.0134348035106825
2026-06-05 14:10:00+03:00,0.0134348035106825
2026-06-05 14:15:00+03:00,0.0134348035106825
2026-06-05 14:20:00+03:00,0.0134348035106825
2026-06-05 14:25:00+03:00,0.0134348035106825
2026-06-05 14:30:00+03:00,0.0134348035106825
2026-06-05 14:35:00+03:00,0.0134348035106825
2026-06-05 14:40:00+03:00,0.0134348035106825
2026-06-05 14:45:00+03:00,0.0134348035106825
2026-06-05 14:50:00+03:00,0.0134348035106825
2026-06-05 14:55:00+03:00,0.0134348035106825
2026-06-05 15:00:00+03:00,0.0134348035106825
2026-06-05 15:05:00+03:00,0.0134348035106825
2026-06-05 15:10:00+03:00,0.0134348035106825
2026-06-05 15:15:00+03:00,0.0134348035106825
2026-06-05 15:20:00+03:00,0.0134348035106825
2026-06-05 15:25:00+03:00,0.0134348035106825
2026-06-05 15:30:00+03:00,0.0134348035106825
2026-06-05 15:35:00+03:00,0.0134348035106825
2026-06-05 15:40:00+03:00,0.0134348035106825
2026-06-05 15:45:00+03:00,0.0134348035106825
2026-06-05 15:50:00+03:00,0.0134348035106825
2026-06-05 15:55:00+03:00,0.0134348035106825
2026-06-05 16:00:00+03:00,0.0134348035106825
2026-06-05 16:05:00+03:00,0.0134348035106825
2026-06-05 16:10:00+03:00,0.0134348035106825
2026-06-05 16:15:00+03:00,0.0134348035106825
2026-06-05 16:20:00+03:00,0.0134348035106825
2026-06-05 16:25:00+03:00,0.0134348035106825
2026-06-05 16:30:00+03:00,0.0134348035106825
2026-06-05 16:35:00+03:00,0.0134348035106825
2026-06-05 16:40:00+03:00,0.0134348035106825
2026-06-05 16:45:00+03:00,0.0134348035106825
2026-06-05 16:50:00+03:00,0.0134348035106825
2026-06-05 16:55:00+03:00,0.0134348035106825
2026-06-05 17:00:00+03:00,0.0134348035106825
2026-06-05 17:05:00+03:00,0.0134348035106825
2026-06-05 17:10:00+03:00,0.0134348035106825
2026-06-05 17:15:00+03:00,0.0134348035106825
2026-06-05 17:20:00+03:00,0.0134348035106825
2026-06-05 17:25:00+03:00,0.0134348035106825
2026-06-05 17:30:00+03:00,0.0134348035106825
2026-06-05 17:35:00+03:00,0.0134348035106825
2026-06-05 17:40:00+03:00,0.0134348035106825
2026-06-05 17:45:00+03:00,0.0134348035106825
2026-06-05 17:50:00+03:00,0.0134348035106825
2026-06-05 17:55:00+03:00,0.0134348035106825
2026-06-08 09:55:00+03:00,0.0134348035106825
2026-06-08 10:00:00+03:00,0.0134348035106825
2026-06-08 10:05:00+03:00,0.0134348035106825
2026-06-08 10:10:00+03:00,0.0134348035106825
2026-06-08 10:15:00+03:00,0.0134348035106825
2026-06-08 10:20:00+03:00,0.0134348035106825
2026-06-08 10:25:00+03:00,0.0134348035106825
2026-06-08 10:30:00+03:00,0.0134348035106825
2026-06-08 10:35:00+03:00,0.0134348035106825
2026-06-08 10:40:00+03:00,0.0134348035106825
2026-06-08 10:45:00+03:00,0.0134348035106825
2026-06-08 10:50:00+03:00,0.0134348035106825
2026-06-08 10:55:00+03:00,0.0134348035106825
2026-06-08 11:00:00+03:00,0.0134348035106825
2026-06-08 11:05:00+03:00,0.0134348035106825
2026-06-08 11:10:00+03:00,0.0134348035106825
2026-06-08 11:15:00+03:00,0.0134348035106825
2026-06-08 11:20:00+03:00,0.0134348035106825
2026-06-08 11:25:00+03:00,0.0134348035106825
2026-06-08 11:30:00+03:00,0.0134348035106825
2026-06-08 11:35:00+03:00,0.0134348035106825
2026-06-08 11:40:00+03:00,0.0134348035106825
2026-06-08 11:45:00+03:00,0.0134348035106825
2026-06-08 11:50:00+03:00,0.0134348035106825
2026-06-08 11:55:00+03:00,0.0134348035106825
2026-06-08 12:00:00+03:00,0.0134348035106825
2026-06-08 12:05:00+03:00,0.0134348035106825
2026-06-08 12:10:00+03:00,0.0134348035106825
2026-06-08 12:15:00+03:00,0.0134348035106825
2026-06-08 12:20:00+03:00,0.0134348035106825
2026-06-08 12:25:00+03:00,0.0134348035106825
2026-06-08 12:30:00+03:00,0.0134348035106825
2026-06-08 12:35:00+03:00,0.0134348035106825
2026-06-08 12:40:00+03:00,0.0134348035106825
2026-06-08 12:45:00+03:00,0.0134348035106825
2026-06-08 12:50:00+03:00,0.0134348035106825
2026-06-08 12:55:00+03:00,0.0134348035106825
2026-06-08 13:00:00+03:00,0.0134348035106825
2026-06-08 13:05:00+03:00,0.0134348035106825
2026-06-08 13:10:00+03:00,0.0134348035106825
2026-06-08 13:15:00+03:00,0.0134348035106825
2026-06-08 13:20:00+03:00,0.0134348035106825
2026-06-08 13:25:00+03:00,0.0134348035106825
2026-06-08 13:30:00+03:00,0.0134348035106825
2026-06-08 13:35:00+03:00,0.0134348035106825
2026-06-08 13:40:00+03:00,0.0134348035106825
2026-06-08 13:45:00+03:00,0.0134348035106825
2026-06-08 13:50:00+03:00,0.0134348035106825
2026-06-08 13:55:00+03:00,0.0134348035106825
2026-06-08 14:00:00+03:00,0.0134348035106825
2026-06-08 14:05:00+03:00,0.0134348035106825
2026-06-08 14:10:00+03:00,0.0134348035106825
2026-06-08 14:15:00+03:00,0.0134348035106825
2026-06-08 14:20:00+03:00,0.0134348035106825
2026-06-08 14:25:00+03:00,0.0134348035106825
2026-06-08 14:30:00+03:00,0.0134348035106825
2026-06-08 14:35:00+03:00,0.0134348035106825
2026-06-08 14:40:00+03:00,0.0134348035106825
2026-06-08 14:45:00+03:00,0.0134348035106825
2026-06-08 14:50:00+03:00,0.0134348035106825
2026-06-08 14:55:00+03:00,0.0134348035106825
2026-06-08 15:00:00+03:00,0.0134348035106825
2026-06-08 15:05:00+03:00,0.0134348035106825
2026-06-08 15:10:00+03:00,0.0134348035106825
2026-06-08 15:15:00+03:00,0.0134348035106825
2026-06-08 15:20:00+03:00,0.0134348035106825
2026-06-08 15:25:00+03:00,0.0134348035106825
2026-06-08 15:30:00+03:00,0.0134348035106825
2026-06-08 15:35:00+03:00,0.0134348035106825
2026-06-08 15:40:00+03:00,0.0134348035106825
2026-06-08 15:45:00+03:00,0.0134348035106825
2026-06-08 15:50:00+03:00,0.0134348035106825
2026-06-08 15:55:00+03:00,0.0134348035106825
2026-06-08 16:00:00+03:00,0.0134348035106825
2026-06-08 16:05:00+03:00,0.0134348035106825
2026-06-08 16:10:00+03:00,0.0134348035106825
2026-06-08 16:15:00+03:00,0.0134348035106825
2026-06-08 16:20:00+03:00,0.0134348035106825
2026-06-08 16:25:00+03:00,0.0134348035106825
2026-06-08 16:30:00+03:00,0.0134348035106825
2026-06-08 16:35:00+03:00,0.0134348035106825
2026-06-08 16:40:00+03:00,0.0134348035106825
2026-06-08 16:45:00+03:00,0.0134348035106825
2026-06-08 16:50:00+03:00,0.0134348035106825
2026-06-08 16:55:00+03:00,0.0134348035106825
2026-06-08 17:00:00+03:00,0.0134348035106825
2026-06-08 17:05:00+03:00,0.0134348035106825
2026-06-08 17:10:00+03:00,0.0134348035106825
2026-06-08 17:15:00+03:00,0.0134348035106825
2026-06-08 17:20:00+03:00,0.0134348035106825
2026-06-08 17:25:00+03:00,0.0134348035106825
2026-06-08 17:30:00+03:00,0.0134348035106825
2026-06-08 17:35:00+03:00,0.0134348035106825
2026-06-08 17:40:00+03:00,0.0134348035106825
2026-06-08 17:45:00+03:00,0.0134348035106825
2026-06-08 17:50:00+03:00,0.0134348035106825
2026-06-08 17:55:00+03:00,0.0134348035106825
2026-06-09 09:55:00+03:00,0.0134348035106825
2026-06-09 10:00:00+03:00,0.0134348035106825
2026-06-09 10:05:00+03:00,0.0134348035106825
2026-06-09 10:10:00+03:00,0.0134348035106825
2026-06-09 10:15:00+03:00,0.0134348035106825
2026-06-09 10:20:00+03:00,0.0134348035106825
2026-06-09 10:25:00+03:00,0.0134348035106825
2026-06-09 10:30:00+03:00,0.0134348035106825
2026-06-09 10:35:00+03:00,0.0134348035106825
2026-06-09 10:40:00+03:00,0.0134348035106825
2026-06-09 10:45:00+03:00,0.0134348035106825
2026-06-09 10:50:00+03:00,0.0134348035106825
2026-06-09 10:55:00+03:00,0.0134348035106825
2026-06-09 11:00:00+03:00,0.0134348035106825
2026-06-09 11:05:00+03:00,0.0134348035106825
2026-06-09 11:10:00+03:00,0.0134348035106825
2026-06-09 11:15:00+03:00,0.0134348035106825
2026-06-09 11:20:00+03:00,0.0134348035106825
2026-06-09 11:25:00+03:00,0.0134348035106825
2026-06-09 11:30:00+03:00,0.0134348035106825
2026-06-09 11:35:00+03:00,0.0134348035106825
2026-06-09 11:40:00+03:00,0.0134348035106825
2026-06-09 11:45:00+03:00,0.0134348035106825
2026-06-09 11:50:00+03:00,0.0134348035106825
2026-06-09 11:55:00+03:00,0.0134348035106825
2026-06-09 12:00:00+03:00,0.0134348035106825
2026-06-09 12:05:00+03:00,0.0134348035106825
2026-06-09 12:10:00+03:00,0.0134348035106825
2026-06-09 12:15:00+03:00,0.0134348035106825
2026-06-09 12:20:00+03:00,0.0134348035106825
2026-06-09 12:25:00+03:00,0.0134348035106825
2026-06-09 12:30:00+03:00,0.0134348035106825
2026-06-09 12:35:00+03:00,0.0134348035106825
2026-06-09 12:40:00+03:00,0.0134348035106825
2026-06-09 12:45:00+03:00,0.0134348035106825
2026-06-09 12:50:00+03:00,0.0134348035106825
2026-06-09 12:55:00+03:00,0.0134348035106825
2026-06-09 13:00:00+03:00,0.0134348035106825
2026-06-09 13:05:00+03:00,0.0134348035106825
2026-06-09 13:10:00+03:00,0.0134348035106825
2026-06-09 13:15:00+03:00,0.0134348035106825
2026-06-09 13:20:00+03:00,0.0134348035106825
2026-06-09 13:25:00+03:00,0.0134348035106825
2026-06-09 13:30:00+03:00,0.0134348035106825
2026-06-09 13:35:00+03:00,0.0134348035106825
2026-06-09 13:40:00+03:00,0.0134348035106825
2026-06-09 13:45:00+03:00,0.0134348035106825
2026-06-09 13:50:00+03:00,0.0134348035106825
2026-06-09 13:55:00+03:00,0.0134348035106825
2026-06-09 14:00:00+03:00,0.0134348035106825
2026-06-09 14:05:00+03:00,0.0134348035106825
2026-06-09 14:10:00+03:00,0.0134348035106825
2026-06-09 14:15:00+03:00,0.0134348035106825
2026-06-09 14:20:00+03:00,0.0134348035106825
2026-06-09 14:25:00+03:00,0.0134348035106825
2026-06-09 14:30:00+03:00,0.0134348035106825
2026-06-09 14:35:00+03:00,0.0134348035106825
2026-06-09 14:40:00+03:00,0.0134348035106825
2026-06-09 14:45:00+03:00,0.0134348035106825
2026-06-09 14:50:00+03:00,0.0134348035106825
2026-06-09 14:55:00+03:00,0.0134348035106825
2026-06-09 15:00:00+03:00,0.0134348035106825
2026-06-09 15:05:00+03:00,0.0134348035106825
2026-06-09 15:10:00+03:00,0.0134348035106825
2026-06-09 15:15:00+03:00,0.0134348035106825
2026-06-09 15:20:00+03:00,0.0134348035106825
2026-06-09 15:25:00+03:00,0.0134348035106825
2026-06-09 15:30:00+03:00,0.0134348035106825
2026-06-09 15:35:00+03:00,0.0134348035106825
2026-06-09 15:40:00+03:00,0.0134348035106825
2026-06-09 15:45:00+03:00,0.0134348035106825
2026-06-09 15:50:00+03:00,0.0134348035106825
2026-06-09 15:55:00+03:00,0.0134348035106825
2026-06-09 16:00:00+03:00,0.0134348035106825
2026-06-09 16:05:00+03:00,0.0134348035106825
2026-06-09 16:10:00+03:00,0.0134348035106825
2026-06-09 16:15:00+03:00,0.0134348035106825
2026-06-09 16:20:00+03:00,0.0134348035106825
2026-06-09 16:25:00+03:00,0.0134348035106825
2026-06-09 16:30:00+03:00,0.0134348035106825
2026-06-09 16:35:00+03:00,0.0134348035106825
2026-06-09 16:40:00+03:00,0.0134348035106825
2026-06-09 16:45:00+03:00,0.0134348035106825
2026-06-09 16:50:00+03:00,0.0134348035106825
2026-06-09 16:55:00+03:00,0.0134348035106825
2026-06-09 17:00:00+03:00,0.0134348035106825
2026-06-09 17:05:00+03:00,0.0134348035106825
2026-06-09 17:10:00+03:00,0.0134348035106825
2026-06-09 17:15:00+03:00,0.0134348035106825
2026-06-09 17:20:00+03:00,0.0134348035106825
2026-06-09 17:25:00+03:00,0.0134348035106825
2026-06-09 17:30:00+03:00,0.0134348035106825
2026-06-09 17:35:00+03:00,0.0134348035106825
2026-06-09 17:40:00+03:00,0.0134348035106825
2026-06-09 17:45:00+03:00,0.0134348035106825
2026-06-09 17:50:00+03:00,0.0134348035106825
2026-06-09 17:55:00+03:00,0.0134348035106825
2026-06-10 09:55:00+03:00,0.0134348035106825
2026-06-10 10:00:00+03:00,0.0134348035106825
2026-06-10 10:05:00+03:00,0.0134348035106825
2026-06-10 10:10:00+03:00,0.0134348035106825
2026-06-10 10:15:00+03:00,0.0134348035106825
2026-06-10 10:20:00+03:00,0.0134348035106825
2026-06-10 10:25:00+03:00,0.0134348035106825
2026-06-10 10:30:00+03:00,0.0134348035106825
2026-06-10 10:35:00+03:00,0.0134348035106825
2026-06-10 10:40:00+03:00,0.0134348035106825
2026-06-10 10:45:00+03:00,0.0134348035106825
2026-06-10 10:50:00+03:00,0.0134348035106825
2026-06-10 10:55:00+03:00,0.0134348035106825
2026-06-10 11:00:00+03:00,0.0134348035106825
2026-06-10 11:05:00+03:00,0.0134348035106825
2026-06-10 11:10:00+03:00,0.0134348035106825
2026-06-10 11:15:00+03:00,0.0134348035106825
2026-06-10 11:20:00+03:00,0.0134348035106825
2026-06-10 11:25:00+03:00,0.0134348035106825
2026-06-10 11:30:00+03:00,0.0134348035106825
2026-06-10 11:35:00+03:00,0.0134348035106825
2026-06-10 11:40:00+03:00,0.0134348035106825
2026-06-10 11:45:00+03:00,0.0134348035106825
2026-06-10 11:50:00+03:00,0.0134348035106825
2026-06-10 11:55:00+03:00,0.0134348035106825
2026-06-10 12:00:00+03:00,0.0134348035106825
2026-06-10 12:05:00+03:00,0.0134348035106825
2026-06-10 12:10:00+03:00,0.0134348035106825
2026-06-10 12:15:00+03:00,0.0134348035106825
2026-06-10 12:20:00+03:00,0.0134348035106825
2026-06-10 12:25:00+03:00,0.0134348035106825
2026-06-10 12:30:00+03:00,0.0134348035106825
2026-06-10 12:35:00+03:00,0.0134348035106825
2026-06-10 12:40:00+03:00,0.0134348035106825
2026-06-10 12:45:00+03:00,0.0134348035106825
2026-06-10 12:50:00+03:00,0.0134348035106825
2026-06-10 12:55:00+03:00,0.0134348035106825
2026-06-10 13:00:00+03:00,0.0134348035106825
2026-06-10 13:05:00+03:00,0.0134348035106825
2026-06-10 13:10:00+03:00,0.0134348035106825
2026-06-10 13:15:00+03:00,0.0134348035106825
2026-06-10 13:20:00+03:00,0.0134348035106825
2026-06-10 13:25:00+03:00,0.0134348035106825
2026-06-10 13:30:00+03:00,0.0134348035106825
2026-06-10 13:35:00+03:00,0.0134348035106825
2026-06-10 13:40:00+03:00,0.0134348035106825
2026-06-10 13:45:00+03:00,0.0134348035106825
2026-06-10 13:50:00+03:00,0.0134348035106825
2026-06-10 13:55:00+03:00,0.0134348035106825
2026-06-10 14:00:00+03:00,0.0134348035106825
2026-06-10 14:05:00+03:00,0.0134348035106825
2026-06-10 14:10:00+03:00,0.0134348035106825
2026-06-10 14:15:00+03:00,0.0134348035106825
2026-06-10 14:20:00+03:00,0.0134348035106825
2026-06-10 14:25:00+03:00,0.0134348035106825
2026-06-10 14:30:00+03:00,0.0134348035106825
2026-06-10 14:35:00+03:00,0.0134348035106825
2026-06-10 14:40:00+03:00,0.0134348035106825
2026-06-10 14:45:00+03:00,0.0134348035106825
2026-06-10 14:50:00+03:00,0.0134348035106825
2026-06-10 14:55:00+03:00,0.0134348035106825
2026-06-10 15:00:00+03:00,0.0134348035106825
2026-06-10 15:05:00+03:00,0.0134348035106825
2026-06-10 15:10:00+03:00,0.0134348035106825
2026-06-10 15:15:00+03:00,0.0134348035106825
2026-06-10 15:20:00+03:00,0.0134348035106825
2026-06-10 15:25:00+03:00,0.0134348035106825
2026-06-10 15:30:00+03:00,0.0134348035106825
2026-06-10 15:35:00+03:00,0.0134348035106825
2026-06-10 15:40:00+03:00,0.0134348035106825
2026-06-10 15:45:00+03:00,0.0134348035106825
2026-06-10 15:50:00+03:00,0.0134348035106825
2026-06-10 15:55:00+03:00,0.0134348035106825
2026-06-10 16:00:00+03:00,0.0134348035106825
2026-06-10 16:05:00+03:00,0.0134348035106825
2026-06-10 16:10:00+03:00,0.0134348035106825
2026-06-10 16:15:00+03:00,0.0134348035106825
2026-06-10 16:20:00+03:00,0.0134348035106825
2026-06-10 16:25:00+03:00,0.0134348035106825
2026-06-10 16:30:00+03:00,0.0134348035106825
2026-06-10 16:35:00+03:00,0.0134348035106825
2026-06-10 16:40:00+03:00,0.0134348035106825
2026-06-10 16:45:00+03:00,0.0134348035106825
2026-06-10 16:50:00+03:00,0.0134348035106825
2026-06-10 16:55:00+03:00,0.0134348035106825
2026-06-10 17:00:00+03:00,0.0134348035106825
2026-06-10 17:05:00+03:00,0.0134348035106825
2026-06-10 17:10:00+03:00,0.0134348035106825
2026-06-10 17:15:00+03:00,0.0134348035106825
2026-06-10 17:20:00+03:00,0.0134348035106825
2026-06-10 17:25:00+03:00,0.0134348035106825
2026-06-10 17:30:00+03:00,0.0134348035106825
2026-06-10 17:35:00+03:00,0.0134348035106825
2026-06-10 17:40:00+03:00,0.0134348035106825
2026-06-10 17:45:00+03:00,0.0134348035106825
2026-06-10 17:50:00+03:00,0.0134348035106825
2026-06-10 17:55:00+03:00,0.0134348035106825
2026-06-11 09:55:00+03:00,0.0134348035106825
2026-06-11 10:00:00+03:00,0.0134348035106825
2026-06-11 10:05:00+03:00,0.0134348035106825
2026-06-11 10:10:00+03:00,0.0134348035106825
2026-06-11 10:15:00+03:00,0.0134348035106825
2026-06-11 10:20:00+03:00,0.0134348035106825
2026-06-11 10:25:00+03:00,0.0134348035106825
2026-06-11 10:30:00+03:00,0.0134348035106825
2026-06-11 10:35:00+03:00,0.0134348035106825
2026-06-11 10:40:00+03:00,0.0134348035106825
2026-06-11 10:45:00+03:00,0.0134348035106825
2026-06-11 10:50:00+03:00,0.0134348035106825
2026-06-11 10:55:00+03:00,0.0134348035106825
2026-06-11 11:00:00+03:00,0.0134348035106825
2026-06-11 11:05:00+03:00,0.0134348035106825
2026-06-11 11:10:00+03:00,0.0134348035106825
2026-06-11 11:15:00+03:00,0.0134348035106825
2026-06-11 11:20:00+03:00,0.0134348035106825
2026-06-11 11:25:00+03:00,0.0134348035106825
2026-06-11 11:30:00+03:00,0.0134348035106825
2026-06-11 11:35:00+03:00,0.0134348035106825
2026-06-11 11:40:00+03:00,0.0134348035106825
2026-06-11 11:45:00+03:00,0.0134348035106825
2026-06-11 11:50:00+03:00,0.0134348035106825
2026-06-11 11:55:00+03:00,0.0134348035106825
2026-06-11 12:00:00+03:00,0.0134348035106825
2026-06-11 12:05:00+03:00,0.0134348035106825
2026-06-11 12:10:00+03:00,0.0134348035106825
2026-06-11 12:15:00+03:00,0.0134348035106825
2026-06-11 12:20:00+03:00,0.0134348035106825
2026-06-11 12:25:00+03:00,0.0134348035106825
2026-06-11 12:30:00+03:00,0.0134348035106825
2026-06-11 12:35:00+03:00,0.0134348035106825
2026-06-11 12:40:00+03:00,0.0134348035106825
2026-06-11 12:45:00+03:00,0.0134348035106825
2026-06-11 12:50:00+03:00,0.0134348035106825
2026-06-11 12:55:00+03:00,0.0134348035106825
2026-06-11 13:00:00+03:00,0.0134348035106825
2026-06-11 13:05:00+03:00,0.0134348035106825
2026-06-11 13:10:00+03:00,0.0134348035106825
2026-06-11 13:15:00+03:00,0.0134348035106825
2026-06-11 13:20:00+03:00,0.0134348035106825
2026-06-11 13:25:00+03:00,0.0134348035106825
2026-06-11 13:30:00+03:00,0.0134348035106825
2026-06-11 13:35:00+03:00,0.0134348035106825
2026-06-11 13:40:00+03:00,0.0134348035106825
2026-06-11 13:45:00+03:00,0.0134348035106825
2026-06-11 13:50:00+03:00,0.0134348035106825
2026-06-11 13:55:00+03:00,0.0134348035106825
2026-06-11 14:00:00+03:00,0.0134348035106825
2026-06-11 14:05:00+03:00,0.0134348035106825
2026-06-11 14:10:00+03:00,0.0134348035106825
2026-06-11 14:15:00+03:00,0.0134348035106825
2026-06-11 14:20:00+03:00,0.0134348035106825
2026-06-11 14:25:00+03:00,0.0134348035106825
2026-06-11 14:30:00+03:00,0.0134348035106825
2026-06-11 14:35:00+03:00,0.0134348035106825
2026-06-11 14:40:00+03:00,0.0134348035106825
2026-06-11 14:45:00+03:00,0.0134348035106825
2026-06-11 14:50:00+03:00,0.0134348035106825
2026-06-11 14:55:00+03:00,0.0134348035106825
2026-06-11 15:00:00+03:00,0.0134348035106825
2026-06-11 15:05:00+03:00,0.0134348035106825
2026-06-11 15:10:00+03:00,0.0134348035106825
2026-06-11 15:15:00+03:00,0.0134348035106825
2026-06-11 15:20:00+03:00,0.0134348035106825
2026-06-11 15:25:00+03:00,0.0134348035106825
2026-06-11 15:30:00+03:00,0.0134348035106825
2026-06-11 15:35:00+03:00,0.0134348035106825
2026-06-11 15:40:00+03:00,0.0134348035106825
2026-06-11 15:45:00+03:00,0.0134348035106825
2026-06-11 15:50:00+03:00,0.0134348035106825
2026-06-11 15:55:00+03:00,0.0134348035106825
2026-06-11 16:00:00+03:00,0.0134348035106825
2026-06-11 16:05:00+03:00,0.0134348035106825
2026-06-11 16:10:00+03:00,0.0134348035106825
2026-06-11 16:15:00+03:00,0.0134348035106825
2026-06-11 16:20:00+03:00,0.0134348035106825
2026-06-11 16:25:00+03:00,0.0134348035106825
2026-06-11 16:30:00+03:00,0.0134348035106825
2026-06-11 16:35:00+03:00,0.0134348035106825
2026-06-11 16:40:00+03:00,0.0134348035106825
2026-06-11 16:45:00+03:00,0.0134348035106825
2026-06-11 16:50:00+03:00,0.0134348035106825
2026-06-11 16:55:00+03:00,0.0134348035106825
2026-06-11 17:00:00+03:00,0.0134348035106825
2026-06-11 17:05:00+03:00,0.0134348035106825
2026-06-11 17:10:00+03:00,0.0134348035106825
2026-06-11 17:15:00+03:00,0.0134348035106825
2026-06-11 17:20:00+03:00,0.0134348035106825
2026-06-11 17:25:00+03:00,0.0134348035106825
2026-06-11 17:30:00+03:00,0.0134348035106825
2026-06-11 17:35:00+03:00,0.0134348035106825
2026-06-11 17:40:00+03:00,0.0134348035106825
2026-06-11 17:45:00+03:00,0.0134348035106825
2026-06-11 17:50:00+03:00,0.0134348035106825
2026-06-11 17:55:00+03:00,0.0134348035106825
2026-06-12 09:55:00+03:00,0.0134348035106825
2026-06-12 10:00:00+03:00,0.0134348035106825
2026-06-12 10:05:00+03:00,0.0134348035106825
2026-06-12 10:10:00+03:00,0.0134348035106825
2026-06-12 10:15:00+03:00,0.0134348035106825
2026-06-12 10:20:00+03:00,0.0134348035106825
2026-06-12 10:25:00+03:00,0.0134348035106825
2026-06-12 10:30:00+03:00,0.0134348035106825
2026-06-12 10:35:00+03:00,0.0134348035106825
2026-06-12 10:40:00+03:00,0.0134348035106825
2026-06-12 10:45:00+03:00,0.0134348035106825
2026-06-12 10:50:00+03:00,0.0134348035106825
2026-06-12 10:55:00+03:00,0.0134348035106825
2026-06-12 11:00:00+03:00,0.0134348035106825
2026-06-12 11:05:00+03:00,0.0134348035106825
2026-06-12 11:10:00+03:00,0.0134348035106825
2026-06-12 11:15:00+03:00,0.0134348035106825
2026-06-12 11:20:00+03:00,0.0134348035106825
2026-06-12 11:25:00+03:00,0.0134348035106825
2026-06-12 11:30:00+03:00,0.0134348035106825
2026-06-12 11:35:00+03:00,0.0134348035106825
2026-06-12 11:40:00+03:00,0.0134348035106825
2026-06-12 11:45:00+03:00,0.0134348035106825
2026-06-12 11:50:00+03:00,0.0134348035106825
2026-06-12 11:55:00+03:00,0.0134348035106825
2026-06-12 12:00:00+03:00,0.0134348035106825
2026-06-12 12:05:00+03:00,0.0134348035106825
2026-06-12 12:10:00+03:00,0.0134348035106825
2026-06-12 12:15:00+03:00,0.0134348035106825
2026-06-12 12:20:00+03:00,0.0134348035106825
2026-06-12 12:25:00+03:00,0.0134348035106825
2026-06-12 12:30:00+03:00,0.0134348035106825
2026-06-12 12:35:00+03:00,0.0134348035106825
2026-06-12 12:40:00+03:00,0.0134348035106825
2026-06-12 12:45:00+03:00,0.0134348035106825
2026-06-12 12:50:00+03:00,0.0134348035106825
2026-06-12 12:55:00+03:00,0.0134348035106825
2026-06-12 13:00:00+03:00,0.0134348035106825
2026-06-12 13:05:00+03:00,0.0134348035106825
2026-06-12 13:10:00+03:00,0.0134348035106825
2026-06-12 13:15:00+03:00,0.0134348035106825
2026-06-12 13:20:00+03:00,0.0134348035106825
2026-06-12 13:25:00+03:00,0.0134348035106825
2026-06-12 13:30:00+03:00,0.0134348035106825
2026-06-12 13:35:00+03:00,0.0134348035106825
2026-06-12 13:40:00+03:00,0.0134348035106825
2026-06-12 13:45:00+03:00,0.0134348035106825
2026-06-12 13:50:00+03:00,0.0134348035106825
2026-06-12 13:55:00+03:00,0.0134348035106825
2026-06-12 14:00:00+03:00,0.0134348035106825
2026-06-12 14:05:00+03:00,0.0134348035106825
2026-06-12 14:10:00+03:00,0.0134348035106825
2026-06-12 14:15:00+03:00,0.0134348035106825
2026-06-12 14:20:00+03:00,0.0134348035106825
2026-06-12 14:25:00+03:00,0.0134348035106825
2026-06-12 14:30:00+03:00,0.0134348035106825
2026-06-12 14:35:00+03:00,0.0134348035106825
2026-06-12 14:40:00+03:00,0.0134348035106825
2026-06-12 14:45:00+03:00,0.0134348035106825
2026-06-12 14:50:00+03:00,0.0134348035106825
2026-06-12 14:55:00+03:00,0.0134348035106825
2026-06-12 15:00:00+03:00,0.0134348035106825
2026-06-12 15:05:00+03:00,0.0134348035106825
2026-06-12 15:10:00+03:00,0.0134348035106825
2026-06-12 15:15:00+03:00,0.0134348035106825
2026-06-12 15:20:00+03:00,0.0134348035106825
2026-06-12 15:25:00+03:00,0.0134348035106825
2026-06-12 15:30:00+03:00,0.0134348035106825
2026-06-12 15:35:00+03:00,0.0134348035106825
2026-06-12 15:40:00+03:00,0.0134348035106825
2026-06-12 15:45:00+03:00,0.0134348035106825
2026-06-12 15:50:00+03:00,0.0134348035106825
2026-06-12 15:55:00+03:00,0.0134348035106825
2026-06-12 16:00:00+03:00,0.0134348035106825
2026-06-12 16:05:00+03:00,0.0134348035106825
2026-06-12 16:10:00+03:00,0.0134348035106825
2026-06-12 16:15:00+03:00,0.0134348035106825
2026-06-12 16:20:00+03:00,0.0134348035106825
2026-06-12 16:25:00+03:00,0.0134348035106825
2026-06-12 16:30:00+03:00,0.0134348035106825
2026-06-12 16:35:00+03:00,0.0134348035106825
2026-06-12 16:40:00+03:00,0.0134348035106825
2026-06-12 16:45:00+03:00,0.0134348035106825
2026-06-12 16:50:00+03:00,0.0134348035106825
2026-06-12 16:55:00+03:00,0.9833352842748986
2026-06-12 17:00:00+03:00,0.9832811550496549
2026-06-12 17:05:00+03:00,0.0134348035106825
2026-06-12 17:10:00+03:00,0.9852057114183027
2026-06-12 17:15:00+03:00,0.9859852083282039
2026-06-12 17:20:00+03:00,0.9861918920238678
2026-06-12 17:25:00+03:00,0.9855913229640515
2026-06-12 17:30:00+03:00,0.0134348035106825
2026-06-12 17:35:00+03:00,0.0134348035106825
2026-06-12 17:40:00+03:00,0.9845621332150662
2026-06-12 17:45:00+03:00,0.0134348035106825
2026-06-12 17:50:00+03:00,0.0134348035106825
2026-06-12 17:55:00+03:00,0.0134348035106825
2026-06-15 09:55:00+03:00,0.0134348035106825
2026-06-15 10:00:00+03:00,0.0134348035106825
2026-06-15 10:05:00+03:00,0.0134348035106825
2026-06-15 10:10:00+03:00,0.0134348035106825
2026-06-15 10:15:00+03:00,0.0134348035106825
2026-06-15 10:20:00+03:00,0.0134348035106825
2026-06-15 10:25:00+03:00,0.0134348035106825
2026-06-15 10:30:00+03:00,0.0134348035106825
2026-06-15 10:35:00+03:00,0.0134348035106825
2026-06-15 10:40:00+03:00,0.0134348035106825
2026-06-15 10:45:00+03:00,0.0134348035106825
2026-06-15 10:50:00+03:00,0.0134348035106825
2026-06-15 10:55:00+03:00,0.0134348035106825
2026-06-15 11:00:00+03:00,0.0134348035106825
2026-06-15 11:05:00+03:00,0.0134348035106825
2026-06-15 11:10:00+03:00,0.0134348035106825
2026-06-15 11:15:00+03:00,0.0134348035106825
2026-06-15 11:20:00+03:00,0.0134348035106825
2026-06-15 11:25:00+03:00,0.0134348035106825
2026-06-15 11:30:00+03:00,0.0134348035106825
2026-06-15 11:35:00+03:00,0.0134348035106825
2026-06-15 11:40:00+03:00,0.0134348035106825
2026-06-15 11:45:00+03:00,0.0134348035106825
2026-06-15 11:50:00+03:00,0.0134348035106825
2026-06-15 11:55:00+03:00,0.0134348035106825
2026-06-15 12:00:00+03:00,0.0134348035106825
2026-06-15 12:05:00+03:00,0.0134348035106825
2026-06-15 12:10:00+03:00,0.0134348035106825
2026-06-15 12:15:00+03:00,0.0134348035106825
2026-06-15 12:20:00+03:00,0.0134348035106825
2026-06-15 12:25:00+03:00,0.0134348035106825
2026-06-15 12:30:00+03:00,0.0134348035106825
2026-06-15 12:35:00+03:00,0.0134348035106825
2026-06-15 12:40:00+03:00,0.0134348035106825
2026-06-15 12:45:00+03:00,0.0134348035106825
2026-06-15 12:50:00+03:00,0.0134348035106825
2026-06-15 12:55:00+03:00,0.0134348035106825
2026-06-15 13:00:00+03:00,0.0134348035106825
2026-06-15 13:05:00+03:00,0.0134348035106825
2026-06-15 13:10:00+03:00,0.0134348035106825
2026-06-15 13:15:00+03:00,0.0134348035106825
2026-06-15 13:20:00+03:00,0.0134348035106825
2026-06-15 13:25:00+03:00,0.0134348035106825
2026-06-15 13:30:00+03:00,0.0134348035106825
2026-06-15 13:35:00+03:00,0.0134348035106825
2026-06-15 13:40:00+03:00,0.0134348035106825
2026-06-15 13:45:00+03:00,0.0134348035106825
2026-06-15 13:50:00+03:00,0.0134348035106825
2026-06-15 13:55:00+03:00,0.0134348035106825
2026-06-15 14:00:00+03:00,0.0134348035106825
2026-06-15 14:05:00+03:00,0.0134348035106825
2026-06-15 14:10:00+03:00,0.0134348035106825
2026-06-15 14:15:00+03:00,0.0134348035106825
2026-06-15 14:20:00+03:00,0.0134348035106825
2026-06-15 14:25:00+03:00,0.0134348035106825
2026-06-15 14:30:00+03:00,0.0134348035106825
2026-06-15 14:35:00+03:00,0.0134348035106825
2026-06-15 14:40:00+03:00,0.0134348035106825
2026-06-15 14:45:00+03:00,0.0134348035106825
2026-06-15 14:50:00+03:00,0.0134348035106825
2026-06-15 14:55:00+03:00,0.0134348035106825
2026-06-15 15:00:00+03:00,0.0134348035106825
2026-06-15 15:05:00+03:00,0.0134348035106825
2026-06-15 15:10:00+03:00,0.0134348035106825
2026-06-15 15:15:00+03:00,0.0134348035106825
2026-06-15 15:20:00+03:00,0.0134348035106825
2026-06-15 15:25:00+03:00,0.0134348035106825
2026-06-15 15:30:00+03:00,0.0134348035106825
2026-06-15 15:35:00+03:00,0.0134348035106825
2026-06-15 15:40:00+03:00,0.0134348035106825
2026-06-15 15:45:00+03:00,0.0134348035106825
2026-06-15 15:50:00+03:00,0.0134348035106825
2026-06-15 15:55:00+03:00,0.0134348035106825
2026-06-15 16:00:00+03:00,0.0134348035106825
2026-06-15 16:05:00+03:00,0.0134348035106825
2026-06-15 16:10:00+03:00,0.0134348035106825
2026-06-15 16:15:00+03:00,0.0134348035106825
2026-06-15 16:20:00+03:00,0.0134348035106825
2026-06-15 16:25:00+03:00,0.0134348035106825
2026-06-15 16:30:00+03:00,0.0134348035106825
2026-06-15 16:35:00+03:00,0.0134348035106825
2026-06-15 16:40:00+03:00,0.0134348035106825
2026-06-15 16:45:00+03:00,0.0134348035106825
2026-06-15 16:50:00+03:00,0.0134348035106825
2026-06-15 16:55:00+03:00,0.0134348035106825
2026-06-15 17:00:00+03:00,0.0134348035106825
2026-06-15 17:05:00+03:00,0.0134348035106825
2026-06-15 17:10:00+03:00,0.0134348035106825
2026-06-15 17:15:00+03:00,0.0134348035106825
2026-06-15 17:20:00+03:00,0.0134348035106825
2026-06-15 17:25:00+03:00,0.0134348035106825
2026-06-15 17:30:00+03:00,0.0134348035106825
2026-06-15 17:35:00+03:00,0.0134348035106825
2026-06-15 17:40:00+03:00,0.0134348035106825
2026-06-15 17:45:00+03:00,0.0134348035106825
2026-06-15 17:50:00+03:00,0.0134348035106825
2026-06-15 17:55:00+03:00,0.0134348035106825
2026-06-16 09:55:00+03:00,0.0134348035106825
2026-06-16 10:00:00+03:00,0.0134348035106825
2026-06-16 10:05:00+03:00,0.0134348035106825
2026-06-16 10:10:00+03:00,0.0134348035106825
2026-06-16 10:15:00+03:00,0.0134348035106825
2026-06-16 10:20:00+03:00,0.0134348035106825
2026-06-16 10:25:00+03:00,0.0134348035106825
2026-06-16 10:30:00+03:00,0.0134348035106825
2026-06-16 10:35:00+03:00,0.0134348035106825
2026-06-16 10:40:00+03:00,0.0134348035106825
2026-06-16 10:45:00+03:00,0.0134348035106825
2026-06-16 10:50:00+03:00,0.0134348035106825
2026-06-16 10:55:00+03:00,0.0134348035106825
2026-06-16 11:00:00+03:00,0.0134348035106825
2026-06-16 11:05:00+03:00,0.0134348035106825
2026-06-16 11:10:00+03:00,0.0134348035106825
2026-06-16 11:15:00+03:00,0.0134348035106825
2026-06-16 11:20:00+03:00,0.0134348035106825
2026-06-16 11:25:00+03:00,0.0134348035106825
2026-06-16 11:30:00+03:00,0.0134348035106825
2026-06-16 11:35:00+03:00,0.0134348035106825
2026-06-16 11:40:00+03:00,0.0134348035106825
2026-06-16 11:45:00+03:00,0.0134348035106825
2026-06-16 11:50:00+03:00,0.0134348035106825
2026-06-16 11:55:00+03:00,0.0134348035106825
2026-06-16 12:00:00+03:00,0.0134348035106825
2026-06-16 12:05:00+03:00,0.0134348035106825
2026-06-16 12:10:00+03:00,0.0134348035106825
2026-06-16 12:15:00+03:00,0.0134348035106825
2026-06-16 12:20:00+03:00,0.0134348035106825
2026-06-16 12:25:00+03:00,0.0134348035106825
2026-06-16 12:30:00+03:00,0.0134348035106825
2026-06-16 12:35:00+03:00,0.0134348035106825
2026-06-16 12:40:00+03:00,0.0134348035106825
2026-06-16 12:45:00+03:00,0.0134348035106825
2026-06-16 12:50:00+03:00,0.0134348035106825
2026-06-16 12:55:00+03:00,0.0134348035106825
2026-06-16 13:00:00+03:00,0.0134348035106825
2026-06-16 13:05:00+03:00,0.0134348035106825
2026-06-16 13:10:00+03:00,0.0134348035106825
2026-06-16 13:15:00+03:00,0.0134348035106825
2026-06-16 13:20:00+03:00,0.0134348035106825
2026-06-16 13:25:00+03:00,0.0134348035106825
2026-06-16 13:30:00+03:00,0.0134348035106825
2026-06-16 13:35:00+03:00,0.0134348035106825
2026-06-16 13:40:00+03:00,0.0134348035106825
2026-06-16 13:45:00+03:00,0.0134348035106825
2026-06-16 13:50:00+03:00,0.0134348035106825
2026-06-16 13:55:00+03:00,0.0134348035106825
2026-06-16 14:00:00+03:00,0.0134348035106825
2026-06-16 14:05:00+03:00,0.0134348035106825
2026-06-16 14:10:00+03:00,0.0134348035106825
2026-06-16 14:15:00+03:00,0.0134348035106825
2026-06-16 14:20:00+03:00,0.0134348035106825
2026-06-16 14:25:00+03:00,0.0134348035106825
2026-06-16 14:30:00+03:00,0.0134348035106825
2026-06-16 14:35:00+03:00,0.0134348035106825
2026-06-16 14:40:00+03:00,0.0134348035106825
2026-06-16 14:45:00+03:00,0.0134348035106825
2026-06-16 14:50:00+03:00,0.0134348035106825
2026-06-16 14:55:00+03:00,0.0134348035106825
2026-06-16 15:00:00+03:00,0.0134348035106825
2026-06-16 15:05:00+03:00,0.0134348035106825
2026-06-16 15:10:00+03:00,0.0134348035106825
2026-06-16 15:15:00+03:00,0.0134348035106825
2026-06-16 15:20:00+03:00,0.0134348035106825
2026-06-16 15:25:00+03:00,0.0134348035106825
2026-06-16 15:30:00+03:00,0.0134348035106825
2026-06-16 15:35:00+03:00,0.0134348035106825
2026-06-16 15:40:00+03:00,0.0134348035106825
2026-06-16 15:45:00+03:00,0.0134348035106825
2026-06-16 15:50:00+03:00,0.0134348035106825
2026-06-16 15:55:00+03:00,0.0134348035106825
2026-06-16 16:00:00+03:00,0.0134348035106825
2026-06-16 16:05:00+03:00,0.0134348035106825
2026-06-16 16:10:00+03:00,0.0134348035106825
2026-06-16 16:15:00+03:00,0.0134348035106825
2026-06-16 16:20:00+03:00,0.0134348035106825
2026-06-16 16:25:00+03:00,0.0134348035106825
2026-06-16 16:30:00+03:00,0.0134348035106825
2026-06-16 16:35:00+03:00,0.0134348035106825
2026-06-16 16:40:00+03:00,0.0134348035106825
2026-06-16 16:45:00+03:00,0.0134348035106825
2026-06-16 16:50:00+03:00,0.0134348035106825
2026-06-16 16:55:00+03:00,0.0134348035106825
2026-06-16 17:00:00+03:00,0.0134348035106825
2026-06-16 17:05:00+03:00,0.0134348035106825
2026-06-16 17:10:00+03:00,0.0134348035106825
2026-06-16 17:15:00+03:00,0.0134348035106825
2026-06-16 17:20:00+03:00,0.0134348035106825
2026-06-16 17:25:00+03:00,0.0134348035106825
2026-06-16 17:30:00+03:00,0.0134348035106825
2026-06-16 17:35:00+03:00,0.0134348035106825
2026-06-16 17:40:00+03:00,0.0134348035106825
2026-06-16 17:45:00+03:00,0.0134348035106825
2026-06-16 17:50:00+03:00,0.0134348035106825
2026-06-16 17:55:00+03:00,0.0134348035106825
2026-06-17 09:55:00+03:00,0.0134348035106825
2026-06-17 10:00:00+03:00,0.0134348035106825
2026-06-17 10:05:00+03:00,0.0134348035106825
2026-06-17 10:10:00+03:00,0.0134348035106825
2026-06-17 10:15:00+03:00,0.0134348035106825
2026-06-17 10:20:00+03:00,0.0134348035106825
2026-06-17 10:25:00+03:00,0.0134348035106825
2026-06-17 10:30:00+03:00,0.0134348035106825
2026-06-17 10:35:00+03:00,0.0134348035106825
2026-06-17 10:40:00+03:00,0.0134348035106825
2026-06-17 10:45:00+03:00,0.0134348035106825
2026-06-17 10:50:00+03:00,0.0134348035106825
2026-06-17 10:55:00+03:00,0.0134348035106825
2026-06-17 11:00:00+03:00,0.0134348035106825
2026-06-17 11:05:00+03:00,0.0134348035106825
2026-06-17 11:10:00+03:00,0.0134348035106825
2026-06-17 11:15:00+03:00,0.0134348035106825
2026-06-17 11:20:00+03:00,0.0134348035106825
2026-06-17 11:25:00+03:00,0.0134348035106825
2026-06-17 11:30:00+03:00,0.0134348035106825
2026-06-17 11:35:00+03:00,0.0134348035106825
2026-06-17 11:40:00+03:00,0.0134348035106825
2026-06-17 11:45:00+03:00,0.0134348035106825
2026-06-17 11:50:00+03:00,0.0134348035106825
2026-06-17 11:55:00+03:00,0.0134348035106825
2026-06-17 12:00:00+03:00,0.0134348035106825
2026-06-17 12:05:00+03:00,0.0134348035106825
2026-06-17 12:10:00+03:00,0.0134348035106825
2026-06-17 12:15:00+03:00,0.0134348035106825
2026-06-17 12:20:00+03:00,0.0134348035106825
2026-06-17 12:25:00+03:00,0.0134348035106825
2026-06-17 12:30:00+03:00,0.0134348035106825
2026-06-17 12:35:00+03:00,0.0134348035106825
2026-06-17 12:40:00+03:00,0.0134348035106825
2026-06-17 12:45:00+03:00,0.0134348035106825
2026-06-17 12:50:00+03:00,0.0134348035106825
2026-06-17 12:55:00+03:00,0.0134348035106825
2026-06-17 13:00:00+03:00,0.0134348035106825
2026-06-17 13:05:00+03:00,0.0134348035106825
2026-06-17 13:10:00+03:00,0.0134348035106825
2026-06-17 13:15:00+03:00,0.0134348035106825
2026-06-17 13:20:00+03:00,0.0134348035106825
2026-06-17 13:25:00+03:00,0.0134348035106825
2026-06-17 13:30:00+03:00,0.0134348035106825
2026-06-17 13:35:00+03:00,0.0134348035106825
2026-06-17 13:40:00+03:00,0.0134348035106825
2026-06-17 13:45:00+03:00,0.0134348035106825
2026-06-17 13:50:00+03:00,0.0134348035106825
2026-06-17 13:55:00+03:00,0.0134348035106825
2026-06-17 14:00:00+03:00,0.0134348035106825
2026-06-17 14:05:00+03:00,0.0134348035106825
2026-06-17 14:10:00+03:00,0.0134348035106825
2026-06-17 14:15:00+03:00,0.0134348035106825
2026-06-17 14:20:00+03:00,0.0134348035106825
2026-06-17 14:25:00+03:00,0.0134348035106825
2026-06-17 14:30:00+03:00,0.0134348035106825
2026-06-17 14:35:00+03:00,0.0134348035106825
2026-06-17 14:40:00+03:00,0.0134348035106825
2026-06-17 14:45:00+03:00,0.0134348035106825
2026-06-17 14:50:00+03:00,0.0134348035106825
2026-06-17 14:55:00+03:00,0.0134348035106825
2026-06-17 15:00:00+03:00,0.0134348035106825
2026-06-17 15:05:00+03:00,0.0134348035106825
2026-06-17 15:10:00+03:00,0.0134348035106825
2026-06-17 15:15:00+03:00,0.0134348035106825
2026-06-17 15:20:00+03:00,0.0134348035106825
2026-06-17 15:25:00+03:00,0.0134348035106825
2026-06-17 15:30:00+03:00,0.0134348035106825
2026-06-17 15:35:00+03:00,0.0134348035106825
2026-06-17 15:40:00+03:00,0.0134348035106825
2026-06-17 15:45:00+03:00,0.0134348035106825
2026-06-17 15:50:00+03:00,0.0134348035106825
2026-06-17 15:55:00+03:00,0.0134348035106825
2026-06-17 16:00:00+03:00,0.0134348035106825
2026-06-17 16:05:00+03:00,0.0134348035106825
2026-06-17 16:10:00+03:00,0.0134348035106825
2026-06-17 16:15:00+03:00,0.0134348035106825
2026-06-17 16:20:00+03:00,0.0134348035106825
2026-06-17 16:25:00+03:00,0.0134348035106825
2026-06-17 16:30:00+03:00,0.0134348035106825
2026-06-17 16:35:00+03:00,0.0134348035106825
2026-06-17 16:40:00+03:00,0.0134348035106825
2026-06-17 16:45:00+03:00,0.0134348035106825
2026-06-17 16:50:00+03:00,0.0134348035106825
2026-06-17 16:55:00+03:00,0.0134348035106825
2026-06-17 17:00:00+03:00,0.0134348035106825
2026-06-17 17:05:00+03:00,0.0134348035106825
2026-06-17 17:10:00+03:00,0.0134348035106825
2026-06-17 17:15:00+03:00,0.0134348035106825
2026-06-17 17:20:00+03:00,0.0134348035106825
2026-06-17 17:25:00+03:00,0.0134348035106825
2026-06-17 17:30:00+03:00,0.0134348035106825
2026-06-17 17:35:00+03:00,0.0134348035106825
2026-06-17 17:40:00+03:00,0.0134348035106825
2026-06-17 17:45:00+03:00,0.0134348035106825
2026-06-17 17:50:00+03:00,0.0134348035106825
2026-06-17 17:55:00+03:00,0.0134348035106825
2026-06-18 09:55:00+03:00,0.0134348035106825
2026-06-18 10:00:00+03:00,0.0134348035106825
2026-06-18 10:05:00+03:00,0.0134348035106825
2026-06-18 10:10:00+03:00,0.0134348035106825
2026-06-18 10:15:00+03:00,0.0134348035106825
2026-06-18 10:20:00+03:00,0.0134348035106825
2026-06-18 10:25:00+03:00,0.0134348035106825
2026-06-18 10:30:00+03:00,0.0134348035106825
2026-06-18 10:35:00+03:00,0.0134348035106825
2026-06-18 10:40:00+03:00,0.0134348035106825
2026-06-18 10:45:00+03:00,0.0134348035106825
2026-06-18 10:50:00+03:00,0.0134348035106825
2026-06-18 10:55:00+03:00,0.0134348035106825
2026-06-18 11:00:00+03:00,0.0134348035106825
2026-06-18 11:05:00+03:00,0.0134348035106825
2026-06-18 11:10:00+03:00,0.0134348035106825
2026-06-18 11:15:00+03:00,0.0134348035106825
2026-06-18 11:20:00+03:00,0.0134348035106825
2026-06-18 11:25:00+03:00,0.0134348035106825
2026-06-18 11:30:00+03:00,0.0134348035106825
2026-06-18 11:35:00+03:00,0.0134348035106825
2026-06-18 11:40:00+03:00,0.0134348035106825
2026-06-18 11:45:00+03:00,0.0134348035106825
2026-06-18 11:50:00+03:00,0.0134348035106825
2026-06-18 11:55:00+03:00,0.0134348035106825
2026-06-18 12:00:00+03:00,0.0134348035106825
2026-06-18 12:05:00+03:00,0.0134348035106825
2026-06-18 12:10:00+03:00,0.0134348035106825
2026-06-18 12:15:00+03:00,0.0134348035106825
2026-06-18 12:20:00+03:00,0.0134348035106825
2026-06-18 12:25:00+03:00,0.0134348035106825
2026-06-18 12:30:00+03:00,0.0134348035106825
2026-06-18 12:35:00+03:00,0.0134348035106825
2026-06-18 12:40:00+03:00,0.0134348035106825
2026-06-18 12:45:00+03:00,0.0134348035106825
2026-06-18 12:50:00+03:00,0.0134348035106825
2026-06-18 12:55:00+03:00,0.0134348035106825
2026-06-18 13:00:00+03:00,0.0134348035106825
2026-06-18 13:05:00+03:00,0.0134348035106825
2026-06-18 13:10:00+03:00,0.0134348035106825
2026-06-18 13:15:00+03:00,0.0134348035106825
2026-06-18 13:20:00+03:00,0.0134348035106825
2026-06-18 13:25:00+03:00,0.0134348035106825
2026-06-18 13:30:00+03:00,0.0134348035106825
2026-06-18 13:35:00+03:00,0.0134348035106825
2026-06-18 13:40:00+03:00,0.0134348035106825
2026-06-18 13:45:00+03:00,0.0134348035106825
2026-06-18 13:50:00+03:00,0.0134348035106825
2026-06-18 13:55:00+03:00,0.0134348035106825
2026-06-18 14:00:00+03:00,0.0134348035106825
2026-06-18 14:05:00+03:00,0.0134348035106825
2026-06-18 14:10:00+03:00,0.0134348035106825
2026-06-18 14:15:00+03:00,0.0134348035106825
2026-06-18 14:20:00+03:00,0.0134348035106825
2026-06-18 14:25:00+03:00,0.0134348035106825
2026-06-18 14:30:00+03:00,0.0134348035106825
2026-06-18 14:35:00+03:00,0.0134348035106825
2026-06-18 14:40:00+03:00,0.0134348035106825
2026-06-18 14:45:00+03:00,0.0134348035106825
2026-06-18 14:50:00+03:00,0.0134348035106825
2026-06-18 14:55:00+03:00,0.0134348035106825
2026-06-18 15:00:00+03:00,0.0134348035106825
2026-06-18 15:05:00+03:00,0.0134348035106825
2026-06-18 15:10:00+03:00,0.0134348035106825
2026-06-18 15:15:00+03:00,0.0134348035106825
2026-06-18 15:20:00+03:00,0.0134348035106825
2026-06-18 15:25:00+03:00,0.0134348035106825
2026-06-18 15:30:00+03:00,0.0134348035106825
2026-06-18 15:35:00+03:00,0.0134348035106825
2026-06-18 15:40:00+03:00,0.0134348035106825
2026-06-18 15:45:00+03:00,0.0134348035106825
2026-06-18 15:50:00+03:00,0.0134348035106825
2026-06-18 15:55:00+03:00,0.0134348035106825
2026-06-18 16:00:00+03:00,0.0134348035106825
2026-06-18 16:05:00+03:00,0.0134348035106825
2026-06-18 16:10:00+03:00,0.0134348035106825
2026-06-18 16:15:00+03:00,0.0134348035106825
2026-06-18 16:20:00+03:00,0.0134348035106825
2026-06-18 16:25:00+03:00,0.0134348035106825
2026-06-18 16:30:00+03:00,0.0134348035106825
2026-06-18 16:35:00+03:00,0.0134348035106825
2026-06-18 16:40:00+03:00,0.0134348035106825
2026-06-18 16:45:00+03:00,0.0134348035106825
2026-06-18 16:50:00+03:00,0.0134348035106825
2026-06-18 16:55:00+03:00,0.0134348035106825
2026-06-18 17:00:00+03:00,0.0134348035106825
2026-06-18 17:05:00+03:00,0.0134348035106825
2026-06-18 17:10:00+03:00,0.0134348035106825
2026-06-18 17:15:00+03:00,0.0134348035106825
2026-06-18 17:20:00+03:00,0.0134348035106825
2026-06-18 17:25:00+03:00,0.0134348035106825
2026-06-18 17:30:00+03:00,0.0134348035106825
2026-06-18 17:35:00+03:00,0.0134348035106825
2026-06-18 17:40:00+03:00,0.0134348035106825
2026-06-18 17:45:00+03:00,0.0134348035106825
2026-06-18 17:50:00+03:00,0.0134348035106825
2026-06-18 17:55:00+03:00,0.0134348035106825
2026-06-19 09:55:00+03:00,0.0134348035106825
2026-06-19 10:00:00+03:00,0.0134348035106825
2026-06-19 10:05:00+03:00,0.0134348035106825
2026-06-19 10:10:00+03:00,0.0134348035106825
2026-06-19 10:15:00+03:00,0.0134348035106825
2026-06-19 10:20:00+03:00,0.0134348035106825
2026-06-19 10:25:00+03:00,0.0134348035106825
2026-06-19 10:30:00+03:00,0.0134348035106825
2026-06-19 10:35:00+03:00,0.0134348035106825
2026-06-19 10:40:00+03:00,0.0134348035106825
2026-06-19 10:45:00+03:00,0.0134348035106825
2026-06-19 10:50:00+03:00,0.0134348035106825
2026-06-19 10:55:00+03:00,0.0134348035106825
2026-06-19 11:00:00+03:00,0.0134348035106825
2026-06-19 11:05:00+03:00,0.0134348035106825
2026-06-19 11:10:00+03:00,0.0134348035106825
2026-06-19 11:15:00+03:00,0.0134348035106825
2026-06-19 11:20:00+03:00,0.0134348035106825
2026-06-19 11:25:00+03:00,0.0134348035106825
2026-06-19 11:30:00+03:00,0.0134348035106825
2026-06-19 11:35:00+03:00,0.0134348035106825
2026-06-19 11:40:00+03:00,0.0134348035106825
2026-06-19 11:45:00+03:00,0.0134348035106825
2026-06-19 11:50:00+03:00,0.0134348035106825
2026-06-19 11:55:00+03:00,0.0134348035106825
2026-06-19 12:00:00+03:00,0.0134348035106825
2026-06-19 12:05:00+03:00,0.0134348035106825
2026-06-19 12:10:00+03:00,0.0134348035106825
2026-06-19 12:15:00+03:00,0.0134348035106825
2026-06-19 12:20:00+03:00,0.0134348035106825
2026-06-19 12:25:00+03:00,0.0134348035106825
2026-06-19 12:30:00+03:00,0.0134348035106825
2026-06-19 12:35:00+03:00,0.0134348035106825
2026-06-19 12:40:00+03:00,0.0134348035106825
2026-06-19 12:45:00+03:00,0.0134348035106825
2026-06-19 12:50:00+03:00,0.0134348035106825
2026-06-19 12:55:00+03:00,0.0134348035106825
2026-06-19 13:00:00+03:00,0.0134348035106825
2026-06-19 13:05:00+03:00,0.0134348035106825
2026-06-19 13:10:00+03:00,0.0134348035106825
2026-06-19 13:15:00+03:00,0.0134348035106825
2026-06-19 13:20:00+03:00,0.0134348035106825
2026-06-19 13:25:00+03:00,0.0134348035106825
2026-06-19 13:30:00+03:00,0.0134348035106825
2026-06-19 13:35:00+03:00,0.0134348035106825
2026-06-19 13:40:00+03:00,0.0134348035106825
2026-06-19 13:45:00+03:00,0.0134348035106825
2026-06-19 13:50:00+03:00,0.0134348035106825
2026-06-19 13:55:00+03:00,0.0134348035106825
2026-06-19 14:00:00+03:00,0.0134348035106825
2026-06-19 14:05:00+03:00,0.0134348035106825
2026-06-19 14:10:00+03:00,0.0134348035106825
2026-06-19 14:15:00+03:00,0.0134348035106825
2026-06-19 14:20:00+03:00,0.0134348035106825
2026-06-19 14:25:00+03:00,0.0134348035106825
2026-06-19 14:30:00+03:00,0.0134348035106825
2026-06-19 14:35:00+03:00,0.0134348035106825
2026-06-19 14:40:00+03:00,0.0134348035106825
2026-06-19 14:45:00+03:00,0.0134348035106825
2026-06-19 14:50:00+03:00,0.0134348035106825
2026-06-19 14:55:00+03:00,0.0134348035106825
2026-06-19 15:00:00+03:00,0.0134348035106825
2026-06-19 15:05:00+03:00,0.0134348035106825
2026-06-19 15:10:00+03:00,0.0134348035106825
2026-06-19 15:15:00+03:00,0.0134348035106825
2026-06-19 15:20:00+03:00,0.0134348035106825
2026-06-19 15:25:00+03:00,0.0134348035106825
2026-06-19 15:30:00+03:00,0.0134348035106825
2026-06-19 15:35:00+03:00,0.0134348035106825
2026-06-19 15:40:00+03:00,0.0134348035106825
2026-06-19 15:45:00+03:00,0.0134348035106825
2026-06-19 15:50:00+03:00,0.0134348035106825
2026-06-19 15:55:00+03:00,0.0134348035106825
2026-06-19 16:00:00+03:00,0.0134348035106825
2026-06-19 16:05:00+03:00,0.0134348035106825
2026-06-19 16:10:00+03:00,0.0134348035106825
2026-06-19 16:15:00+03:00,0.0134348035106825
2026-06-19 16:20:00+03:00,0.0134348035106825
2026-06-19 16:25:00+03:00,0.0134348035106825
2026-06-19 16:30:00+03:00,0.0134348035106825
2026-06-19 16:35:00+03:00,0.0134348035106825
2026-06-19 16:40:00+03:00,0.0134348035106825
2026-06-19 16:45:00+03:00,0.0134348035106825
2026-06-19 16:50:00+03:00,0.0134348035106825
2026-06-19 16:55:00+03:00,0.0134348035106825
2026-06-19 17:00:00+03:00,0.0134348035106825
2026-06-19 17:05:00+03:00,0.0134348035106825
2026-06-19 17:10:00+03:00,0.0134348035106825
2026-06-19 17:15:00+03:00,0.0134348035106825
2026-06-19 17:20:00+03:00,0.0134348035106825
2026-06-19 17:25:00+03:00,0.0134348035106825
2026-06-19 17:30:00+03:00,0.0134348035106825
2026-06-19 17:35:00+03:00,0.0134348035106825
2026-06-19 17:40:00+03:00,0.0134348035106825
2026-06-19 17:45:00+03:00,0.0134348035106825
2026-06-19 17:50:00+03:00,0.0134348035106825
2026-06-19 17:55:00+03:00,0.0134348035106825
2026-06-22 09:55:00+03:00,0.0134348035106825
2026-06-22 10:00:00+03:00,0.0134348035106825
2026-06-22 10:05:00+03:00,0.0134348035106825
2026-06-22 10:10:00+03:00,0.0134348035106825
2026-06-22 10:15:00+03:00,0.0134348035106825
2026-06-22 10:20:00+03:00,0.0134348035106825
2026-06-22 10:25:00+03:00,0.0134348035106825
2026-06-22 10:30:00+03:00,0.0134348035106825
2026-06-22 10:35:00+03:00,0.0134348035106825
2026-06-22 10:40:00+03:00,0.0134348035106825
2026-06-22 10:45:00+03:00,0.0134348035106825
2026-06-22 10:50:00+03:00,0.0134348035106825
2026-06-22 10:55:00+03:00,0.0134348035106825
2026-06-22 11:00:00+03:00,0.9830980588029897
2026-06-22 11:05:00+03:00,0.9827010067800267
2026-06-22 11:10:00+03:00,0.982821776891996
2026-06-22 11:15:00+03:00,0.9838269883932821
2026-06-22 11:20:00+03:00,0.9842681416010105
2026-06-22 11:25:00+03:00,0.9838502512511627
2026-06-22 11:30:00+03:00,0.978524608784682
2026-06-22 11:35:00+03:00,0.07604887033818523
2026-06-22 11:40:00+03:00,0.9783666765520447
2026-06-22 11:45:00+03:00,0.0134348035106825
2026-06-22 11:50:00+03:00,0.0134348035106825
2026-06-22 11:55:00+03:00,0.0134348035106825
2026-06-22 12:00:00+03:00,0.0134348035106825
2026-06-22 12:05:00+03:00,0.0134348035106825
2026-06-22 12:10:00+03:00,0.0134348035106825
2026-06-22 12:15:00+03:00,0.0134348035106825
2026-06-22 12:20:00+03:00,0.0134348035106825
2026-06-22 12:25:00+03:00,0.0134348035106825
2026-06-22 12:30:00+03:00,0.0134348035106825
2026-06-22 12:35:00+03:00,0.0134348035106825
2026-06-22 12:40:00+03:00,0.0134348035106825
2026-06-22 12:45:00+03:00,0.0134348035106825
2026-06-22 12:50:00+03:00,0.015103844260795387
2026-06-22 12:55:00+03:00,0.011681534843637549
2026-06-22 13:00:00+03:00,0.011681534843637549
2026-06-22 13:05:00+03:00,0.02444948828393495
2026-06-22 13:10:00+03:00,0.20726526199132939
2026-06-22 13:15:00+03:00,0.20726526199132939
2026-06-22 13:20:00+03:00,0.22673197424443847
2026-06-22 13:25:00+03:00,0.9825258735432908
2026-06-22 13:30:00+03:00,0.9815138225713343
2026-06-22 13:35:00+03:00,0.9815138225713343
2026-06-22 13:40:00+03:00,0.07317712948838934
2026-06-22 13:45:00+03:00,0.023879615489622127
2026-06-22 13:50:00+03:00,0.7671411868560318
2026-06-22 13:55:00+03:00,0.7805270046517365
2026-06-22 14:00:00+03:00,0.0134348035106825
2026-06-22 14:05:00+03:00,0.0134348035106825
2026-06-22 14:10:00+03:00,0.004198630459807167
2026-06-22 14:15:00+03:00,0.03523602437178752
2026-06-22 14:20:00+03:00,0.03523602437178752
2026-06-22 14:25:00+03:00,0.0134348035106825
2026-06-22 14:30:00+03:00,0.005702624842000483
2026-06-22 14:35:00+03:00,0.0134348035106825
2026-06-22 14:40:00+03:00,0.0134348035106825
2026-06-22 14:45:00+03:00,0.0134348035106825
2026-06-22 14:50:00+03:00,0.0134348035106825
2026-06-22 14:55:00+03:00,0.0134348035106825
2026-06-22 15:00:00+03:00,0.0134348035106825
2026-06-22 15:05:00+03:00,0.0134348035106825
2026-06-22 15:10:00+03:00,0.0134348035106825
2026-06-22 15:15:00+03:00,0.0134348035106825
2026-06-22 15:20:00+03:00,0.0134348035106825
2026-06-22 15:25:00+03:00,0.0134348035106825
2026-06-22 15:30:00+03:00,0.0134348035106825
2026-06-22 15:35:00+03:00,0.0134348035106825
2026-06-22 15:40:00+03:00,0.0134348035106825
2026-06-22 15:45:00+03:00,0.0134348035106825
2026-06-22 15:50:00+03:00,0.0134348035106825
2026-06-22 15:55:00+03:00,0.0134348035106825
2026-06-22 16:00:00+03:00,0.0134348035106825
2026-06-22 16:05:00+03:00,0.0134348035106825
2026-06-22 16:10:00+03:00,0.0134348035106825
2026-06-22 16:15:00+03:00,0.0134348035106825
2026-06-22 16:20:00+03:00,0.0134348035106825
2026-06-22 16:25:00+03:00,0.0134348035106825
2026-06-22 16:30:00+03:00,0.0134348035106825
2026-06-22 16:35:00+03:00,0.0134348035106825
2026-06-22 16:40:00+03:00,0.0134348035106825
2026-06-22 16:45:00+03:00,0.0134348035106825
2026-06-22 16:50:00+03:00,0.0134348035106825
2026-06-22 16:55:00+03:00,0.0134348035106825
2026-06-22 17:00:00+03:00,0.0134348035106825
2026-06-22 17:05:00+03:00,0.0134348035106825
2026-06-22 17:10:00+03:00,0.0134348035106825
2026-06-22 17:15:00+03:00,0.0134348035106825
2026-06-22 17:20:00+03:00,0.0134348035106825
2026-06-22 17:25:00+03:00,0.0134348035106825
2026-06-22 17:30:00+03:00,0.0134348035106825
2026-06-22 17:35:00+03:00,0.0134348035106825
2026-06-22 17:40:00+03:00,0.0134348035106825
2026-06-22 17:45:00+03:00,0.0134348035106825
2026-06-22 17:50:00+03:00,0.0134348035106825
2026-06-22 17:55:00+03:00,0.0134348035106825
2026-06-23 09:55:00+03:00,0.0134348035106825
2026-06-23 10:00:00+03:00,0.0134348035106825
2026-06-23 10:05:00+03:00,0.0134348035106825
2026-06-23 10:10:00+03:00,0.0134348035106825
2026-06-23 10:15:00+03:00,0.0134348035106825
2026-06-23 10:20:00+03:00,0.0134348035106825
2026-06-23 10:25:00+03:00,0.0134348035106825
2026-06-23 10:30:00+03:00,0.0134348035106825
2026-06-23 10:35:00+03:00,0.0134348035106825
2026-06-23 10:40:00+03:00,0.0134348035106825
2026-06-23 10:45:00+03:00,0.0134348035106825
2026-06-23 10:50:00+03:00,0.0134348035106825
2026-06-23 10:55:00+03:00,0.0134348035106825
2026-06-23 11:00:00+03:00,0.0134348035106825
2026-06-23 11:05:00+03:00,0.0134348035106825
2026-06-23 11:10:00+03:00,0.0134348035106825
2026-06-23 11:15:00+03:00,0.0134348035106825
2026-06-23 11:20:00+03:00,0.0134348035106825
2026-06-23 11:25:00+03:00,0.0134348035106825
2026-06-23 11:30:00+03:00,0.0134348035106825
2026-06-23 11:35:00+03:00,0.0134348035106825
2026-06-23 11:40:00+03:00,0.0134348035106825
2026-06-23 11:45:00+03:00,0.0134348035106825
2026-06-23 11:50:00+03:00,0.0134348035106825
2026-06-23 11:55:00+03:00,0.0134348035106825
2026-06-23 12:00:00+03:00,0.0134348035106825
2026-06-23 12:05:00+03:00,0.0134348035106825
2026-06-23 12:10:00+03:00,0.0134348035106825
2026-06-23 12:15:00+03:00,0.0134348035106825
2026-06-23 12:20:00+03:00,0.0134348035106825
2026-06-23 12:25:00+03:00,0.0134348035106825
2026-06-23 12:30:00+03:00,0.0134348035106825
2026-06-23 12:35:00+03:00,0.0134348035106825
2026-06-23 12:40:00+03:00,0.0134348035106825
2026-06-23 12:45:00+03:00,0.0134348035106825
2026-06-23 12:50:00+03:00,0.0134348035106825
2026-06-23 12:55:00+03:00,0.0134348035106825
2026-06-23 13:00:00+03:00,0.0134348035106825
2026-06-23 13:05:00+03:00,0.0134348035106825
2026-06-23 13:10:00+03:00,0.0134348035106825
2026-06-23 13:15:00+03:00,0.0134348035106825
2026-06-23 13:20:00+03:00,0.0134348035106825
2026-06-23 13:25:00+03:00,0.0134348035106825
2026-06-23 13:30:00+03:00,0.0134348035106825
2026-06-23 13:35:00+03:00,0.0134348035106825
2026-06-23 13:40:00+03:00,0.0134348035106825
2026-06-23 13:45:00+03:00,0.0134348035106825
2026-06-23 13:50:00+03:00,0.0134348035106825
2026-06-23 13:55:00+03:00,0.0134348035106825
2026-06-23 14:00:00+03:00,0.0134348035106825
2026-06-23 14:05:00+03:00,0.0134348035106825
2026-06-23 14:10:00+03:00,0.0134348035106825
2026-06-23 14:15:00+03:00,0.0134348035106825
2026-06-23 14:20:00+03:00,0.0134348035106825
2026-06-23 14:25:00+03:00,0.0134348035106825
2026-06-23 14:30:00+03:00,0.0134348035106825
2026-06-23 14:35:00+03:00,0.0134348035106825
2026-06-23 14:40:00+03:00,0.0134348035106825
2026-06-23 14:45:00+03:00,0.0134348035106825
2026-06-23 14:50:00+03:00,0.0134348035106825
2026-06-23 14:55:00+03:00,0.0134348035106825
2026-06-23 15:00:00+03:00,0.0134348035106825
2026-06-23 15:05:00+03:00,0.0134348035106825
2026-06-23 15:10:00+03:00,0.0134348035106825
2026-06-23 15:15:00+03:00,0.0134348035106825
2026-06-23 15:20:00+03:00,0.0134348035106825
2026-06-23 15:25:00+03:00,0.0134348035106825
2026-06-23 15:30:00+03:00,0.0134348035106825
2026-06-23 15:35:00+03:00,0.0134348035106825
2026-06-23 15:40:00+03:00,0.0134348035106825
2026-06-23 15:45:00+03:00,0.0134348035106825
2026-06-23 15:50:00+03:00,0.0134348035106825
2026-06-23 15:55:00+03:00,0.0134348035106825
2026-06-23 16:00:00+03:00,0.0134348035106825
2026-06-23 16:05:00+03:00,0.0134348035106825
2026-06-23 16:10:00+03:00,0.0134348035106825
2026-06-23 16:15:00+03:00,0.0134348035106825
2026-06-23 16:20:00+03:00,0.0134348035106825
2026-06-23 16:25:00+03:00,0.0134348035106825
2026-06-23 16:30:00+03:00,0.0134348035106825
2026-06-23 16:35:00+03:00,0.0134348035106825
2026-06-23 16:40:00+03:00,0.0134348035106825
2026-06-23 16:45:00+03:00,0.0134348035106825
2026-06-23 16:50:00+03:00,0.0134348035106825
2026-06-23 16:55:00+03:00,0.0134348035106825
2026-06-23 17:00:00+03:00,0.0134348035106825
2026-06-23 17:05:00+03:00,0.0134348035106825
2026-06-23 17:10:00+03:00,0.0134348035106825
2026-06-23 17:15:00+03:00,0.0134348035106825
2026-06-23 17:20:00+03:00,0.0134348035106825
2026-06-23 17:25:00+03:00,0.0134348035106825
2026-06-23 17:30:00+03:00,0.0134348035106825
2026-06-23 17:35:00+03:00,0.0134348035106825
2026-06-23 17:40:00+03:00,0.0134348035106825
2026-06-23 17:45:00+03:00,0.0134348035106825
2026-06-23 17:50:00+03:00,0.0134348035106825
2026-06-23 17:55:00+03:00,0.0134348035106825
2026-06-24 09:55:00+03:00,0.0134348035106825
2026-06-24 10:00:00+03:00,0.0134348035106825
2026-06-24 10:05:00+03:00,0.0134348035106825
2026-06-24 10:10:00+03:00,0.0134348035106825
2026-06-24 10:15:00+03:00,0.0134348035106825
2026-06-24 10:20:00+03:00,0.0134348035106825
2026-06-24 10:25:00+03:00,0.0134348035106825
2026-06-24 10:30:00+03:00,0.0134348035106825
2026-06-24 10:35:00+03:00,0.0134348035106825
2026-06-24 10:40:00+03:00,0.0134348035106825
2026-06-24 10:45:00+03:00,0.0134348035106825
2026-06-24 10:50:00+03:00,0.0134348035106825
2026-06-24 10:55:00+03:00,0.0134348035106825
2026-06-24 11:00:00+03:00,0.0134348035106825
2026-06-24 11:05:00+03:00,0.0134348035106825
2026-06-24 11:10:00+03:00,0.0134348035106825
2026-06-24 11:15:00+03:00,0.0134348035106825
2026-06-24 11:20:00+03:00,0.0134348035106825
2026-06-24 11:25:00+03:00,0.0134348035106825
2026-06-24 11:30:00+03:00,0.0134348035106825
2026-06-24 11:35:00+03:00,0.0134348035106825
2026-06-24 11:40:00+03:00,0.0134348035106825
2026-06-24 11:45:00+03:00,0.0134348035106825
2026-06-24 11:50:00+03:00,0.0134348035106825
2026-06-24 11:55:00+03:00,0.0134348035106825
2026-06-24 12:00:00+03:00,0.0134348035106825
2026-06-24 12:05:00+03:00,0.0134348035106825
2026-06-24 12:10:00+03:00,0.0134348035106825
2026-06-24 12:15:00+03:00,0.0134348035106825
2026-06-24 12:20:00+03:00,0.0134348035106825
2026-06-24 12:25:00+03:00,0.0134348035106825
2026-06-24 12:30:00+03:00,0.0134348035106825
2026-06-24 12:35:00+03:00,0.0134348035106825
2026-06-24 12:40:00+03:00,0.0134348035106825
2026-06-24 12:45:00+03:00,0.0134348035106825
2026-06-24 12:50:00+03:00,0.0134348035106825
2026-06-24 12:55:00+03:00,0.0134348035106825
2026-06-24 13:00:00+03:00,0.0134348035106825
2026-06-24 13:05:00+03:00,0.0134348035106825
2026-06-24 13:10:00+03:00,0.0134348035106825
2026-06-24 13:15:00+03:00,0.0134348035106825
2026-06-24 13:20:00+03:00,0.0134348035106825
2026-06-24 13:25:00+03:00,0.0134348035106825
2026-06-24 13:30:00+03:00,0.0134348035106825
2026-06-24 13:35:00+03:00,0.0134348035106825
2026-06-24 13:40:00+03:00,0.0134348035106825
2026-06-24 13:45:00+03:00,0.0134348035106825
2026-06-24 13:50:00+03:00,0.0134348035106825
2026-06-24 13:55:00+03:00,0.0134348035106825
2026-06-24 14:00:00+03:00,0.0134348035106825
2026-06-24 14:05:00+03:00,0.0134348035106825
2026-06-24 14:10:00+03:00,0.0134348035106825
2026-06-24 14:15:00+03:00,0.0134348035106825
2026-06-24 14:20:00+03:00,0.0134348035106825
2026-06-24 14:25:00+03:00,0.0134348035106825
2026-06-24 14:30:00+03:00,0.0134348035106825
2026-06-24 14:35:00+03:00,0.0134348035106825
2026-06-24 14:40:00+03:00,0.0134348035106825
2026-06-24 14:45:00+03:00,0.0134348035106825
2026-06-24 14:50:00+03:00,0.0134348035106825
2026-06-24 14:55:00+03:00,0.0134348035106825
2026-06-24 15:00:00+03:00,0.0134348035106825
2026-06-24 15:05:00+03:00,0.0134348035106825
2026-06-24 15:10:00+03:00,0.0134348035106825
2026-06-24 15:15:00+03:00,0.0134348035106825
2026-06-24 15:20:00+03:00,0.0134348035106825
2026-06-24 15:25:00+03:00,0.0134348035106825
2026-06-24 15:30:00+03:00,0.0134348035106825
2026-06-24 15:35:00+03:00,0.0134348035106825
2026-06-24 15:40:00+03:00,0.0134348035106825
2026-06-24 15:45:00+03:00,0.0134348035106825
2026-06-24 15:50:00+03:00,0.0134348035106825
2026-06-24 15:55:00+03:00,0.0134348035106825
2026-06-24 16:00:00+03:00,0.0134348035106825
2026-06-24 16:05:00+03:00,0.0134348035106825
2026-06-24 16:10:00+03:00,0.0134348035106825
2026-06-24 16:15:00+03:00,0.0134348035106825
2026-06-24 16:20:00+03:00,0.0134348035106825
2026-06-24 16:25:00+03:00,0.0134348035106825
2026-06-24 16:30:00+03:00,0.0134348035106825
2026-06-24 16:35:00+03:00,0.0134348035106825
2026-06-24 16:40:00+03:00,0.0134348035106825
2026-06-24 16:45:00+03:00,0.0134348035106825
2026-06-24 16:50:00+03:00,0.0134348035106825
2026-06-24 16:55:00+03:00,0.0134348035106825
2026-06-24 17:00:00+03:00,0.0134348035106825
2026-06-24 17:05:00+03:00,0.0134348035106825
2026-06-24 17:10:00+03:00,0.0134348035106825
2026-06-24 17:15:00+03:00,0.0134348035106825
2026-06-24 17:20:00+03:00,0.0134348035106825
2026-06-24 17:25:00+03:00,0.0134348035106825
2026-06-24 17:30:00+03:00,0.0134348035106825
2026-06-24 17:35:00+03:00,0.0134348035106825
2026-06-24 17:40:00+03:00,0.0134348035106825
2026-06-24 17:45:00+03:00,0.0134348035106825
2026-06-24 17:50:00+03:00,0.0134348035106825
2026-06-24 17:55:00+03:00,0.0134348035106825
2026-06-25 09:55:00+03:00,0.0134348035106825
2026-06-25 10:00:00+03:00,0.0134348035106825
2026-06-25 10:05:00+03:00,0.0134348035106825
2026-06-25 10:10:00+03:00,0.0134348035106825
2026-06-25 10:15:00+03:00,0.0134348035106825
2026-06-25 10:20:00+03:00,0.0134348035106825
2026-06-25 10:25:00+03:00,0.0134348035106825
2026-06-25 10:30:00+03:00,0.0134348035106825
2026-06-25 10:35:00+03:00,0.0134348035106825
2026-06-25 10:40:00+03:00,0.0134348035106825
2026-06-25 10:45:00+03:00,0.0134348035106825
2026-06-25 10:50:00+03:00,0.0134348035106825
2026-06-25 10:55:00+03:00,0.0134348035106825
2026-06-25 11:00:00+03:00,0.0134348035106825
2026-06-25 11:05:00+03:00,0.0134348035106825
2026-06-25 11:10:00+03:00,0.0134348035106825
2026-06-25 11:15:00+03:00,0.0134348035106825
2026-06-25 11:20:00+03:00,0.0134348035106825
2026-06-25 11:25:00+03:00,0.0134348035106825
2026-06-25 11:30:00+03:00,0.0134348035106825
2026-06-25 11:35:00+03:00,0.0134348035106825
2026-06-25 11:40:00+03:00,0.0134348035106825
2026-06-25 11:45:00+03:00,0.0134348035106825
2026-06-25 11:50:00+03:00,0.0134348035106825
2026-06-25 11:55:00+03:00,0.0134348035106825
2026-06-25 12:00:00+03:00,0.0134348035106825
2026-06-25 12:05:00+03:00,0.0134348035106825
2026-06-25 12:10:00+03:00,0.0134348035106825
2026-06-25 12:15:00+03:00,0.0134348035106825
2026-06-25 12:20:00+03:00,0.0134348035106825
2026-06-25 12:25:00+03:00,0.0134348035106825
2026-06-25 12:30:00+03:00,0.0134348035106825
2026-06-25 12:35:00+03:00,0.0134348035106825
2026-06-25 12:40:00+03:00,0.0134348035106825
2026-06-25 12:45:00+03:00,0.0134348035106825
2026-06-25 12:50:00+03:00,0.0134348035106825
2026-06-25 12:55:00+03:00,0.0134348035106825
2026-06-25 13:00:00+03:00,0.0134348035106825
2026-06-25 13:05:00+03:00,0.0134348035106825
2026-06-25 13:10:00+03:00,0.0134348035106825
2026-06-25 13:15:00+03:00,0.0134348035106825
2026-06-25 13:20:00+03:00,0.0134348035106825
2026-06-25 13:25:00+03:00,0.0134348035106825
2026-06-25 13:30:00+03:00,0.0134348035106825
2026-06-25 13:35:00+03:00,0.0134348035106825
2026-06-25 13:40:00+03:00,0.0134348035106825
2026-06-25 13:45:00+03:00,0.0134348035106825
2026-06-25 13:50:00+03:00,0.0134348035106825
2026-06-25 13:55:00+03:00,0.0134348035106825
2026-06-25 14:00:00+03:00,0.0134348035106825
2026-06-25 14:05:00+03:00,0.0134348035106825
2026-06-25 14:10:00+03:00,0.0134348035106825
2026-06-25 14:15:00+03:00,0.0134348035106825
2026-06-25 14:20:00+03:00,0.0134348035106825
2026-06-25 14:25:00+03:00,0.0134348035106825
2026-06-25 14:30:00+03:00,0.0134348035106825
2026-06-25 14:35:00+03:00,0.0134348035106825
2026-06-25 14:40:00+03:00,0.0134348035106825
2026-06-25 14:45:00+03:00,0.0134348035106825
2026-06-25 14:50:00+03:00,0.0134348035106825
2026-06-25 14:55:00+03:00,0.0134348035106825
2026-06-25 15:00:00+03:00,0.0134348035106825
2026-06-25 15:05:00+03:00,0.0134348035106825
2026-06-25 15:10:00+03:00,0.0134348035106825
2026-06-25 15:15:00+03:00,0.0134348035106825
2026-06-25 15:20:00+03:00,0.0134348035106825
2026-06-25 15:25:00+03:00,0.0134348035106825
2026-06-25 15:30:00+03:00,0.0134348035106825
2026-06-25 15:35:00+03:00,0.0134348035106825
2026-06-25 15:40:00+03:00,0.0134348035106825
2026-06-25 15:45:00+03:00,0.0134348035106825
2026-06-25 15:50:00+03:00,0.0134348035106825
2026-06-25 15:55:00+03:00,0.0134348035106825
2026-06-25 16:00:00+03:00,0.0134348035106825
2026-06-25 16:05:00+03:00,0.0134348035106825
2026-06-25 16:10:00+03:00,0.0134348035106825
2026-06-25 16:15:00+03:00,0.0134348035106825
2026-06-25 16:20:00+03:00,0.0134348035106825
2026-06-25 16:25:00+03:00,0.0134348035106825
2026-06-25 16:30:00+03:00,0.0134348035106825
2026-06-25 16:35:00+03:00,0.0134348035106825
2026-06-25 16:40:00+03:00,0.0134348035106825
2026-06-25 16:45:00+03:00,0.0134348035106825
2026-06-25 16:50:00+03:00,0.0134348035106825
2026-06-25 16:55:00+03:00,0.0134348035106825
2026-06-25 17:00:00+03:00,0.0134348035106825
2026-06-25 17:05:00+03:00,0.0134348035106825
2026-06-25 17:10:00+03:00,0.0134348035106825
2026-06-25 17:15:00+03:00,0.0134348035106825
2026-06-25 17:20:00+03:00,0.0134348035106825
2026-06-25 17:25:00+03:00,0.0134348035106825
2026-06-25 17:30:00+03:00,0.0134348035106825
2026-06-25 17:35:00+03:00,0.0134348035106825
2026-06-25 17:40:00+03:00,0.0134348035106825
2026-06-25 17:45:00+03:00,0.0134348035106825
2026-06-25 17:50:00+03:00,0.0134348035106825
2026-06-25 17:55:00+03:00,0.0134348035106825
2026-06-26 09:55:00+03:00,0.0134348035106825
2026-06-26 10:00:00+03:00,0.0134348035106825
2026-06-26 10:05:00+03:00,0.0134348035106825
2026-06-26 10:10:00+03:00,0.0134348035106825
2026-06-26 10:15:00+03:00,0.0134348035106825
2026-06-26 10:20:00+03:00,0.0134348035106825
2026-06-26 10:25:00+03:00,0.0134348035106825
2026-06-26 10:30:00+03:00,0.0134348035106825
2026-06-26 10:35:00+03:00,0.0134348035106825
2026-06-26 10:40:00+03:00,0.0134348035106825
2026-06-26 10:45:00+03:00,0.0134348035106825
2026-06-26 10:50:00+03:00,0.0134348035106825
2026-06-26 10:55:00+03:00,0.0134348035106825
2026-06-26 11:00:00+03:00,0.0134348035106825
2026-06-26 11:05:00+03:00,0.0134348035106825
2026-06-26 11:10:00+03:00,0.0134348035106825
2026-06-26 11:15:00+03:00,0.0134348035106825
2026-06-26 11:20:00+03:00,0.0134348035106825
2026-06-26 11:25:00+03:00,0.0134348035106825
2026-06-26 11:30:00+03:00,0.0134348035106825
2026-06-26 11:35:00+03:00,0.0134348035106825
2026-06-26 11:40:00+03:00,0.0134348035106825
2026-06-26 11:45:00+03:00,0.0134348035106825
2026-06-26 11:50:00+03:00,0.0134348035106825
2026-06-26 11:55:00+03:00,0.0134348035106825
2026-06-26 12:00:00+03:00,0.0134348035106825
2026-06-26 12:05:00+03:00,0.0134348035106825
2026-06-26 12:10:00+03:00,0.0134348035106825
2026-06-26 12:15:00+03:00,0.0134348035106825
2026-06-26 12:20:00+03:00,0.0134348035106825
2026-06-26 12:25:00+03:00,0.0134348035106825
2026-06-26 12:30:00+03:00,0.0134348035106825
2026-06-26 12:35:00+03:00,0.0134348035106825
2026-06-26 12:40:00+03:00,0.0134348035106825
2026-06-26 12:45:00+03:00,0.0134348035106825
2026-06-26 12:50:00+03:00,0.0134348035106825
2026-06-26 12:55:00+03:00,0.0134348035106825
2026-06-26 13:00:00+03:00,0.0134348035106825
2026-06-26 13:05:00+03:00,0.0134348035106825
2026-06-26 13:10:00+03:00,0.0134348035106825
2026-06-26 13:15:00+03:00,0.0134348035106825
2026-06-26 13:20:00+03:00,0.0134348035106825
2026-06-26 13:25:00+03:00,0.0134348035106825
2026-06-26 13:30:00+03:00,0.0134348035106825
2026-06-26 13:35:00+03:00,0.0134348035106825
2026-06-26 13:40:00+03:00,0.0134348035106825
2026-06-26 13:45:00+03:00,0.0134348035106825
2026-06-26 13:50:00+03:00,0.0134348035106825
2026-06-26 13:55:00+03:00,0.0134348035106825
2026-06-26 14:00:00+03:00,0.0134348035106825
2026-06-26 14:05:00+03:00,0.0134348035106825
2026-06-26 14:10:00+03:00,0.0134348035106825
2026-06-26 14:15:00+03:00,0.0134348035106825
2026-06-26 14:20:00+03:00,0.0134348035106825
2026-06-26 14:25:00+03:00,0.0134348035106825
2026-06-26 14:30:00+03:00,0.0134348035106825
2026-06-26 14:35:00+03:00,0.0134348035106825
2026-06-26 14:40:00+03:00,0.0134348035106825
2026-06-26 14:45:00+03:00,0.0134348035106825
2026-06-26 14:50:00+03:00,0.0134348035106825
2026-06-26 14:55:00+03:00,0.0134348035106825
2026-06-26 15:00:00+03:00,0.0134348035106825
2026-06-26 15:05:00+03:00,0.0134348035106825
2026-06-26 15:10:00+03:00,0.0134348035106825
2026-06-26 15:15:00+03:00,0.0134348035106825
2026-06-26 15:20:00+03:00,0.0134348035106825
2026-06-26 15:25:00+03:00,0.0134348035106825
2026-06-26 15:30:00+03:00,0.0134348035106825
2026-06-26 15:35:00+03:00,0.0134348035106825
2026-06-26 15:40:00+03:00,0.0134348035106825
2026-06-26 15:45:00+03:00,0.0134348035106825
2026-06-26 15:50:00+03:00,0.0134348035106825
2026-06-26 15:55:00+03:00,0.0134348035106825
2026-06-26 16:00:00+03:00,0.0134348035106825
2026-06-26 16:05:00+03:00,0.0134348035106825
2026-06-26 16:10:00+03:00,0.0134348035106825
2026-06-26 16:15:00+03:00,0.0134348035106825
2026-06-26 16:20:00+03:00,0.0134348035106825
2026-06-26 16:25:00+03:00,0.0134348035106825
2026-06-26 16:30:00+03:00,0.0134348035106825
2026-06-26 16:35:00+03:00,0.0134348035106825
2026-06-26 16:40:00+03:00,0.0134348035106825
2026-06-26 16:45:00+03:00,0.0134348035106825
2026-06-26 16:50:00+03:00,0.0134348035106825
2026-06-26 16:55:00+03:00,0.0134348035106825
2026-06-26 17:00:00+03:00,0.0134348035106825
2026-06-26 17:05:00+03:00,0.0134348035106825
2026-06-26 17:10:00+03:00,0.0134348035106825
2026-06-26 17:15:00+03:00,0.0134348035106825
2026-06-26 17:20:00+03:00,0.0134348035106825
2026-06-26 17:25:00+03:00,0.0134348035106825
2026-06-26 17:30:00+03:00,0.0134348035106825
2026-06-26 17:35:00+03:00,0.0134348035106825
2026-06-26 17:40:00+03:00,0.0134348035106825
2026-06-26 17:45:00+03:00,0.0134348035106825
2026-06-26 17:50:00+03:00,0.0134348035106825
2026-06-26 17:55:00+03:00,0.0134348035106825
2026-06-29 09:55:00+03:00,0.0134348035106825
2026-06-29 10:00:00+03:00,0.0134348035106825
2026-06-29 10:05:00+03:00,0.0134348035106825
2026-06-29 10:10:00+03:00,0.0134348035106825
2026-06-29 10:15:00+03:00,0.0134348035106825
2026-06-29 10:20:00+03:00,0.0134348035106825
2026-06-29 10:25:00+03:00,0.0134348035106825
2026-06-29 10:30:00+03:00,0.0134348035106825
2026-06-29 10:35:00+03:00,0.0134348035106825
2026-06-29 10:40:00+03:00,0.0134348035106825
2026-06-29 10:45:00+03:00,0.0134348035106825
2026-06-29 10:50:00+03:00,0.0134348035106825
2026-06-29 10:55:00+03:00,0.0134348035106825
2026-06-29 11:00:00+03:00,0.0134348035106825
2026-06-29 11:05:00+03:00,0.0134348035106825
2026-06-29 11:10:00+03:00,0.0134348035106825
2026-06-29 11:15:00+03:00,0.0134348035106825
2026-06-29 11:20:00+03:00,0.0134348035106825
2026-06-29 11:25:00+03:00,0.0134348035106825
2026-06-29 11:30:00+03:00,0.0134348035106825
2026-06-29 11:35:00+03:00,0.0134348035106825
2026-06-29 11:40:00+03:00,0.9564030045571783
2026-06-29 11:45:00+03:00,0.8336075125355534
2026-06-29 11:50:00+03:00,0.0134348035106825
2026-06-29 11:55:00+03:00,0.0134348035106825
2026-06-29 12:00:00+03:00,0.0134348035106825
2026-06-29 12:05:00+03:00,0.0134348035106825
2026-06-29 12:10:00+03:00,0.0134348035106825
2026-06-29 12:15:00+03:00,0.0134348035106825
2026-06-29 12:20:00+03:00,0.0134348035106825
2026-06-29 12:25:00+03:00,0.0134348035106825
2026-06-29 12:30:00+03:00,0.0134348035106825
2026-06-29 12:35:00+03:00,0.0134348035106825
2026-06-29 12:40:00+03:00,0.0134348035106825
2026-06-29 12:45:00+03:00,0.0134348035106825
2026-06-29 12:50:00+03:00,0.0134348035106825
2026-06-29 12:55:00+03:00,0.0134348035106825
2026-06-29 13:00:00+03:00,0.0134348035106825
2026-06-29 13:05:00+03:00,0.0134348035106825
2026-06-29 13:10:00+03:00,0.0134348035106825
2026-06-29 13:15:00+03:00,0.0134348035106825
2026-06-29 13:20:00+03:00,0.0134348035106825
2026-06-29 13:25:00+03:00,0.0134348035106825
2026-06-29 13:30:00+03:00,0.0134348035106825
2026-06-29 13:35:00+03:00,0.0134348035106825
2026-06-29 13:40:00+03:00,0.0134348035106825
2026-06-29 13:45:00+03:00,0.0134348035106825
2026-06-29 13:50:00+03:00,0.0134348035106825
2026-06-29 13:55:00+03:00,0.0134348035106825
2026-06-29 14:00:00+03:00,0.0134348035106825
2026-06-29 14:05:00+03:00,0.0134348035106825
2026-06-29 14:10:00+03:00,0.0134348035106825
2026-06-29 14:15:00+03:00,0.0134348035106825
2026-06-29 14:20:00+03:00,0.0134348035106825
2026-06-29 14:25:00+03:00,0.0134348035106825
2026-06-29 14:30:00+03:00,0.0134348035106825
2026-06-29 14:35:00+03:00,0.0134348035106825
2026-06-29 14:40:00+03:00,0.0134348035106825
2026-06-29 14:45:00+03:00,0.0134348035106825
2026-06-29 14:50:00+03:00,0.0134348035106825
2026-06-29 14:55:00+03:00,0.0134348035106825
2026-06-29 15:00:00+03:00,0.0134348035106825
2026-06-29 15:05:00+03:00,0.0134348035106825
2026-06-29 15:10:00+03:00,0.0134348035106825
2026-06-29 15:15:00+03:00,0.0134348035106825
2026-06-29 15:20:00+03:00,0.0134348035106825
2026-06-29 15:25:00+03:00,0.0134348035106825
2026-06-29 15:30:00+03:00,0.0134348035106825
2026-06-29 15:35:00+03:00,0.0134348035106825
2026-06-29 15:40:00+03:00,0.0134348035106825
2026-06-29 15:45:00+03:00,0.0134348035106825
2026-06-29 15:50:00+03:00,0.0134348035106825
2026-06-29 15:55:00+03:00,0.0134348035106825
2026-06-29 16:00:00+03:00,0.0134348035106825
2026-06-29 16:05:00+03:00,0.0134348035106825
2026-06-29 16:10:00+03:00,0.0134348035106825
2026-06-29 16:15:00+03:00,0.0134348035106825
2026-06-29 16:20:00+03:00,0.0134348035106825
2026-06-29 16:25:00+03:00,0.0134348035106825
2026-06-29 16:30:00+03:00,0.0134348035106825
2026-06-29 16:35:00+03:00,0.0134348035106825
2026-06-29 16:40:00+03:00,0.0134348035106825
2026-06-29 16:45:00+03:00,0.0134348035106825
2026-06-29 16:50:00+03:00,0.0134348035106825
2026-06-29 16:55:00+03:00,0.0134348035106825
2026-06-29 17:00:00+03:00,0.0134348035106825
2026-06-29 17:05:00+03:00,0.0134348035106825
2026-06-29 17:10:00+03:00,0.0134348035106825
2026-06-29 17:15:00+03:00,0.0134348035106825
2026-06-29 17:20:00+03:00,0.0134348035106825
2026-06-29 17:25:00+03:00,0.0134348035106825
2026-06-29 17:30:00+03:00,0.0134348035106825
2026-06-29 17:35:00+03:00,0.0134348035106825
2026-06-29 17:40:00+03:00,0.0134348035106825
2026-06-29 17:45:00+03:00,0.0134348035106825
2026-06-29 17:50:00+03:00,0.0134348035106825
2026-06-29 17:55:00+03:00,0.0134348035106825
2026-06-30 09:55:00+03:00,0.0134348035106825
2026-06-30 10:00:00+03:00,0.0134348035106825
2026-06-30 10:05:00+03:00,0.0134348035106825
2026-06-30 10:10:00+03:00,0.0134348035106825
2026-06-30 10:15:00+03:00,0.0134348035106825
2026-06-30 10:20:00+03:00,0.0134348035106825
2026-06-30 10:25:00+03:00,0.0134348035106825
2026-06-30 10:30:00+03:00,0.0134348035106825
2026-06-30 10:35:00+03:00,0.0134348035106825
2026-06-30 10:40:00+03:00,0.0134348035106825
2026-06-30 10:45:00+03:00,0.0134348035106825
2026-06-30 10:50:00+03:00,0.0134348035106825
2026-06-30 10:55:00+03:00,0.0134348035106825
2026-06-30 11:00:00+03:00,0.0134348035106825
2026-06-30 11:05:00+03:00,0.0134348035106825
2026-06-30 11:10:00+03:00,0.0134348035106825
2026-06-30 11:15:00+03:00,0.0134348035106825
2026-06-30 11:20:00+03:00,0.0134348035106825
2026-06-30 11:25:00+03:00,0.0134348035106825
2026-06-30 11:30:00+03:00,0.0134348035106825
2026-06-30 11:35:00+03:00,0.0134348035106825
2026-06-30 11:40:00+03:00,0.0134348035106825
2026-06-30 11:45:00+03:00,0.0134348035106825
2026-06-30 11:50:00+03:00,0.0134348035106825
2026-06-30 11:55:00+03:00,0.0134348035106825
2026-06-30 12:00:00+03:00,0.0134348035106825
2026-06-30 12:05:00+03:00,0.0134348035106825
2026-06-30 12:10:00+03:00,0.0134348035106825
2026-06-30 12:15:00+03:00,0.0134348035106825
2026-06-30 12:20:00+03:00,0.0134348035106825
2026-06-30 12:25:00+03:00,0.0134348035106825
2026-06-30 12:30:00+03:00,0.0134348035106825
2026-06-30 12:35:00+03:00,0.0134348035106825
2026-06-30 12:40:00+03:00,0.0134348035106825
2026-06-30 12:45:00+03:00,0.0134348035106825
2026-06-30 12:50:00+03:00,0.0134348035106825
2026-06-30 12:55:00+03:00,0.0134348035106825
2026-06-30 13:00:00+03:00,0.0134348035106825
2026-06-30 13:05:00+03:00,0.0134348035106825
2026-06-30 13:10:00+03:00,0.0134348035106825
2026-06-30 13:15:00+03:00,0.0134348035106825
2026-06-30 13:20:00+03:00,0.0134348035106825
2026-06-30 13:25:00+03:00,0.0134348035106825
2026-06-30 13:30:00+03:00,0.0134348035106825
2026-06-30 13:35:00+03:00,0.0134348035106825
2026-06-30 13:40:00+03:00,0.0134348035106825
2026-06-30 13:45:00+03:00,0.0134348035106825
2026-06-30 13:50:00+03:00,0.0134348035106825
2026-06-30 13:55:00+03:00,0.0134348035106825
2026-06-30 14:00:00+03:00,0.0134348035106825
2026-06-30 14:05:00+03:00,0.0134348035106825
2026-06-30 14:10:00+03:00,0.0134348035106825
2026-06-30 14:15:00+03:00,0.0134348035106825
2026-06-30 14:20:00+03:00,0.0134348035106825
2026-06-30 14:25:00+03:00,0.0134348035106825
2026-06-30 14:30:00+03:00,0.0134348035106825
2026-06-30 14:35:00+03:00,0.0134348035106825
2026-06-30 14:40:00+03:00,0.0134348035106825
2026-06-30 14:45:00+03:00,0.0134348035106825
2026-06-30 14:50:00+03:00,0.0134348035106825
2026-06-30 14:55:00+03:00,0.0134348035106825
2026-06-30 15:00:00+03:00,0.0134348035106825
2026-06-30 15:05:00+03:00,0.0134348035106825
2026-06-30 15:10:00+03:00,0.0134348035106825
2026-06-30 15:15:00+03:00,0.0134348035106825
2026-06-30 15:20:00+03:00,0.0134348035106825
2026-06-30 15:25:00+03:00,0.0134348035106825
2026-06-30 15:30:00+03:00,0.0134348035106825
2026-06-30 15:35:00+03:00,0.0134348035106825
2026-06-30 15:40:00+03:00,0.0134348035106825
2026-06-30 15:45:00+03:00,0.0134348035106825
2026-06-30 15:50:00+03:00,0.0134348035106825
2026-06-30 15:55:00+03:00,0.0134348035106825
2026-06-30 16:00:00+03:00,0.0134348035106825
2026-06-30 16:05:00+03:00,0.0134348035106825
2026-06-30 16:10:00+03:00,0.0134348035106825
2026-06-30 16:15:00+03:00,0.0134348035106825
2026-06-30 16:20:00+03:00,0.0134348035106825
2026-06-30 16:25:00+03:00,0.0134348035106825
2026-06-30 16:30:00+03:00,0.0134348035106825
2026-06-30 16:35:00+03:00,0.0134348035106825
2026-06-30 16:40:00+03:00,0.0134348035106825
2026-06-30 16:45:00+03:00,0.0134348035106825
2026-06-30 16:50:00+03:00,0.0134348035106825
2026-06-30 16:55:00+03:00,0.0134348035106825
2026-06-30 17:00:00+03:00,0.0134348035106825
2026-06-30 17:05:00+03:00,0.0134348035106825
2026-06-30 17:10:00+03:00,0.0134348035106825
2026-06-30 17:15:00+03:00,0.0134348035106825
2026-06-30 17:20:00+03:00,0.0134348035106825
2026-06-30 17:25:00+03:00,0.0134348035106825
2026-06-30 17:30:00+03:00,0.0134348035106825
2026-06-30 17:35:00+03:00,0.0134348035106825
2026-06-30 17:40:00+03:00,0.0134348035106825
2026-06-30 17:45:00+03:00,0.0134348035106825
2026-06-30 17:50:00+03:00,0.0134348035106825
2026-06-30 17:55:00+03:00,0.0134348035106825
2026-07-01 09:55:00+03:00,0.0134348035106825
2026-07-01 10:00:00+03:00,0.0134348035106825
2026-07-01 10:05:00+03:00,0.0134348035106825
2026-07-01 10:10:00+03:00,0.0134348035106825
2026-07-01 10:15:00+03:00,0.0134348035106825
2026-07-01 10:20:00+03:00,0.0134348035106825
2026-07-01 10:25:00+03:00,0.0134348035106825
2026-07-01 10:30:00+03:00,0.0134348035106825
2026-07-01 10:35:00+03:00,0.0134348035106825
2026-07-01 10:40:00+03:00,0.0134348035106825
2026-07-01 10:45:00+03:00,0.0134348035106825
2026-07-01 10:50:00+03:00,0.0134348035106825
2026-07-01 10:55:00+03:00,0.0134348035106825
2026-07-01 11:00:00+03:00,0.0134348035106825
2026-07-01 11:05:00+03:00,0.0134348035106825
2026-07-01 11:10:00+03:00,0.0134348035106825
2026-07-01 11:15:00+03:00,0.0134348035106825
2026-07-01 11:20:00+03:00,0.0134348035106825
2026-07-01 11:25:00+03:00,0.0134348035106825
2026-07-01 11:30:00+03:00,0.0134348035106825
2026-07-01 11:35:00+03:00,0.0134348035106825
2026-07-01 11:40:00+03:00,0.0134348035106825
2026-07-01 11:45:00+03:00,0.0134348035106825
2026-07-01 11:50:00+03:00,0.0134348035106825
2026-07-01 11:55:00+03:00,0.0134348035106825
2026-07-01 12:00:00+03:00,0.0134348035106825
2026-07-01 12:05:00+03:00,0.0134348035106825
2026-07-01 12:10:00+03:00,0.0134348035106825
2026-07-01 12:15:00+03:00,0.0134348035106825
2026-07-01 12:20:00+03:00,0.0134348035106825
2026-07-01 12:25:00+03:00,0.0134348035106825
2026-07-01 12:30:00+03:00,0.0134348035106825
2026-07-01 12:35:00+03:00,0.0134348035106825
2026-07-01 12:40:00+03:00,0.0134348035106825
2026-07-01 12:45:00+03:00,0.0134348035106825
2026-07-01 12:50:00+03:00,0.0134348035106825
2026-07-01 12:55:00+03:00,0.0134348035106825
2026-07-01 13:00:00+03:00,0.0134348035106825
2026-07-01 13:05:00+03:00,0.0134348035106825
2026-07-01 13:10:00+03:00,0.0134348035106825
2026-07-01 13:15:00+03:00,0.0134348035106825
2026-07-01 13:20:00+03:00,0.0134348035106825
2026-07-01 13:25:00+03:00,0.0134348035106825
2026-07-01 13:30:00+03:00,0.0134348035106825
2026-07-01 13:35:00+03:00,0.0134348035106825
2026-07-01 13:40:00+03:00,0.0134348035106825
2026-07-01 13:45:00+03:00,0.0134348035106825
2026-07-01 13:50:00+03:00,0.0134348035106825
2026-07-01 13:55:00+03:00,0.0134348035106825
2026-07-01 14:00:00+03:00,0.0134348035106825
2026-07-01 14:05:00+03:00,0.0134348035106825
2026-07-01 14:10:00+03:00,0.0134348035106825
2026-07-01 14:15:00+03:00,0.0134348035106825
2026-07-01 14:20:00+03:00,0.0134348035106825
2026-07-01 14:25:00+03:00,0.0134348035106825
2026-07-01 14:30:00+03:00,0.0134348035106825
2026-07-01 14:35:00+03:00,0.0134348035106825
2026-07-01 14:40:00+03:00,0.0134348035106825
2026-07-01 14:45:00+03:00,0.0134348035106825
2026-07-01 14:50:00+03:00,0.0134348035106825
2026-07-01 14:55:00+03:00,0.0134348035106825
2026-07-01 15:00:00+03:00,0.0134348035106825
2026-07-01 15:05:00+03:00,0.0134348035106825
2026-07-01 15:10:00+03:00,0.0134348035106825
2026-07-01 15:15:00+03:00,0.0134348035106825
2026-07-01 15:20:00+03:00,0.0134348035106825
2026-07-01 15:25:00+03:00,0.0134348035106825
2026-07-01 15:30:00+03:00,0.0134348035106825
2026-07-01 15:35:00+03:00,0.0134348035106825
2026-07-01 15:40:00+03:00,0.0134348035106825
2026-07-01 15:45:00+03:00,0.0134348035106825
2026-07-01 15:50:00+03:00,0.0134348035106825
2026-07-01 15:55:00+03:00,0.0134348035106825
2026-07-01 16:00:00+03:00,0.0134348035106825
2026-07-01 16:05:00+03:00,0.0134348035106825
2026-07-01 16:10:00+03:00,0.0134348035106825
2026-07-01 16:15:00+03:00,0.0134348035106825
2026-07-01 16:20:00+03:00,0.0134348035106825
2026-07-01 16:25:00+03:00,0.0134348035106825
2026-07-01 16:30:00+03:00,0.0134348035106825
2026-07-01 16:35:00+03:00,0.0134348035106825
2026-07-01 16:40:00+03:00,0.0134348035106825
2026-07-01 16:45:00+03:00,0.0134348035106825
2026-07-01 16:50:00+03:00,0.0134348035106825
2026-07-01 16:55:00+03:00,0.0134348035106825
2026-07-01 17:00:00+03:00,0.0134348035106825
2026-07-01 17:05:00+03:00,0.0134348035106825
2026-07-01 17:10:00+03:00,0.0134348035106825
2026-07-01 17:15:00+03:00,0.0134348035106825
2026-07-01 17:20:00+03:00,0.0134348035106825
2026-07-01 17:25:00+03:00,0.0134348035106825
2026-07-01 17:30:00+03:00,0.0134348035106825
2026-07-01 17:35:00+03:00,0.0134348035106825
2026-07-01 17:40:00+03:00,0.0134348035106825
2026-07-01 17:45:00+03:00,0.0134348035106825
2026-07-01 17:50:00+03:00,0.0134348035106825
2026-07-01 17:55:00+03:00,0.0134348035106825
2026-07-02 09:55:00+03:00,0.0134348035106825
2026-07-02 10:00:00+03:00,0.0134348035106825
2026-07-02 10:05:00+03:00,0.0134348035106825
2026-07-02 10:10:00+03:00,0.0134348035106825
2026-07-02 10:15:00+03:00,0.0134348035106825
2026-07-02 10:20:00+03:00,0.0134348035106825
2026-07-02 10:25:00+03:00,0.0134348035106825
2026-07-02 10:30:00+03:00,0.0134348035106825
2026-07-02 10:35:00+03:00,0.0134348035106825
2026-07-02 10:40:00+03:00,0.0134348035106825
2026-07-02 10:45:00+03:00,0.0134348035106825
2026-07-02 10:50:00+03:00,0.0134348035106825
2026-07-02 10:55:00+03:00,0.0134348035106825
2026-07-02 11:00:00+03:00,0.0134348035106825
2026-07-02 11:05:00+03:00,0.0134348035106825
2026-07-02 11:10:00+03:00,0.0134348035106825
2026-07-02 11:15:00+03:00,0.0134348035106825
2026-07-02 11:20:00+03:00,0.0134348035106825
2026-07-02 11:25:00+03:00,0.0134348035106825
2026-07-02 11:30:00+03:00,0.0134348035106825
2026-07-02 11:35:00+03:00,0.0134348035106825
2026-07-02 11:40:00+03:00,0.0134348035106825
2026-07-02 11:45:00+03:00,0.0134348035106825
2026-07-02 11:50:00+03:00,0.0134348035106825
2026-07-02 11:55:00+03:00,0.0134348035106825
2026-07-02 12:00:00+03:00,0.0134348035106825
2026-07-02 12:05:00+03:00,0.0134348035106825
2026-07-02 12:10:00+03:00,0.0134348035106825
2026-07-02 12:15:00+03:00,0.0134348035106825
2026-07-02 12:20:00+03:00,0.0134348035106825
2026-07-02 12:25:00+03:00,0.0134348035106825
2026-07-02 12:30:00+03:00,0.0134348035106825
2026-07-02 12:35:00+03:00,0.0134348035106825
2026-07-02 12:40:00+03:00,0.0134348035106825
2026-07-02 12:45:00+03:00,0.0134348035106825
2026-07-02 12:50:00+03:00,0.0134348035106825
2026-07-02 12:55:00+03:00,0.0134348035106825
2026-07-02 13:00:00+03:00,0.0134348035106825
2026-07-02 13:05:00+03:00,0.0134348035106825
2026-07-02 13:10:00+03:00,0.0134348035106825
2026-07-02 13:15:00+03:00,0.0134348035106825
2026-07-02 13:20:00+03:00,0.0134348035106825
2026-07-02 13:25:00+03:00,0.0134348035106825
2026-07-02 13:30:00+03:00,0.0134348035106825
2026-07-02 13:35:00+03:00,0.0134348035106825
2026-07-02 13:40:00+03:00,0.0134348035106825
2026-07-02 13:45:00+03:00,0.0134348035106825
2026-07-02 13:50:00+03:00,0.0134348035106825
2026-07-02 13:55:00+03:00,0.0134348035106825
2026-07-02 14:00:00+03:00,0.0134348035106825
2026-07-02 14:05:00+03:00,0.0134348035106825
2026-07-02 14:10:00+03:00,0.0134348035106825
2026-07-02 14:15:00+03:00,0.0134348035106825
2026-07-02 14:20:00+03:00,0.0134348035106825
2026-07-02 14:25:00+03:00,0.0134348035106825
2026-07-02 14:30:00+03:00,0.0134348035106825
2026-07-02 14:35:00+03:00,0.0134348035106825
2026-07-02 14:40:00+03:00,0.0134348035106825
2026-07-02 14:45:00+03:00,0.0134348035106825
2026-07-02 14:50:00+03:00,0.0134348035106825
2026-07-02 14:55:00+03:00,0.0134348035106825
2026-07-02 15:00:00+03:00,0.0134348035106825
2026-07-02 15:05:00+03:00,0.0134348035106825
2026-07-02 15:10:00+03:00,0.0134348035106825
2026-07-02 15:15:00+03:00,0.0134348035106825
2026-07-02 15:20:00+03:00,0.0134348035106825
2026-07-02 15:25:00+03:00,0.0134348035106825
2026-07-02 15:30:00+03:00,0.0134348035106825
2026-07-02 15:35:00+03:00,0.0134348035106825
2026-07-02 15:40:00+03:00,0.0134348035106825
2026-07-02 15:45:00+03:00,0.0134348035106825
2026-07-02 15:50:00+03:00,0.0134348035106825
2026-07-02 15:55:00+03:00,0.0134348035106825
2026-07-02 16:00:00+03:00,0.0134348035106825
2026-07-02 16:05:00+03:00,0.0134348035106825
2026-07-02 16:10:00+03:00,0.0134348035106825
2026-07-02 16:15:00+03:00,0.0134348035106825
2026-07-02 16:20:00+03:00,0.0134348035106825
2026-07-02 16:25:00+03:00,0.0134348035106825
2026-07-02 16:30:00+03:00,0.0134348035106825
2026-07-02 16:35:00+03:00,0.0134348035106825
2026-07-02 16:40:00+03:00,0.0134348035106825
2026-07-02 16:45:00+03:00,0.0134348035106825
2026-07-02 16:50:00+03:00,0.0134348035106825
2026-07-02 16:55:00+03:00,0.0134348035106825
2026-07-02 17:00:00+03:00,0.0134348035106825
2026-07-02 17:05:00+03:00,0.0134348035106825
2026-07-02 17:10:00+03:00,0.0134348035106825
2026-07-02 17:15:00+03:00,0.0134348035106825
2026-07-02 17:20:00+03:00,0.0134348035106825
2026-07-02 17:25:00+03:00,0.0134348035106825
2026-07-02 17:30:00+03:00,0.0134348035106825
2026-07-02 17:35:00+03:00,0.0134348035106825
2026-07-02 17:40:00+03:00,0.0134348035106825
2026-07-02 17:45:00+03:00,0.0134348035106825
2026-07-02 17:50:00+03:00,0.0134348035106825
2026-07-02 17:55:00+03:00,0.0134348035106825
2026-07-03 09:55:00+03:00,0.0134348035106825
2026-07-03 10:00:00+03:00,0.0134348035106825
2026-07-03 10:05:00+03:00,0.0134348035106825
2026-07-03 10:10:00+03:00,0.0134348035106825
2026-07-03 10:15:00+03:00,0.0134348035106825
2026-07-03 10:20:00+03:00,0.0134348035106825
2026-07-03 10:25:00+03:00,0.0134348035106825
2026-07-03 10:30:00+03:00,0.0134348035106825
2026-07-03 10:35:00+03:00,0.0134348035106825
2026-07-03 10:40:00+03:00,0.0134348035106825
2026-07-03 10:45:00+03:00,0.0134348035106825
2026-07-03 10:50:00+03:00,0.0134348035106825
2026-07-03 10:55:00+03:00,0.0134348035106825
2026-07-03 11:00:00+03:00,0.0134348035106825
2026-07-03 11:05:00+03:00,0.0134348035106825
2026-07-03 11:10:00+03:00,0.0134348035106825
2026-07-03 11:15:00+03:00,0.0134348035106825
2026-07-03 11:20:00+03:00,0.0134348035106825
2026-07-03 11:25:00+03:00,0.0134348035106825
2026-07-03 11:30:00+03:00,0.0134348035106825
2026-07-03 11:35:00+03:00,0.0134348035106825
2026-07-03 11:40:00+03:00,0.0134348035106825
2026-07-03 11:45:00+03:00,0.0134348035106825
2026-07-03 11:50:00+03:00,0.0134348035106825
2026-07-03 11:55:00+03:00,0.0134348035106825
2026-07-03 12:00:00+03:00,0.0134348035106825
2026-07-03 12:05:00+03:00,0.0134348035106825
2026-07-03 12:10:00+03:00,0.0134348035106825
2026-07-03 12:15:00+03:00,0.0134348035106825
2026-07-03 12:20:00+03:00,0.0134348035106825
2026-07-03 12:25:00+03:00,0.0134348035106825
2026-07-03 12:30:00+03:00,0.0134348035106825
2026-07-03 12:35:00+03:00,0.0134348035106825
2026-07-03 12:40:00+03:00,0.0134348035106825
2026-07-03 12:45:00+03:00,0.0134348035106825
2026-07-03 12:50:00+03:00,0.0134348035106825
2026-07-03 12:55:00+03:00,0.0134348035106825
2026-07-03 13:00:00+03:00,0.0134348035106825
2026-07-03 13:05:00+03:00,0.0134348035106825
2026-07-03 13:10:00+03:00,0.0134348035106825
2026-07-03 13:15:00+03:00,0.0134348035106825
2026-07-03 13:20:00+03:00,0.0134348035106825
2026-07-03 13:25:00+03:00,0.0134348035106825
2026-07-03 13:30:00+03:00,0.0134348035106825
2026-07-03 13:35:00+03:00,0.0134348035106825
2026-07-03 13:40:00+03:00,0.0134348035106825
2026-07-03 13:45:00+03:00,0.0134348035106825
2026-07-03 13:50:00+03:00,0.0134348035106825
2026-07-03 13:55:00+03:00,0.0134348035106825
2026-07-03 14:00:00+03:00,0.0134348035106825
2026-07-03 14:05:00+03:00,0.0134348035106825
2026-07-03 14:10:00+03:00,0.0134348035106825
2026-07-03 14:15:00+03:00,0.0134348035106825
2026-07-03 14:20:00+03:00,0.0134348035106825
2026-07-03 14:25:00+03:00,0.0134348035106825
2026-07-03 14:30:00+03:00,0.0134348035106825
2026-07-03 14:35:00+03:00,0.0134348035106825
2026-07-03 14:40:00+03:00,0.0134348035106825
2026-07-03 14:45:00+03:00,0.0134348035106825
2026-07-03 14:50:00+03:00,0.0134348035106825
2026-07-03 14:55:00+03:00,0.0134348035106825
2026-07-03 15:00:00+03:00,0.0134348035106825
2026-07-03 15:05:00+03:00,0.0134348035106825
2026-07-03 15:10:00+03:00,0.0134348035106825
2026-07-03 15:15:00+03:00,0.0134348035106825
2026-07-03 15:20:00+03:00,0.0134348035106825
2026-07-03 15:25:00+03:00,0.0134348035106825
2026-07-03 15:30:00+03:00,0.0134348035106825
2026-07-03 15:35:00+03:00,0.0134348035106825
2026-07-03 15:40:00+03:00,0.0134348035106825
2026-07-03 15:45:00+03:00,0.0134348035106825
2026-07-03 15:50:00+03:00,0.0134348035106825
2026-07-03 15:55:00+03:00,0.0134348035106825
2026-07-03 16:00:00+03:00,0.0134348035106825
2026-07-03 16:05:00+03:00,0.0134348035106825
2026-07-03 16:10:00+03:00,0.0134348035106825
2026-07-03 16:15:00+03:00,0.0134348035106825
2026-07-03 16:20:00+03:00,0.0134348035106825
2026-07-03 16:25:00+03:00,0.0134348035106825
2026-07-03 16:30:00+03:00,0.0134348035106825
2026-07-03 16:35:00+03:00,0.0134348035106825
2026-07-03 16:40:00+03:00,0.0134348035106825
2026-07-03 16:45:00+03:00,0.0134348035106825
2026-07-03 16:50:00+03:00,0.0134348035106825
2026-07-03 16:55:00+03:00,0.0134348035106825
2026-07-03 17:00:00+03:00,0.0134348035106825
2026-07-03 17:05:00+03:00,0.0134348035106825
2026-07-03 17:10:00+03:00,0.0134348035106825
2026-07-03 17:15:00+03:00,0.0134348035106825
2026-07-03 17:20:00+03:00,0.0134348035106825
2026-07-03 17:25:00+03:00,0.0134348035106825
2026-07-03 17:30:00+03:00,0.0134348035106825
2026-07-03 17:35:00+03:00,0.0134348035106825
2026-07-03 17:40:00+03:00,0.0134348035106825
2026-07-03 17:45:00+03:00,0.0134348035106825
2026-07-03 17:50:00+03:00,0.0134348035106825
2026-07-03 17:55:00+03:00,0.0134348035106825
2026-07-06 09:55:00+03:00,0.0134348035106825
2026-07-06 10:00:00+03:00,0.0134348035106825
2026-07-06 10:05:00+03:00,0.0134348035106825
2026-07-06 10:10:00+03:00,0.0134348035106825
2026-07-06 10:15:00+03:00,0.0134348035106825
2026-07-06 10:20:00+03:00,0.0134348035106825
2026-07-06 10:25:00+03:00,0.0134348035106825
2026-07-06 10:30:00+03:00,0.0134348035106825
2026-07-06 10:35:00+03:00,0.0134348035106825
2026-07-06 10:40:00+03:00,0.0134348035106825
2026-07-06 10:45:00+03:00,0.0134348035106825
2026-07-06 10:50:00+03:00,0.0134348035106825
2026-07-06 10:55:00+03:00,0.0134348035106825
2026-07-06 11:00:00+03:00,0.0134348035106825
2026-07-06 11:05:00+03:00,0.0134348035106825
2026-07-06 11:10:00+03:00,0.0134348035106825
2026-07-06 11:15:00+03:00,0.0134348035106825
2026-07-06 11:20:00+03:00,0.0134348035106825
2026-07-06 11:25:00+03:00,0.0134348035106825
2026-07-06 11:30:00+03:00,0.0134348035106825
2026-07-06 11:35:00+03:00,0.0134348035106825
2026-07-06 11:40:00+03:00,0.0134348035106825
2026-07-06 11:45:00+03:00,0.0134348035106825
2026-07-06 11:50:00+03:00,0.0134348035106825
2026-07-06 11:55:00+03:00,0.0134348035106825
2026-07-06 12:00:00+03:00,0.0134348035106825
2026-07-06 12:05:00+03:00,0.0134348035106825
2026-07-06 12:10:00+03:00,0.0134348035106825
2026-07-06 12:15:00+03:00,0.0134348035106825
2026-07-06 12:20:00+03:00,0.0134348035106825
2026-07-06 12:25:00+03:00,0.0134348035106825
2026-07-06 12:30:00+03:00,0.0134348035106825
2026-07-06 12:35:00+03:00,0.0134348035106825
2026-07-06 12:40:00+03:00,0.0134348035106825
2026-07-06 12:45:00+03:00,0.0134348035106825
2026-07-06 12:50:00+03:00,0.0134348035106825
2026-07-06 12:55:00+03:00,0.0134348035106825
2026-07-06 13:00:00+03:00,0.0134348035106825
2026-07-06 13:05:00+03:00,0.0134348035106825
2026-07-06 13:10:00+03:00,0.0134348035106825
2026-07-06 13:15:00+03:00,0.0134348035106825
2026-07-06 13:20:00+03:00,0.0134348035106825
2026-07-06 13:25:00+03:00,0.0134348035106825
2026-07-06 13:30:00+03:00,0.0134348035106825
2026-07-06 13:35:00+03:00,0.0134348035106825
2026-07-06 13:40:00+03:00,0.0134348035106825
2026-07-06 13:45:00+03:00,0.0134348035106825
2026-07-06 13:50:00+03:00,0.0134348035106825
2026-07-06 13:55:00+03:00,0.0134348035106825
2026-07-06 14:00:00+03:00,0.0134348035106825
2026-07-06 14:05:00+03:00,0.0134348035106825
2026-07-06 14:10:00+03:00,0.0134348035106825
2026-07-06 14:15:00+03:00,0.0134348035106825
2026-07-06 14:20:00+03:00,0.0134348035106825
2026-07-06 14:25:00+03:00,0.0134348035106825
2026-07-06 14:30:00+03:00,0.0134348035106825
2026-07-06 14:35:00+03:00,0.0134348035106825
2026-07-06 14:40:00+03:00,0.0134348035106825
2026-07-06 14:45:00+03:00,0.0134348035106825
2026-07-06 14:50:00+03:00,0.0134348035106825
2026-07-06 14:55:00+03:00,0.0134348035106825
2026-07-06 15:00:00+03:00,0.0134348035106825
2026-07-06 15:05:00+03:00,0.0134348035106825
2026-07-06 15:10:00+03:00,0.0134348035106825
2026-07-06 15:15:00+03:00,0.0134348035106825
2026-07-06 15:20:00+03:00,0.0134348035106825
2026-07-06 15:25:00+03:00,0.0134348035106825
2026-07-06 15:30:00+03:00,0.0134348035106825
2026-07-06 15:35:00+03:00,0.0134348035106825
2026-07-06 15:40:00+03:00,0.0134348035106825
2026-07-06 15:45:00+03:00,0.0134348035106825
2026-07-06 15:50:00+03:00,0.0134348035106825
2026-07-06 15:55:00+03:00,0.0134348035106825
2026-07-06 16:00:00+03:00,0.0134348035106825
2026-07-06 16:05:00+03:00,0.0134348035106825
2026-07-06 16:10:00+03:00,0.0134348035106825
2026-07-06 16:15:00+03:00,0.0134348035106825
2026-07-06 16:20:00+03:00,0.0134348035106825
2026-07-06 16:25:00+03:00,0.0134348035106825
2026-07-06 16:30:00+03:00,0.0134348035106825
2026-07-06 16:35:00+03:00,0.0134348035106825
2026-07-06 16:40:00+03:00,0.0134348035106825
2026-07-06 16:45:00+03:00,0.0134348035106825
2026-07-06 16:50:00+03:00,0.0134348035106825
2026-07-06 16:55:00+03:00,0.0134348035106825
2026-07-06 17:00:00+03:00,0.0134348035106825
2026-07-06 17:05:00+03:00,0.0134348035106825
2026-07-06 17:10:00+03:00,0.0134348035106825
2026-07-06 17:15:00+03:00,0.0134348035106825
2026-07-06 17:20:00+03:00,0.0134348035106825
2026-07-06 17:25:00+03:00,0.0134348035106825
2026-07-06 17:30:00+03:00,0.0134348035106825
2026-07-06 17:35:00+03:00,0.0134348035106825
2026-07-06 17:40:00+03:00,0.0134348035106825
2026-07-06 17:45:00+03:00,0.0134348035106825
2026-07-06 17:50:00+03:00,0.0134348035106825
2026-07-06 17:55:00+03:00,0.0134348035106825
2026-07-07 09:55:00+03:00,0.0134348035106825
2026-07-07 10:00:00+03:00,0.0134348035106825
2026-07-07 10:05:00+03:00,0.0134348035106825
2026-07-07 10:10:00+03:00,0.0134348035106825
2026-07-07 10:15:00+03:00,0.0134348035106825
2026-07-07 10:20:00+03:00,0.0134348035106825
2026-07-07 10:25:00+03:00,0.0134348035106825
2026-07-07 10:30:00+03:00,0.0134348035106825
2026-07-07 10:35:00+03:00,0.0134348035106825
2026-07-07 10:40:00+03:00,0.0134348035106825
2026-07-07 10:45:00+03:00,0.0134348035106825
2026-07-07 10:50:00+03:00,0.0134348035106825
2026-07-07 10:55:00+03:00,0.0134348035106825
2026-07-07 11:00:00+03:00,0.0134348035106825
2026-07-07 11:05:00+03:00,0.0134348035106825
2026-07-07 11:10:00+03:00,0.0134348035106825
2026-07-07 11:15:00+03:00,0.0134348035106825
2026-07-07 11:20:00+03:00,0.0134348035106825
2026-07-07 11:25:00+03:00,0.0134348035106825
2026-07-07 11:30:00+03:00,0.0134348035106825
2026-07-07 11:35:00+03:00,0.0134348035106825
2026-07-07 11:40:00+03:00,0.0134348035106825
2026-07-07 11:45:00+03:00,0.0134348035106825
2026-07-07 11:50:00+03:00,0.0134348035106825
2026-07-07 11:55:00+03:00,0.0134348035106825
2026-07-07 12:00:00+03:00,0.0134348035106825
2026-07-07 12:05:00+03:00,0.0134348035106825
2026-07-07 12:10:00+03:00,0.0134348035106825
2026-07-07 12:15:00+03:00,0.0134348035106825
2026-07-07 12:20:00+03:00,0.0134348035106825
2026-07-07 12:25:00+03:00,0.0134348035106825
2026-07-07 12:30:00+03:00,0.0134348035106825
2026-07-07 12:35:00+03:00,0.0134348035106825
2026-07-07 12:40:00+03:00,0.0134348035106825
2026-07-07 12:45:00+03:00,0.0134348035106825
2026-07-07 12:50:00+03:00,0.0134348035106825
2026-07-07 12:55:00+03:00,0.0134348035106825
2026-07-07 13:00:00+03:00,0.0134348035106825
2026-07-07 13:05:00+03:00,0.0134348035106825
2026-07-07 13:10:00+03:00,0.0134348035106825
2026-07-07 13:15:00+03:00,0.0134348035106825
2026-07-07 13:20:00+03:00,0.0134348035106825
2026-07-07 13:25:00+03:00,0.0134348035106825
2026-07-07 13:30:00+03:00,0.0134348035106825
2026-07-07 13:35:00+03:00,0.0134348035106825
2026-07-07 13:40:00+03:00,0.0134348035106825
2026-07-07 13:45:00+03:00,0.0134348035106825
2026-07-07 13:50:00+03:00,0.0134348035106825
2026-07-07 13:55:00+03:00,0.0134348035106825
2026-07-07 14:00:00+03:00,0.0134348035106825
2026-07-07 14:05:00+03:00,0.0134348035106825
2026-07-07 14:10:00+03:00,0.0134348035106825
2026-07-07 14:15:00+03:00,0.0134348035106825
2026-07-07 14:20:00+03:00,0.0134348035106825
2026-07-07 14:25:00+03:00,0.0134348035106825
2026-07-07 14:30:00+03:00,0.0134348035106825
2026-07-07 14:35:00+03:00,0.0134348035106825
2026-07-07 14:40:00+03:00,0.0134348035106825
2026-07-07 14:45:00+03:00,0.0134348035106825
2026-07-07 14:50:00+03:00,0.0134348035106825
2026-07-07 14:55:00+03:00,0.0134348035106825
2026-07-07 15:00:00+03:00,0.0134348035106825
2026-07-07 15:05:00+03:00,0.0134348035106825
2026-07-07 15:10:00+03:00,0.0134348035106825
2026-07-07 15:15:00+03:00,0.0134348035106825
2026-07-07 15:20:00+03:00,0.0134348035106825
2026-07-07 15:25:00+03:00,0.0134348035106825
2026-07-07 15:30:00+03:00,0.0134348035106825
2026-07-07 15:35:00+03:00,0.0134348035106825
2026-07-07 15:40:00+03:00,0.0134348035106825
2026-07-07 15:45:00+03:00,0.0134348035106825
2026-07-07 15:50:00+03:00,0.0134348035106825
2026-07-07 15:55:00+03:00,0.0134348035106825
2026-07-07 16:00:00+03:00,0.0134348035106825
2026-07-07 16:05:00+03:00,0.0134348035106825
2026-07-07 16:10:00+03:00,0.0134348035106825
2026-07-07 16:15:00+03:00,0.0134348035106825
2026-07-07 16:20:00+03:00,0.0134348035106825
2026-07-07 16:25:00+03:00,0.0134348035106825
2026-07-07 16:30:00+03:00,0.0134348035106825
2026-07-07 16:35:00+03:00,0.0134348035106825
2026-07-07 16:40:00+03:00,0.0134348035106825
2026-07-07 16:45:00+03:00,0.0134348035106825
2026-07-07 16:50:00+03:00,0.0134348035106825
2026-07-07 16:55:00+03:00,0.0134348035106825
2026-07-07 17:00:00+03:00,0.0134348035106825
2026-07-07 17:05:00+03:00,0.0134348035106825
2026-07-07 17:10:00+03:00,0.0134348035106825
2026-07-07 17:15:00+03:00,0.0134348035106825
2026-07-07 17:20:00+03:00,0.09214488303103598
2026-07-07 17:25:00+03:00,0.0134348035106825
2026-07-07 17:30:00+03:00,0.0134348035106825
2026-07-07 17:35:00+03:00,0.30115896832960026
2026-07-07 17:40:00+03:00,0.5604966489039735
2026-07-07 17:45:00+03:00,0.1514058739198581
2026-07-07 17:50:00+03:00,0.13218848557861537
2026-07-07 17:55:00+03:00,0.15542865436860293
2026-07-08 09:55:00+03:00,0.9770843688207496
2026-07-08 10:00:00+03:00,0.9418345565133291
2026-07-08 10:05:00+03:00,0.8933205208887869
2026-07-08 10:10:00+03:00,0.94486094033107
2026-07-08 10:15:00+03:00,0.94486094033107
2026-07-08 10:20:00+03:00,0.9809000966293046
2026-07-08 10:25:00+03:00,0.9841157149872832
2026-07-08 10:30:00+03:00,0.983931217994124
2026-07-08 10:35:00+03:00,0.9849325018475535
2026-07-08 10:40:00+03:00,0.984568833434812
2026-07-08 10:45:00+03:00,0.9843879709673112
2026-07-08 10:50:00+03:00,0.9841224934871773
2026-07-08 10:55:00+03:00,0.09729387220534214
2026-07-08 11:00:00+03:00,0.0134348035106825
2026-07-08 11:05:00+03:00,0.0134348035106825
2026-07-08 11:10:00+03:00,0.0134348035106825
2026-07-08 11:15:00+03:00,0.9743573196920633
2026-07-08 11:20:00+03:00,0.09398407642690347
2026-07-08 11:25:00+03:00,0.009179462717749963
2026-07-08 11:30:00+03:00,0.0134348035106825
2026-07-08 11:35:00+03:00,0.09688713360097062
2026-07-08 11:40:00+03:00,0.09931655156702704
2026-07-08 11:45:00+03:00,0.009792638868096566
2026-07-08 11:50:00+03:00,0.09931655156702704
2026-07-08 11:55:00+03:00,0.10595028435770124
2026-07-08 12:00:00+03:00,0.10385665322606852
2026-07-08 12:05:00+03:00,0.1054619388831007
2026-07-08 12:10:00+03:00,0.10489303089971388
2026-07-08 12:15:00+03:00,0.10433843238527513
2026-07-08 12:20:00+03:00,0.010339764032909284
2026-07-08 12:25:00+03:00,0.10433843238527513
2026-07-08 12:30:00+03:00,0.09999026593433465
2026-07-08 12:35:00+03:00,0.009916309916774203
2026-07-08 12:40:00+03:00,0.09999026593433465
2026-07-08 12:45:00+03:00,0.0134348035106825
2026-07-08 12:50:00+03:00,0.0134348035106825
2026-07-08 12:55:00+03:00,0.0134348035106825
2026-07-08 13:00:00+03:00,0.0134348035106825
2026-07-08 13:05:00+03:00,0.0134348035106825
2026-07-08 13:10:00+03:00,0.0134348035106825
2026-07-08 13:15:00+03:00,0.0134348035106825
2026-07-08 13:20:00+03:00,0.0134348035106825
2026-07-08 13:25:00+03:00,0.0134348035106825
2026-07-08 13:30:00+03:00,0.0134348035106825
2026-07-08 13:35:00+03:00,0.0134348035106825
2026-07-08 13:40:00+03:00,0.0134348035106825
2026-07-08 13:45:00+03:00,0.0134348035106825
2026-07-08 13:50:00+03:00,0.0134348035106825
2026-07-08 13:55:00+03:00,0.0134348035106825
2026-07-08 14:00:00+03:00,0.0134348035106825
2026-07-08 14:05:00+03:00,0.0134348035106825
2026-07-08 14:10:00+03:00,0.0134348035106825
2026-07-08 14:15:00+03:00,0.0134348035106825
2026-07-08 14:20:00+03:00,0.0134348035106825
2026-07-08 14:25:00+03:00,0.0134348035106825
2026-07-08 14:30:00+03:00,0.0134348035106825
2026-07-08 14:35:00+03:00,0.0134348035106825
2026-07-08 14:40:00+03:00,0.0134348035106825
2026-07-08 14:45:00+03:00,0.0134348035106825
2026-07-08 14:50:00+03:00,0.0134348035106825
2026-07-08 14:55:00+03:00,0.0134348035106825
2026-07-08 15:00:00+03:00,0.0134348035106825
2026-07-08 15:05:00+03:00,0.0134348035106825
2026-07-08 15:10:00+03:00,0.0134348035106825
2026-07-08 15:15:00+03:00,0.0134348035106825
2026-07-08 15:20:00+03:00,0.0134348035106825
2026-07-08 15:25:00+03:00,0.0134348035106825
2026-07-08 15:30:00+03:00,0.0134348035106825
2026-07-08 15:35:00+03:00,0.0134348035106825
2026-07-08 15:40:00+03:00,0.0134348035106825
2026-07-08 15:45:00+03:00,0.0134348035106825
2026-07-08 15:50:00+03:00,0.0134348035106825
2026-07-08 15:55:00+03:00,0.0134348035106825
2026-07-08 16:00:00+03:00,0.0134348035106825
2026-07-08 16:05:00+03:00,0.0134348035106825
2026-07-08 16:10:00+03:00,0.0134348035106825
2026-07-08 16:15:00+03:00,0.0134348035106825
2026-07-08 16:20:00+03:00,0.0134348035106825
2026-07-08 16:25:00+03:00,0.0134348035106825
2026-07-08 16:30:00+03:00,0.0134348035106825
2026-07-08 16:35:00+03:00,0.0134348035106825
2026-07-08 16:40:00+03:00,0.0134348035106825
2026-07-08 16:45:00+03:00,0.0134348035106825
2026-07-08 16:50:00+03:00,0.0134348035106825
2026-07-08 16:55:00+03:00,0.0134348035106825
2026-07-08 17:00:00+03:00,0.0134348035106825
2026-07-08 17:05:00+03:00,0.0134348035106825
2026-07-08 17:10:00+03:00,0.00478489192619545
2026-07-08 17:15:00+03:00,0.00478489192619545
2026-07-08 17:20:00+03:00,0.05453685150213211
2026-07-08 17:25:00+03:00,0.05453685150213211
2026-07-08 17:30:00+03:00,0.005919182023500202
2026-07-08 17:35:00+03:00,0.05239334640943876
2026-07-08 17:40:00+03:00,0.043148755779421503
2026-07-08 17:45:00+03:00,0.043148755779421503
2026-07-08 17:50:00+03:00,0.043148755779421503
2026-07-08 17:55:00+03:00,0.38372315129580786
2026-07-09 09:55:00+03:00,0.0134348035106825
2026-07-09 10:00:00+03:00,0.0134348035106825
2026-07-09 10:05:00+03:00,0.8334214119961008
2026-07-09 10:10:00+03:00,0.0134348035106825
2026-07-09 10:15:00+03:00,0.0134348035106825
2026-07-09 10:20:00+03:00,0.0134348035106825
2026-07-09 10:25:00+03:00,0.0134348035106825
2026-07-09 10:30:00+03:00,0.0134348035106825
2026-07-09 10:35:00+03:00,0.0134348035106825
2026-07-09 10:40:00+03:00,0.0134348035106825
2026-07-09 10:45:00+03:00,0.0134348035106825
2026-07-09 10:50:00+03:00,0.0134348035106825
2026-07-09 10:55:00+03:00,0.0134348035106825
2026-07-09 11:00:00+03:00,0.0134348035106825
2026-07-09 11:05:00+03:00,0.0134348035106825
2026-07-09 11:10:00+03:00,0.0134348035106825
2026-07-09 11:15:00+03:00,0.0134348035106825
2026-07-09 11:20:00+03:00,0.0134348035106825
2026-07-09 11:25:00+03:00,0.0134348035106825
2026-07-09 11:30:00+03:00,0.0134348035106825
2026-07-09 11:35:00+03:00,0.0134348035106825
2026-07-09 11:40:00+03:00,0.0134348035106825
2026-07-09 11:45:00+03:00,0.0134348035106825
2026-07-09 11:50:00+03:00,0.0134348035106825
2026-07-09 11:55:00+03:00,0.0134348035106825
2026-07-09 12:00:00+03:00,0.0134348035106825
2026-07-09 12:05:00+03:00,0.0134348035106825
2026-07-09 12:10:00+03:00,0.0134348035106825
2026-07-09 12:15:00+03:00,0.0134348035106825
2026-07-09 12:20:00+03:00,0.0134348035106825
2026-07-09 12:25:00+03:00,0.0134348035106825
2026-07-09 12:30:00+03:00,0.0134348035106825
2026-07-09 12:35:00+03:00,0.0134348035106825
2026-07-09 12:40:00+03:00,0.0134348035106825
2026-07-09 12:45:00+03:00,0.0134348035106825
2026-07-09 12:50:00+03:00,0.0134348035106825
2026-07-09 12:55:00+03:00,0.0134348035106825
2026-07-09 13:00:00+03:00,0.0134348035106825
2026-07-09 13:05:00+03:00,0.0134348035106825
2026-07-09 13:10:00+03:00,0.0134348035106825
2026-07-09 13:15:00+03:00,0.0134348035106825
2026-07-09 13:20:00+03:00,0.0134348035106825
2026-07-09 13:25:00+03:00,0.0134348035106825
2026-07-09 13:30:00+03:00,0.0134348035106825
2026-07-09 13:35:00+03:00,0.0134348035106825
2026-07-09 13:40:00+03:00,0.0134348035106825
2026-07-09 13:45:00+03:00,0.0134348035106825
2026-07-09 13:50:00+03:00,0.0134348035106825
2026-07-09 13:55:00+03:00,0.0134348035106825
2026-07-09 14:00:00+03:00,0.0134348035106825
2026-07-09 14:05:00+03:00,0.0134348035106825
2026-07-09 14:10:00+03:00,0.0134348035106825
2026-07-09 14:15:00+03:00,0.0134348035106825
2026-07-09 14:20:00+03:00,0.0134348035106825
2026-07-09 14:25:00+03:00,0.0134348035106825
2026-07-09 14:30:00+03:00,0.0134348035106825
2026-07-09 14:35:00+03:00,0.0134348035106825
2026-07-09 14:40:00+03:00,0.0134348035106825
2026-07-09 14:45:00+03:00,0.0134348035106825
2026-07-09 14:50:00+03:00,0.0134348035106825
2026-07-09 14:55:00+03:00,0.0134348035106825
2026-07-09 15:00:00+03:00,0.0134348035106825
2026-07-09 15:05:00+03:00,0.0134348035106825
2026-07-09 15:10:00+03:00,0.0134348035106825
2026-07-09 15:15:00+03:00,0.0134348035106825
2026-07-09 15:20:00+03:00,0.0134348035106825
2026-07-09 15:25:00+03:00,0.0134348035106825
2026-07-09 15:30:00+03:00,0.0134348035106825
2026-07-09 15:35:00+03:00,0.0134348035106825
2026-07-09 15:40:00+03:00,0.0134348035106825
2026-07-09 15:45:00+03:00,0.0134348035106825
2026-07-09 15:50:00+03:00,0.0134348035106825
2026-07-09 15:55:00+03:00,0.0134348035106825
2026-07-09 16:00:00+03:00,0.0134348035106825
2026-07-09 16:05:00+03:00,0.0134348035106825
2026-07-09 16:10:00+03:00,0.0134348035106825
2026-07-09 16:15:00+03:00,0.0134348035106825
2026-07-09 16:20:00+03:00,0.0134348035106825
2026-07-09 16:25:00+03:00,0.0134348035106825
2026-07-09 16:30:00+03:00,0.0134348035106825
2026-07-09 16:35:00+03:00,0.0134348035106825
2026-07-09 16:40:00+03:00,0.0134348035106825
2026-07-09 16:45:00+03:00,0.0134348035106825
2026-07-09 16:50:00+03:00,0.0134348035106825
2026-07-09 16:55:00+03:00,0.0134348035106825
2026-07-09 17:00:00+03:00,0.0134348035106825
2026-07-09 17:05:00+03:00,0.0134348035106825
2026-07-09 17:10:00+03:00,0.0134348035106825
2026-07-09 17:15:00+03:00,0.0134348035106825
2026-07-09 17:20:00+03:00,0.0134348035106825
2026-07-09 17:25:00+03:00,0.0134348035106825
2026-07-09 17:30:00+03:00,0.0134348035106825
2026-07-09 17:35:00+03:00,0.0134348035106825
2026-07-09 17:40:00+03:00,0.0134348035106825
2026-07-09 17:45:00+03:00,0.0134348035106825
2026-07-09 17:50:00+03:00,0.0134348035106825
2026-07-09 17:55:00+03:00,0.0134348035106825
2026-07-10 09:55:00+03:00,0.0134348035106825
2026-07-10 10:00:00+03:00,0.0134348035106825
2026-07-10 10:05:00+03:00,0.0134348035106825
2026-07-10 10:10:00+03:00,0.0134348035106825
2026-07-10 10:15:00+03:00,0.0134348035106825
2026-07-10 10:20:00+03:00,0.0134348035106825
2026-07-10 10:25:00+03:00,0.0134348035106825
2026-07-10 10:30:00+03:00,0.0134348035106825
2026-07-10 10:35:00+03:00,0.0134348035106825
2026-07-10 10:40:00+03:00,0.0134348035106825
2026-07-10 10:45:00+03:00,0.0134348035106825
2026-07-10 10:50:00+03:00,0.0134348035106825
2026-07-10 10:55:00+03:00,0.0134348035106825
2026-07-10 11:00:00+03:00,0.0134348035106825
2026-07-10 11:05:00+03:00,0.0134348035106825
2026-07-10 11:10:00+03:00,0.0134348035106825
2026-07-10 11:15:00+03:00,0.0134348035106825
2026-07-10 11:20:00+03:00,0.0134348035106825
2026-07-10 11:25:00+03:00,0.0134348035106825
2026-07-10 11:30:00+03:00,0.0134348035106825
2026-07-10 11:35:00+03:00,0.0134348035106825
2026-07-10 11:40:00+03:00,0.0134348035106825
2026-07-10 11:45:00+03:00,0.0134348035106825
2026-07-10 11:50:00+03:00,0.0134348035106825
2026-07-10 11:55:00+03:00,0.0134348035106825
2026-07-10 12:00:00+03:00,0.0134348035106825
2026-07-10 12:05:00+03:00,0.0134348035106825
2026-07-10 12:10:00+03:00,0.0134348035106825
2026-07-10 12:15:00+03:00,0.0134348035106825
2026-07-10 12:20:00+03:00,0.0134348035106825
2026-07-10 12:25:00+03:00,0.0134348035106825
2026-07-10 12:30:00+03:00,0.0134348035106825
2026-07-10 12:35:00+03:00,0.0134348035106825
2026-07-10 12:40:00+03:00,0.0134348035106825
2026-07-10 12:45:00+03:00,0.0134348035106825
2026-07-10 12:50:00+03:00,0.0134348035106825
2026-07-10 12:55:00+03:00,0.0134348035106825
2026-07-10 13:00:00+03:00,0.0134348035106825
2026-07-10 13:05:00+03:00,0.0134348035106825
2026-07-10 13:10:00+03:00,0.0134348035106825
2026-07-10 13:15:00+03:00,0.0134348035106825
2026-07-10 13:20:00+03:00,0.0134348035106825
2026-07-10 13:25:00+03:00,0.0134348035106825
2026-07-10 13:30:00+03:00,0.0134348035106825
2026-07-10 13:35:00+03:00,0.0134348035106825
2026-07-10 13:40:00+03:00,0.0134348035106825
2026-07-10 13:45:00+03:00,0.0134348035106825
2026-07-10 13:50:00+03:00,0.0134348035106825
2026-07-10 13:55:00+03:00,0.0134348035106825
2026-07-10 14:00:00+03:00,0.0134348035106825
2026-07-10 14:05:00+03:00,0.0134348035106825
2026-07-10 14:10:00+03:00,0.0134348035106825
2026-07-10 14:15:00+03:00,0.0134348035106825
2026-07-10 14:20:00+03:00,0.0134348035106825
2026-07-10 14:25:00+03:00,0.0134348035106825
2026-07-10 14:30:00+03:00,0.0134348035106825
2026-07-10 14:35:00+03:00,0.0134348035106825
2026-07-10 14:40:00+03:00,0.0134348035106825
2026-07-10 14:45:00+03:00,0.0134348035106825
2026-07-10 14:50:00+03:00,0.0134348035106825
2026-07-10 14:55:00+03:00,0.0134348035106825
2026-07-10 15:00:00+03:00,0.0134348035106825
2026-07-10 15:05:00+03:00,0.0134348035106825
2026-07-10 15:10:00+03:00,0.0134348035106825
2026-07-10 15:15:00+03:00,0.0134348035106825
2026-07-10 15:20:00+03:00,0.0134348035106825
2026-07-10 15:25:00+03:00,0.0134348035106825
2026-07-10 15:30:00+03:00,0.0134348035106825
2026-07-10 15:35:00+03:00,0.0134348035106825
2026-07-10 15:40:00+03:00,0.0134348035106825
2026-07-10 15:45:00+03:00,0.0134348035106825
2026-07-10 15:50:00+03:00,0.0134348035106825
2026-07-10 15:55:00+03:00,0.0134348035106825
2026-07-10 16:00:00+03:00,0.0134348035106825
2026-07-10 16:05:00+03:00,0.0134348035106825
2026-07-10 16:10:00+03:00,0.0134348035106825
2026-07-10 16:15:00+03:00,0.0134348035106825
2026-07-10 16:20:00+03:00,0.0134348035106825
2026-07-10 16:25:00+03:00,0.0134348035106825
2026-07-10 16:30:00+03:00,0.0134348035106825
2026-07-10 16:35:00+03:00,0.0134348035106825
2026-07-10 16:40:00+03:00,0.0134348035106825
2026-07-10 16:45:00+03:00,0.0134348035106825
2026-07-10 16:50:00+03:00,0.0134348035106825
2026-07-10 16:55:00+03:00,0.0134348035106825
2026-07-10 17:00:00+03:00,0.0134348035106825
2026-07-10 17:05:00+03:00,0.0134348035106825
2026-07-10 17:10:00+03:00,0.0134348035106825
2026-07-10 17:15:00+03:00,0.0134348035106825
2026-07-10 17:20:00+03:00,0.0134348035106825
2026-07-10 17:25:00+03:00,0.0134348035106825
2026-07-10 17:30:00+03:00,0.0134348035106825
2026-07-10 17:35:00+03:00,0.0134348035106825
2026-07-10 17:40:00+03:00,0.0134348035106825
2026-07-10 17:45:00+03:00,0.0134348035106825
2026-07-10 17:50:00+03:00,0.0134348035106825
2026-07-10 17:55:00+03:00,0.0134348035106825
2026-07-13 09:55:00+03:00,0.37636613732225643
2026-07-13 10:00:00+03:00,0.0134348035106825
2026-07-13 10:05:00+03:00,0.5781858213564792
2026-07-13 10:10:00+03:00,0.9805153897419299
2026-07-13 10:15:00+03:00,0.9714211604312818
2026-07-13 10:20:00+03:00,0.9797292862217735
2026-07-13 10:25:00+03:00,0.9802752044981572
2026-07-13 10:30:00+03:00,0.9819680441738508
2026-07-13 10:35:00+03:00,0.9819680441738508
2026-07-13 10:40:00+03:00,0.9822758865127736
2026-07-13 10:45:00+03:00,0.9815325359595931
2026-07-13 10:50:00+03:00,0.9819751513579114
2026-07-13 10:55:00+03:00,0.9819751513579114
2026-07-13 11:00:00+03:00,0.9819751513579114
2026-07-13 11:05:00+03:00,0.9816495501140233
2026-07-13 11:10:00+03:00,0.0134348035106825
2026-07-13 11:15:00+03:00,0.0134348035106825
2026-07-13 11:20:00+03:00,0.0134348035106825
2026-07-13 11:25:00+03:00,0.0134348035106825
2026-07-13 11:30:00+03:00,0.0134348035106825
2026-07-13 11:35:00+03:00,0.0134348035106825
2026-07-13 11:40:00+03:00,0.0134348035106825
2026-07-13 11:45:00+03:00,0.0134348035106825
2026-07-13 11:50:00+03:00,0.0134348035106825
2026-07-13 11:55:00+03:00,0.9393588713161622
2026-07-13 12:00:00+03:00,0.936932016422537
2026-07-13 12:05:00+03:00,0.0134348035106825
2026-07-13 12:10:00+03:00,0.0134348035106825
2026-07-13 12:15:00+03:00,0.0134348035106825
2026-07-13 12:20:00+03:00,0.0134348035106825
2026-07-13 12:25:00+03:00,0.0134348035106825
2026-07-13 12:30:00+03:00,0.0134348035106825
2026-07-13 12:35:00+03:00,0.0134348035106825
2026-07-13 12:40:00+03:00,0.0134348035106825
2026-07-13 12:45:00+03:00,0.0134348035106825
2026-07-13 12:50:00+03:00,0.0134348035106825
2026-07-13 12:55:00+03:00,0.0134348035106825
2026-07-13 13:00:00+03:00,0.0134348035106825
2026-07-13 13:05:00+03:00,0.0134348035106825
2026-07-13 13:10:00+03:00,0.0134348035106825
2026-07-13 13:15:00+03:00,0.0134348035106825
2026-07-13 13:20:00+03:00,0.0134348035106825
2026-07-13 13:25:00+03:00,0.0134348035106825
2026-07-13 13:30:00+03:00,0.0134348035106825
2026-07-13 13:35:00+03:00,0.0134348035106825
2026-07-13 13:40:00+03:00,0.0134348035106825
2026-07-13 13:45:00+03:00,0.0134348035106825
2026-07-13 13:50:00+03:00,0.0134348035106825
2026-07-13 13:55:00+03:00,0.0134348035106825
2026-07-13 14:00:00+03:00,0.0134348035106825
2026-07-13 14:05:00+03:00,0.0134348035106825
2026-07-13 14:10:00+03:00,0.0134348035106825
2026-07-13 14:15:00+03:00,0.0134348035106825
2026-07-13 14:20:00+03:00,0.8333315130543321
2026-07-13 14:25:00+03:00,0.9032275028025136
2026-07-13 14:30:00+03:00,0.9160016838547501
2026-07-13 14:35:00+03:00,0.8726162036683313
2026-07-13 14:40:00+03:00,0.7867224646722616
2026-07-13 14:45:00+03:00,0.6305248461126525
2026-07-13 14:50:00+03:00,0.2772924702913205
2026-07-13 14:55:00+03:00,0.638103966617311
2026-07-13 15:00:00+03:00,0.3886405224629804
2026-07-13 15:05:00+03:00,0.689286837717265
2026-07-13 15:10:00+03:00,0.5221478537104334
2026-07-13 15:15:00+03:00,0.45428195668752336
2026-07-13 15:20:00+03:00,0.37120400113456686
2026-07-13 15:25:00+03:00,0.37120400113456686
2026-07-13 15:30:00+03:00,0.46507805753898157
2026-07-13 15:35:00+03:00,0.9274987315004978
2026-07-13 15:40:00+03:00,0.8873168397581541
2026-07-13 15:45:00+03:00,0.0134348035106825
2026-07-13 15:50:00+03:00,0.0902409717834188
2026-07-13 15:55:00+03:00,0.0902409717834188
2026-07-13 16:00:00+03:00,0.7987013155456587
2026-07-13 16:05:00+03:00,0.0902409717834188
2026-07-13 16:10:00+03:00,0.0902409717834188
2026-07-13 16:15:00+03:00,0.0902409717834188
2026-07-13 16:20:00+03:00,0.09026555919237625
2026-07-13 16:25:00+03:00,0.0134348035106825
2026-07-13 16:30:00+03:00,0.0134348035106825
2026-07-13 16:35:00+03:00,0.0134348035106825
2026-07-13 16:40:00+03:00,0.0134348035106825
2026-07-13 16:45:00+03:00,0.0134348035106825
2026-07-13 16:50:00+03:00,0.0134348035106825
2026-07-13 16:55:00+03:00,0.0134348035106825
2026-07-13 17:00:00+03:00,0.0134348035106825
2026-07-13 17:05:00+03:00,0.0134348035106825
2026-07-13 17:10:00+03:00,0.0134348035106825
2026-07-13 17:15:00+03:00,0.0134348035106825
2026-07-13 17:20:00+03:00,0.0134348035106825
2026-07-13 17:25:00+03:00,0.0134348035106825
2026-07-13 17:30:00+03:00,0.0134348035106825
2026-07-13 17:35:00+03:00,0.0134348035106825
2026-07-13 17:40:00+03:00,0.0134348035106825
2026-07-13 17:45:00+03:00,0.0134348035106825
2026-07-13 17:50:00+03:00,0.0134348035106825
2026-07-13 17:55:00+03:00,0.0134348035106825
2026-07-14 09:55:00+03:00,0.7988771111915421
2026-07-14 10:00:00+03:00,0.9792886493224525
2026-07-14 10:05:00+03:00,0.9754934071763032
2026-07-14 10:10:00+03:00,0.9747398085911254
2026-07-14 10:15:00+03:00,0.977734438212069
2026-07-14 10:20:00+03:00,0.9779023710855688
2026-07-14 10:25:00+03:00,0.981946931666689
2026-07-14 10:30:00+03:00,0.9839190637130681
2026-07-14 10:35:00+03:00,0.984926430716709
2026-07-14 10:40:00+03:00,0.9842934338080221
2026-07-14 10:45:00+03:00,0.9833915766455984
2026-07-14 10:50:00+03:00,0.7816761372331347
2026-07-14 10:55:00+03:00,0.7741687954682057
2026-07-14 11:00:00+03:00,0.9731287069183424
2026-07-14 11:05:00+03:00,0.7697705246323414
2026-07-14 11:10:00+03:00,0.973536516065793
2026-07-14 11:15:00+03:00,0.7767056588937683
2026-07-14 11:20:00+03:00,0.9754102806102316
2026-07-14 11:25:00+03:00,0.9758178498693209
2026-07-14 11:30:00+03:00,0.976883818264463
2026-07-14 11:35:00+03:00,0.9752765478909525
2026-07-14 11:40:00+03:00,0.974902153332848
2026-07-14 11:45:00+03:00,0.9751622748028934
2026-07-14 11:50:00+03:00,0.777866988333539
2026-07-14 11:55:00+03:00,0.9643683988784382
2026-07-14 12:00:00+03:00,0.0134348035106825
2026-07-14 12:05:00+03:00,0.0134348035106825
2026-07-14 12:10:00+03:00,0.0134348035106825
2026-07-14 12:15:00+03:00,0.0134348035106825
2026-07-14 12:20:00+03:00,0.0134348035106825
2026-07-14 12:25:00+03:00,0.0134348035106825
2026-07-14 12:30:00+03:00,0.0134348035106825
2026-07-14 12:35:00+03:00,0.0134348035106825
2026-07-14 12:40:00+03:00,0.0134348035106825
2026-07-14 12:45:00+03:00,0.0134348035106825
2026-07-14 12:50:00+03:00,0.0134348035106825
2026-07-14 12:55:00+03:00,0.0134348035106825
2026-07-14 13:00:00+03:00,0.0134348035106825
2026-07-14 13:05:00+03:00,0.0134348035106825
2026-07-14 13:10:00+03:00,0.0134348035106825
2026-07-14 13:15:00+03:00,0.0134348035106825
2026-07-14 13:20:00+03:00,0.0134348035106825
2026-07-14 13:25:00+03:00,0.0134348035106825
2026-07-14 13:30:00+03:00,0.0134348035106825
2026-07-14 13:35:00+03:00,0.0134348035106825
2026-07-14 13:40:00+03:00,0.0134348035106825
2026-07-14 13:45:00+03:00,0.0134348035106825
2026-07-14 13:50:00+03:00,0.0134348035106825
2026-07-14 13:55:00+03:00,0.0134348035106825
2026-07-14 14:00:00+03:00,0.0134348035106825
2026-07-14 14:05:00+03:00,0.0134348035106825
2026-07-14 14:10:00+03:00,0.0134348035106825
2026-07-14 14:15:00+03:00,0.0134348035106825
2026-07-14 14:20:00+03:00,0.0134348035106825
2026-07-14 14:25:00+03:00,0.0134348035106825
2026-07-14 14:30:00+03:00,0.0134348035106825
2026-07-14 14:35:00+03:00,0.0134348035106825
2026-07-14 14:40:00+03:00,0.0134348035106825
2026-07-14 14:45:00+03:00,0.0134348035106825
2026-07-14 14:50:00+03:00,0.0134348035106825
2026-07-14 14:55:00+03:00,0.0134348035106825
2026-07-14 15:00:00+03:00,0.0134348035106825
2026-07-14 15:05:00+03:00,0.0134348035106825
2026-07-14 15:10:00+03:00,0.0134348035106825
2026-07-14 15:15:00+03:00,0.0134348035106825
2026-07-14 15:20:00+03:00,0.0134348035106825
2026-07-14 15:25:00+03:00,0.0134348035106825
2026-07-14 15:30:00+03:00,0.0134348035106825
2026-07-14 15:35:00+03:00,0.0134348035106825
2026-07-14 15:40:00+03:00,0.0134348035106825
2026-07-14 15:45:00+03:00,0.0134348035106825
2026-07-14 15:50:00+03:00,0.0134348035106825
2026-07-14 15:55:00+03:00,0.0134348035106825
2026-07-14 16:00:00+03:00,0.0134348035106825
2026-07-14 16:05:00+03:00,0.0134348035106825
2026-07-14 16:10:00+03:00,0.0134348035106825
2026-07-14 16:15:00+03:00,0.0134348035106825
2026-07-14 16:20:00+03:00,0.0134348035106825
2026-07-14 16:25:00+03:00,0.0134348035106825
2026-07-14 16:30:00+03:00,0.0134348035106825
2026-07-14 16:35:00+03:00,0.0134348035106825
2026-07-14 16:40:00+03:00,0.0134348035106825
2026-07-14 16:45:00+03:00,0.0134348035106825
2026-07-14 16:50:00+03:00,0.0134348035106825
2026-07-14 16:55:00+03:00,0.0134348035106825
2026-07-14 17:00:00+03:00,0.0134348035106825
2026-07-14 17:05:00+03:00,0.0134348035106825
2026-07-14 17:10:00+03:00,0.0134348035106825
2026-07-14 17:15:00+03:00,0.0134348035106825
2026-07-14 17:20:00+03:00,0.0134348035106825
2026-07-14 17:25:00+03:00,0.0134348035106825
2026-07-14 17:30:00+03:00,0.0134348035106825
2026-07-14 17:35:00+03:00,0.0134348035106825
2026-07-14 17:40:00+03:00,0.0134348035106825
2026-07-14 17:45:00+03:00,0.0134348035106825
2026-07-14 17:50:00+03:00,0.0134348035106825
2026-07-14 17:55:00+03:00,0.0134348035106825
2026-07-16 09:55:00+03:00,0.0134348035106825
2026-07-16 10:00:00+03:00,0.0134348035106825
2026-07-16 10:05:00+03:00,0.0134348035106825
2026-07-16 10:10:00+03:00,0.0134348035106825
2026-07-16 10:15:00+03:00,0.0134348035106825
2026-07-16 10:20:00+03:00,0.0134348035106825
2026-07-16 10:25:00+03:00,0.0134348035106825
2026-07-16 10:30:00+03:00,0.0134348035106825
2026-07-16 10:35:00+03:00,0.0134348035106825
2026-07-16 10:40:00+03:00,0.0134348035106825
2026-07-16 10:45:00+03:00,0.0134348035106825
2026-07-16 10:50:00+03:00,0.0134348035106825
2026-07-16 10:55:00+03:00,0.0134348035106825
2026-07-16 11:00:00+03:00,0.0134348035106825
2026-07-16 11:05:00+03:00,0.0134348035106825
2026-07-16 11:10:00+03:00,0.0134348035106825
2026-07-16 11:15:00+03:00,0.0134348035106825
2026-07-16 11:20:00+03:00,0.0134348035106825
2026-07-16 11:25:00+03:00,0.0134348035106825
2026-07-16 11:30:00+03:00,0.0134348035106825
2026-07-16 11:35:00+03:00,0.0134348035106825
2026-07-16 11:40:00+03:00,0.0134348035106825
2026-07-16 11:45:00+03:00,0.0134348035106825
2026-07-16 11:50:00+03:00,0.0134348035106825
2026-07-16 11:55:00+03:00,0.0134348035106825
2026-07-16 12:00:00+03:00,0.0134348035106825
2026-07-16 12:05:00+03:00,0.0134348035106825
2026-07-16 12:10:00+03:00,0.0134348035106825
2026-07-16 12:15:00+03:00,0.0134348035106825
2026-07-16 12:20:00+03:00,0.0134348035106825
2026-07-16 12:25:00+03:00,0.0134348035106825
2026-07-16 12:30:00+03:00,0.0134348035106825
2026-07-16 12:35:00+03:00,0.0134348035106825
2026-07-16 12:40:00+03:00,0.0134348035106825
2026-07-16 12:45:00+03:00,0.0134348035106825
2026-07-16 12:50:00+03:00,0.0134348035106825
2026-07-16 12:55:00+03:00,0.0134348035106825
2026-07-16 13:00:00+03:00,0.0134348035106825
2026-07-16 13:05:00+03:00,0.0134348035106825
2026-07-16 13:10:00+03:00,0.0134348035106825
2026-07-16 13:15:00+03:00,0.0134348035106825
2026-07-16 13:20:00+03:00,0.0134348035106825
2026-07-16 13:25:00+03:00,0.0134348035106825
2026-07-16 13:30:00+03:00,0.0134348035106825
2026-07-16 13:35:00+03:00,0.0134348035106825
2026-07-16 13:40:00+03:00,0.0134348035106825
2026-07-16 13:45:00+03:00,0.0134348035106825
2026-07-16 13:50:00+03:00,0.0134348035106825
2026-07-16 13:55:00+03:00,0.0134348035106825
2026-07-16 14:00:00+03:00,0.0134348035106825
2026-07-16 14:05:00+03:00,0.0134348035106825
2026-07-16 14:10:00+03:00,0.0134348035106825
2026-07-16 14:15:00+03:00,0.0134348035106825
2026-07-16 14:20:00+03:00,0.0134348035106825
2026-07-16 14:25:00+03:00,0.0134348035106825
2026-07-16 14:30:00+03:00,0.0134348035106825
2026-07-16 14:35:00+03:00,0.0134348035106825
2026-07-16 14:40:00+03:00,0.0134348035106825
2026-07-16 14:45:00+03:00,0.0134348035106825
2026-07-16 14:50:00+03:00,0.0134348035106825
2026-07-16 14:55:00+03:00,0.0134348035106825
2026-07-16 15:00:00+03:00,0.0134348035106825
2026-07-16 15:05:00+03:00,0.0134348035106825
2026-07-16 15:10:00+03:00,0.0134348035106825
2026-07-16 15:15:00+03:00,0.0134348035106825
2026-07-16 15:20:00+03:00,0.0134348035106825
2026-07-16 15:25:00+03:00,0.0134348035106825
2026-07-16 15:30:00+03:00,0.0134348035106825
2026-07-16 15:35:00+03:00,0.0134348035106825
2026-07-16 15:40:00+03:00,0.0134348035106825
2026-07-16 15:45:00+03:00,0.0134348035106825
2026-07-16 15:50:00+03:00,0.0134348035106825
2026-07-16 15:55:00+03:00,0.0134348035106825
2026-07-16 16:00:00+03:00,0.0134348035106825
2026-07-16 16:05:00+03:00,0.0134348035106825
2026-07-16 16:10:00+03:00,0.0134348035106825
2026-07-16 16:15:00+03:00,0.0134348035106825
2026-07-16 16:20:00+03:00,0.0134348035106825
2026-07-16 16:25:00+03:00,0.0134348035106825
2026-07-16 16:30:00+03:00,0.0134348035106825
2026-07-16 16:35:00+03:00,0.0134348035106825
2026-07-16 16:40:00+03:00,0.0134348035106825
2026-07-16 16:45:00+03:00,0.0134348035106825
2026-07-16 16:50:00+03:00,0.0134348035106825
2026-07-16 16:55:00+03:00,0.0134348035106825
2026-07-16 17:00:00+03:00,0.0134348035106825
2026-07-16 17:05:00+03:00,0.0134348035106825
2026-07-16 17:10:00+03:00,0.0134348035106825
2026-07-16 17:15:00+03:00,0.0134348035106825
2026-07-16 17:20:00+03:00,0.0134348035106825
2026-07-16 17:25:00+03:00,0.0134348035106825
2026-07-16 17:30:00+03:00,0.0134348035106825
2026-07-16 17:35:00+03:00,0.0134348035106825
2026-07-16 17:40:00+03:00,0.0134348035106825
2026-07-16 17:45:00+03:00,0.0134348035106825
2026-07-16 17:50:00+03:00,0.0134348035106825
2026-07-16 17:55:00+03:00,0.0134348035106825
2026-07-17 09:55:00+03:00,0.0134348035106825
2026-07-17 10:00:00+03:00,0.0134348035106825
2026-07-17 10:05:00+03:00,0.0134348035106825
2026-07-17 10:10:00+03:00,0.0134348035106825
2026-07-17 10:15:00+03:00,0.0134348035106825
2026-07-17 10:20:00+03:00,0.0134348035106825
2026-07-17 10:25:00+03:00,0.0134348035106825
2026-07-17 10:30:00+03:00,0.0134348035106825
2026-07-17 10:35:00+03:00,0.0134348035106825
2026-07-17 10:40:00+03:00,0.0134348035106825
2026-07-17 10:45:00+03:00,0.0134348035106825
2026-07-17 10:50:00+03:00,0.0134348035106825
2026-07-17 10:55:00+03:00,0.0134348035106825
2026-07-17 11:00:00+03:00,0.0134348035106825
2026-07-17 11:05:00+03:00,0.0134348035106825
2026-07-17 11:10:00+03:00,0.0134348035106825
2026-07-17 11:15:00+03:00,0.0134348035106825
2026-07-17 11:20:00+03:00,0.0134348035106825
2026-07-17 11:25:00+03:00,0.0134348035106825
2026-07-17 11:30:00+03:00,0.0134348035106825
2026-07-17 11:35:00+03:00,0.0134348035106825
2026-07-17 11:40:00+03:00,0.0134348035106825
2026-07-17 11:45:00+03:00,0.0134348035106825
2026-07-17 11:50:00+03:00,0.0134348035106825
2026-07-17 11:55:00+03:00,0.0134348035106825
2026-07-17 12:00:00+03:00,0.0134348035106825
2026-07-17 12:05:00+03:00,0.0134348035106825
2026-07-17 12:10:00+03:00,0.0134348035106825
2026-07-17 12:15:00+03:00,0.0134348035106825
2026-07-17 12:20:00+03:00,0.0134348035106825
2026-07-17 12:25:00+03:00,0.0134348035106825
2026-07-17 12:30:00+03:00,0.0134348035106825
2026-07-17 12:35:00+03:00,0.0134348035106825
2026-07-17 12:40:00+03:00,0.0134348035106825
2026-07-17 12:45:00+03:00,0.0134348035106825
2026-07-17 12:50:00+03:00,0.0134348035106825
2026-07-17 12:55:00+03:00,0.0134348035106825
2026-07-17 13:00:00+03:00,0.0134348035106825
2026-07-17 13:05:00+03:00,0.0134348035106825
2026-07-17 13:10:00+03:00,0.0134348035106825
2026-07-17 13:15:00+03:00,0.0134348035106825
2026-07-17 13:20:00+03:00,0.0134348035106825
2026-07-17 13:25:00+03:00,0.0134348035106825
2026-07-17 13:30:00+03:00,0.0134348035106825
2026-07-17 13:35:00+03:00,0.0134348035106825
2026-07-17 13:40:00+03:00,0.0134348035106825
2026-07-17 13:45:00+03:00,0.0134348035106825
2026-07-17 13:50:00+03:00,0.0134348035106825
2026-07-17 13:55:00+03:00,0.0134348035106825
2026-07-17 14:00:00+03:00,0.0134348035106825
2026-07-17 14:05:00+03:00,0.0134348035106825
2026-07-17 14:10:00+03:00,0.0134348035106825
2026-07-17 14:15:00+03:00,0.0134348035106825
2026-07-17 14:20:00+03:00,0.0134348035106825
2026-07-17 14:25:00+03:00,0.0134348035106825
2026-07-17 14:30:00+03:00,0.0134348035106825
2026-07-17 14:35:00+03:00,0.0134348035106825
2026-07-17 14:40:00+03:00,0.0134348035106825
2026-07-17 14:45:00+03:00,0.0134348035106825
2026-07-17 14:50:00+03:00,0.0134348035106825
2026-07-17 14:55:00+03:00,0.0134348035106825
2026-07-17 15:00:00+03:00,0.0134348035106825
2026-07-17 15:05:00+03:00,0.0134348035106825
2026-07-17 15:10:00+03:00,0.0134348035106825
2026-07-17 15:15:00+03:00,0.0134348035106825
2026-07-17 15:20:00+03:00,0.0134348035106825
2026-07-17 15:25:00+03:00,0.0134348035106825
2026-07-17 15:30:00+03:00,0.0134348035106825
2026-07-17 15:35:00+03:00,0.0134348035106825
2026-07-17 15:40:00+03:00,0.0134348035106825
2026-07-17 15:45:00+03:00,0.0134348035106825
2026-07-17 15:50:00+03:00,0.0134348035106825
2026-07-17 15:55:00+03:00,0.0134348035106825
2026-07-17 16:00:00+03:00,0.0134348035106825
2026-07-17 16:05:00+03:00,0.0134348035106825
2026-07-17 16:10:00+03:00,0.0134348035106825
2026-07-17 16:15:00+03:00,0.0134348035106825
2026-07-17 16:20:00+03:00,0.0134348035106825
2026-07-17 16:25:00+03:00,0.0134348035106825
2026-07-17 16:30:00+03:00,0.0134348035106825
2026-07-17 16:35:00+03:00,0.0134348035106825
2026-07-17 16:40:00+03:00,0.0134348035106825
2026-07-17 16:45:00+03:00,0.0134348035106825
2026-07-17 16:50:00+03:00,0.0134348035106825
2026-07-17 16:55:00+03:00,0.0134348035106825
2026-07-17 17:00:00+03:00,0.0134348035106825
2026-07-17 17:05:00+03:00,0.0134348035106825
2026-07-17 17:10:00+03:00,0.0134348035106825
2026-07-17 17:15:00+03:00,0.0134348035106825
2026-07-17 17:20:00+03:00,0.0134348035106825
2026-07-17 17:25:00+03:00,0.0134348035106825
2026-07-17 17:30:00+03:00,0.0134348035106825
2026-07-17 17:35:00+03:00,0.0134348035106825
2026-07-17 17:40:00+03:00,0.0134348035106825
2026-07-17 17:45:00+03:00,0.0134348035106825
2026-07-17 17:50:00+03:00,0.0134348035106825
2026-07-17 17:55:00+03:00,0.0134348035106825
2026-07-20 09:55:00+03:00,0.0134348035106825
2026-07-20 10:00:00+03:00,0.0134348035106825
2026-07-20 10:05:00+03:00,0.0134348035106825
2026-07-20 10:10:00+03:00,0.0134348035106825
2026-07-20 10:15:00+03:00,0.0134348035106825
2026-07-20 10:20:00+03:00,0.0134348035106825
2026-07-20 10:25:00+03:00,0.0134348035106825
2026-07-20 10:30:00+03:00,0.0134348035106825
2026-07-20 10:35:00+03:00,0.0134348035106825
2026-07-20 10:40:00+03:00,0.0134348035106825
2026-07-20 10:45:00+03:00,0.0134348035106825
2026-07-20 10:50:00+03:00,0.0134348035106825
2026-07-20 10:55:00+03:00,0.0134348035106825
2026-07-20 11:00:00+03:00,0.0134348035106825
2026-07-20 11:05:00+03:00,0.0134348035106825
2026-07-20 11:10:00+03:00,0.0134348035106825
2026-07-20 11:15:00+03:00,0.0134348035106825
2026-07-20 11:20:00+03:00,0.0134348035106825
2026-07-20 11:25:00+03:00,0.0134348035106825
2026-07-20 11:30:00+03:00,0.0134348035106825
2026-07-20 11:35:00+03:00,0.0134348035106825
2026-07-20 11:40:00+03:00,0.0134348035106825
2026-07-20 11:45:00+03:00,0.0134348035106825
2026-07-20 11:50:00+03:00,0.0134348035106825
2026-07-20 11:55:00+03:00,0.0134348035106825
2026-07-20 12:00:00+03:00,0.0134348035106825
2026-07-20 12:05:00+03:00,0.0134348035106825
2026-07-20 12:10:00+03:00,0.0134348035106825
2026-07-20 12:15:00+03:00,0.0134348035106825
2026-07-20 12:20:00+03:00,0.0134348035106825
2026-07-20 12:25:00+03:00,0.0134348035106825
2026-07-20 12:30:00+03:00,0.0134348035106825
2026-07-20 12:35:00+03:00,0.0134348035106825
2026-07-20 12:40:00+03:00,0.0134348035106825
2026-07-20 12:45:00+03:00,0.0134348035106825
2026-07-20 12:50:00+03:00,0.0134348035106825
2026-07-20 12:55:00+03:00,0.0134348035106825
2026-07-20 13:00:00+03:00,0.0134348035106825
2026-07-20 13:05:00+03:00,0.0134348035106825
2026-07-20 13:10:00+03:00,0.0134348035106825
2026-07-20 13:15:00+03:00,0.0134348035106825
2026-07-20 13:20:00+03:00,0.0134348035106825
2026-07-20 13:25:00+03:00,0.0134348035106825
2026-07-20 13:30:00+03:00,0.0134348035106825
2026-07-20 13:35:00+03:00,0.0134348035106825
2026-07-20 13:40:00+03:00,0.0134348035106825
2026-07-20 13:45:00+03:00,0.0134348035106825
2026-07-20 13:50:00+03:00,0.0134348035106825
2026-07-20 13:55:00+03:00,0.0134348035106825
2026-07-20 14:00:00+03:00,0.0134348035106825
2026-07-20 14:05:00+03:00,0.0134348035106825
2026-07-20 14:10:00+03:00,0.0134348035106825
2026-07-20 14:15:00+03:00,0.0134348035106825
2026-07-20 14:20:00+03:00,0.0134348035106825
2026-07-20 14:25:00+03:00,0.0134348035106825
2026-07-20 14:30:00+03:00,0.0134348035106825
2026-07-20 14:35:00+03:00,0.0134348035106825
2026-07-20 14:40:00+03:00,0.0134348035106825
2026-07-20 14:45:00+03:00,0.0134348035106825
2026-07-20 14:50:00+03:00,0.0134348035106825
2026-07-20 14:55:00+03:00,0.0134348035106825
2026-07-20 15:00:00+03:00,0.0134348035106825
2026-07-20 15:05:00+03:00,0.0134348035106825
2026-07-20 15:10:00+03:00,0.0134348035106825
2026-07-20 15:15:00+03:00,0.0134348035106825
2026-07-20 15:20:00+03:00,0.0134348035106825
2026-07-20 15:25:00+03:00,0.0134348035106825
2026-07-20 15:30:00+03:00,0.0134348035106825
2026-07-20 15:35:00+03:00,0.0134348035106825
2026-07-20 15:40:00+03:00,0.0134348035106825
2026-07-20 15:45:00+03:00,0.0134348035106825
2026-07-20 15:50:00+03:00,0.0134348035106825
2026-07-20 15:55:00+03:00,0.0134348035106825
2026-07-20 16:00:00+03:00,0.0134348035106825
2026-07-20 16:05:00+03:00,0.0134348035106825
2026-07-20 16:10:00+03:00,0.0134348035106825
2026-07-20 16:15:00+03:00,0.0134348035106825
2026-07-20 16:20:00+03:00,0.0134348035106825
2026-07-20 16:25:00+03:00,0.0134348035106825
2026-07-20 16:30:00+03:00,0.0134348035106825
2026-07-20 16:35:00+03:00,0.0134348035106825
2026-07-20 16:40:00+03:00,0.0134348035106825
2026-07-20 16:45:00+03:00,0.0134348035106825
2026-07-20 16:50:00+03:00,0.0134348035106825
2026-07-20 16:55:00+03:00,0.0134348035106825
2026-07-20 17:00:00+03:00,0.0134348035106825
2026-07-20 17:05:00+03:00,0.0134348035106825
2026-07-20 17:10:00+03:00,0.0134348035106825
2026-07-20 17:15:00+03:00,0.0134348035106825
2026-07-20 17:20:00+03:00,0.0134348035106825
2026-07-20 17:25:00+03:00,0.0134348035106825
2026-07-20 17:30:00+03:00,0.0134348035106825
2026-07-20 17:35:00+03:00,0.0134348035106825
2026-07-20 17:40:00+03:00,0.0134348035106825
2026-07-20 17:45:00+03:00,0.0134348035106825
2026-07-20 17:50:00+03:00,0.0134348035106825
2026-07-20 17:55:00+03:00,0.0134348035106825
2026-07-21 09:55:00+03:00,0.0134348035106825
2026-07-21 10:00:00+03:00,0.0134348035106825
2026-07-21 10:05:00+03:00,0.0134348035106825
2026-07-21 10:10:00+03:00,0.0134348035106825
2026-07-21 10:15:00+03:00,0.0134348035106825
2026-07-21 10:20:00+03:00,0.0134348035106825
2026-07-21 10:25:00+03:00,0.0134348035106825
2026-07-21 10:30:00+03:00,0.0134348035106825
2026-07-21 10:35:00+03:00,0.0134348035106825
2026-07-21 10:40:00+03:00,0.0134348035106825
2026-07-21 10:45:00+03:00,0.0134348035106825
2026-07-21 10:50:00+03:00,0.0134348035106825
2026-07-21 10:55:00+03:00,0.0134348035106825
2026-07-21 11:00:00+03:00,0.0134348035106825
2026-07-21 11:05:00+03:00,0.0134348035106825
2026-07-21 11:10:00+03:00,0.0134348035106825
2026-07-21 11:15:00+03:00,0.0134348035106825
2026-07-21 11:20:00+03:00,0.0134348035106825
2026-07-21 11:25:00+03:00,0.0134348035106825
2026-07-21 11:30:00+03:00,0.0134348035106825
2026-07-21 11:35:00+03:00,0.0134348035106825
2026-07-21 11:40:00+03:00,0.0134348035106825
2026-07-21 11:45:00+03:00,0.0134348035106825
2026-07-21 11:50:00+03:00,0.0134348035106825
2026-07-21 11:55:00+03:00,0.0134348035106825
2026-07-21 12:00:00+03:00,0.0134348035106825
2026-07-21 12:05:00+03:00,0.0134348035106825
2026-07-21 12:10:00+03:00,0.0134348035106825
2026-07-21 12:15:00+03:00,0.0134348035106825
2026-07-21 12:20:00+03:00,0.0134348035106825
2026-07-21 12:25:00+03:00,0.0134348035106825
2026-07-21 12:30:00+03:00,0.0134348035106825
2026-07-21 12:35:00+03:00,0.0134348035106825
2026-07-21 12:40:00+03:00,0.0134348035106825
2026-07-21 12:45:00+03:00,0.0134348035106825
2026-07-21 12:50:00+03:00,0.0134348035106825
2026-07-21 12:55:00+03:00,0.0134348035106825
2026-07-21 13:00:00+03:00,0.0134348035106825
2026-07-21 13:05:00+03:00,0.0134348035106825
2026-07-21 13:10:00+03:00,0.0134348035106825
2026-07-21 13:15:00+03:00,0.0134348035106825
2026-07-21 13:20:00+03:00,0.0134348035106825
2026-07-21 13:25:00+03:00,0.0134348035106825
2026-07-21 13:30:00+03:00,0.0134348035106825
2026-07-21 13:35:00+03:00,0.0134348035106825
2026-07-21 13:40:00+03:00,0.0134348035106825
2026-07-21 13:45:00+03:00,0.0134348035106825
2026-07-21 13:50:00+03:00,0.0134348035106825
2026-07-21 13:55:00+03:00,0.0134348035106825
2026-07-21 14:00:00+03:00,0.0134348035106825
2026-07-21 14:05:00+03:00,0.0134348035106825
2026-07-21 14:10:00+03:00,0.8246586387460582
2026-07-21 14:15:00+03:00,0.8772682948360885
2026-07-21 14:20:00+03:00,0.7049270442170646
2026-07-21 14:25:00+03:00,0.7446755805473765
2026-07-21 14:30:00+03:00,0.79963221830765
2026-07-21 14:35:00+03:00,0.5126165586059284
2026-07-21 14:40:00+03:00,0.7137760481774162
2026-07-21 14:45:00+03:00,0.5773634440919895
2026-07-21 14:50:00+03:00,0.6807583060725518
2026-07-21 14:55:00+03:00,0.5976944724347724
2026-07-21 15:00:00+03:00,0.42211242627797796
2026-07-21 15:05:00+03:00,0.2039669039424438
2026-07-21 15:10:00+03:00,0.22929224196421297
2026-07-21 15:15:00+03:00,0.4769070024432103
2026-07-21 15:20:00+03:00,0.4769070024432103
2026-07-21 15:25:00+03:00,0.6902922460015906
2026-07-21 15:30:00+03:00,0.6851264554414289
2026-07-21 15:35:00+03:00,0.20228480715749883
2026-07-21 15:40:00+03:00,0.1989924433059615
2026-07-21 15:45:00+03:00,0.18379672419854884
2026-07-21 15:50:00+03:00,0.24660764422390102
2026-07-21 15:55:00+03:00,0.24521896065956797
2026-07-21 16:00:00+03:00,0.18379672419854884
2026-07-21 16:05:00+03:00,0.5175077427121993
2026-07-21 16:10:00+03:00,0.43322733545716624
2026-07-21 16:15:00+03:00,0.0134348035106825
2026-07-21 16:20:00+03:00,0.0134348035106825
2026-07-21 16:25:00+03:00,0.0134348035106825
2026-07-21 16:30:00+03:00,0.9332244463746233
2026-07-21 16:35:00+03:00,0.0134348035106825
2026-07-21 16:40:00+03:00,0.9409331883997715
2026-07-21 16:45:00+03:00,0.9367585284180872
2026-07-21 16:50:00+03:00,0.0134348035106825
2026-07-21 16:55:00+03:00,0.0134348035106825
2026-07-21 17:00:00+03:00,0.9367585284180872
2026-07-21 17:05:00+03:00,0.9412196462506047
2026-07-21 17:10:00+03:00,0.9343565202682992
2026-07-21 17:15:00+03:00,0.9331470828369117
2026-07-21 17:20:00+03:00,0.0134348035106825
2026-07-21 17:25:00+03:00,0.9472449920933997
2026-07-21 17:30:00+03:00,0.9469518277106336
2026-07-21 17:35:00+03:00,0.9740905902639944
2026-07-21 17:40:00+03:00,0.9740905902639944
2026-07-21 17:45:00+03:00,0.9478224589999454
2026-07-21 17:50:00+03:00,0.9478224589999454
2026-07-21 17:55:00+03:00,0.9752540823851621
2026-07-22 09:55:00+03:00,0.9751729169443323
2026-07-22 10:00:00+03:00,0.5760283909084514
2026-07-22 10:05:00+03:00,0.7699098409219969
2026-07-22 10:10:00+03:00,0.0134348035106825
2026-07-22 10:15:00+03:00,0.0134348035106825
2026-07-22 10:20:00+03:00,0.0134348035106825
2026-07-22 10:25:00+03:00,0.0134348035106825
2026-07-22 10:30:00+03:00,0.0134348035106825
2026-07-22 10:35:00+03:00,0.0134348035106825
2026-07-22 10:40:00+03:00,0.0134348035106825
2026-07-22 10:45:00+03:00,0.9175516410005145
2026-07-22 10:50:00+03:00,0.5057009951874484
2026-07-22 10:55:00+03:00,0.0134348035106825
2026-07-22 11:00:00+03:00,0.0134348035106825
2026-07-22 11:05:00+03:00,0.0134348035106825
2026-07-22 11:10:00+03:00,0.0134348035106825
2026-07-22 11:15:00+03:00,0.0134348035106825
2026-07-22 11:20:00+03:00,0.0134348035106825
2026-07-22 11:25:00+03:00,0.0134348035106825
2026-07-22 11:30:00+03:00,0.0134348035106825
2026-07-22 11:35:00+03:00,0.0134348035106825
2026-07-22 11:40:00+03:00,0.0134348035106825
2026-07-22 11:45:00+03:00,0.0134348035106825
2026-07-22 11:50:00+03:00,0.0134348035106825
2026-07-22 11:55:00+03:00,0.0134348035106825
2026-07-22 12:00:00+03:00,0.0134348035106825
2026-07-22 12:05:00+03:00,0.0134348035106825
2026-07-22 12:10:00+03:00,0.0134348035106825
2026-07-22 12:15:00+03:00,0.0134348035106825
2026-07-22 12:20:00+03:00,0.0134348035106825
2026-07-22 12:25:00+03:00,0.0134348035106825
2026-07-22 12:30:00+03:00,0.8404164021886282
2026-07-22 12:35:00+03:00,0.8383056663141252
2026-07-22 12:40:00+03:00,0.9052150577708608
2026-07-22 12:45:00+03:00,0.6967721816595942
2026-07-22 12:50:00+03:00,0.3055514776549098
2026-07-22 12:55:00+03:00,0.2783880246946457
2026-07-22 13:00:00+03:00,0.2807055644738266
2026-07-22 13:05:00+03:00,0.6948272196832115
2026-07-22 13:10:00+03:00,0.868176867524465
2026-07-22 13:15:00+03:00,0.928943812065579
2026-07-22 13:20:00+03:00,0.03487313993005146
2026-07-22 13:25:00+03:00,0.0134348035106825
2026-07-22 13:30:00+03:00,0.03487313993005146
2026-07-22 13:35:00+03:00,0.0134348035106825
2026-07-22 13:40:00+03:00,0.0134348035106825
2026-07-22 13:45:00+03:00,0.0134348035106825
2026-07-22 13:50:00+03:00,0.0134348035106825
2026-07-22 13:55:00+03:00,0.0134348035106825
2026-07-22 14:00:00+03:00,0.0134348035106825
2026-07-22 14:05:00+03:00,0.0134348035106825
2026-07-22 14:10:00+03:00,0.0134348035106825
2026-07-22 14:15:00+03:00,0.0134348035106825
2026-07-22 14:20:00+03:00,0.0134348035106825
2026-07-22 14:25:00+03:00,0.0134348035106825
2026-07-22 14:30:00+03:00,0.0134348035106825
2026-07-22 14:35:00+03:00,0.0134348035106825
2026-07-22 14:40:00+03:00,0.0134348035106825
2026-07-22 14:45:00+03:00,0.0134348035106825
2026-07-22 14:50:00+03:00,0.0134348035106825
2026-07-22 14:55:00+03:00,0.0134348035106825
2026-07-22 15:00:00+03:00,0.0134348035106825
2026-07-22 15:05:00+03:00,0.0134348035106825
2026-07-22 15:10:00+03:00,0.0134348035106825
2026-07-22 15:15:00+03:00,0.0134348035106825
2026-07-22 15:20:00+03:00,0.0134348035106825
2026-07-22 15:25:00+03:00,0.0134348035106825
2026-07-22 15:30:00+03:00,0.0134348035106825
2026-07-22 15:35:00+03:00,0.0134348035106825
2026-07-22 15:40:00+03:00,0.0134348035106825
2026-07-22 15:45:00+03:00,0.0134348035106825
2026-07-22 15:50:00+03:00,0.0134348035106825
2026-07-22 15:55:00+03:00,0.0134348035106825
2026-07-22 16:00:00+03:00,0.0134348035106825
2026-07-22 16:05:00+03:00,0.0134348035106825
2026-07-22 16:10:00+03:00,0.0134348035106825
2026-07-22 16:15:00+03:00,0.0134348035106825
2026-07-22 16:20:00+03:00,0.0134348035106825
2026-07-22 16:25:00+03:00,0.0134348035106825
2026-07-22 16:30:00+03:00,0.0134348035106825
2026-07-22 16:35:00+03:00,0.0134348035106825
2026-07-22 16:40:00+03:00,0.0134348035106825
2026-07-22 16:45:00+03:00,0.0134348035106825
2026-07-22 16:50:00+03:00,0.0134348035106825
2026-07-22 16:55:00+03:00,0.0134348035106825
2026-07-22 17:00:00+03:00,0.0134348035106825
2026-07-22 17:05:00+03:00,0.0134348035106825
2026-07-22 17:10:00+03:00,0.0134348035106825
2026-07-22 17:15:00+03:00,0.0134348035106825
2026-07-22 17:20:00+03:00,0.0134348035106825
2026-07-22 17:25:00+03:00,0.0134348035106825
2026-07-22 17:30:00+03:00,0.0134348035106825
2026-07-22 17:35:00+03:00,0.0134348035106825
2026-07-22 17:40:00+03:00,0.0134348035106825
2026-07-22 17:45:00+03:00,0.0134348035106825
2026-07-22 17:50:00+03:00,0.0134348035106825
2026-07-22 17:55:00+03:00,0.0134348035106825
2026-07-23 09:55:00+03:00,0.0134348035106825
2026-07-23 10:00:00+03:00,0.0134348035106825
2026-07-23 10:05:00+03:00,0.0134348035106825
2026-07-23 10:10:00+03:00,0.0134348035106825
2026-07-23 10:15:00+03:00,0.0134348035106825
2026-07-23 10:20:00+03:00,0.0134348035106825
2026-07-23 10:25:00+03:00,0.0134348035106825
2026-07-23 10:30:00+03:00,0.0134348035106825
2026-07-23 10:35:00+03:00,0.0134348035106825
2026-07-23 10:40:00+03:00,0.0134348035106825
2026-07-23 10:45:00+03:00,0.0134348035106825
2026-07-23 10:50:00+03:00,0.0134348035106825
2026-07-23 10:55:00+03:00,0.0134348035106825
2026-07-23 11:00:00+03:00,0.0134348035106825
2026-07-23 11:05:00+03:00,0.0134348035106825
2026-07-23 11:10:00+03:00,0.0134348035106825
2026-07-23 11:15:00+03:00,0.0134348035106825
2026-07-23 11:20:00+03:00,0.0134348035106825
2026-07-23 11:25:00+03:00,0.0134348035106825
2026-07-23 11:30:00+03:00,0.8138883503401302
2026-07-23 11:35:00+03:00,0.7248816710156071
2026-07-23 11:40:00+03:00,0.8215764119905941
2026-07-23 11:45:00+03:00,0.850587194821246
2026-07-23 11:50:00+03:00,0.6599146591866073
2026-07-23 11:55:00+03:00,0.44331693809684836
2026-07-23 12:00:00+03:00,0.16133854145288468
2026-07-23 12:05:00+03:00,0.2041867418054109
2026-07-23 12:10:00+03:00,0.3908132366458788
2026-07-23 12:15:00+03:00,0.2041867418054109
2026-07-23 12:20:00+03:00,0.6927357896973945
2026-07-23 12:25:00+03:00,0.5831581223018448
2026-07-23 12:30:00+03:00,0.5683113741793356
2026-07-23 12:35:00+03:00,0.6242519801694915
2026-07-23 12:40:00+03:00,0.4172191025775926
2026-07-23 12:45:00+03:00,0.4172191025775926
2026-07-23 12:50:00+03:00,0.446467054913359
2026-07-23 12:55:00+03:00,0.974873152181252
2026-07-23 13:00:00+03:00,0.9502972317517803
2026-07-23 13:05:00+03:00,0.0134348035106825
2026-07-23 13:10:00+03:00,0.0134348035106825
2026-07-23 13:15:00+03:00,0.0134348035106825
2026-07-23 13:20:00+03:00,0.0134348035106825
2026-07-23 13:25:00+03:00,0.0134348035106825
2026-07-23 13:30:00+03:00,0.0134348035106825
2026-07-23 13:35:00+03:00,0.0134348035106825
2026-07-23 13:40:00+03:00,0.0134348035106825
2026-07-23 13:45:00+03:00,0.0134348035106825
2026-07-23 13:50:00+03:00,0.0134348035106825
2026-07-23 13:55:00+03:00,0.0134348035106825
2026-07-23 14:00:00+03:00,0.0134348035106825
2026-07-23 14:05:00+03:00,0.0134348035106825
2026-07-23 14:10:00+03:00,0.0134348035106825
2026-07-23 14:15:00+03:00,0.0134348035106825
2026-07-23 14:20:00+03:00,0.0134348035106825
2026-07-23 14:25:00+03:00,0.0134348035106825
2026-07-23 14:30:00+03:00,0.0134348035106825
2026-07-23 14:35:00+03:00,0.0134348035106825
2026-07-23 14:40:00+03:00,0.0134348035106825
2026-07-23 14:45:00+03:00,0.0134348035106825
2026-07-23 14:50:00+03:00,0.0134348035106825
2026-07-23 14:55:00+03:00,0.0134348035106825
2026-07-23 15:00:00+03:00,0.0134348035106825
2026-07-23 15:05:00+03:00,0.0134348035106825
2026-07-23 15:10:00+03:00,0.0134348035106825
2026-07-23 15:15:00+03:00,0.0134348035106825
2026-07-23 15:20:00+03:00,0.0134348035106825
2026-07-23 15:25:00+03:00,0.0134348035106825
2026-07-23 15:30:00+03:00,0.0134348035106825
2026-07-23 15:35:00+03:00,0.0134348035106825
2026-07-23 15:40:00+03:00,0.0134348035106825
2026-07-23 15:45:00+03:00,0.0134348035106825
2026-07-23 15:50:00+03:00,0.0134348035106825
2026-07-23 15:55:00+03:00,0.0134348035106825
2026-07-23 16:00:00+03:00,0.0134348035106825
2026-07-23 16:05:00+03:00,0.0134348035106825
2026-07-23 16:10:00+03:00,0.0134348035106825
2026-07-23 16:15:00+03:00,0.0134348035106825
2026-07-23 16:20:00+03:00,0.0134348035106825
2026-07-23 16:25:00+03:00,0.0134348035106825
2026-07-23 16:30:00+03:00,0.0134348035106825
2026-07-23 16:35:00+03:00,0.0134348035106825
2026-07-23 16:40:00+03:00,0.0134348035106825
2026-07-23 16:45:00+03:00,0.0134348035106825
2026-07-23 16:50:00+03:00,0.0134348035106825
2026-07-23 16:55:00+03:00,0.0134348035106825
2026-07-23 17:00:00+03:00,0.0134348035106825
2026-07-23 17:05:00+03:00,0.0134348035106825
2026-07-23 17:10:00+03:00,0.0134348035106825
2026-07-23 17:15:00+03:00,0.0134348035106825
2026-07-23 17:20:00+03:00,0.0134348035106825
2026-07-23 17:25:00+03:00,0.0134348035106825
2026-07-23 17:30:00+03:00,0.0134348035106825
2026-07-23 17:35:00+03:00,0.0134348035106825
2026-07-23 17:40:00+03:00,0.0134348035106825
2026-07-23 17:45:00+03:00,0.0134348035106825
2026-07-23 17:50:00+03:00,0.0134348035106825
2026-07-23 17:55:00+03:00,0.0134348035106825
2026-07-24 09:55:00+03:00,0.0134348035106825
2026-07-24 10:00:00+03:00,0.0134348035106825
2026-07-24 10:05:00+03:00,0.0134348035106825
2026-07-24 10:10:00+03:00,0.0134348035106825
2026-07-24 10:15:00+03:00,0.0134348035106825
2026-07-24 10:20:00+03:00,0.0134348035106825
2026-07-24 10:25:00+03:00,0.0134348035106825
2026-07-24 10:30:00+03:00,0.0134348035106825
2026-07-24 10:35:00+03:00,0.0134348035106825
2026-07-24 10:40:00+03:00,0.0134348035106825
2026-07-24 10:45:00+03:00,0.0134348035106825
2026-07-24 10:50:00+03:00,0.0134348035106825
2026-07-24 10:55:00+03:00,0.0134348035106825
2026-07-24 11:00:00+03:00,0.0134348035106825
2026-07-24 11:05:00+03:00,0.0134348035106825
2026-07-24 11:10:00+03:00,0.0134348035106825
2026-07-24 11:15:00+03:00,0.0134348035106825
2026-07-24 11:20:00+03:00,0.0134348035106825
2026-07-24 11:25:00+03:00,0.0134348035106825
2026-07-24 11:30:00+03:00,0.0134348035106825
2026-07-24 11:35:00+03:00,0.0134348035106825
2026-07-24 11:40:00+03:00,0.0134348035106825
2026-07-24 11:45:00+03:00,0.0134348035106825
2026-07-24 11:50:00+03:00,0.0134348035106825
2026-07-24 11:55:00+03:00,0.0134348035106825
2026-07-24 12:00:00+03:00,0.0134348035106825
2026-07-24 12:05:00+03:00,0.0134348035106825
2026-07-24 12:10:00+03:00,0.0134348035106825
2026-07-24 12:15:00+03:00,0.0134348035106825
2026-07-24 12:20:00+03:00,0.0134348035106825
2026-07-24 12:25:00+03:00,0.0134348035106825
2026-07-24 12:30:00+03:00,0.0134348035106825
2026-07-24 12:35:00+03:00,0.0134348035106825
2026-07-24 12:40:00+03:00,0.0134348035106825
2026-07-24 12:45:00+03:00,0.0134348035106825
2026-07-24 12:50:00+03:00,0.0134348035106825
2026-07-24 12:55:00+03:00,0.0134348035106825
2026-07-24 13:00:00+03:00,0.0134348035106825
2026-07-24 13:05:00+03:00,0.0134348035106825
2026-07-24 13:10:00+03:00,0.0134348035106825
2026-07-24 13:15:00+03:00,0.0134348035106825
2026-07-24 13:20:00+03:00,0.0134348035106825
2026-07-24 13:25:00+03:00,0.0134348035106825
2026-07-24 13:30:00+03:00,0.0134348035106825
2026-07-24 13:35:00+03:00,0.0134348035106825
2026-07-24 13:40:00+03:00,0.0134348035106825
2026-07-24 13:45:00+03:00,0.0134348035106825
2026-07-24 13:50:00+03:00,0.0134348035106825
2026-07-24 13:55:00+03:00,0.0134348035106825
2026-07-24 14:00:00+03:00,0.0134348035106825
2026-07-24 14:05:00+03:00,0.0134348035106825
2026-07-24 14:10:00+03:00,0.0134348035106825
2026-07-24 14:15:00+03:00,0.0134348035106825
2026-07-24 14:20:00+03:00,0.0134348035106825
2026-07-24 14:25:00+03:00,0.0134348035106825
2026-07-24 14:30:00+03:00,0.0134348035106825
2026-07-24 14:35:00+03:00,0.0134348035106825
2026-07-24 14:40:00+03:00,0.0134348035106825
2026-07-24 14:45:00+03:00,0.0134348035106825
2026-07-24 14:50:00+03:00,0.0134348035106825
2026-07-24 14:55:00+03:00,0.0134348035106825
2026-07-24 15:00:00+03:00,0.0134348035106825
2026-07-24 15:05:00+03:00,0.0134348035106825
2026-07-24 15:10:00+03:00,0.0134348035106825
2026-07-24 15:15:00+03:00,0.0134348035106825
2026-07-24 15:20:00+03:00,0.0134348035106825
2026-07-24 15:25:00+03:00,0.0134348035106825
2026-07-24 15:30:00+03:00,0.0134348035106825
2026-07-24 15:35:00+03:00,0.0134348035106825
2026-07-24 15:40:00+03:00,0.0134348035106825
2026-07-24 15:45:00+03:00,0.0134348035106825
2026-07-24 15:50:00+03:00,0.0134348035106825
2026-07-24 15:55:00+03:00,0.0134348035106825
2026-07-24 16:00:00+03:00,0.0134348035106825
2026-07-24 16:05:00+03:00,0.0134348035106825
2026-07-24 16:10:00+03:00,0.0134348035106825
2026-07-24 16:15:00+03:00,0.0134348035106825
2026-07-24 16:20:00+03:00,0.0134348035106825
2026-07-24 16:25:00+03:00,0.0134348035106825
2026-07-24 16:30:00+03:00,0.0134348035106825
2026-07-24 16:35:00+03:00,0.0134348035106825
2026-07-24 16:40:00+03:00,0.0134348035106825
2026-07-24 16:45:00+03:00,0.0134348035106825
2026-07-24 16:50:00+03:00,0.0134348035106825
2026-07-24 16:55:00+03:00,0.0134348035106825
2026-07-24 17:00:00+03:00,0.0134348035106825
2026-07-24 17:05:00+03:00,0.0134348035106825
2026-07-24 17:10:00+03:00,0.0134348035106825
2026-07-24 17:15:00+03:00,0.0134348035106825
2026-07-24 17:20:00+03:00,0.0134348035106825
2026-07-24 17:25:00+03:00,0.0134348035106825
2026-07-24 17:30:00+03:00,0.0134348035106825
2026-07-24 17:35:00+03:00,0.0134348035106825
2026-07-24 17:40:00+03:00,0.0134348035106825
2026-07-24 17:45:00+03:00,0.0134348035106825
2026-07-24 17:50:00+03:00,0.0134348035106825
2026-07-24 17:55:00+03:00,0.0134348035106825
2026-07-27 09:55:00+03:00,0.0134348035106825
2026-07-27 10:00:00+03:00,0.0134348035106825
2026-07-27 10:05:00+03:00,0.0134348035106825
2026-07-27 10:10:00+03:00,0.0134348035106825
2026-07-27 10:15:00+03:00,0.0134348035106825
2026-07-27 10:20:00+03:00,0.0134348035106825
2026-07-27 10:25:00+03:00,0.0134348035106825
2026-07-27 10:30:00+03:00,0.0134348035106825
2026-07-27 10:35:00+03:00,0.0134348035106825
2026-07-27 10:40:00+03:00,0.0134348035106825
2026-07-27 10:45:00+03:00,0.0134348035106825
2026-07-27 10:50:00+03:00,0.0134348035106825
2026-07-27 10:55:00+03:00,0.0134348035106825
2026-07-27 11:00:00+03:00,0.0134348035106825
2026-07-27 11:05:00+03:00,0.0134348035106825
2026-07-27 11:10:00+03:00,0.0134348035106825
2026-07-27 11:15:00+03:00,0.0134348035106825
2026-07-27 11:20:00+03:00,0.0134348035106825
2026-07-27 11:25:00+03:00,0.0134348035106825
2026-07-27 11:30:00+03:00,0.0134348035106825
2026-07-27 11:35:00+03:00,0.0134348035106825
2026-07-27 11:40:00+03:00,0.0134348035106825
2026-07-27 11:45:00+03:00,0.0134348035106825
2026-07-27 11:50:00+03:00,0.0134348035106825
2026-07-27 11:55:00+03:00,0.0134348035106825
2026-07-27 12:00:00+03:00,0.0134348035106825
2026-07-27 12:05:00+03:00,0.0134348035106825
2026-07-27 12:10:00+03:00,0.0134348035106825
2026-07-27 12:15:00+03:00,0.0134348035106825
2026-07-27 12:20:00+03:00,0.0134348035106825
2026-07-27 12:25:00+03:00,0.0134348035106825
2026-07-27 12:30:00+03:00,0.0134348035106825
2026-07-27 12:35:00+03:00,0.0134348035106825
2026-07-27 12:40:00+03:00,0.0134348035106825
2026-07-27 12:45:00+03:00,0.0134348035106825
2026-07-27 12:50:00+03:00,0.0134348035106825
2026-07-27 12:55:00+03:00,0.0134348035106825
2026-07-27 13:00:00+03:00,0.0134348035106825
2026-07-27 13:05:00+03:00,0.0134348035106825
2026-07-27 13:10:00+03:00,0.0134348035106825
2026-07-27 13:15:00+03:00,0.0134348035106825
2026-07-27 13:20:00+03:00,0.0134348035106825
2026-07-27 13:25:00+03:00,0.0134348035106825
2026-07-27 13:30:00+03:00,0.0134348035106825
2026-07-27 13:35:00+03:00,0.0134348035106825
2026-07-27 13:40:00+03:00,0.0134348035106825
2026-07-27 13:45:00+03:00,0.0134348035106825
2026-07-27 13:50:00+03:00,0.0134348035106825
2026-07-27 13:55:00+03:00,0.0134348035106825
2026-07-27 14:00:00+03:00,0.0134348035106825
2026-07-27 14:05:00+03:00,0.0134348035106825
2026-07-27 14:10:00+03:00,0.0134348035106825
2026-07-27 14:15:00+03:00,0.0134348035106825
2026-07-27 14:20:00+03:00,0.0134348035106825
2026-07-27 14:25:00+03:00,0.0134348035106825
2026-07-27 14:30:00+03:00,0.0134348035106825
2026-07-27 14:35:00+03:00,0.0134348035106825
2026-07-27 14:40:00+03:00,0.0134348035106825
2026-07-27 14:45:00+03:00,0.0134348035106825
2026-07-27 14:50:00+03:00,0.0134348035106825
2026-07-27 14:55:00+03:00,0.0134348035106825
2026-07-27 15:00:00+03:00,0.0134348035106825
2026-07-27 15:05:00+03:00,0.0134348035106825
2026-07-27 15:10:00+03:00,0.0134348035106825
2026-07-27 15:15:00+03:00,0.0134348035106825
2026-07-27 15:20:00+03:00,0.0134348035106825
2026-07-27 15:25:00+03:00,0.0134348035106825
2026-07-27 15:30:00+03:00,0.0134348035106825
2026-07-27 15:35:00+03:00,0.0134348035106825
2026-07-27 15:40:00+03:00,0.0134348035106825
2026-07-27 15:45:00+03:00,0.0134348035106825
2026-07-27 15:50:00+03:00,0.0134348035106825
2026-07-27 15:55:00+03:00,0.0134348035106825
2026-07-27 16:00:00+03:00,0.0134348035106825
2026-07-27 16:05:00+03:00,0.0134348035106825
2026-07-27 16:10:00+03:00,0.0134348035106825
2026-07-27 16:15:00+03:00,0.0134348035106825
2026-07-27 16:20:00+03:00,0.0134348035106825
2026-07-27 16:25:00+03:00,0.0134348035106825
2026-07-27 16:30:00+03:00,0.4742522379786296
2026-07-27 16:35:00+03:00,0.5068237570354944
2026-07-27 16:40:00+03:00,0.8644729865383445
2026-07-27 16:45:00+03:00,0.9285470375527226
2026-07-27 16:50:00+03:00,0.6801492680389879
2026-07-27 16:55:00+03:00,0.2220092745591655
2026-07-27 17:00:00+03:00,0.2930514648291804
2026-07-27 17:05:00+03:00,0.18492279203637133
2026-07-27 17:10:00+03:00,0.18492279203637133
2026-07-27 17:15:00+03:00,0.18379672419854884
2026-07-27 17:20:00+03:00,0.18492279203637133
2026-07-27 17:25:00+03:00,0.7156233654102765
2026-07-27 17:30:00+03:00,0.5683518372993457
2026-07-27 17:35:00+03:00,0.810510178237811
2026-07-27 17:40:00+03:00,0.36330724385946456
2026-07-27 17:45:00+03:00,0.4856596205574827
2026-07-27 17:50:00+03:00,0.9577809605495768
2026-07-27 17:55:00+03:00,0.9577809605495768
2026-07-28 09:55:00+03:00,0.14910967987561138
2026-07-28 10:00:00+03:00,0.0134348035106825
2026-07-28 10:05:00+03:00,0.0134348035106825
2026-07-28 10:10:00+03:00,0.0134348035106825
2026-07-28 10:15:00+03:00,0.0134348035106825
2026-07-28 10:20:00+03:00,0.0134348035106825
2026-07-28 10:25:00+03:00,0.0134348035106825
2026-07-28 10:30:00+03:00,0.0134348035106825
2026-07-28 10:35:00+03:00,0.0134348035106825
2026-07-28 10:40:00+03:00,0.0134348035106825
2026-07-28 10:45:00+03:00,0.0134348035106825
2026-07-28 10:50:00+03:00,0.0134348035106825
2026-07-28 10:55:00+03:00,0.0134348035106825
2026-07-28 11:00:00+03:00,0.0134348035106825
2026-07-28 11:05:00+03:00,0.0134348035106825
2026-07-28 11:10:00+03:00,0.0134348035106825
2026-07-28 11:15:00+03:00,0.0134348035106825
2026-07-28 11:20:00+03:00,0.0134348035106825
2026-07-28 11:25:00+03:00,0.0134348035106825
2026-07-28 11:30:00+03:00,0.0134348035106825
2026-07-28 11:35:00+03:00,0.0134348035106825
2026-07-28 11:40:00+03:00,0.0134348035106825
2026-07-28 11:45:00+03:00,0.0134348035106825
2026-07-28 11:50:00+03:00,0.0134348035106825
2026-07-28 11:55:00+03:00,0.0134348035106825
2026-07-28 12:00:00+03:00,0.0134348035106825
2026-07-28 12:05:00+03:00,0.0134348035106825
2026-07-28 12:10:00+03:00,0.0134348035106825
2026-07-28 12:15:00+03:00,0.0134348035106825
2026-07-28 12:20:00+03:00,0.0134348035106825
2026-07-28 12:25:00+03:00,0.0134348035106825
2026-07-28 12:30:00+03:00,0.0134348035106825
2026-07-28 12:35:00+03:00,0.0134348035106825
2026-07-28 12:40:00+03:00,0.0134348035106825
2026-07-28 12:45:00+03:00,0.0134348035106825
2026-07-28 12:50:00+03:00,0.0134348035106825
2026-07-28 12:55:00+03:00,0.0134348035106825
2026-07-28 13:00:00+03:00,0.0134348035106825
2026-07-28 13:05:00+03:00,0.0134348035106825
2026-07-28 13:10:00+03:00,0.0134348035106825
2026-07-28 13:15:00+03:00,0.0134348035106825
2026-07-28 13:20:00+03:00,0.0134348035106825
2026-07-28 13:25:00+03:00,0.0134348035106825
2026-07-28 13:30:00+03:00,0.0134348035106825
2026-07-28 13:35:00+03:00,0.0134348035106825
2026-07-28 13:40:00+03:00,0.0134348035106825
2026-07-28 13:45:00+03:00,0.0134348035106825
2026-07-28 13:50:00+03:00,0.0134348035106825
2026-07-28 13:55:00+03:00,0.0134348035106825
2026-07-28 14:00:00+03:00,0.0134348035106825
2026-07-28 14:05:00+03:00,0.0134348035106825
2026-07-28 14:10:00+03:00,0.0134348035106825
2026-07-28 14:15:00+03:00,0.0134348035106825
2026-07-28 14:20:00+03:00,0.0134348035106825
2026-07-28 14:25:00+03:00,0.0134348035106825
2026-07-28 14:30:00+03:00,0.0134348035106825
2026-07-28 14:35:00+03:00,0.0134348035106825
2026-07-28 14:40:00+03:00,0.0134348035106825
2026-07-28 14:45:00+03:00,0.0134348035106825
2026-07-28 14:50:00+03:00,0.0134348035106825
2026-07-28 14:55:00+03:00,0.0134348035106825
2026-07-28 15:00:00+03:00,0.0134348035106825
2026-07-28 15:05:00+03:00,0.0134348035106825
2026-07-28 15:10:00+03:00,0.0134348035106825
2026-07-28 15:15:00+03:00,0.0134348035106825
2026-07-28 15:20:00+03:00,0.0134348035106825
2026-07-28 15:25:00+03:00,0.0134348035106825
2026-07-28 15:30:00+03:00,0.0134348035106825
2026-07-28 15:35:00+03:00,0.0134348035106825
2026-07-28 15:40:00+03:00,0.0134348035106825
2026-07-28 15:45:00+03:00,0.0134348035106825
2026-07-28 15:50:00+03:00,0.0134348035106825
2026-07-28 15:55:00+03:00,0.0134348035106825
2026-07-28 16:00:00+03:00,0.0134348035106825
2026-07-28 16:05:00+03:00,0.0134348035106825
2026-07-28 16:10:00+03:00,0.0134348035106825
2026-07-28 16:15:00+03:00,0.0134348035106825
2026-07-28 16:20:00+03:00,0.0134348035106825
2026-07-28 16:25:00+03:00,0.0134348035106825
2026-07-28 16:30:00+03:00,0.0134348035106825
2026-07-28 16:35:00+03:00,0.0134348035106825
2026-07-28 16:40:00+03:00,0.976916924171432
2026-07-28 16:45:00+03:00,0.9678422207690854
2026-07-28 16:50:00+03:00,0.949128265058716
2026-07-28 16:55:00+03:00,0.0134348035106825
2026-07-28 17:00:00+03:00,0.0134348035106825
2026-07-28 17:05:00+03:00,0.0134348035106825
2026-07-28 17:10:00+03:00,0.0134348035106825
2026-07-28 17:15:00+03:00,0.0134348035106825
2026-07-28 17:20:00+03:00,0.0134348035106825
2026-07-28 17:25:00+03:00,0.0134348035106825
2026-07-28 17:30:00+03:00,0.0134348035106825
2026-07-28 17:35:00+03:00,0.0134348035106825
2026-07-28 17:40:00+03:00,0.0134348035106825
2026-07-28 17:45:00+03:00,0.0134348035106825
2026-07-28 17:50:00+03:00,0.0134348035106825
2026-07-28 17:55:00+03:00,0.0134348035106825
2026-07-28 18:00:00+03:00,0.0134348035106825
