date,CombinedEquity
2026-05-05 09:55:00+03:00,1000000.0
2026-05-05 10:00:00+03:00,1000000.0
2026-05-05 10:05:00+03:00,1000000.0
2026-05-05 10:10:00+03:00,1000000.0
2026-05-05 10:15:00+03:00,1000000.0
2026-05-05 10:20:00+03:00,1000000.0
2026-05-05 10:25:00+03:00,1000000.0
2026-05-05 10:30:00+03:00,1000000.0
2026-05-05 10:35:00+03:00,1000000.0
2026-05-05 10:40:00+03:00,1000000.0
2026-05-05 10:45:00+03:00,1000000.0
2026-05-05 10:50:00+03:00,1000000.0
2026-05-05 10:55:00+03:00,1000000.0
2026-05-05 11:00:00+03:00,1000000.0
2026-05-05 11:05:00+03:00,1000000.0
2026-05-05 11:10:00+03:00,1000000.0
2026-05-05 11:15:00+03:00,1000000.0
2026-05-05 11:20:00+03:00,1000000.0
2026-05-05 11:25:00+03:00,1000000.0
2026-05-05 11:30:00+03:00,1000000.0
2026-05-05 11:35:00+03:00,1000000.0
2026-05-05 11:40:00+03:00,1000000.0
2026-05-05 11:45:00+03:00,1000000.0
2026-05-05 11:50:00+03:00,1000000.0
2026-05-05 11:55:00+03:00,1000000.0
2026-05-05 12:00:00+03:00,1000000.0
2026-05-05 12:05:00+03:00,1000000.0
2026-05-05 12:10:00+03:00,1000000.0
2026-05-05 12:15:00+03:00,1000000.0
2026-05-05 12:20:00+03:00,1000000.0
2026-05-05 12:25:00+03:00,1000000.0
2026-05-05 12:30:00+03:00,1000000.0
2026-05-05 12:35:00+03:00,1000000.0
2026-05-05 12:40:00+03:00,1000000.0
2026-05-05 12:45:00+03:00,1000000.0
2026-05-05 12:50:00+03:00,1000000.0
2026-05-05 12:55:00+03:00,1000000.0
2026-05-05 13:00:00+03:00,1000000.0
2026-05-05 13:05:00+03:00,1000000.0
2026-05-05 13:10:00+03:00,1000000.0
2026-05-05 13:15:00+03:00,1000000.0
2026-05-05 13:20:00+03:00,1000000.0
2026-05-05 13:25:00+03:00,1000000.0
2026-05-05 13:30:00+03:00,1000000.0
2026-05-05 13:35:00+03:00,1000000.0
2026-05-05 13:40:00+03:00,1000000.0
2026-05-05 13:45:00+03:00,1000000.0
2026-05-05 13:50:00+03:00,1000000.0
2026-05-05 13:55:00+03:00,1000000.0
2026-05-05 14:00:00+03:00,1000000.0
2026-05-05 14:05:00+03:00,1000000.0
2026-05-05 14:10:00+03:00,1000000.0
2026-05-05 14:15:00+03:00,1000000.0
2026-05-05 14:20:00+03:00,1000000.0
2026-05-05 14:25:00+03:00,1000000.0
2026-05-05 14:30:00+03:00,1000000.0
2026-05-05 14:35:00+03:00,1000000.0
2026-05-05 14:40:00+03:00,1000000.0
2026-05-05 14:45:00+03:00,1000000.0
2026-05-05 14:50:00+03:00,1000000.0
2026-05-05 14:55:00+03:00,1000000.0
2026-05-05 15:00:00+03:00,1000000.0
2026-05-05 15:05:00+03:00,1000000.0
2026-05-05 15:10:00+03:00,1000000.0
2026-05-05 15:15:00+03:00,1000000.0
2026-05-05 15:20:00+03:00,1000000.0
2026-05-05 15:25:00+03:00,1000000.0
2026-05-05 15:30:00+03:00,1000000.0
2026-05-05 15:35:00+03:00,1000000.0
2026-05-05 15:40:00+03:00,1000000.0
2026-05-05 15:45:00+03:00,1000000.0
2026-05-05 15:50:00+03:00,1000000.0
2026-05-05 15:55:00+03:00,1000000.0
2026-05-05 16:00:00+03:00,1000000.0
2026-05-05 16:05:00+03:00,1000000.0
2026-05-05 16:10:00+03:00,1000000.0
2026-05-05 16:15:00+03:00,1000000.0
2026-05-05 16:20:00+03:00,1000000.0
2026-05-05 16:25:00+03:00,1000000.0
2026-05-05 16:30:00+03:00,1000000.0
2026-05-05 16:35:00+03:00,1000000.0
2026-05-05 16:40:00+03:00,1000000.0
2026-05-05 16:45:00+03:00,1000000.0
2026-05-05 16:50:00+03:00,1000000.0
2026-05-05 16:55:00+03:00,1000000.0
2026-05-05 17:00:00+03:00,1000000.0
2026-05-05 17:05:00+03:00,1000000.0
2026-05-05 17:10:00+03:00,1000000.0
2026-05-05 17:15:00+03:00,1000000.0
2026-05-05 17:20:00+03:00,1000000.0
2026-05-05 17:25:00+03:00,1000000.0
2026-05-05 17:30:00+03:00,1000000.0
2026-05-05 17:35:00+03:00,1000000.0
2026-05-05 17:40:00+03:00,1000000.0
2026-05-05 17:45:00+03:00,1000000.0
2026-05-05 17:50:00+03:00,1000000.0
2026-05-05 17:55:00+03:00,1000000.0
2026-05-06 09:55:00+03:00,1000000.0
2026-05-06 10:00:00+03:00,1000000.0
2026-05-06 10:05:00+03:00,1000000.0
2026-05-06 10:10:00+03:00,1000000.0
2026-05-06 10:15:00+03:00,1000000.0
2026-05-06 10:20:00+03:00,1000000.0
2026-05-06 10:25:00+03:00,1000000.0
2026-05-06 10:30:00+03:00,1000000.0
2026-05-06 10:35:00+03:00,1000000.0
2026-05-06 10:40:00+03:00,1000000.0
2026-05-06 10:45:00+03:00,1000000.0
2026-05-06 10:50:00+03:00,1000000.0
2026-05-06 10:55:00+03:00,1000000.0
2026-05-06 11:00:00+03:00,1000000.0
2026-05-06 11:05:00+03:00,1000000.0
2026-05-06 11:10:00+03:00,1000000.0
2026-05-06 11:15:00+03:00,1000000.0
2026-05-06 11:20:00+03:00,1000000.0
2026-05-06 11:25:00+03:00,1000000.0
2026-05-06 11:30:00+03:00,1000000.0
2026-05-06 11:35:00+03:00,1000000.0
2026-05-06 11:40:00+03:00,1000000.0
2026-05-06 11:45:00+03:00,1000000.0
2026-05-06 11:50:00+03:00,1000000.0
2026-05-06 11:55:00+03:00,1000000.0
2026-05-06 12:00:00+03:00,1000000.0
2026-05-06 12:05:00+03:00,1000000.0
2026-05-06 12:10:00+03:00,1000000.0
2026-05-06 12:15:00+03:00,1000000.0
2026-05-06 12:20:00+03:00,1000000.0
2026-05-06 12:25:00+03:00,1000000.0
2026-05-06 12:30:00+03:00,1000000.0
2026-05-06 12:35:00+03:00,1000000.0
2026-05-06 12:40:00+03:00,1000000.0
2026-05-06 12:45:00+03:00,1000000.0
2026-05-06 12:50:00+03:00,1000000.0
2026-05-06 12:55:00+03:00,1000000.0
2026-05-06 13:00:00+03:00,1000000.0
2026-05-06 13:05:00+03:00,1000000.0
2026-05-06 13:10:00+03:00,1000000.0
2026-05-06 13:15:00+03:00,1000000.0
2026-05-06 13:20:00+03:00,1000000.0
2026-05-06 13:25:00+03:00,1000000.0
2026-05-06 13:30:00+03:00,1000000.0
2026-05-06 13:35:00+03:00,1000000.0
2026-05-06 13:40:00+03:00,1000000.0
2026-05-06 13:45:00+03:00,1000000.0
2026-05-06 13:50:00+03:00,1000000.0
2026-05-06 13:55:00+03:00,1000000.0
2026-05-06 14:00:00+03:00,1000000.0
2026-05-06 14:05:00+03:00,1000000.0
2026-05-06 14:10:00+03:00,1000000.0
2026-05-06 14:15:00+03:00,1000000.0
2026-05-06 14:20:00+03:00,1000000.0
2026-05-06 14:25:00+03:00,1000000.0
2026-05-06 14:30:00+03:00,1000000.0
2026-05-06 14:35:00+03:00,1000000.0
2026-05-06 14:40:00+03:00,1000000.0
2026-05-06 14:45:00+03:00,1000000.0
2026-05-06 14:50:00+03:00,1000000.0
2026-05-06 14:55:00+03:00,1000000.0
2026-05-06 15:00:00+03:00,1000000.0
2026-05-06 15:05:00+03:00,1000000.0
2026-05-06 15:10:00+03:00,1000000.0
2026-05-06 15:15:00+03:00,1000000.0
2026-05-06 15:20:00+03:00,1000000.0
2026-05-06 15:25:00+03:00,1000000.0
2026-05-06 15:30:00+03:00,1000000.0
2026-05-06 15:35:00+03:00,1000000.0
2026-05-06 15:40:00+03:00,1000000.0
2026-05-06 15:45:00+03:00,1000000.0
2026-05-06 15:50:00+03:00,1000000.0
2026-05-06 15:55:00+03:00,1000000.0
2026-05-06 16:00:00+03:00,1000000.0
2026-05-06 16:05:00+03:00,1000000.0
2026-05-06 16:10:00+03:00,1000000.0
2026-05-06 16:15:00+03:00,1000000.0
2026-05-06 16:20:00+03:00,1000000.0
2026-05-06 16:25:00+03:00,1000000.0
2026-05-06 16:30:00+03:00,1000000.0
2026-05-06 16:35:00+03:00,1000000.0
2026-05-06 16:40:00+03:00,1000000.0
2026-05-06 16:45:00+03:00,1000000.0
2026-05-06 16:50:00+03:00,1000000.0
2026-05-06 16:55:00+03:00,1000000.0
2026-05-06 17:00:00+03:00,1000000.0
2026-05-06 17:05:00+03:00,1000000.0
2026-05-06 17:10:00+03:00,1000000.0
2026-05-06 17:15:00+03:00,1000000.0
2026-05-06 17:20:00+03:00,1000000.0
2026-05-06 17:25:00+03:00,1000000.0
2026-05-06 17:30:00+03:00,1000000.0
2026-05-06 17:35:00+03:00,1000000.0
2026-05-06 17:40:00+03:00,1000000.0
2026-05-06 17:45:00+03:00,1000000.0
2026-05-06 17:50:00+03:00,1000000.0
2026-05-06 17:55:00+03:00,1000000.0
2026-05-07 09:55:00+03:00,1000000.0
2026-05-07 10:00:00+03:00,1000000.0
2026-05-07 10:05:00+03:00,1000000.0
2026-05-07 10:10:00+03:00,1000000.0
2026-05-07 10:15:00+03:00,1000000.0
2026-05-07 10:20:00+03:00,1000000.0
2026-05-07 10:25:00+03:00,1000000.0
2026-05-07 10:30:00+03:00,1000000.0
2026-05-07 10:35:00+03:00,1000000.0
2026-05-07 10:40:00+03:00,1000000.0
2026-05-07 10:45:00+03:00,1000000.0
2026-05-07 10:50:00+03:00,1000000.0
2026-05-07 10:55:00+03:00,1000000.0
2026-05-07 11:00:00+03:00,1000000.0
2026-05-07 11:05:00+03:00,1000000.0
2026-05-07 11:10:00+03:00,1000000.0
2026-05-07 11:15:00+03:00,1000000.0
2026-05-07 11:20:00+03:00,1000000.0
2026-05-07 11:25:00+03:00,1000000.0
2026-05-07 11:30:00+03:00,1000000.0
2026-05-07 11:35:00+03:00,1000000.0
2026-05-07 11:40:00+03:00,1000000.0
2026-05-07 11:45:00+03:00,1000000.0
2026-05-07 11:50:00+03:00,1000000.0
2026-05-07 11:55:00+03:00,1000000.0
2026-05-07 12:00:00+03:00,1000000.0
2026-05-07 12:05:00+03:00,1000000.0
2026-05-07 12:10:00+03:00,1000000.0
2026-05-07 12:15:00+03:00,1000000.0
2026-05-07 12:20:00+03:00,1000000.0
2026-05-07 12:25:00+03:00,1000000.0
2026-05-07 12:30:00+03:00,1000000.0
2026-05-07 12:35:00+03:00,1000000.0
2026-05-07 12:40:00+03:00,1000000.0
2026-05-07 12:45:00+03:00,1000000.0
2026-05-07 12:50:00+03:00,1000000.0
2026-05-07 12:55:00+03:00,1000000.0
2026-05-07 13:00:00+03:00,1000000.0
2026-05-07 13:05:00+03:00,1000000.0
2026-05-07 13:10:00+03:00,1000000.0
2026-05-07 13:15:00+03:00,1000000.0
2026-05-07 13:20:00+03:00,1000000.0
2026-05-07 13:25:00+03:00,1000000.0
2026-05-07 13:30:00+03:00,1000000.0
2026-05-07 13:35:00+03:00,1000000.0
2026-05-07 13:40:00+03:00,1000000.0
2026-05-07 13:45:00+03:00,1000000.0
2026-05-07 13:50:00+03:00,1000000.0
2026-05-07 13:55:00+03:00,1000000.0
2026-05-07 14:00:00+03:00,1000000.0
2026-05-07 14:05:00+03:00,1000000.0
2026-05-07 14:10:00+03:00,1000000.0
2026-05-07 14:15:00+03:00,1000000.0
2026-05-07 14:20:00+03:00,1000000.0
2026-05-07 14:25:00+03:00,1000000.0
2026-05-07 14:30:00+03:00,1000000.0
2026-05-07 14:35:00+03:00,1000000.0
2026-05-07 14:40:00+03:00,1000000.0
2026-05-07 14:45:00+03:00,1000000.0
2026-05-07 14:50:00+03:00,1000000.0
2026-05-07 14:55:00+03:00,1000000.0
2026-05-07 15:00:00+03:00,1000000.0
2026-05-07 15:05:00+03:00,1000000.0
2026-05-07 15:10:00+03:00,1000000.0
2026-05-07 15:15:00+03:00,1000000.0
2026-05-07 15:20:00+03:00,1000000.0
2026-05-07 15:25:00+03:00,1000000.0
2026-05-07 15:30:00+03:00,1000000.0
2026-05-07 15:35:00+03:00,1000000.0
2026-05-07 15:40:00+03:00,1000000.0
2026-05-07 15:45:00+03:00,1000000.0
2026-05-07 15:50:00+03:00,1000000.0
2026-05-07 15:55:00+03:00,1000000.0
2026-05-07 16:00:00+03:00,1000000.0
2026-05-07 16:05:00+03:00,1000000.0
2026-05-07 16:10:00+03:00,1000000.0
2026-05-07 16:15:00+03:00,1000000.0
2026-05-07 16:20:00+03:00,1000000.0
2026-05-07 16:25:00+03:00,1000000.0
2026-05-07 16:30:00+03:00,1000000.0
2026-05-07 16:35:00+03:00,1000000.0
2026-05-07 16:40:00+03:00,1000000.0
2026-05-07 16:45:00+03:00,1000000.0
2026-05-07 16:50:00+03:00,1000000.0
2026-05-07 16:55:00+03:00,1000000.0
2026-05-07 17:00:00+03:00,1000000.0
2026-05-07 17:05:00+03:00,1000000.0
2026-05-07 17:10:00+03:00,1000000.0
2026-05-07 17:15:00+03:00,1000000.0
2026-05-07 17:20:00+03:00,1000000.0
2026-05-07 17:25:00+03:00,1000000.0
2026-05-07 17:30:00+03:00,1000000.0
2026-05-07 17:35:00+03:00,1000000.0
2026-05-07 17:40:00+03:00,1000000.0
2026-05-07 17:45:00+03:00,1000000.0
2026-05-07 17:50:00+03:00,1000000.0
2026-05-07 17:55:00+03:00,1000000.0
2026-05-08 09:55:00+03:00,1000000.0
2026-05-08 10:00:00+03:00,1000000.0
2026-05-08 10:05:00+03:00,1000000.0
2026-05-08 10:10:00+03:00,1000000.0
2026-05-08 10:15:00+03:00,1000000.0
2026-05-08 10:20:00+03:00,1000000.0
2026-05-08 10:25:00+03:00,1000000.0
2026-05-08 10:30:00+03:00,1000000.0
2026-05-08 10:35:00+03:00,1000000.0
2026-05-08 10:40:00+03:00,1000000.0
2026-05-08 10:45:00+03:00,1000000.0
2026-05-08 10:50:00+03:00,1000000.0
2026-05-08 10:55:00+03:00,1000000.0
2026-05-08 11:00:00+03:00,1000000.0
2026-05-08 11:05:00+03:00,1000000.0
2026-05-08 11:10:00+03:00,1000000.0
2026-05-08 11:15:00+03:00,1000000.0
2026-05-08 11:20:00+03:00,1000000.0
2026-05-08 11:25:00+03:00,1000000.0
2026-05-08 11:30:00+03:00,1000000.0
2026-05-08 11:35:00+03:00,1000000.0
2026-05-08 11:40:00+03:00,1000000.0
2026-05-08 11:45:00+03:00,1000000.0
2026-05-08 11:50:00+03:00,1000000.0
2026-05-08 11:55:00+03:00,1000000.0
2026-05-08 12:00:00+03:00,1000000.0
2026-05-08 12:05:00+03:00,1000000.0
2026-05-08 12:10:00+03:00,1000000.0
2026-05-08 12:15:00+03:00,1000000.0
2026-05-08 12:20:00+03:00,1000000.0
2026-05-08 12:25:00+03:00,1000000.0
2026-05-08 12:30:00+03:00,1000000.0
2026-05-08 12:35:00+03:00,1000000.0
2026-05-08 12:40:00+03:00,1000000.0
2026-05-08 12:45:00+03:00,1000000.0
2026-05-08 12:50:00+03:00,1000000.0
2026-05-08 12:55:00+03:00,1000000.0
2026-05-08 13:00:00+03:00,1000000.0
2026-05-08 13:05:00+03:00,1000000.0
2026-05-08 13:10:00+03:00,1000000.0
2026-05-08 13:15:00+03:00,1000000.0
2026-05-08 13:20:00+03:00,1000000.0
2026-05-08 13:25:00+03:00,1000000.0
2026-05-08 13:30:00+03:00,1000000.0
2026-05-08 13:35:00+03:00,1000000.0
2026-05-08 13:40:00+03:00,1000000.0
2026-05-08 13:45:00+03:00,1000000.0
2026-05-08 13:50:00+03:00,1000000.0
2026-05-08 13:55:00+03:00,1000000.0
2026-05-08 14:00:00+03:00,1000000.0
2026-05-08 14:05:00+03:00,1000000.0
2026-05-08 14:10:00+03:00,1000000.0
2026-05-08 14:15:00+03:00,1000000.0
2026-05-08 14:20:00+03:00,1000000.0
2026-05-08 14:25:00+03:00,1000000.0
2026-05-08 14:30:00+03:00,1000000.0
2026-05-08 14:35:00+03:00,1000000.0
2026-05-08 14:40:00+03:00,1000000.0
2026-05-08 14:45:00+03:00,1000000.0
2026-05-08 14:50:00+03:00,1000000.0
2026-05-08 14:55:00+03:00,1000000.0
2026-05-08 15:00:00+03:00,1000000.0
2026-05-08 15:05:00+03:00,1000000.0
2026-05-08 15:10:00+03:00,1000000.0
2026-05-08 15:15:00+03:00,1000000.0
2026-05-08 15:20:00+03:00,1000000.0
2026-05-08 15:25:00+03:00,1000000.0
2026-05-08 15:30:00+03:00,1000000.0
2026-05-08 15:35:00+03:00,1000000.0
2026-05-08 15:40:00+03:00,1000000.0
2026-05-08 15:45:00+03:00,1000000.0
2026-05-08 15:50:00+03:00,1000000.0
2026-05-08 15:55:00+03:00,1000000.0
2026-05-08 16:00:00+03:00,1000000.0
2026-05-08 16:05:00+03:00,1000000.0
2026-05-08 16:10:00+03:00,1000000.0
2026-05-08 16:15:00+03:00,1000000.0
2026-05-08 16:20:00+03:00,1000000.0
2026-05-08 16:25:00+03:00,1000000.0
2026-05-08 16:30:00+03:00,1000000.0
2026-05-08 16:35:00+03:00,1000000.0
2026-05-08 16:40:00+03:00,1000000.0
2026-05-08 16:45:00+03:00,1000000.0
2026-05-08 16:50:00+03:00,1000000.0
2026-05-08 16:55:00+03:00,1000000.0
2026-05-08 17:00:00+03:00,1000000.0
2026-05-08 17:05:00+03:00,1000000.0
2026-05-08 17:10:00+03:00,1000000.0
2026-05-08 17:15:00+03:00,1000000.0
2026-05-08 17:20:00+03:00,1000000.0
2026-05-08 17:25:00+03:00,1000000.0
2026-05-08 17:30:00+03:00,1000000.0
2026-05-08 17:35:00+03:00,1000000.0
2026-05-08 17:40:00+03:00,1000000.0
2026-05-08 17:45:00+03:00,1000000.0
2026-05-08 17:50:00+03:00,1000000.0
2026-05-08 17:55:00+03:00,1000000.0
2026-05-11 09:55:00+03:00,1000000.0
2026-05-11 10:00:00+03:00,1000000.0
2026-05-11 10:05:00+03:00,1000000.0
2026-05-11 10:10:00+03:00,1000000.0
2026-05-11 10:15:00+03:00,1000000.0
2026-05-11 10:20:00+03:00,1000000.0
2026-05-11 10:25:00+03:00,1000000.0
2026-05-11 10:30:00+03:00,1000000.0
2026-05-11 10:35:00+03:00,1000000.0
2026-05-11 10:40:00+03:00,1000000.0
2026-05-11 10:45:00+03:00,1000000.0
2026-05-11 10:50:00+03:00,1000000.0
2026-05-11 10:55:00+03:00,1000000.0
2026-05-11 11:00:00+03:00,1000000.0
2026-05-11 11:05:00+03:00,1000000.0
2026-05-11 11:10:00+03:00,1000000.0
2026-05-11 11:15:00+03:00,1000000.0
2026-05-11 11:20:00+03:00,1000000.0
2026-05-11 11:25:00+03:00,1000000.0
2026-05-11 11:30:00+03:00,1000000.0
2026-05-11 11:35:00+03:00,1000000.0
2026-05-11 11:40:00+03:00,1000000.0
2026-05-11 11:45:00+03:00,1000000.0
2026-05-11 11:50:00+03:00,1000000.0
2026-05-11 11:55:00+03:00,1000000.0
2026-05-11 12:00:00+03:00,1000000.0
2026-05-11 12:05:00+03:00,1000000.0
2026-05-11 12:10:00+03:00,1000000.0
2026-05-11 12:15:00+03:00,1000000.0
2026-05-11 12:20:00+03:00,1000000.0
2026-05-11 12:25:00+03:00,1000000.0
2026-05-11 12:30:00+03:00,1000000.0
2026-05-11 12:35:00+03:00,1000000.0
2026-05-11 12:40:00+03:00,1000000.0
2026-05-11 12:45:00+03:00,1000000.0
2026-05-11 12:50:00+03:00,1000000.0
2026-05-11 12:55:00+03:00,1000000.0
2026-05-11 13:00:00+03:00,1000000.0
2026-05-11 13:05:00+03:00,1000000.0
2026-05-11 13:10:00+03:00,1000000.0
2026-05-11 13:15:00+03:00,1000000.0
2026-05-11 13:20:00+03:00,1000000.0
2026-05-11 13:25:00+03:00,1000000.0
2026-05-11 13:30:00+03:00,1000000.0
2026-05-11 13:35:00+03:00,1000000.0
2026-05-11 13:40:00+03:00,1000000.0
2026-05-11 13:45:00+03:00,1000000.0
2026-05-11 13:50:00+03:00,1000000.0
2026-05-11 13:55:00+03:00,1000000.0
2026-05-11 14:00:00+03:00,1000000.0
2026-05-11 14:05:00+03:00,1000000.0
2026-05-11 14:10:00+03:00,1000000.0
2026-05-11 14:15:00+03:00,1000000.0
2026-05-11 14:20:00+03:00,1000000.0
2026-05-11 14:25:00+03:00,1000000.0
2026-05-11 14:30:00+03:00,1000000.0
2026-05-11 14:35:00+03:00,1000000.0
2026-05-11 14:40:00+03:00,1000000.0
2026-05-11 14:45:00+03:00,1000000.0
2026-05-11 14:50:00+03:00,1000000.0
2026-05-11 14:55:00+03:00,1000000.0
2026-05-11 15:00:00+03:00,1000000.0
2026-05-11 15:05:00+03:00,1000000.0
2026-05-11 15:10:00+03:00,1000000.0
2026-05-11 15:15:00+03:00,1000000.0
2026-05-11 15:20:00+03:00,1000000.0
2026-05-11 15:25:00+03:00,1000000.0
2026-05-11 15:30:00+03:00,1000000.0
2026-05-11 15:35:00+03:00,1000000.0
2026-05-11 15:40:00+03:00,1000000.0
2026-05-11 15:45:00+03:00,1000000.0
2026-05-11 15:50:00+03:00,1000000.0
2026-05-11 15:55:00+03:00,1000000.0
2026-05-11 16:00:00+03:00,1000000.0
2026-05-11 16:05:00+03:00,1000000.0
2026-05-11 16:10:00+03:00,1000000.0
2026-05-11 16:15:00+03:00,1000000.0
2026-05-11 16:20:00+03:00,1000000.0
2026-05-11 16:25:00+03:00,1000000.0
2026-05-11 16:30:00+03:00,1000000.0
2026-05-11 16:35:00+03:00,1000000.0
2026-05-11 16:40:00+03:00,1000000.0
2026-05-11 16:45:00+03:00,1000000.0
2026-05-11 16:50:00+03:00,1000000.0
2026-05-11 16:55:00+03:00,1000000.0
2026-05-11 17:00:00+03:00,1000000.0
2026-05-11 17:05:00+03:00,1000000.0
2026-05-11 17:10:00+03:00,1000000.0
2026-05-11 17:15:00+03:00,1000000.0
2026-05-11 17:20:00+03:00,1000000.0
2026-05-11 17:25:00+03:00,1000000.0
2026-05-11 17:30:00+03:00,1000000.0
2026-05-11 17:35:00+03:00,1000000.0
2026-05-11 17:40:00+03:00,1000000.0
2026-05-11 17:45:00+03:00,1000000.0
2026-05-11 17:50:00+03:00,1000000.0
2026-05-11 17:55:00+03:00,1000000.0
2026-05-12 09:55:00+03:00,1000000.0
2026-05-12 10:00:00+03:00,1000000.0
2026-05-12 10:05:00+03:00,1000000.0
2026-05-12 10:10:00+03:00,1000000.0
2026-05-12 10:15:00+03:00,1000000.0
2026-05-12 10:20:00+03:00,1000000.0
2026-05-12 10:25:00+03:00,1000000.0
2026-05-12 10:30:00+03:00,1000000.0
2026-05-12 10:35:00+03:00,1000000.0
2026-05-12 10:40:00+03:00,1000000.0
2026-05-12 10:45:00+03:00,1000000.0
2026-05-12 10:50:00+03:00,1000000.0
2026-05-12 10:55:00+03:00,1000000.0
2026-05-12 11:00:00+03:00,1000000.0
2026-05-12 11:05:00+03:00,1000000.0
2026-05-12 11:10:00+03:00,1000000.0
2026-05-12 11:15:00+03:00,1000000.0
2026-05-12 11:20:00+03:00,1000000.0
2026-05-12 11:25:00+03:00,1000000.0
2026-05-12 11:30:00+03:00,1000000.0
2026-05-12 11:35:00+03:00,1000000.0
2026-05-12 11:40:00+03:00,1000000.0
2026-05-12 11:45:00+03:00,1000000.0
2026-05-12 11:50:00+03:00,1000000.0
2026-05-12 11:55:00+03:00,1000000.0
2026-05-12 12:00:00+03:00,1000000.0
2026-05-12 12:05:00+03:00,1000000.0
2026-05-12 12:10:00+03:00,1000000.0
2026-05-12 12:15:00+03:00,1000000.0
2026-05-12 12:20:00+03:00,1000000.0
2026-05-12 12:25:00+03:00,1000000.0
2026-05-12 12:30:00+03:00,1000000.0
2026-05-12 12:35:00+03:00,1000000.0
2026-05-12 12:40:00+03:00,1000000.0
2026-05-12 12:45:00+03:00,1000000.0
2026-05-12 12:50:00+03:00,1000000.0
2026-05-12 12:55:00+03:00,1000000.0
2026-05-12 13:00:00+03:00,1000000.0
2026-05-12 13:05:00+03:00,1000000.0
2026-05-12 13:10:00+03:00,1000000.0
2026-05-12 13:15:00+03:00,1000000.0
2026-05-12 13:20:00+03:00,1000000.0
2026-05-12 13:25:00+03:00,1000000.0
2026-05-12 13:30:00+03:00,1000000.0
2026-05-12 13:35:00+03:00,1000000.0
2026-05-12 13:40:00+03:00,1000000.0
2026-05-12 13:45:00+03:00,1000000.0
2026-05-12 13:50:00+03:00,1000000.0
2026-05-12 13:55:00+03:00,1000000.0
2026-05-12 14:00:00+03:00,1000000.0
2026-05-12 14:05:00+03:00,1000000.0
2026-05-12 14:10:00+03:00,1000000.0
2026-05-12 14:15:00+03:00,1000000.0
2026-05-12 14:20:00+03:00,1000000.0
2026-05-12 14:25:00+03:00,1000000.0
2026-05-12 14:30:00+03:00,1000000.0
2026-05-12 14:35:00+03:00,1000000.0
2026-05-12 14:40:00+03:00,1000000.0
2026-05-12 14:45:00+03:00,1000000.0
2026-05-12 14:50:00+03:00,1000000.0
2026-05-12 14:55:00+03:00,1000000.0
2026-05-12 15:00:00+03:00,1000000.0
2026-05-12 15:05:00+03:00,1000000.0
2026-05-12 15:10:00+03:00,1000000.0
2026-05-12 15:15:00+03:00,1000000.0
2026-05-12 15:20:00+03:00,1000000.0
2026-05-12 15:25:00+03:00,1000000.0
2026-05-12 15:30:00+03:00,1000000.0
2026-05-12 15:35:00+03:00,1000000.0
2026-05-12 15:40:00+03:00,1000000.0
2026-05-12 15:45:00+03:00,1000000.0
2026-05-12 15:50:00+03:00,1000000.0
2026-05-12 15:55:00+03:00,1000000.0
2026-05-12 16:00:00+03:00,1000000.0
2026-05-12 16:05:00+03:00,1000000.0
2026-05-12 16:10:00+03:00,1000000.0
2026-05-12 16:15:00+03:00,1000000.0
2026-05-12 16:20:00+03:00,1000000.0
2026-05-12 16:25:00+03:00,1000000.0
2026-05-12 16:30:00+03:00,1000000.0
2026-05-12 16:35:00+03:00,1000000.0
2026-05-12 16:40:00+03:00,1000000.0
2026-05-12 16:45:00+03:00,1000000.0
2026-05-12 16:50:00+03:00,1000000.0
2026-05-12 16:55:00+03:00,1000000.0
2026-05-12 17:00:00+03:00,1000000.0
2026-05-12 17:05:00+03:00,1000000.0
2026-05-12 17:10:00+03:00,1000000.0
2026-05-12 17:15:00+03:00,1000000.0
2026-05-12 17:20:00+03:00,1000000.0
2026-05-12 17:25:00+03:00,1000000.0
2026-05-12 17:30:00+03:00,1000000.0
2026-05-12 17:35:00+03:00,1000000.0
2026-05-12 17:40:00+03:00,1000000.0
2026-05-12 17:45:00+03:00,1000000.0
2026-05-12 17:50:00+03:00,1000000.0
2026-05-12 17:55:00+03:00,1000000.0
2026-05-13 09:55:00+03:00,1000000.0
2026-05-13 10:00:00+03:00,1000000.0
2026-05-13 10:05:00+03:00,1000000.0
2026-05-13 10:10:00+03:00,1000000.0
2026-05-13 10:15:00+03:00,1000000.0
2026-05-13 10:20:00+03:00,1000000.0
2026-05-13 10:25:00+03:00,1000000.0
2026-05-13 10:30:00+03:00,1000000.0
2026-05-13 10:35:00+03:00,1000000.0
2026-05-13 10:40:00+03:00,1000000.0
2026-05-13 10:45:00+03:00,1000000.0
2026-05-13 10:50:00+03:00,1000000.0
2026-05-13 10:55:00+03:00,1000000.0
2026-05-13 11:00:00+03:00,1000000.0
2026-05-13 11:05:00+03:00,1000000.0
2026-05-13 11:10:00+03:00,1000000.0
2026-05-13 11:15:00+03:00,1000000.0
2026-05-13 11:20:00+03:00,1000000.0
2026-05-13 11:25:00+03:00,1000000.0
2026-05-13 11:30:00+03:00,1000000.0
2026-05-13 11:35:00+03:00,1000000.0
2026-05-13 11:40:00+03:00,1000000.0
2026-05-13 11:45:00+03:00,1000000.0
2026-05-13 11:50:00+03:00,1000000.0
2026-05-13 11:55:00+03:00,1000000.0
2026-05-13 12:00:00+03:00,1000000.0
2026-05-13 12:05:00+03:00,1000000.0
2026-05-13 12:10:00+03:00,1000000.0
2026-05-13 12:15:00+03:00,1000000.0
2026-05-13 12:20:00+03:00,1000000.0
2026-05-13 12:25:00+03:00,1000000.0
2026-05-13 12:30:00+03:00,1000000.0
2026-05-13 12:35:00+03:00,1000000.0
2026-05-13 12:40:00+03:00,1000000.0
2026-05-13 12:45:00+03:00,1000000.0
2026-05-13 12:50:00+03:00,1000000.0
2026-05-13 12:55:00+03:00,1000000.0
2026-05-13 13:00:00+03:00,1000000.0
2026-05-13 13:05:00+03:00,1000000.0
2026-05-13 13:10:00+03:00,1000000.0
2026-05-13 13:15:00+03:00,1000000.0
2026-05-13 13:20:00+03:00,1000000.0
2026-05-13 13:25:00+03:00,1000000.0
2026-05-13 13:30:00+03:00,1000000.0
2026-05-13 13:35:00+03:00,1000000.0
2026-05-13 13:40:00+03:00,1000000.0
2026-05-13 13:45:00+03:00,1000000.0
2026-05-13 13:50:00+03:00,1000000.0
2026-05-13 13:55:00+03:00,1000000.0
2026-05-13 14:00:00+03:00,1000000.0
2026-05-13 14:05:00+03:00,1000000.0
2026-05-13 14:10:00+03:00,1000000.0
2026-05-13 14:15:00+03:00,1000000.0
2026-05-13 14:20:00+03:00,1000000.0
2026-05-13 14:25:00+03:00,1000000.0
2026-05-13 14:30:00+03:00,1000000.0
2026-05-13 14:35:00+03:00,1000000.0
2026-05-13 14:40:00+03:00,1000000.0
2026-05-13 14:45:00+03:00,1000000.0
2026-05-13 14:50:00+03:00,1000000.0
2026-05-13 14:55:00+03:00,1000000.0
2026-05-13 15:00:00+03:00,1000000.0
2026-05-13 15:05:00+03:00,1000000.0
2026-05-13 15:10:00+03:00,1000000.0
2026-05-13 15:15:00+03:00,1000000.0
2026-05-13 15:20:00+03:00,1000000.0
2026-05-13 15:25:00+03:00,1000000.0
2026-05-13 15:30:00+03:00,1000000.0
2026-05-13 15:35:00+03:00,1000000.0
2026-05-13 15:40:00+03:00,1000000.0
2026-05-13 15:45:00+03:00,1000000.0
2026-05-13 15:50:00+03:00,1000000.0
2026-05-13 15:55:00+03:00,1000000.0
2026-05-13 16:00:00+03:00,1000000.0
2026-05-13 16:05:00+03:00,1000000.0
2026-05-13 16:10:00+03:00,1000000.0
2026-05-13 16:15:00+03:00,1000000.0
2026-05-13 16:20:00+03:00,1000000.0
2026-05-13 16:25:00+03:00,1000000.0
2026-05-13 16:30:00+03:00,1000000.0
2026-05-13 16:35:00+03:00,1000000.0
2026-05-13 16:40:00+03:00,1000000.0
2026-05-13 16:45:00+03:00,1000000.0
2026-05-13 16:50:00+03:00,1000000.0
2026-05-13 16:55:00+03:00,1000000.0
2026-05-13 17:00:00+03:00,1000000.0
2026-05-13 17:05:00+03:00,1000000.0
2026-05-13 17:10:00+03:00,1000000.0
2026-05-13 17:15:00+03:00,1000000.0
2026-05-13 17:20:00+03:00,1000000.0
2026-05-13 17:25:00+03:00,1000000.0
2026-05-13 17:30:00+03:00,1000000.0
2026-05-13 17:35:00+03:00,1000000.0
2026-05-13 17:40:00+03:00,1000000.0
2026-05-13 17:45:00+03:00,1000000.0
2026-05-13 17:50:00+03:00,1000000.0
2026-05-13 17:55:00+03:00,1000000.0
2026-05-14 09:55:00+03:00,1000000.0
2026-05-14 10:00:00+03:00,1000000.0
2026-05-14 10:05:00+03:00,1000000.0
2026-05-14 10:10:00+03:00,1000000.0
2026-05-14 10:15:00+03:00,1000000.0
2026-05-14 10:20:00+03:00,1000000.0
2026-05-14 10:25:00+03:00,1000000.0
2026-05-14 10:30:00+03:00,1000000.0
2026-05-14 10:35:00+03:00,1000000.0
2026-05-14 10:40:00+03:00,1000000.0
2026-05-14 10:45:00+03:00,1000000.0
2026-05-14 10:50:00+03:00,1000000.0
2026-05-14 10:55:00+03:00,1000000.0
2026-05-14 11:00:00+03:00,1000000.0
2026-05-14 11:05:00+03:00,1000000.0
2026-05-14 11:10:00+03:00,1000000.0
2026-05-14 11:15:00+03:00,1000000.0
2026-05-14 11:20:00+03:00,1000000.0
2026-05-14 11:25:00+03:00,1000000.0
2026-05-14 11:30:00+03:00,1000000.0
2026-05-14 11:35:00+03:00,1000000.0
2026-05-14 11:40:00+03:00,1000000.0
2026-05-14 11:45:00+03:00,1000000.0
2026-05-14 11:50:00+03:00,1000000.0
2026-05-14 11:55:00+03:00,1000000.0
2026-05-14 12:00:00+03:00,1000000.0
2026-05-14 12:05:00+03:00,1000000.0
2026-05-14 12:10:00+03:00,1000000.0
2026-05-14 12:15:00+03:00,1000000.0
2026-05-14 12:20:00+03:00,1000000.0
2026-05-14 12:25:00+03:00,1000000.0
2026-05-14 12:30:00+03:00,1000000.0
2026-05-14 12:35:00+03:00,1000000.0
2026-05-14 12:40:00+03:00,1000000.0
2026-05-14 12:45:00+03:00,1000000.0
2026-05-14 12:50:00+03:00,1000000.0
2026-05-14 12:55:00+03:00,1000000.0
2026-05-14 13:00:00+03:00,1000000.0
2026-05-14 13:05:00+03:00,1000000.0
2026-05-14 13:10:00+03:00,1000000.0
2026-05-14 13:15:00+03:00,1000000.0
2026-05-14 13:20:00+03:00,1000000.0
2026-05-14 13:25:00+03:00,1000000.0
2026-05-14 13:30:00+03:00,1000000.0
2026-05-14 13:35:00+03:00,1000000.0
2026-05-14 13:40:00+03:00,1000000.0
2026-05-14 13:45:00+03:00,1000000.0
2026-05-14 13:50:00+03:00,1000000.0
2026-05-14 13:55:00+03:00,1000000.0
2026-05-14 14:00:00+03:00,1000000.0
2026-05-14 14:05:00+03:00,1000000.0
2026-05-14 14:10:00+03:00,1000000.0
2026-05-14 14:15:00+03:00,1000000.0
2026-05-14 14:20:00+03:00,1000000.0
2026-05-14 14:25:00+03:00,1000000.0
2026-05-14 14:30:00+03:00,1000000.0
2026-05-14 14:35:00+03:00,1000000.0
2026-05-14 14:40:00+03:00,1000000.0
2026-05-14 14:45:00+03:00,1000000.0
2026-05-14 14:50:00+03:00,1000000.0
2026-05-14 14:55:00+03:00,1000000.0
2026-05-14 15:00:00+03:00,1000000.0
2026-05-14 15:05:00+03:00,1000000.0
2026-05-14 15:10:00+03:00,1000000.0
2026-05-14 15:15:00+03:00,1000000.0
2026-05-14 15:20:00+03:00,1000000.0
2026-05-14 15:25:00+03:00,1000000.0
2026-05-14 15:30:00+03:00,1000000.0
2026-05-14 15:35:00+03:00,1000000.0
2026-05-14 15:40:00+03:00,1000000.0
2026-05-14 15:45:00+03:00,1000000.0
2026-05-14 15:50:00+03:00,1000000.0
2026-05-14 15:55:00+03:00,1000000.0
2026-05-14 16:00:00+03:00,1000000.0
2026-05-14 16:05:00+03:00,1000000.0
2026-05-14 16:10:00+03:00,1000000.0
2026-05-14 16:15:00+03:00,1000000.0
2026-05-14 16:20:00+03:00,1000000.0
2026-05-14 16:25:00+03:00,1000000.0
2026-05-14 16:30:00+03:00,1000000.0
2026-05-14 16:35:00+03:00,1000000.0
2026-05-14 16:40:00+03:00,1000000.0
2026-05-14 16:45:00+03:00,1000000.0
2026-05-14 16:50:00+03:00,1000000.0
2026-05-14 16:55:00+03:00,1000000.0
2026-05-14 17:00:00+03:00,1000000.0
2026-05-14 17:05:00+03:00,1000000.0
2026-05-14 17:10:00+03:00,1000000.0
2026-05-14 17:15:00+03:00,1000000.0
2026-05-14 17:20:00+03:00,1000000.0
2026-05-14 17:25:00+03:00,1000000.0
2026-05-14 17:30:00+03:00,1000000.0
2026-05-14 17:35:00+03:00,1000000.0
2026-05-14 17:40:00+03:00,1000000.0
2026-05-14 17:45:00+03:00,1000000.0
2026-05-14 17:50:00+03:00,1000000.0
2026-05-14 17:55:00+03:00,1000000.0
2026-05-15 09:55:00+03:00,1000000.0
2026-05-15 10:00:00+03:00,1000000.0
2026-05-15 10:05:00+03:00,1000000.0
2026-05-15 10:10:00+03:00,1000000.0
2026-05-15 10:15:00+03:00,1000000.0
2026-05-15 10:20:00+03:00,1000000.0
2026-05-15 10:25:00+03:00,1000000.0
2026-05-15 10:30:00+03:00,1000000.0
2026-05-15 10:35:00+03:00,1000000.0
2026-05-15 10:40:00+03:00,1000000.0
2026-05-15 10:45:00+03:00,1000000.0
2026-05-15 10:50:00+03:00,1000000.0
2026-05-15 10:55:00+03:00,1000000.0
2026-05-15 11:00:00+03:00,1000000.0
2026-05-15 11:05:00+03:00,1000000.0
2026-05-15 11:10:00+03:00,1000000.0
2026-05-15 11:15:00+03:00,1000000.0
2026-05-15 11:20:00+03:00,1000000.0
2026-05-15 11:25:00+03:00,1000000.0
2026-05-15 11:30:00+03:00,1000000.0
2026-05-15 11:35:00+03:00,1000000.0
2026-05-15 11:40:00+03:00,1000000.0
2026-05-15 11:45:00+03:00,1000000.0
2026-05-15 11:50:00+03:00,1000000.0
2026-05-15 11:55:00+03:00,1000000.0
2026-05-15 12:00:00+03:00,1000000.0
2026-05-15 12:05:00+03:00,1000000.0
2026-05-15 12:10:00+03:00,1000000.0
2026-05-15 12:15:00+03:00,1000000.0
2026-05-15 12:20:00+03:00,1000000.0
2026-05-15 12:25:00+03:00,1000000.0
2026-05-15 12:30:00+03:00,1000000.0
2026-05-15 12:35:00+03:00,1000000.0
2026-05-15 12:40:00+03:00,1000000.0
2026-05-15 12:45:00+03:00,1000000.0
2026-05-15 12:50:00+03:00,1000000.0
2026-05-15 12:55:00+03:00,1000000.0
2026-05-15 13:00:00+03:00,1000000.0
2026-05-15 13:05:00+03:00,1000000.0
2026-05-15 13:10:00+03:00,1000000.0
2026-05-15 13:15:00+03:00,1000000.0
2026-05-15 13:20:00+03:00,1000000.0
2026-05-15 13:25:00+03:00,1000000.0
2026-05-15 13:30:00+03:00,1000000.0
2026-05-15 13:35:00+03:00,1000000.0
2026-05-15 13:40:00+03:00,1000000.0
2026-05-15 13:45:00+03:00,1000000.0
2026-05-15 13:50:00+03:00,1000000.0
2026-05-15 13:55:00+03:00,1000000.0
2026-05-15 14:00:00+03:00,1000000.0
2026-05-15 14:05:00+03:00,1000000.0
2026-05-15 14:10:00+03:00,1000000.0
2026-05-15 14:15:00+03:00,1000000.0
2026-05-15 14:20:00+03:00,1000000.0
2026-05-15 14:25:00+03:00,1000000.0
2026-05-15 14:30:00+03:00,1000000.0
2026-05-15 14:35:00+03:00,1000000.0
2026-05-15 14:40:00+03:00,1000000.0
2026-05-15 14:45:00+03:00,1000000.0
2026-05-15 14:50:00+03:00,1000000.0
2026-05-15 14:55:00+03:00,1000000.0
2026-05-15 15:00:00+03:00,1000000.0
2026-05-15 15:05:00+03:00,1000000.0
2026-05-15 15:10:00+03:00,1000000.0
2026-05-15 15:15:00+03:00,1000000.0
2026-05-15 15:20:00+03:00,1000000.0
2026-05-15 15:25:00+03:00,1000000.0
2026-05-15 15:30:00+03:00,1000000.0
2026-05-15 15:35:00+03:00,1000000.0
2026-05-15 15:40:00+03:00,1000000.0
2026-05-15 15:45:00+03:00,1000000.0
2026-05-15 15:50:00+03:00,1000000.0
2026-05-15 15:55:00+03:00,1000000.0
2026-05-15 16:00:00+03:00,1000000.0
2026-05-15 16:05:00+03:00,1000000.0
2026-05-15 16:10:00+03:00,1000000.0
2026-05-15 16:15:00+03:00,1000000.0
2026-05-15 16:20:00+03:00,1000000.0
2026-05-15 16:25:00+03:00,1000000.0
2026-05-15 16:30:00+03:00,1000000.0
2026-05-15 16:35:00+03:00,1000000.0
2026-05-15 16:40:00+03:00,1000000.0
2026-05-15 16:45:00+03:00,1000000.0
2026-05-15 16:50:00+03:00,1000000.0
2026-05-15 16:55:00+03:00,1000000.0
2026-05-15 17:00:00+03:00,1000000.0
2026-05-15 17:05:00+03:00,1000000.0
2026-05-15 17:10:00+03:00,1000000.0
2026-05-15 17:15:00+03:00,1000000.0
2026-05-15 17:20:00+03:00,1000000.0
2026-05-15 17:25:00+03:00,1000000.0
2026-05-15 17:30:00+03:00,1000000.0
2026-05-15 17:35:00+03:00,1000000.0
2026-05-15 17:40:00+03:00,1000000.0
2026-05-15 17:45:00+03:00,1000000.0
2026-05-15 17:50:00+03:00,1000000.0
2026-05-15 17:55:00+03:00,1000000.0
2026-05-18 09:55:00+03:00,1000000.0
2026-05-18 10:00:00+03:00,1000000.0
2026-05-18 10:05:00+03:00,1000000.0
2026-05-18 10:10:00+03:00,1000000.0
2026-05-18 10:15:00+03:00,1000000.0
2026-05-18 10:20:00+03:00,1000000.0
2026-05-18 10:25:00+03:00,1000000.0
2026-05-18 10:30:00+03:00,1000000.0
2026-05-18 10:35:00+03:00,1000000.0
2026-05-18 10:40:00+03:00,1000000.0
2026-05-18 10:45:00+03:00,1000000.0
2026-05-18 10:50:00+03:00,1000000.0
2026-05-18 10:55:00+03:00,1000000.0
2026-05-18 11:00:00+03:00,1000000.0
2026-05-18 11:05:00+03:00,1000000.0
2026-05-18 11:10:00+03:00,1000000.0
2026-05-18 11:15:00+03:00,1000000.0
2026-05-18 11:20:00+03:00,1000000.0
2026-05-18 11:25:00+03:00,1000000.0
2026-05-18 11:30:00+03:00,1000000.0
2026-05-18 11:35:00+03:00,1000000.0
2026-05-18 11:40:00+03:00,1000000.0
2026-05-18 11:45:00+03:00,1000000.0
2026-05-18 11:50:00+03:00,1000000.0
2026-05-18 11:55:00+03:00,1000000.0
2026-05-18 12:00:00+03:00,1000000.0
2026-05-18 12:05:00+03:00,1000000.0
2026-05-18 12:10:00+03:00,1000000.0
2026-05-18 12:15:00+03:00,1000000.0
2026-05-18 12:20:00+03:00,1000000.0
2026-05-18 12:25:00+03:00,1000000.0
2026-05-18 12:30:00+03:00,1000000.0
2026-05-18 12:35:00+03:00,1000000.0
2026-05-18 12:40:00+03:00,1000000.0
2026-05-18 12:45:00+03:00,1000000.0
2026-05-18 12:50:00+03:00,1000000.0
2026-05-18 12:55:00+03:00,1000000.0
2026-05-18 13:00:00+03:00,1000000.0
2026-05-18 13:05:00+03:00,1000000.0
2026-05-18 13:10:00+03:00,1000000.0
2026-05-18 13:15:00+03:00,1000000.0
2026-05-18 13:20:00+03:00,1000000.0
2026-05-18 13:25:00+03:00,1000000.0
2026-05-18 13:30:00+03:00,1000000.0
2026-05-18 13:35:00+03:00,1000000.0
2026-05-18 13:40:00+03:00,1000000.0
2026-05-18 13:45:00+03:00,1000000.0
2026-05-18 13:50:00+03:00,1000000.0
2026-05-18 13:55:00+03:00,1000000.0
2026-05-18 14:00:00+03:00,1000000.0
2026-05-18 14:05:00+03:00,1000000.0
2026-05-18 14:10:00+03:00,1000000.0
2026-05-18 14:15:00+03:00,1000000.0
2026-05-18 14:20:00+03:00,1000000.0
2026-05-18 14:25:00+03:00,1000000.0
2026-05-18 14:30:00+03:00,1000000.0
2026-05-18 14:35:00+03:00,1000000.0
2026-05-18 14:40:00+03:00,1000000.0
2026-05-18 14:45:00+03:00,1000000.0
2026-05-18 14:50:00+03:00,1000000.0
2026-05-18 14:55:00+03:00,1000000.0
2026-05-18 15:00:00+03:00,1000000.0
2026-05-18 15:05:00+03:00,999250.8740634678
2026-05-18 15:10:00+03:00,998416.703847823
2026-05-18 15:15:00+03:00,997165.4485243557
2026-05-18 15:20:00+03:00,997999.6187400005
2026-05-18 15:25:00+03:00,997165.4485243557
2026-05-18 15:30:00+03:00,998833.7889556454
2026-05-18 15:35:00+03:00,999250.8740634678
2026-05-18 15:40:00+03:00,999667.9591712904
2026-05-18 15:45:00+03:00,999667.9591712904
2026-05-18 15:50:00+03:00,997999.6187400005
2026-05-18 15:55:00+03:00,1000502.1293869353
2026-05-18 16:00:00+03:00,999250.8740634678
2026-05-18 16:05:00+03:00,998416.703847823
2026-05-18 16:10:00+03:00,999667.9591712904
2026-05-18 16:15:00+03:00,998416.703847823
2026-05-18 16:20:00+03:00,998833.7889556454
2026-05-18 16:25:00+03:00,998416.703847823
2026-05-18 16:30:00+03:00,998416.703847823
2026-05-18 16:35:00+03:00,997999.6187400005
2026-05-18 16:40:00+03:00,997165.4485243557
2026-05-18 16:45:00+03:00,998833.7889556454
2026-05-18 16:50:00+03:00,999667.9591712904
2026-05-18 16:55:00+03:00,998416.703847823
2026-05-18 17:00:00+03:00,997165.4485243557
2026-05-18 17:05:00+03:00,997165.4485243557
2026-05-18 17:10:00+03:00,997165.4485243557
2026-05-18 17:15:00+03:00,997165.4485243557
2026-05-18 17:20:00+03:00,996331.2783087108
2026-05-18 17:25:00+03:00,996331.2783087108
2026-05-18 17:30:00+03:00,995080.0229852435
2026-05-18 17:35:00+03:00,995080.0229852435
2026-05-18 17:40:00+03:00,995080.0229852435
2026-05-18 17:45:00+03:00,991776.6004891617
2026-05-18 17:50:00+03:00,991776.6004891617
2026-05-18 17:55:00+03:00,991776.6004891617
2026-05-20 09:55:00+03:00,991776.6004891617
2026-05-20 10:00:00+03:00,991776.6004891617
2026-05-20 10:05:00+03:00,991776.6004891617
2026-05-20 10:10:00+03:00,991776.6004891617
2026-05-20 10:15:00+03:00,991776.6004891617
2026-05-20 10:20:00+03:00,991776.6004891617
2026-05-20 10:25:00+03:00,991776.6004891617
2026-05-20 10:30:00+03:00,991776.6004891617
2026-05-20 10:35:00+03:00,991776.6004891617
2026-05-20 10:40:00+03:00,991776.6004891617
2026-05-20 10:45:00+03:00,991776.6004891617
2026-05-20 10:50:00+03:00,991776.6004891617
2026-05-20 10:55:00+03:00,991776.6004891617
2026-05-20 11:00:00+03:00,991776.6004891617
2026-05-20 11:05:00+03:00,991776.6004891617
2026-05-20 11:10:00+03:00,991776.6004891617
2026-05-20 11:15:00+03:00,991776.6004891617
2026-05-20 11:20:00+03:00,991776.6004891617
2026-05-20 11:25:00+03:00,991776.6004891617
2026-05-20 11:30:00+03:00,991776.6004891617
2026-05-20 11:35:00+03:00,991776.6004891617
2026-05-20 11:40:00+03:00,991776.6004891617
2026-05-20 11:45:00+03:00,991776.6004891617
2026-05-20 11:50:00+03:00,991776.6004891617
2026-05-20 11:55:00+03:00,991776.6004891617
2026-05-20 12:00:00+03:00,991776.6004891617
2026-05-20 12:05:00+03:00,991776.6004891617
2026-05-20 12:10:00+03:00,991776.6004891617
2026-05-20 12:15:00+03:00,991776.6004891617
2026-05-20 12:20:00+03:00,991776.6004891617
2026-05-20 12:25:00+03:00,991776.6004891617
2026-05-20 12:30:00+03:00,991776.6004891617
2026-05-20 12:35:00+03:00,991776.6004891617
2026-05-20 12:40:00+03:00,991776.6004891617
2026-05-20 12:45:00+03:00,991776.6004891617
2026-05-20 12:50:00+03:00,991776.6004891617
2026-05-20 12:55:00+03:00,991776.6004891617
2026-05-20 13:00:00+03:00,991776.6004891617
2026-05-20 13:05:00+03:00,991776.6004891617
2026-05-20 13:10:00+03:00,991776.6004891617
2026-05-20 13:15:00+03:00,991776.6004891617
2026-05-20 13:20:00+03:00,991776.6004891617
2026-05-20 13:25:00+03:00,991776.6004891617
2026-05-20 13:30:00+03:00,991776.6004891617
2026-05-20 13:35:00+03:00,991776.6004891617
2026-05-20 13:40:00+03:00,991776.6004891617
2026-05-20 13:45:00+03:00,991776.6004891617
2026-05-20 13:50:00+03:00,991776.6004891617
2026-05-20 13:55:00+03:00,991776.6004891617
2026-05-20 14:00:00+03:00,991776.6004891617
2026-05-20 14:05:00+03:00,991776.6004891617
2026-05-20 14:10:00+03:00,991776.6004891617
2026-05-20 14:15:00+03:00,991776.6004891617
2026-05-20 14:20:00+03:00,991776.6004891617
2026-05-20 14:25:00+03:00,991776.6004891617
2026-05-20 14:30:00+03:00,991776.6004891617
2026-05-20 14:35:00+03:00,991776.6004891617
2026-05-20 14:40:00+03:00,991776.6004891617
2026-05-20 14:45:00+03:00,991776.6004891617
2026-05-20 14:50:00+03:00,991776.6004891617
2026-05-20 14:55:00+03:00,991776.6004891617
2026-05-20 15:00:00+03:00,991776.6004891617
2026-05-20 15:05:00+03:00,991776.6004891617
2026-05-20 15:10:00+03:00,991776.6004891617
2026-05-20 15:15:00+03:00,991776.6004891617
2026-05-20 15:20:00+03:00,991776.6004891617
2026-05-20 15:25:00+03:00,991776.6004891617
2026-05-20 15:30:00+03:00,991776.6004891617
2026-05-20 15:35:00+03:00,991776.6004891617
2026-05-20 15:40:00+03:00,991776.6004891617
2026-05-20 15:45:00+03:00,991776.6004891617
2026-05-20 15:50:00+03:00,991776.6004891617
2026-05-20 15:55:00+03:00,991776.6004891617
2026-05-20 16:00:00+03:00,991776.6004891617
2026-05-20 16:05:00+03:00,991776.6004891617
2026-05-20 16:10:00+03:00,991776.6004891617
2026-05-20 16:15:00+03:00,991776.6004891617
2026-05-20 16:20:00+03:00,991776.6004891617
2026-05-20 16:25:00+03:00,991776.6004891617
2026-05-20 16:30:00+03:00,991776.6004891617
2026-05-20 16:35:00+03:00,991776.6004891617
2026-05-20 16:40:00+03:00,991776.6004891617
2026-05-20 16:45:00+03:00,991776.6004891617
2026-05-20 16:50:00+03:00,991776.6004891617
2026-05-20 16:55:00+03:00,991776.6004891617
2026-05-20 17:00:00+03:00,991776.6004891617
2026-05-20 17:05:00+03:00,991776.6004891617
2026-05-20 17:10:00+03:00,991776.6004891617
2026-05-20 17:15:00+03:00,991776.6004891617
2026-05-20 17:20:00+03:00,991776.6004891617
2026-05-20 17:25:00+03:00,991776.6004891617
2026-05-20 17:30:00+03:00,991776.6004891617
2026-05-20 17:35:00+03:00,991776.6004891617
2026-05-20 17:40:00+03:00,991776.6004891617
2026-05-20 17:45:00+03:00,991776.6004891617
2026-05-20 17:50:00+03:00,991776.6004891617
2026-05-20 17:55:00+03:00,991776.6004891617
2026-05-21 09:55:00+03:00,991776.6004891617
2026-05-21 10:00:00+03:00,991776.6004891617
2026-05-21 10:05:00+03:00,991776.6004891617
2026-05-21 10:10:00+03:00,991776.6004891617
2026-05-21 10:15:00+03:00,991776.6004891617
2026-05-21 10:20:00+03:00,991776.6004891617
2026-05-21 10:25:00+03:00,991776.6004891617
2026-05-21 10:30:00+03:00,991776.6004891617
2026-05-21 10:35:00+03:00,991776.6004891617
2026-05-21 10:40:00+03:00,991776.6004891617
2026-05-21 10:45:00+03:00,991776.6004891617
2026-05-21 10:50:00+03:00,991776.6004891617
2026-05-21 10:55:00+03:00,991776.6004891617
2026-05-21 11:00:00+03:00,991776.6004891617
2026-05-21 11:05:00+03:00,991776.6004891617
2026-05-21 11:10:00+03:00,991776.6004891617
2026-05-21 11:15:00+03:00,991776.6004891617
2026-05-21 11:20:00+03:00,991776.6004891617
2026-05-21 11:25:00+03:00,991776.6004891617
2026-05-21 11:30:00+03:00,991776.6004891617
2026-05-21 11:35:00+03:00,991776.6004891617
2026-05-21 11:40:00+03:00,991776.6004891617
2026-05-21 11:45:00+03:00,991776.6004891617
2026-05-21 11:50:00+03:00,991776.6004891617
2026-05-21 11:55:00+03:00,991776.6004891617
2026-05-21 12:00:00+03:00,991776.6004891617
2026-05-21 12:05:00+03:00,991776.6004891617
2026-05-21 12:10:00+03:00,991776.6004891617
2026-05-21 12:15:00+03:00,991776.6004891617
2026-05-21 12:20:00+03:00,991776.6004891617
2026-05-21 12:25:00+03:00,991776.6004891617
2026-05-21 12:30:00+03:00,991776.6004891617
2026-05-21 12:35:00+03:00,991776.6004891617
2026-05-21 12:40:00+03:00,991776.6004891617
2026-05-21 12:45:00+03:00,991776.6004891617
2026-05-21 12:50:00+03:00,991776.6004891617
2026-05-21 12:55:00+03:00,991776.6004891617
2026-05-21 13:00:00+03:00,991776.6004891617
2026-05-21 13:05:00+03:00,991776.6004891617
2026-05-21 13:10:00+03:00,991776.6004891617
2026-05-21 13:15:00+03:00,991776.6004891617
2026-05-21 13:20:00+03:00,991776.6004891617
2026-05-21 13:25:00+03:00,991776.6004891617
2026-05-21 13:30:00+03:00,991776.6004891617
2026-05-21 13:35:00+03:00,991776.6004891617
2026-05-21 13:40:00+03:00,991776.6004891617
2026-05-21 13:45:00+03:00,991776.6004891617
2026-05-21 13:50:00+03:00,991776.6004891617
2026-05-21 13:55:00+03:00,991776.6004891617
2026-05-21 14:00:00+03:00,991776.6004891617
2026-05-21 14:05:00+03:00,991776.6004891617
2026-05-21 14:10:00+03:00,991776.6004891617
2026-05-21 14:15:00+03:00,991776.6004891617
2026-05-21 14:20:00+03:00,991776.6004891617
2026-05-21 14:25:00+03:00,991776.6004891617
2026-05-21 14:30:00+03:00,991776.6004891617
2026-05-21 14:35:00+03:00,991776.6004891617
2026-05-21 14:40:00+03:00,991776.6004891617
2026-05-21 14:45:00+03:00,991776.6004891617
2026-05-21 14:50:00+03:00,991776.6004891617
2026-05-21 14:55:00+03:00,991776.6004891617
2026-05-21 15:00:00+03:00,991776.6004891617
2026-05-21 15:05:00+03:00,991776.6004891617
2026-05-21 15:10:00+03:00,991776.6004891617
2026-05-21 15:15:00+03:00,991776.6004891617
2026-05-21 15:20:00+03:00,991776.6004891617
2026-05-21 15:25:00+03:00,991776.6004891617
2026-05-21 15:30:00+03:00,991776.6004891617
2026-05-21 15:35:00+03:00,991776.6004891617
2026-05-21 15:40:00+03:00,991776.6004891617
2026-05-21 15:45:00+03:00,991776.6004891617
2026-05-21 15:50:00+03:00,991776.6004891617
2026-05-21 15:55:00+03:00,991776.6004891617
2026-05-21 16:00:00+03:00,991776.6004891617
2026-05-21 16:05:00+03:00,991776.6004891617
2026-05-21 16:10:00+03:00,991776.6004891617
2026-05-21 16:15:00+03:00,991776.6004891617
2026-05-21 16:20:00+03:00,991776.6004891617
2026-05-21 16:25:00+03:00,991776.6004891617
2026-05-21 16:30:00+03:00,991776.6004891617
2026-05-21 16:35:00+03:00,991776.6004891617
2026-05-21 16:40:00+03:00,991776.6004891617
2026-05-21 16:45:00+03:00,991776.6004891617
2026-05-21 16:50:00+03:00,991776.6004891617
2026-05-21 16:55:00+03:00,991776.6004891617
2026-05-21 17:00:00+03:00,991776.6004891617
2026-05-21 17:05:00+03:00,991776.6004891617
2026-05-21 17:10:00+03:00,991776.6004891617
2026-05-21 17:15:00+03:00,991776.6004891617
2026-05-21 17:20:00+03:00,991776.6004891617
2026-05-21 17:25:00+03:00,991776.6004891617
2026-05-21 17:30:00+03:00,991776.6004891617
2026-05-21 17:35:00+03:00,991776.6004891617
2026-05-21 17:40:00+03:00,991776.6004891617
2026-05-22 09:55:00+03:00,991776.6004891617
2026-05-22 10:00:00+03:00,991776.6004891617
2026-05-22 10:05:00+03:00,991776.6004891617
2026-05-22 10:10:00+03:00,991776.6004891617
2026-05-22 10:15:00+03:00,991776.6004891617
2026-05-22 10:20:00+03:00,991776.6004891617
2026-05-22 10:25:00+03:00,991776.6004891617
2026-05-22 10:30:00+03:00,991776.6004891617
2026-05-22 10:35:00+03:00,991776.6004891617
2026-05-22 10:40:00+03:00,991776.6004891617
2026-05-22 10:45:00+03:00,991776.6004891617
2026-05-22 10:50:00+03:00,991776.6004891617
2026-05-22 10:55:00+03:00,991776.6004891617
2026-05-22 11:00:00+03:00,991776.6004891617
2026-05-22 11:05:00+03:00,991776.6004891617
2026-05-22 11:10:00+03:00,991776.6004891617
2026-05-22 11:15:00+03:00,991776.6004891617
2026-05-22 11:20:00+03:00,991776.6004891617
2026-05-22 11:25:00+03:00,991776.6004891617
2026-05-22 11:30:00+03:00,991776.6004891617
2026-05-22 11:35:00+03:00,991776.6004891617
2026-05-22 11:40:00+03:00,991776.6004891617
2026-05-22 11:45:00+03:00,991776.6004891617
2026-05-22 11:50:00+03:00,991776.6004891617
2026-05-22 11:55:00+03:00,991776.6004891617
2026-05-22 12:00:00+03:00,991776.6004891617
2026-05-22 12:05:00+03:00,991776.6004891617
2026-05-22 12:10:00+03:00,991776.6004891617
2026-05-22 12:15:00+03:00,991776.6004891617
2026-05-22 12:20:00+03:00,991776.6004891617
2026-05-22 12:25:00+03:00,991776.6004891617
2026-05-22 12:30:00+03:00,991776.6004891617
2026-05-22 12:35:00+03:00,991776.6004891617
2026-05-22 12:40:00+03:00,991776.6004891617
2026-05-22 12:45:00+03:00,991776.6004891617
2026-05-22 12:50:00+03:00,991776.6004891617
2026-05-22 12:55:00+03:00,991776.6004891617
2026-05-22 13:00:00+03:00,991776.6004891617
2026-05-22 13:05:00+03:00,991776.6004891617
2026-05-22 13:10:00+03:00,991776.6004891617
2026-05-22 13:15:00+03:00,991776.6004891617
2026-05-22 13:20:00+03:00,991776.6004891617
2026-05-22 13:25:00+03:00,991776.6004891617
2026-05-22 13:30:00+03:00,991776.6004891617
2026-05-22 13:35:00+03:00,991776.6004891617
2026-05-22 13:40:00+03:00,991776.6004891617
2026-05-22 13:45:00+03:00,991776.6004891617
2026-05-22 13:50:00+03:00,991776.6004891617
2026-05-22 13:55:00+03:00,991776.6004891617
2026-05-22 14:00:00+03:00,991776.6004891617
2026-05-22 14:05:00+03:00,991776.6004891617
2026-05-22 14:10:00+03:00,991776.6004891617
2026-05-22 14:15:00+03:00,991776.6004891617
2026-05-22 14:20:00+03:00,991776.6004891617
2026-05-22 14:25:00+03:00,991776.6004891617
2026-05-22 14:30:00+03:00,991776.6004891617
2026-05-22 14:35:00+03:00,991776.6004891617
2026-05-22 14:40:00+03:00,991776.6004891617
2026-05-22 14:45:00+03:00,991776.6004891617
2026-05-22 14:50:00+03:00,991776.6004891617
2026-05-22 14:55:00+03:00,991776.6004891617
2026-05-22 15:00:00+03:00,991776.6004891617
2026-05-22 15:05:00+03:00,991776.6004891617
2026-05-22 15:10:00+03:00,991776.6004891617
2026-05-22 15:15:00+03:00,991776.6004891617
2026-05-22 15:20:00+03:00,991776.6004891617
2026-05-22 15:25:00+03:00,991776.6004891617
2026-05-22 15:30:00+03:00,991776.6004891617
2026-05-22 15:35:00+03:00,991776.6004891617
2026-05-22 15:40:00+03:00,991776.6004891617
2026-05-22 15:45:00+03:00,991776.6004891617
2026-05-22 15:50:00+03:00,991776.6004891617
2026-05-22 15:55:00+03:00,991776.6004891617
2026-05-22 16:00:00+03:00,991776.6004891617
2026-05-22 16:05:00+03:00,991776.6004891617
2026-05-22 16:10:00+03:00,991776.6004891617
2026-05-22 16:15:00+03:00,991776.6004891617
2026-05-22 16:20:00+03:00,991776.6004891617
2026-05-22 16:25:00+03:00,991776.6004891617
2026-05-22 16:30:00+03:00,991776.6004891617
2026-05-22 16:35:00+03:00,991776.6004891617
2026-05-22 16:40:00+03:00,991776.6004891617
2026-05-22 16:45:00+03:00,991776.6004891617
2026-05-22 16:50:00+03:00,991776.6004891617
2026-05-22 16:55:00+03:00,991776.6004891617
2026-05-22 17:00:00+03:00,991776.6004891617
2026-05-22 17:05:00+03:00,991776.6004891617
2026-05-22 17:10:00+03:00,991776.6004891617
2026-05-22 17:15:00+03:00,991776.6004891617
2026-05-22 17:20:00+03:00,991776.6004891617
2026-05-22 17:25:00+03:00,991776.6004891617
2026-05-22 17:30:00+03:00,991776.6004891617
2026-05-22 17:35:00+03:00,991776.6004891617
2026-05-22 17:40:00+03:00,991776.6004891617
2026-05-22 17:45:00+03:00,991776.6004891617
2026-05-22 17:50:00+03:00,991776.6004891617
2026-05-22 17:55:00+03:00,991776.6004891617
2026-05-25 09:55:00+03:00,991776.6004891617
2026-05-25 10:00:00+03:00,991776.6004891617
2026-05-25 10:05:00+03:00,991776.6004891617
2026-05-25 10:10:00+03:00,991776.6004891617
2026-05-25 10:15:00+03:00,991776.6004891617
2026-05-25 10:20:00+03:00,991776.6004891617
2026-05-25 10:25:00+03:00,991776.6004891617
2026-05-25 10:30:00+03:00,991776.6004891617
2026-05-25 10:35:00+03:00,991776.6004891617
2026-05-25 10:40:00+03:00,991776.6004891617
2026-05-25 10:45:00+03:00,991776.6004891617
2026-05-25 10:50:00+03:00,991776.6004891617
2026-05-25 10:55:00+03:00,991776.6004891617
2026-05-25 11:00:00+03:00,991776.6004891617
2026-05-25 11:05:00+03:00,991776.6004891617
2026-05-25 11:10:00+03:00,991776.6004891617
2026-05-25 11:15:00+03:00,991776.6004891617
2026-05-25 11:20:00+03:00,991776.6004891617
2026-05-25 11:25:00+03:00,991776.6004891617
2026-05-25 11:30:00+03:00,991776.6004891617
2026-05-25 11:35:00+03:00,991776.6004891617
2026-05-25 11:40:00+03:00,991776.6004891617
2026-05-25 11:45:00+03:00,991776.6004891617
2026-05-25 11:50:00+03:00,991776.6004891617
2026-05-25 11:55:00+03:00,991776.6004891617
2026-05-25 12:00:00+03:00,991776.6004891617
2026-05-25 12:05:00+03:00,991776.6004891617
2026-05-25 12:10:00+03:00,991776.6004891617
2026-05-25 12:15:00+03:00,991776.6004891617
2026-05-25 12:20:00+03:00,991776.6004891617
2026-05-25 12:25:00+03:00,991776.6004891617
2026-05-25 12:30:00+03:00,991776.6004891617
2026-05-25 12:35:00+03:00,991776.6004891617
2026-05-25 12:40:00+03:00,991776.6004891617
2026-05-25 12:45:00+03:00,991776.6004891617
2026-05-25 12:50:00+03:00,991776.6004891617
2026-05-25 12:55:00+03:00,991776.6004891617
2026-05-25 13:00:00+03:00,991776.6004891617
2026-05-25 13:05:00+03:00,991776.6004891617
2026-05-25 13:10:00+03:00,991776.6004891617
2026-05-25 13:15:00+03:00,991776.6004891617
2026-05-25 13:20:00+03:00,991776.6004891617
2026-05-25 13:25:00+03:00,991776.6004891617
2026-05-25 13:30:00+03:00,991776.6004891617
2026-05-25 13:35:00+03:00,991776.6004891617
2026-05-25 13:40:00+03:00,991776.6004891617
2026-05-25 13:45:00+03:00,991776.6004891617
2026-05-25 13:50:00+03:00,991776.6004891617
2026-05-25 13:55:00+03:00,991776.6004891617
2026-05-25 14:00:00+03:00,991776.6004891617
2026-05-25 14:05:00+03:00,991776.6004891617
2026-05-25 14:10:00+03:00,991776.6004891617
2026-05-25 14:15:00+03:00,991776.6004891617
2026-05-25 14:20:00+03:00,991776.6004891617
2026-05-25 14:25:00+03:00,991776.6004891617
2026-05-25 14:30:00+03:00,991776.6004891617
2026-05-25 14:35:00+03:00,991776.6004891617
2026-05-25 14:40:00+03:00,991776.6004891617
2026-05-25 14:45:00+03:00,991776.6004891617
2026-05-25 14:50:00+03:00,991776.6004891617
2026-05-25 14:55:00+03:00,991776.6004891617
2026-05-25 15:00:00+03:00,991776.6004891617
2026-05-25 15:05:00+03:00,991776.6004891617
2026-05-25 15:10:00+03:00,991776.6004891617
2026-05-25 15:15:00+03:00,991776.6004891617
2026-05-25 15:20:00+03:00,991776.6004891617
2026-05-25 15:25:00+03:00,991776.6004891617
2026-05-25 15:30:00+03:00,991776.6004891617
2026-05-25 15:35:00+03:00,991776.6004891617
2026-05-25 15:40:00+03:00,991776.6004891617
2026-05-25 15:45:00+03:00,991776.6004891617
2026-05-25 15:50:00+03:00,991776.6004891617
2026-05-25 15:55:00+03:00,991776.6004891617
2026-05-25 16:00:00+03:00,991776.6004891617
2026-05-25 16:05:00+03:00,991776.6004891617
2026-05-25 16:10:00+03:00,991776.6004891617
2026-05-25 16:15:00+03:00,991776.6004891617
2026-05-25 16:20:00+03:00,991776.6004891617
2026-05-25 16:25:00+03:00,991776.6004891617
2026-05-25 16:30:00+03:00,991776.6004891617
2026-05-25 16:35:00+03:00,991776.6004891617
2026-05-25 16:40:00+03:00,991776.6004891617
2026-05-25 16:45:00+03:00,991776.6004891617
2026-05-25 16:50:00+03:00,991776.6004891617
2026-05-25 16:55:00+03:00,991776.6004891617
2026-05-25 17:00:00+03:00,991776.6004891617
2026-05-25 17:05:00+03:00,991776.6004891617
2026-05-25 17:10:00+03:00,991776.6004891617
2026-05-25 17:15:00+03:00,991776.6004891617
2026-05-25 17:20:00+03:00,991776.6004891617
2026-05-25 17:25:00+03:00,991776.6004891617
2026-05-25 17:30:00+03:00,991776.6004891617
2026-05-25 17:35:00+03:00,991776.6004891617
2026-05-25 17:40:00+03:00,991776.6004891617
2026-05-25 17:45:00+03:00,991776.6004891617
2026-05-25 17:50:00+03:00,991776.6004891617
2026-05-25 17:55:00+03:00,991776.6004891617
2026-05-26 09:55:00+03:00,991776.6004891617
2026-05-26 10:00:00+03:00,991776.6004891617
2026-05-26 10:05:00+03:00,991776.6004891617
2026-05-26 10:10:00+03:00,991776.6004891617
2026-05-26 10:15:00+03:00,991776.6004891617
2026-05-26 10:20:00+03:00,991776.6004891617
2026-05-26 10:25:00+03:00,991776.6004891617
2026-05-26 10:30:00+03:00,991776.6004891617
2026-05-26 10:35:00+03:00,991776.6004891617
2026-05-26 10:40:00+03:00,991776.6004891617
2026-05-26 10:45:00+03:00,991776.6004891617
2026-05-26 10:50:00+03:00,991776.6004891617
2026-05-26 10:55:00+03:00,991776.6004891617
2026-05-26 11:00:00+03:00,991776.6004891617
2026-05-26 11:05:00+03:00,991776.6004891617
2026-05-26 11:10:00+03:00,991776.6004891617
2026-05-26 11:15:00+03:00,991776.6004891617
2026-05-26 11:20:00+03:00,991776.6004891617
2026-05-26 11:25:00+03:00,991776.6004891617
2026-05-26 11:30:00+03:00,991776.6004891617
2026-05-26 11:35:00+03:00,991776.6004891617
2026-05-26 11:40:00+03:00,991776.6004891617
2026-05-26 11:45:00+03:00,991776.6004891617
2026-05-26 11:50:00+03:00,991776.6004891617
2026-05-26 11:55:00+03:00,991776.6004891617
2026-05-26 12:00:00+03:00,991776.6004891617
2026-05-26 12:05:00+03:00,991776.6004891617
2026-05-26 12:10:00+03:00,991776.6004891617
2026-05-26 12:15:00+03:00,991776.6004891617
2026-05-26 12:20:00+03:00,991776.6004891617
2026-05-26 12:25:00+03:00,991776.6004891617
2026-05-26 12:30:00+03:00,991776.6004891617
2026-05-26 12:35:00+03:00,991776.6004891617
2026-06-01 09:55:00+03:00,991776.6004891617
2026-06-01 10:00:00+03:00,991776.6004891617
2026-06-01 10:05:00+03:00,991776.6004891617
2026-06-01 10:10:00+03:00,991776.6004891617
2026-06-01 10:15:00+03:00,991776.6004891617
2026-06-01 10:20:00+03:00,991776.6004891617
2026-06-01 10:25:00+03:00,991776.6004891617
2026-06-01 10:30:00+03:00,991776.6004891617
2026-06-01 10:35:00+03:00,991776.6004891617
2026-06-01 10:40:00+03:00,991776.6004891617
2026-06-01 10:45:00+03:00,991776.6004891617
2026-06-01 10:50:00+03:00,991776.6004891617
2026-06-01 10:55:00+03:00,991776.6004891617
2026-06-01 11:00:00+03:00,991776.6004891617
2026-06-01 11:05:00+03:00,991776.6004891617
2026-06-01 11:10:00+03:00,991776.6004891617
2026-06-01 11:15:00+03:00,991776.6004891617
2026-06-01 11:20:00+03:00,991776.6004891617
2026-06-01 11:25:00+03:00,991776.6004891617
2026-06-01 11:30:00+03:00,991776.6004891617
2026-06-01 11:35:00+03:00,991776.6004891617
2026-06-01 11:40:00+03:00,991776.6004891617
2026-06-01 11:45:00+03:00,991776.6004891617
2026-06-01 11:50:00+03:00,991776.6004891617
2026-06-01 11:55:00+03:00,991776.6004891617
2026-06-01 12:00:00+03:00,991776.6004891617
2026-06-01 12:05:00+03:00,991776.6004891617
2026-06-01 12:10:00+03:00,991776.6004891617
2026-06-01 12:15:00+03:00,991776.6004891617
2026-06-01 12:20:00+03:00,991776.6004891617
2026-06-01 12:25:00+03:00,991776.6004891617
2026-06-01 12:30:00+03:00,991776.6004891617
2026-06-01 12:35:00+03:00,991776.6004891617
2026-06-01 12:40:00+03:00,991776.6004891617
2026-06-01 12:45:00+03:00,991776.6004891617
2026-06-01 12:50:00+03:00,991776.6004891617
2026-06-01 12:55:00+03:00,991776.6004891617
2026-06-01 13:00:00+03:00,991776.6004891617
2026-06-01 13:05:00+03:00,991776.6004891617
2026-06-01 13:10:00+03:00,991776.6004891617
2026-06-01 13:15:00+03:00,991776.6004891617
2026-06-01 13:20:00+03:00,991776.6004891617
2026-06-01 13:25:00+03:00,991776.6004891617
2026-06-01 13:30:00+03:00,991776.6004891617
2026-06-01 13:35:00+03:00,991776.6004891617
2026-06-01 13:40:00+03:00,991776.6004891617
2026-06-01 13:45:00+03:00,991776.6004891617
2026-06-01 13:50:00+03:00,991776.6004891617
2026-06-01 13:55:00+03:00,991776.6004891617
2026-06-01 14:00:00+03:00,991776.6004891617
2026-06-01 14:05:00+03:00,991776.6004891617
2026-06-01 14:10:00+03:00,991776.6004891617
2026-06-01 14:15:00+03:00,991776.6004891617
2026-06-01 14:20:00+03:00,991776.6004891617
2026-06-01 14:25:00+03:00,991776.6004891617
2026-06-01 14:30:00+03:00,991776.6004891617
2026-06-01 14:35:00+03:00,991776.6004891617
2026-06-01 14:40:00+03:00,991776.6004891617
2026-06-01 14:45:00+03:00,991776.6004891617
2026-06-01 14:50:00+03:00,991776.6004891617
2026-06-01 14:55:00+03:00,991776.6004891617
2026-06-01 15:00:00+03:00,991776.6004891617
2026-06-01 15:05:00+03:00,991776.6004891617
2026-06-01 15:10:00+03:00,991776.6004891617
2026-06-01 15:15:00+03:00,991776.6004891617
2026-06-01 15:20:00+03:00,991776.6004891617
2026-06-01 15:25:00+03:00,991776.6004891617
2026-06-01 15:30:00+03:00,991776.6004891617
2026-06-01 15:35:00+03:00,991776.6004891617
2026-06-01 15:40:00+03:00,991776.6004891617
2026-06-01 15:45:00+03:00,991776.6004891617
2026-06-01 15:50:00+03:00,991776.6004891617
2026-06-01 15:55:00+03:00,991776.6004891617
2026-06-01 16:00:00+03:00,991776.6004891617
2026-06-01 16:05:00+03:00,991776.6004891617
2026-06-01 16:10:00+03:00,991776.6004891617
2026-06-01 16:15:00+03:00,991776.6004891617
2026-06-01 16:20:00+03:00,991776.6004891617
2026-06-01 16:25:00+03:00,991776.6004891617
2026-06-01 16:30:00+03:00,991776.6004891617
2026-06-01 16:35:00+03:00,991776.6004891617
2026-06-01 16:40:00+03:00,991776.6004891617
2026-06-01 16:45:00+03:00,991776.6004891617
2026-06-01 16:50:00+03:00,991776.6004891617
2026-06-01 16:55:00+03:00,991776.6004891617
2026-06-01 17:00:00+03:00,991776.6004891617
2026-06-01 17:05:00+03:00,991776.6004891617
2026-06-01 17:10:00+03:00,991776.6004891617
2026-06-01 17:15:00+03:00,991776.6004891617
2026-06-01 17:20:00+03:00,991776.6004891617
2026-06-01 17:25:00+03:00,991776.6004891617
2026-06-01 17:30:00+03:00,991776.6004891617
2026-06-01 17:35:00+03:00,991776.6004891617
2026-06-01 17:40:00+03:00,991776.6004891617
2026-06-01 17:45:00+03:00,991776.6004891617
2026-06-01 17:50:00+03:00,991776.6004891617
2026-06-01 17:55:00+03:00,991776.6004891617
2026-06-02 09:55:00+03:00,991776.6004891617
2026-06-02 10:00:00+03:00,991776.6004891617
2026-06-02 10:05:00+03:00,991776.6004891617
2026-06-02 10:10:00+03:00,991776.6004891617
2026-06-02 10:15:00+03:00,991776.6004891617
2026-06-02 10:20:00+03:00,991776.6004891617
2026-06-02 10:25:00+03:00,991776.6004891617
2026-06-02 10:30:00+03:00,991776.6004891617
2026-06-02 10:35:00+03:00,991776.6004891617
2026-06-02 10:40:00+03:00,991776.6004891617
2026-06-02 10:45:00+03:00,991776.6004891617
2026-06-02 10:50:00+03:00,991776.6004891617
2026-06-02 10:55:00+03:00,991776.6004891617
2026-06-02 11:00:00+03:00,991776.6004891617
2026-06-02 11:05:00+03:00,991776.6004891617
2026-06-02 11:10:00+03:00,991776.6004891617
2026-06-02 11:15:00+03:00,991776.6004891617
2026-06-02 11:20:00+03:00,991776.6004891617
2026-06-02 11:25:00+03:00,991776.6004891617
2026-06-02 11:30:00+03:00,991776.6004891617
2026-06-02 11:35:00+03:00,991776.6004891617
2026-06-02 11:40:00+03:00,991776.6004891617
2026-06-02 11:45:00+03:00,991776.6004891617
2026-06-02 11:50:00+03:00,991776.6004891617
2026-06-02 11:55:00+03:00,991776.6004891617
2026-06-02 12:00:00+03:00,991776.6004891617
2026-06-02 12:05:00+03:00,991776.6004891617
2026-06-02 12:10:00+03:00,991776.6004891617
2026-06-02 12:15:00+03:00,991776.6004891617
2026-06-02 12:20:00+03:00,991776.6004891617
2026-06-02 12:25:00+03:00,991776.6004891617
2026-06-02 12:30:00+03:00,991776.6004891617
2026-06-02 12:35:00+03:00,991776.6004891617
2026-06-02 12:40:00+03:00,991776.6004891617
2026-06-02 12:45:00+03:00,991776.6004891617
2026-06-02 12:50:00+03:00,991776.6004891617
2026-06-02 12:55:00+03:00,991776.6004891617
2026-06-02 13:00:00+03:00,991776.6004891617
2026-06-02 13:05:00+03:00,991776.6004891617
2026-06-02 13:10:00+03:00,991776.6004891617
2026-06-02 13:15:00+03:00,991776.6004891617
2026-06-02 13:20:00+03:00,991776.6004891617
2026-06-02 13:25:00+03:00,991776.6004891617
2026-06-02 13:30:00+03:00,991776.6004891617
2026-06-02 13:35:00+03:00,991776.6004891617
2026-06-02 13:40:00+03:00,991776.6004891617
2026-06-02 13:45:00+03:00,991776.6004891617
2026-06-02 13:50:00+03:00,991776.6004891617
2026-06-02 13:55:00+03:00,991776.6004891617
2026-06-02 14:00:00+03:00,991776.6004891617
2026-06-02 14:05:00+03:00,991776.6004891617
2026-06-02 14:10:00+03:00,991776.6004891617
2026-06-02 14:15:00+03:00,991776.6004891617
2026-06-02 14:20:00+03:00,991776.6004891617
2026-06-02 14:25:00+03:00,991776.6004891617
2026-06-02 14:30:00+03:00,991776.6004891617
2026-06-02 14:35:00+03:00,991776.6004891617
2026-06-02 14:40:00+03:00,991776.6004891617
2026-06-02 14:45:00+03:00,991776.6004891617
2026-06-02 14:50:00+03:00,991776.6004891617
2026-06-02 14:55:00+03:00,991776.6004891617
2026-06-02 15:00:00+03:00,991776.6004891617
2026-06-02 15:05:00+03:00,991776.6004891617
2026-06-02 15:10:00+03:00,991776.6004891617
2026-06-02 15:15:00+03:00,991776.6004891617
2026-06-02 15:20:00+03:00,991776.6004891617
2026-06-02 15:25:00+03:00,991776.6004891617
2026-06-02 15:30:00+03:00,991776.6004891617
2026-06-02 15:35:00+03:00,991776.6004891617
2026-06-02 15:40:00+03:00,991776.6004891617
2026-06-02 15:45:00+03:00,991776.6004891617
2026-06-02 15:50:00+03:00,991776.6004891617
2026-06-02 15:55:00+03:00,991776.6004891617
2026-06-02 16:00:00+03:00,991776.6004891617
2026-06-02 16:05:00+03:00,991776.6004891617
2026-06-02 16:10:00+03:00,991776.6004891617
2026-06-02 16:15:00+03:00,991776.6004891617
2026-06-02 16:20:00+03:00,991776.6004891617
2026-06-02 16:25:00+03:00,991776.6004891617
2026-06-02 16:30:00+03:00,991776.6004891617
2026-06-02 16:35:00+03:00,991776.6004891617
2026-06-02 16:40:00+03:00,991776.6004891617
2026-06-02 16:45:00+03:00,991776.6004891617
2026-06-02 16:50:00+03:00,991776.6004891617
2026-06-02 16:55:00+03:00,991776.6004891617
2026-06-02 17:00:00+03:00,991776.6004891617
2026-06-02 17:05:00+03:00,991776.6004891617
2026-06-02 17:10:00+03:00,991776.6004891617
2026-06-02 17:15:00+03:00,991776.6004891617
2026-06-02 17:20:00+03:00,991776.6004891617
2026-06-02 17:25:00+03:00,991776.6004891617
2026-06-02 17:30:00+03:00,991776.6004891617
2026-06-02 17:35:00+03:00,991776.6004891617
2026-06-02 17:40:00+03:00,991776.6004891617
2026-06-02 17:45:00+03:00,991776.6004891617
2026-06-02 17:50:00+03:00,991776.6004891617
2026-06-02 17:55:00+03:00,991776.6004891617
2026-06-03 09:55:00+03:00,991776.6004891617
2026-06-03 10:00:00+03:00,991776.6004891617
2026-06-03 10:05:00+03:00,991776.6004891617
2026-06-03 10:10:00+03:00,991776.6004891617
2026-06-03 10:15:00+03:00,991776.6004891617
2026-06-03 10:20:00+03:00,991776.6004891617
2026-06-03 10:25:00+03:00,991776.6004891617
2026-06-03 10:30:00+03:00,991776.6004891617
2026-06-03 10:35:00+03:00,991776.6004891617
2026-06-03 10:40:00+03:00,991776.6004891617
2026-06-03 10:45:00+03:00,991776.6004891617
2026-06-03 10:50:00+03:00,991776.6004891617
2026-06-03 10:55:00+03:00,991776.6004891617
2026-06-03 11:00:00+03:00,991776.6004891617
2026-06-03 11:05:00+03:00,991776.6004891617
2026-06-03 11:10:00+03:00,991776.6004891617
2026-06-03 11:15:00+03:00,991776.6004891617
2026-06-03 11:20:00+03:00,991776.6004891617
2026-06-03 11:25:00+03:00,991776.6004891617
2026-06-03 11:30:00+03:00,991776.6004891617
2026-06-03 11:35:00+03:00,991776.6004891617
2026-06-03 11:40:00+03:00,991776.6004891617
2026-06-03 11:45:00+03:00,991776.6004891617
2026-06-03 11:50:00+03:00,991776.6004891617
2026-06-03 11:55:00+03:00,991776.6004891617
2026-06-03 12:00:00+03:00,991776.6004891617
2026-06-03 12:05:00+03:00,991776.6004891617
2026-06-03 12:10:00+03:00,991776.6004891617
2026-06-03 12:15:00+03:00,991776.6004891617
2026-06-03 12:20:00+03:00,991776.6004891617
2026-06-03 12:25:00+03:00,991776.6004891617
2026-06-03 12:30:00+03:00,991776.6004891617
2026-06-03 12:35:00+03:00,991776.6004891617
2026-06-03 12:40:00+03:00,991776.6004891617
2026-06-03 12:45:00+03:00,991776.6004891617
2026-06-03 12:50:00+03:00,991776.6004891617
2026-06-03 12:55:00+03:00,991776.6004891617
2026-06-03 13:00:00+03:00,991776.6004891617
2026-06-03 13:05:00+03:00,991776.6004891617
2026-06-03 13:10:00+03:00,991776.6004891617
2026-06-03 13:15:00+03:00,991776.6004891617
2026-06-03 13:20:00+03:00,991776.6004891617
2026-06-03 13:25:00+03:00,991776.6004891617
2026-06-03 13:30:00+03:00,991776.6004891617
2026-06-03 13:35:00+03:00,991776.6004891617
2026-06-03 13:40:00+03:00,991776.6004891617
2026-06-03 13:45:00+03:00,991776.6004891617
2026-06-03 13:50:00+03:00,991776.6004891617
2026-06-03 13:55:00+03:00,991776.6004891617
2026-06-03 14:00:00+03:00,991776.6004891617
2026-06-03 14:05:00+03:00,991776.6004891617
2026-06-03 14:10:00+03:00,991776.6004891617
2026-06-03 14:15:00+03:00,991776.6004891617
2026-06-03 14:20:00+03:00,991776.6004891617
2026-06-03 14:25:00+03:00,991776.6004891617
2026-06-03 14:30:00+03:00,991776.6004891617
2026-06-03 14:35:00+03:00,991776.6004891617
2026-06-03 14:40:00+03:00,991776.6004891617
2026-06-03 14:45:00+03:00,991776.6004891617
2026-06-03 14:50:00+03:00,991776.6004891617
2026-06-03 14:55:00+03:00,991776.6004891617
2026-06-03 15:00:00+03:00,991776.6004891617
2026-06-03 15:05:00+03:00,991776.6004891617
2026-06-03 15:10:00+03:00,991776.6004891617
2026-06-03 15:15:00+03:00,991776.6004891617
2026-06-03 15:20:00+03:00,991776.6004891617
2026-06-03 15:25:00+03:00,991776.6004891617
2026-06-03 15:30:00+03:00,991776.6004891617
2026-06-03 15:35:00+03:00,991776.6004891617
2026-06-03 15:40:00+03:00,991776.6004891617
2026-06-03 15:45:00+03:00,991776.6004891617
2026-06-03 15:50:00+03:00,991776.6004891617
2026-06-03 15:55:00+03:00,991776.6004891617
2026-06-03 16:00:00+03:00,991776.6004891617
2026-06-03 16:05:00+03:00,991776.6004891617
2026-06-03 16:10:00+03:00,991776.6004891617
2026-06-03 16:15:00+03:00,991776.6004891617
2026-06-03 16:20:00+03:00,991776.6004891617
2026-06-03 16:25:00+03:00,991776.6004891617
2026-06-03 16:30:00+03:00,991776.6004891617
2026-06-03 16:35:00+03:00,991776.6004891617
2026-06-03 16:40:00+03:00,991776.6004891617
2026-06-03 16:45:00+03:00,991776.6004891617
2026-06-03 16:50:00+03:00,991776.6004891617
2026-06-03 16:55:00+03:00,991776.6004891617
2026-06-03 17:00:00+03:00,991776.6004891617
2026-06-03 17:05:00+03:00,991776.6004891617
2026-06-03 17:10:00+03:00,991776.6004891617
2026-06-03 17:15:00+03:00,991776.6004891617
2026-06-03 17:20:00+03:00,991776.6004891617
2026-06-03 17:25:00+03:00,991776.6004891617
2026-06-03 17:30:00+03:00,991776.6004891617
2026-06-03 17:35:00+03:00,991776.6004891617
2026-06-03 17:40:00+03:00,991776.6004891617
2026-06-03 17:45:00+03:00,991776.6004891617
2026-06-03 17:50:00+03:00,991776.6004891617
2026-06-03 17:55:00+03:00,991776.6004891617
2026-06-04 09:55:00+03:00,991776.6004891617
2026-06-04 10:00:00+03:00,991776.6004891617
2026-06-04 10:05:00+03:00,991776.6004891617
2026-06-04 10:10:00+03:00,991776.6004891617
2026-06-04 10:15:00+03:00,991776.6004891617
2026-06-04 10:20:00+03:00,991776.6004891617
2026-06-04 10:25:00+03:00,991776.6004891617
2026-06-04 10:30:00+03:00,991776.6004891617
2026-06-04 10:35:00+03:00,991776.6004891617
2026-06-04 10:40:00+03:00,991776.6004891617
2026-06-04 10:45:00+03:00,991776.6004891617
2026-06-04 10:50:00+03:00,991776.6004891617
2026-06-04 10:55:00+03:00,991776.6004891617
2026-06-04 11:00:00+03:00,991776.6004891617
2026-06-04 11:05:00+03:00,991776.6004891617
2026-06-04 11:10:00+03:00,991776.6004891617
2026-06-04 11:15:00+03:00,991776.6004891617
2026-06-04 11:20:00+03:00,991776.6004891617
2026-06-04 11:25:00+03:00,991776.6004891617
2026-06-04 11:30:00+03:00,991776.6004891617
2026-06-04 11:35:00+03:00,991776.6004891617
2026-06-04 11:40:00+03:00,991776.6004891617
2026-06-04 11:45:00+03:00,991776.6004891617
2026-06-04 11:50:00+03:00,991776.6004891617
2026-06-04 11:55:00+03:00,991776.6004891617
2026-06-04 12:00:00+03:00,991776.6004891617
2026-06-04 12:05:00+03:00,991776.6004891617
2026-06-04 12:10:00+03:00,991776.6004891617
2026-06-04 12:15:00+03:00,991776.6004891617
2026-06-04 12:20:00+03:00,991776.6004891617
2026-06-04 12:25:00+03:00,991776.6004891617
2026-06-04 12:30:00+03:00,991776.6004891617
2026-06-04 12:35:00+03:00,991776.6004891617
2026-06-04 12:40:00+03:00,991776.6004891617
2026-06-04 12:45:00+03:00,991776.6004891617
2026-06-04 12:50:00+03:00,991776.6004891617
2026-06-04 12:55:00+03:00,991776.6004891617
2026-06-04 13:00:00+03:00,991776.6004891617
2026-06-04 13:05:00+03:00,991776.6004891617
2026-06-04 13:10:00+03:00,991776.6004891617
2026-06-04 13:15:00+03:00,991776.6004891617
2026-06-04 13:20:00+03:00,991776.6004891617
2026-06-04 13:25:00+03:00,991776.6004891617
2026-06-04 13:30:00+03:00,991776.6004891617
2026-06-04 13:35:00+03:00,991776.6004891617
2026-06-04 13:40:00+03:00,991776.6004891617
2026-06-04 13:45:00+03:00,991776.6004891617
2026-06-04 13:50:00+03:00,991776.6004891617
2026-06-04 13:55:00+03:00,991776.6004891617
2026-06-04 14:00:00+03:00,991776.6004891617
2026-06-04 14:05:00+03:00,991776.6004891617
2026-06-04 14:10:00+03:00,991776.6004891617
2026-06-04 14:15:00+03:00,991776.6004891617
2026-06-04 14:20:00+03:00,991776.6004891617
2026-06-04 14:25:00+03:00,991776.6004891617
2026-06-04 14:30:00+03:00,991776.6004891617
2026-06-04 14:35:00+03:00,991776.6004891617
2026-06-04 14:40:00+03:00,991776.6004891617
2026-06-04 14:45:00+03:00,991776.6004891617
2026-06-04 14:50:00+03:00,991776.6004891617
2026-06-04 14:55:00+03:00,991776.6004891617
2026-06-04 15:00:00+03:00,991776.6004891617
2026-06-04 15:05:00+03:00,991776.6004891617
2026-06-04 15:10:00+03:00,991776.6004891617
2026-06-04 15:15:00+03:00,991776.6004891617
2026-06-04 15:20:00+03:00,991776.6004891617
2026-06-04 15:25:00+03:00,991776.6004891617
2026-06-04 15:30:00+03:00,991776.6004891617
2026-06-04 15:35:00+03:00,991776.6004891617
2026-06-04 15:40:00+03:00,991776.6004891617
2026-06-04 15:45:00+03:00,991776.6004891617
2026-06-04 15:50:00+03:00,991776.6004891617
2026-06-04 15:55:00+03:00,991776.6004891617
2026-06-04 16:00:00+03:00,991776.6004891617
2026-06-04 16:05:00+03:00,991776.6004891617
2026-06-04 16:10:00+03:00,991776.6004891617
2026-06-04 16:15:00+03:00,991776.6004891617
2026-06-04 16:20:00+03:00,991776.6004891617
2026-06-04 16:25:00+03:00,991776.6004891617
2026-06-04 16:30:00+03:00,991776.6004891617
2026-06-04 16:35:00+03:00,991776.6004891617
2026-06-04 16:40:00+03:00,991776.6004891617
2026-06-04 16:45:00+03:00,991776.6004891617
2026-06-04 16:50:00+03:00,991776.6004891617
2026-06-04 16:55:00+03:00,991776.6004891617
2026-06-04 17:00:00+03:00,991776.6004891617
2026-06-04 17:05:00+03:00,991776.6004891617
2026-06-04 17:10:00+03:00,991776.6004891617
2026-06-04 17:15:00+03:00,991776.6004891617
2026-06-04 17:20:00+03:00,991776.6004891617
2026-06-04 17:25:00+03:00,991776.6004891617
2026-06-04 17:30:00+03:00,991776.6004891617
2026-06-04 17:35:00+03:00,991776.6004891617
2026-06-04 17:40:00+03:00,991776.6004891617
2026-06-04 17:45:00+03:00,991776.6004891617
2026-06-04 17:50:00+03:00,991776.6004891617
2026-06-04 17:55:00+03:00,991776.6004891617
2026-06-05 09:55:00+03:00,991776.6004891617
2026-06-05 10:00:00+03:00,991776.6004891617
2026-06-05 10:05:00+03:00,991776.6004891617
2026-06-05 10:10:00+03:00,991776.6004891617
2026-06-05 10:15:00+03:00,991776.6004891617
2026-06-05 10:20:00+03:00,991776.6004891617
2026-06-05 10:25:00+03:00,991776.6004891617
2026-06-05 10:30:00+03:00,991776.6004891617
2026-06-05 10:35:00+03:00,991776.6004891617
2026-06-05 10:40:00+03:00,991776.6004891617
2026-06-05 10:45:00+03:00,991776.6004891617
2026-06-05 10:50:00+03:00,991776.6004891617
2026-06-05 10:55:00+03:00,991776.6004891617
2026-06-05 11:00:00+03:00,991776.6004891617
2026-06-05 11:05:00+03:00,991776.6004891617
2026-06-05 11:10:00+03:00,991776.6004891617
2026-06-05 11:15:00+03:00,991776.6004891617
2026-06-05 11:20:00+03:00,991776.6004891617
2026-06-05 11:25:00+03:00,991776.6004891617
2026-06-05 11:30:00+03:00,991776.6004891617
2026-06-05 11:35:00+03:00,991776.6004891617
2026-06-05 11:40:00+03:00,991776.6004891617
2026-06-05 11:45:00+03:00,991776.6004891617
2026-06-05 11:50:00+03:00,991776.6004891617
2026-06-05 11:55:00+03:00,991776.6004891617
2026-06-05 12:00:00+03:00,991776.6004891617
2026-06-05 12:05:00+03:00,991776.6004891617
2026-06-05 12:10:00+03:00,991776.6004891617
2026-06-05 12:15:00+03:00,991776.6004891617
2026-06-05 12:20:00+03:00,991776.6004891617
2026-06-05 12:25:00+03:00,991776.6004891617
2026-06-05 12:30:00+03:00,991776.6004891617
2026-06-05 12:35:00+03:00,991776.6004891617
2026-06-05 12:40:00+03:00,991776.6004891617
2026-06-05 12:45:00+03:00,991776.6004891617
2026-06-05 12:50:00+03:00,991776.6004891617
2026-06-05 12:55:00+03:00,991776.6004891617
2026-06-05 13:00:00+03:00,991776.6004891617
2026-06-05 13:05:00+03:00,991776.6004891617
2026-06-05 13:10:00+03:00,991776.6004891617
2026-06-05 13:15:00+03:00,991776.6004891617
2026-06-05 13:20:00+03:00,991776.6004891617
2026-06-05 13:25:00+03:00,991776.6004891617
2026-06-05 13:30:00+03:00,991776.6004891617
2026-06-05 13:35:00+03:00,991776.6004891617
2026-06-05 13:40:00+03:00,991776.6004891617
2026-06-05 13:45:00+03:00,991776.6004891617
2026-06-05 13:50:00+03:00,991776.6004891617
2026-06-05 13:55:00+03:00,991776.6004891617
2026-06-05 14:00:00+03:00,991776.6004891617
2026-06-05 14:05:00+03:00,991776.6004891617
2026-06-05 14:10:00+03:00,991776.6004891617
2026-06-05 14:15:00+03:00,991776.6004891617
2026-06-05 14:20:00+03:00,991776.6004891617
2026-06-05 14:25:00+03:00,991776.6004891617
2026-06-05 14:30:00+03:00,991776.6004891617
2026-06-05 14:35:00+03:00,991776.6004891617
2026-06-05 14:40:00+03:00,991776.6004891617
2026-06-05 14:45:00+03:00,991776.6004891617
2026-06-05 14:50:00+03:00,991776.6004891617
2026-06-05 14:55:00+03:00,991776.6004891617
2026-06-05 15:00:00+03:00,991776.6004891617
2026-06-05 15:05:00+03:00,991776.6004891617
2026-06-05 15:10:00+03:00,991776.6004891617
2026-06-05 15:15:00+03:00,991776.6004891617
2026-06-05 15:20:00+03:00,991776.6004891617
2026-06-05 15:25:00+03:00,991776.6004891617
2026-06-05 15:30:00+03:00,991776.6004891617
2026-06-05 15:35:00+03:00,991776.6004891617
2026-06-05 15:40:00+03:00,991776.6004891617
2026-06-05 15:45:00+03:00,991776.6004891617
2026-06-05 15:50:00+03:00,991776.6004891617
2026-06-05 15:55:00+03:00,991776.6004891617
2026-06-05 16:00:00+03:00,991776.6004891617
2026-06-05 16:05:00+03:00,991776.6004891617
2026-06-05 16:10:00+03:00,991776.6004891617
2026-06-05 16:15:00+03:00,991776.6004891617
2026-06-05 16:20:00+03:00,991776.6004891617
2026-06-05 16:25:00+03:00,991776.6004891617
2026-06-05 16:30:00+03:00,991776.6004891617
2026-06-05 16:35:00+03:00,991776.6004891617
2026-06-05 16:40:00+03:00,991776.6004891617
2026-06-05 16:45:00+03:00,991776.6004891617
2026-06-05 16:50:00+03:00,991776.6004891617
2026-06-05 16:55:00+03:00,991776.6004891617
2026-06-05 17:00:00+03:00,991776.6004891617
2026-06-05 17:05:00+03:00,991776.6004891617
2026-06-05 17:10:00+03:00,991776.6004891617
2026-06-05 17:15:00+03:00,991776.6004891617
2026-06-05 17:20:00+03:00,991776.6004891617
2026-06-05 17:25:00+03:00,991776.6004891617
2026-06-05 17:30:00+03:00,991776.6004891617
2026-06-05 17:35:00+03:00,991776.6004891617
2026-06-05 17:40:00+03:00,991776.6004891617
2026-06-05 17:45:00+03:00,991776.6004891617
2026-06-05 17:50:00+03:00,991776.6004891617
2026-06-05 17:55:00+03:00,991776.6004891617
2026-06-08 09:55:00+03:00,991776.6004891617
2026-06-08 10:00:00+03:00,991776.6004891617
2026-06-08 10:05:00+03:00,991776.6004891617
2026-06-08 10:10:00+03:00,991776.6004891617
2026-06-08 10:15:00+03:00,991776.6004891617
2026-06-08 10:20:00+03:00,991776.6004891617
2026-06-08 10:25:00+03:00,991776.6004891617
2026-06-08 10:30:00+03:00,991776.6004891617
2026-06-08 10:35:00+03:00,991776.6004891617
2026-06-08 10:40:00+03:00,991776.6004891617
2026-06-08 10:45:00+03:00,991776.6004891617
2026-06-08 10:50:00+03:00,991776.6004891617
2026-06-08 10:55:00+03:00,991776.6004891617
2026-06-08 11:00:00+03:00,991776.6004891617
2026-06-08 11:05:00+03:00,991776.6004891617
2026-06-08 11:10:00+03:00,991776.6004891617
2026-06-08 11:15:00+03:00,991776.6004891617
2026-06-08 11:20:00+03:00,991776.6004891617
2026-06-08 11:25:00+03:00,991776.6004891617
2026-06-08 11:30:00+03:00,991776.6004891617
2026-06-08 11:35:00+03:00,991776.6004891617
2026-06-08 11:40:00+03:00,991776.6004891617
2026-06-08 11:45:00+03:00,991776.6004891617
2026-06-08 11:50:00+03:00,991776.6004891617
2026-06-08 11:55:00+03:00,991776.6004891617
2026-06-08 12:00:00+03:00,991776.6004891617
2026-06-08 12:05:00+03:00,991776.6004891617
2026-06-08 12:10:00+03:00,991776.6004891617
2026-06-08 12:15:00+03:00,991776.6004891617
2026-06-08 12:20:00+03:00,991776.6004891617
2026-06-08 12:25:00+03:00,991776.6004891617
2026-06-08 12:30:00+03:00,991776.6004891617
2026-06-08 12:35:00+03:00,991776.6004891617
2026-06-08 12:40:00+03:00,991776.6004891617
2026-06-08 12:45:00+03:00,991776.6004891617
2026-06-08 12:50:00+03:00,991776.6004891617
2026-06-08 12:55:00+03:00,991776.6004891617
2026-06-08 13:00:00+03:00,991776.6004891617
2026-06-08 13:05:00+03:00,991776.6004891617
2026-06-08 13:10:00+03:00,991776.6004891617
2026-06-08 13:15:00+03:00,991776.6004891617
2026-06-08 13:20:00+03:00,991776.6004891617
2026-06-08 13:25:00+03:00,991776.6004891617
2026-06-08 13:30:00+03:00,991776.6004891617
2026-06-08 13:35:00+03:00,991776.6004891617
2026-06-08 13:40:00+03:00,991776.6004891617
2026-06-08 13:45:00+03:00,991776.6004891617
2026-06-08 13:50:00+03:00,991776.6004891617
2026-06-08 13:55:00+03:00,991776.6004891617
2026-06-08 14:00:00+03:00,991776.6004891617
2026-06-08 14:05:00+03:00,991776.6004891617
2026-06-08 14:10:00+03:00,991776.6004891617
2026-06-08 14:15:00+03:00,991776.6004891617
2026-06-08 14:20:00+03:00,991776.6004891617
2026-06-08 14:25:00+03:00,991776.6004891617
2026-06-08 14:30:00+03:00,991776.6004891617
2026-06-08 14:35:00+03:00,991776.6004891617
2026-06-08 14:40:00+03:00,991776.6004891617
2026-06-08 14:45:00+03:00,991776.6004891617
2026-06-08 14:50:00+03:00,991776.6004891617
2026-06-08 14:55:00+03:00,991776.6004891617
2026-06-08 15:00:00+03:00,991776.6004891617
2026-06-08 15:05:00+03:00,991776.6004891617
2026-06-08 15:10:00+03:00,991776.6004891617
2026-06-08 15:15:00+03:00,991776.6004891617
2026-06-08 15:20:00+03:00,991776.6004891617
2026-06-08 15:25:00+03:00,991776.6004891617
2026-06-08 15:30:00+03:00,991776.6004891617
2026-06-08 15:35:00+03:00,991776.6004891617
2026-06-08 15:40:00+03:00,991776.6004891617
2026-06-08 15:45:00+03:00,991776.6004891617
2026-06-08 15:50:00+03:00,991776.6004891617
2026-06-08 15:55:00+03:00,991776.6004891617
2026-06-08 16:00:00+03:00,991776.6004891617
2026-06-08 16:05:00+03:00,991776.6004891617
2026-06-08 16:10:00+03:00,991776.6004891617
2026-06-08 16:15:00+03:00,991776.6004891617
2026-06-08 16:20:00+03:00,991776.6004891617
2026-06-08 16:25:00+03:00,991776.6004891617
2026-06-08 16:30:00+03:00,991776.6004891617
2026-06-08 16:35:00+03:00,991776.6004891617
2026-06-08 16:40:00+03:00,991776.6004891617
2026-06-08 16:45:00+03:00,991776.6004891617
2026-06-08 16:50:00+03:00,991776.6004891617
2026-06-08 16:55:00+03:00,991776.6004891617
2026-06-08 17:00:00+03:00,991776.6004891617
2026-06-08 17:05:00+03:00,991776.6004891617
2026-06-08 17:10:00+03:00,991776.6004891617
2026-06-08 17:15:00+03:00,991776.6004891617
2026-06-08 17:20:00+03:00,991776.6004891617
2026-06-08 17:25:00+03:00,991776.6004891617
2026-06-08 17:30:00+03:00,991776.6004891617
2026-06-08 17:35:00+03:00,991776.6004891617
2026-06-08 17:40:00+03:00,991776.6004891617
2026-06-08 17:45:00+03:00,991776.6004891617
2026-06-08 17:50:00+03:00,991776.6004891617
2026-06-08 17:55:00+03:00,991776.6004891617
2026-06-09 09:55:00+03:00,991776.6004891617
2026-06-09 10:00:00+03:00,991776.6004891617
2026-06-09 10:05:00+03:00,991776.6004891617
2026-06-09 10:10:00+03:00,991776.6004891617
2026-06-09 10:15:00+03:00,991776.6004891617
2026-06-09 10:20:00+03:00,991776.6004891617
2026-06-09 10:25:00+03:00,991776.6004891617
2026-06-09 10:30:00+03:00,991776.6004891617
2026-06-09 10:35:00+03:00,991776.6004891617
2026-06-09 10:40:00+03:00,991776.6004891617
2026-06-09 10:45:00+03:00,991776.6004891617
2026-06-09 10:50:00+03:00,991776.6004891617
2026-06-09 10:55:00+03:00,991776.6004891617
2026-06-09 11:00:00+03:00,991776.6004891617
2026-06-09 11:05:00+03:00,991776.6004891617
2026-06-09 11:10:00+03:00,991776.6004891617
2026-06-09 11:15:00+03:00,991776.6004891617
2026-06-09 11:20:00+03:00,991776.6004891617
2026-06-09 11:25:00+03:00,991776.6004891617
2026-06-09 11:30:00+03:00,991776.6004891617
2026-06-09 11:35:00+03:00,991776.6004891617
2026-06-09 11:40:00+03:00,991776.6004891617
2026-06-09 11:45:00+03:00,991776.6004891617
2026-06-09 11:50:00+03:00,991776.6004891617
2026-06-09 11:55:00+03:00,991776.6004891617
2026-06-09 12:00:00+03:00,991776.6004891617
2026-06-09 12:05:00+03:00,991776.6004891617
2026-06-09 12:10:00+03:00,991776.6004891617
2026-06-09 12:15:00+03:00,991776.6004891617
2026-06-09 12:20:00+03:00,991776.6004891617
2026-06-09 12:25:00+03:00,991776.6004891617
2026-06-09 12:30:00+03:00,991776.6004891617
2026-06-09 12:35:00+03:00,991776.6004891617
2026-06-09 12:40:00+03:00,991776.6004891617
2026-06-09 12:45:00+03:00,991776.6004891617
2026-06-09 12:50:00+03:00,991776.6004891617
2026-06-09 12:55:00+03:00,991776.6004891617
2026-06-09 13:00:00+03:00,991776.6004891617
2026-06-09 13:05:00+03:00,991776.6004891617
2026-06-09 13:10:00+03:00,991776.6004891617
2026-06-09 13:15:00+03:00,991776.6004891617
2026-06-09 13:20:00+03:00,991776.6004891617
2026-06-09 13:25:00+03:00,991776.6004891617
2026-06-09 13:30:00+03:00,991776.6004891617
2026-06-09 13:35:00+03:00,991776.6004891617
2026-06-09 13:40:00+03:00,991776.6004891617
2026-06-09 13:45:00+03:00,991776.6004891617
2026-06-09 13:50:00+03:00,991776.6004891617
2026-06-09 13:55:00+03:00,991776.6004891617
2026-06-09 14:00:00+03:00,991776.6004891617
2026-06-09 14:05:00+03:00,991776.6004891617
2026-06-09 14:10:00+03:00,991776.6004891617
2026-06-09 14:15:00+03:00,991776.6004891617
2026-06-09 14:20:00+03:00,991776.6004891617
2026-06-09 14:25:00+03:00,991776.6004891617
2026-06-09 14:30:00+03:00,991776.6004891617
2026-06-09 14:35:00+03:00,991776.6004891617
2026-06-09 14:40:00+03:00,991776.6004891617
2026-06-09 14:45:00+03:00,991776.6004891617
2026-06-09 14:50:00+03:00,991776.6004891617
2026-06-09 14:55:00+03:00,991776.6004891617
2026-06-09 15:00:00+03:00,991776.6004891617
2026-06-09 15:05:00+03:00,991776.6004891617
2026-06-09 15:10:00+03:00,991776.6004891617
2026-06-09 15:15:00+03:00,991776.6004891617
2026-06-09 15:20:00+03:00,991776.6004891617
2026-06-09 15:25:00+03:00,991776.6004891617
2026-06-09 15:30:00+03:00,991776.6004891617
2026-06-09 15:35:00+03:00,991776.6004891617
2026-06-09 15:40:00+03:00,991776.6004891617
2026-06-09 15:45:00+03:00,991776.6004891617
2026-06-09 15:50:00+03:00,991776.6004891617
2026-06-09 15:55:00+03:00,991776.6004891617
2026-06-09 16:00:00+03:00,991776.6004891617
2026-06-09 16:05:00+03:00,991776.6004891617
2026-06-09 16:10:00+03:00,991776.6004891617
2026-06-09 16:15:00+03:00,991776.6004891617
2026-06-09 16:20:00+03:00,991776.6004891617
2026-06-09 16:25:00+03:00,991776.6004891617
2026-06-09 16:30:00+03:00,991776.6004891617
2026-06-09 16:35:00+03:00,991776.6004891617
2026-06-09 16:40:00+03:00,991776.6004891617
2026-06-09 16:45:00+03:00,991776.6004891617
2026-06-09 16:50:00+03:00,991776.6004891617
2026-06-09 16:55:00+03:00,991776.6004891617
2026-06-09 17:00:00+03:00,991776.6004891617
2026-06-09 17:05:00+03:00,991776.6004891617
2026-06-09 17:10:00+03:00,991776.6004891617
2026-06-09 17:15:00+03:00,991776.6004891617
2026-06-09 17:20:00+03:00,991776.6004891617
2026-06-09 17:25:00+03:00,991776.6004891617
2026-06-09 17:30:00+03:00,991776.6004891617
2026-06-09 17:35:00+03:00,991776.6004891617
2026-06-09 17:40:00+03:00,991776.6004891617
2026-06-09 17:45:00+03:00,991776.6004891617
2026-06-09 17:50:00+03:00,991776.6004891617
2026-06-09 17:55:00+03:00,991776.6004891617
2026-06-10 09:55:00+03:00,991776.6004891617
2026-06-10 10:00:00+03:00,991776.6004891617
2026-06-10 10:05:00+03:00,991776.6004891617
2026-06-10 10:10:00+03:00,991776.6004891617
2026-06-10 10:15:00+03:00,991776.6004891617
2026-06-10 10:20:00+03:00,991776.6004891617
2026-06-10 10:25:00+03:00,991776.6004891617
2026-06-10 10:30:00+03:00,991776.6004891617
2026-06-10 10:35:00+03:00,991776.6004891617
2026-06-10 10:40:00+03:00,991027.4745526295
2026-06-10 10:45:00+03:00,989656.847581968
2026-06-10 10:50:00+03:00,989656.847581968
2026-06-10 10:55:00+03:00,989999.5043246334
2026-06-10 11:00:00+03:00,986915.5936406448
2026-06-10 11:05:00+03:00,986230.2801553141
2026-06-10 11:10:00+03:00,985887.6234126487
2026-06-10 11:15:00+03:00,986230.2801553141
2026-06-10 11:20:00+03:00,986572.9368979795
2026-06-10 11:25:00+03:00,985887.6234126487
2026-06-10 11:30:00+03:00,986230.2801553141
2026-06-10 11:35:00+03:00,985887.6234126487
2026-06-10 11:40:00+03:00,984174.3396993218
2026-06-10 11:45:00+03:00,984859.6531846526
2026-06-10 11:50:00+03:00,985887.6234126487
2026-06-10 11:55:00+03:00,984859.6531846526
2026-06-10 12:00:00+03:00,986230.2801553141
2026-06-10 12:05:00+03:00,986572.9368979795
2026-06-10 12:10:00+03:00,985887.6234126487
2026-06-10 12:15:00+03:00,986915.5936406448
2026-06-10 12:20:00+03:00,987943.563868641
2026-06-10 12:25:00+03:00,988971.5340966372
2026-06-10 12:30:00+03:00,989656.847581968
2026-06-10 12:35:00+03:00,989999.5043246334
2026-06-10 12:40:00+03:00,988628.8773539718
2026-06-10 12:45:00+03:00,988971.5340966372
2026-06-10 12:50:00+03:00,989999.5043246334
2026-06-10 12:55:00+03:00,989999.5043246334
2026-06-10 13:00:00+03:00,989314.1908393025
2026-06-10 13:05:00+03:00,989314.1908393025
2026-06-10 13:10:00+03:00,988628.8773539718
2026-06-10 13:15:00+03:00,988628.8773539718
2026-06-10 13:20:00+03:00,989656.847581968
2026-06-10 13:25:00+03:00,990684.8178099641
2026-06-10 13:30:00+03:00,991370.131295295
2026-06-10 13:35:00+03:00,990684.8178099641
2026-06-10 13:40:00+03:00,991370.131295295
2026-06-10 13:45:00+03:00,988286.2206113064
2026-06-10 13:50:00+03:00,988286.2206113064
2026-06-10 13:55:00+03:00,989656.847581968
2026-06-10 14:00:00+03:00,987600.9071259757
2026-06-10 14:05:00+03:00,988628.8773539718
2026-06-10 14:10:00+03:00,988628.8773539718
2026-06-10 14:15:00+03:00,987943.563868641
2026-06-10 14:20:00+03:00,991712.7880379603
2026-06-10 14:25:00+03:00,991712.7880379603
2026-06-10 14:30:00+03:00,991027.4745526295
2026-06-10 14:35:00+03:00,991712.7880379603
2026-06-10 14:40:00+03:00,995824.6689499449
2026-06-10 14:45:00+03:00,996347.5631392524
2026-06-10 14:50:00+03:00,996347.5631392524
2026-06-10 14:55:00+03:00,996347.5631392524
2026-06-10 15:00:00+03:00,996347.5631392524
2026-06-10 15:05:00+03:00,996347.5631392524
2026-06-10 15:10:00+03:00,996347.5631392524
2026-06-10 15:15:00+03:00,996347.5631392524
2026-06-10 15:20:00+03:00,996347.5631392524
2026-06-10 15:25:00+03:00,996347.5631392524
2026-06-10 15:30:00+03:00,996347.5631392524
2026-06-10 15:35:00+03:00,996347.5631392524
2026-06-10 15:40:00+03:00,996347.5631392524
2026-06-10 15:45:00+03:00,996347.5631392524
2026-06-10 15:50:00+03:00,996347.5631392524
2026-06-10 15:55:00+03:00,996347.5631392524
2026-06-10 16:00:00+03:00,996347.5631392524
2026-06-10 16:05:00+03:00,996347.5631392524
2026-06-10 16:10:00+03:00,996347.5631392524
2026-06-10 16:15:00+03:00,996347.5631392524
2026-06-10 16:20:00+03:00,996347.5631392524
2026-06-10 16:25:00+03:00,996347.5631392524
2026-06-10 16:30:00+03:00,996347.5631392524
2026-06-10 16:35:00+03:00,995598.4372027202
2026-06-10 16:40:00+03:00,996761.095086852
2026-06-10 16:45:00+03:00,998386.1276436752
2026-06-10 16:50:00+03:00,994863.0153480538
2026-06-10 16:55:00+03:00,995413.7462689829
2026-06-10 17:00:00+03:00,995140.6581081804
2026-06-10 17:05:00+03:00,994603.548616528
2026-06-10 17:10:00+03:00,992978.5160597048
2026-06-10 17:15:00+03:00,992978.5160597048
2026-06-10 17:20:00+03:00,994066.4391248755
2026-06-10 17:25:00+03:00,991895.1885726857
2026-06-10 17:30:00+03:00,994061.8435467238
2026-06-10 17:35:00+03:00,992973.9614603806
2026-06-10 17:40:00+03:00,992973.9614603806
2026-06-10 17:45:00+03:00,995136.1035088563
2026-06-10 17:50:00+03:00,992973.9614603806
2026-06-10 17:55:00+03:00,991617.5048337316
2026-06-11 09:55:00+03:00,992136.3966230216
2026-06-11 10:00:00+03:00,992928.4182468757
2026-06-11 10:05:00+03:00,993479.1908415665
2026-06-11 10:10:00+03:00,993492.8539446048
2026-06-11 10:15:00+03:00,994844.7566668638
2026-06-11 10:20:00+03:00,995654.9959930805
2026-06-11 10:25:00+03:00,999724.3672628959
2026-06-11 10:30:00+03:00,998909.5740322893
2026-06-11 10:35:00+03:00,997826.2465452703
2026-06-11 10:40:00+03:00,996201.2139884471
2026-06-11 10:45:00+03:00,995390.9746622304
2026-06-11 10:50:00+03:00,995390.9746622304
2026-06-11 10:55:00+03:00,995386.461736668
2026-06-11 11:00:00+03:00,995386.461736668
2026-06-11 11:05:00+03:00,995386.461736668
2026-06-11 11:10:00+03:00,996742.9190582512
2026-06-11 11:15:00+03:00,997011.4533146636
2026-06-11 11:20:00+03:00,997011.4533146636
2026-06-11 11:25:00+03:00,994580.7770097756
2026-06-11 11:30:00+03:00,994849.311266188
2026-06-11 11:35:00+03:00,995386.461736668
2026-06-11 11:40:00+03:00,995386.461736668
2026-06-11 11:45:00+03:00,994849.311266188
2026-06-11 11:50:00+03:00,994576.1814316239
2026-06-11 11:55:00+03:00,994034.559014409
2026-06-11 12:00:00+03:00,994312.2017745356
2026-06-11 12:05:00+03:00,993770.5376835589
2026-06-11 12:10:00+03:00,991872.4169659333
2026-06-11 12:15:00+03:00,991867.8213877815
2026-06-11 12:20:00+03:00,990515.95964435
2026-06-11 12:25:00+03:00,990247.3844091101
2026-06-11 12:30:00+03:00,989705.679339306
2026-06-11 12:35:00+03:00,990247.3844091101
2026-06-11 12:40:00+03:00,990515.95964435
2026-06-11 12:45:00+03:00,990242.8298097858
2026-06-11 12:50:00+03:00,990515.95964435
2026-06-11 12:55:00+03:00,989705.679339306
2026-06-11 13:00:00+03:00,990247.3844091101
2026-06-11 13:05:00+03:00,989710.2749174576
2026-06-11 13:10:00+03:00,988626.9474304385
2026-06-11 13:15:00+03:00,989168.5698476534
2026-06-11 13:20:00+03:00,989983.4047520218
2026-06-11 13:25:00+03:00,989978.8091738701
2026-06-11 13:30:00+03:00,989173.1654258051
2026-06-11 13:35:00+03:00,990256.4929128243
2026-06-11 13:40:00+03:00,990793.6024044766
2026-06-11 13:45:00+03:00,991075.840742755
2026-06-11 13:50:00+03:00,991348.9705773192
2026-06-11 13:55:00+03:00,990807.265507515
2026-06-11 14:00:00+03:00,990802.7109081908
2026-06-11 14:05:00+03:00,989987.9176775842
2026-06-11 14:10:00+03:00,989177.7200251294
2026-06-11 14:15:00+03:00,990261.0475121484
2026-06-11 14:20:00+03:00,990256.4929128243
2026-06-11 14:25:00+03:00,997835.3550489844
2026-06-11 14:30:00+03:00,995946.3428350729
2026-06-11 14:35:00+03:00,995950.8557606353
2026-06-11 14:40:00+03:00,994876.6367773304
2026-06-11 14:45:00+03:00,991913.3646012865
2026-06-11 14:50:00+03:00,991376.255109634
2026-06-11 14:55:00+03:00,992177.426910964
2026-06-11 15:00:00+03:00,991640.276440484
2026-06-11 15:05:00+03:00,990825.4825149432
2026-06-11 15:10:00+03:00,989746.7096272483
2026-06-11 15:15:00+03:00,985691.0007655369
2026-06-11 15:20:00+03:00,982397.2761602602
2026-06-11 15:25:00+03:00,983216.5823164294
2026-06-11 15:30:00+03:00,981851.0164911319
2026-06-11 15:35:00+03:00,979666.1445096656
2026-06-11 15:40:00+03:00,978300.5786843682
2026-06-11 15:45:00+03:00,979666.1445096656
2026-06-11 15:50:00+03:00,979393.0146751014
2026-06-11 15:55:00+03:00,979119.8848405372
2026-06-11 16:00:00+03:00,980212.3625050322
2026-06-11 16:05:00+03:00,979666.1445096656
2026-06-11 16:10:00+03:00,979939.232670468
2026-06-11 16:15:00+03:00,979393.0146751014
2026-06-11 16:20:00+03:00,979119.8848405372
2026-06-11 16:25:00+03:00,979939.232670468
2026-06-11 16:30:00+03:00,980212.3625050322
2026-06-11 16:35:00+03:00,981577.9283303295
2026-06-11 16:40:00+03:00,982124.146325696
2026-06-11 16:45:00+03:00,984855.2779762908
2026-06-11 16:50:00+03:00,984035.9301463601
2026-06-11 16:55:00+03:00,982397.2761602602
2026-06-11 17:00:00+03:00,982397.2761602602
2026-06-11 17:05:00+03:00,981304.7984957653
2026-06-11 17:10:00+03:00,980758.5805003988
2026-06-11 17:15:00+03:00,980758.5805003988
2026-06-11 17:20:00+03:00,981851.0164911319
2026-06-11 17:25:00+03:00,981851.0164911319
2026-06-11 17:30:00+03:00,982943.4941556269
2026-06-11 17:35:00+03:00,984855.2779762908
2026-06-11 17:40:00+03:00,985128.407810855
2026-06-11 17:45:00+03:00,987313.2797923214
2026-06-11 17:50:00+03:00,988951.9754521829
2026-06-11 17:55:00+03:00,987586.4096268856
2026-06-12 09:55:00+03:00,996634.6487853059
2026-06-12 10:00:00+03:00,996634.6487853059
2026-06-12 10:05:00+03:00,996634.6487853059
2026-06-12 10:10:00+03:00,996634.6487853059
2026-06-12 10:15:00+03:00,996634.6487853059
2026-06-12 10:20:00+03:00,996634.6487853059
2026-06-12 10:25:00+03:00,996634.6487853059
2026-06-12 10:30:00+03:00,996634.6487853059
2026-06-12 10:35:00+03:00,996634.6487853059
2026-06-12 10:40:00+03:00,996634.6487853059
2026-06-12 10:45:00+03:00,996634.6487853059
2026-06-12 10:50:00+03:00,996634.6487853059
2026-06-12 10:55:00+03:00,996634.6487853059
2026-06-12 11:00:00+03:00,996634.6487853059
2026-06-12 11:05:00+03:00,996634.6487853059
2026-06-12 11:10:00+03:00,996634.6487853059
2026-06-12 11:15:00+03:00,996634.6487853059
2026-06-12 11:20:00+03:00,996634.6487853059
2026-06-12 11:25:00+03:00,996634.6487853059
2026-06-12 11:30:00+03:00,996634.6487853059
2026-06-12 11:35:00+03:00,996634.6487853059
2026-06-12 11:40:00+03:00,996634.6487853059
2026-06-12 11:45:00+03:00,996634.6487853059
2026-06-12 11:50:00+03:00,996634.6487853059
2026-06-12 11:55:00+03:00,996634.6487853059
2026-06-12 12:00:00+03:00,996634.6487853059
2026-06-12 12:05:00+03:00,996634.6487853059
2026-06-12 12:10:00+03:00,996634.6487853059
2026-06-12 12:15:00+03:00,996634.6487853059
2026-06-12 12:20:00+03:00,996634.6487853059
2026-06-12 12:25:00+03:00,996634.6487853059
2026-06-12 12:30:00+03:00,996634.6487853059
2026-06-12 12:35:00+03:00,996634.6487853059
2026-06-12 12:40:00+03:00,996634.6487853059
2026-06-12 12:45:00+03:00,996634.6487853059
2026-06-12 12:50:00+03:00,996634.6487853059
2026-06-12 12:55:00+03:00,996634.6487853059
2026-06-12 13:00:00+03:00,996634.6487853059
2026-06-12 13:05:00+03:00,996634.6487853059
2026-06-12 13:10:00+03:00,996634.6487853059
2026-06-12 13:15:00+03:00,996634.6487853059
2026-06-12 13:20:00+03:00,996634.6487853059
2026-06-12 13:25:00+03:00,996634.6487853059
2026-06-12 13:30:00+03:00,996634.6487853059
2026-06-12 13:35:00+03:00,996634.6487853059
2026-06-12 13:40:00+03:00,996634.6487853059
2026-06-12 13:45:00+03:00,996634.6487853059
2026-06-12 13:50:00+03:00,996634.6487853059
2026-06-12 13:55:00+03:00,996634.6487853059
2026-06-12 14:00:00+03:00,996634.6487853059
2026-06-12 14:05:00+03:00,996634.6487853059
2026-06-12 14:10:00+03:00,996634.6487853059
2026-06-12 14:15:00+03:00,996634.6487853059
2026-06-12 14:20:00+03:00,996634.6487853059
2026-06-12 14:25:00+03:00,996634.6487853059
2026-06-12 14:30:00+03:00,996634.6487853059
2026-06-12 14:35:00+03:00,996634.6487853059
2026-06-12 14:40:00+03:00,996634.6487853059
2026-06-12 14:45:00+03:00,996634.6487853059
2026-06-12 14:50:00+03:00,996634.6487853059
2026-06-12 14:55:00+03:00,996634.6487853059
2026-06-12 15:00:00+03:00,996634.6487853059
2026-06-12 15:05:00+03:00,996634.6487853059
2026-06-12 15:10:00+03:00,996634.6487853059
2026-06-12 15:15:00+03:00,996634.6487853059
2026-06-12 15:20:00+03:00,996634.6487853059
2026-06-12 15:25:00+03:00,996634.6487853059
2026-06-12 15:30:00+03:00,996634.6487853059
2026-06-12 15:35:00+03:00,996634.6487853059
2026-06-12 15:40:00+03:00,996634.6487853059
2026-06-12 15:45:00+03:00,996634.6487853059
2026-06-12 15:50:00+03:00,996634.6487853059
2026-06-12 15:55:00+03:00,996634.6487853059
2026-06-12 16:00:00+03:00,996634.6487853059
2026-06-12 16:05:00+03:00,996634.6487853059
2026-06-12 16:10:00+03:00,996634.6487853059
2026-06-12 16:15:00+03:00,996634.6487853059
2026-06-12 16:20:00+03:00,996634.6487853059
2026-06-12 16:25:00+03:00,996634.6487853059
2026-06-12 16:30:00+03:00,996634.6487853059
2026-06-12 16:35:00+03:00,996634.6487853059
2026-06-12 16:40:00+03:00,996634.6487853059
2026-06-12 16:45:00+03:00,996634.6487853059
2026-06-12 16:50:00+03:00,996634.6487853059
2026-06-12 16:55:00+03:00,996634.6487853059
2026-06-12 17:00:00+03:00,996634.6487853059
2026-06-12 17:05:00+03:00,996634.6487853059
2026-06-12 17:10:00+03:00,996634.6487853059
2026-06-12 17:15:00+03:00,996634.6487853059
2026-06-12 17:20:00+03:00,996634.6487853059
2026-06-12 17:25:00+03:00,996634.6487853059
2026-06-12 17:30:00+03:00,996634.6487853059
2026-06-12 17:35:00+03:00,996634.6487853059
2026-06-12 17:40:00+03:00,996634.6487853059
2026-06-12 17:45:00+03:00,996634.6487853059
2026-06-12 17:50:00+03:00,996634.6487853059
2026-06-12 17:55:00+03:00,996634.6487853059
2026-06-15 09:55:00+03:00,996634.6487853059
2026-06-15 10:00:00+03:00,996634.6487853059
2026-06-15 10:05:00+03:00,996634.6487853059
2026-06-15 10:10:00+03:00,996634.6487853059
2026-06-15 10:15:00+03:00,996634.6487853059
2026-06-15 10:20:00+03:00,996634.6487853059
2026-06-15 10:25:00+03:00,996634.6487853059
2026-06-15 10:30:00+03:00,996634.6487853059
2026-06-15 10:35:00+03:00,996634.6487853059
2026-06-15 10:40:00+03:00,996634.6487853059
2026-06-15 10:45:00+03:00,996634.6487853059
2026-06-15 10:50:00+03:00,996634.6487853059
2026-06-15 10:55:00+03:00,996634.6487853059
2026-06-15 11:00:00+03:00,996634.6487853059
2026-06-15 11:05:00+03:00,996634.6487853059
2026-06-15 11:10:00+03:00,996634.6487853059
2026-06-15 11:15:00+03:00,996634.6487853059
2026-06-15 11:20:00+03:00,996634.6487853059
2026-06-15 11:25:00+03:00,996634.6487853059
2026-06-15 11:30:00+03:00,996634.6487853059
2026-06-15 11:35:00+03:00,996634.6487853059
2026-06-15 11:40:00+03:00,996634.6487853059
2026-06-15 11:45:00+03:00,996634.6487853059
2026-06-15 11:50:00+03:00,996634.6487853059
2026-06-15 11:55:00+03:00,996634.6487853059
2026-06-15 12:00:00+03:00,996634.6487853059
2026-06-15 12:05:00+03:00,996634.6487853059
2026-06-15 12:10:00+03:00,996634.6487853059
2026-06-15 12:15:00+03:00,996634.6487853059
2026-06-15 12:20:00+03:00,996634.6487853059
2026-06-15 12:25:00+03:00,996634.6487853059
2026-06-15 12:30:00+03:00,996634.6487853059
2026-06-15 12:35:00+03:00,996634.6487853059
2026-06-15 12:40:00+03:00,996634.6487853059
2026-06-15 12:45:00+03:00,996634.6487853059
2026-06-15 12:50:00+03:00,996634.6487853059
2026-06-15 12:55:00+03:00,996634.6487853059
2026-06-15 13:00:00+03:00,996634.6487853059
2026-06-15 13:05:00+03:00,996634.6487853059
2026-06-15 13:10:00+03:00,996634.6487853059
2026-06-15 13:15:00+03:00,996634.6487853059
2026-06-15 13:20:00+03:00,996634.6487853059
2026-06-15 13:25:00+03:00,996634.6487853059
2026-06-15 13:30:00+03:00,996634.6487853059
2026-06-15 13:35:00+03:00,996634.6487853059
2026-06-15 13:40:00+03:00,996634.6487853059
2026-06-15 13:45:00+03:00,996634.6487853059
2026-06-15 13:50:00+03:00,996634.6487853059
2026-06-15 13:55:00+03:00,996634.6487853059
2026-06-15 14:00:00+03:00,996634.6487853059
2026-06-15 14:05:00+03:00,996634.6487853059
2026-06-15 14:10:00+03:00,996634.6487853059
2026-06-15 14:15:00+03:00,996634.6487853059
2026-06-15 14:20:00+03:00,996634.6487853059
2026-06-15 14:25:00+03:00,996634.6487853059
2026-06-15 14:30:00+03:00,996634.6487853059
2026-06-15 14:35:00+03:00,996634.6487853059
2026-06-15 14:40:00+03:00,996634.6487853059
2026-06-15 14:45:00+03:00,996634.6487853059
2026-06-15 14:50:00+03:00,996634.6487853059
2026-06-15 14:55:00+03:00,996634.6487853059
2026-06-15 15:00:00+03:00,996634.6487853059
2026-06-15 15:05:00+03:00,996634.6487853059
2026-06-15 15:10:00+03:00,996634.6487853059
2026-06-15 15:15:00+03:00,996634.6487853059
2026-06-15 15:20:00+03:00,996634.6487853059
2026-06-15 15:25:00+03:00,996634.6487853059
2026-06-15 15:30:00+03:00,996634.6487853059
2026-06-15 15:35:00+03:00,996634.6487853059
2026-06-15 15:40:00+03:00,996634.6487853059
2026-06-15 15:45:00+03:00,996634.6487853059
2026-06-15 15:50:00+03:00,996634.6487853059
2026-06-15 15:55:00+03:00,996634.6487853059
2026-06-15 16:00:00+03:00,996634.6487853059
2026-06-15 16:05:00+03:00,996634.6487853059
2026-06-15 16:10:00+03:00,996634.6487853059
2026-06-15 16:15:00+03:00,996634.6487853059
2026-06-15 16:20:00+03:00,996634.6487853059
2026-06-15 16:25:00+03:00,996634.6487853059
2026-06-15 16:30:00+03:00,996634.6487853059
2026-06-15 16:35:00+03:00,996634.6487853059
2026-06-15 16:40:00+03:00,996634.6487853059
2026-06-15 16:45:00+03:00,996634.6487853059
2026-06-15 16:50:00+03:00,996634.6487853059
2026-06-15 16:55:00+03:00,996634.6487853059
2026-06-15 17:00:00+03:00,996634.6487853059
2026-06-15 17:05:00+03:00,996634.6487853059
2026-06-15 17:10:00+03:00,996634.6487853059
2026-06-15 17:15:00+03:00,996634.6487853059
2026-06-15 17:20:00+03:00,996634.6487853059
2026-06-15 17:25:00+03:00,996634.6487853059
2026-06-15 17:30:00+03:00,996634.6487853059
2026-06-15 17:35:00+03:00,996634.6487853059
2026-06-15 17:40:00+03:00,996634.6487853059
2026-06-15 17:45:00+03:00,996634.6487853059
2026-06-15 17:50:00+03:00,996634.6487853059
2026-06-15 17:55:00+03:00,996634.6487853059
2026-06-16 09:55:00+03:00,996634.6487853059
2026-06-16 10:00:00+03:00,996634.6487853059
2026-06-16 10:05:00+03:00,996634.6487853059
2026-06-16 10:10:00+03:00,996634.6487853059
2026-06-16 10:15:00+03:00,996634.6487853059
2026-06-16 10:20:00+03:00,996634.6487853059
2026-06-16 10:25:00+03:00,996634.6487853059
2026-06-16 10:30:00+03:00,996634.6487853059
2026-06-16 10:35:00+03:00,996634.6487853059
2026-06-16 10:40:00+03:00,996634.6487853059
2026-06-16 10:45:00+03:00,996634.6487853059
2026-06-16 10:50:00+03:00,996634.6487853059
2026-06-16 10:55:00+03:00,996634.6487853059
2026-06-16 11:00:00+03:00,996634.6487853059
2026-06-16 11:05:00+03:00,996634.6487853059
2026-06-16 11:10:00+03:00,996634.6487853059
2026-06-16 11:15:00+03:00,996634.6487853059
2026-06-16 11:20:00+03:00,996634.6487853059
2026-06-16 11:25:00+03:00,996634.6487853059
2026-06-16 11:30:00+03:00,996634.6487853059
2026-06-16 11:35:00+03:00,996634.6487853059
2026-06-16 11:40:00+03:00,996634.6487853059
2026-06-16 11:45:00+03:00,996634.6487853059
2026-06-16 11:50:00+03:00,996634.6487853059
2026-06-16 11:55:00+03:00,996634.6487853059
2026-06-16 12:00:00+03:00,996634.6487853059
2026-06-16 12:05:00+03:00,996634.6487853059
2026-06-16 12:10:00+03:00,996634.6487853059
2026-06-16 12:15:00+03:00,996634.6487853059
2026-06-16 12:20:00+03:00,996634.6487853059
2026-06-16 12:25:00+03:00,996634.6487853059
2026-06-16 12:30:00+03:00,996634.6487853059
2026-06-16 12:35:00+03:00,996634.6487853059
2026-06-16 12:40:00+03:00,996634.6487853059
2026-06-16 12:45:00+03:00,996634.6487853059
2026-06-16 12:50:00+03:00,996634.6487853059
2026-06-16 12:55:00+03:00,996634.6487853059
2026-06-16 13:00:00+03:00,996634.6487853059
2026-06-16 13:05:00+03:00,996634.6487853059
2026-06-16 13:10:00+03:00,996634.6487853059
2026-06-16 13:15:00+03:00,996634.6487853059
2026-06-16 13:20:00+03:00,996634.6487853059
2026-06-16 13:25:00+03:00,996634.6487853059
2026-06-16 13:30:00+03:00,996634.6487853059
2026-06-16 13:35:00+03:00,996634.6487853059
2026-06-16 13:40:00+03:00,996634.6487853059
2026-06-16 13:45:00+03:00,996634.6487853059
2026-06-16 13:50:00+03:00,996634.6487853059
2026-06-16 13:55:00+03:00,996634.6487853059
2026-06-16 14:00:00+03:00,996634.6487853059
2026-06-16 14:05:00+03:00,996634.6487853059
2026-06-16 14:10:00+03:00,996634.6487853059
2026-06-16 14:15:00+03:00,996634.6487853059
2026-06-16 14:20:00+03:00,996634.6487853059
2026-06-16 14:25:00+03:00,996634.6487853059
2026-06-16 14:30:00+03:00,996634.6487853059
2026-06-16 14:35:00+03:00,996634.6487853059
2026-06-16 14:40:00+03:00,996634.6487853059
2026-06-16 14:45:00+03:00,996634.6487853059
2026-06-16 14:50:00+03:00,996634.6487853059
2026-06-16 14:55:00+03:00,996634.6487853059
2026-06-16 15:00:00+03:00,996634.6487853059
2026-06-16 15:05:00+03:00,996634.6487853059
2026-06-16 15:10:00+03:00,996634.6487853059
2026-06-16 15:15:00+03:00,996634.6487853059
2026-06-16 15:20:00+03:00,996634.6487853059
2026-06-16 15:25:00+03:00,996634.6487853059
2026-06-16 15:30:00+03:00,996634.6487853059
2026-06-16 15:35:00+03:00,996634.6487853059
2026-06-16 15:40:00+03:00,996634.6487853059
2026-06-16 15:45:00+03:00,996634.6487853059
2026-06-16 15:50:00+03:00,996634.6487853059
2026-06-16 15:55:00+03:00,996634.6487853059
2026-06-16 16:00:00+03:00,996634.6487853059
2026-06-16 16:05:00+03:00,996634.6487853059
2026-06-16 16:10:00+03:00,996634.6487853059
2026-06-16 16:15:00+03:00,996634.6487853059
2026-06-16 16:20:00+03:00,996634.6487853059
2026-06-16 16:25:00+03:00,996634.6487853059
2026-06-16 16:30:00+03:00,996634.6487853059
2026-06-16 16:35:00+03:00,996634.6487853059
2026-06-16 16:40:00+03:00,996634.6487853059
2026-06-16 16:45:00+03:00,996634.6487853059
2026-06-16 16:50:00+03:00,996634.6487853059
2026-06-16 16:55:00+03:00,996634.6487853059
2026-06-16 17:00:00+03:00,996634.6487853059
2026-06-16 17:05:00+03:00,996634.6487853059
2026-06-16 17:10:00+03:00,996634.6487853059
2026-06-16 17:15:00+03:00,996634.6487853059
2026-06-16 17:20:00+03:00,996634.6487853059
2026-06-16 17:25:00+03:00,996634.6487853059
2026-06-16 17:30:00+03:00,996634.6487853059
2026-06-16 17:35:00+03:00,996634.6487853059
2026-06-16 17:40:00+03:00,996634.6487853059
2026-06-16 17:45:00+03:00,996634.6487853059
2026-06-16 17:50:00+03:00,996634.6487853059
2026-06-16 17:55:00+03:00,996634.6487853059
2026-06-17 09:55:00+03:00,996634.6487853059
2026-06-17 10:00:00+03:00,996634.6487853059
2026-06-17 10:05:00+03:00,996634.6487853059
2026-06-17 10:10:00+03:00,996634.6487853059
2026-06-17 10:15:00+03:00,996634.6487853059
2026-06-17 10:20:00+03:00,996634.6487853059
2026-06-17 10:25:00+03:00,996634.6487853059
2026-06-17 10:30:00+03:00,996634.6487853059
2026-06-17 10:35:00+03:00,996634.6487853059
2026-06-17 10:40:00+03:00,996634.6487853059
2026-06-17 10:45:00+03:00,996634.6487853059
2026-06-17 10:50:00+03:00,996634.6487853059
2026-06-17 10:55:00+03:00,996634.6487853059
2026-06-17 11:00:00+03:00,996634.6487853059
2026-06-17 11:05:00+03:00,996634.6487853059
2026-06-17 11:10:00+03:00,996634.6487853059
2026-06-17 11:15:00+03:00,996634.6487853059
2026-06-17 11:20:00+03:00,996634.6487853059
2026-06-17 11:25:00+03:00,996634.6487853059
2026-06-17 11:30:00+03:00,996634.6487853059
2026-06-17 11:35:00+03:00,996634.6487853059
2026-06-17 11:40:00+03:00,996634.6487853059
2026-06-17 11:45:00+03:00,996634.6487853059
2026-06-17 11:50:00+03:00,996634.6487853059
2026-06-17 11:55:00+03:00,996634.6487853059
2026-06-17 12:00:00+03:00,996634.6487853059
2026-06-17 12:05:00+03:00,996634.6487853059
2026-06-17 12:10:00+03:00,996634.6487853059
2026-06-17 12:15:00+03:00,996634.6487853059
2026-06-17 12:20:00+03:00,996634.6487853059
2026-06-17 12:25:00+03:00,996634.6487853059
2026-06-17 12:30:00+03:00,996634.6487853059
2026-06-17 12:35:00+03:00,996634.6487853059
2026-06-17 12:40:00+03:00,996634.6487853059
2026-06-17 12:45:00+03:00,996634.6487853059
2026-06-17 12:50:00+03:00,996634.6487853059
2026-06-17 12:55:00+03:00,996634.6487853059
2026-06-17 13:00:00+03:00,996634.6487853059
2026-06-17 13:05:00+03:00,996634.6487853059
2026-06-17 13:10:00+03:00,996634.6487853059
2026-06-17 13:15:00+03:00,996634.6487853059
2026-06-17 13:20:00+03:00,996634.6487853059
2026-06-17 13:25:00+03:00,996634.6487853059
2026-06-17 13:30:00+03:00,996634.6487853059
2026-06-17 13:35:00+03:00,996634.6487853059
2026-06-17 13:40:00+03:00,996634.6487853059
2026-06-17 13:45:00+03:00,996634.6487853059
2026-06-17 13:50:00+03:00,996634.6487853059
2026-06-17 13:55:00+03:00,996634.6487853059
2026-06-17 14:00:00+03:00,996634.6487853059
2026-06-17 14:05:00+03:00,996634.6487853059
2026-06-17 14:10:00+03:00,996634.6487853059
2026-06-17 14:15:00+03:00,996634.6487853059
2026-06-17 14:20:00+03:00,996634.6487853059
2026-06-17 14:25:00+03:00,996634.6487853059
2026-06-17 14:30:00+03:00,996634.6487853059
2026-06-17 14:35:00+03:00,996634.6487853059
2026-06-17 14:40:00+03:00,996634.6487853059
2026-06-17 14:45:00+03:00,996634.6487853059
2026-06-17 14:50:00+03:00,996634.6487853059
2026-06-17 14:55:00+03:00,996634.6487853059
2026-06-17 15:00:00+03:00,996634.6487853059
2026-06-17 15:05:00+03:00,996634.6487853059
2026-06-17 15:10:00+03:00,996634.6487853059
2026-06-17 15:15:00+03:00,996634.6487853059
2026-06-17 15:20:00+03:00,996634.6487853059
2026-06-17 15:25:00+03:00,996634.6487853059
2026-06-17 15:30:00+03:00,996634.6487853059
2026-06-17 15:35:00+03:00,996634.6487853059
2026-06-17 15:40:00+03:00,996634.6487853059
2026-06-17 15:45:00+03:00,996634.6487853059
2026-06-17 15:50:00+03:00,996634.6487853059
2026-06-17 15:55:00+03:00,996634.6487853059
2026-06-17 16:00:00+03:00,996634.6487853059
2026-06-17 16:05:00+03:00,996634.6487853059
2026-06-17 16:10:00+03:00,996634.6487853059
2026-06-17 16:15:00+03:00,996634.6487853059
2026-06-17 16:20:00+03:00,996634.6487853059
2026-06-17 16:25:00+03:00,996634.6487853059
2026-06-17 16:30:00+03:00,996634.6487853059
2026-06-17 16:35:00+03:00,996634.6487853059
2026-06-17 16:40:00+03:00,996634.6487853059
2026-06-17 16:45:00+03:00,996634.6487853059
2026-06-17 16:50:00+03:00,996634.6487853059
2026-06-17 16:55:00+03:00,996634.6487853059
2026-06-17 17:00:00+03:00,996634.6487853059
2026-06-17 17:05:00+03:00,996634.6487853059
2026-06-17 17:10:00+03:00,996634.6487853059
2026-06-17 17:15:00+03:00,996634.6487853059
2026-06-17 17:20:00+03:00,996634.6487853059
2026-06-17 17:25:00+03:00,996634.6487853059
2026-06-17 17:30:00+03:00,996634.6487853059
2026-06-17 17:35:00+03:00,996634.6487853059
2026-06-17 17:40:00+03:00,996634.6487853059
2026-06-17 17:45:00+03:00,996634.6487853059
2026-06-17 17:50:00+03:00,996634.6487853059
2026-06-17 17:55:00+03:00,996634.6487853059
2026-06-18 09:55:00+03:00,996634.6487853059
2026-06-18 10:00:00+03:00,996634.6487853059
2026-06-18 10:05:00+03:00,996634.6487853059
2026-06-18 10:10:00+03:00,996634.6487853059
2026-06-18 10:15:00+03:00,996634.6487853059
2026-06-18 10:20:00+03:00,996634.6487853059
2026-06-18 10:25:00+03:00,996634.6487853059
2026-06-18 10:30:00+03:00,996634.6487853059
2026-06-18 10:35:00+03:00,996634.6487853059
2026-06-18 10:40:00+03:00,996634.6487853059
2026-06-18 10:45:00+03:00,996634.6487853059
2026-06-18 10:50:00+03:00,996634.6487853059
2026-06-18 10:55:00+03:00,996634.6487853059
2026-06-18 11:00:00+03:00,996634.6487853059
2026-06-18 11:05:00+03:00,996634.6487853059
2026-06-18 11:10:00+03:00,996634.6487853059
2026-06-18 11:15:00+03:00,996634.6487853059
2026-06-18 11:20:00+03:00,996634.6487853059
2026-06-18 11:25:00+03:00,996634.6487853059
2026-06-18 11:30:00+03:00,996634.6487853059
2026-06-18 11:35:00+03:00,996634.6487853059
2026-06-18 11:40:00+03:00,996634.6487853059
2026-06-18 11:45:00+03:00,996634.6487853059
2026-06-18 11:50:00+03:00,996634.6487853059
2026-06-18 11:55:00+03:00,996634.6487853059
2026-06-18 12:00:00+03:00,996634.6487853059
2026-06-18 12:05:00+03:00,996634.6487853059
2026-06-18 12:10:00+03:00,996634.6487853059
2026-06-18 12:15:00+03:00,996634.6487853059
2026-06-18 12:20:00+03:00,996634.6487853059
2026-06-18 12:25:00+03:00,996634.6487853059
2026-06-18 12:30:00+03:00,996634.6487853059
2026-06-18 12:35:00+03:00,996634.6487853059
2026-06-18 12:40:00+03:00,996634.6487853059
2026-06-18 12:45:00+03:00,996634.6487853059
2026-06-18 12:50:00+03:00,996634.6487853059
2026-06-18 12:55:00+03:00,996634.6487853059
2026-06-18 13:00:00+03:00,996634.6487853059
2026-06-18 13:05:00+03:00,996634.6487853059
2026-06-18 13:10:00+03:00,996634.6487853059
2026-06-18 13:15:00+03:00,996634.6487853059
2026-06-18 13:20:00+03:00,996634.6487853059
2026-06-18 13:25:00+03:00,996634.6487853059
2026-06-18 13:30:00+03:00,996634.6487853059
2026-06-18 13:35:00+03:00,996634.6487853059
2026-06-18 13:40:00+03:00,996634.6487853059
2026-06-18 13:45:00+03:00,996634.6487853059
2026-06-18 13:50:00+03:00,996634.6487853059
2026-06-18 13:55:00+03:00,996634.6487853059
2026-06-18 14:00:00+03:00,996634.6487853059
2026-06-18 14:05:00+03:00,996634.6487853059
2026-06-18 14:10:00+03:00,996634.6487853059
2026-06-18 14:15:00+03:00,996634.6487853059
2026-06-18 14:20:00+03:00,996634.6487853059
2026-06-18 14:25:00+03:00,996634.6487853059
2026-06-18 14:30:00+03:00,996634.6487853059
2026-06-18 14:35:00+03:00,996634.6487853059
2026-06-18 14:40:00+03:00,996634.6487853059
2026-06-18 14:45:00+03:00,996634.6487853059
2026-06-18 14:50:00+03:00,996634.6487853059
2026-06-18 14:55:00+03:00,996634.6487853059
2026-06-18 15:00:00+03:00,996634.6487853059
2026-06-18 15:05:00+03:00,996634.6487853059
2026-06-18 15:10:00+03:00,996634.6487853059
2026-06-18 15:15:00+03:00,996634.6487853059
2026-06-18 15:20:00+03:00,996634.6487853059
2026-06-18 15:25:00+03:00,996634.6487853059
2026-06-18 15:30:00+03:00,996634.6487853059
2026-06-18 15:35:00+03:00,996634.6487853059
2026-06-18 15:40:00+03:00,996634.6487853059
2026-06-18 15:45:00+03:00,996634.6487853059
2026-06-18 15:50:00+03:00,996634.6487853059
2026-06-18 15:55:00+03:00,996634.6487853059
2026-06-18 16:00:00+03:00,996634.6487853059
2026-06-18 16:05:00+03:00,996634.6487853059
2026-06-18 16:10:00+03:00,996634.6487853059
2026-06-18 16:15:00+03:00,996634.6487853059
2026-06-18 16:20:00+03:00,996634.6487853059
2026-06-18 16:25:00+03:00,996634.6487853059
2026-06-18 16:30:00+03:00,996634.6487853059
2026-06-18 16:35:00+03:00,996634.6487853059
2026-06-18 16:40:00+03:00,996634.6487853059
2026-06-18 16:45:00+03:00,996634.6487853059
2026-06-18 16:50:00+03:00,996634.6487853059
2026-06-18 16:55:00+03:00,996634.6487853059
2026-06-18 17:00:00+03:00,996634.6487853059
2026-06-18 17:05:00+03:00,996634.6487853059
2026-06-18 17:10:00+03:00,996634.6487853059
2026-06-18 17:15:00+03:00,996634.6487853059
2026-06-18 17:20:00+03:00,996634.6487853059
2026-06-18 17:25:00+03:00,996634.6487853059
2026-06-18 17:30:00+03:00,996634.6487853059
2026-06-18 17:35:00+03:00,996634.6487853059
2026-06-18 17:40:00+03:00,996634.6487853059
2026-06-18 17:45:00+03:00,996634.6487853059
2026-06-18 17:50:00+03:00,996634.6487853059
2026-06-18 17:55:00+03:00,996634.6487853059
2026-06-19 09:55:00+03:00,996634.6487853059
2026-06-19 10:00:00+03:00,996634.6487853059
2026-06-19 10:05:00+03:00,996634.6487853059
2026-06-19 10:10:00+03:00,996634.6487853059
2026-06-19 10:15:00+03:00,996634.6487853059
2026-06-19 10:20:00+03:00,996634.6487853059
2026-06-19 10:25:00+03:00,996634.6487853059
2026-06-19 10:30:00+03:00,996634.6487853059
2026-06-19 10:35:00+03:00,996634.6487853059
2026-06-19 10:40:00+03:00,996634.6487853059
2026-06-19 10:45:00+03:00,996634.6487853059
2026-06-19 10:50:00+03:00,996634.6487853059
2026-06-19 10:55:00+03:00,996634.6487853059
2026-06-19 11:00:00+03:00,996634.6487853059
2026-06-19 11:05:00+03:00,996634.6487853059
2026-06-19 11:10:00+03:00,996634.6487853059
2026-06-19 11:15:00+03:00,996634.6487853059
2026-06-19 11:20:00+03:00,996634.6487853059
2026-06-19 11:25:00+03:00,996634.6487853059
2026-06-19 11:30:00+03:00,996634.6487853059
2026-06-19 11:35:00+03:00,996634.6487853059
2026-06-19 11:40:00+03:00,996634.6487853059
2026-06-19 11:45:00+03:00,996634.6487853059
2026-06-19 11:50:00+03:00,996634.6487853059
2026-06-19 11:55:00+03:00,996634.6487853059
2026-06-19 12:00:00+03:00,996634.6487853059
2026-06-19 12:05:00+03:00,996634.6487853059
2026-06-19 12:10:00+03:00,996634.6487853059
2026-06-19 12:15:00+03:00,996634.6487853059
2026-06-19 12:20:00+03:00,996634.6487853059
2026-06-19 12:25:00+03:00,996634.6487853059
2026-06-19 12:30:00+03:00,996634.6487853059
2026-06-19 12:35:00+03:00,996634.6487853059
2026-06-19 12:40:00+03:00,996634.6487853059
2026-06-19 12:45:00+03:00,996634.6487853059
2026-06-19 12:50:00+03:00,996634.6487853059
2026-06-19 12:55:00+03:00,996634.6487853059
2026-06-19 13:00:00+03:00,996634.6487853059
2026-06-19 13:05:00+03:00,996634.6487853059
2026-06-19 13:10:00+03:00,996634.6487853059
2026-06-19 13:15:00+03:00,996634.6487853059
2026-06-19 13:20:00+03:00,996634.6487853059
2026-06-19 13:25:00+03:00,996634.6487853059
2026-06-19 13:30:00+03:00,996634.6487853059
2026-06-19 13:35:00+03:00,996634.6487853059
2026-06-19 13:40:00+03:00,996634.6487853059
2026-06-19 13:45:00+03:00,996634.6487853059
2026-06-19 13:50:00+03:00,996634.6487853059
2026-06-19 13:55:00+03:00,996634.6487853059
2026-06-19 14:00:00+03:00,996634.6487853059
2026-06-19 14:05:00+03:00,996634.6487853059
2026-06-19 14:10:00+03:00,996634.6487853059
2026-06-19 14:15:00+03:00,996634.6487853059
2026-06-19 14:20:00+03:00,996634.6487853059
2026-06-19 14:25:00+03:00,996634.6487853059
2026-06-19 14:30:00+03:00,996634.6487853059
2026-06-19 14:35:00+03:00,996634.6487853059
2026-06-19 14:40:00+03:00,996634.6487853059
2026-06-19 14:45:00+03:00,996634.6487853059
2026-06-19 14:50:00+03:00,996634.6487853059
2026-06-19 14:55:00+03:00,996634.6487853059
2026-06-19 15:00:00+03:00,996634.6487853059
2026-06-19 15:05:00+03:00,996634.6487853059
2026-06-19 15:10:00+03:00,996634.6487853059
2026-06-19 15:15:00+03:00,996634.6487853059
2026-06-19 15:20:00+03:00,996634.6487853059
2026-06-19 15:25:00+03:00,996634.6487853059
2026-06-19 15:30:00+03:00,996634.6487853059
2026-06-19 15:35:00+03:00,996634.6487853059
2026-06-19 15:40:00+03:00,996634.6487853059
2026-06-19 15:45:00+03:00,996634.6487853059
2026-06-19 15:50:00+03:00,995870.2243531542
2026-06-19 15:55:00+03:00,996357.7580756303
2026-06-19 16:00:00+03:00,996357.7580756303
2026-06-19 16:05:00+03:00,996357.7580756303
2026-06-19 16:10:00+03:00,996357.7580756303
2026-06-19 16:15:00+03:00,996357.7580756303
2026-06-19 16:20:00+03:00,996357.7580756303
2026-06-19 16:25:00+03:00,996357.7580756303
2026-06-19 16:30:00+03:00,996357.7580756303
2026-06-19 16:35:00+03:00,996357.7580756303
2026-06-19 16:40:00+03:00,996357.7580756303
2026-06-19 16:45:00+03:00,996357.7580756303
2026-06-19 16:50:00+03:00,996357.7580756303
2026-06-19 16:55:00+03:00,996357.7580756303
2026-06-19 17:00:00+03:00,996357.7580756303
2026-06-19 17:05:00+03:00,996357.7580756303
2026-06-19 17:10:00+03:00,996357.7580756303
2026-06-19 17:15:00+03:00,996357.7580756303
2026-06-19 17:20:00+03:00,996357.7580756303
2026-06-19 17:25:00+03:00,996357.7580756303
2026-06-19 17:30:00+03:00,996357.7580756303
2026-06-19 17:35:00+03:00,996357.7580756303
2026-06-19 17:40:00+03:00,996357.7580756303
2026-06-19 17:45:00+03:00,996357.7580756303
2026-06-19 17:50:00+03:00,996357.7580756303
2026-06-19 17:55:00+03:00,996357.7580756303
2026-06-22 09:55:00+03:00,996357.7580756303
2026-06-22 10:00:00+03:00,996357.7580756303
2026-06-22 10:05:00+03:00,996357.7580756303
2026-06-22 10:10:00+03:00,996357.7580756303
2026-06-22 10:15:00+03:00,996357.7580756303
2026-06-22 10:20:00+03:00,996357.7580756303
2026-06-22 10:25:00+03:00,996357.7580756303
2026-06-22 10:30:00+03:00,996357.7580756303
2026-06-22 10:35:00+03:00,996357.7580756303
2026-06-22 10:40:00+03:00,996357.7580756303
2026-06-22 10:45:00+03:00,996357.7580756303
2026-06-22 10:50:00+03:00,996357.7580756303
2026-06-22 10:55:00+03:00,996357.7580756303
2026-06-22 11:00:00+03:00,996357.7580756303
2026-06-22 11:05:00+03:00,996357.7580756303
2026-06-22 11:10:00+03:00,996357.7580756303
2026-06-22 11:15:00+03:00,996357.7580756303
2026-06-22 11:20:00+03:00,996357.7580756303
2026-06-22 11:25:00+03:00,996357.7580756303
2026-06-22 11:30:00+03:00,996357.7580756303
2026-06-22 11:35:00+03:00,996357.7580756303
2026-06-22 11:40:00+03:00,996357.7580756303
2026-06-22 11:45:00+03:00,996357.7580756303
2026-06-22 11:50:00+03:00,996357.7580756303
2026-06-22 11:55:00+03:00,996357.7580756303
2026-06-22 12:00:00+03:00,996357.7580756303
2026-06-22 12:05:00+03:00,996357.7580756303
2026-06-22 12:10:00+03:00,996357.7580756303
2026-06-22 12:15:00+03:00,996357.7580756303
2026-06-22 12:20:00+03:00,996357.7580756303
2026-06-22 12:25:00+03:00,996357.7580756303
2026-06-22 12:30:00+03:00,996357.7580756303
2026-06-22 12:35:00+03:00,996357.7580756303
2026-06-22 12:40:00+03:00,996357.7580756303
2026-06-22 12:45:00+03:00,996357.7580756303
2026-06-22 12:50:00+03:00,996357.7580756303
2026-06-22 12:55:00+03:00,996357.7580756303
2026-06-22 13:00:00+03:00,996357.7580756303
2026-06-22 13:05:00+03:00,996357.7580756303
2026-06-22 13:10:00+03:00,996357.7580756303
2026-06-22 13:15:00+03:00,996357.7580756303
2026-06-22 13:20:00+03:00,996357.7580756303
2026-06-22 13:25:00+03:00,996357.7580756303
2026-06-22 13:30:00+03:00,996357.7580756303
2026-06-22 13:35:00+03:00,996357.7580756303
2026-06-22 13:40:00+03:00,996357.7580756303
2026-06-22 13:45:00+03:00,996357.7580756303
2026-06-22 13:50:00+03:00,996357.7580756303
2026-06-22 13:55:00+03:00,996357.7580756303
2026-06-22 14:00:00+03:00,996357.7580756303
2026-06-22 14:05:00+03:00,996357.7580756303
2026-06-22 14:10:00+03:00,996357.7580756303
2026-06-22 14:15:00+03:00,996357.7580756303
2026-06-22 14:20:00+03:00,996357.7580756303
2026-06-22 14:25:00+03:00,996357.7580756303
2026-06-22 14:30:00+03:00,996357.7580756303
2026-06-22 14:35:00+03:00,996357.7580756303
2026-06-22 14:40:00+03:00,996357.7580756303
2026-06-22 14:45:00+03:00,996357.7580756303
2026-06-22 14:50:00+03:00,996357.7580756303
2026-06-22 14:55:00+03:00,996357.7580756303
2026-06-22 15:00:00+03:00,996357.7580756303
2026-06-22 15:05:00+03:00,996357.7580756303
2026-06-22 15:10:00+03:00,996357.7580756303
2026-06-22 15:15:00+03:00,996357.7580756303
2026-06-22 15:20:00+03:00,996357.7580756303
2026-06-22 15:25:00+03:00,996357.7580756303
2026-06-22 15:30:00+03:00,996357.7580756303
2026-06-22 15:35:00+03:00,996357.7580756303
2026-06-22 15:40:00+03:00,996357.7580756303
2026-06-22 15:45:00+03:00,996357.7580756303
2026-06-22 15:50:00+03:00,996357.7580756303
2026-06-22 15:55:00+03:00,996357.7580756303
2026-06-22 16:00:00+03:00,996357.7580756303
2026-06-22 16:05:00+03:00,996357.7580756303
2026-06-22 16:10:00+03:00,996357.7580756303
2026-06-22 16:15:00+03:00,996357.7580756303
2026-06-22 16:20:00+03:00,996357.7580756303
2026-06-22 16:25:00+03:00,996357.7580756303
2026-06-22 16:30:00+03:00,996357.7580756303
2026-06-22 16:35:00+03:00,996357.7580756303
2026-06-22 16:40:00+03:00,996357.7580756303
2026-06-22 16:45:00+03:00,996357.7580756303
2026-06-22 16:50:00+03:00,996357.7580756303
2026-06-22 16:55:00+03:00,996357.7580756303
2026-06-22 17:00:00+03:00,996357.7580756303
2026-06-22 17:05:00+03:00,996357.7580756303
2026-06-22 17:10:00+03:00,996357.7580756303
2026-06-22 17:15:00+03:00,996357.7580756303
2026-06-22 17:20:00+03:00,996357.7580756303
2026-06-22 17:25:00+03:00,996357.7580756303
2026-06-22 17:30:00+03:00,996357.7580756303
2026-06-22 17:35:00+03:00,996357.7580756303
2026-06-22 17:40:00+03:00,996357.7580756303
2026-06-22 17:45:00+03:00,996357.7580756303
2026-06-22 17:50:00+03:00,996357.7580756303
2026-06-22 17:55:00+03:00,996357.7580756303
2026-06-23 09:55:00+03:00,996357.7580756303
2026-06-23 10:00:00+03:00,996357.7580756303
2026-06-23 10:05:00+03:00,996357.7580756303
2026-06-23 10:10:00+03:00,996357.7580756303
2026-06-23 10:15:00+03:00,996357.7580756303
2026-06-23 10:20:00+03:00,996357.7580756303
2026-06-23 10:25:00+03:00,996357.7580756303
2026-06-23 10:30:00+03:00,996357.7580756303
2026-06-23 10:35:00+03:00,996357.7580756303
2026-06-23 10:40:00+03:00,996357.7580756303
2026-06-23 10:45:00+03:00,996357.7580756303
2026-06-23 10:50:00+03:00,996357.7580756303
2026-06-23 10:55:00+03:00,996357.7580756303
2026-06-23 11:00:00+03:00,996357.7580756303
2026-06-23 11:05:00+03:00,996357.7580756303
2026-06-23 11:10:00+03:00,996357.7580756303
2026-06-23 11:15:00+03:00,996357.7580756303
2026-06-23 11:20:00+03:00,996357.7580756303
2026-06-23 11:25:00+03:00,996357.7580756303
2026-06-23 11:30:00+03:00,996357.7580756303
2026-06-23 11:35:00+03:00,995601.7836857459
2026-06-23 11:40:00+03:00,994960.797695593
2026-06-23 11:45:00+03:00,995281.2906906694
2026-06-23 11:50:00+03:00,995922.2766808224
2026-06-23 11:55:00+03:00,994640.3047005165
2026-06-23 12:00:00+03:00,996242.7696758988
2026-06-23 12:05:00+03:00,993678.8257152871
2026-06-23 12:10:00+03:00,994319.81170544
2026-06-23 12:15:00+03:00,994640.3047005165
2026-06-23 12:20:00+03:00,994960.797695593
2026-06-23 12:25:00+03:00,996242.7696758988
2026-06-23 12:30:00+03:00,995922.2766808224
2026-06-23 12:35:00+03:00,994960.797695593
2026-06-23 12:40:00+03:00,994960.797695593
2026-06-23 12:45:00+03:00,994640.3047005165
2026-06-23 12:50:00+03:00,995281.2906906694
2026-06-23 12:55:00+03:00,995281.2906906694
2026-06-23 13:00:00+03:00,995922.2766808224
2026-06-23 13:05:00+03:00,996563.2626709753
2026-06-23 13:10:00+03:00,996883.7556660518
2026-06-23 13:15:00+03:00,996242.7696758988
2026-06-23 13:20:00+03:00,996883.7556660518
2026-06-23 13:25:00+03:00,996563.2626709753
2026-06-23 13:30:00+03:00,996242.7696758988
2026-06-23 13:35:00+03:00,995922.2766808224
2026-06-23 13:40:00+03:00,995922.2766808224
2026-06-23 13:45:00+03:00,995601.7836857459
2026-06-23 13:50:00+03:00,994960.797695593
2026-06-23 13:55:00+03:00,994960.797695593
2026-06-23 14:00:00+03:00,994960.797695593
2026-06-23 14:05:00+03:00,995601.7836857459
2026-06-23 14:10:00+03:00,996242.7696758988
2026-06-23 14:15:00+03:00,996242.7696758988
2026-06-23 14:20:00+03:00,996563.2626709753
2026-06-23 14:25:00+03:00,996563.2626709753
2026-06-23 14:30:00+03:00,995922.2766808224
2026-06-23 14:35:00+03:00,995601.7836857459
2026-06-23 14:40:00+03:00,993999.3187103635
2026-06-23 14:45:00+03:00,993999.3187103635
2026-06-23 14:50:00+03:00,993999.3187103635
2026-06-23 14:55:00+03:00,993999.3187103635
2026-06-23 15:00:00+03:00,993678.8257152871
2026-06-23 15:05:00+03:00,993358.3327202105
2026-06-23 15:10:00+03:00,992717.3467300576
2026-06-23 15:15:00+03:00,992396.8537349813
2026-06-23 15:20:00+03:00,991435.3747497518
2026-06-23 15:25:00+03:00,991435.3747497518
2026-06-23 15:30:00+03:00,991114.8817546754
2026-06-23 15:35:00+03:00,990153.4027694459
2026-06-23 15:40:00+03:00,990473.8957645225
2026-06-23 15:45:00+03:00,992396.8537349813
2026-06-23 15:50:00+03:00,993037.8397251342
2026-06-23 15:55:00+03:00,993678.8257152871
2026-06-23 16:00:00+03:00,994640.3047005165
2026-06-23 16:05:00+03:00,995922.2766808224
2026-06-23 16:10:00+03:00,993358.3327202105
2026-06-23 16:15:00+03:00,994960.797695593
2026-06-23 16:20:00+03:00,995601.7836857459
2026-06-23 16:25:00+03:00,995922.2766808224
2026-06-23 16:30:00+03:00,995922.2766808224
2026-06-23 16:35:00+03:00,996242.7696758988
2026-06-23 16:40:00+03:00,995601.7836857459
2026-06-23 16:45:00+03:00,998486.2206414341
2026-06-23 16:50:00+03:00,998806.7136365105
2026-06-23 16:55:00+03:00,997204.2486611282
2026-06-23 17:00:00+03:00,997204.2486611282
2026-06-23 17:05:00+03:00,998486.2206414341
2026-06-23 17:10:00+03:00,997845.2346512811
2026-06-23 17:15:00+03:00,995281.2906906694
2026-06-23 17:20:00+03:00,995922.2766808224
2026-06-23 17:25:00+03:00,996242.7696758988
2026-06-23 17:30:00+03:00,996242.7696758988
2026-06-23 17:35:00+03:00,996242.7696758988
2026-06-23 17:40:00+03:00,996242.7696758988
2026-06-23 17:45:00+03:00,995922.2766808224
2026-06-23 17:50:00+03:00,996883.7556660518
2026-06-23 17:55:00+03:00,996563.2626709753
2026-06-24 09:55:00+03:00,994319.81170544
2026-06-24 10:00:00+03:00,990473.8957645225
2026-06-24 10:05:00+03:00,988871.43078914
2026-06-24 10:10:00+03:00,988871.43078914
2026-06-24 10:15:00+03:00,985750.2123267173
2026-06-24 10:20:00+03:00,985750.2123267173
2026-06-24 10:25:00+03:00,985750.2123267173
2026-06-24 10:30:00+03:00,985750.2123267173
2026-06-24 10:35:00+03:00,985750.2123267173
2026-06-24 10:40:00+03:00,985750.2123267173
2026-06-24 10:45:00+03:00,985750.2123267173
2026-06-24 10:50:00+03:00,985750.2123267173
2026-06-24 10:55:00+03:00,985750.2123267173
2026-06-24 11:00:00+03:00,985750.2123267173
2026-06-24 11:05:00+03:00,985750.2123267173
2026-06-24 11:10:00+03:00,985750.2123267173
2026-06-24 11:15:00+03:00,985750.2123267173
2026-06-24 11:20:00+03:00,985750.2123267173
2026-06-24 11:25:00+03:00,985750.2123267173
2026-06-24 11:30:00+03:00,985750.2123267173
2026-06-24 11:35:00+03:00,985750.2123267173
2026-06-24 11:40:00+03:00,985750.2123267173
2026-06-24 11:45:00+03:00,985750.2123267173
2026-06-24 11:50:00+03:00,985750.2123267173
2026-06-24 11:55:00+03:00,985750.2123267173
2026-06-24 12:00:00+03:00,985750.2123267173
2026-06-24 12:05:00+03:00,985750.2123267173
2026-06-24 12:10:00+03:00,985750.2123267173
2026-06-24 12:15:00+03:00,985750.2123267173
2026-06-24 12:20:00+03:00,985750.2123267173
2026-06-24 12:25:00+03:00,985750.2123267173
2026-06-24 12:30:00+03:00,985750.2123267173
2026-06-24 12:35:00+03:00,985750.2123267173
2026-06-24 12:40:00+03:00,985750.2123267173
2026-06-24 12:45:00+03:00,985750.2123267173
2026-06-24 12:50:00+03:00,985750.2123267173
2026-06-24 12:55:00+03:00,985750.2123267173
2026-06-24 13:00:00+03:00,985750.2123267173
2026-06-24 13:05:00+03:00,985750.2123267173
2026-06-24 13:10:00+03:00,985750.2123267173
2026-06-24 13:15:00+03:00,985750.2123267173
2026-06-24 13:20:00+03:00,985750.2123267173
2026-06-24 13:25:00+03:00,985750.2123267173
2026-06-24 13:30:00+03:00,985750.2123267173
2026-06-24 13:35:00+03:00,985750.2123267173
2026-06-24 13:40:00+03:00,985750.2123267173
2026-06-24 13:45:00+03:00,985750.2123267173
2026-06-24 13:50:00+03:00,985750.2123267173
2026-06-24 13:55:00+03:00,985750.2123267173
2026-06-24 14:00:00+03:00,985750.2123267173
2026-06-24 14:05:00+03:00,985750.2123267173
2026-06-24 14:10:00+03:00,985750.2123267173
2026-06-24 14:15:00+03:00,985750.2123267173
2026-06-24 14:20:00+03:00,985750.2123267173
2026-06-24 14:25:00+03:00,985750.2123267173
2026-06-24 14:30:00+03:00,985750.2123267173
2026-06-24 14:35:00+03:00,985750.2123267173
2026-06-24 14:40:00+03:00,985750.2123267173
2026-06-24 14:45:00+03:00,985750.2123267173
2026-06-24 14:50:00+03:00,985750.2123267173
2026-06-24 14:55:00+03:00,985750.2123267173
2026-06-24 15:00:00+03:00,985750.2123267173
2026-06-24 15:05:00+03:00,985750.2123267173
2026-06-24 15:10:00+03:00,985750.2123267173
2026-06-24 15:15:00+03:00,985750.2123267173
2026-06-24 15:20:00+03:00,985750.2123267173
2026-06-24 15:25:00+03:00,985750.2123267173
2026-06-24 15:30:00+03:00,985750.2123267173
2026-06-24 15:35:00+03:00,985750.2123267173
2026-06-24 15:40:00+03:00,985750.2123267173
2026-06-24 15:45:00+03:00,985750.2123267173
2026-06-24 15:50:00+03:00,985750.2123267173
2026-06-24 15:55:00+03:00,985750.2123267173
2026-06-24 16:00:00+03:00,985750.2123267173
2026-06-24 16:05:00+03:00,985750.2123267173
2026-06-24 16:10:00+03:00,985750.2123267173
2026-06-24 16:15:00+03:00,985750.2123267173
2026-06-24 16:20:00+03:00,985750.2123267173
2026-06-24 16:25:00+03:00,985750.2123267173
2026-06-24 16:30:00+03:00,985750.2123267173
2026-06-24 16:35:00+03:00,985750.2123267173
2026-06-24 16:40:00+03:00,985750.2123267173
2026-06-24 16:45:00+03:00,985750.2123267173
2026-06-24 16:50:00+03:00,985750.2123267173
2026-06-24 16:55:00+03:00,985750.2123267173
2026-06-24 17:00:00+03:00,985750.2123267173
2026-06-24 17:05:00+03:00,985750.2123267173
2026-06-24 17:10:00+03:00,985750.2123267173
2026-06-24 17:15:00+03:00,985750.2123267173
2026-06-24 17:20:00+03:00,985750.2123267173
2026-06-24 17:25:00+03:00,985750.2123267173
2026-06-24 17:30:00+03:00,985750.2123267173
2026-06-24 17:35:00+03:00,985750.2123267173
2026-06-24 17:40:00+03:00,985750.2123267173
2026-06-24 17:45:00+03:00,985750.2123267173
2026-06-24 17:50:00+03:00,985750.2123267173
2026-06-24 17:55:00+03:00,985750.2123267173
2026-06-25 09:55:00+03:00,985750.2123267173
2026-06-25 10:00:00+03:00,985750.2123267173
2026-06-25 10:05:00+03:00,985750.2123267173
2026-06-25 10:10:00+03:00,985750.2123267173
2026-06-25 10:15:00+03:00,985750.2123267173
2026-06-25 10:20:00+03:00,985750.2123267173
2026-06-25 10:25:00+03:00,985750.2123267173
2026-06-25 10:30:00+03:00,985750.2123267173
2026-06-25 10:35:00+03:00,985750.2123267173
2026-06-25 10:40:00+03:00,985750.2123267173
2026-06-25 10:45:00+03:00,985750.2123267173
2026-06-25 10:50:00+03:00,985750.2123267173
2026-06-25 10:55:00+03:00,985750.2123267173
2026-06-25 11:00:00+03:00,985750.2123267173
2026-06-25 11:05:00+03:00,985750.2123267173
2026-06-25 11:10:00+03:00,985750.2123267173
2026-06-25 11:15:00+03:00,985750.2123267173
2026-06-25 11:20:00+03:00,985750.2123267173
2026-06-25 11:25:00+03:00,985750.2123267173
2026-06-25 11:30:00+03:00,985750.2123267173
2026-06-25 11:35:00+03:00,985750.2123267173
2026-06-25 11:40:00+03:00,985750.2123267173
2026-06-25 11:45:00+03:00,985750.2123267173
2026-06-25 11:50:00+03:00,985750.2123267173
2026-06-25 11:55:00+03:00,985750.2123267173
2026-06-25 12:00:00+03:00,985750.2123267173
2026-06-25 12:05:00+03:00,985750.2123267173
2026-06-25 12:10:00+03:00,985750.2123267173
2026-06-25 12:15:00+03:00,985750.2123267173
2026-06-25 12:20:00+03:00,985750.2123267173
2026-06-25 12:25:00+03:00,985750.2123267173
2026-06-25 12:30:00+03:00,985750.2123267173
2026-06-25 12:35:00+03:00,985750.2123267173
2026-06-25 12:40:00+03:00,985750.2123267173
2026-06-25 12:45:00+03:00,985750.2123267173
2026-06-25 12:50:00+03:00,985750.2123267173
2026-06-25 12:55:00+03:00,985750.2123267173
2026-06-25 13:00:00+03:00,985750.2123267173
2026-06-25 13:05:00+03:00,985750.2123267173
2026-06-25 13:10:00+03:00,985750.2123267173
2026-06-25 13:15:00+03:00,985750.2123267173
2026-06-25 13:20:00+03:00,985750.2123267173
2026-06-25 13:25:00+03:00,985750.2123267173
2026-06-25 13:30:00+03:00,985750.2123267173
2026-06-25 13:35:00+03:00,985750.2123267173
2026-06-25 13:40:00+03:00,985750.2123267173
2026-06-25 13:45:00+03:00,985750.2123267173
2026-06-25 13:50:00+03:00,985750.2123267173
2026-06-25 13:55:00+03:00,985750.2123267173
2026-06-25 14:00:00+03:00,985750.2123267173
2026-06-25 14:05:00+03:00,985750.2123267173
2026-06-25 14:10:00+03:00,985750.2123267173
2026-06-25 14:15:00+03:00,985750.2123267173
2026-06-25 14:20:00+03:00,985750.2123267173
2026-06-25 14:25:00+03:00,985750.2123267173
2026-06-25 14:30:00+03:00,985750.2123267173
2026-06-25 14:35:00+03:00,985750.2123267173
2026-06-25 14:40:00+03:00,985750.2123267173
2026-06-25 14:45:00+03:00,985750.2123267173
2026-06-25 14:50:00+03:00,985750.2123267173
2026-06-25 14:55:00+03:00,985750.2123267173
2026-06-25 15:00:00+03:00,985750.2123267173
2026-06-25 15:05:00+03:00,985750.2123267173
2026-06-25 15:10:00+03:00,985750.2123267173
2026-06-25 15:15:00+03:00,985750.2123267173
2026-06-25 15:20:00+03:00,985750.2123267173
2026-06-25 15:25:00+03:00,985750.2123267173
2026-06-25 15:30:00+03:00,985750.2123267173
2026-06-25 15:35:00+03:00,985750.2123267173
2026-06-25 15:40:00+03:00,985750.2123267173
2026-06-25 15:45:00+03:00,985750.2123267173
2026-06-25 15:50:00+03:00,985750.2123267173
2026-06-25 15:55:00+03:00,985750.2123267173
2026-06-25 16:00:00+03:00,985750.2123267173
2026-06-25 16:05:00+03:00,985750.2123267173
2026-06-25 16:10:00+03:00,985750.2123267173
2026-06-25 16:15:00+03:00,985750.2123267173
2026-06-25 16:20:00+03:00,985750.2123267173
2026-06-25 16:25:00+03:00,985750.2123267173
2026-06-25 16:30:00+03:00,985750.2123267173
2026-06-25 16:35:00+03:00,985750.2123267173
2026-06-25 16:40:00+03:00,985750.2123267173
2026-06-25 16:45:00+03:00,985750.2123267173
2026-06-25 16:50:00+03:00,985750.2123267173
2026-06-25 16:55:00+03:00,985750.2123267173
2026-06-25 17:00:00+03:00,985750.2123267173
2026-06-25 17:05:00+03:00,985750.2123267173
2026-06-25 17:10:00+03:00,985750.2123267173
2026-06-25 17:15:00+03:00,985750.2123267173
2026-06-25 17:20:00+03:00,985750.2123267173
2026-06-25 17:25:00+03:00,985750.2123267173
2026-06-25 17:30:00+03:00,985750.2123267173
2026-06-25 17:35:00+03:00,985750.2123267173
2026-06-25 17:40:00+03:00,985750.2123267173
2026-06-25 17:45:00+03:00,985750.2123267173
2026-06-25 17:50:00+03:00,985750.2123267173
2026-06-25 17:55:00+03:00,985750.2123267173
2026-06-26 09:55:00+03:00,985750.2123267173
2026-06-26 10:00:00+03:00,985750.2123267173
2026-06-26 10:05:00+03:00,985750.2123267173
2026-06-26 10:10:00+03:00,985750.2123267173
2026-06-26 10:15:00+03:00,985750.2123267173
2026-06-26 10:20:00+03:00,985750.2123267173
2026-06-26 10:25:00+03:00,985750.2123267173
2026-06-26 10:30:00+03:00,985750.2123267173
2026-06-26 10:35:00+03:00,985750.2123267173
2026-06-26 10:40:00+03:00,985750.2123267173
2026-06-26 10:45:00+03:00,985750.2123267173
2026-06-26 10:50:00+03:00,985750.2123267173
2026-06-26 10:55:00+03:00,985750.2123267173
2026-06-26 11:00:00+03:00,985750.2123267173
2026-06-26 11:05:00+03:00,985750.2123267173
2026-06-26 11:10:00+03:00,985750.2123267173
2026-06-26 11:15:00+03:00,985750.2123267173
2026-06-26 11:20:00+03:00,985750.2123267173
2026-06-26 11:25:00+03:00,985750.2123267173
2026-06-26 11:30:00+03:00,985750.2123267173
2026-06-26 11:35:00+03:00,985750.2123267173
2026-06-26 11:40:00+03:00,985750.2123267173
2026-06-26 11:45:00+03:00,985750.2123267173
2026-06-26 11:50:00+03:00,985750.2123267173
2026-06-26 11:55:00+03:00,985750.2123267173
2026-06-26 12:00:00+03:00,985750.2123267173
2026-06-26 12:05:00+03:00,985750.2123267173
2026-06-26 12:10:00+03:00,985750.2123267173
2026-06-26 12:15:00+03:00,985750.2123267173
2026-06-26 12:20:00+03:00,985750.2123267173
2026-06-26 12:25:00+03:00,985750.2123267173
2026-06-26 12:30:00+03:00,985750.2123267173
2026-06-26 12:35:00+03:00,985750.2123267173
2026-06-26 12:40:00+03:00,985750.2123267173
2026-06-26 12:45:00+03:00,985750.2123267173
2026-06-26 12:50:00+03:00,985750.2123267173
2026-06-26 12:55:00+03:00,985750.2123267173
2026-06-26 13:00:00+03:00,985750.2123267173
2026-06-26 13:05:00+03:00,985750.2123267173
2026-06-26 13:10:00+03:00,985750.2123267173
2026-06-26 13:15:00+03:00,985750.2123267173
2026-06-26 13:20:00+03:00,985750.2123267173
2026-06-26 13:25:00+03:00,985750.2123267173
2026-06-26 13:30:00+03:00,985750.2123267173
2026-06-26 13:35:00+03:00,985750.2123267173
2026-06-26 13:40:00+03:00,985750.2123267173
2026-06-26 13:45:00+03:00,985750.2123267173
2026-06-26 13:50:00+03:00,985750.2123267173
2026-06-26 13:55:00+03:00,985750.2123267173
2026-06-26 14:00:00+03:00,985750.2123267173
2026-06-26 14:05:00+03:00,985750.2123267173
2026-06-26 14:10:00+03:00,985750.2123267173
2026-06-26 14:15:00+03:00,985750.2123267173
2026-06-26 14:20:00+03:00,985750.2123267173
2026-06-26 14:25:00+03:00,985750.2123267173
2026-06-26 14:30:00+03:00,985750.2123267173
2026-06-26 14:35:00+03:00,985750.2123267173
2026-06-26 14:40:00+03:00,985750.2123267173
2026-06-26 14:45:00+03:00,985750.2123267173
2026-06-26 14:50:00+03:00,985750.2123267173
2026-06-26 14:55:00+03:00,985750.2123267173
2026-06-26 15:00:00+03:00,985750.2123267173
2026-06-26 15:05:00+03:00,985750.2123267173
2026-06-26 15:10:00+03:00,985750.2123267173
2026-06-26 15:15:00+03:00,985750.2123267173
2026-06-26 15:20:00+03:00,985750.2123267173
2026-06-26 15:25:00+03:00,985750.2123267173
2026-06-26 15:30:00+03:00,985750.2123267173
2026-06-26 15:35:00+03:00,985750.2123267173
2026-06-26 15:40:00+03:00,985750.2123267173
2026-06-26 15:45:00+03:00,985750.2123267173
2026-06-26 15:50:00+03:00,985750.2123267173
2026-06-26 15:55:00+03:00,985750.2123267173
2026-06-26 16:00:00+03:00,985750.2123267173
2026-06-26 16:05:00+03:00,985750.2123267173
2026-06-26 16:10:00+03:00,985750.2123267173
2026-06-26 16:15:00+03:00,985750.2123267173
2026-06-26 16:20:00+03:00,985750.2123267173
2026-06-26 16:25:00+03:00,985750.2123267173
2026-06-26 16:30:00+03:00,985750.2123267173
2026-06-26 16:35:00+03:00,985750.2123267173
2026-06-26 16:40:00+03:00,985750.2123267173
2026-06-26 16:45:00+03:00,985750.2123267173
2026-06-26 16:50:00+03:00,985750.2123267173
2026-06-26 16:55:00+03:00,985750.2123267173
2026-06-26 17:00:00+03:00,985750.2123267173
2026-06-26 17:05:00+03:00,985750.2123267173
2026-06-26 17:10:00+03:00,985750.2123267173
2026-06-26 17:15:00+03:00,985750.2123267173
2026-06-26 17:20:00+03:00,985750.2123267173
2026-06-26 17:25:00+03:00,985750.2123267173
2026-06-26 17:30:00+03:00,985750.2123267173
2026-06-26 17:35:00+03:00,985750.2123267173
2026-06-26 17:40:00+03:00,985750.2123267173
2026-06-26 17:45:00+03:00,985750.2123267173
2026-06-26 17:50:00+03:00,985750.2123267173
2026-06-26 17:55:00+03:00,985750.2123267173
2026-06-29 09:55:00+03:00,985750.2123267173
2026-06-29 10:00:00+03:00,985750.2123267173
2026-06-29 10:05:00+03:00,985750.2123267173
2026-06-29 10:10:00+03:00,985750.2123267173
2026-06-29 10:15:00+03:00,985750.2123267173
2026-06-29 10:20:00+03:00,985750.2123267173
2026-06-29 10:25:00+03:00,985750.2123267173
2026-06-29 10:30:00+03:00,985750.2123267173
2026-06-29 10:35:00+03:00,985750.2123267173
2026-06-29 10:40:00+03:00,985750.2123267173
2026-06-29 10:45:00+03:00,985750.2123267173
2026-06-29 10:50:00+03:00,985750.2123267173
2026-06-29 10:55:00+03:00,985750.2123267173
2026-06-29 11:00:00+03:00,985750.2123267173
2026-06-29 11:05:00+03:00,985750.2123267173
2026-06-29 11:10:00+03:00,985750.2123267173
2026-06-29 11:15:00+03:00,985750.2123267173
2026-06-29 11:20:00+03:00,985750.2123267173
2026-06-29 11:25:00+03:00,985750.2123267173
2026-06-29 11:30:00+03:00,985750.2123267173
2026-06-29 11:35:00+03:00,985750.2123267173
2026-06-29 11:40:00+03:00,985750.2123267173
2026-06-29 11:45:00+03:00,985750.2123267173
2026-06-29 11:50:00+03:00,985750.2123267173
2026-06-29 11:55:00+03:00,985750.2123267173
2026-06-29 12:00:00+03:00,985750.2123267173
2026-06-29 12:05:00+03:00,985750.2123267173
2026-06-29 12:10:00+03:00,985750.2123267173
2026-06-29 12:15:00+03:00,985750.2123267173
2026-06-29 12:20:00+03:00,985750.2123267173
2026-06-29 12:25:00+03:00,985750.2123267173
2026-06-29 12:30:00+03:00,985750.2123267173
2026-06-29 12:35:00+03:00,985750.2123267173
2026-06-29 12:40:00+03:00,985750.2123267173
2026-06-29 12:45:00+03:00,985750.2123267173
2026-06-29 12:50:00+03:00,985750.2123267173
2026-06-29 12:55:00+03:00,985750.2123267173
2026-06-29 13:00:00+03:00,985750.2123267173
2026-06-29 13:05:00+03:00,985750.2123267173
2026-06-29 13:10:00+03:00,985750.2123267173
2026-06-29 13:15:00+03:00,985750.2123267173
2026-06-29 13:20:00+03:00,985750.2123267173
2026-06-29 13:25:00+03:00,985750.2123267173
2026-06-29 13:30:00+03:00,985750.2123267173
2026-06-29 13:35:00+03:00,985750.2123267173
2026-06-29 13:40:00+03:00,985750.2123267173
2026-06-29 13:45:00+03:00,985750.2123267173
2026-06-29 13:50:00+03:00,985750.2123267173
2026-06-29 13:55:00+03:00,985750.2123267173
2026-06-29 14:00:00+03:00,985750.2123267173
2026-06-29 14:05:00+03:00,985750.2123267173
2026-06-29 14:10:00+03:00,985750.2123267173
2026-06-29 14:15:00+03:00,985750.2123267173
2026-06-29 14:20:00+03:00,985750.2123267173
2026-06-29 14:25:00+03:00,985750.2123267173
2026-06-29 14:30:00+03:00,985750.2123267173
2026-06-29 14:35:00+03:00,985750.2123267173
2026-06-29 14:40:00+03:00,985750.2123267173
2026-06-29 14:45:00+03:00,985750.2123267173
2026-06-29 14:50:00+03:00,985750.2123267173
2026-06-29 14:55:00+03:00,985750.2123267173
2026-06-29 15:00:00+03:00,985750.2123267173
2026-06-29 15:05:00+03:00,985750.2123267173
2026-06-29 15:10:00+03:00,985750.2123267173
2026-06-29 15:15:00+03:00,985750.2123267173
2026-06-29 15:20:00+03:00,985750.2123267173
2026-06-29 15:25:00+03:00,985750.2123267173
2026-06-29 15:30:00+03:00,985750.2123267173
2026-06-29 15:35:00+03:00,985750.2123267173
2026-06-29 15:40:00+03:00,985750.2123267173
2026-06-29 15:45:00+03:00,985750.2123267173
2026-06-29 15:50:00+03:00,985750.2123267173
2026-06-29 15:55:00+03:00,985750.2123267173
2026-06-29 16:00:00+03:00,985750.2123267173
2026-06-29 16:05:00+03:00,985750.2123267173
2026-06-29 16:10:00+03:00,985750.2123267173
2026-06-29 16:15:00+03:00,985750.2123267173
2026-06-29 16:20:00+03:00,985750.2123267173
2026-06-29 16:25:00+03:00,985750.2123267173
2026-06-29 16:30:00+03:00,985750.2123267173
2026-06-29 16:35:00+03:00,985750.2123267173
2026-06-29 16:40:00+03:00,985750.2123267173
2026-06-29 16:45:00+03:00,985750.2123267173
2026-06-29 16:50:00+03:00,985750.2123267173
2026-06-29 16:55:00+03:00,985750.2123267173
2026-06-29 17:00:00+03:00,985750.2123267173
2026-06-29 17:05:00+03:00,985750.2123267173
2026-06-29 17:10:00+03:00,985750.2123267173
2026-06-29 17:15:00+03:00,985750.2123267173
2026-06-29 17:20:00+03:00,985750.2123267173
2026-06-29 17:25:00+03:00,985750.2123267173
2026-06-29 17:30:00+03:00,985750.2123267173
2026-06-29 17:35:00+03:00,985750.2123267173
2026-06-29 17:40:00+03:00,985750.2123267173
2026-06-29 17:45:00+03:00,985750.2123267173
2026-06-29 17:50:00+03:00,985750.2123267173
2026-06-29 17:55:00+03:00,985750.2123267173
2026-06-30 09:55:00+03:00,985750.2123267173
2026-06-30 10:00:00+03:00,985750.2123267173
2026-06-30 10:05:00+03:00,985750.2123267173
2026-06-30 10:10:00+03:00,985750.2123267173
2026-06-30 10:15:00+03:00,985750.2123267173
2026-06-30 10:20:00+03:00,985750.2123267173
2026-06-30 10:25:00+03:00,985750.2123267173
2026-06-30 10:30:00+03:00,985750.2123267173
2026-06-30 10:35:00+03:00,985750.2123267173
2026-06-30 10:40:00+03:00,985750.2123267173
2026-06-30 10:45:00+03:00,985750.2123267173
2026-06-30 10:50:00+03:00,985750.2123267173
2026-06-30 10:55:00+03:00,985750.2123267173
2026-06-30 11:00:00+03:00,985750.2123267173
2026-06-30 11:05:00+03:00,985750.2123267173
2026-06-30 11:10:00+03:00,985750.2123267173
2026-06-30 11:15:00+03:00,985750.2123267173
2026-06-30 11:20:00+03:00,985750.2123267173
2026-06-30 11:25:00+03:00,985750.2123267173
2026-06-30 11:30:00+03:00,985750.2123267173
2026-06-30 11:35:00+03:00,985750.2123267173
2026-06-30 11:40:00+03:00,985750.2123267173
2026-06-30 11:45:00+03:00,985750.2123267173
2026-06-30 11:50:00+03:00,985750.2123267173
2026-06-30 11:55:00+03:00,985750.2123267173
2026-06-30 12:00:00+03:00,985750.2123267173
2026-06-30 12:05:00+03:00,985750.2123267173
2026-06-30 12:10:00+03:00,985750.2123267173
2026-06-30 12:15:00+03:00,985750.2123267173
2026-06-30 12:20:00+03:00,985750.2123267173
2026-06-30 12:25:00+03:00,985750.2123267173
2026-06-30 12:30:00+03:00,985750.2123267173
2026-06-30 12:35:00+03:00,985750.2123267173
2026-06-30 12:40:00+03:00,985750.2123267173
2026-06-30 12:45:00+03:00,985750.2123267173
2026-06-30 12:50:00+03:00,985750.2123267173
2026-06-30 12:55:00+03:00,985750.2123267173
2026-06-30 13:00:00+03:00,985750.2123267173
2026-06-30 13:05:00+03:00,985750.2123267173
2026-06-30 13:10:00+03:00,985750.2123267173
2026-06-30 13:15:00+03:00,985750.2123267173
2026-06-30 13:20:00+03:00,985750.2123267173
2026-06-30 13:25:00+03:00,985750.2123267173
2026-06-30 13:30:00+03:00,985750.2123267173
2026-06-30 13:35:00+03:00,985750.2123267173
2026-06-30 13:40:00+03:00,985750.2123267173
2026-06-30 13:45:00+03:00,985750.2123267173
2026-06-30 13:50:00+03:00,985750.2123267173
2026-06-30 13:55:00+03:00,985750.2123267173
2026-06-30 14:00:00+03:00,985750.2123267173
2026-06-30 14:05:00+03:00,985750.2123267173
2026-06-30 14:10:00+03:00,985750.2123267173
2026-06-30 14:15:00+03:00,985750.2123267173
2026-06-30 14:20:00+03:00,985750.2123267173
2026-06-30 14:25:00+03:00,985750.2123267173
2026-06-30 14:30:00+03:00,985750.2123267173
2026-06-30 14:35:00+03:00,985750.2123267173
2026-06-30 14:40:00+03:00,985750.2123267173
2026-06-30 14:45:00+03:00,985750.2123267173
2026-06-30 14:50:00+03:00,985750.2123267173
2026-06-30 14:55:00+03:00,985750.2123267173
2026-06-30 15:00:00+03:00,985750.2123267173
2026-06-30 15:05:00+03:00,985750.2123267173
2026-06-30 15:10:00+03:00,985750.2123267173
2026-06-30 15:15:00+03:00,985750.2123267173
2026-06-30 15:20:00+03:00,985750.2123267173
2026-06-30 15:25:00+03:00,985750.2123267173
2026-06-30 15:30:00+03:00,985750.2123267173
2026-06-30 15:35:00+03:00,985750.2123267173
2026-06-30 15:40:00+03:00,985750.2123267173
2026-06-30 15:45:00+03:00,985750.2123267173
2026-06-30 15:50:00+03:00,985750.2123267173
2026-06-30 15:55:00+03:00,985750.2123267173
2026-06-30 16:00:00+03:00,985750.2123267173
2026-06-30 16:05:00+03:00,985750.2123267173
2026-06-30 16:10:00+03:00,985750.2123267173
2026-06-30 16:15:00+03:00,985750.2123267173
2026-06-30 16:20:00+03:00,985750.2123267173
2026-06-30 16:25:00+03:00,985750.2123267173
2026-06-30 16:30:00+03:00,985750.2123267173
2026-06-30 16:35:00+03:00,985750.2123267173
2026-06-30 16:40:00+03:00,985750.2123267173
2026-06-30 16:45:00+03:00,985750.2123267173
2026-06-30 16:50:00+03:00,985750.2123267173
2026-06-30 16:55:00+03:00,985750.2123267173
2026-06-30 17:00:00+03:00,985750.2123267173
2026-06-30 17:05:00+03:00,985750.2123267173
2026-06-30 17:10:00+03:00,985750.2123267173
2026-06-30 17:15:00+03:00,985750.2123267173
2026-06-30 17:20:00+03:00,985750.2123267173
2026-06-30 17:25:00+03:00,985750.2123267173
2026-06-30 17:30:00+03:00,985750.2123267173
2026-06-30 17:35:00+03:00,985750.2123267173
2026-06-30 17:40:00+03:00,985750.2123267173
2026-06-30 17:45:00+03:00,985750.2123267173
2026-06-30 17:50:00+03:00,985750.2123267173
2026-06-30 17:55:00+03:00,985750.2123267173
2026-07-01 09:55:00+03:00,985750.2123267173
2026-07-01 10:00:00+03:00,985750.2123267173
2026-07-01 10:05:00+03:00,985750.2123267173
2026-07-01 10:10:00+03:00,985750.2123267173
2026-07-01 10:15:00+03:00,985750.2123267173
2026-07-01 10:20:00+03:00,985750.2123267173
2026-07-01 10:25:00+03:00,985750.2123267173
2026-07-01 10:30:00+03:00,985750.2123267173
2026-07-01 10:35:00+03:00,985750.2123267173
2026-07-01 10:40:00+03:00,985750.2123267173
2026-07-01 10:45:00+03:00,985750.2123267173
2026-07-01 10:50:00+03:00,985750.2123267173
2026-07-01 10:55:00+03:00,985750.2123267173
2026-07-01 11:00:00+03:00,985750.2123267173
2026-07-01 11:05:00+03:00,985750.2123267173
2026-07-01 11:10:00+03:00,985750.2123267173
2026-07-01 11:15:00+03:00,985750.2123267173
2026-07-01 11:20:00+03:00,985750.2123267173
2026-07-01 11:25:00+03:00,985750.2123267173
2026-07-01 11:30:00+03:00,985750.2123267173
2026-07-01 11:35:00+03:00,985750.2123267173
2026-07-01 11:40:00+03:00,985750.2123267173
2026-07-01 11:45:00+03:00,985750.2123267173
2026-07-01 11:50:00+03:00,985750.2123267173
2026-07-01 11:55:00+03:00,985750.2123267173
2026-07-01 12:00:00+03:00,985750.2123267173
2026-07-01 12:05:00+03:00,985750.2123267173
2026-07-01 12:10:00+03:00,985750.2123267173
2026-07-01 12:15:00+03:00,985750.2123267173
2026-07-01 12:20:00+03:00,985750.2123267173
2026-07-01 12:25:00+03:00,985750.2123267173
2026-07-01 12:30:00+03:00,985750.2123267173
2026-07-01 12:35:00+03:00,985750.2123267173
2026-07-01 12:40:00+03:00,985750.2123267173
2026-07-01 12:45:00+03:00,985750.2123267173
2026-07-01 12:50:00+03:00,985750.2123267173
2026-07-01 12:55:00+03:00,985750.2123267173
2026-07-01 13:00:00+03:00,985750.2123267173
2026-07-01 13:05:00+03:00,985750.2123267173
2026-07-01 13:10:00+03:00,985750.2123267173
2026-07-01 13:15:00+03:00,985750.2123267173
2026-07-01 13:20:00+03:00,985750.2123267173
2026-07-01 13:25:00+03:00,985750.2123267173
2026-07-01 13:30:00+03:00,985750.2123267173
2026-07-01 13:35:00+03:00,985750.2123267173
2026-07-01 13:40:00+03:00,985750.2123267173
2026-07-01 13:45:00+03:00,985750.2123267173
2026-07-01 13:50:00+03:00,985750.2123267173
2026-07-01 13:55:00+03:00,985750.2123267173
2026-07-01 14:00:00+03:00,985750.2123267173
2026-07-01 14:05:00+03:00,985750.2123267173
2026-07-01 14:10:00+03:00,985750.2123267173
2026-07-01 14:15:00+03:00,985750.2123267173
2026-07-01 14:20:00+03:00,985750.2123267173
2026-07-01 14:25:00+03:00,985750.2123267173
2026-07-01 14:30:00+03:00,985750.2123267173
2026-07-01 14:35:00+03:00,985750.2123267173
2026-07-01 14:40:00+03:00,985750.2123267173
2026-07-01 14:45:00+03:00,985750.2123267173
2026-07-01 14:50:00+03:00,985750.2123267173
2026-07-01 14:55:00+03:00,985750.2123267173
2026-07-01 15:00:00+03:00,985750.2123267173
2026-07-01 15:05:00+03:00,985750.2123267173
2026-07-01 15:10:00+03:00,985750.2123267173
2026-07-01 15:15:00+03:00,985750.2123267173
2026-07-01 15:20:00+03:00,985750.2123267173
2026-07-01 15:25:00+03:00,985750.2123267173
2026-07-01 15:30:00+03:00,985750.2123267173
2026-07-01 15:35:00+03:00,985750.2123267173
2026-07-01 15:40:00+03:00,985750.2123267173
2026-07-01 15:45:00+03:00,985750.2123267173
2026-07-01 15:50:00+03:00,985750.2123267173
2026-07-01 15:55:00+03:00,985750.2123267173
2026-07-01 16:00:00+03:00,985750.2123267173
2026-07-01 16:05:00+03:00,985750.2123267173
2026-07-01 16:10:00+03:00,985750.2123267173
2026-07-01 16:15:00+03:00,985750.2123267173
2026-07-01 16:20:00+03:00,985750.2123267173
2026-07-01 16:25:00+03:00,985750.2123267173
2026-07-01 16:30:00+03:00,985750.2123267173
2026-07-01 16:35:00+03:00,985750.2123267173
2026-07-01 16:40:00+03:00,985750.2123267173
2026-07-01 16:45:00+03:00,985750.2123267173
2026-07-01 16:50:00+03:00,985750.2123267173
2026-07-01 16:55:00+03:00,985750.2123267173
2026-07-01 17:00:00+03:00,985750.2123267173
2026-07-01 17:05:00+03:00,985750.2123267173
2026-07-01 17:10:00+03:00,985750.2123267173
2026-07-01 17:15:00+03:00,985750.2123267173
2026-07-01 17:20:00+03:00,985750.2123267173
2026-07-01 17:25:00+03:00,985750.2123267173
2026-07-01 17:30:00+03:00,985750.2123267173
2026-07-01 17:35:00+03:00,985750.2123267173
2026-07-01 17:40:00+03:00,985750.2123267173
2026-07-01 17:45:00+03:00,985750.2123267173
2026-07-01 17:50:00+03:00,985750.2123267173
2026-07-01 17:55:00+03:00,985750.2123267173
2026-07-02 09:55:00+03:00,985750.2123267173
2026-07-02 10:00:00+03:00,985750.2123267173
2026-07-02 10:05:00+03:00,985750.2123267173
2026-07-02 10:10:00+03:00,985750.2123267173
2026-07-02 10:15:00+03:00,985750.2123267173
2026-07-02 10:20:00+03:00,985750.2123267173
2026-07-02 10:25:00+03:00,985750.2123267173
2026-07-02 10:30:00+03:00,985750.2123267173
2026-07-02 10:35:00+03:00,985750.2123267173
2026-07-02 10:40:00+03:00,985750.2123267173
2026-07-02 10:45:00+03:00,985750.2123267173
2026-07-02 10:50:00+03:00,985750.2123267173
2026-07-02 10:55:00+03:00,985750.2123267173
2026-07-02 11:00:00+03:00,985750.2123267173
2026-07-02 11:05:00+03:00,985750.2123267173
2026-07-02 11:10:00+03:00,985750.2123267173
2026-07-02 11:15:00+03:00,985750.2123267173
2026-07-02 11:20:00+03:00,985750.2123267173
2026-07-02 11:25:00+03:00,985750.2123267173
2026-07-02 11:30:00+03:00,985750.2123267173
2026-07-02 11:35:00+03:00,985750.2123267173
2026-07-02 11:40:00+03:00,985750.2123267173
2026-07-02 11:45:00+03:00,985750.2123267173
2026-07-02 11:50:00+03:00,985750.2123267173
2026-07-02 11:55:00+03:00,985750.2123267173
2026-07-02 12:00:00+03:00,985750.2123267173
2026-07-02 12:05:00+03:00,985750.2123267173
2026-07-02 12:10:00+03:00,985750.2123267173
2026-07-02 12:15:00+03:00,985750.2123267173
2026-07-02 12:20:00+03:00,985750.2123267173
2026-07-02 12:25:00+03:00,985750.2123267173
2026-07-02 12:30:00+03:00,985750.2123267173
2026-07-02 12:35:00+03:00,985750.2123267173
2026-07-02 12:40:00+03:00,985750.2123267173
2026-07-02 12:45:00+03:00,985750.2123267173
2026-07-02 12:50:00+03:00,985750.2123267173
2026-07-02 12:55:00+03:00,985750.2123267173
2026-07-02 13:00:00+03:00,985750.2123267173
2026-07-02 13:05:00+03:00,985750.2123267173
2026-07-02 13:10:00+03:00,985750.2123267173
2026-07-02 13:15:00+03:00,985750.2123267173
2026-07-02 13:20:00+03:00,985750.2123267173
2026-07-02 13:25:00+03:00,985750.2123267173
2026-07-02 13:30:00+03:00,985750.2123267173
2026-07-02 13:35:00+03:00,985750.2123267173
2026-07-02 13:40:00+03:00,985750.2123267173
2026-07-02 13:45:00+03:00,985750.2123267173
2026-07-02 13:50:00+03:00,985750.2123267173
2026-07-02 13:55:00+03:00,985750.2123267173
2026-07-02 14:00:00+03:00,985750.2123267173
2026-07-02 14:05:00+03:00,985750.2123267173
2026-07-02 14:10:00+03:00,985750.2123267173
2026-07-02 14:15:00+03:00,985750.2123267173
2026-07-02 14:20:00+03:00,985750.2123267173
2026-07-02 14:25:00+03:00,985750.2123267173
2026-07-02 14:30:00+03:00,985750.2123267173
2026-07-02 14:35:00+03:00,985750.2123267173
2026-07-02 14:40:00+03:00,985750.2123267173
2026-07-02 14:45:00+03:00,985750.2123267173
2026-07-02 14:50:00+03:00,985750.2123267173
2026-07-02 14:55:00+03:00,985750.2123267173
2026-07-02 15:00:00+03:00,985750.2123267173
2026-07-02 15:05:00+03:00,985750.2123267173
2026-07-02 15:10:00+03:00,985750.2123267173
2026-07-02 15:15:00+03:00,985750.2123267173
2026-07-02 15:20:00+03:00,985750.2123267173
2026-07-02 15:25:00+03:00,985750.2123267173
2026-07-02 15:30:00+03:00,985750.2123267173
2026-07-02 15:35:00+03:00,985750.2123267173
2026-07-02 15:40:00+03:00,985750.2123267173
2026-07-02 15:45:00+03:00,985750.2123267173
2026-07-02 15:50:00+03:00,985750.2123267173
2026-07-02 15:55:00+03:00,985750.2123267173
2026-07-02 16:00:00+03:00,985750.2123267173
2026-07-02 16:05:00+03:00,985750.2123267173
2026-07-02 16:10:00+03:00,985750.2123267173
2026-07-02 16:15:00+03:00,985750.2123267173
2026-07-02 16:20:00+03:00,985750.2123267173
2026-07-02 16:25:00+03:00,985750.2123267173
2026-07-02 16:30:00+03:00,985750.2123267173
2026-07-02 16:35:00+03:00,985750.2123267173
2026-07-02 16:40:00+03:00,985750.2123267173
2026-07-02 16:45:00+03:00,985750.2123267173
2026-07-02 16:50:00+03:00,985750.2123267173
2026-07-02 16:55:00+03:00,985750.2123267173
2026-07-02 17:00:00+03:00,985750.2123267173
2026-07-02 17:05:00+03:00,985750.2123267173
2026-07-02 17:10:00+03:00,985750.2123267173
2026-07-02 17:15:00+03:00,985750.2123267173
2026-07-02 17:20:00+03:00,985750.2123267173
2026-07-02 17:25:00+03:00,985750.2123267173
2026-07-02 17:30:00+03:00,985750.2123267173
2026-07-02 17:35:00+03:00,985750.2123267173
2026-07-02 17:40:00+03:00,985750.2123267173
2026-07-02 17:45:00+03:00,985750.2123267173
2026-07-02 17:50:00+03:00,985750.2123267173
2026-07-02 17:55:00+03:00,985750.2123267173
2026-07-03 09:55:00+03:00,985750.2123267173
2026-07-03 10:00:00+03:00,985750.2123267173
2026-07-03 10:05:00+03:00,985750.2123267173
2026-07-03 10:10:00+03:00,985750.2123267173
2026-07-03 10:15:00+03:00,985750.2123267173
2026-07-03 10:20:00+03:00,985750.2123267173
2026-07-03 10:25:00+03:00,985750.2123267173
2026-07-03 10:30:00+03:00,985750.2123267173
2026-07-03 10:35:00+03:00,985750.2123267173
2026-07-03 10:40:00+03:00,985750.2123267173
2026-07-03 10:45:00+03:00,985750.2123267173
2026-07-03 10:50:00+03:00,985750.2123267173
2026-07-03 10:55:00+03:00,985750.2123267173
2026-07-03 11:00:00+03:00,985750.2123267173
2026-07-03 11:05:00+03:00,985750.2123267173
2026-07-03 11:10:00+03:00,985750.2123267173
2026-07-03 11:15:00+03:00,985750.2123267173
2026-07-03 11:20:00+03:00,985750.2123267173
2026-07-03 11:25:00+03:00,985750.2123267173
2026-07-03 11:30:00+03:00,985750.2123267173
2026-07-03 11:35:00+03:00,985750.2123267173
2026-07-03 11:40:00+03:00,985750.2123267173
2026-07-03 11:45:00+03:00,985750.2123267173
2026-07-03 11:50:00+03:00,985750.2123267173
2026-07-03 11:55:00+03:00,985750.2123267173
2026-07-03 12:00:00+03:00,985750.2123267173
2026-07-03 12:05:00+03:00,985750.2123267173
2026-07-03 12:10:00+03:00,985750.2123267173
2026-07-03 12:15:00+03:00,985750.2123267173
2026-07-03 12:20:00+03:00,985750.2123267173
2026-07-03 12:25:00+03:00,985750.2123267173
2026-07-03 12:30:00+03:00,985750.2123267173
2026-07-03 12:35:00+03:00,985750.2123267173
2026-07-03 12:40:00+03:00,985750.2123267173
2026-07-03 12:45:00+03:00,985750.2123267173
2026-07-03 12:50:00+03:00,985750.2123267173
2026-07-03 12:55:00+03:00,985750.2123267173
2026-07-03 13:00:00+03:00,985750.2123267173
2026-07-03 13:05:00+03:00,985750.2123267173
2026-07-03 13:10:00+03:00,985750.2123267173
2026-07-03 13:15:00+03:00,985750.2123267173
2026-07-03 13:20:00+03:00,985750.2123267173
2026-07-03 13:25:00+03:00,985750.2123267173
2026-07-03 13:30:00+03:00,985750.2123267173
2026-07-03 13:35:00+03:00,985750.2123267173
2026-07-03 13:40:00+03:00,985750.2123267173
2026-07-03 13:45:00+03:00,985750.2123267173
2026-07-03 13:50:00+03:00,985750.2123267173
2026-07-03 13:55:00+03:00,985750.2123267173
2026-07-03 14:00:00+03:00,985750.2123267173
2026-07-03 14:05:00+03:00,985750.2123267173
2026-07-03 14:10:00+03:00,985750.2123267173
2026-07-03 14:15:00+03:00,985750.2123267173
2026-07-03 14:20:00+03:00,985750.2123267173
2026-07-03 14:25:00+03:00,985750.2123267173
2026-07-03 14:30:00+03:00,985750.2123267173
2026-07-03 14:35:00+03:00,985750.2123267173
2026-07-03 14:40:00+03:00,985750.2123267173
2026-07-03 14:45:00+03:00,985750.2123267173
2026-07-03 14:50:00+03:00,985750.2123267173
2026-07-03 14:55:00+03:00,985750.2123267173
2026-07-03 15:00:00+03:00,985750.2123267173
2026-07-03 15:05:00+03:00,985750.2123267173
2026-07-03 15:10:00+03:00,985750.2123267173
2026-07-03 15:15:00+03:00,985750.2123267173
2026-07-03 15:20:00+03:00,985750.2123267173
2026-07-03 15:25:00+03:00,985750.2123267173
2026-07-03 15:30:00+03:00,985750.2123267173
2026-07-03 15:35:00+03:00,985750.2123267173
2026-07-03 15:40:00+03:00,985750.2123267173
2026-07-03 15:45:00+03:00,985750.2123267173
2026-07-03 15:50:00+03:00,985750.2123267173
2026-07-03 15:55:00+03:00,985750.2123267173
2026-07-03 16:00:00+03:00,985750.2123267173
2026-07-03 16:05:00+03:00,985750.2123267173
2026-07-03 16:10:00+03:00,985750.2123267173
2026-07-03 16:15:00+03:00,985750.2123267173
2026-07-03 16:20:00+03:00,985750.2123267173
2026-07-03 16:25:00+03:00,985750.2123267173
2026-07-03 16:30:00+03:00,985750.2123267173
2026-07-03 16:35:00+03:00,985750.2123267173
2026-07-03 16:40:00+03:00,985750.2123267173
2026-07-03 16:45:00+03:00,985750.2123267173
2026-07-03 16:50:00+03:00,985750.2123267173
2026-07-03 16:55:00+03:00,985750.2123267173
2026-07-03 17:00:00+03:00,985750.2123267173
2026-07-03 17:05:00+03:00,985750.2123267173
2026-07-03 17:10:00+03:00,985750.2123267173
2026-07-03 17:15:00+03:00,985750.2123267173
2026-07-03 17:20:00+03:00,985750.2123267173
2026-07-03 17:25:00+03:00,985750.2123267173
2026-07-03 17:30:00+03:00,985750.2123267173
2026-07-03 17:35:00+03:00,985750.2123267173
2026-07-03 17:40:00+03:00,985750.2123267173
2026-07-03 17:45:00+03:00,985750.2123267173
2026-07-03 17:50:00+03:00,985750.2123267173
2026-07-03 17:55:00+03:00,985750.2123267173
2026-07-06 09:55:00+03:00,985750.2123267173
2026-07-06 10:00:00+03:00,985750.2123267173
2026-07-06 10:05:00+03:00,985750.2123267173
2026-07-06 10:10:00+03:00,985750.2123267173
2026-07-06 10:15:00+03:00,985750.2123267173
2026-07-06 10:20:00+03:00,985750.2123267173
2026-07-06 10:25:00+03:00,985750.2123267173
2026-07-06 10:30:00+03:00,985750.2123267173
2026-07-06 10:35:00+03:00,985750.2123267173
2026-07-06 10:40:00+03:00,985750.2123267173
2026-07-06 10:45:00+03:00,985750.2123267173
2026-07-06 10:50:00+03:00,985750.2123267173
2026-07-06 10:55:00+03:00,985750.2123267173
2026-07-06 11:00:00+03:00,985750.2123267173
2026-07-06 11:05:00+03:00,985750.2123267173
2026-07-06 11:10:00+03:00,985750.2123267173
2026-07-06 11:15:00+03:00,985750.2123267173
2026-07-06 11:20:00+03:00,985750.2123267173
2026-07-06 11:25:00+03:00,985750.2123267173
2026-07-06 11:30:00+03:00,985750.2123267173
2026-07-06 11:35:00+03:00,985750.2123267173
2026-07-06 11:40:00+03:00,985750.2123267173
2026-07-06 11:45:00+03:00,985750.2123267173
2026-07-06 11:50:00+03:00,985750.2123267173
2026-07-06 11:55:00+03:00,985750.2123267173
2026-07-06 12:00:00+03:00,985750.2123267173
2026-07-06 12:05:00+03:00,985750.2123267173
2026-07-06 12:10:00+03:00,985750.2123267173
2026-07-06 12:15:00+03:00,985750.2123267173
2026-07-06 12:20:00+03:00,985750.2123267173
2026-07-06 12:25:00+03:00,985750.2123267173
2026-07-06 12:30:00+03:00,985750.2123267173
2026-07-06 12:35:00+03:00,985750.2123267173
2026-07-06 12:40:00+03:00,985750.2123267173
2026-07-06 12:45:00+03:00,985750.2123267173
2026-07-06 12:50:00+03:00,985750.2123267173
2026-07-06 12:55:00+03:00,985750.2123267173
2026-07-06 13:00:00+03:00,985750.2123267173
2026-07-06 13:05:00+03:00,985750.2123267173
2026-07-06 13:10:00+03:00,985750.2123267173
2026-07-06 13:15:00+03:00,985750.2123267173
2026-07-06 13:20:00+03:00,985750.2123267173
2026-07-06 13:25:00+03:00,985750.2123267173
2026-07-06 13:30:00+03:00,985750.2123267173
2026-07-06 13:35:00+03:00,985750.2123267173
2026-07-06 13:40:00+03:00,985750.2123267173
2026-07-06 13:45:00+03:00,985750.2123267173
2026-07-06 13:50:00+03:00,985750.2123267173
2026-07-06 13:55:00+03:00,985750.2123267173
2026-07-06 14:00:00+03:00,985750.2123267173
2026-07-06 14:05:00+03:00,985750.2123267173
2026-07-06 14:10:00+03:00,985750.2123267173
2026-07-06 14:15:00+03:00,985750.2123267173
2026-07-06 14:20:00+03:00,985750.2123267173
2026-07-06 14:25:00+03:00,985750.2123267173
2026-07-06 14:30:00+03:00,985750.2123267173
2026-07-06 14:35:00+03:00,985750.2123267173
2026-07-06 14:40:00+03:00,985750.2123267173
2026-07-06 14:45:00+03:00,985750.2123267173
2026-07-06 14:50:00+03:00,985750.2123267173
2026-07-06 14:55:00+03:00,985750.2123267173
2026-07-06 15:00:00+03:00,985750.2123267173
2026-07-06 15:05:00+03:00,985750.2123267173
2026-07-06 15:10:00+03:00,985750.2123267173
2026-07-06 15:15:00+03:00,985750.2123267173
2026-07-06 15:20:00+03:00,985750.2123267173
2026-07-06 15:25:00+03:00,985750.2123267173
2026-07-06 15:30:00+03:00,985750.2123267173
2026-07-06 15:35:00+03:00,985750.2123267173
2026-07-06 15:40:00+03:00,985750.2123267173
2026-07-06 15:45:00+03:00,985750.2123267173
2026-07-06 15:50:00+03:00,985750.2123267173
2026-07-06 15:55:00+03:00,985750.2123267173
2026-07-06 16:00:00+03:00,985750.2123267173
2026-07-06 16:05:00+03:00,985750.2123267173
2026-07-06 16:10:00+03:00,985750.2123267173
2026-07-06 16:15:00+03:00,985750.2123267173
2026-07-06 16:20:00+03:00,985750.2123267173
2026-07-06 16:25:00+03:00,985750.2123267173
2026-07-06 16:30:00+03:00,985750.2123267173
2026-07-06 16:35:00+03:00,985750.2123267173
2026-07-06 16:40:00+03:00,985750.2123267173
2026-07-06 16:45:00+03:00,985750.2123267173
2026-07-06 16:50:00+03:00,985750.2123267173
2026-07-06 16:55:00+03:00,985750.2123267173
2026-07-06 17:00:00+03:00,985750.2123267173
2026-07-06 17:05:00+03:00,985750.2123267173
2026-07-06 17:10:00+03:00,985750.2123267173
2026-07-06 17:15:00+03:00,985750.2123267173
2026-07-06 17:20:00+03:00,985750.2123267173
2026-07-06 17:25:00+03:00,985750.2123267173
2026-07-06 17:30:00+03:00,985750.2123267173
2026-07-06 17:35:00+03:00,985750.2123267173
2026-07-06 17:40:00+03:00,985750.2123267173
2026-07-06 17:45:00+03:00,985750.2123267173
2026-07-06 17:50:00+03:00,985750.2123267173
2026-07-06 17:55:00+03:00,985750.2123267173
2026-07-07 09:55:00+03:00,985750.2123267173
2026-07-07 10:00:00+03:00,985750.2123267173
2026-07-07 10:05:00+03:00,985750.2123267173
2026-07-07 10:10:00+03:00,985750.2123267173
2026-07-07 10:15:00+03:00,985750.2123267173
2026-07-07 10:20:00+03:00,985750.2123267173
2026-07-07 10:25:00+03:00,985750.2123267173
2026-07-07 10:30:00+03:00,985750.2123267173
2026-07-07 10:35:00+03:00,985750.2123267173
2026-07-07 10:40:00+03:00,985750.2123267173
2026-07-07 10:45:00+03:00,985750.2123267173
2026-07-07 10:50:00+03:00,985750.2123267173
2026-07-07 10:55:00+03:00,985750.2123267173
2026-07-07 11:00:00+03:00,985750.2123267173
2026-07-07 11:05:00+03:00,985750.2123267173
2026-07-07 11:10:00+03:00,985750.2123267173
2026-07-07 11:15:00+03:00,985750.2123267173
2026-07-07 11:20:00+03:00,985750.2123267173
2026-07-07 11:25:00+03:00,985750.2123267173
2026-07-07 11:30:00+03:00,985750.2123267173
2026-07-07 11:35:00+03:00,985750.2123267173
2026-07-07 11:40:00+03:00,985750.2123267173
2026-07-07 11:45:00+03:00,985750.2123267173
2026-07-07 11:50:00+03:00,985750.2123267173
2026-07-07 11:55:00+03:00,985750.2123267173
2026-07-07 12:00:00+03:00,985750.2123267173
2026-07-07 12:05:00+03:00,985750.2123267173
2026-07-07 12:10:00+03:00,985750.2123267173
2026-07-07 12:15:00+03:00,985750.2123267173
2026-07-07 12:20:00+03:00,985750.2123267173
2026-07-07 12:25:00+03:00,985750.2123267173
2026-07-07 12:30:00+03:00,985750.2123267173
2026-07-07 12:35:00+03:00,985750.2123267173
2026-07-07 12:40:00+03:00,985750.2123267173
2026-07-07 12:45:00+03:00,985750.2123267173
2026-07-07 12:50:00+03:00,985750.2123267173
2026-07-07 12:55:00+03:00,985750.2123267173
2026-07-07 13:00:00+03:00,985750.2123267173
2026-07-07 13:05:00+03:00,985750.2123267173
2026-07-07 13:10:00+03:00,985750.2123267173
2026-07-07 13:15:00+03:00,985750.2123267173
2026-07-07 13:20:00+03:00,985750.2123267173
2026-07-07 13:25:00+03:00,985750.2123267173
2026-07-07 13:30:00+03:00,985750.2123267173
2026-07-07 13:35:00+03:00,985750.2123267173
2026-07-07 13:40:00+03:00,985750.2123267173
2026-07-07 13:45:00+03:00,985750.2123267173
2026-07-07 13:50:00+03:00,985750.2123267173
2026-07-07 13:55:00+03:00,985750.2123267173
2026-07-07 14:00:00+03:00,985750.2123267173
2026-07-07 14:05:00+03:00,985750.2123267173
2026-07-07 14:10:00+03:00,985750.2123267173
2026-07-07 14:15:00+03:00,985750.2123267173
2026-07-07 14:20:00+03:00,985750.2123267173
2026-07-07 14:25:00+03:00,985750.2123267173
2026-07-07 14:30:00+03:00,985750.2123267173
2026-07-07 14:35:00+03:00,985750.2123267173
2026-07-07 14:40:00+03:00,985750.2123267173
2026-07-07 14:45:00+03:00,985750.2123267173
2026-07-07 14:50:00+03:00,985750.2123267173
2026-07-07 14:55:00+03:00,985750.2123267173
2026-07-07 15:00:00+03:00,985750.2123267173
2026-07-07 15:05:00+03:00,985750.2123267173
2026-07-07 15:10:00+03:00,985750.2123267173
2026-07-07 15:15:00+03:00,985750.2123267173
2026-07-07 15:20:00+03:00,985750.2123267173
2026-07-07 15:25:00+03:00,985750.2123267173
2026-07-07 15:30:00+03:00,985750.2123267173
2026-07-07 15:35:00+03:00,985750.2123267173
2026-07-07 15:40:00+03:00,985750.2123267173
2026-07-07 15:45:00+03:00,985750.2123267173
2026-07-07 15:50:00+03:00,985750.2123267173
2026-07-07 15:55:00+03:00,985750.2123267173
2026-07-07 16:00:00+03:00,985750.2123267173
2026-07-07 16:05:00+03:00,985750.2123267173
2026-07-07 16:10:00+03:00,985750.2123267173
2026-07-07 16:15:00+03:00,985750.2123267173
2026-07-07 16:20:00+03:00,985750.2123267173
2026-07-07 16:25:00+03:00,985750.2123267173
2026-07-07 16:30:00+03:00,985750.2123267173
2026-07-07 16:35:00+03:00,985750.2123267173
2026-07-07 16:40:00+03:00,985750.2123267173
2026-07-07 16:45:00+03:00,985750.2123267173
2026-07-07 16:50:00+03:00,985750.2123267173
2026-07-07 16:55:00+03:00,985750.2123267173
2026-07-07 17:00:00+03:00,985750.2123267173
2026-07-07 17:05:00+03:00,985750.2123267173
2026-07-07 17:10:00+03:00,985750.2123267173
2026-07-07 17:15:00+03:00,985750.2123267173
2026-07-07 17:20:00+03:00,985750.2123267173
2026-07-07 17:25:00+03:00,985750.2123267173
2026-07-07 17:30:00+03:00,985750.2123267173
2026-07-07 17:35:00+03:00,985750.2123267173
2026-07-07 17:40:00+03:00,985750.2123267173
2026-07-07 17:45:00+03:00,985750.2123267173
2026-07-07 17:50:00+03:00,985750.2123267173
2026-07-07 17:55:00+03:00,985750.2123267173
2026-07-08 09:55:00+03:00,985750.2123267173
2026-07-08 10:00:00+03:00,985750.2123267173
2026-07-08 10:05:00+03:00,985750.2123267173
2026-07-08 10:10:00+03:00,985750.2123267173
2026-07-08 10:15:00+03:00,985750.2123267173
2026-07-08 10:20:00+03:00,985750.2123267173
2026-07-08 10:25:00+03:00,985750.2123267173
2026-07-08 10:30:00+03:00,985750.2123267173
2026-07-08 10:35:00+03:00,985750.2123267173
2026-07-08 10:40:00+03:00,985750.2123267173
2026-07-08 10:45:00+03:00,985750.2123267173
2026-07-08 10:50:00+03:00,985750.2123267173
2026-07-08 10:55:00+03:00,985750.2123267173
2026-07-08 11:00:00+03:00,985750.2123267173
2026-07-08 11:05:00+03:00,985750.2123267173
2026-07-08 11:10:00+03:00,985750.2123267173
2026-07-08 11:15:00+03:00,985750.2123267173
2026-07-08 11:20:00+03:00,985750.2123267173
2026-07-08 11:25:00+03:00,985750.2123267173
2026-07-08 11:30:00+03:00,985750.2123267173
2026-07-08 11:35:00+03:00,985750.2123267173
2026-07-08 11:40:00+03:00,985750.2123267173
2026-07-08 11:45:00+03:00,985750.2123267173
2026-07-08 11:50:00+03:00,985750.2123267173
2026-07-08 11:55:00+03:00,985750.2123267173
2026-07-08 12:00:00+03:00,985750.2123267173
2026-07-08 12:05:00+03:00,985750.2123267173
2026-07-08 12:10:00+03:00,985750.2123267173
2026-07-08 12:15:00+03:00,985750.2123267173
2026-07-08 12:20:00+03:00,985750.2123267173
2026-07-08 12:25:00+03:00,985750.2123267173
2026-07-08 12:30:00+03:00,985750.2123267173
2026-07-08 12:35:00+03:00,985750.2123267173
2026-07-08 12:40:00+03:00,985750.2123267173
2026-07-08 12:45:00+03:00,985750.2123267173
2026-07-08 12:50:00+03:00,985750.2123267173
2026-07-08 12:55:00+03:00,985750.2123267173
2026-07-08 13:00:00+03:00,985750.2123267173
2026-07-08 13:05:00+03:00,985750.2123267173
2026-07-08 13:10:00+03:00,985750.2123267173
2026-07-08 13:15:00+03:00,985750.2123267173
2026-07-08 13:20:00+03:00,985750.2123267173
2026-07-08 13:25:00+03:00,985750.2123267173
2026-07-08 13:30:00+03:00,985750.2123267173
2026-07-08 13:35:00+03:00,985750.2123267173
2026-07-08 13:40:00+03:00,985750.2123267173
2026-07-08 13:45:00+03:00,985750.2123267173
2026-07-08 13:50:00+03:00,985750.2123267173
2026-07-08 13:55:00+03:00,985750.2123267173
2026-07-08 14:00:00+03:00,985750.2123267173
2026-07-08 14:05:00+03:00,985750.2123267173
2026-07-08 14:10:00+03:00,985750.2123267173
2026-07-08 14:15:00+03:00,985750.2123267173
2026-07-08 14:20:00+03:00,985750.2123267173
2026-07-08 14:25:00+03:00,985750.2123267173
2026-07-08 14:30:00+03:00,985750.2123267173
2026-07-08 14:35:00+03:00,985750.2123267173
2026-07-08 14:40:00+03:00,985750.2123267173
2026-07-08 14:45:00+03:00,985750.2123267173
2026-07-08 14:50:00+03:00,985750.2123267173
2026-07-08 14:55:00+03:00,985750.2123267173
2026-07-08 15:00:00+03:00,985750.2123267173
2026-07-08 15:05:00+03:00,985750.2123267173
2026-07-08 15:10:00+03:00,985750.2123267173
2026-07-08 15:15:00+03:00,985750.2123267173
2026-07-08 15:20:00+03:00,985750.2123267173
2026-07-08 15:25:00+03:00,985750.2123267173
2026-07-08 15:30:00+03:00,985750.2123267173
2026-07-08 15:35:00+03:00,985750.2123267173
2026-07-08 15:40:00+03:00,985750.2123267173
2026-07-08 15:45:00+03:00,985750.2123267173
2026-07-08 15:50:00+03:00,985750.2123267173
2026-07-08 15:55:00+03:00,985750.2123267173
2026-07-08 16:00:00+03:00,985750.2123267173
2026-07-08 16:05:00+03:00,985750.2123267173
2026-07-08 16:10:00+03:00,985750.2123267173
2026-07-08 16:15:00+03:00,985750.2123267173
2026-07-08 16:20:00+03:00,985750.2123267173
2026-07-08 16:25:00+03:00,985750.2123267173
2026-07-08 16:30:00+03:00,985750.2123267173
2026-07-08 16:35:00+03:00,985750.2123267173
2026-07-08 16:40:00+03:00,985750.2123267173
2026-07-08 16:45:00+03:00,985750.2123267173
2026-07-08 16:50:00+03:00,985750.2123267173
2026-07-08 16:55:00+03:00,985750.2123267173
2026-07-08 17:00:00+03:00,985750.2123267173
2026-07-08 17:05:00+03:00,985750.2123267173
2026-07-08 17:10:00+03:00,985750.2123267173
2026-07-08 17:15:00+03:00,985750.2123267173
2026-07-08 17:20:00+03:00,985750.2123267173
2026-07-08 17:25:00+03:00,985750.2123267173
2026-07-08 17:30:00+03:00,985750.2123267173
2026-07-08 17:35:00+03:00,985750.2123267173
2026-07-08 17:40:00+03:00,985750.2123267173
2026-07-08 17:45:00+03:00,985750.2123267173
2026-07-08 17:50:00+03:00,985750.2123267173
2026-07-08 17:55:00+03:00,985750.2123267173
2026-07-09 09:55:00+03:00,985750.2123267173
2026-07-09 10:00:00+03:00,985750.2123267173
2026-07-09 10:05:00+03:00,985750.2123267173
2026-07-09 10:10:00+03:00,985750.2123267173
2026-07-09 10:15:00+03:00,985750.2123267173
2026-07-09 10:20:00+03:00,985750.2123267173
2026-07-09 10:25:00+03:00,985750.2123267173
2026-07-09 10:30:00+03:00,985750.2123267173
2026-07-09 10:35:00+03:00,985750.2123267173
2026-07-09 10:40:00+03:00,985750.2123267173
2026-07-09 10:45:00+03:00,985750.2123267173
2026-07-09 10:50:00+03:00,985750.2123267173
2026-07-09 10:55:00+03:00,985750.2123267173
2026-07-09 11:00:00+03:00,985750.2123267173
2026-07-09 11:05:00+03:00,985750.2123267173
2026-07-09 11:10:00+03:00,985750.2123267173
2026-07-09 11:15:00+03:00,985750.2123267173
2026-07-09 11:20:00+03:00,985750.2123267173
2026-07-09 11:25:00+03:00,985750.2123267173
2026-07-09 11:30:00+03:00,985750.2123267173
2026-07-09 11:35:00+03:00,985750.2123267173
2026-07-09 11:40:00+03:00,985750.2123267173
2026-07-09 11:45:00+03:00,985750.2123267173
2026-07-09 11:50:00+03:00,985750.2123267173
2026-07-09 11:55:00+03:00,985750.2123267173
2026-07-09 12:00:00+03:00,985750.2123267173
2026-07-09 12:05:00+03:00,985750.2123267173
2026-07-09 12:10:00+03:00,985750.2123267173
2026-07-09 12:15:00+03:00,985750.2123267173
2026-07-09 12:20:00+03:00,985750.2123267173
2026-07-09 12:25:00+03:00,985750.2123267173
2026-07-09 12:30:00+03:00,985750.2123267173
2026-07-09 12:35:00+03:00,985750.2123267173
2026-07-09 12:40:00+03:00,985750.2123267173
2026-07-09 12:45:00+03:00,985750.2123267173
2026-07-09 12:50:00+03:00,985750.2123267173
2026-07-09 12:55:00+03:00,985750.2123267173
2026-07-09 13:00:00+03:00,985750.2123267173
2026-07-09 13:05:00+03:00,985750.2123267173
2026-07-09 13:10:00+03:00,985750.2123267173
2026-07-09 13:15:00+03:00,985750.2123267173
2026-07-09 13:20:00+03:00,985750.2123267173
2026-07-09 13:25:00+03:00,985750.2123267173
2026-07-09 13:30:00+03:00,985750.2123267173
2026-07-09 13:35:00+03:00,985750.2123267173
2026-07-09 13:40:00+03:00,985750.2123267173
2026-07-09 13:45:00+03:00,985750.2123267173
2026-07-09 13:50:00+03:00,985750.2123267173
2026-07-09 13:55:00+03:00,985750.2123267173
2026-07-09 14:00:00+03:00,985750.2123267173
2026-07-09 14:05:00+03:00,985750.2123267173
2026-07-09 14:10:00+03:00,985750.2123267173
2026-07-09 14:15:00+03:00,985750.2123267173
2026-07-09 14:20:00+03:00,985750.2123267173
2026-07-09 14:25:00+03:00,985750.2123267173
2026-07-09 14:30:00+03:00,985750.2123267173
2026-07-09 14:35:00+03:00,985750.2123267173
2026-07-09 14:40:00+03:00,985750.2123267173
2026-07-09 14:45:00+03:00,985750.2123267173
2026-07-09 14:50:00+03:00,985750.2123267173
2026-07-09 14:55:00+03:00,985750.2123267173
2026-07-09 15:00:00+03:00,985750.2123267173
2026-07-09 15:05:00+03:00,985750.2123267173
2026-07-09 15:10:00+03:00,985750.2123267173
2026-07-09 15:15:00+03:00,985750.2123267173
2026-07-09 15:20:00+03:00,985750.2123267173
2026-07-09 15:25:00+03:00,985750.2123267173
2026-07-09 15:30:00+03:00,985010.1307121199
2026-07-09 15:35:00+03:00,984671.6109212574
2026-07-09 15:40:00+03:00,984333.0911303951
2026-07-09 15:45:00+03:00,983656.0515486702
2026-07-09 15:50:00+03:00,983317.5317578077
2026-07-09 15:55:00+03:00,981624.9328034956
2026-07-09 16:00:00+03:00,981624.9328034956
2026-07-09 16:05:00+03:00,981963.452594358
2026-07-09 16:10:00+03:00,980609.3734309082
2026-07-09 16:15:00+03:00,980947.8932217706
2026-07-09 16:20:00+03:00,980609.3734309082
2026-07-09 16:25:00+03:00,980947.8932217706
2026-07-09 16:30:00+03:00,980609.3734309082
2026-07-09 16:35:00+03:00,980609.3734309082
2026-07-09 16:40:00+03:00,980947.8932217706
2026-07-09 16:45:00+03:00,980609.3734309082
2026-07-09 16:50:00+03:00,981286.4130126331
2026-07-09 16:55:00+03:00,981624.9328034956
2026-07-09 17:00:00+03:00,981286.4130126331
2026-07-09 17:05:00+03:00,980947.8932217706
2026-07-09 17:10:00+03:00,980609.3734309082
2026-07-09 17:15:00+03:00,980270.8536400457
2026-07-09 17:20:00+03:00,978578.2546857335
2026-07-09 17:25:00+03:00,977562.6953131461
2026-07-09 17:30:00+03:00,977901.2151040086
2026-07-09 17:35:00+03:00,978239.734894871
2026-07-09 17:40:00+03:00,979255.2942674584
2026-07-09 17:45:00+03:00,979255.2942674584
2026-07-09 17:50:00+03:00,978578.2546857335
2026-07-09 17:55:00+03:00,977562.6953131461
2026-07-10 09:55:00+03:00,977901.2151040086
2026-07-10 10:00:00+03:00,974798.9303713203
2026-07-10 10:05:00+03:00,974798.9303713203
2026-07-10 10:10:00+03:00,974798.9303713203
2026-07-10 10:15:00+03:00,974798.9303713203
2026-07-10 10:20:00+03:00,974798.9303713203
2026-07-10 10:25:00+03:00,974798.9303713203
2026-07-10 10:30:00+03:00,974798.9303713203
2026-07-10 10:35:00+03:00,974798.9303713203
2026-07-10 10:40:00+03:00,974798.9303713203
2026-07-10 10:45:00+03:00,974798.9303713203
2026-07-10 10:50:00+03:00,974798.9303713203
2026-07-10 10:55:00+03:00,974798.9303713203
2026-07-10 11:00:00+03:00,974798.9303713203
2026-07-10 11:05:00+03:00,974798.9303713203
2026-07-10 11:10:00+03:00,974798.9303713203
2026-07-10 11:15:00+03:00,974798.9303713203
2026-07-10 11:20:00+03:00,974798.9303713203
2026-07-10 11:25:00+03:00,974798.9303713203
2026-07-10 11:30:00+03:00,974798.9303713203
2026-07-10 11:35:00+03:00,974798.9303713203
2026-07-10 11:40:00+03:00,974798.9303713203
2026-07-10 11:45:00+03:00,974798.9303713203
2026-07-10 11:50:00+03:00,974798.9303713203
2026-07-10 11:55:00+03:00,974798.9303713203
2026-07-10 12:00:00+03:00,974798.9303713203
2026-07-10 12:05:00+03:00,974798.9303713203
2026-07-10 12:10:00+03:00,974798.9303713203
2026-07-10 12:15:00+03:00,974798.9303713203
2026-07-10 12:20:00+03:00,974798.9303713203
2026-07-10 12:25:00+03:00,974798.9303713203
2026-07-10 12:30:00+03:00,974798.9303713203
2026-07-10 12:35:00+03:00,974798.9303713203
2026-07-10 12:40:00+03:00,974798.9303713203
2026-07-10 12:45:00+03:00,974798.9303713203
2026-07-10 12:50:00+03:00,974798.9303713203
2026-07-10 12:55:00+03:00,974798.9303713203
2026-07-10 13:00:00+03:00,974798.9303713203
2026-07-10 13:05:00+03:00,974798.9303713203
2026-07-10 13:10:00+03:00,974798.9303713203
2026-07-10 13:15:00+03:00,974798.9303713203
2026-07-10 13:20:00+03:00,974798.9303713203
2026-07-10 13:25:00+03:00,974798.9303713203
2026-07-10 13:30:00+03:00,974798.9303713203
2026-07-10 13:35:00+03:00,974798.9303713203
2026-07-10 13:40:00+03:00,974798.9303713203
2026-07-10 13:45:00+03:00,974798.9303713203
2026-07-10 13:50:00+03:00,974798.9303713203
2026-07-10 13:55:00+03:00,974798.9303713203
2026-07-10 14:00:00+03:00,974798.9303713203
2026-07-10 14:05:00+03:00,974798.9303713203
2026-07-10 14:10:00+03:00,974798.9303713203
2026-07-10 14:15:00+03:00,974798.9303713203
2026-07-10 14:20:00+03:00,974798.9303713203
2026-07-10 14:25:00+03:00,974798.9303713203
2026-07-10 14:30:00+03:00,974798.9303713203
2026-07-10 14:35:00+03:00,974798.9303713203
2026-07-10 14:40:00+03:00,974798.9303713203
2026-07-10 14:45:00+03:00,974798.9303713203
2026-07-10 14:50:00+03:00,974798.9303713203
2026-07-10 14:55:00+03:00,974798.9303713203
2026-07-10 15:00:00+03:00,974798.9303713203
2026-07-10 15:05:00+03:00,974798.9303713203
2026-07-10 15:10:00+03:00,974798.9303713203
2026-07-10 15:15:00+03:00,974798.9303713203
2026-07-10 15:20:00+03:00,974798.9303713203
2026-07-10 15:25:00+03:00,974798.9303713203
2026-07-10 15:30:00+03:00,974798.9303713203
2026-07-10 15:35:00+03:00,974798.9303713203
2026-07-10 15:40:00+03:00,974798.9303713203
2026-07-10 15:45:00+03:00,974798.9303713203
2026-07-10 15:50:00+03:00,974798.9303713203
2026-07-10 15:55:00+03:00,974798.9303713203
2026-07-10 16:00:00+03:00,974798.9303713203
2026-07-10 16:05:00+03:00,974798.9303713203
2026-07-10 16:10:00+03:00,974798.9303713203
2026-07-10 16:15:00+03:00,974798.9303713203
2026-07-10 16:20:00+03:00,974798.9303713203
2026-07-10 16:25:00+03:00,974798.9303713203
2026-07-10 16:30:00+03:00,974798.9303713203
2026-07-10 16:35:00+03:00,974798.9303713203
2026-07-10 16:40:00+03:00,974798.9303713203
2026-07-10 16:45:00+03:00,974798.9303713203
2026-07-10 16:50:00+03:00,974798.9303713203
2026-07-10 16:55:00+03:00,974798.9303713203
2026-07-10 17:00:00+03:00,974798.9303713203
2026-07-10 17:05:00+03:00,974798.9303713203
2026-07-10 17:10:00+03:00,974798.9303713203
2026-07-10 17:15:00+03:00,974798.9303713203
2026-07-10 17:20:00+03:00,974798.9303713203
2026-07-10 17:25:00+03:00,974798.9303713203
2026-07-10 17:30:00+03:00,974798.9303713203
2026-07-10 17:35:00+03:00,974798.9303713203
2026-07-10 17:40:00+03:00,974798.9303713203
2026-07-10 17:45:00+03:00,974798.9303713203
2026-07-10 17:50:00+03:00,974798.9303713203
2026-07-10 17:55:00+03:00,974798.9303713203
2026-07-13 09:55:00+03:00,974798.9303713203
2026-07-13 10:00:00+03:00,974798.9303713203
2026-07-13 10:05:00+03:00,974798.9303713203
2026-07-13 10:10:00+03:00,974798.9303713203
2026-07-13 10:15:00+03:00,974798.9303713203
2026-07-13 10:20:00+03:00,974798.9303713203
2026-07-13 10:25:00+03:00,974798.9303713203
2026-07-13 10:30:00+03:00,974798.9303713203
2026-07-13 10:35:00+03:00,974798.9303713203
2026-07-13 10:40:00+03:00,974798.9303713203
2026-07-13 10:45:00+03:00,974798.9303713203
2026-07-13 10:50:00+03:00,974798.9303713203
2026-07-13 10:55:00+03:00,974798.9303713203
2026-07-13 11:00:00+03:00,974798.9303713203
2026-07-13 11:05:00+03:00,974798.9303713203
2026-07-13 11:10:00+03:00,974798.9303713203
2026-07-13 11:15:00+03:00,974798.9303713203
2026-07-13 11:20:00+03:00,974798.9303713203
2026-07-13 11:25:00+03:00,974798.9303713203
2026-07-13 11:30:00+03:00,974798.9303713203
2026-07-13 11:35:00+03:00,974798.9303713203
2026-07-13 11:40:00+03:00,974798.9303713203
2026-07-13 11:45:00+03:00,974798.9303713203
2026-07-13 11:50:00+03:00,974798.9303713203
2026-07-13 11:55:00+03:00,974798.9303713203
2026-07-13 12:00:00+03:00,974798.9303713203
2026-07-13 12:05:00+03:00,974798.9303713203
2026-07-13 12:10:00+03:00,974798.9303713203
2026-07-13 12:15:00+03:00,974798.9303713203
2026-07-13 12:20:00+03:00,974798.9303713203
2026-07-13 12:25:00+03:00,974798.9303713203
2026-07-13 12:30:00+03:00,974798.9303713203
2026-07-13 12:35:00+03:00,974798.9303713203
2026-07-13 12:40:00+03:00,974798.9303713203
2026-07-13 12:45:00+03:00,974798.9303713203
2026-07-13 12:50:00+03:00,974798.9303713203
2026-07-13 12:55:00+03:00,974798.9303713203
2026-07-13 13:00:00+03:00,974798.9303713203
2026-07-13 13:05:00+03:00,974798.9303713203
2026-07-13 13:10:00+03:00,974798.9303713203
2026-07-13 13:15:00+03:00,974798.9303713203
2026-07-13 13:20:00+03:00,974798.9303713203
2026-07-13 13:25:00+03:00,974798.9303713203
2026-07-13 13:30:00+03:00,974798.9303713203
2026-07-13 13:35:00+03:00,974798.9303713203
2026-07-13 13:40:00+03:00,974798.9303713203
2026-07-13 13:45:00+03:00,974798.9303713203
2026-07-13 13:50:00+03:00,974798.9303713203
2026-07-13 13:55:00+03:00,974034.920791193
2026-07-13 14:00:00+03:00,974599.7152657544
2026-07-13 14:05:00+03:00,974317.2964829456
2026-07-13 14:10:00+03:00,974317.2964829456
2026-07-13 14:15:00+03:00,973470.1263166317
2026-07-13 14:20:00+03:00,973470.1263166317
2026-07-13 14:25:00+03:00,973752.5020083842
2026-07-13 14:30:00+03:00,973187.7075338229
2026-07-13 14:35:00+03:00,973752.5020083842
2026-07-13 14:40:00+03:00,974034.920791193
2026-07-13 14:45:00+03:00,974034.920791193
2026-07-13 14:50:00+03:00,973470.1263166317
2026-07-13 14:55:00+03:00,973470.1263166317
2026-07-13 15:00:00+03:00,972340.4942764526
2026-07-13 15:05:00+03:00,972905.288751014
2026-07-13 15:10:00+03:00,973752.5020083842
2026-07-13 15:15:00+03:00,973470.1263166317
2026-07-13 15:20:00+03:00,972058.1185847
2026-07-13 15:25:00+03:00,970646.1108527684
2026-07-13 15:30:00+03:00,970928.486544521
2026-07-13 15:35:00+03:00,970646.1108527684
2026-07-13 15:40:00+03:00,970363.6920699596
2026-07-13 15:45:00+03:00,971210.9053273299
2026-07-13 15:50:00+03:00,970928.486544521
2026-07-13 15:55:00+03:00,970928.486544521
2026-07-13 16:00:00+03:00,970646.1108527684
2026-07-13 16:05:00+03:00,971493.2810190823
2026-07-13 16:10:00+03:00,971493.2810190823
2026-07-13 16:15:00+03:00,970646.1108527684
2026-07-13 16:20:00+03:00,970646.1108527684
2026-07-13 16:25:00+03:00,970646.1108527684
2026-07-13 16:30:00+03:00,970928.486544521
2026-07-13 16:35:00+03:00,970363.6920699596
2026-07-13 16:40:00+03:00,970081.2732871508
2026-07-13 16:45:00+03:00,970646.1108527684
2026-07-13 16:50:00+03:00,971210.9053273299
2026-07-13 16:55:00+03:00,972905.288751014
2026-07-13 17:00:00+03:00,972622.9130592614
2026-07-13 17:05:00+03:00,971775.6998018911
2026-07-13 17:10:00+03:00,972058.1185847
2026-07-13 17:15:00+03:00,970928.486544521
2026-07-13 17:20:00+03:00,971493.2810190823
2026-07-13 17:25:00+03:00,971493.2810190823
2026-07-13 17:30:00+03:00,971210.9053273299
2026-07-13 17:35:00+03:00,970363.6920699596
2026-07-13 17:40:00+03:00,970081.2732871508
2026-07-13 17:45:00+03:00,970363.6920699596
2026-07-13 17:50:00+03:00,970081.2732871508
2026-07-13 17:55:00+03:00,969516.4788125893
2026-07-14 09:55:00+03:00,968104.4710806578
2026-07-14 10:00:00+03:00,966974.882131535
2026-07-14 10:05:00+03:00,968386.8898634666
2026-07-14 10:10:00+03:00,969516.4788125893
2026-07-14 10:15:00+03:00,967257.2578232875
2026-07-14 10:20:00+03:00,965590.2863036348
2026-07-14 10:25:00+03:00,965590.2863036348
2026-07-14 10:30:00+03:00,965590.2863036348
2026-07-14 10:35:00+03:00,965590.2863036348
2026-07-14 10:40:00+03:00,965590.2863036348
2026-07-14 10:45:00+03:00,965590.2863036348
2026-07-14 10:50:00+03:00,965590.2863036348
2026-07-14 10:55:00+03:00,965590.2863036348
2026-07-14 11:00:00+03:00,965590.2863036348
2026-07-14 11:05:00+03:00,965590.2863036348
2026-07-14 11:10:00+03:00,965590.2863036348
2026-07-14 11:15:00+03:00,965590.2863036348
2026-07-14 11:20:00+03:00,965590.2863036348
2026-07-14 11:25:00+03:00,965590.2863036348
2026-07-14 11:30:00+03:00,965590.2863036348
2026-07-14 11:35:00+03:00,965590.2863036348
2026-07-14 11:40:00+03:00,965590.2863036348
2026-07-14 11:45:00+03:00,965590.2863036348
2026-07-14 11:50:00+03:00,965590.2863036348
2026-07-14 11:55:00+03:00,965590.2863036348
2026-07-14 12:00:00+03:00,965590.2863036348
2026-07-14 12:05:00+03:00,965590.2863036348
2026-07-14 12:10:00+03:00,965590.2863036348
2026-07-14 12:15:00+03:00,965590.2863036348
2026-07-14 12:20:00+03:00,965590.2863036348
2026-07-14 12:25:00+03:00,965590.2863036348
2026-07-14 12:30:00+03:00,965590.2863036348
2026-07-14 12:35:00+03:00,965590.2863036348
2026-07-14 12:40:00+03:00,965590.2863036348
2026-07-14 12:45:00+03:00,965590.2863036348
2026-07-14 12:50:00+03:00,965590.2863036348
2026-07-14 12:55:00+03:00,965590.2863036348
2026-07-14 13:00:00+03:00,965590.2863036348
2026-07-14 13:05:00+03:00,965590.2863036348
2026-07-14 13:10:00+03:00,965590.2863036348
2026-07-14 13:15:00+03:00,965590.2863036348
2026-07-14 13:20:00+03:00,965590.2863036348
2026-07-14 13:25:00+03:00,965590.2863036348
2026-07-14 13:30:00+03:00,965590.2863036348
2026-07-14 13:35:00+03:00,965590.2863036348
2026-07-14 13:40:00+03:00,965590.2863036348
2026-07-14 13:45:00+03:00,965590.2863036348
2026-07-14 13:50:00+03:00,965590.2863036348
2026-07-14 13:55:00+03:00,965590.2863036348
2026-07-14 14:00:00+03:00,965590.2863036348
2026-07-14 14:05:00+03:00,965590.2863036348
2026-07-14 14:10:00+03:00,965590.2863036348
2026-07-14 14:15:00+03:00,965590.2863036348
2026-07-14 14:20:00+03:00,965590.2863036348
2026-07-14 14:25:00+03:00,965590.2863036348
2026-07-14 14:30:00+03:00,965590.2863036348
2026-07-14 14:35:00+03:00,965590.2863036348
2026-07-14 14:40:00+03:00,965590.2863036348
2026-07-14 14:45:00+03:00,965590.2863036348
2026-07-14 14:50:00+03:00,965590.2863036348
2026-07-14 14:55:00+03:00,965590.2863036348
2026-07-14 15:00:00+03:00,965590.2863036348
2026-07-14 15:05:00+03:00,965590.2863036348
2026-07-14 15:10:00+03:00,965590.2863036348
2026-07-14 15:15:00+03:00,965590.2863036348
2026-07-14 15:20:00+03:00,965590.2863036348
2026-07-14 15:25:00+03:00,965590.2863036348
2026-07-14 15:30:00+03:00,965590.2863036348
2026-07-14 15:35:00+03:00,965590.2863036348
2026-07-14 15:40:00+03:00,965590.2863036348
2026-07-14 15:45:00+03:00,965590.2863036348
2026-07-14 15:50:00+03:00,965590.2863036348
2026-07-14 15:55:00+03:00,965590.2863036348
2026-07-14 16:00:00+03:00,965590.2863036348
2026-07-14 16:05:00+03:00,965590.2863036348
2026-07-14 16:10:00+03:00,965590.2863036348
2026-07-14 16:15:00+03:00,965590.2863036348
2026-07-14 16:20:00+03:00,965590.2863036348
2026-07-14 16:25:00+03:00,965590.2863036348
2026-07-14 16:30:00+03:00,965590.2863036348
2026-07-14 16:35:00+03:00,965590.2863036348
2026-07-14 16:40:00+03:00,965590.2863036348
2026-07-14 16:45:00+03:00,965590.2863036348
2026-07-14 16:50:00+03:00,965590.2863036348
2026-07-14 16:55:00+03:00,965590.2863036348
2026-07-14 17:00:00+03:00,965590.2863036348
2026-07-14 17:05:00+03:00,965590.2863036348
2026-07-14 17:10:00+03:00,965590.2863036348
2026-07-14 17:15:00+03:00,965590.2863036348
2026-07-14 17:20:00+03:00,965590.2863036348
2026-07-14 17:25:00+03:00,965590.2863036348
2026-07-14 17:30:00+03:00,965590.2863036348
2026-07-14 17:35:00+03:00,965590.2863036348
2026-07-14 17:40:00+03:00,965590.2863036348
2026-07-14 17:45:00+03:00,965590.2863036348
2026-07-14 17:50:00+03:00,965590.2863036348
2026-07-14 17:55:00+03:00,965590.2863036348
2026-07-16 09:55:00+03:00,965590.2863036348
2026-07-16 10:00:00+03:00,965590.2863036348
2026-07-16 10:05:00+03:00,965590.2863036348
2026-07-16 10:10:00+03:00,965590.2863036348
2026-07-16 10:15:00+03:00,965590.2863036348
2026-07-16 10:20:00+03:00,965590.2863036348
2026-07-16 10:25:00+03:00,965590.2863036348
2026-07-16 10:30:00+03:00,965590.2863036348
2026-07-16 10:35:00+03:00,965590.2863036348
2026-07-16 10:40:00+03:00,965590.2863036348
2026-07-16 10:45:00+03:00,965590.2863036348
2026-07-16 10:50:00+03:00,965590.2863036348
2026-07-16 10:55:00+03:00,965590.2863036348
2026-07-16 11:00:00+03:00,965590.2863036348
2026-07-16 11:05:00+03:00,965590.2863036348
2026-07-16 11:10:00+03:00,965590.2863036348
2026-07-16 11:15:00+03:00,965590.2863036348
2026-07-16 11:20:00+03:00,965590.2863036348
2026-07-16 11:25:00+03:00,965590.2863036348
2026-07-16 11:30:00+03:00,965590.2863036348
2026-07-16 11:35:00+03:00,965590.2863036348
2026-07-16 11:40:00+03:00,965590.2863036348
2026-07-16 11:45:00+03:00,965590.2863036348
2026-07-16 11:50:00+03:00,965590.2863036348
2026-07-16 11:55:00+03:00,965590.2863036348
2026-07-16 12:00:00+03:00,965590.2863036348
2026-07-16 12:05:00+03:00,965590.2863036348
2026-07-16 12:10:00+03:00,965590.2863036348
2026-07-16 12:15:00+03:00,965590.2863036348
2026-07-16 12:20:00+03:00,965590.2863036348
2026-07-16 12:25:00+03:00,965590.2863036348
2026-07-16 12:30:00+03:00,965590.2863036348
2026-07-16 12:35:00+03:00,965590.2863036348
2026-07-16 12:40:00+03:00,965590.2863036348
2026-07-16 12:45:00+03:00,965590.2863036348
2026-07-16 12:50:00+03:00,965590.2863036348
2026-07-16 12:55:00+03:00,965590.2863036348
2026-07-16 13:00:00+03:00,965590.2863036348
2026-07-16 13:05:00+03:00,965590.2863036348
2026-07-16 13:10:00+03:00,965590.2863036348
2026-07-16 13:15:00+03:00,965590.2863036348
2026-07-16 13:20:00+03:00,965590.2863036348
2026-07-16 13:25:00+03:00,965590.2863036348
2026-07-16 13:30:00+03:00,965590.2863036348
2026-07-16 13:35:00+03:00,965590.2863036348
2026-07-16 13:40:00+03:00,965590.2863036348
2026-07-16 13:45:00+03:00,965590.2863036348
2026-07-16 13:50:00+03:00,965590.2863036348
2026-07-16 13:55:00+03:00,965590.2863036348
2026-07-16 14:00:00+03:00,965590.2863036348
2026-07-16 14:05:00+03:00,965590.2863036348
2026-07-16 14:10:00+03:00,965590.2863036348
2026-07-16 14:15:00+03:00,965590.2863036348
2026-07-16 14:20:00+03:00,965590.2863036348
2026-07-16 14:25:00+03:00,965590.2863036348
2026-07-16 14:30:00+03:00,965590.2863036348
2026-07-16 14:35:00+03:00,965590.2863036348
2026-07-16 14:40:00+03:00,965590.2863036348
2026-07-16 14:45:00+03:00,965590.2863036348
2026-07-16 14:50:00+03:00,965590.2863036348
2026-07-16 14:55:00+03:00,965590.2863036348
2026-07-16 15:00:00+03:00,965590.2863036348
2026-07-16 15:05:00+03:00,965590.2863036348
2026-07-16 15:10:00+03:00,965590.2863036348
2026-07-16 15:15:00+03:00,965590.2863036348
2026-07-16 15:20:00+03:00,965590.2863036348
2026-07-16 15:25:00+03:00,965590.2863036348
2026-07-16 15:30:00+03:00,965590.2863036348
2026-07-16 15:35:00+03:00,965590.2863036348
2026-07-16 15:40:00+03:00,965590.2863036348
2026-07-16 15:45:00+03:00,965590.2863036348
2026-07-16 15:50:00+03:00,965590.2863036348
2026-07-16 15:55:00+03:00,965590.2863036348
2026-07-16 16:00:00+03:00,965590.2863036348
2026-07-16 16:05:00+03:00,965590.2863036348
2026-07-16 16:10:00+03:00,965590.2863036348
2026-07-16 16:15:00+03:00,965590.2863036348
2026-07-16 16:20:00+03:00,965590.2863036348
2026-07-16 16:25:00+03:00,965590.2863036348
2026-07-16 16:30:00+03:00,965590.2863036348
2026-07-16 16:35:00+03:00,965590.2863036348
2026-07-16 16:40:00+03:00,965590.2863036348
2026-07-16 16:45:00+03:00,965590.2863036348
2026-07-16 16:50:00+03:00,965590.2863036348
2026-07-16 16:55:00+03:00,965590.2863036348
2026-07-16 17:00:00+03:00,965590.2863036348
2026-07-16 17:05:00+03:00,965590.2863036348
2026-07-16 17:10:00+03:00,965590.2863036348
2026-07-16 17:15:00+03:00,965590.2863036348
2026-07-16 17:20:00+03:00,965590.2863036348
2026-07-16 17:25:00+03:00,965590.2863036348
2026-07-16 17:30:00+03:00,965590.2863036348
2026-07-16 17:35:00+03:00,965590.2863036348
2026-07-16 17:40:00+03:00,965590.2863036348
2026-07-16 17:45:00+03:00,965590.2863036348
2026-07-16 17:50:00+03:00,965590.2863036348
2026-07-16 17:55:00+03:00,965590.2863036348
2026-07-17 09:55:00+03:00,965590.2863036348
2026-07-17 10:00:00+03:00,965590.2863036348
2026-07-17 10:05:00+03:00,965590.2863036348
2026-07-17 10:10:00+03:00,965590.2863036348
2026-07-17 10:15:00+03:00,965590.2863036348
2026-07-17 10:20:00+03:00,965590.2863036348
2026-07-17 10:25:00+03:00,965590.2863036348
2026-07-17 10:30:00+03:00,965590.2863036348
2026-07-17 10:35:00+03:00,965590.2863036348
2026-07-17 10:40:00+03:00,965590.2863036348
2026-07-17 10:45:00+03:00,965590.2863036348
2026-07-17 10:50:00+03:00,965590.2863036348
2026-07-17 10:55:00+03:00,965590.2863036348
2026-07-17 11:00:00+03:00,965590.2863036348
2026-07-17 11:05:00+03:00,965590.2863036348
2026-07-17 11:10:00+03:00,965590.2863036348
2026-07-17 11:15:00+03:00,965590.2863036348
2026-07-17 11:20:00+03:00,965590.2863036348
2026-07-17 11:25:00+03:00,965590.2863036348
2026-07-17 11:30:00+03:00,965590.2863036348
2026-07-17 11:35:00+03:00,965590.2863036348
2026-07-17 11:40:00+03:00,965590.2863036348
2026-07-17 11:45:00+03:00,965590.2863036348
2026-07-17 11:50:00+03:00,965590.2863036348
2026-07-17 11:55:00+03:00,965590.2863036348
2026-07-17 12:00:00+03:00,965590.2863036348
2026-07-17 12:05:00+03:00,965590.2863036348
2026-07-17 12:10:00+03:00,965590.2863036348
2026-07-17 12:15:00+03:00,965590.2863036348
2026-07-17 12:20:00+03:00,965590.2863036348
2026-07-17 12:25:00+03:00,965590.2863036348
2026-07-17 12:30:00+03:00,965590.2863036348
2026-07-17 12:35:00+03:00,965590.2863036348
2026-07-17 12:40:00+03:00,965590.2863036348
2026-07-17 12:45:00+03:00,965590.2863036348
2026-07-17 12:50:00+03:00,965590.2863036348
2026-07-17 12:55:00+03:00,965590.2863036348
2026-07-17 13:00:00+03:00,965590.2863036348
2026-07-17 13:05:00+03:00,965590.2863036348
2026-07-17 13:10:00+03:00,965590.2863036348
2026-07-17 13:15:00+03:00,965590.2863036348
2026-07-17 13:20:00+03:00,965590.2863036348
2026-07-17 13:25:00+03:00,965590.2863036348
2026-07-17 13:30:00+03:00,965590.2863036348
2026-07-17 13:35:00+03:00,965590.2863036348
2026-07-17 13:40:00+03:00,965590.2863036348
2026-07-17 13:45:00+03:00,965590.2863036348
2026-07-17 13:50:00+03:00,965590.2863036348
2026-07-17 13:55:00+03:00,965590.2863036348
2026-07-17 14:00:00+03:00,965590.2863036348
2026-07-17 14:05:00+03:00,965590.2863036348
2026-07-17 14:10:00+03:00,965590.2863036348
2026-07-17 14:15:00+03:00,965590.2863036348
2026-07-17 14:20:00+03:00,965590.2863036348
2026-07-17 14:25:00+03:00,965590.2863036348
2026-07-17 14:30:00+03:00,965590.2863036348
2026-07-17 14:35:00+03:00,965590.2863036348
2026-07-17 14:40:00+03:00,965590.2863036348
2026-07-17 14:45:00+03:00,965590.2863036348
2026-07-17 14:50:00+03:00,965590.2863036348
2026-07-17 14:55:00+03:00,965590.2863036348
2026-07-17 15:00:00+03:00,965590.2863036348
2026-07-17 15:05:00+03:00,965590.2863036348
2026-07-17 15:10:00+03:00,965590.2863036348
2026-07-17 15:15:00+03:00,965590.2863036348
2026-07-17 15:20:00+03:00,965590.2863036348
2026-07-17 15:25:00+03:00,965590.2863036348
2026-07-17 15:30:00+03:00,965590.2863036348
2026-07-17 15:35:00+03:00,965590.2863036348
2026-07-17 15:40:00+03:00,965590.2863036348
2026-07-17 15:45:00+03:00,965590.2863036348
2026-07-17 15:50:00+03:00,965590.2863036348
2026-07-17 15:55:00+03:00,965590.2863036348
2026-07-17 16:00:00+03:00,965590.2863036348
2026-07-17 16:05:00+03:00,965590.2863036348
2026-07-17 16:10:00+03:00,965590.2863036348
2026-07-17 16:15:00+03:00,965590.2863036348
2026-07-17 16:20:00+03:00,965590.2863036348
2026-07-17 16:25:00+03:00,965590.2863036348
2026-07-17 16:30:00+03:00,965590.2863036348
2026-07-17 16:35:00+03:00,965590.2863036348
2026-07-17 16:40:00+03:00,965590.2863036348
2026-07-17 16:45:00+03:00,965590.2863036348
2026-07-17 16:50:00+03:00,965590.2863036348
2026-07-17 16:55:00+03:00,965590.2863036348
2026-07-17 17:00:00+03:00,965590.2863036348
2026-07-17 17:05:00+03:00,965590.2863036348
2026-07-17 17:10:00+03:00,965590.2863036348
2026-07-17 17:15:00+03:00,965590.2863036348
2026-07-17 17:20:00+03:00,965590.2863036348
2026-07-17 17:25:00+03:00,965590.2863036348
2026-07-17 17:30:00+03:00,965590.2863036348
2026-07-17 17:35:00+03:00,965590.2863036348
2026-07-17 17:40:00+03:00,965590.2863036348
2026-07-17 17:45:00+03:00,965590.2863036348
2026-07-17 17:50:00+03:00,965590.2863036348
2026-07-17 17:55:00+03:00,965590.2863036348
2026-07-20 09:55:00+03:00,965590.2863036348
2026-07-20 10:00:00+03:00,965590.2863036348
2026-07-20 10:05:00+03:00,965590.2863036348
2026-07-20 10:10:00+03:00,965590.2863036348
2026-07-20 10:15:00+03:00,965590.2863036348
2026-07-20 10:20:00+03:00,965590.2863036348
2026-07-20 10:25:00+03:00,965590.2863036348
2026-07-20 10:30:00+03:00,965590.2863036348
2026-07-20 10:35:00+03:00,965590.2863036348
2026-07-20 10:40:00+03:00,965590.2863036348
2026-07-20 10:45:00+03:00,965590.2863036348
2026-07-20 10:50:00+03:00,965590.2863036348
2026-07-20 10:55:00+03:00,965590.2863036348
2026-07-20 11:00:00+03:00,965590.2863036348
2026-07-20 11:05:00+03:00,965590.2863036348
2026-07-20 11:10:00+03:00,965590.2863036348
2026-07-20 11:15:00+03:00,965590.2863036348
2026-07-20 11:20:00+03:00,965590.2863036348
2026-07-20 11:25:00+03:00,965590.2863036348
2026-07-20 11:30:00+03:00,965590.2863036348
2026-07-20 11:35:00+03:00,965590.2863036348
2026-07-20 11:40:00+03:00,965590.2863036348
2026-07-20 11:45:00+03:00,965590.2863036348
2026-07-20 11:50:00+03:00,965590.2863036348
2026-07-20 11:55:00+03:00,965590.2863036348
2026-07-20 12:00:00+03:00,965590.2863036348
2026-07-20 12:05:00+03:00,965590.2863036348
2026-07-20 12:10:00+03:00,965590.2863036348
2026-07-20 12:15:00+03:00,965590.2863036348
2026-07-20 12:20:00+03:00,965590.2863036348
2026-07-20 12:25:00+03:00,965590.2863036348
2026-07-20 12:30:00+03:00,965590.2863036348
2026-07-20 12:35:00+03:00,965590.2863036348
2026-07-20 12:40:00+03:00,965590.2863036348
2026-07-20 12:45:00+03:00,965590.2863036348
2026-07-20 12:50:00+03:00,965590.2863036348
2026-07-20 12:55:00+03:00,965590.2863036348
2026-07-20 13:00:00+03:00,965590.2863036348
2026-07-20 13:05:00+03:00,965590.2863036348
2026-07-20 13:10:00+03:00,965590.2863036348
2026-07-20 13:15:00+03:00,965590.2863036348
2026-07-20 13:20:00+03:00,965590.2863036348
2026-07-20 13:25:00+03:00,965590.2863036348
2026-07-20 13:30:00+03:00,965590.2863036348
2026-07-20 13:35:00+03:00,965590.2863036348
2026-07-20 13:40:00+03:00,965590.2863036348
2026-07-20 13:45:00+03:00,965590.2863036348
2026-07-20 13:50:00+03:00,965590.2863036348
2026-07-20 13:55:00+03:00,965590.2863036348
2026-07-20 14:00:00+03:00,965590.2863036348
2026-07-20 14:05:00+03:00,965590.2863036348
2026-07-20 14:10:00+03:00,965590.2863036348
2026-07-20 14:15:00+03:00,965590.2863036348
2026-07-20 14:20:00+03:00,965590.2863036348
2026-07-20 14:25:00+03:00,965590.2863036348
2026-07-20 14:30:00+03:00,965590.2863036348
2026-07-20 14:35:00+03:00,965590.2863036348
2026-07-20 14:40:00+03:00,965590.2863036348
2026-07-20 14:45:00+03:00,965590.2863036348
2026-07-20 14:50:00+03:00,965590.2863036348
2026-07-20 14:55:00+03:00,965590.2863036348
2026-07-20 15:00:00+03:00,965590.2863036348
2026-07-20 15:05:00+03:00,965590.2863036348
2026-07-20 15:10:00+03:00,965590.2863036348
2026-07-20 15:15:00+03:00,965590.2863036348
2026-07-20 15:20:00+03:00,965590.2863036348
2026-07-20 15:25:00+03:00,965590.2863036348
2026-07-20 15:30:00+03:00,965590.2863036348
2026-07-20 15:35:00+03:00,965590.2863036348
2026-07-20 15:40:00+03:00,965590.2863036348
2026-07-20 15:45:00+03:00,965590.2863036348
2026-07-20 15:50:00+03:00,965590.2863036348
2026-07-20 15:55:00+03:00,965590.2863036348
2026-07-20 16:00:00+03:00,965590.2863036348
2026-07-20 16:05:00+03:00,965590.2863036348
2026-07-20 16:10:00+03:00,965590.2863036348
2026-07-20 16:15:00+03:00,965590.2863036348
2026-07-20 16:20:00+03:00,965590.2863036348
2026-07-20 16:25:00+03:00,965590.2863036348
2026-07-20 16:30:00+03:00,965590.2863036348
2026-07-20 16:35:00+03:00,965590.2863036348
2026-07-20 16:40:00+03:00,965590.2863036348
2026-07-20 16:45:00+03:00,965590.2863036348
2026-07-20 16:50:00+03:00,965590.2863036348
2026-07-20 16:55:00+03:00,965590.2863036348
2026-07-20 17:00:00+03:00,965590.2863036348
2026-07-20 17:05:00+03:00,965590.2863036348
2026-07-20 17:10:00+03:00,965590.2863036348
2026-07-20 17:15:00+03:00,965590.2863036348
2026-07-20 17:20:00+03:00,965590.2863036348
2026-07-20 17:25:00+03:00,965590.2863036348
2026-07-20 17:30:00+03:00,965590.2863036348
2026-07-20 17:35:00+03:00,965590.2863036348
2026-07-20 17:40:00+03:00,965590.2863036348
2026-07-20 17:45:00+03:00,965590.2863036348
2026-07-20 17:50:00+03:00,965590.2863036348
2026-07-20 17:55:00+03:00,965590.2863036348
2026-07-21 09:55:00+03:00,965590.2863036348
2026-07-21 10:00:00+03:00,965590.2863036348
2026-07-21 10:05:00+03:00,965590.2863036348
2026-07-21 10:10:00+03:00,965590.2863036348
2026-07-21 10:15:00+03:00,965590.2863036348
2026-07-21 10:20:00+03:00,965590.2863036348
2026-07-21 10:25:00+03:00,965590.2863036348
2026-07-21 10:30:00+03:00,965590.2863036348
2026-07-21 10:35:00+03:00,965590.2863036348
2026-07-21 10:40:00+03:00,965590.2863036348
2026-07-21 10:45:00+03:00,965590.2863036348
2026-07-21 10:50:00+03:00,965590.2863036348
2026-07-21 10:55:00+03:00,965590.2863036348
2026-07-21 11:00:00+03:00,965590.2863036348
2026-07-21 11:05:00+03:00,965590.2863036348
2026-07-21 11:10:00+03:00,965590.2863036348
2026-07-21 11:15:00+03:00,965590.2863036348
2026-07-21 11:20:00+03:00,965590.2863036348
2026-07-21 11:25:00+03:00,965590.2863036348
2026-07-21 11:30:00+03:00,965590.2863036348
2026-07-21 11:35:00+03:00,965590.2863036348
2026-07-21 11:40:00+03:00,965590.2863036348
2026-07-21 11:45:00+03:00,965590.2863036348
2026-07-21 11:50:00+03:00,965590.2863036348
2026-07-21 11:55:00+03:00,965590.2863036348
2026-07-21 12:00:00+03:00,965590.2863036348
2026-07-21 12:05:00+03:00,965590.2863036348
2026-07-21 12:10:00+03:00,965590.2863036348
2026-07-21 12:15:00+03:00,965590.2863036348
2026-07-21 12:20:00+03:00,965590.2863036348
2026-07-21 12:25:00+03:00,965590.2863036348
2026-07-21 12:30:00+03:00,965590.2863036348
2026-07-21 12:35:00+03:00,965590.2863036348
2026-07-21 12:40:00+03:00,965590.2863036348
2026-07-21 12:45:00+03:00,965590.2863036348
2026-07-21 12:50:00+03:00,965590.2863036348
2026-07-21 12:55:00+03:00,965590.2863036348
2026-07-21 13:00:00+03:00,965590.2863036348
2026-07-21 13:05:00+03:00,965590.2863036348
2026-07-21 13:10:00+03:00,965590.2863036348
2026-07-21 13:15:00+03:00,965590.2863036348
2026-07-21 13:20:00+03:00,965590.2863036348
2026-07-21 13:25:00+03:00,965590.2863036348
2026-07-21 13:30:00+03:00,965590.2863036348
2026-07-21 13:35:00+03:00,965590.2863036348
2026-07-21 13:40:00+03:00,965590.2863036348
2026-07-21 13:45:00+03:00,965590.2863036348
2026-07-21 13:50:00+03:00,965590.2863036348
2026-07-21 13:55:00+03:00,965590.2863036348
2026-07-21 14:00:00+03:00,965590.2863036348
2026-07-21 14:05:00+03:00,965590.2863036348
2026-07-21 14:10:00+03:00,965590.2863036348
2026-07-21 14:15:00+03:00,965590.2863036348
2026-07-21 14:20:00+03:00,965590.2863036348
2026-07-21 14:25:00+03:00,965590.2863036348
2026-07-21 14:30:00+03:00,965590.2863036348
2026-07-21 14:35:00+03:00,965590.2863036348
2026-07-21 14:40:00+03:00,965590.2863036348
2026-07-21 14:45:00+03:00,965590.2863036348
2026-07-21 14:50:00+03:00,965590.2863036348
2026-07-21 14:55:00+03:00,965590.2863036348
2026-07-21 15:00:00+03:00,965590.2863036348
2026-07-21 15:05:00+03:00,965590.2863036348
2026-07-21 15:10:00+03:00,965590.2863036348
2026-07-21 15:15:00+03:00,965590.2863036348
2026-07-21 15:20:00+03:00,965590.2863036348
2026-07-21 15:25:00+03:00,965590.2863036348
2026-07-21 15:30:00+03:00,965590.2863036348
2026-07-21 15:35:00+03:00,965590.2863036348
2026-07-21 15:40:00+03:00,965590.2863036348
2026-07-21 15:45:00+03:00,965590.2863036348
2026-07-21 15:50:00+03:00,965590.2863036348
2026-07-21 15:55:00+03:00,965590.2863036348
2026-07-21 16:00:00+03:00,965590.2863036348
2026-07-21 16:05:00+03:00,965590.2863036348
2026-07-21 16:10:00+03:00,965590.2863036348
2026-07-21 16:15:00+03:00,965590.2863036348
2026-07-21 16:20:00+03:00,965590.2863036348
2026-07-21 16:25:00+03:00,965590.2863036348
2026-07-21 16:30:00+03:00,965590.2863036348
2026-07-21 16:35:00+03:00,965590.2863036348
2026-07-21 16:40:00+03:00,965590.2863036348
2026-07-21 16:45:00+03:00,965590.2863036348
2026-07-21 16:50:00+03:00,965590.2863036348
2026-07-21 16:55:00+03:00,965590.2863036348
2026-07-21 17:00:00+03:00,965590.2863036348
2026-07-21 17:05:00+03:00,965590.2863036348
2026-07-21 17:10:00+03:00,965590.2863036348
2026-07-21 17:15:00+03:00,965590.2863036348
2026-07-21 17:20:00+03:00,965590.2863036348
2026-07-21 17:25:00+03:00,965590.2863036348
2026-07-21 17:30:00+03:00,965590.2863036348
2026-07-21 17:35:00+03:00,965590.2863036348
2026-07-21 17:40:00+03:00,965590.2863036348
2026-07-21 17:45:00+03:00,965590.2863036348
2026-07-21 17:50:00+03:00,965590.2863036348
2026-07-21 17:55:00+03:00,965590.2863036348
2026-07-22 09:55:00+03:00,965590.2863036348
2026-07-22 10:00:00+03:00,965590.2863036348
2026-07-22 10:05:00+03:00,965590.2863036348
2026-07-22 10:10:00+03:00,965590.2863036348
2026-07-22 10:15:00+03:00,965590.2863036348
2026-07-22 10:20:00+03:00,965590.2863036348
2026-07-22 10:25:00+03:00,965590.2863036348
2026-07-22 10:30:00+03:00,965590.2863036348
2026-07-22 10:35:00+03:00,965590.2863036348
2026-07-22 10:40:00+03:00,965590.2863036348
2026-07-22 10:45:00+03:00,965590.2863036348
2026-07-22 10:50:00+03:00,965590.2863036348
2026-07-22 10:55:00+03:00,965590.2863036348
2026-07-22 11:00:00+03:00,965590.2863036348
2026-07-22 11:05:00+03:00,965590.2863036348
2026-07-22 11:10:00+03:00,965590.2863036348
2026-07-22 11:15:00+03:00,965590.2863036348
2026-07-22 11:20:00+03:00,965590.2863036348
2026-07-22 11:25:00+03:00,965590.2863036348
2026-07-22 11:30:00+03:00,965590.2863036348
2026-07-22 11:35:00+03:00,965590.2863036348
2026-07-22 11:40:00+03:00,965590.2863036348
2026-07-22 11:45:00+03:00,965590.2863036348
2026-07-22 11:50:00+03:00,965590.2863036348
2026-07-22 11:55:00+03:00,965590.2863036348
2026-07-22 12:00:00+03:00,965590.2863036348
2026-07-22 12:05:00+03:00,965590.2863036348
2026-07-22 12:10:00+03:00,965590.2863036348
2026-07-22 12:15:00+03:00,965590.2863036348
2026-07-22 12:20:00+03:00,965590.2863036348
2026-07-22 12:25:00+03:00,965590.2863036348
2026-07-22 12:30:00+03:00,965590.2863036348
2026-07-22 12:35:00+03:00,965590.2863036348
2026-07-22 12:40:00+03:00,965590.2863036348
2026-07-22 12:45:00+03:00,965590.2863036348
2026-07-22 12:50:00+03:00,965590.2863036348
2026-07-22 12:55:00+03:00,965590.2863036348
2026-07-22 13:00:00+03:00,965590.2863036348
2026-07-22 13:05:00+03:00,965590.2863036348
2026-07-22 13:10:00+03:00,965590.2863036348
2026-07-22 13:15:00+03:00,965590.2863036348
2026-07-22 13:20:00+03:00,965590.2863036348
2026-07-22 13:25:00+03:00,965590.2863036348
2026-07-22 13:30:00+03:00,965590.2863036348
2026-07-22 13:35:00+03:00,965590.2863036348
2026-07-22 13:40:00+03:00,965590.2863036348
2026-07-22 13:45:00+03:00,965590.2863036348
2026-07-22 13:50:00+03:00,965590.2863036348
2026-07-22 13:55:00+03:00,965590.2863036348
2026-07-22 14:00:00+03:00,965590.2863036348
2026-07-22 14:05:00+03:00,965590.2863036348
2026-07-22 14:10:00+03:00,965590.2863036348
2026-07-22 14:15:00+03:00,965590.2863036348
2026-07-22 14:20:00+03:00,965590.2863036348
2026-07-22 14:25:00+03:00,965590.2863036348
2026-07-22 14:30:00+03:00,965590.2863036348
2026-07-22 14:35:00+03:00,965590.2863036348
2026-07-22 14:40:00+03:00,965590.2863036348
2026-07-22 14:45:00+03:00,965590.2863036348
2026-07-22 14:50:00+03:00,965590.2863036348
2026-07-22 14:55:00+03:00,965590.2863036348
2026-07-22 15:00:00+03:00,965590.2863036348
2026-07-22 15:05:00+03:00,965590.2863036348
2026-07-22 15:10:00+03:00,965590.2863036348
2026-07-22 15:15:00+03:00,965590.2863036348
2026-07-22 15:20:00+03:00,965590.2863036348
2026-07-22 15:25:00+03:00,965590.2863036348
2026-07-22 15:30:00+03:00,965590.2863036348
2026-07-22 15:35:00+03:00,965590.2863036348
2026-07-22 15:40:00+03:00,965590.2863036348
2026-07-22 15:45:00+03:00,965590.2863036348
2026-07-22 15:50:00+03:00,965590.2863036348
2026-07-22 15:55:00+03:00,965590.2863036348
2026-07-22 16:00:00+03:00,965590.2863036348
2026-07-22 16:05:00+03:00,965590.2863036348
2026-07-22 16:10:00+03:00,965590.2863036348
2026-07-22 16:15:00+03:00,965590.2863036348
2026-07-22 16:20:00+03:00,965590.2863036348
2026-07-22 16:25:00+03:00,965590.2863036348
2026-07-22 16:30:00+03:00,965590.2863036348
2026-07-22 16:35:00+03:00,965590.2863036348
2026-07-22 16:40:00+03:00,965590.2863036348
2026-07-22 16:45:00+03:00,965590.2863036348
2026-07-22 16:50:00+03:00,965590.2863036348
2026-07-22 16:55:00+03:00,965590.2863036348
2026-07-22 17:00:00+03:00,965590.2863036348
2026-07-22 17:05:00+03:00,965590.2863036348
2026-07-22 17:10:00+03:00,965590.2863036348
2026-07-22 17:15:00+03:00,965590.2863036348
2026-07-22 17:20:00+03:00,965590.2863036348
2026-07-22 17:25:00+03:00,965590.2863036348
2026-07-22 17:30:00+03:00,965590.2863036348
2026-07-22 17:35:00+03:00,965590.2863036348
2026-07-22 17:40:00+03:00,965590.2863036348
2026-07-22 17:45:00+03:00,965590.2863036348
2026-07-22 17:50:00+03:00,965590.2863036348
2026-07-22 17:55:00+03:00,965590.2863036348
2026-07-23 09:55:00+03:00,965590.2863036348
2026-07-23 10:00:00+03:00,965590.2863036348
2026-07-23 10:05:00+03:00,965590.2863036348
2026-07-23 10:10:00+03:00,965590.2863036348
2026-07-23 10:15:00+03:00,965590.2863036348
2026-07-23 10:20:00+03:00,965590.2863036348
2026-07-23 10:25:00+03:00,965590.2863036348
2026-07-23 10:30:00+03:00,965590.2863036348
2026-07-23 10:35:00+03:00,965590.2863036348
2026-07-23 10:40:00+03:00,965590.2863036348
2026-07-23 10:45:00+03:00,965590.2863036348
2026-07-23 10:50:00+03:00,965590.2863036348
2026-07-23 10:55:00+03:00,965590.2863036348
2026-07-23 11:00:00+03:00,965590.2863036348
2026-07-23 11:05:00+03:00,965590.2863036348
2026-07-23 11:10:00+03:00,965590.2863036348
2026-07-23 11:15:00+03:00,965590.2863036348
2026-07-23 11:20:00+03:00,965590.2863036348
2026-07-23 11:25:00+03:00,965590.2863036348
2026-07-23 11:30:00+03:00,965590.2863036348
2026-07-23 11:35:00+03:00,965590.2863036348
2026-07-23 11:40:00+03:00,965590.2863036348
2026-07-23 11:45:00+03:00,965590.2863036348
2026-07-23 11:50:00+03:00,965590.2863036348
2026-07-23 11:55:00+03:00,965590.2863036348
2026-07-23 12:00:00+03:00,965590.2863036348
2026-07-23 12:05:00+03:00,965590.2863036348
2026-07-23 12:10:00+03:00,965590.2863036348
2026-07-23 12:15:00+03:00,965590.2863036348
2026-07-23 12:20:00+03:00,965590.2863036348
2026-07-23 12:25:00+03:00,965590.2863036348
2026-07-23 12:30:00+03:00,965590.2863036348
2026-07-23 12:35:00+03:00,965590.2863036348
2026-07-23 12:40:00+03:00,965590.2863036348
2026-07-23 12:45:00+03:00,965590.2863036348
2026-07-23 12:50:00+03:00,965590.2863036348
2026-07-23 12:55:00+03:00,965590.2863036348
2026-07-23 13:00:00+03:00,965590.2863036348
2026-07-23 13:05:00+03:00,965590.2863036348
2026-07-23 13:10:00+03:00,965590.2863036348
2026-07-23 13:15:00+03:00,965590.2863036348
2026-07-23 13:20:00+03:00,965590.2863036348
2026-07-23 13:25:00+03:00,965590.2863036348
2026-07-23 13:30:00+03:00,965590.2863036348
2026-07-23 13:35:00+03:00,965590.2863036348
2026-07-23 13:40:00+03:00,965590.2863036348
2026-07-23 13:45:00+03:00,965590.2863036348
2026-07-23 13:50:00+03:00,965590.2863036348
2026-07-23 13:55:00+03:00,965590.2863036348
2026-07-23 14:00:00+03:00,965590.2863036348
2026-07-23 14:05:00+03:00,965590.2863036348
2026-07-23 14:10:00+03:00,965590.2863036348
2026-07-23 14:15:00+03:00,965590.2863036348
2026-07-23 14:20:00+03:00,965590.2863036348
2026-07-23 14:25:00+03:00,965590.2863036348
2026-07-23 14:30:00+03:00,965590.2863036348
2026-07-23 14:35:00+03:00,965590.2863036348
2026-07-23 14:40:00+03:00,965590.2863036348
2026-07-23 14:45:00+03:00,965590.2863036348
2026-07-23 14:50:00+03:00,965590.2863036348
2026-07-23 14:55:00+03:00,965590.2863036348
2026-07-23 15:00:00+03:00,965590.2863036348
2026-07-23 15:05:00+03:00,965590.2863036348
2026-07-23 15:10:00+03:00,965590.2863036348
2026-07-23 15:15:00+03:00,965590.2863036348
2026-07-23 15:20:00+03:00,965590.2863036348
2026-07-23 15:25:00+03:00,965590.2863036348
2026-07-23 15:30:00+03:00,965590.2863036348
2026-07-23 15:35:00+03:00,965590.2863036348
2026-07-23 15:40:00+03:00,965590.2863036348
2026-07-23 15:45:00+03:00,965590.2863036348
2026-07-23 15:50:00+03:00,965590.2863036348
2026-07-23 15:55:00+03:00,965590.2863036348
2026-07-23 16:00:00+03:00,965590.2863036348
2026-07-23 16:05:00+03:00,965590.2863036348
2026-07-23 16:10:00+03:00,965590.2863036348
2026-07-23 16:15:00+03:00,965590.2863036348
2026-07-23 16:20:00+03:00,965590.2863036348
2026-07-23 16:25:00+03:00,965590.2863036348
2026-07-23 16:30:00+03:00,965590.2863036348
2026-07-23 16:35:00+03:00,965590.2863036348
2026-07-23 16:40:00+03:00,965590.2863036348
2026-07-23 16:45:00+03:00,965590.2863036348
2026-07-23 16:50:00+03:00,965590.2863036348
2026-07-23 16:55:00+03:00,965590.2863036348
2026-07-23 17:00:00+03:00,965590.2863036348
2026-07-23 17:05:00+03:00,965590.2863036348
2026-07-23 17:10:00+03:00,965590.2863036348
2026-07-23 17:15:00+03:00,965590.2863036348
2026-07-23 17:20:00+03:00,965590.2863036348
2026-07-23 17:25:00+03:00,965590.2863036348
2026-07-23 17:30:00+03:00,965590.2863036348
2026-07-23 17:35:00+03:00,965590.2863036348
2026-07-23 17:40:00+03:00,965590.2863036348
2026-07-23 17:45:00+03:00,965590.2863036348
2026-07-23 17:50:00+03:00,965590.2863036348
2026-07-23 17:55:00+03:00,965590.2863036348
2026-07-24 09:55:00+03:00,965590.2863036348
2026-07-24 10:00:00+03:00,965590.2863036348
2026-07-24 10:05:00+03:00,965590.2863036348
2026-07-24 10:10:00+03:00,965590.2863036348
2026-07-24 10:15:00+03:00,965590.2863036348
2026-07-24 10:20:00+03:00,965590.2863036348
2026-07-24 10:25:00+03:00,965590.2863036348
2026-07-24 10:30:00+03:00,965590.2863036348
2026-07-24 10:35:00+03:00,965590.2863036348
2026-07-24 10:40:00+03:00,965590.2863036348
2026-07-24 10:45:00+03:00,965590.2863036348
2026-07-24 10:50:00+03:00,965590.2863036348
2026-07-24 10:55:00+03:00,965590.2863036348
2026-07-24 11:00:00+03:00,965590.2863036348
2026-07-24 11:05:00+03:00,965590.2863036348
2026-07-24 11:10:00+03:00,965590.2863036348
2026-07-24 11:15:00+03:00,965590.2863036348
2026-07-24 11:20:00+03:00,965590.2863036348
2026-07-24 11:25:00+03:00,965590.2863036348
2026-07-24 11:30:00+03:00,965590.2863036348
2026-07-24 11:35:00+03:00,965590.2863036348
2026-07-24 11:40:00+03:00,965590.2863036348
2026-07-24 11:45:00+03:00,965590.2863036348
2026-07-24 11:50:00+03:00,965590.2863036348
2026-07-24 11:55:00+03:00,965590.2863036348
2026-07-24 12:00:00+03:00,965590.2863036348
2026-07-24 12:05:00+03:00,965590.2863036348
2026-07-24 12:10:00+03:00,965590.2863036348
2026-07-24 12:15:00+03:00,965590.2863036348
2026-07-24 12:20:00+03:00,965590.2863036348
2026-07-24 12:25:00+03:00,965590.2863036348
2026-07-24 12:30:00+03:00,965590.2863036348
2026-07-24 12:35:00+03:00,965590.2863036348
2026-07-24 12:40:00+03:00,965590.2863036348
2026-07-24 12:45:00+03:00,965590.2863036348
2026-07-24 12:50:00+03:00,965590.2863036348
2026-07-24 12:55:00+03:00,965590.2863036348
2026-07-24 13:00:00+03:00,965590.2863036348
2026-07-24 13:05:00+03:00,965590.2863036348
2026-07-24 13:10:00+03:00,965590.2863036348
2026-07-24 13:15:00+03:00,965590.2863036348
2026-07-24 13:20:00+03:00,965590.2863036348
2026-07-24 13:25:00+03:00,965590.2863036348
2026-07-24 13:30:00+03:00,965590.2863036348
2026-07-24 13:35:00+03:00,965590.2863036348
2026-07-24 13:40:00+03:00,965590.2863036348
2026-07-24 13:45:00+03:00,965590.2863036348
2026-07-24 13:50:00+03:00,965590.2863036348
2026-07-24 13:55:00+03:00,965590.2863036348
2026-07-24 14:00:00+03:00,965590.2863036348
2026-07-24 14:05:00+03:00,965590.2863036348
2026-07-24 14:10:00+03:00,965590.2863036348
2026-07-24 14:15:00+03:00,965590.2863036348
2026-07-24 14:20:00+03:00,965590.2863036348
2026-07-24 14:25:00+03:00,965590.2863036348
2026-07-24 14:30:00+03:00,965590.2863036348
2026-07-24 14:35:00+03:00,965590.2863036348
2026-07-24 14:40:00+03:00,965590.2863036348
2026-07-24 14:45:00+03:00,965590.2863036348
2026-07-24 14:50:00+03:00,965590.2863036348
2026-07-24 14:55:00+03:00,965590.2863036348
2026-07-24 15:00:00+03:00,965590.2863036348
2026-07-24 15:05:00+03:00,965590.2863036348
2026-07-24 15:10:00+03:00,965590.2863036348
2026-07-24 15:15:00+03:00,965590.2863036348
2026-07-24 15:20:00+03:00,965590.2863036348
2026-07-24 15:25:00+03:00,965590.2863036348
2026-07-24 15:30:00+03:00,965590.2863036348
2026-07-24 15:35:00+03:00,965590.2863036348
2026-07-24 15:40:00+03:00,965590.2863036348
2026-07-24 15:45:00+03:00,965590.2863036348
2026-07-24 15:50:00+03:00,965590.2863036348
2026-07-24 15:55:00+03:00,965590.2863036348
2026-07-24 16:00:00+03:00,965590.2863036348
2026-07-24 16:05:00+03:00,965590.2863036348
2026-07-24 16:10:00+03:00,965590.2863036348
2026-07-24 16:15:00+03:00,965590.2863036348
2026-07-24 16:20:00+03:00,965590.2863036348
2026-07-24 16:25:00+03:00,965590.2863036348
2026-07-24 16:30:00+03:00,965590.2863036348
2026-07-24 16:35:00+03:00,965590.2863036348
2026-07-24 16:40:00+03:00,965590.2863036348
2026-07-24 16:45:00+03:00,965590.2863036348
2026-07-24 16:50:00+03:00,965590.2863036348
2026-07-24 16:55:00+03:00,965590.2863036348
2026-07-24 17:00:00+03:00,965590.2863036348
2026-07-24 17:05:00+03:00,965590.2863036348
2026-07-24 17:10:00+03:00,965590.2863036348
2026-07-24 17:15:00+03:00,965590.2863036348
2026-07-24 17:20:00+03:00,965590.2863036348
2026-07-24 17:25:00+03:00,965590.2863036348
2026-07-24 17:30:00+03:00,965590.2863036348
2026-07-24 17:35:00+03:00,965590.2863036348
2026-07-24 17:40:00+03:00,965590.2863036348
2026-07-24 17:45:00+03:00,965590.2863036348
2026-07-24 17:50:00+03:00,965590.2863036348
2026-07-24 17:55:00+03:00,965590.2863036348
2026-07-27 09:55:00+03:00,965590.2863036348
2026-07-27 10:00:00+03:00,965590.2863036348
2026-07-27 10:05:00+03:00,965590.2863036348
2026-07-27 10:10:00+03:00,965590.2863036348
2026-07-27 10:15:00+03:00,965590.2863036348
2026-07-27 10:20:00+03:00,965590.2863036348
2026-07-27 10:25:00+03:00,965590.2863036348
2026-07-27 10:30:00+03:00,965590.2863036348
2026-07-27 10:35:00+03:00,965590.2863036348
2026-07-27 10:40:00+03:00,965590.2863036348
2026-07-27 10:45:00+03:00,965590.2863036348
2026-07-27 10:50:00+03:00,965590.2863036348
2026-07-27 10:55:00+03:00,965590.2863036348
2026-07-27 11:00:00+03:00,965590.2863036348
2026-07-27 11:05:00+03:00,965590.2863036348
2026-07-27 11:10:00+03:00,965590.2863036348
2026-07-27 11:15:00+03:00,965590.2863036348
2026-07-27 11:20:00+03:00,965590.2863036348
2026-07-27 11:25:00+03:00,965590.2863036348
2026-07-27 11:30:00+03:00,965590.2863036348
2026-07-27 11:35:00+03:00,965590.2863036348
2026-07-27 11:40:00+03:00,965590.2863036348
2026-07-27 11:45:00+03:00,965590.2863036348
2026-07-27 11:50:00+03:00,965590.2863036348
2026-07-27 11:55:00+03:00,965590.2863036348
2026-07-27 12:00:00+03:00,965590.2863036348
2026-07-27 12:05:00+03:00,965590.2863036348
2026-07-27 12:10:00+03:00,965590.2863036348
2026-07-27 12:15:00+03:00,965590.2863036348
2026-07-27 12:20:00+03:00,965590.2863036348
2026-07-27 12:25:00+03:00,965590.2863036348
2026-07-27 12:30:00+03:00,965590.2863036348
2026-07-27 12:35:00+03:00,965590.2863036348
2026-07-27 12:40:00+03:00,965590.2863036348
2026-07-27 12:45:00+03:00,965590.2863036348
2026-07-27 12:50:00+03:00,965590.2863036348
2026-07-27 12:55:00+03:00,965590.2863036348
2026-07-27 13:00:00+03:00,965590.2863036348
2026-07-27 13:05:00+03:00,965590.2863036348
2026-07-27 13:10:00+03:00,965590.2863036348
2026-07-27 13:15:00+03:00,965590.2863036348
2026-07-27 13:20:00+03:00,965590.2863036348
2026-07-27 13:25:00+03:00,965590.2863036348
2026-07-27 13:30:00+03:00,965590.2863036348
2026-07-27 13:35:00+03:00,965590.2863036348
2026-07-27 13:40:00+03:00,965590.2863036348
2026-07-27 13:45:00+03:00,965590.2863036348
2026-07-27 13:50:00+03:00,965590.2863036348
2026-07-27 13:55:00+03:00,965590.2863036348
2026-07-27 14:00:00+03:00,965590.2863036348
2026-07-27 14:05:00+03:00,965590.2863036348
2026-07-27 14:10:00+03:00,965590.2863036348
2026-07-27 14:15:00+03:00,965590.2863036348
2026-07-27 14:20:00+03:00,965590.2863036348
2026-07-27 14:25:00+03:00,965590.2863036348
2026-07-27 14:30:00+03:00,965590.2863036348
2026-07-27 14:33:53+03:00,965590.2863036348
2026-07-27 14:34:00+03:00,965590.2863036348
2026-07-27 14:34:05+03:00,965590.2863036348
2026-07-27 14:34:07+03:00,965590.2863036348
2026-07-27 14:34:09+03:00,965590.2863036348
2026-07-27 14:34:10+03:00,965590.2863036348
2026-07-27 14:34:11+03:00,965590.2863036348
