Date,boosting_probability,logistic_probability,random_forest_probability
2026-05-07 09:55:00+03:00,0.1710948980786978,3.6861040864644154e-11,0.0
2026-05-07 10:00:00+03:00,0.1710948980786978,2.3499269009011625e-06,0.0
2026-05-07 10:05:00+03:00,0.1710948980786978,3.0644043576637217e-09,0.0
2026-05-07 10:10:00+03:00,0.1710948980786978,2.3530013363488386e-06,0.0
2026-05-07 10:15:00+03:00,0.1710948980786978,3.6722736086580206e-08,0.0
2026-05-07 10:20:00+03:00,0.1710948980786978,4.058277827224242e-09,0.0
2026-05-07 10:25:00+03:00,0.1710948980786978,7.959439622963268e-09,0.0
2026-05-07 10:30:00+03:00,0.1710948980786978,2.865829195592044e-08,0.0
2026-05-07 10:35:00+03:00,0.1710948980786978,5.590474870091573e-13,0.022876486882004915
2026-05-07 10:40:00+03:00,0.1710948980786978,5.0520897746832344e-11,0.016647282927853887
2026-05-07 10:45:00+03:00,0.1710948980786978,7.969443842298899e-09,0.006249081019236003
2026-05-07 10:50:00+03:00,0.1710948980786978,1.0705607643901571e-08,0.002155875834676492
2026-05-07 10:55:00+03:00,0.1710948980786978,1.2534460980536398e-07,0.002155875834676492
2026-05-07 11:00:00+03:00,0.1710948980786978,1.6500194697086541e-06,0.0
2026-05-07 11:05:00+03:00,0.1710948980786978,3.495609044884359e-09,0.0
2026-05-07 11:10:00+03:00,0.1710948980786978,3.5301518452540844e-08,0.0
2026-05-07 11:15:00+03:00,0.1710948980786978,8.026472359311132e-10,0.0
2026-05-07 11:20:00+03:00,0.17056973897761885,2.065484540160764e-08,0.011114838772658085
2026-05-07 11:25:00+03:00,0.1710948980786978,1.790597166619005e-08,0.0
2026-05-07 11:30:00+03:00,0.1710948980786978,2.908021220244078e-09,0.0
2026-05-07 11:35:00+03:00,0.1710948980786978,5.5007147397142906e-11,0.0
2026-05-07 11:40:00+03:00,0.1710948980786978,1.0288843146811605e-08,0.0
2026-05-07 11:45:00+03:00,0.1710948980786978,1.4559781169811883e-10,0.0
2026-05-07 11:50:00+03:00,0.1710948980786978,5.873628841102467e-10,0.0
2026-05-07 11:55:00+03:00,0.1710948980786978,8.84291977756089e-10,0.0
2026-05-07 12:00:00+03:00,0.1710948980786978,6.493757719242385e-08,0.0
2026-05-07 12:05:00+03:00,0.1710948980786978,1.1379921482550757e-09,0.0
2026-05-07 12:10:00+03:00,0.1710948980786978,6.32012598096322e-11,0.0
2026-05-07 12:15:00+03:00,0.1710948980786978,2.5676564502856614e-10,0.0
2026-05-07 12:20:00+03:00,0.1710948980786978,3.7842300355680786e-11,0.0
2026-05-07 12:25:00+03:00,0.1710948980786978,5.218422176344597e-09,0.0
2026-05-07 12:30:00+03:00,0.1710948980786978,1.1856885310656092e-09,0.0
2026-05-07 12:35:00+03:00,0.1710948980786978,3.7961665169471654e-08,0.0
2026-05-07 12:40:00+03:00,0.1710948980786978,6.754397364588522e-08,0.0
2026-05-07 12:45:00+03:00,0.1710948980786978,6.888805419116226e-08,0.0
2026-05-07 12:50:00+03:00,0.1710948980786978,2.5970915131473797e-09,0.0
2026-05-07 12:55:00+03:00,0.1710948980786978,1.4707906954983703e-08,0.0
2026-05-07 13:00:00+03:00,0.1710948980786978,2.3026416016531796e-07,0.002091622887704591
2026-05-07 13:05:00+03:00,0.1710948980786978,4.387782530233001e-08,0.0
2026-05-07 13:10:00+03:00,0.1710948980786978,7.827275747298144e-09,0.0
2026-05-07 13:15:00+03:00,0.1710948980786978,6.194245307167148e-07,0.002091622887704591
2026-05-07 13:20:00+03:00,0.1710948980786978,3.9685391437192836e-08,0.0
2026-05-07 13:25:00+03:00,0.1710948980786978,6.969310403597392e-09,0.0017092537516743475
2026-05-07 13:30:00+03:00,0.1710948980786978,1.4378998043863825e-08,0.0
2026-05-07 13:35:00+03:00,0.1710948980786978,2.8501164559878233e-07,0.012100943339058014
2026-05-07 13:40:00+03:00,0.1710948980786978,3.975915644601933e-07,0.0
2026-05-07 13:45:00+03:00,0.1710948980786978,5.86961832677652e-08,0.0
2026-05-07 13:50:00+03:00,0.1710948980786978,1.188819282358467e-07,0.0
2026-05-07 13:55:00+03:00,0.1710948980786978,3.6340166503765414e-08,0.0
2026-05-07 14:00:00+03:00,0.1710948980786978,1.9173666048509476e-10,0.0
2026-05-07 14:05:00+03:00,0.1710948980786978,4.932317495497495e-11,0.0
2026-05-07 14:10:00+03:00,0.1710948980786978,2.0426416640443806e-10,0.0
2026-05-07 14:15:00+03:00,0.1710948980786978,1.5707517013935593e-09,0.0
2026-05-07 14:20:00+03:00,0.1710948980786978,1.289005701268241e-11,0.0
2026-05-07 14:25:00+03:00,0.1710948980786978,4.332075870013405e-12,0.0
2026-05-07 14:30:00+03:00,0.1710948980786978,3.7367725097719506e-11,0.0
2026-05-07 14:35:00+03:00,0.1710948980786978,2.7868711652575786e-11,0.0
2026-05-07 14:40:00+03:00,0.1710948980786978,1.3790194360798119e-12,0.0
2026-05-07 14:45:00+03:00,0.1710948980786978,2.7076078813296975e-12,0.0
2026-05-07 14:50:00+03:00,0.1710948980786978,6.824930484550652e-10,0.004129268058298769
2026-05-07 14:55:00+03:00,0.1710948980786978,2.833136837927702e-07,0.0
2026-05-07 15:00:00+03:00,0.1710948980786978,7.207526171133149e-08,0.0
2026-05-07 15:05:00+03:00,0.1710948980786978,1.8411898837640576e-08,0.0
2026-05-07 15:10:00+03:00,0.1710948980786978,3.4470256226025513e-08,0.0
2026-05-07 15:15:00+03:00,0.1710948980786978,9.015886482880886e-08,0.0
2026-05-07 15:20:00+03:00,0.1710948980786978,8.505936480255238e-11,0.0
2026-05-07 15:25:00+03:00,0.1710948980786978,1.838599916592265e-13,0.014525109963385794
2026-05-07 15:30:00+03:00,0.1710948980786978,3.022656314346965e-12,0.0
2026-05-07 15:35:00+03:00,0.1710948980786978,2.8264663812659955e-13,0.0
2026-05-07 15:40:00+03:00,0.1710948980786978,1.9899652478626295e-12,0.0
2026-05-07 15:45:00+03:00,0.1710948980786978,4.2166827510197654e-13,0.0
2026-05-07 15:50:00+03:00,0.1710948980786978,2.5185669661471065e-13,0.0
2026-05-07 15:55:00+03:00,0.1710948980786978,1.2337210300713681e-12,0.0
2026-05-07 16:00:00+03:00,0.1710948980786978,4.817678933005639e-14,0.0
2026-05-07 16:05:00+03:00,0.1710948980786978,3.078468364439448e-12,0.0
2026-05-07 16:10:00+03:00,0.1710948980786978,3.3655304435442434e-11,0.0
2026-05-07 16:15:00+03:00,0.1710948980786978,3.690964693908605e-11,0.0
2026-05-07 16:20:00+03:00,0.1710948980786978,8.204664166632622e-13,0.0
2026-05-07 16:25:00+03:00,0.1710948980786978,8.262039444502708e-12,0.0
2026-05-07 16:30:00+03:00,0.1710948980786978,1.9946529026541695e-11,0.0
2026-05-07 16:35:00+03:00,0.1710948980786978,3.5191756634433493e-09,0.0
2026-05-07 16:40:00+03:00,0.1710948980786978,6.591947223127095e-10,0.0
2026-05-07 16:45:00+03:00,0.1710948980786978,2.485122392051144e-09,0.0
2026-05-07 16:50:00+03:00,0.1710948980786978,1.0509076599620873e-07,0.002091622887704591
2026-05-07 16:55:00+03:00,0.1710948980786978,4.4994274867125e-09,0.0
2026-05-07 17:00:00+03:00,0.1710948980786978,5.3120905898165477e-08,0.002091622887704591
2026-05-07 17:05:00+03:00,0.1710948980786978,6.381375643908146e-10,0.0
2026-05-07 17:10:00+03:00,0.1710948980786978,1.4403702005538908e-11,0.0
2026-05-07 17:15:00+03:00,0.1710948980786978,7.253512318230262e-11,0.0
2026-05-07 17:20:00+03:00,0.1710948980786978,6.028326322632892e-14,0.004129268058298769
2026-05-07 17:25:00+03:00,0.1710948980786978,3.472002743763789e-12,0.0
2026-05-07 17:30:00+03:00,0.1710948980786978,4.2022695434495824e-10,0.0
2026-05-07 17:35:00+03:00,0.1710948980786978,1.7762880446179809e-09,0.0
2026-05-07 17:40:00+03:00,0.1710948980786978,3.163147551167097e-07,0.0
2026-05-07 17:45:00+03:00,0.1710948980786978,1.754976601712374e-07,0.004169483862955396
2026-05-07 17:50:00+03:00,0.1710948980786978,5.46364865912157e-07,0.0
2026-05-07 17:55:00+03:00,0.1710948980786978,9.204275252376003e-08,0.0
2026-05-08 09:55:00+03:00,0.26929428108804965,0.009836529910691682,0.3722282196252004
2026-05-08 10:00:00+03:00,0.5221236546957548,0.27503636039206864,0.8390744487970102
2026-05-08 10:05:00+03:00,0.26929428108804965,0.003411656140700186,0.29122589712472746
2026-05-08 10:10:00+03:00,0.26929428108804965,0.00013219894406987773,0.4757158910338072
2026-05-08 10:15:00+03:00,0.7959064764981774,0.9107467677271771,0.9413988420801402
2026-05-08 10:20:00+03:00,0.8215180025484221,0.9876155561356638,0.9760640262863284
2026-05-08 10:25:00+03:00,0.8215180025484221,0.9970400327784461,0.9811266289373267
2026-05-08 10:30:00+03:00,0.8223136498747551,0.9969010729694181,0.9844484217587015
2026-05-08 10:35:00+03:00,0.8223136498747551,0.9967979429357621,0.9867823241160829
2026-05-08 10:40:00+03:00,0.8223136498747551,0.9973377521347323,0.984371044539483
2026-05-08 10:45:00+03:00,0.1710948980786978,0.00046911861552275134,0.1963316448438027
2026-05-08 10:50:00+03:00,0.1710948980786978,2.758853010441976e-06,0.08244780716816592
2026-05-08 10:55:00+03:00,0.1710948980786978,9.871400742777838e-10,0.14777270354171698
2026-05-08 11:00:00+03:00,0.1710948980786978,1.3148116799650847e-09,0.14564757251113536
2026-05-08 11:05:00+03:00,0.1710948980786978,5.358073925188993e-09,0.05194229261279438
2026-05-08 11:10:00+03:00,0.1710948980786978,3.804091602350303e-09,0.02954795640983334
2026-05-08 11:15:00+03:00,0.1710948980786978,9.792529503509078e-10,0.027382104084602663
2026-05-08 11:20:00+03:00,0.1710948980786978,1.0977899321075062e-10,0.012405583112252226
2026-05-08 11:25:00+03:00,0.1710948980786978,3.412346683969415e-11,0.012405583112252226
2026-05-08 11:30:00+03:00,0.1710948980786978,1.6538604811488234e-09,0.012386130356056518
2026-05-08 11:35:00+03:00,0.1710948980786978,7.10742735814113e-09,0.006458750884503439
2026-05-08 11:40:00+03:00,0.1710948980786978,7.94638924759634e-13,0.0020887393407529186
2026-05-08 11:45:00+03:00,0.1710948980786978,2.513114383055287e-13,0.002479366788119687
2026-05-08 11:50:00+03:00,0.1710948980786978,5.806689138474253e-15,0.002479366788119687
2026-05-08 11:55:00+03:00,0.1710948980786978,8.083760015527341e-14,0.0
2026-05-08 12:00:00+03:00,0.1710948980786978,2.2399374711244045e-14,0.0
2026-05-08 12:05:00+03:00,0.1710948980786978,2.3553818746501483e-17,0.0
2026-05-08 12:10:00+03:00,0.1710948980786978,6.944906174967113e-16,0.0
2026-05-08 12:15:00+03:00,0.1710948980786978,1.1369879844170286e-14,0.0020887393407529186
2026-05-08 12:20:00+03:00,0.1710948980786978,2.6294478844904506e-12,0.0020887393407529186
2026-05-08 12:25:00+03:00,0.1710948980786978,3.7670319224628556e-12,0.0
2026-05-08 12:30:00+03:00,0.1710948980786978,5.244750404857001e-15,0.0020887393407529186
2026-05-08 12:35:00+03:00,0.1710948980786978,2.401081485953946e-13,0.0020887393407529186
2026-05-08 12:40:00+03:00,0.1710948980786978,1.2470355972391367e-11,0.0020887393407529186
2026-05-08 12:45:00+03:00,0.1710948980786978,1.1859735658009055e-12,0.0
2026-05-08 12:50:00+03:00,0.1710948980786978,1.3071062490213385e-11,0.012891426498420448
2026-05-08 12:55:00+03:00,0.1710948980786978,2.4254917844254104e-10,0.0
2026-05-08 13:00:00+03:00,0.1710948980786978,9.05128308673062e-10,0.0
2026-05-08 13:05:00+03:00,0.1710948980786978,2.0631053448597004e-07,0.0024798951460277487
2026-05-08 13:10:00+03:00,0.1710948980786978,4.3259345567523036e-10,0.0024798951460277487
2026-05-08 13:15:00+03:00,0.1710948980786978,1.0292545162191518e-09,0.0
2026-05-08 13:20:00+03:00,0.1710948980786978,6.961603957926345e-13,0.0
2026-05-08 13:25:00+03:00,0.1710948980786978,1.7421623917226835e-15,0.0
2026-05-08 13:30:00+03:00,0.1710948980786978,3.298690440670931e-16,0.018598246801886136
2026-05-08 13:35:00+03:00,0.1710948980786978,1.273952059969894e-14,0.0
2026-05-08 13:40:00+03:00,0.1710948980786978,3.2785117568754945e-15,0.0
2026-05-08 13:45:00+03:00,0.1710948980786978,9.491582594836088e-16,0.0
2026-05-08 13:50:00+03:00,0.1710948980786978,4.324585584947251e-16,0.0
2026-05-08 13:55:00+03:00,0.1710948980786978,8.051185802342035e-17,0.0
2026-05-08 14:00:00+03:00,0.1710948980786978,3.037632790133835e-15,0.0
2026-05-08 14:05:00+03:00,0.1710948980786978,8.052587272092769e-16,0.0
2026-05-08 14:10:00+03:00,0.1710948980786978,4.8132261980431165e-14,0.0020000120721431276
2026-05-08 14:15:00+03:00,0.1710948980786978,2.354415697399154e-12,0.0
2026-05-08 14:20:00+03:00,0.1710948980786978,1.0491139115789408e-11,0.0
2026-05-08 14:25:00+03:00,0.1710948980786978,2.4276873037875088e-11,0.0
2026-05-08 14:30:00+03:00,0.1710948980786978,8.714849641332935e-11,0.0
2026-05-08 14:35:00+03:00,0.1710948980786978,1.2582324441724763e-08,0.0
2026-05-08 14:40:00+03:00,0.1710948980786978,3.835102104623197e-09,0.0
2026-05-08 14:45:00+03:00,0.1710948980786978,2.6287452167280964e-09,0.0
2026-05-08 14:50:00+03:00,0.1710948980786978,1.0519966045316577e-09,0.0
2026-05-08 14:55:00+03:00,0.1710948980786978,5.305605521085909e-12,0.0
2026-05-08 15:00:00+03:00,0.1710948980786978,1.7248509132657647e-11,0.0
2026-05-08 15:05:00+03:00,0.1710948980786978,1.659986573028128e-10,0.0
2026-05-08 15:10:00+03:00,0.1710948980786978,4.605988358963539e-11,0.0
2026-05-08 15:15:00+03:00,0.1710948980786978,6.8000841383285294e-12,0.0
2026-05-08 15:20:00+03:00,0.1710948980786978,3.905520912990881e-11,0.0
2026-05-08 15:25:00+03:00,0.1710948980786978,5.868598715674201e-11,0.0
2026-05-08 15:30:00+03:00,0.1710948980786978,9.151728767880463e-13,0.0
2026-05-08 15:35:00+03:00,0.1710948980786978,3.010994092124555e-11,0.0
2026-05-08 15:40:00+03:00,0.1710948980786978,3.995541198059519e-11,0.0
2026-05-08 15:45:00+03:00,0.1710948980786978,3.0346387267559833e-11,0.0
2026-05-08 15:50:00+03:00,0.1710948980786978,7.931761209822547e-14,0.0
2026-05-08 15:55:00+03:00,0.1710948980786978,2.403917140714638e-13,0.0
2026-05-08 16:00:00+03:00,0.1710948980786978,7.245546474885144e-12,0.0
2026-05-08 16:05:00+03:00,0.1710948980786978,3.5308637718140286e-12,0.0
2026-05-08 16:10:00+03:00,0.1710948980786978,3.816796096515149e-11,0.0
2026-05-08 16:15:00+03:00,0.1710948980786978,2.897757511516875e-10,0.0
2026-05-08 16:20:00+03:00,0.1710948980786978,8.778138723336288e-10,0.0
2026-05-08 16:25:00+03:00,0.1710948980786978,2.5986876529884183e-11,0.0
2026-05-08 16:30:00+03:00,0.1710948980786978,1.0121529779289214e-11,0.0
2026-05-08 16:35:00+03:00,0.1710948980786978,7.088609539521425e-12,0.028970233538076547
2026-05-08 16:40:00+03:00,0.1710948980786978,6.129216319938437e-14,0.0021078787145679605
2026-05-08 16:45:00+03:00,0.1710948980786978,5.060864638765684e-15,0.0021078787145679605
2026-05-08 16:50:00+03:00,0.1710948980786978,6.119372010109967e-14,0.0021078787145679605
2026-05-08 16:55:00+03:00,0.1710948980786978,1.0327615153750614e-13,0.0
2026-05-08 17:00:00+03:00,0.1710948980786978,2.172572526474362e-14,0.0
2026-05-08 17:05:00+03:00,0.1710948980786978,4.2965869517186336e-13,0.0
2026-05-08 17:10:00+03:00,0.1710948980786978,7.785916820369478e-11,0.0
2026-05-08 17:15:00+03:00,0.1710948980786978,7.419079853073232e-12,0.0
2026-05-08 17:20:00+03:00,0.1710948980786978,2.48412808311944e-10,0.002091622887704591
2026-05-08 17:25:00+03:00,0.1710948980786978,2.417696969516994e-12,0.027173135575718207
2026-05-08 17:30:00+03:00,0.17056973897761885,9.420834201556429e-09,0.03314421367334946
2026-05-08 17:35:00+03:00,0.17056973897761885,2.3900233724838082e-08,0.020428824281795648
2026-05-08 17:40:00+03:00,0.17056973897761885,3.676540880222966e-07,0.004203878407082732
2026-05-08 17:45:00+03:00,0.17056973897761885,3.99005257280645e-07,0.010078172819103054
2026-05-08 17:50:00+03:00,0.17056973897761885,6.878242856001711e-08,0.020328333594501206
2026-05-08 17:55:00+03:00,0.1710948980786978,1.0541056327752204e-07,0.027309877980659605
2026-05-11 09:55:00+03:00,0.735298667085176,0.07460540641452905,0.6041124058627461
2026-05-11 10:00:00+03:00,0.486705441489146,1.2972392861673117e-08,0.18423251578800046
2026-05-11 10:05:00+03:00,0.17056973897761885,1.2332982882556415e-08,0.19399996917899093
2026-05-11 10:10:00+03:00,0.3262539987815391,0.0035334380277513753,0.7175613604804646
2026-05-11 10:15:00+03:00,0.3312776387522069,0.3650971842830003,0.7569135518272806
2026-05-11 10:20:00+03:00,0.29739532102995714,0.6071023307755816,0.8511064692457383
2026-05-11 10:25:00+03:00,0.29739532102995714,0.038831037384532766,0.6097739440825357
2026-05-11 10:30:00+03:00,0.29739532102995714,0.27783558089884297,0.5565448101599175
2026-05-11 10:35:00+03:00,0.29739532102995714,0.14908691142567035,0.5305048511788758
2026-05-11 10:40:00+03:00,0.29739532102995714,0.00015633992838960548,0.5627282456497601
2026-05-11 10:45:00+03:00,0.1710948980786978,8.523394959998675e-05,0.2245992598496362
2026-05-11 10:50:00+03:00,0.1710948980786978,0.00010522954969158432,0.16662006451451106
2026-05-11 10:55:00+03:00,0.1710948980786978,6.576326120424136e-07,0.22935911061148315
2026-05-11 11:00:00+03:00,0.1710948980786978,9.499222333900252e-10,0.02303402397359075
2026-05-11 11:05:00+03:00,0.1710948980786978,1.8069747113517754e-09,0.011966043114911465
2026-05-11 11:10:00+03:00,0.1710948980786978,7.067918873561054e-09,0.010075398359280632
2026-05-11 11:15:00+03:00,0.1710948980786978,2.1219271622474143e-09,0.003801150205947115
2026-05-11 11:20:00+03:00,0.1710948980786978,0.008174667651942335,0.1050436176241462
2026-05-11 11:25:00+03:00,0.1710948980786978,1.0223513018670187e-08,0.0019877820455905344
2026-05-11 11:30:00+03:00,0.1710948980786978,1.6075052703021034e-08,0.0020887393407529186
2026-05-11 11:35:00+03:00,0.1710948980786978,4.743015990550997e-10,0.0
2026-05-11 11:40:00+03:00,0.1710948980786978,2.212746294486047e-09,0.0020887393407529186
2026-05-11 11:45:00+03:00,0.1710948980786978,1.1377119880575838e-07,0.0020887393407529186
2026-05-11 11:50:00+03:00,0.1710948980786978,1.6936544549507876e-09,0.0
2026-05-11 11:55:00+03:00,0.1710948980786978,3.206896274611453e-11,0.0
2026-05-11 12:00:00+03:00,0.1710948980786978,1.4803961832463176e-09,0.0020887393407529186
2026-05-11 12:05:00+03:00,0.1710948980786978,4.884410457471292e-11,0.0020887393407529186
2026-05-11 12:10:00+03:00,0.1710948980786978,1.3060525729884185e-11,0.0
2026-05-11 12:15:00+03:00,0.1710948980786978,1.507572003223101e-11,0.0020887393407529186
2026-05-11 12:20:00+03:00,0.1710948980786978,9.958494250792209e-11,0.0020887393407529186
2026-05-11 12:25:00+03:00,0.1710948980786978,3.227660527866437e-07,0.02062219400896339
2026-05-11 12:30:00+03:00,0.1710948980786978,6.275146782489969e-10,0.0
2026-05-11 12:35:00+03:00,0.1710948980786978,1.9660247385471802e-10,0.0020887393407529186
2026-05-11 12:40:00+03:00,0.1710948980786978,5.11521923851737e-12,0.0
2026-05-11 12:45:00+03:00,0.1710948980786978,1.8419343098985825e-12,0.0
2026-05-11 12:50:00+03:00,0.1710948980786978,3.847122415730551e-10,0.0
2026-05-11 12:55:00+03:00,0.1710948980786978,5.057659964190264e-11,0.0
2026-05-11 13:00:00+03:00,0.1710948980786978,1.1998407672752755e-09,0.0
2026-05-11 13:05:00+03:00,0.1710948980786978,8.788489237035832e-09,0.0
2026-05-11 13:10:00+03:00,0.1710948980786978,2.4906833834037056e-09,0.0
2026-05-11 13:15:00+03:00,0.1710948980786978,7.812305778013782e-08,0.0
2026-05-11 13:20:00+03:00,0.1710948980786978,2.2403494904975862e-10,0.0
2026-05-11 13:25:00+03:00,0.1710948980786978,1.5548356176894068e-10,0.0
2026-05-11 13:30:00+03:00,0.1710948980786978,0.0009277757657609108,0.012401366588849936
2026-05-11 13:35:00+03:00,0.1710948980786978,2.4312734934263694e-08,0.0
2026-05-11 13:40:00+03:00,0.1710948980786978,7.544914547249713e-09,0.0
2026-05-11 13:45:00+03:00,0.1710948980786978,9.925065085092192e-05,0.007937246770641962
2026-05-11 13:50:00+03:00,0.1710948980786978,1.331476837515877e-09,0.0
2026-05-11 13:55:00+03:00,0.1710948980786978,1.531387809621787e-05,0.003673624054683685
2026-05-11 14:00:00+03:00,0.1710948980786978,1.3081676927008174e-09,0.0
2026-05-11 14:05:00+03:00,0.1710948980786978,3.4383607009045505e-05,0.005533623539091314
2026-05-11 14:10:00+03:00,0.1710948980786978,0.0022158638357798093,0.005533623539091314
2026-05-11 14:15:00+03:00,0.1710948980786978,0.0004548232584598811,0.005533623539091314
2026-05-11 14:20:00+03:00,0.1710948980786978,0.01451271024644581,0.016965420081358266
2026-05-11 14:25:00+03:00,0.1710948980786978,0.0008591021183062199,0.003673624054683685
2026-05-11 14:30:00+03:00,0.1710948980786978,0.0002828996712026702,0.003673624054683685
2026-05-11 14:35:00+03:00,0.1710948980786978,8.674911435365075e-05,0.003673624054683685
2026-05-11 14:40:00+03:00,0.1710948980786978,0.003756189108015071,0.009937556669955102
2026-05-11 14:45:00+03:00,0.1710948980786978,0.0002315677503644817,0.014051017381229299
2026-05-11 14:50:00+03:00,0.1710948980786978,0.0002893348153199378,0.014382201372389512
2026-05-11 14:55:00+03:00,0.1710948980786978,0.00043593126985262427,0.07281785131022468
2026-05-11 15:00:00+03:00,0.1710948980786978,6.598470459110899e-05,0.014051017381229299
2026-05-11 15:05:00+03:00,0.1710948980786978,5.888338985963209e-05,0.014051017381229299
2026-05-11 15:10:00+03:00,0.1710948980786978,1.5957305750428925e-05,0.014051017381229299
2026-05-11 15:15:00+03:00,0.1710948980786978,1.059890426746543e-05,0.014051017381229299
2026-05-11 15:20:00+03:00,0.1710948980786978,1.3144903142371147e-06,0.014051017381229299
2026-05-11 15:25:00+03:00,0.1710948980786978,5.5490132972559395e-06,0.014051017381229299
2026-05-11 15:30:00+03:00,0.1710948980786978,4.4411536156856576e-10,0.0
2026-05-11 15:35:00+03:00,0.1710948980786978,9.155930784035797e-09,0.0
2026-05-11 15:40:00+03:00,0.1710948980786978,1.509785048356143e-07,0.0
2026-05-11 15:45:00+03:00,0.1710948980786978,1.1104687011598252e-06,0.012199617825654646
2026-05-11 15:50:00+03:00,0.8050559030055654,0.9883449085437435,0.894884071866207
2026-05-11 15:55:00+03:00,0.1710948980786978,0.0004458668678379917,0.06307396153682437
2026-05-11 16:00:00+03:00,0.1710948980786978,1.1804437735116122e-06,0.0036187556487864746
2026-05-11 16:05:00+03:00,0.1710948980786978,3.4586080142504004e-08,0.0036187556487864746
2026-05-11 16:10:00+03:00,0.1710948980786978,4.7665466737709614e-09,0.0036187556487864746
2026-05-11 16:15:00+03:00,0.1710948980786978,1.4373522037883765e-10,0.0
2026-05-11 16:20:00+03:00,0.1710948980786978,2.25041094713959e-10,0.0
2026-05-11 16:25:00+03:00,0.1710948980786978,6.882887803640546e-12,0.0
2026-05-11 16:30:00+03:00,0.1710948980786978,2.2327515843020316e-12,0.0
2026-05-11 16:35:00+03:00,0.1710948980786978,8.170778350043695e-13,0.0
2026-05-11 16:40:00+03:00,0.1710948980786978,1.390344795115857e-13,0.0
2026-05-11 16:45:00+03:00,0.1710948980786978,2.4438020046454333e-13,0.0
2026-05-11 16:50:00+03:00,0.1710948980786978,1.2009922800087519e-12,0.0
2026-05-11 16:55:00+03:00,0.1710948980786978,3.662782898408716e-12,0.0
2026-05-11 17:00:00+03:00,0.1710948980786978,1.7463080689598212e-11,0.0
2026-05-11 17:05:00+03:00,0.1710948980786978,3.048494836026506e-12,0.0
2026-05-11 17:10:00+03:00,0.1710948980786978,7.094355045514346e-11,0.0
2026-05-11 17:15:00+03:00,0.1710948980786978,7.234731569231001e-11,0.0
2026-05-11 17:20:00+03:00,0.1710948980786978,7.783864235989831e-12,0.0
2026-05-11 17:25:00+03:00,0.1710948980786978,4.44285599237004e-12,0.0
2026-05-11 17:30:00+03:00,0.1710948980786978,9.796685397851596e-12,0.0
2026-05-11 17:35:00+03:00,0.1710948980786978,1.920113575051607e-11,0.0
2026-05-11 17:40:00+03:00,0.1710948980786978,2.725024162640967e-09,0.0
2026-05-11 17:45:00+03:00,0.1710948980786978,6.903020226960385e-08,0.0
2026-05-11 17:50:00+03:00,0.1710948980786978,5.806656573862937e-07,0.0
2026-05-11 17:55:00+03:00,0.1710948980786978,5.470191303251323e-07,0.0
2026-05-12 09:55:00+03:00,0.1710948980786978,4.365993879132499e-07,0.0
2026-05-12 10:00:00+03:00,0.1710948980786978,0.0005082584505696012,0.002088567408017573
2026-05-12 10:05:00+03:00,0.1710948980786978,1.7630239052492105e-05,0.0
2026-05-12 10:10:00+03:00,0.1710948980786978,2.4510413124830682e-12,0.0
2026-05-12 10:15:00+03:00,0.1710948980786978,6.782754265710206e-08,0.0036187556487864746
2026-05-12 10:20:00+03:00,0.1710948980786978,2.4232474082692853e-05,0.0036187556487864746
2026-05-12 10:25:00+03:00,0.1710948980786978,8.8735110037281e-07,0.0036187556487864746
2026-05-12 10:30:00+03:00,0.1710948980786978,7.229568448880565e-10,0.0036187556487864746
2026-05-12 10:35:00+03:00,0.1710948980786978,2.2208281068613816e-12,0.0
2026-05-12 10:40:00+03:00,0.1710948980786978,1.280608570214729e-13,0.0
2026-05-12 10:45:00+03:00,0.1710948980786978,3.5025205763470824e-12,0.0
2026-05-12 10:50:00+03:00,0.1710948980786978,2.0555209043156085e-11,0.0
2026-05-12 10:55:00+03:00,0.1710948980786978,5.3246377389752356e-11,0.0
2026-05-12 11:00:00+03:00,0.1710948980786978,5.922413015670201e-11,0.0
2026-05-12 11:05:00+03:00,0.1710948980786978,5.512997060456229e-13,0.0
2026-05-12 11:10:00+03:00,0.1710948980786978,3.3726919181280806e-13,0.0
2026-05-12 11:15:00+03:00,0.1710948980786978,4.1620867070646253e-13,0.0
2026-05-12 11:20:00+03:00,0.1710948980786978,3.4813914745475136e-12,0.0
2026-05-12 11:25:00+03:00,0.1710948980786978,2.5116405457374195e-12,0.0
2026-05-12 11:30:00+03:00,0.1710948980786978,2.780347398475257e-12,0.0
2026-05-12 11:35:00+03:00,0.1710948980786978,6.06703641245352e-11,0.0
2026-05-12 11:40:00+03:00,0.1710948980786978,2.5418461489440715e-11,0.0
2026-05-12 11:45:00+03:00,0.1710948980786978,7.454877209131087e-12,0.0
2026-05-12 11:50:00+03:00,0.1710948980786978,4.946574005981765e-11,0.0
2026-05-12 11:55:00+03:00,0.1710948980786978,4.0700974875819795e-11,0.0
2026-05-12 12:00:00+03:00,0.1710948980786978,4.946608870825578e-11,0.0
2026-05-12 12:05:00+03:00,0.1710948980786978,1.9371586083011337e-08,0.0
2026-05-12 12:10:00+03:00,0.1710948980786978,3.159223269418251e-07,0.004149244424609638
2026-05-12 12:15:00+03:00,0.1710948980786978,4.94380881964616e-08,0.004149244424609638
2026-05-12 12:20:00+03:00,0.1710948980786978,2.5646373706062272e-05,0.008292705704228373
2026-05-12 12:25:00+03:00,0.1710948980786978,4.949700724415177e-05,0.008292705704228373
2026-05-12 12:30:00+03:00,0.1710948980786978,0.001363801440421793,0.002088567408017573
2026-05-12 12:35:00+03:00,0.1710948980786978,0.0005781183570213447,0.002088567408017573
2026-05-12 12:40:00+03:00,0.1710948980786978,0.00043293260132107255,0.0
2026-05-12 12:45:00+03:00,0.1710948980786978,8.698786883909603e-06,0.0
2026-05-12 12:50:00+03:00,0.1710948980786978,6.955727183055718e-06,0.0
2026-05-12 12:55:00+03:00,0.1710948980786978,0.005198733226075462,0.00630230383667745
2026-05-12 13:00:00+03:00,0.1710948980786978,2.05004432230724e-05,0.00413989208335584
2026-05-12 13:05:00+03:00,0.1710948980786978,4.7516177749098166e-06,0.0
2026-05-12 13:10:00+03:00,0.1710948980786978,1.3806560923570955e-06,0.0
2026-05-12 13:15:00+03:00,0.1710948980786978,3.9736751703952695e-08,0.0
2026-05-12 13:20:00+03:00,0.1710948980786978,8.690606449443352e-08,0.0
2026-05-12 13:25:00+03:00,0.1710948980786978,1.6365651306922096e-07,0.0
2026-05-12 13:30:00+03:00,0.1710948980786978,4.285588735418782e-06,0.0
2026-05-12 13:35:00+03:00,0.1710948980786978,1.552255707007719e-06,0.002089547562351172
2026-05-12 13:40:00+03:00,0.1710948980786978,5.822916880182554e-05,0.002089547562351172
2026-05-12 13:45:00+03:00,0.1710948980786978,4.2544698997701854e-07,0.0
2026-05-12 13:50:00+03:00,0.1710948980786978,2.272041436172628e-07,0.0
2026-05-12 13:55:00+03:00,0.1710948980786978,5.071144335824371e-10,0.0
2026-05-12 14:00:00+03:00,0.1710948980786978,5.42252371464858e-10,0.0
2026-05-12 14:05:00+03:00,0.1710948980786978,2.4572178741034217e-06,0.0
2026-05-12 14:10:00+03:00,0.1710948980786978,2.790915737534101e-11,0.0
2026-05-12 14:15:00+03:00,0.1710948980786978,1.9312754489401428e-11,0.0
2026-05-12 14:20:00+03:00,0.1710948980786978,3.0667044629195355e-10,0.0
2026-05-12 14:25:00+03:00,0.1710948980786978,7.345347306615749e-13,0.0
2026-05-12 14:30:00+03:00,0.1710948980786978,1.664469236050438e-11,0.0
2026-05-12 14:35:00+03:00,0.1710948980786978,1.5480198221922834e-12,0.0
2026-05-12 14:40:00+03:00,0.1710948980786978,2.082246663101442e-11,0.0
2026-05-12 14:45:00+03:00,0.1710948980786978,3.5752351573413677e-12,0.0
2026-05-12 14:50:00+03:00,0.1710948980786978,2.847312390618572e-12,0.0
2026-05-12 14:55:00+03:00,0.1710948980786978,6.670643111617841e-12,0.0
2026-05-12 15:00:00+03:00,0.1710948980786978,4.952937792965516e-12,0.0
2026-05-12 15:05:00+03:00,0.1710948980786978,2.887171872543019e-10,0.0
2026-05-12 15:10:00+03:00,0.1710948980786978,2.2749660872682826e-09,0.0
2026-05-12 15:15:00+03:00,0.1710948980786978,1.0506444351458248e-08,0.0
2026-05-12 15:20:00+03:00,0.1710948980786978,1.1590140927310959e-07,0.0
2026-05-12 15:25:00+03:00,0.1710948980786978,4.1839303339924964e-07,0.0
2026-05-12 15:30:00+03:00,0.1710948980786978,8.80214391084255e-09,0.0
2026-05-12 15:35:00+03:00,0.1710948980786978,6.383614695207635e-08,0.0
2026-05-12 15:40:00+03:00,0.1710948980786978,3.783185233228e-09,0.0
2026-05-12 15:45:00+03:00,0.1710948980786978,2.7109944351083495e-09,0.0
2026-05-12 15:50:00+03:00,0.1710948980786978,2.6394574119592357e-09,0.0
2026-05-12 15:55:00+03:00,0.1710948980786978,2.1310681247657673e-09,0.0
2026-05-12 16:00:00+03:00,0.1710948980786978,3.481754016514232e-08,0.0
2026-05-12 16:05:00+03:00,0.1710948980786978,5.4218705925290215e-08,0.0
2026-05-12 16:10:00+03:00,0.1710948980786978,4.537153099099373e-05,0.07810115292111741
2026-05-12 16:15:00+03:00,0.1710948980786978,3.364016537847849e-06,0.002242650932462334
2026-05-12 16:20:00+03:00,0.1710948980786978,2.3861024603960278e-05,0.0
2026-05-12 16:25:00+03:00,0.1710948980786978,0.0001561371149971507,0.0
2026-05-12 16:30:00+03:00,0.1710948980786978,9.253679445394803e-06,0.0
2026-05-12 16:35:00+03:00,0.1710948980786978,1.7725002717933826e-05,0.0
2026-05-12 16:40:00+03:00,0.1710948980786978,2.356852064246208e-05,0.0
2026-05-12 16:45:00+03:00,0.1710948980786978,7.169914577904384e-05,0.0
2026-05-12 16:50:00+03:00,0.1710948980786978,9.496392870023285e-07,0.0
2026-05-12 16:55:00+03:00,0.1710948980786978,3.7040376327810254e-07,0.0
2026-05-12 17:00:00+03:00,0.1710948980786978,1.466460200449357e-05,0.0
2026-05-12 17:05:00+03:00,0.1710948980786978,1.2085490400925531e-06,0.0
2026-05-12 17:10:00+03:00,0.1710948980786978,0.0001083533754808948,0.0
2026-05-12 17:15:00+03:00,0.1710948980786978,6.979785948085938e-07,0.0
2026-05-12 17:20:00+03:00,0.1710948980786978,2.074393974496201e-06,0.0
2026-05-12 17:25:00+03:00,0.1710948980786978,1.0375650639485113e-06,0.0
2026-05-12 17:30:00+03:00,0.1710948980786978,9.31877168427187e-08,0.0
2026-05-12 17:35:00+03:00,0.1710948980786978,7.208782974044444e-07,0.0
2026-05-12 17:40:00+03:00,0.1710948980786978,1.3004898130276616e-06,0.0
2026-05-12 17:45:00+03:00,0.1710948980786978,8.335258542354401e-06,0.010055980796915664
2026-05-12 17:50:00+03:00,0.1710948980786978,0.0021529495774937437,0.008128440089723155
2026-05-12 17:55:00+03:00,0.1710948980786978,7.841663264528845e-07,0.051678687447637414
2026-05-13 09:55:00+03:00,0.1710948980786978,3.401377081544412e-09,0.0036187556487864746
2026-05-13 10:00:00+03:00,0.1710948980786978,5.927972956955971e-14,0.02010332720361512
2026-05-13 10:05:00+03:00,0.1710948980786978,1.0821120266807266e-11,0.0
2026-05-13 10:10:00+03:00,0.1710948980786978,6.523846635015278e-12,0.0
2026-05-13 10:15:00+03:00,0.1710948980786978,2.02745999948521e-15,0.0
2026-05-13 10:20:00+03:00,0.1710948980786978,3.8083270624444743e-16,0.0
2026-05-13 10:25:00+03:00,0.1710948980786978,2.183011534023337e-15,0.0
2026-05-13 10:30:00+03:00,0.1710948980786978,1.0077615377095526e-14,0.0
2026-05-13 10:35:00+03:00,0.1710948980786978,7.426985563496987e-14,0.0
2026-05-13 10:40:00+03:00,0.1710948980786978,3.571528889936288e-15,0.0
2026-05-13 10:45:00+03:00,0.1710948980786978,3.971382003990778e-15,0.0
2026-05-13 10:50:00+03:00,0.1710948980786978,7.294083383609968e-13,0.0
2026-05-13 10:55:00+03:00,0.1710948980786978,3.358858812816928e-10,0.0
2026-05-13 11:00:00+03:00,0.1710948980786978,1.4418897276170859e-08,0.0
2026-05-13 11:05:00+03:00,0.1710948980786978,1.323478989382194e-08,0.0
2026-05-13 11:10:00+03:00,0.1710948980786978,1.5297010078862828e-10,0.0
2026-05-13 11:15:00+03:00,0.1710948980786978,5.3338646962693225e-11,0.0
2026-05-13 11:20:00+03:00,0.1710948980786978,4.1468085952961957e-10,0.0
2026-05-13 11:25:00+03:00,0.1710948980786978,1.3251445506172047e-08,0.004183955195814411
2026-05-13 11:30:00+03:00,0.1710948980786978,9.109669202262212e-09,0.0
2026-05-13 11:35:00+03:00,0.1710948980786978,5.713667767655987e-06,0.023146560680549336
2026-05-13 11:40:00+03:00,0.1710948980786978,1.6937858901201271e-06,0.018341920966074052
2026-05-13 11:45:00+03:00,0.1710948980786978,1.3410303118506216e-05,0.012098076036427716
2026-05-13 11:50:00+03:00,0.1710948980786978,2.969847292710823e-05,0.010005743728317897
2026-05-13 11:55:00+03:00,0.1710948980786978,0.00117523627479744,0.01038811286434814
2026-05-13 12:00:00+03:00,0.1710948980786978,0.0010945595370303303,0.006233008841969907
2026-05-13 12:05:00+03:00,0.1710948980786978,9.885848694151555e-05,0.008292705704228373
2026-05-13 12:10:00+03:00,0.1710948980786978,8.065699452184324e-05,0.012065440590576362
2026-05-13 12:15:00+03:00,0.1710948980786978,2.639902513204541e-07,0.03321707948563361
2026-05-13 12:20:00+03:00,0.1710948980786978,9.286545294000504e-06,0.020447467219822945
2026-05-13 12:25:00+03:00,0.1710948980786978,2.399932303326361e-07,0.0
2026-05-13 12:30:00+03:00,0.1710948980786978,3.0555180556997044e-06,0.0
2026-05-13 12:35:00+03:00,0.1710948980786978,1.7635818570011545e-09,0.0
2026-05-13 12:40:00+03:00,0.1710948980786978,1.6958166339975219e-09,0.0
2026-05-13 12:45:00+03:00,0.1710948980786978,5.537866321534937e-10,0.0
2026-05-13 12:50:00+03:00,0.1710948980786978,3.712468810314472e-12,0.0
2026-05-13 12:55:00+03:00,0.1710948980786978,7.178076529369247e-13,0.0
2026-05-13 13:00:00+03:00,0.1710948980786978,5.3095069955277664e-14,0.0
2026-05-13 13:05:00+03:00,0.1710948980786978,1.2266762801640207e-16,0.0
2026-05-13 13:10:00+03:00,0.1710948980786978,8.449619468058727e-16,0.020613839613127412
2026-05-13 13:15:00+03:00,0.1710948980786978,1.8139038237167336e-13,0.0
2026-05-13 13:20:00+03:00,0.1710948980786978,2.43076633597612e-11,0.0
2026-05-13 13:25:00+03:00,0.1710948980786978,2.050394091172511e-11,0.0
2026-05-13 13:30:00+03:00,0.1710948980786978,2.8067112541761115e-13,0.0
2026-05-13 13:35:00+03:00,0.1710948980786978,3.021472874236822e-14,0.0
2026-05-13 13:40:00+03:00,0.1710948980786978,1.4123916287730132e-14,0.0
2026-05-13 13:45:00+03:00,0.1710948980786978,5.106657504855067e-14,0.0
2026-05-13 13:50:00+03:00,0.1710948980786978,2.4361247267575114e-11,0.0
2026-05-13 13:55:00+03:00,0.1710948980786978,9.856949367778006e-11,0.0
2026-05-13 14:00:00+03:00,0.1710948980786978,1.3878193702073865e-11,0.0
2026-05-13 14:05:00+03:00,0.1710948980786978,4.574110584745022e-09,0.0
2026-05-13 14:10:00+03:00,0.1710948980786978,3.127265347140612e-07,0.0
2026-05-13 14:15:00+03:00,0.1710948980786978,5.979604659693401e-08,0.0
2026-05-13 14:20:00+03:00,0.1710948980786978,1.9405960294171875e-08,0.0
2026-05-13 14:25:00+03:00,0.1710948980786978,1.4062125533225672e-08,0.0
2026-05-13 14:30:00+03:00,0.1710948980786978,1.1774289790534674e-07,0.0020596968622584658
2026-05-13 14:35:00+03:00,0.1710948980786978,2.3216716981132948e-05,0.004149244424609638
2026-05-13 14:40:00+03:00,0.1710948980786978,2.356118614144056e-07,0.0020596968622584658
2026-05-13 14:45:00+03:00,0.1710948980786978,2.397119900163562e-05,0.0020596968622584658
2026-05-13 14:50:00+03:00,0.1710948980786978,4.525417380801759e-06,0.0
2026-05-13 14:55:00+03:00,0.1710948980786978,1.0157114896515565e-05,0.0
2026-05-13 15:00:00+03:00,0.1710948980786978,9.008341617213455e-09,0.0
2026-05-13 15:05:00+03:00,0.1710948980786978,3.8163321406689174e-08,0.0
2026-05-13 15:10:00+03:00,0.1710948980786978,2.191657253719712e-06,0.02484029951987825
2026-05-13 15:15:00+03:00,0.1710948980786978,6.421273546033351e-06,0.0
2026-05-13 15:20:00+03:00,0.1710948980786978,4.267916014289465e-05,0.002088567408017573
2026-05-13 15:25:00+03:00,0.1710948980786978,0.00042678644277516155,0.0
2026-05-13 15:30:00+03:00,0.1710948980786978,0.005120495436795846,0.04734764175770527
2026-05-13 15:35:00+03:00,0.1710948980786978,0.000784677040938375,0.0
2026-05-13 15:40:00+03:00,0.1710948980786978,0.00023500162142147933,0.045259074349687706
2026-05-13 15:45:00+03:00,0.1710948980786978,0.00043902778726762347,0.0
2026-05-13 15:50:00+03:00,0.1710948980786978,0.0005557877889200951,0.0
2026-05-13 15:55:00+03:00,0.1710948980786978,1.8272249547587134e-05,0.0
2026-05-13 16:00:00+03:00,0.1710948980786978,6.862500990858221e-08,0.0
2026-05-13 16:05:00+03:00,0.1710948980786978,4.7427722311202165e-08,0.0
2026-05-13 16:10:00+03:00,0.1710948980786978,2.9357874371188162e-09,0.0
2026-05-13 16:15:00+03:00,0.1710948980786978,5.784476486568316e-09,0.0
2026-05-13 16:20:00+03:00,0.1710948980786978,6.955402074065123e-10,0.0
2026-05-13 16:25:00+03:00,0.1710948980786978,1.4195299327248392e-10,0.0
2026-05-13 16:30:00+03:00,0.1710948980786978,7.863226261892309e-08,0.0
2026-05-13 16:35:00+03:00,0.1710948980786978,2.6428542871005894e-06,0.0020842389267780844
2026-05-13 16:40:00+03:00,0.1710948980786978,0.0002904874923000162,0.086587456922734
2026-05-13 16:45:00+03:00,0.1710948980786978,5.254314289759575e-07,0.0
2026-05-13 16:50:00+03:00,0.1710948980786978,4.408534206095891e-06,0.0
2026-05-13 16:55:00+03:00,0.1710948980786978,1.3065774072314905e-07,0.0
2026-05-13 17:00:00+03:00,0.1710948980786978,1.4846676576871387e-07,0.0
2026-05-13 17:05:00+03:00,0.1710948980786978,5.845704848009211e-08,0.10296911117762547
2026-05-13 17:10:00+03:00,0.17056973897761885,3.423783953013731e-07,0.14391988737994477
2026-05-13 17:15:00+03:00,0.1710948980786978,5.518765532272253e-06,0.008658228764222235
2026-05-13 17:20:00+03:00,0.1710948980786978,1.8040875288458495e-06,0.004411713068086282
2026-05-13 17:25:00+03:00,0.1710948980786978,3.0784238525160897e-06,0.0
2026-05-13 17:30:00+03:00,0.1710948980786978,1.9064985861397031e-07,0.0
2026-05-13 17:35:00+03:00,0.1710948980786978,1.6248037627666788e-07,0.0
2026-05-13 17:40:00+03:00,0.1710948980786978,1.3744211084956299e-09,0.01037778326867994
2026-05-13 17:45:00+03:00,0.1710948980786978,1.1513850582413399e-08,0.0
2026-05-13 17:50:00+03:00,0.1710948980786978,1.0170424360892966e-08,0.0
2026-05-13 17:55:00+03:00,0.1710948980786978,4.437356823172698e-07,0.00854494825663164
2026-05-14 09:55:00+03:00,0.1710948980786978,4.669500204347944e-06,0.004250381047201303
2026-05-14 10:00:00+03:00,0.1710948980786978,3.250487266608207e-10,0.016484571554828645
2026-05-14 10:05:00+03:00,0.1710948980786978,7.56640308829961e-12,0.0
2026-05-14 10:10:00+03:00,0.1710948980786978,6.631018215603412e-10,0.0
2026-05-14 10:15:00+03:00,0.1710948980786978,3.033061591449668e-11,0.0
2026-05-14 10:20:00+03:00,0.1710948980786978,3.695537487150011e-10,0.0
2026-05-14 10:25:00+03:00,0.1710948980786978,3.0104976935326117e-11,0.0
2026-05-14 10:30:00+03:00,0.1710948980786978,4.655810190208765e-14,0.0
2026-05-14 10:35:00+03:00,0.1710948980786978,9.699423340416939e-15,0.0
2026-05-14 10:40:00+03:00,0.1710948980786978,1.6426767580721674e-15,0.0
2026-05-14 10:45:00+03:00,0.1710948980786978,1.417932516688915e-14,0.0
2026-05-14 10:50:00+03:00,0.1710948980786978,6.584870404348982e-13,0.0
2026-05-14 10:55:00+03:00,0.1710948980786978,1.3083853397366816e-12,0.0
2026-05-14 11:00:00+03:00,0.1710948980786978,8.874407715006453e-12,0.0
2026-05-14 11:05:00+03:00,0.1710948980786978,3.3344757742141286e-11,0.0
2026-05-14 11:10:00+03:00,0.1710948980786978,1.359810108519937e-09,0.0
2026-05-14 11:15:00+03:00,0.1710948980786978,2.6110806992485604e-10,0.0
2026-05-14 11:20:00+03:00,0.1710948980786978,7.83335431440893e-11,0.0
2026-05-14 11:25:00+03:00,0.1710948980786978,1.500447300810494e-10,0.0
2026-05-14 11:30:00+03:00,0.1710948980786978,2.7947496078555406e-12,0.0
2026-05-14 11:35:00+03:00,0.1710948980786978,1.1666705927173753e-10,0.0
2026-05-14 11:40:00+03:00,0.1710948980786978,1.8442837761969676e-11,0.0
2026-05-14 11:45:00+03:00,0.1710948980786978,2.1545683586628007e-11,0.0
2026-05-14 11:50:00+03:00,0.1710948980786978,3.09752850650403e-11,0.0
2026-05-14 11:55:00+03:00,0.1710948980786978,8.078788317190408e-11,0.0
2026-05-14 12:00:00+03:00,0.1710948980786978,4.4922848766966164e-12,0.0
2026-05-14 12:05:00+03:00,0.1710948980786978,4.079198040380074e-12,0.0
2026-05-14 12:10:00+03:00,0.1710948980786978,8.112324249062711e-12,0.0
2026-05-14 12:15:00+03:00,0.1710948980786978,6.359133111009184e-11,0.0
2026-05-14 12:20:00+03:00,0.1710948980786978,4.321968334088998e-11,0.0
2026-05-14 12:25:00+03:00,0.1710948980786978,5.022075894933402e-10,0.0
2026-05-14 12:30:00+03:00,0.1710948980786978,7.094397316167038e-10,0.0
2026-05-14 12:35:00+03:00,0.1710948980786978,3.007457470636564e-08,0.0
2026-05-14 12:40:00+03:00,0.1710948980786978,1.0042316374691177e-07,0.0
2026-05-14 12:45:00+03:00,0.1710948980786978,4.516152319280362e-08,0.0
2026-05-14 12:50:00+03:00,0.1710948980786978,8.627959252028696e-09,0.0
2026-05-14 12:55:00+03:00,0.1710948980786978,3.1839486041288264e-09,0.0
2026-05-14 13:00:00+03:00,0.1710948980786978,4.595627711676465e-13,0.0
2026-05-14 13:05:00+03:00,0.1710948980786978,3.664368543135866e-15,0.026862354823508586
2026-05-14 13:10:00+03:00,0.1710948980786978,2.973104533605048e-13,0.0
2026-05-14 13:15:00+03:00,0.1710948980786978,1.4353796516071222e-13,0.0
2026-05-14 13:20:00+03:00,0.1710948980786978,2.694037228914502e-14,0.0
2026-05-14 13:25:00+03:00,0.1710948980786978,1.6875174853891624e-14,0.0021078787145679605
2026-05-14 13:30:00+03:00,0.1710948980786978,9.38382474977516e-18,0.0
2026-05-14 13:35:00+03:00,0.1710948980786978,5.941618920003824e-17,0.0
2026-05-14 13:40:00+03:00,0.1710948980786978,5.176057641327154e-14,0.0
2026-05-14 13:45:00+03:00,0.1710948980786978,9.12357170638558e-16,0.0
2026-05-14 13:50:00+03:00,0.1710948980786978,2.496104559697817e-16,0.0
2026-05-14 13:55:00+03:00,0.1710948980786978,3.3633942658459457e-15,0.0
2026-05-14 14:00:00+03:00,0.1710948980786978,5.231766232797934e-16,0.0
2026-05-14 14:05:00+03:00,0.1710948980786978,2.6769507847974e-15,0.0
2026-05-14 14:10:00+03:00,0.1710948980786978,1.766714829848308e-14,0.0
2026-05-14 14:15:00+03:00,0.1710948980786978,1.4134873977166568e-14,0.0
2026-05-14 14:20:00+03:00,0.1710948980786978,1.1422774920907076e-14,0.0
2026-05-14 14:25:00+03:00,0.1710948980786978,4.353355411831769e-13,0.0
2026-05-14 14:30:00+03:00,0.1710948980786978,4.272201693273612e-11,0.0
2026-05-14 14:35:00+03:00,0.1710948980786978,6.079503678280569e-12,0.0
2026-05-14 14:40:00+03:00,0.1710948980786978,5.650992263242982e-07,0.002091622887704591
2026-05-14 14:45:00+03:00,0.1710948980786978,2.114919112869741e-06,0.0
2026-05-14 14:50:00+03:00,0.1710948980786978,6.113673670549288e-07,0.0
2026-05-14 14:55:00+03:00,0.1710948980786978,4.0560889543423135e-06,0.0
2026-05-14 15:00:00+03:00,0.1710948980786978,1.76395662271609e-07,0.0
2026-05-14 15:05:00+03:00,0.1710948980786978,6.74518229439041e-07,0.0
2026-05-14 15:10:00+03:00,0.1710948980786978,4.364210757609111e-08,0.0
2026-05-14 15:15:00+03:00,0.1710948980786978,2.7263617469909274e-08,0.0
2026-05-14 15:20:00+03:00,0.1710948980786978,5.096737073556423e-07,0.0
2026-05-14 15:25:00+03:00,0.1710948980786978,1.0412039419898372e-07,0.0
2026-05-14 15:30:00+03:00,0.1710948980786978,1.35952035953729e-06,0.0
2026-05-14 15:35:00+03:00,0.1710948980786978,6.9944066027513e-07,0.0
2026-05-14 15:40:00+03:00,0.1710948980786978,6.263343827279091e-05,0.0
2026-05-14 15:45:00+03:00,0.1710948980786978,0.0013110769970417998,0.002091622887704591
2026-05-14 15:50:00+03:00,0.1710948980786978,5.91321499225206e-05,0.0
2026-05-14 15:55:00+03:00,0.1710948980786978,2.3319050118754228e-05,0.0
2026-05-14 16:00:00+03:00,0.1710948980786978,8.196656909772119e-06,0.0
2026-05-14 16:05:00+03:00,0.1710948980786978,4.382877220276205e-06,0.0
2026-05-14 16:10:00+03:00,0.1710948980786978,1.969136086769065e-05,0.0
2026-05-14 16:15:00+03:00,0.1710948980786978,5.644088798305582e-07,0.0
2026-05-14 16:20:00+03:00,0.1710948980786978,3.0504089635756555e-05,0.0
2026-05-14 16:25:00+03:00,0.1710948980786978,8.117237511660286e-08,0.0020503445210046673
2026-05-14 16:30:00+03:00,0.1710948980786978,4.522546356692172e-07,0.0
2026-05-14 16:35:00+03:00,0.1710948980786978,1.0126786287861612e-06,0.0
2026-05-14 16:40:00+03:00,0.1710948980786978,2.83886977901447e-06,0.04681910491279161
2026-05-14 16:45:00+03:00,0.1710948980786978,2.3190595864862646e-07,0.0
2026-05-14 16:50:00+03:00,0.1710948980786978,2.7806540907916695e-07,0.0
2026-05-14 16:55:00+03:00,0.1710948980786978,1.0075900946101754e-05,0.0
2026-05-14 17:00:00+03:00,0.1710948980786978,2.0297322401556538e-05,0.007988741955348521
2026-05-14 17:05:00+03:00,0.1710948980786978,0.00011524102851262338,0.004180081576567755
2026-05-14 17:10:00+03:00,0.1710948980786978,4.569366815931789e-06,0.0020842389267780844
2026-05-14 17:15:00+03:00,0.1710948980786978,5.991944557846849e-07,0.0
2026-05-14 17:20:00+03:00,0.1710948980786978,1.600762782421619e-07,0.0020842389267780844
2026-05-14 17:25:00+03:00,0.1710948980786978,6.344649750530823e-08,0.0
2026-05-14 17:30:00+03:00,0.1710948980786978,3.4762984159731885e-09,0.0
2026-05-14 17:35:00+03:00,0.1710948980786978,1.546951187994377e-09,0.0
2026-05-14 17:40:00+03:00,0.1710948980786978,1.9287582080956697e-09,0.0
2026-05-14 17:45:00+03:00,0.1710948980786978,5.165729241095317e-08,0.0
2026-05-14 17:50:00+03:00,0.1710948980786978,2.997061154790033e-09,0.0
2026-05-14 17:55:00+03:00,0.1710948980786978,7.920959889727185e-09,0.0
2026-05-15 09:55:00+03:00,0.5681101798474977,0.06824913336973225,0.2917336669917395
2026-05-15 10:00:00+03:00,0.17056973897761885,5.379735435855422e-06,0.11803409738819601
2026-05-15 10:05:00+03:00,0.17056973897761885,4.596267820313099e-05,0.15177790683071815
2026-05-15 10:10:00+03:00,0.17056973897761885,0.0004968467050250338,0.0885719237664678
2026-05-15 10:15:00+03:00,0.17056973897761885,0.00012842703583565654,0.1246620315157417
2026-05-15 10:20:00+03:00,0.3781693686832491,0.1175433116338023,0.6373199176695737
2026-05-15 10:25:00+03:00,0.34286504673955487,0.08334892034723794,0.69750450917125
2026-05-15 10:30:00+03:00,0.34286504673955487,0.06946395124331824,0.734113574253398
2026-05-15 10:35:00+03:00,0.34286504673955487,0.2257604280250839,0.6553561359899029
2026-05-15 10:40:00+03:00,0.1457660256472932,0.1547786409106044,0.6547738978950182
2026-05-15 10:45:00+03:00,0.1457660256472932,0.009891838178793202,0.6270805225925651
2026-05-15 10:50:00+03:00,0.1457660256472932,0.004913588929197512,0.5852281499221502
2026-05-15 10:55:00+03:00,0.1448927829093307,7.597979347365152e-06,0.581564795259448
2026-05-15 11:00:00+03:00,0.1448927829093307,1.784774121767753e-05,0.6027925073734197
2026-05-15 11:05:00+03:00,0.1448927829093307,4.295142469000102e-05,0.482648680645541
2026-05-15 11:10:00+03:00,0.1710948980786978,1.5424747822983307e-05,0.31580886689118287
2026-05-15 11:15:00+03:00,0.1710948980786978,2.9643671225536874e-07,0.32185833798428015
2026-05-15 11:20:00+03:00,0.1710948980786978,4.177666564723599e-06,0.30725814104946775
2026-05-15 11:25:00+03:00,0.1710948980786978,1.6030388100474865e-07,0.3560249394348138
2026-05-15 11:30:00+03:00,0.1710948980786978,2.0922206889828654e-05,0.33685739762374456
2026-05-15 11:35:00+03:00,0.1710948980786978,0.00034313076665077577,0.11126162997749774
2026-05-15 11:40:00+03:00,0.1710948980786978,1.3944523528247564e-05,0.1444835460438736
2026-05-15 11:45:00+03:00,0.1710948980786978,0.0009785480098912834,0.1968657978095412
2026-05-15 11:50:00+03:00,0.1710948980786978,0.09801604226001744,0.18934625850652945
2026-05-15 11:55:00+03:00,0.1710948980786978,0.3044402679705528,0.20061224357433705
2026-05-15 12:00:00+03:00,0.1710948980786978,0.09432734234155654,0.19002492354055348
2026-05-15 12:05:00+03:00,0.1710948980786978,0.002841033495892703,0.17704703705410652
2026-05-15 12:10:00+03:00,0.1710948980786978,0.000332642593375282,0.15520807305444048
2026-05-15 12:15:00+03:00,0.1710948980786978,1.8572073239439684e-05,0.019531654691649004
2026-05-15 12:20:00+03:00,0.1710948980786978,0.00026559243802893267,0.019531654691649004
2026-05-15 12:25:00+03:00,0.1710948980786978,1.9216216251202814e-05,0.006532401277130196
2026-05-15 12:30:00+03:00,0.1710948980786978,3.1957857686295136e-06,0.006188191191998893
2026-05-15 12:35:00+03:00,0.1710948980786978,3.716612263440806e-06,0.004443661936377278
2026-05-15 12:40:00+03:00,0.1710948980786978,5.718398941427338e-06,0.006532401277130196
2026-05-15 12:45:00+03:00,0.1710948980786978,6.497751074803021e-06,0.006532401277130196
2026-05-15 12:50:00+03:00,0.1710948980786978,3.721740436246223e-07,0.006532401277130196
2026-05-15 12:55:00+03:00,0.1710948980786978,6.778126831939363e-07,0.004553121015407186
2026-05-15 13:00:00+03:00,0.1710948980786978,1.205982364474886e-07,0.006532401277130196
2026-05-15 13:05:00+03:00,0.1710948980786978,3.391008137796147e-08,0.0020887393407529186
2026-05-15 13:10:00+03:00,0.1710948980786978,3.908129966244754e-08,0.0020887393407529186
2026-05-15 13:15:00+03:00,0.1710948980786978,2.6938688336756658e-14,0.0020887393407529186
2026-05-15 13:20:00+03:00,0.1710948980786978,9.9893336793305e-14,0.0020887393407529186
2026-05-15 13:25:00+03:00,0.1710948980786978,7.662462168002104e-08,0.0017108255328150627
2026-05-15 13:30:00+03:00,0.1710948980786978,1.7821934303828015e-13,0.0
2026-05-15 13:35:00+03:00,0.1710948980786978,2.032268002649909e-14,0.0020887393407529186
2026-05-15 13:40:00+03:00,0.1710948980786978,5.812455983326474e-15,0.0
2026-05-15 13:45:00+03:00,0.1710948980786978,7.858027283726273e-17,0.0
2026-05-15 13:50:00+03:00,0.1710948980786978,5.729322482226772e-18,0.004066986814237789
2026-05-15 13:55:00+03:00,0.1710948980786978,2.114208707416419e-16,0.004066986814237789
2026-05-15 14:00:00+03:00,0.1710948980786978,3.968784479646922e-09,0.007740610868921475
2026-05-15 14:05:00+03:00,0.1710948980786978,7.710809972403555e-08,0.003673624054683685
2026-05-15 14:10:00+03:00,0.1710948980786978,1.8348899650375703e-06,0.010015764562166872
2026-05-15 14:15:00+03:00,0.1710948980786978,4.335713580273652e-07,0.005948777747929083
2026-05-15 14:20:00+03:00,0.1710948980786978,1.7446237530319535e-06,0.005948777747929083
2026-05-15 14:25:00+03:00,0.1710948980786978,3.2710858991387956e-07,0.003673624054683685
2026-05-15 14:30:00+03:00,0.1710948980786978,3.745707483163553e-08,0.010015764562166872
2026-05-15 14:35:00+03:00,0.1710948980786978,5.3304253709474014e-06,0.010015764562166872
2026-05-15 14:40:00+03:00,0.1710948980786978,1.7442447178097795e-07,0.007740610868921475
2026-05-15 14:45:00+03:00,0.1710948980786978,5.859431641178671e-07,0.02758360971841472
2026-05-15 14:50:00+03:00,0.1710948980786978,2.343122575485182e-06,0.01867630746286398
2026-05-15 14:55:00+03:00,0.1710948980786978,5.204019004982243e-06,0.02758360971841472
2026-05-15 15:00:00+03:00,0.1710948980786978,7.192597298973097e-05,0.02567258768152896
2026-05-15 15:05:00+03:00,0.1710948980786978,0.00015574087424008212,0.01877688900172133
2026-05-15 15:10:00+03:00,0.1710948980786978,0.2025364859732001,0.03817520459773969
2026-05-15 15:15:00+03:00,0.1710948980786978,0.0018940855314939797,0.03224821829909427
2026-05-15 15:20:00+03:00,0.1710948980786978,0.0006385471667292706,0.029718600995890358
2026-05-15 15:25:00+03:00,0.1710948980786978,0.00033692135390334446,0.014564456328797467
2026-05-15 15:30:00+03:00,0.1710948980786978,0.00027698928568353374,0.027405779558791046
2026-05-15 15:35:00+03:00,0.1710948980786978,3.936518365669205e-08,0.0020700639780443053
2026-05-15 15:40:00+03:00,0.1710948980786978,0.01793613428866519,0.02212862461547767
2026-05-15 15:45:00+03:00,0.1710948980786978,2.2210528256461477e-08,0.0
2026-05-15 15:50:00+03:00,0.1710948980786978,1.6906749541755222e-08,0.0
2026-05-15 15:55:00+03:00,0.1710948980786978,1.4429885921390782e-08,0.0
2026-05-15 16:00:00+03:00,0.1710948980786978,3.78032139882366e-09,0.0
2026-05-15 16:05:00+03:00,0.1710948980786978,1.2078859650916702e-09,0.002056017892848393
2026-05-15 16:10:00+03:00,0.1710948980786978,8.552325176955557e-11,0.002056017892848393
2026-05-15 16:15:00+03:00,0.1710948980786978,1.8019359950304468e-10,0.0
2026-05-15 16:20:00+03:00,0.1710948980786978,5.363341349088704e-06,0.022804583629642692
2026-05-15 16:25:00+03:00,0.1710948980786978,4.2849859754865866e-09,0.0
2026-05-15 16:30:00+03:00,0.1710948980786978,9.987745424999084e-08,0.004066986814237789
2026-05-15 16:35:00+03:00,0.1710948980786978,3.6484089659709946e-07,0.0021424746038282544
2026-05-15 16:40:00+03:00,0.1710948980786978,3.201109108344031e-05,0.13839590911619426
2026-05-15 16:45:00+03:00,0.1710948980786978,1.6993085677015587e-05,0.015986181523041973
2026-05-15 16:50:00+03:00,0.1710948980786978,9.314484246968836e-07,0.0020842389267780844
2026-05-15 16:55:00+03:00,0.1710948980786978,1.581688297657029e-07,0.006039872681705582
2026-05-15 17:00:00+03:00,0.1710948980786978,5.754036416985813e-08,0.0
2026-05-15 17:05:00+03:00,0.1710948980786978,5.4626548619033175e-09,0.0
2026-05-15 17:10:00+03:00,0.1710948980786978,8.330257286183957e-11,0.0
2026-05-15 17:15:00+03:00,0.1710948980786978,9.659603339384734e-11,0.0
2026-05-15 17:20:00+03:00,0.1710948980786978,1.7945627976567933e-09,0.0
2026-05-15 17:25:00+03:00,0.1710948980786978,1.0884982142501181e-10,0.0
2026-05-15 17:30:00+03:00,0.1710948980786978,3.274023642716079e-11,0.0
2026-05-15 17:35:00+03:00,0.1710948980786978,1.281483705012191e-11,0.0
2026-05-15 17:40:00+03:00,0.1710948980786978,3.6273063647560364e-11,0.0
2026-05-15 17:45:00+03:00,0.1710948980786978,8.719900811372205e-10,0.0
2026-05-15 17:50:00+03:00,0.1710948980786978,1.336630081371938e-09,0.0
2026-05-15 17:55:00+03:00,0.1710948980786978,1.3001115836468758e-10,0.0
2026-05-18 09:55:00+03:00,0.1710948980786978,1.0868006929699505e-07,0.0
2026-05-18 10:00:00+03:00,0.17056973897761885,4.631964599561165e-06,0.26778368877812464
2026-05-18 10:05:00+03:00,0.17056973897761885,2.6140499308608203e-05,0.1507158904778124
2026-05-18 10:10:00+03:00,0.17056973897761885,6.948658614704298e-05,0.036901065181067005
2026-05-18 10:15:00+03:00,0.17056973897761885,5.19707244730083e-05,0.027997574601556018
2026-05-18 10:20:00+03:00,0.17056973897761885,0.000886502777209617,0.03817776094280936
2026-05-18 10:25:00+03:00,0.1710948980786978,1.154386506471155e-05,0.0020842389267780844
2026-05-18 10:30:00+03:00,0.17056973897761885,2.914067722268349e-07,0.08542011274545709
2026-05-18 10:35:00+03:00,0.17056973897761885,7.226524428887774e-05,0.0773000943594554
2026-05-18 10:40:00+03:00,0.17056973897761885,1.5526622455919365e-05,0.0339524732342732
2026-05-18 10:45:00+03:00,0.17056973897761885,0.00014590745915836164,0.09340299973881643
2026-05-18 10:50:00+03:00,0.1710948980786978,1.2260311557469067e-06,0.036940031967210525
2026-05-18 10:55:00+03:00,0.1710948980786978,6.94222155611159e-08,0.040260283082775884
2026-05-18 11:00:00+03:00,0.1710948980786978,2.541493797964538e-07,0.03163109315272671
2026-05-18 11:05:00+03:00,0.1710948980786978,3.976984148071138e-08,0.07516714830928838
2026-05-18 11:10:00+03:00,0.1710948980786978,6.564596754439288e-07,0.011835076868765943
2026-05-18 11:15:00+03:00,0.1710948980786978,2.520841389436852e-07,0.010099642787768523
2026-05-18 11:20:00+03:00,0.1710948980786978,5.1005731672446e-09,0.0
2026-05-18 11:25:00+03:00,0.1710948980786978,3.0591875106721946e-10,0.0
2026-05-18 11:30:00+03:00,0.1710948980786978,1.7386744215104088e-10,0.0
2026-05-18 11:35:00+03:00,0.1710948980786978,3.592421305442333e-11,0.0
2026-05-18 11:40:00+03:00,0.1710948980786978,1.6179946384706955e-08,0.0
2026-05-18 11:45:00+03:00,0.1710948980786978,1.9067456467722254e-08,0.0
2026-05-18 11:50:00+03:00,0.1710948980786978,3.5750125654366943e-10,0.0
2026-05-18 11:55:00+03:00,0.1710948980786978,2.9731681606815775e-10,0.0
2026-05-18 12:00:00+03:00,0.1710948980786978,1.173934930901529e-09,0.0
2026-05-18 12:05:00+03:00,0.1710948980786978,3.898277042235548e-09,0.0
2026-05-18 12:10:00+03:00,0.1710948980786978,7.520014437098976e-09,0.0
2026-05-18 12:15:00+03:00,0.1710948980786978,1.0650211344001599e-08,0.0
2026-05-18 12:20:00+03:00,0.1710948980786978,2.3846027260736473e-10,0.0
2026-05-18 12:25:00+03:00,0.1710948980786978,5.641323066167849e-10,0.0
2026-05-18 12:30:00+03:00,0.1710948980786978,1.544767598222466e-10,0.0
2026-05-18 12:35:00+03:00,0.1710948980786978,7.884500866460666e-09,0.0
2026-05-18 12:40:00+03:00,0.1710948980786978,6.772803221957449e-10,0.0
2026-05-18 12:45:00+03:00,0.1710948980786978,1.948049684337685e-09,0.0
2026-05-18 12:50:00+03:00,0.1710948980786978,1.513314749178895e-10,0.0
2026-05-18 12:55:00+03:00,0.1710948980786978,2.799979400373151e-10,0.0
2026-05-18 13:00:00+03:00,0.1710948980786978,1.2437430823180382e-09,0.0062644134994525955
2026-05-18 13:05:00+03:00,0.1710948980786978,4.253960083902632e-08,0.0
2026-05-18 13:10:00+03:00,0.1710948980786978,3.773391468034549e-06,0.004140794873690507
2026-05-18 13:15:00+03:00,0.1710948980786978,1.444736338214833e-07,0.0
2026-05-18 13:20:00+03:00,0.1710948980786978,2.2083841217699704e-09,0.0
2026-05-18 13:25:00+03:00,0.1710948980786978,5.14531670686434e-06,0.0
2026-05-18 13:30:00+03:00,0.1710948980786978,3.384406364065221e-07,0.0020503445210046673
2026-05-18 13:35:00+03:00,0.1710948980786978,1.0191377971017439e-08,0.0
2026-05-18 13:40:00+03:00,0.1710948980786978,3.583003126529934e-08,0.0
2026-05-18 13:45:00+03:00,0.1710948980786978,2.2854337628765869e-07,0.0
2026-05-18 13:50:00+03:00,0.1710948980786978,4.929378781831611e-08,0.06357744054516909
2026-05-18 13:55:00+03:00,0.1710948980786978,2.652269892758699e-07,0.0
2026-05-18 14:00:00+03:00,0.1710948980786978,7.841508639177412e-08,0.0
2026-05-18 14:05:00+03:00,0.1710948980786978,7.618114783154671e-08,0.0
2026-05-18 14:10:00+03:00,0.1710948980786978,1.3011020405214872e-06,0.0
2026-05-18 14:15:00+03:00,0.1710948980786978,8.155327820635426e-08,0.0
2026-05-18 14:20:00+03:00,0.1710948980786978,7.921119355109044e-09,0.0
2026-05-18 14:25:00+03:00,0.1710948980786978,1.98402538307224e-08,0.0
2026-05-18 14:30:00+03:00,0.1710948980786978,2.5913869979146476e-10,0.0
2026-05-18 14:35:00+03:00,0.1710948980786978,6.471884337361664e-12,0.0
2026-05-18 14:40:00+03:00,0.1710948980786978,1.288871725845565e-13,0.026862354823508586
2026-05-18 14:45:00+03:00,0.1710948980786978,3.809477817639449e-13,0.0
2026-05-18 14:50:00+03:00,0.1710948980786978,1.6198355458196638e-11,0.0
2026-05-18 14:55:00+03:00,0.1710948980786978,1.7991123771900804e-10,0.0
2026-05-18 15:00:00+03:00,0.1710948980786978,2.561820197197924e-10,0.0
2026-05-18 15:05:00+03:00,0.1710948980786978,3.7639912013894327e-13,0.0
2026-05-18 15:10:00+03:00,0.1710948980786978,2.042872468007683e-15,0.0
2026-05-18 15:15:00+03:00,0.1710948980786978,1.2969122775925857e-12,0.0
2026-05-18 15:20:00+03:00,0.1710948980786978,9.489077437694481e-12,0.0
2026-05-18 15:25:00+03:00,0.1710948980786978,1.2867288139631747e-11,0.0
2026-05-18 15:30:00+03:00,0.1710948980786978,1.8128147783756326e-12,0.0
2026-05-18 15:35:00+03:00,0.1710948980786978,3.807086745319363e-14,0.0
2026-05-18 15:40:00+03:00,0.1710948980786978,2.815796491182583e-13,0.0
2026-05-18 15:45:00+03:00,0.1710948980786978,4.7744682581705656e-14,0.01037778326867994
2026-05-18 15:50:00+03:00,0.1710948980786978,1.4102913273452242e-12,0.002117686170212767
2026-05-18 15:55:00+03:00,0.1710948980786978,2.1945466631742248e-12,0.0
2026-05-18 16:00:00+03:00,0.1710948980786978,1.7974563093257997e-14,0.0
2026-05-18 16:05:00+03:00,0.1710948980786978,2.033867023382653e-11,0.0
2026-05-18 16:10:00+03:00,0.1710948980786978,5.724682612451033e-11,0.0
2026-05-18 16:15:00+03:00,0.1710948980786978,2.28470544508078e-12,0.0
2026-05-18 16:20:00+03:00,0.1710948980786978,2.748207703650803e-10,0.0
2026-05-18 16:25:00+03:00,0.1710948980786978,2.501249790567939e-10,0.0
2026-05-18 16:30:00+03:00,0.1710948980786978,1.4163824278295245e-09,0.0
2026-05-18 16:35:00+03:00,0.1710948980786978,2.1447527619105404e-10,0.0
2026-05-18 16:40:00+03:00,0.1710948980786978,9.95993181025944e-10,0.002091622887704591
2026-05-18 16:45:00+03:00,0.1710948980786978,6.396064785997192e-10,0.0
2026-05-18 16:50:00+03:00,0.1710948980786978,1.741920046655088e-11,0.0
2026-05-18 16:55:00+03:00,0.1710948980786978,2.866363628507508e-12,0.0
2026-05-18 17:00:00+03:00,0.1710948980786978,1.1374217655370155e-09,0.004130506794563754
2026-05-18 17:05:00+03:00,0.1710948980786978,1.2370019279426132e-07,0.0
2026-05-18 17:10:00+03:00,0.1710948980786978,1.0724347160550872e-06,0.002091622887704591
2026-05-18 17:15:00+03:00,0.1710948980786978,3.66370023910579e-07,0.002091622887704591
2026-05-18 17:20:00+03:00,0.1710948980786978,1.149614362026642e-08,0.006200687685290356
2026-05-18 17:25:00+03:00,0.1710948980786978,9.118455747077658e-06,0.01036126273149633
2026-05-18 17:30:00+03:00,0.1710948980786978,1.4694070533995994e-07,0.022072633953882512
2026-05-18 17:35:00+03:00,0.17056973897761885,0.00012283142440723766,0.05571292358602684
2026-05-18 17:40:00+03:00,0.17056973897761885,4.303619669931606e-05,0.05085590787790115
2026-05-18 17:45:00+03:00,0.17056973897761885,1.188386639234906e-07,0.3272576048922351
2026-05-18 17:50:00+03:00,0.17056973897761885,6.810500945251484e-06,0.22259831058638815
2026-05-18 17:55:00+03:00,0.17056973897761885,7.168695914767864e-05,0.2569206581871002
2026-05-20 09:55:00+03:00,0.8111465598358727,0.9930348167811573,0.9757779988642311
2026-05-20 10:00:00+03:00,0.8215180025484221,0.9968193254182135,0.9852412959368803
2026-05-20 10:05:00+03:00,0.8223136498747551,0.9917518803398416,0.9858052003116184
2026-05-20 10:10:00+03:00,0.8197674915124517,0.3482258977970708,0.9716233178997272
2026-05-20 10:15:00+03:00,0.5943003472354971,0.9481186777774693,0.9383585207246782
2026-05-20 10:20:00+03:00,0.5929890511433406,0.6641761652055088,0.6246374273335583
2026-05-20 10:25:00+03:00,0.5943003472354971,0.04366324928156198,0.4279301995373653
2026-05-20 10:30:00+03:00,0.1710948980786978,0.008569568931765815,0.24599411780151573
2026-05-20 10:35:00+03:00,0.1710948980786978,0.003940500910942394,0.13056699921330758
2026-05-20 10:40:00+03:00,0.1710948980786978,2.648040763983612e-07,0.03586339482665526
2026-05-20 10:45:00+03:00,0.1710948980786978,3.21095398746307e-08,0.0691549085582371
2026-05-20 10:50:00+03:00,0.1710948980786978,1.3078465084230943e-13,0.0064966591810766364
2026-05-20 10:55:00+03:00,0.1710948980786978,5.38425473182709e-14,0.004502107449498257
2026-05-20 11:00:00+03:00,0.1710948980786978,9.258308656083358e-11,0.04612387644687347
2026-05-20 11:05:00+03:00,0.1710948980786978,1.286108238562408e-13,0.002224419494769073
2026-05-20 11:10:00+03:00,0.1710948980786978,1.8644291869792352e-13,0.004313158835521992
2026-05-20 11:15:00+03:00,0.1710948980786978,6.333881022590102e-16,0.0
2026-05-20 11:20:00+03:00,0.1710948980786978,2.9851241636827694e-15,0.0
2026-05-20 11:25:00+03:00,0.1710948980786978,5.795979867440147e-14,0.0
2026-05-20 11:30:00+03:00,0.1710948980786978,1.643102659892241e-15,0.0020887393407529186
2026-05-20 11:35:00+03:00,0.1710948980786978,9.475508066886625e-16,0.0020887393407529186
2026-05-20 11:40:00+03:00,0.1710948980786978,4.3095650832581474e-15,0.0
2026-05-20 11:45:00+03:00,0.1710948980786978,5.8537310185371675e-15,0.0020887393407529186
2026-05-20 11:50:00+03:00,0.1710948980786978,3.854997776856617e-12,0.0
2026-05-20 11:55:00+03:00,0.1710948980786978,1.112860335710185e-12,0.0
2026-05-20 12:00:00+03:00,0.1710948980786978,3.239148032924555e-09,0.0
2026-05-20 12:05:00+03:00,0.1710948980786978,3.8471618613717754e-09,0.004568634486780667
2026-05-20 12:10:00+03:00,0.1710948980786978,2.436546711864532e-07,0.0
2026-05-20 12:15:00+03:00,0.1710948980786978,1.0888193498570022e-09,0.0
2026-05-20 12:20:00+03:00,0.1710948980786978,3.4516086169195755e-10,0.0
2026-05-20 12:25:00+03:00,0.1710948980786978,2.870435476330816e-09,0.0024798951460277487
2026-05-20 12:30:00+03:00,0.1710948980786978,7.2831680587278684e-09,0.013537668576601838
2026-05-20 12:35:00+03:00,0.1710948980786978,4.622421156185336e-09,0.0
2026-05-20 12:40:00+03:00,0.1710948980786978,4.222726981077427e-09,0.0020000120721431276
2026-05-20 12:45:00+03:00,0.1710948980786978,1.2415461029202087e-09,0.0
2026-05-20 12:50:00+03:00,0.1710948980786978,1.9441185210371243e-12,0.0
2026-05-20 12:55:00+03:00,0.1710948980786978,3.3996992319493244e-13,0.0
2026-05-20 13:00:00+03:00,0.1710948980786978,1.7444380198183303e-11,0.0
2026-05-20 13:05:00+03:00,0.1710948980786978,3.1000566315930345e-11,0.0
2026-05-20 13:10:00+03:00,0.1710948980786978,1.83084550542025e-11,0.0
2026-05-20 13:15:00+03:00,0.1710948980786978,3.1439459565908574e-14,0.0
2026-05-20 13:20:00+03:00,0.1710948980786978,1.4199909364692756e-15,0.0
2026-05-20 13:25:00+03:00,0.1710948980786978,2.004006483851772e-14,0.0
2026-05-20 13:30:00+03:00,0.1710948980786978,3.1530835191168865e-12,0.0
2026-05-20 13:35:00+03:00,0.1710948980786978,3.455209281915179e-13,0.0
2026-05-20 13:40:00+03:00,0.1710948980786978,1.8793176139326826e-13,0.0
2026-05-20 13:45:00+03:00,0.1710948980786978,1.1093906570646297e-13,0.0
2026-05-20 13:50:00+03:00,0.1710948980786978,2.886955704979681e-12,0.0
2026-05-20 13:55:00+03:00,0.1710948980786978,4.1068009793840685e-11,0.0
2026-05-20 14:00:00+03:00,0.1710948980786978,3.3719699265509417e-10,0.008418397840936792
2026-05-20 14:05:00+03:00,0.1710948980786978,3.8448963015423795e-08,0.0
2026-05-20 14:10:00+03:00,0.1710948980786978,2.1362180468003461e-07,0.0
2026-05-20 14:15:00+03:00,0.1710948980786978,8.975378404682035e-07,0.03417195310011639
2026-05-20 14:20:00+03:00,0.1710948980786978,1.2577357684779726e-06,0.0
2026-05-20 14:25:00+03:00,0.1710948980786978,4.765380815230496e-06,0.002091622887704591
2026-05-20 14:30:00+03:00,0.1710948980786978,5.537538850516509e-07,0.0
2026-05-20 14:35:00+03:00,0.1710948980786978,8.865673384754826e-09,0.0
2026-05-20 14:40:00+03:00,0.1710948980786978,1.2617233198842113e-07,0.0
2026-05-20 14:45:00+03:00,0.1710948980786978,2.0351455827590345e-07,0.0
2026-05-20 14:50:00+03:00,0.1710948980786978,3.1101544350809517e-09,0.004120408499048973
2026-05-20 14:55:00+03:00,0.1710948980786978,1.250359230888003e-07,0.0062099560614001445
2026-05-20 15:00:00+03:00,0.1710948980786978,5.57318979933614e-09,0.004129268058298769
2026-05-20 15:05:00+03:00,0.1710948980786978,5.2397905623031554e-08,0.0
2026-05-20 15:10:00+03:00,0.1710948980786978,2.035759340260454e-07,0.0
2026-05-20 15:15:00+03:00,0.1710948980786978,1.4779737750000236e-06,0.0
2026-05-20 15:20:00+03:00,0.1710948980786978,2.4392511640190896e-06,0.0
2026-05-20 15:25:00+03:00,0.1710948980786978,7.544832460553552e-08,0.0
2026-05-20 15:30:00+03:00,0.1710948980786978,2.603006269323564e-07,0.0020700639780443053
2026-05-20 15:35:00+03:00,0.1710948980786978,2.351306268482424e-08,0.0
2026-05-20 15:40:00+03:00,0.1710948980786978,2.983584336105992e-08,0.0
2026-05-20 15:45:00+03:00,0.1710948980786978,7.336084801718696e-08,0.0
2026-05-20 15:50:00+03:00,0.1710948980786978,4.0841603108059847e-07,0.04653784542988863
2026-05-20 15:55:00+03:00,0.1710948980786978,8.588678256997854e-06,0.042067041394486325
2026-05-20 16:00:00+03:00,0.1710948980786978,3.115053596530342e-06,0.02114438423354362
2026-05-20 16:05:00+03:00,0.1710948980786978,1.0861295441283686e-05,0.012683199297816536
2026-05-20 16:10:00+03:00,0.1710948980786978,6.535508021992405e-05,0.01213975168066772
2026-05-20 16:15:00+03:00,0.1710948980786978,2.182782719775223e-05,0.008035084882399986
2026-05-20 16:20:00+03:00,0.1710948980786978,1.0248531023989005e-06,0.004127499813128949
2026-05-20 16:25:00+03:00,0.17056973897761885,2.8266139667112665e-07,0.15314083184125202
2026-05-20 16:30:00+03:00,0.17056973897761885,5.530693240901325e-06,0.10371795378707276
2026-05-20 16:35:00+03:00,0.1710948980786978,1.8351499163009627e-06,0.006726248870583005
2026-05-20 16:40:00+03:00,0.1710948980786978,4.2859142845800825e-06,0.006408102957577476
2026-05-20 16:45:00+03:00,0.1710948980786978,8.29559798224839e-06,0.0
2026-05-20 16:50:00+03:00,0.1710948980786978,1.128750088984972e-06,0.01042454254851078
2026-05-20 16:55:00+03:00,0.1710948980786978,2.321873945750235e-05,0.026156216534335655
2026-05-20 17:00:00+03:00,0.1710948980786978,1.5383228555266798e-07,0.11805024806199002
2026-05-20 17:05:00+03:00,0.34286504673955487,0.0003090985775137395,0.7677671235037584
2026-05-20 17:10:00+03:00,0.34286504673955487,0.012527367813382585,0.5572677211011204
2026-05-20 17:15:00+03:00,0.1710948980786978,2.3582613421882503e-09,0.028484461163051537
2026-05-20 17:20:00+03:00,0.1710948980786978,2.721401322736178e-10,0.005843175143555548
2026-05-20 17:25:00+03:00,0.1710948980786978,4.926235880897359e-15,0.022730045506590715
2026-05-20 17:30:00+03:00,0.1710948980786978,2.5991956560884915e-17,0.0207061255164541
2026-05-20 17:35:00+03:00,0.1710948980786978,1.2433044969846843e-16,0.02498436559657288
2026-05-20 17:40:00+03:00,0.1710948980786978,5.831533674681095e-16,0.01666051017799417
2026-05-20 17:45:00+03:00,0.1710948980786978,2.472061736096611e-14,0.008313217907659437
2026-05-20 17:50:00+03:00,0.1710948980786978,2.5106563900007837e-16,0.0
2026-05-20 17:55:00+03:00,0.1710948980786978,2.6269854565772147e-20,0.03125221906562155
2026-05-21 09:55:00+03:00,0.1710948980786978,6.13012512764943e-17,0.009191068886355345
2026-05-21 10:00:00+03:00,0.1710948980786978,3.4267348574664947e-16,0.0168728489579306
2026-05-21 10:05:00+03:00,0.1710948980786978,7.430715460176128e-11,0.0954775558828839
2026-05-21 10:10:00+03:00,0.3615415971913925,6.456941508365919e-09,0.18130458463914967
2026-05-21 10:15:00+03:00,0.3627972955857149,1.6860930148816087e-09,0.5182116510191908
2026-05-21 10:20:00+03:00,0.33109547736450134,6.693693047314643e-07,0.6400219059351049
2026-05-21 10:25:00+03:00,0.33109547736450134,6.740959415397412e-07,0.8320653407914526
2026-05-21 10:30:00+03:00,0.3349445116840532,7.23663331799567e-05,0.8513090339068736
2026-05-21 10:35:00+03:00,0.5601524335053543,0.007874139800752836,0.8470793700322985
2026-05-21 10:40:00+03:00,0.15478300622308272,0.022355016002009447,0.8750538222985503
2026-05-21 10:45:00+03:00,0.15478300622308272,0.0008366550700383423,0.820494965164108
2026-05-21 10:50:00+03:00,0.15478300622308272,0.0006403146108359089,0.8155449923279982
2026-05-21 10:55:00+03:00,0.15478300622308272,0.0331184709111863,0.8237978340200833
2026-05-21 11:00:00+03:00,0.15478300622308272,0.2584003496897153,0.817762254464018
2026-05-21 11:05:00+03:00,0.15478300622308272,0.0008015289907348476,0.8486892290263336
2026-05-21 11:10:00+03:00,0.15478300622308272,0.0468040372562184,0.5939540909329272
2026-05-21 11:15:00+03:00,0.1710948980786978,3.170906757375863e-05,0.3612955829925063
2026-05-21 11:20:00+03:00,0.1710948980786978,9.817524346849514e-06,0.22074174152208534
2026-05-21 11:25:00+03:00,0.1710948980786978,1.8260617479257936e-05,0.13306513360717231
2026-05-21 11:30:00+03:00,0.1710948980786978,2.2704221717394476e-05,0.09461832099538581
2026-05-21 11:35:00+03:00,0.1710948980786978,3.820903259153167e-06,0.07128016889236954
2026-05-21 11:40:00+03:00,0.1710948980786978,8.447287102623091e-10,0.0328004918134573
2026-05-21 11:45:00+03:00,0.1710948980786978,3.8761466239650746e-10,0.0307175923656501
2026-05-21 11:50:00+03:00,0.1710948980786978,4.0075825564288616e-11,0.018828013158741542
2026-05-21 11:55:00+03:00,0.1710948980786978,5.713524927332545e-13,0.014750432116966094
2026-05-21 12:00:00+03:00,0.1710948980786978,9.073791385957202e-12,0.010004083545287505
2026-05-21 12:05:00+03:00,0.1710948980786978,1.559578842014169e-10,0.006145214966052197
2026-05-21 12:10:00+03:00,0.1710948980786978,2.049466157219111e-13,0.0
2026-05-21 12:15:00+03:00,0.1710948980786978,1.1912697403344225e-14,0.0
2026-05-21 12:20:00+03:00,0.1710948980786978,1.5353698962518216e-13,0.0020887393407529186
2026-05-21 12:25:00+03:00,0.1710948980786978,7.68000265041894e-13,0.0
2026-05-21 12:30:00+03:00,0.1710948980786978,9.097181883352342e-14,0.0
2026-05-21 12:35:00+03:00,0.1710948980786978,2.1711815385510025e-11,0.0
2026-05-21 12:40:00+03:00,0.1710948980786978,4.31033510269668e-11,0.010792025665231469
2026-05-21 12:45:00+03:00,0.1710948980786978,2.906239719835658e-10,0.0
2026-05-21 12:50:00+03:00,0.1710948980786978,1.3299703871643663e-09,0.0020887393407529186
2026-05-21 12:55:00+03:00,0.1710948980786978,3.76516683407083e-09,0.0022983782039762797
2026-05-21 13:00:00+03:00,0.1710948980786978,1.4847237597064536e-10,0.006680574249040592
2026-05-21 13:05:00+03:00,0.1710948980786978,7.126906403769921e-10,0.013472995464825367
2026-05-21 13:10:00+03:00,0.1710948980786978,1.4595062479619607e-09,0.0020887393407529186
2026-05-21 13:15:00+03:00,0.1710948980786978,2.3782427335780107e-11,0.009051391050273121
2026-05-21 13:20:00+03:00,0.1710948980786978,1.3577070068562827e-10,0.002293456704311394
2026-05-21 13:25:00+03:00,0.1710948980786978,9.697492946829311e-11,0.010864759210629703
2026-05-21 13:30:00+03:00,0.1710948980786978,1.4987542757822487e-09,0.013044451976654783
2026-05-21 13:35:00+03:00,0.1710948980786978,6.381313326243058e-05,0.064426423936223
2026-05-21 13:40:00+03:00,0.1710948980786978,0.00024093479834590194,0.0487555845102222
2026-05-21 13:45:00+03:00,0.1710948980786978,0.0003257293535735849,0.04511680895496559
2026-05-21 13:50:00+03:00,0.1710948980786978,0.0005836755185274831,0.07508671365267092
2026-05-21 13:55:00+03:00,0.341704817192532,0.0003846177817150609,0.2961069577287922
2026-05-21 14:00:00+03:00,0.341704817192532,0.4541176872748968,0.28384728244502316
2026-05-21 14:05:00+03:00,0.1710948980786978,0.003471945053277461,0.1390510099168426
2026-05-21 14:10:00+03:00,0.1710948980786978,0.0062943557829488374,0.022319014263335206
2026-05-21 14:15:00+03:00,0.1710948980786978,0.010165962653579674,0.058125752626482514
2026-05-21 14:20:00+03:00,0.1710948980786978,0.00029318836012089914,0.019407387332082353
2026-05-21 14:25:00+03:00,0.1710948980786978,0.0004836384396296835,0.002224419494769073
2026-05-21 14:30:00+03:00,0.1710948980786978,0.000516646612124691,0.16917357173936798
2026-05-21 14:35:00+03:00,0.1710948980786978,0.0031613205396915094,0.021429878523079326
2026-05-21 14:40:00+03:00,0.1710948980786978,0.008616758613942555,0.01263277743627874
2026-05-21 14:45:00+03:00,0.1710948980786978,0.0006712416075696085,0.031104500470580585
2026-05-21 14:50:00+03:00,0.1710948980786978,0.0006209660768879343,0.029082037800925508
2026-05-21 14:55:00+03:00,0.1710948980786978,0.0005343651074093721,0.04701033455765393
2026-05-21 15:00:00+03:00,0.1710948980786978,0.0032571853132824626,0.016919724362520976
2026-05-21 15:05:00+03:00,0.1710948980786978,0.20494928137726676,0.02972111389727255
2026-05-21 15:10:00+03:00,0.1710948980786978,0.006470319358366224,0.0167777927553862
2026-05-21 15:15:00+03:00,0.1710948980786978,0.0006760762066551797,0.016919724362520976
2026-05-21 15:20:00+03:00,0.1710948980786978,0.00100911381621033,0.009600610353329103
2026-05-21 15:25:00+03:00,0.1710948980786978,1.380260254595741e-05,0.007740610868921475
2026-05-21 15:30:00+03:00,0.1710948980786978,9.537618316745657e-06,0.015841930821670833
2026-05-21 15:35:00+03:00,0.1710948980786978,1.5829615820373764e-05,0.011413978513685683
2026-05-21 15:40:00+03:00,0.1710948980786978,0.0023896019594007003,0.22063454579716496
2026-05-21 15:45:00+03:00,0.1710948980786978,0.0014548802563773243,0.1632436491346425
2026-05-21 15:50:00+03:00,0.1710948980786978,0.006120517132758026,0.14558797919658448
2026-05-21 15:55:00+03:00,0.1710948980786978,0.002148709114390372,0.011564686941235221
2026-05-21 16:00:00+03:00,0.1710948980786978,0.0003179209003955128,0.07702081125188802
2026-05-21 16:05:00+03:00,0.1710948980786978,0.011794708057179748,0.19496757145212829
2026-05-21 16:10:00+03:00,0.3432880231917515,0.0071543859297567135,0.3055528036865766
2026-05-21 16:15:00+03:00,0.3432880231917515,0.1535375674520235,0.41024121107742206
2026-05-21 16:20:00+03:00,0.1710948980786978,0.018858874043646685,0.12055826979825639
2026-05-21 16:25:00+03:00,0.1710948980786978,0.03968229138913387,0.01702905983474931
2026-05-21 16:30:00+03:00,0.1710948980786978,0.0001650993478013933,0.01675037971876008
2026-05-21 16:35:00+03:00,0.1710948980786978,0.00029208856075652316,0.1118144498229638
2026-05-21 16:40:00+03:00,0.1710948980786978,0.2859831366368766,0.27206271320179914
2026-05-21 16:45:00+03:00,0.1710948980786978,0.14486955288980216,0.05482803022018465
2026-05-21 16:50:00+03:00,0.1710948980786978,0.08578543882520306,0.031022717536172296
2026-05-21 16:55:00+03:00,0.1710948980786978,0.029583870025311272,0.08485935733365807
2026-05-21 17:00:00+03:00,0.1710948980786978,0.004616004435571172,0.34498441100222466
2026-05-21 17:05:00+03:00,0.1710948980786978,0.7279921025271773,0.4197098446702463
2026-05-21 17:10:00+03:00,0.1710948980786978,0.10531558407963446,0.28166180416996234
2026-05-21 17:15:00+03:00,0.3432880231917515,0.011661623969212971,0.8601436517944474
2026-05-21 17:25:00+03:00,0.3432880231917515,0.00014116716016651635,0.8465124578455149
2026-05-21 17:30:00+03:00,0.3641174388527678,0.00027111831716633127,0.6850990493525828
2026-05-21 17:35:00+03:00,0.15570500189516512,8.331657224728203e-05,0.8561699536032081
2026-05-21 17:40:00+03:00,0.15570500189516512,0.002108333295907351,0.8547059206129545
2026-05-22 09:55:00+03:00,0.15570500189516512,0.7145947217121359,0.8633097592876429
2026-05-22 10:00:00+03:00,0.15226535712396302,0.00028726300154841445,0.28277784295437436
2026-05-22 10:05:00+03:00,0.15570500189516512,0.00032916869200128214,0.3746305859231874
2026-05-22 10:10:00+03:00,0.15226535712396302,0.00012347861640603586,0.1695086686629336
2026-05-22 10:15:00+03:00,0.15226535712396302,4.816041776442745e-05,0.166976503046199
2026-05-22 10:20:00+03:00,0.1710948980786978,2.2580540461753412e-07,0.03712479183086783
2026-05-22 10:25:00+03:00,0.1710948980786978,4.034119364111659e-11,0.03712479183086783
2026-05-22 10:30:00+03:00,0.1710948980786978,2.0686806355962185e-15,0.03241073834212513
2026-05-22 10:35:00+03:00,0.1710948980786978,1.027639458800165e-15,0.023481092683773387
2026-05-22 10:40:00+03:00,0.1710948980786978,5.528919067237548e-16,0.02371915568672175
2026-05-22 10:45:00+03:00,0.1710948980786978,4.047136378159993e-14,0.01524430294107753
2026-05-22 10:50:00+03:00,0.1710948980786978,2.85532237269596e-14,0.010767843701976795
2026-05-22 10:55:00+03:00,0.1710948980786978,4.900869213412709e-13,0.0022958354106236405
2026-05-22 11:00:00+03:00,0.1710948980786978,2.7334515110859898e-14,0.0022958354106236405
2026-05-22 11:05:00+03:00,0.1710948980786978,3.9353991848340707e-14,0.006608618798959329
2026-05-22 11:10:00+03:00,0.1710948980786978,2.904213713703345e-13,0.004305462171072889
2026-05-22 11:15:00+03:00,0.1366293583756706,8.820033483161994e-17,0.09960539161648342
2026-05-22 11:20:00+03:00,0.1710948980786978,1.3085298272785727e-15,0.004335001559306851
2026-05-22 11:25:00+03:00,0.1710948980786978,1.5505652679571442e-14,0.004387117544729198
2026-05-22 11:30:00+03:00,0.1710948980786978,6.268531010630596e-15,0.0022983782039762797
2026-05-22 11:35:00+03:00,0.1710948980786978,1.0220034534625624e-13,0.0
2026-05-22 11:40:00+03:00,0.1710948980786978,6.63063679829819e-11,0.0
2026-05-22 11:45:00+03:00,0.1710948980786978,3.794656536634032e-11,0.0
2026-05-22 11:50:00+03:00,0.15226535712396302,2.7692321158554987e-11,0.07458977586385311
2026-05-22 11:55:00+03:00,0.1710948980786978,7.873107259818392e-08,0.013982787885428142
2026-05-22 12:00:00+03:00,0.1710948980786978,3.97580059010446e-07,0.04283717819432977
2026-05-22 12:05:00+03:00,0.1710948980786978,1.1016279218612262e-09,0.07347828811101359
2026-05-22 12:10:00+03:00,0.1710948980786978,9.319872392508641e-06,0.04438621410977782
2026-05-22 12:15:00+03:00,0.1710948980786978,2.538300985472903e-06,0.03540053076150532
2026-05-22 12:20:00+03:00,0.1710948980786978,4.126197645006498e-08,0.0204539004909156
2026-05-22 12:25:00+03:00,0.1710948980786978,1.225104757131951e-06,0.0020887393407529186
2026-05-22 12:30:00+03:00,0.1710948980786978,1.167960501973835e-08,0.0
2026-05-22 12:35:00+03:00,0.1710948980786978,5.389512447408991e-10,0.0
2026-05-22 12:40:00+03:00,0.1710948980786978,5.4740416576709826e-08,0.0
2026-05-22 12:45:00+03:00,0.1710948980786978,7.494327089189595e-10,0.004066986814237789
2026-05-22 12:50:00+03:00,0.1710948980786978,3.412798476331262e-11,0.0
2026-05-22 12:55:00+03:00,0.1710948980786978,4.060917279237823e-11,0.0
2026-05-22 13:00:00+03:00,0.1710948980786978,2.0401023337703252e-11,0.0
2026-05-22 13:05:00+03:00,0.1710948980786978,3.3582291460224797e-10,0.0
2026-05-22 13:10:00+03:00,0.1710948980786978,2.446602283287894e-09,0.0
2026-05-22 13:15:00+03:00,0.1710948980786978,3.7981302420616716e-10,0.0
2026-05-22 13:20:00+03:00,0.1710948980786978,3.732289753374486e-09,0.004066986814237789
2026-05-22 13:25:00+03:00,0.1710948980786978,2.113433642005246e-10,0.0
2026-05-22 13:30:00+03:00,0.1710948980786978,8.792929018454125e-12,0.004066986814237789
2026-05-22 13:35:00+03:00,0.1710948980786978,8.233057372017978e-11,0.004066986814237789
2026-05-22 13:40:00+03:00,0.1710948980786978,1.3546348652891796e-11,0.0
2026-05-22 13:45:00+03:00,0.1710948980786978,1.172471765322092e-10,0.004066986814237789
2026-05-22 13:50:00+03:00,0.1710948980786978,8.819844651302038e-09,0.0
2026-05-22 13:55:00+03:00,0.1710948980786978,8.918497028860282e-09,0.004066986814237789
2026-05-22 14:00:00+03:00,0.1710948980786978,2.3693110375504287e-09,0.0
2026-05-22 14:05:00+03:00,0.1710948980786978,6.678828968978205e-11,0.0
2026-05-22 14:10:00+03:00,0.1710948980786978,8.379852366975086e-09,0.029236930400554098
2026-05-22 14:15:00+03:00,0.1710948980786978,4.240259469347256e-05,0.006360443518549182
2026-05-22 14:20:00+03:00,0.1710948980786978,8.407819334091573e-06,0.05907004059141492
2026-05-22 14:25:00+03:00,0.1710948980786978,1.6456933968201056e-05,0.0
2026-05-22 14:30:00+03:00,0.1710948980786978,1.0402564587504454e-07,0.0
2026-05-22 14:35:00+03:00,0.1710948980786978,2.290639622611693e-09,0.0
2026-05-22 14:40:00+03:00,0.1710948980786978,9.643329415587062e-09,0.0
2026-05-22 14:45:00+03:00,0.1710948980786978,4.8365579709916404e-11,0.0
2026-05-22 14:50:00+03:00,0.1710948980786978,5.332048482898404e-12,0.0
2026-05-22 14:55:00+03:00,0.1710948980786978,3.7900762320742344e-13,0.0
2026-05-22 15:00:00+03:00,0.1710948980786978,3.1166984204327377e-14,0.0
2026-05-22 15:05:00+03:00,0.1710948980786978,8.022480821661136e-15,0.01037778326867994
2026-05-22 15:10:00+03:00,0.1710948980786978,5.261719864475925e-16,0.0
2026-05-22 15:15:00+03:00,0.1710948980786978,6.354131799015374e-14,0.0
2026-05-22 15:20:00+03:00,0.1710948980786978,5.646471256004352e-17,0.0
2026-05-22 15:25:00+03:00,0.1710948980786978,4.45004529034679e-16,0.0
2026-05-22 15:30:00+03:00,0.1710948980786978,4.389488031928986e-16,0.0
2026-05-22 15:35:00+03:00,0.1710948980786978,3.127690038968908e-17,0.0
2026-05-22 15:40:00+03:00,0.1710948980786978,6.035086028653951e-17,0.0
2026-05-22 15:45:00+03:00,0.1710948980786978,3.609303670226493e-18,0.03535428594690341
2026-05-22 15:50:00+03:00,0.1710948980786978,1.3352360924164077e-14,0.014526498600638873
2026-05-22 15:55:00+03:00,0.1710948980786978,1.8248861556474882e-13,0.0
2026-05-22 16:00:00+03:00,0.1710948980786978,1.9241508341525507e-14,0.0
2026-05-22 16:05:00+03:00,0.1710948980786978,4.9475934459795355e-15,0.0
2026-05-22 16:10:00+03:00,0.1710948980786978,2.643684205245175e-13,0.0
2026-05-22 16:15:00+03:00,0.1710948980786978,1.223360539464825e-15,0.004187090974279349
2026-05-22 16:20:00+03:00,0.1710948980786978,3.77611292612737e-13,0.0
2026-05-22 16:25:00+03:00,0.1710948980786978,2.2626307959323054e-13,0.0
2026-05-22 16:30:00+03:00,0.1710948980786978,1.5820303814763278e-10,0.0
2026-05-22 16:35:00+03:00,0.1710948980786978,6.325393537260407e-14,0.022893612261686985
2026-05-22 16:40:00+03:00,0.1710948980786978,2.44670906062521e-10,0.0
2026-05-22 16:45:00+03:00,0.1710948980786978,3.9242488010433274e-11,0.01257465739671893
2026-05-22 16:50:00+03:00,0.1710948980786978,1.1171904924688648e-07,0.0
2026-05-22 16:55:00+03:00,0.1710948980786978,9.412452045553487e-08,0.0
2026-05-22 17:00:00+03:00,0.1710948980786978,3.0637141694676034e-07,0.002091622887704591
2026-05-22 17:05:00+03:00,0.1710948980786978,1.7135847061220248e-09,0.0
2026-05-22 17:10:00+03:00,0.1710948980786978,4.715678182261855e-10,0.002091622887704591
2026-05-22 17:15:00+03:00,0.1710948980786978,2.5432824863188404e-08,0.0
2026-05-22 17:20:00+03:00,0.1710948980786978,4.197276566857475e-08,0.06445155799121255
2026-05-22 17:25:00+03:00,0.1710948980786978,3.819021949170351e-07,0.02817601481331221
2026-05-22 17:30:00+03:00,0.1710948980786978,6.874840534656799e-06,0.020278728128386797
2026-05-22 17:35:00+03:00,0.1710948980786978,5.763662981237673e-05,0.0
2026-05-22 17:40:00+03:00,0.1710948980786978,1.0154655511074435e-05,0.002091622887704591
2026-05-22 17:45:00+03:00,0.1710948980786978,1.0204236416585988e-08,0.0
2026-05-22 17:50:00+03:00,0.1710948980786978,6.0700251616205626e-12,0.010418781562042439
2026-05-22 17:55:00+03:00,0.1710948980786978,7.064329421104002e-09,0.008297000909591089
2026-05-25 09:55:00+03:00,0.1710948980786978,5.408116637534967e-19,0.0
2026-05-25 10:00:00+03:00,0.1710948980786978,5.88071912374819e-18,0.03898986102668833
2026-05-25 10:05:00+03:00,0.1710948980786978,2.3086420939707905e-15,0.0036187556487864746
2026-05-25 10:10:00+03:00,0.1710948980786978,6.214009838655056e-16,0.0036187556487864746
2026-05-25 10:15:00+03:00,0.1710948980786978,4.562184858208244e-14,0.0
2026-05-25 10:20:00+03:00,0.1710948980786978,4.2825284596255506e-23,0.010418781562042439
2026-05-25 10:25:00+03:00,0.1710948980786978,1.2124821538968489e-20,0.0
2026-05-25 10:30:00+03:00,0.1710948980786978,4.553398918385317e-21,0.0
2026-05-25 10:35:00+03:00,0.1710948980786978,1.6279667908051207e-20,0.0
2026-05-25 10:40:00+03:00,0.1710948980786978,1.7519075485163046e-20,0.004169483862955396
2026-05-25 10:45:00+03:00,0.1710948980786978,7.478008692287814e-19,0.0
2026-05-25 10:50:00+03:00,0.1710948980786978,5.191537013844894e-19,0.0
2026-05-25 10:55:00+03:00,0.1710948980786978,5.6432847692900835e-19,0.0
2026-05-25 11:00:00+03:00,0.1710948980786978,9.043481102761688e-18,0.0
2026-05-25 11:05:00+03:00,0.1710948980786978,4.2358989551387633e-16,0.0
2026-05-25 11:10:00+03:00,0.1710948980786978,6.114299722769991e-18,0.0
2026-05-25 11:15:00+03:00,0.1710948980786978,3.858358137150683e-19,0.0
2026-05-25 11:20:00+03:00,0.1710948980786978,3.3544701383338795e-17,0.0
2026-05-25 11:25:00+03:00,0.1710948980786978,3.01621371511928e-17,0.0
2026-05-25 11:30:00+03:00,0.1710948980786978,9.046095803239075e-15,0.0
2026-05-25 11:35:00+03:00,0.1710948980786978,1.2419685423945582e-11,0.0
2026-05-25 11:40:00+03:00,0.1710948980786978,1.2547531991271376e-12,0.0
2026-05-25 11:45:00+03:00,0.1710948980786978,2.536097410785261e-09,0.0
2026-05-25 11:50:00+03:00,0.1710948980786978,1.1347345524634037e-09,0.0
2026-05-25 11:55:00+03:00,0.1710948980786978,7.518155956018806e-08,0.006634979332288255
2026-05-25 12:00:00+03:00,0.1710948980786978,1.1833407235151459e-07,0.0
2026-05-25 12:05:00+03:00,0.1710948980786978,7.695425530483154e-09,0.0
2026-05-25 12:10:00+03:00,0.1710948980786978,7.094917003945568e-09,0.0
2026-05-25 12:15:00+03:00,0.1710948980786978,1.4391593483576973e-08,0.0
2026-05-25 12:20:00+03:00,0.1710948980786978,1.6229307818128174e-08,0.0
2026-05-25 12:25:00+03:00,0.1710948980786978,4.821598787940566e-10,0.0
2026-05-25 12:30:00+03:00,0.1710948980786978,1.6329713906062278e-10,0.0
2026-05-25 12:35:00+03:00,0.1710948980786978,2.1701512134462988e-11,0.0
2026-05-25 12:40:00+03:00,0.1710948980786978,1.7469001189098564e-13,0.0
2026-05-25 12:45:00+03:00,0.1710948980786978,1.3387848361424571e-12,0.0
2026-05-25 12:50:00+03:00,0.1710948980786978,3.532268317657576e-11,0.0
2026-05-25 12:55:00+03:00,0.1710948980786978,8.825764658627515e-11,0.0
2026-05-25 13:00:00+03:00,0.1710948980786978,3.1690366612952443e-10,0.0
2026-05-25 13:05:00+03:00,0.1710948980786978,4.241511283786361e-12,0.0
2026-05-25 13:10:00+03:00,0.1710948980786978,2.3695749092406907e-11,0.0
2026-05-25 13:15:00+03:00,0.1710948980786978,5.397138573166669e-12,0.0
2026-05-25 13:20:00+03:00,0.1710948980786978,5.116528243958099e-12,0.0
2026-05-25 13:25:00+03:00,0.1710948980786978,7.949356130180504e-11,0.002091622887704591
2026-05-25 13:30:00+03:00,0.1710948980786978,7.454552787391154e-11,0.01037778326867994
2026-05-25 13:35:00+03:00,0.1710948980786978,2.2414397160213218e-10,0.0
2026-05-25 13:40:00+03:00,0.1710948980786978,3.039340403330359e-11,0.0
2026-05-25 13:45:00+03:00,0.1710948980786978,8.658761981473722e-11,0.0
2026-05-25 13:50:00+03:00,0.1710948980786978,5.876545062717952e-11,0.0
2026-05-25 13:55:00+03:00,0.1710948980786978,1.0432133707981872e-11,0.0
2026-05-25 14:00:00+03:00,0.1710948980786978,3.150452181149809e-10,0.0
2026-05-25 14:05:00+03:00,0.1710948980786978,3.2399932584269924e-07,0.002091622887704591
2026-05-25 14:10:00+03:00,0.1710948980786978,1.2793415855526172e-06,0.0
2026-05-25 14:15:00+03:00,0.1710948980786978,2.6537218524437307e-07,0.0
2026-05-25 14:20:00+03:00,0.1710948980786978,1.8142678196645854e-06,0.0
2026-05-25 14:25:00+03:00,0.1710948980786978,7.617093327970248e-08,0.0
2026-05-25 14:30:00+03:00,0.1710948980786978,4.684156268840115e-08,0.0
2026-05-25 14:35:00+03:00,0.1710948980786978,1.4067509921735606e-07,0.0
2026-05-25 14:40:00+03:00,0.1710948980786978,1.1826571113740431e-05,0.0
2026-05-25 14:45:00+03:00,0.1710948980786978,2.7141223250723748e-05,0.0
2026-05-25 14:50:00+03:00,0.1710948980786978,2.1892981298354437e-06,0.0
2026-05-25 14:55:00+03:00,0.1710948980786978,3.1122710057285905e-07,0.0
2026-05-25 15:00:00+03:00,0.1710948980786978,5.501765103379081e-06,0.0
2026-05-25 15:05:00+03:00,0.1710948980786978,2.7743366798134075e-06,0.0
2026-05-25 15:10:00+03:00,0.1710948980786978,6.5093982098923785e-06,0.0
2026-05-25 15:15:00+03:00,0.1710948980786978,2.201663143483362e-06,0.0
2026-05-25 15:20:00+03:00,0.1710948980786978,3.3886638975958087e-07,0.0
2026-05-25 15:25:00+03:00,0.1710948980786978,1.0850727686016785e-10,0.020613839613127412
2026-05-25 15:30:00+03:00,0.1710948980786978,8.486739941667568e-08,0.0
2026-05-25 15:35:00+03:00,0.1710948980786978,1.1795319008440503e-06,0.0
2026-05-25 15:40:00+03:00,0.1710948980786978,1.203836070563483e-06,0.0
2026-05-25 15:45:00+03:00,0.1710948980786978,7.719563249999916e-06,0.0
2026-05-25 15:50:00+03:00,0.1710948980786978,1.3465822776874254e-06,0.0
2026-05-25 15:55:00+03:00,0.1710948980786978,4.4556091057163684e-06,0.0
2026-05-25 16:00:00+03:00,0.1710948980786978,1.948433276023554e-06,0.0
2026-05-25 16:05:00+03:00,0.1710948980786978,3.850002077004276e-06,0.0
2026-05-25 16:10:00+03:00,0.1710948980786978,1.453881624768408e-05,0.0
2026-05-25 16:15:00+03:00,0.1710948980786978,1.9362479424303976e-06,0.0
2026-05-25 16:20:00+03:00,0.1710948980786978,1.825013312192814e-06,0.0
2026-05-25 16:25:00+03:00,0.1710948980786978,1.5650638128040485e-05,0.0
2026-05-25 16:30:00+03:00,0.1710948980786978,1.320796594579763e-06,0.0
2026-05-25 16:35:00+03:00,0.1710948980786978,2.4904470539736084e-10,0.0
2026-05-25 16:40:00+03:00,0.1710948980786978,1.7013888150916869e-10,0.0
2026-05-25 16:45:00+03:00,0.1710948980786978,2.0497382230375092e-08,0.0
2026-05-25 16:50:00+03:00,0.1710948980786978,1.0962545238114381e-08,0.0
2026-05-25 16:55:00+03:00,0.1710948980786978,2.7338253523326407e-08,0.0
2026-05-25 17:00:00+03:00,0.1710948980786978,8.2037153623987e-11,0.0
2026-05-25 17:05:00+03:00,0.1710948980786978,1.5213276240420367e-08,0.0
2026-05-25 17:10:00+03:00,0.1710948980786978,2.561720581457154e-07,0.0
2026-05-25 17:15:00+03:00,0.1710948980786978,4.6348514883971983e-07,0.0
2026-05-25 17:20:00+03:00,0.1710948980786978,3.8039450095141287e-07,0.0
2026-05-25 17:25:00+03:00,0.1710948980786978,3.4155140721155247e-07,0.0
2026-05-25 17:30:00+03:00,0.1710948980786978,3.915891551737795e-09,0.0
2026-05-25 17:35:00+03:00,0.1710948980786978,2.609080412049257e-07,0.006476009494340626
2026-05-25 17:40:00+03:00,0.1710948980786978,1.5667343091791542e-08,0.0
2026-05-25 17:45:00+03:00,0.1710948980786978,3.3673642410097486e-09,0.0
2026-05-25 17:50:00+03:00,0.1710948980786978,4.587159264622966e-08,0.0
2026-05-25 17:55:00+03:00,0.1710948980786978,5.824412339045332e-07,0.0
2026-05-26 09:55:00+03:00,0.1710948980786978,4.6519625660056536e-06,0.0020842389267780844
2026-05-26 10:00:00+03:00,0.17056973897761885,1.9549781868734534e-06,0.24565419196747754
2026-05-26 10:05:00+03:00,0.1710948980786978,0.0003171712320967229,0.024487573796418256
2026-05-26 10:10:00+03:00,0.1710948980786978,6.044542794558436e-06,0.002084494597896085
2026-05-26 10:15:00+03:00,0.1710948980786978,3.043310902602269e-06,0.0
2026-05-26 10:20:00+03:00,0.1710948980786978,6.368793195405886e-08,0.002242650932462334
2026-05-26 10:25:00+03:00,0.17056973897761885,5.691606942020229e-07,0.1531022671049076
2026-05-26 10:30:00+03:00,0.1710948980786978,9.94264243981953e-07,0.0
2026-05-26 10:35:00+03:00,0.1710948980786978,5.851131351232838e-07,0.0022941949300566535
2026-05-26 10:40:00+03:00,0.1710948980786978,2.660796083270223e-07,0.0
2026-05-26 10:45:00+03:00,0.1710948980786978,1.4199548102029016e-07,0.0
2026-05-26 10:50:00+03:00,0.1710948980786978,6.627564320801822e-09,0.0017129828224651629
2026-05-26 10:55:00+03:00,0.1710948980786978,2.3444868572789452e-09,0.0
2026-05-26 11:00:00+03:00,0.1710948980786978,1.6887958806651426e-09,0.0
2026-05-26 11:05:00+03:00,0.1710948980786978,2.22889813021459e-10,0.0
2026-05-26 11:10:00+03:00,0.1710948980786978,1.2849798318045697e-10,0.0
2026-05-26 11:15:00+03:00,0.1710948980786978,1.7030876217578486e-11,0.0
2026-05-26 11:20:00+03:00,0.1710948980786978,2.24835564865171e-11,0.0
2026-05-26 11:25:00+03:00,0.1710948980786978,8.394899743983131e-11,0.0
2026-05-26 11:30:00+03:00,0.1710948980786978,3.552730811880154e-11,0.0
2026-05-26 11:35:00+03:00,0.1710948980786978,1.8031082789249294e-12,0.0
2026-05-26 11:40:00+03:00,0.1710948980786978,9.164000270464941e-11,0.0
2026-05-26 11:45:00+03:00,0.1710948980786978,4.97829566233109e-11,0.0
2026-05-26 11:50:00+03:00,0.1710948980786978,4.4069839604606167e-10,0.0
2026-05-26 11:55:00+03:00,0.1710948980786978,8.828763202845547e-11,0.0
2026-05-26 12:00:00+03:00,0.1710948980786978,1.1254795816011532e-08,0.0
2026-05-26 12:05:00+03:00,0.1710948980786978,2.1470155421824986e-09,0.0
2026-05-26 12:10:00+03:00,0.1710948980786978,8.730873589176318e-08,0.0017129828224651629
2026-05-26 12:15:00+03:00,0.1710948980786978,7.793312133230893e-06,0.0
2026-05-26 12:20:00+03:00,0.1710948980786978,2.9972460665469053e-06,0.0
2026-05-26 12:25:00+03:00,0.1710948980786978,7.390897337914615e-06,0.0
2026-05-26 12:35:00+03:00,0.1710948980786978,3.279918498170307e-07,0.026862354823508586
2026-06-01 09:55:00+03:00,0.1710948980786978,3.869025056384965e-10,0.0
2026-06-01 10:00:00+03:00,0.1710948980786978,1.0536705193069268e-12,0.0
2026-06-01 10:05:00+03:00,0.1710948980786978,1.5269037128116565e-13,0.0021078787145679605
2026-06-01 10:10:00+03:00,0.1710948980786978,6.2531901437123614e-15,0.0021078787145679605
2026-06-01 10:15:00+03:00,0.1710948980786978,4.732196703867321e-14,0.004130506794563754
2026-06-01 10:20:00+03:00,0.1710948980786978,2.625822040368139e-13,0.0
2026-06-01 10:25:00+03:00,0.1710948980786978,1.9249192213210256e-12,0.0
2026-06-01 10:30:00+03:00,0.1710948980786978,6.528119300939395e-14,0.004169483862955396
2026-06-01 10:35:00+03:00,0.1710948980786978,2.5421477791848926e-13,0.002155875834676492
2026-06-01 10:40:00+03:00,0.1710948980786978,5.851775749662765e-12,0.0
2026-06-01 10:45:00+03:00,0.1710948980786978,2.6463490130256037e-11,0.0
2026-06-01 10:50:00+03:00,0.1710948980786978,6.445247749339098e-13,0.0
2026-06-01 10:55:00+03:00,0.17056973897761885,1.250876323638246e-11,0.0066049520255042895
2026-06-01 11:00:00+03:00,0.1710948980786978,3.6491354067793705e-12,0.0
2026-06-01 11:05:00+03:00,0.1710948980786978,5.684018164632051e-13,0.0
2026-06-01 11:10:00+03:00,0.1710948980786978,3.929927244276141e-14,0.0
2026-06-01 11:15:00+03:00,0.1710948980786978,1.2860893156071894e-13,0.0
2026-06-01 11:20:00+03:00,0.1710948980786978,1.0055874181771395e-12,0.0
2026-06-01 11:25:00+03:00,0.1710948980786978,1.0251129547815754e-10,0.0
2026-06-01 11:30:00+03:00,0.1710948980786978,2.8058330122600266e-09,0.0
2026-06-01 11:35:00+03:00,0.1710948980786978,1.3442994590531914e-07,0.0
2026-06-01 11:40:00+03:00,0.1710948980786978,3.2840084479163126e-08,0.0
2026-06-01 11:45:00+03:00,0.1710948980786978,4.0567762281911444e-08,0.010640739372650636
2026-06-01 11:50:00+03:00,0.1710948980786978,4.059815445733458e-06,0.0
2026-06-01 11:55:00+03:00,0.1710948980786978,1.0593100685170972e-06,0.002030356812316939
2026-06-01 12:00:00+03:00,0.1710948980786978,2.3754788444685772e-07,0.002091622887704591
2026-06-01 12:05:00+03:00,0.1710948980786978,2.0222847951885223e-08,0.002091622887704591
2026-06-01 12:10:00+03:00,0.1710948980786978,1.73259020620002e-08,0.0
2026-06-01 12:15:00+03:00,0.1710948980786978,8.258048392005151e-10,0.0
2026-06-01 12:20:00+03:00,0.1710948980786978,3.8941035974929316e-08,0.0
2026-06-01 12:25:00+03:00,0.1710948980786978,1.8059349721416316e-07,0.0
2026-06-01 12:30:00+03:00,0.1710948980786978,1.125775965168731e-07,0.0
2026-06-01 12:35:00+03:00,0.1710948980786978,1.504116607388846e-10,0.0
2026-06-01 12:40:00+03:00,0.1710948980786978,1.6345426442900334e-10,0.0
2026-06-01 12:45:00+03:00,0.1710948980786978,3.6339533411485624e-09,0.0
2026-06-01 12:50:00+03:00,0.1710948980786978,3.151805331947095e-07,0.0
2026-06-01 12:55:00+03:00,0.1710948980786978,1.6865742553673548e-06,0.0
2026-06-01 13:00:00+03:00,0.1710948980786978,3.9428694852317914e-08,0.0
2026-06-01 13:05:00+03:00,0.1710948980786978,1.4342306625884826e-08,0.0
2026-06-01 13:10:00+03:00,0.1710948980786978,1.3540692605002537e-09,0.0
2026-06-01 13:15:00+03:00,0.1710948980786978,6.295714877635293e-10,0.0
2026-06-01 13:20:00+03:00,0.1710948980786978,3.5385991053860524e-09,0.0
2026-06-01 13:25:00+03:00,0.1710948980786978,2.1419045549568415e-10,0.0
2026-06-01 13:30:00+03:00,0.1710948980786978,2.55400646259476e-12,0.0
2026-06-01 13:35:00+03:00,0.1710948980786978,3.4871577082247213e-10,0.0
2026-06-01 13:40:00+03:00,0.1710948980786978,1.963640874531086e-09,0.0
2026-06-01 13:45:00+03:00,0.1710948980786978,9.547852557227895e-09,0.0
2026-06-01 13:50:00+03:00,0.1710948980786978,9.34126981561081e-07,0.0
2026-06-01 13:55:00+03:00,0.1710948980786978,6.604512753346345e-10,0.0
2026-06-01 14:00:00+03:00,0.1710948980786978,1.9706481683506223e-10,0.0
2026-06-01 14:05:00+03:00,0.1710948980786978,3.8343495285970417e-10,0.0
2026-06-01 14:10:00+03:00,0.1710948980786978,2.1577072459672343e-09,0.0
2026-06-01 14:15:00+03:00,0.1710948980786978,2.587546668674619e-09,0.0
2026-06-01 14:20:00+03:00,0.1710948980786978,2.0786550539311755e-09,0.0
2026-06-01 14:25:00+03:00,0.1710948980786978,1.7305874526620743e-09,0.0
2026-06-01 14:30:00+03:00,0.1710948980786978,8.717622319096922e-11,0.0
2026-06-01 14:35:00+03:00,0.1710948980786978,3.0478935259387404e-10,0.0
2026-06-01 14:40:00+03:00,0.1710948980786978,1.1563940445312361e-10,0.0
2026-06-01 14:45:00+03:00,0.1710948980786978,5.038139275661126e-10,0.0
2026-06-01 14:50:00+03:00,0.1710948980786978,1.1058751841194888e-09,0.0
2026-06-01 14:55:00+03:00,0.1710948980786978,9.328849532006337e-11,0.0
2026-06-01 15:00:00+03:00,0.1710948980786978,7.788241531154104e-08,0.0
2026-06-01 15:05:00+03:00,0.1710948980786978,2.2109612289875964e-07,0.0
2026-06-01 15:10:00+03:00,0.1710948980786978,1.1402339645273294e-07,0.0
2026-06-01 15:15:00+03:00,0.1710948980786978,2.1772268982707574e-10,0.0
2026-06-01 15:20:00+03:00,0.1710948980786978,1.89452676998076e-09,0.0
2026-06-01 15:25:00+03:00,0.1710948980786978,1.2586576676042793e-07,0.0
2026-06-01 15:30:00+03:00,0.1710948980786978,3.1459210559443086e-07,0.0
2026-06-01 15:35:00+03:00,0.1710948980786978,3.364920282875425e-07,0.0
2026-06-01 15:40:00+03:00,0.1710948980786978,1.4193148936434568e-10,0.014525109963385794
2026-06-01 15:45:00+03:00,0.1710948980786978,1.5303873638090604e-10,0.026862354823508586
2026-06-01 15:50:00+03:00,0.1710948980786978,1.62045841030157e-09,0.0
2026-06-01 15:55:00+03:00,0.1710948980786978,6.538666948121368e-09,0.0021078787145679605
2026-06-01 16:00:00+03:00,0.1710948980786978,1.0850828031708933e-07,0.0021078787145679605
2026-06-01 16:05:00+03:00,0.1710948980786978,4.928406974351674e-10,0.0
2026-06-01 16:10:00+03:00,0.1710948980786978,7.452596143267182e-08,0.10785669823430087
2026-06-01 16:15:00+03:00,0.1710948980786978,5.467991316272315e-07,0.07330439570479727
2026-06-01 16:20:00+03:00,0.17056973897761885,1.4346020225474425e-05,0.2154712809461575
2026-06-01 16:25:00+03:00,0.6202271721625219,0.24743276482221815,0.8391362607038515
2026-06-01 16:30:00+03:00,0.8050559030055654,0.9772280998394944,0.716228778002312
2026-06-01 16:35:00+03:00,0.8077611557036762,0.8973362962812627,0.8988987423707674
2026-06-01 16:40:00+03:00,0.8223136498747551,0.9948707314542846,0.9813120574686919
2026-06-01 16:45:00+03:00,0.8223136498747551,0.9993793609699158,0.9851296612473
2026-06-01 16:50:00+03:00,0.8223136498747551,0.9932244338927855,0.9842627447934649
2026-06-01 16:55:00+03:00,0.8215180025484221,0.14548906698886382,0.9710297724316534
2026-06-01 17:00:00+03:00,0.3641174388527678,0.8452898796651108,0.9669780273655116
2026-06-01 17:05:00+03:00,0.3641174388527678,0.7931898011594735,0.9654272012086393
2026-06-01 17:10:00+03:00,0.3641174388527678,0.01164980614936624,0.9515926900206483
2026-06-01 17:15:00+03:00,0.1710948980786978,0.00021107461483639992,0.6418885978520454
2026-06-01 17:20:00+03:00,0.1710948980786978,0.02710352334259338,0.5485648444784518
2026-06-01 17:25:00+03:00,0.1710948980786978,0.2978049299402077,0.5255991236015434
2026-06-01 17:30:00+03:00,0.1710948980786978,0.0006762234153562057,0.5188035013911834
2026-06-01 17:35:00+03:00,0.1710948980786978,0.04065311960183408,0.26731345154448555
2026-06-01 17:40:00+03:00,0.1710948980786978,0.0370437197379233,0.2342825088800112
2026-06-01 17:45:00+03:00,0.1710948980786978,0.008154192672608376,0.22841216315335836
2026-06-01 17:50:00+03:00,0.1710948980786978,0.002469921519740052,0.21838639710544
2026-06-01 17:55:00+03:00,0.1710948980786978,0.006183250363660439,0.23276857824737096
2026-06-02 09:55:00+03:00,0.1710948980786978,1.5380293881765972e-10,0.004238653108384715
2026-06-02 10:00:00+03:00,0.1710948980786978,1.982659681617504e-12,0.004224431566912201
2026-06-02 10:05:00+03:00,0.1710948980786978,1.3138971950761383e-10,0.004224431566912201
2026-06-02 10:10:00+03:00,0.1710948980786978,1.3679784517375614e-11,0.004224431566912201
2026-06-02 10:15:00+03:00,0.1710948980786978,1.047386098911621e-12,0.004088751412896045
2026-06-02 10:20:00+03:00,0.1710948980786978,1.688322116798541e-16,0.0020000120721431276
2026-06-02 10:25:00+03:00,0.1710948980786978,3.604119701495425e-18,0.004088751412896045
2026-06-02 10:30:00+03:00,0.1710948980786978,5.3766135668655e-16,0.004088751412896045
2026-06-02 10:35:00+03:00,0.1710948980786978,7.431435494100031e-16,0.0020000120721431276
2026-06-02 10:40:00+03:00,0.1710948980786978,1.9450230830428531e-16,0.0020000120721431276
2026-06-02 10:45:00+03:00,0.1710948980786978,1.9471796222755082e-16,0.0020000120721431276
2026-06-02 10:50:00+03:00,0.1710948980786978,2.969721285902897e-16,0.0020000120721431276
2026-06-02 10:55:00+03:00,0.1710948980786978,3.3406422226912607e-15,0.0020000120721431276
2026-06-02 11:00:00+03:00,0.1710948980786978,1.7148953055813838e-16,0.0
2026-06-02 11:05:00+03:00,0.1710948980786978,1.853646393501098e-15,0.0
2026-06-02 11:10:00+03:00,0.1710948980786978,3.478979026357377e-17,0.0
2026-06-02 11:15:00+03:00,0.1710948980786978,2.9998621644765755e-14,0.0
2026-06-02 11:20:00+03:00,0.1710948980786978,4.9317116092346026e-17,0.0
2026-06-02 11:25:00+03:00,0.1710948980786978,1.3290725633123473e-15,0.0
2026-06-02 11:30:00+03:00,0.1710948980786978,1.5953470064665623e-13,0.0
2026-06-02 11:35:00+03:00,0.1710948980786978,6.159221722264973e-11,0.0
2026-06-02 11:40:00+03:00,0.1710948980786978,9.270739280847943e-10,0.0
2026-06-02 11:45:00+03:00,0.1710948980786978,7.714302105205712e-10,0.0
2026-06-02 11:50:00+03:00,0.1710948980786978,1.39062110559906e-08,0.002091622887704591
2026-06-02 11:55:00+03:00,0.1710948980786978,1.2651947582484055e-07,0.002091622887704591
2026-06-02 12:00:00+03:00,0.1710948980786978,1.525532683140448e-09,0.0
2026-06-02 12:05:00+03:00,0.1710948980786978,1.0862948987933272e-09,0.0
2026-06-02 12:10:00+03:00,0.1710948980786978,3.430543736239628e-11,0.0
2026-06-02 12:15:00+03:00,0.1710948980786978,1.2947350562626616e-10,0.0
2026-06-02 12:20:00+03:00,0.1710948980786978,2.2528116202433142e-10,0.0
2026-06-02 12:25:00+03:00,0.1710948980786978,1.4345965165087898e-10,0.0
2026-06-02 12:30:00+03:00,0.1710948980786978,1.6233203613457808e-09,0.002196685225948466
2026-06-02 12:35:00+03:00,0.1710948980786978,7.180496269983014e-07,0.004256382088206932
2026-06-02 12:40:00+03:00,0.1710948980786978,3.929988205425014e-06,0.0
2026-06-02 12:45:00+03:00,0.1710948980786978,3.7560814427199196e-05,0.0
2026-06-02 12:50:00+03:00,0.1710948980786978,2.2542829087771493e-06,0.0
2026-06-02 12:55:00+03:00,0.1710948980786978,1.1424961109542325e-06,0.0
2026-06-02 13:00:00+03:00,0.1710948980786978,8.957060608734755e-08,0.0
2026-06-02 13:05:00+03:00,0.1710948980786978,1.3092455719765545e-07,0.0
2026-06-02 13:10:00+03:00,0.1710948980786978,2.1661131669068683e-07,0.0
2026-06-02 13:15:00+03:00,0.1710948980786978,6.171980532986142e-08,0.0
2026-06-02 13:20:00+03:00,0.1710948980786978,1.132647771450979e-09,0.0
2026-06-02 13:25:00+03:00,0.1710948980786978,1.7243599843842035e-08,0.0
2026-06-02 13:30:00+03:00,0.1710948980786978,1.4790264129606154e-08,0.0
2026-06-02 13:35:00+03:00,0.1710948980786978,4.664397138206375e-10,0.0
2026-06-02 13:40:00+03:00,0.1710948980786978,5.686703333481442e-10,0.0
2026-06-02 13:45:00+03:00,0.1710948980786978,6.659576725091891e-08,0.0
2026-06-02 13:50:00+03:00,0.1710948980786978,5.537928668073259e-08,0.0
2026-06-02 13:55:00+03:00,0.1710948980786978,1.9139227150045086e-12,0.026862354823508586
2026-06-02 14:00:00+03:00,0.1710948980786978,8.398546618920605e-12,0.0
2026-06-02 14:05:00+03:00,0.1710948980786978,5.0836859237240284e-11,0.0036187556487864746
2026-06-02 14:10:00+03:00,0.1710948980786978,3.5603580675714023e-11,0.0021078787145679605
2026-06-02 14:15:00+03:00,0.1710948980786978,1.1386514094611448e-10,0.0021078787145679605
2026-06-02 14:20:00+03:00,0.1710948980786978,4.451957542251397e-12,0.0
2026-06-02 14:25:00+03:00,0.1710948980786978,1.0325991067005193e-11,0.0
2026-06-02 14:30:00+03:00,0.1710948980786978,4.781675378422449e-11,0.0
2026-06-02 14:35:00+03:00,0.1710948980786978,2.092360241980745e-11,0.0
2026-06-02 14:40:00+03:00,0.1710948980786978,1.7552677551147585e-10,0.0
2026-06-02 14:45:00+03:00,0.1710948980786978,9.248373187214607e-10,0.0
2026-06-02 14:50:00+03:00,0.1710948980786978,5.675955823016102e-10,0.0
2026-06-02 14:55:00+03:00,0.1710948980786978,6.049680200338751e-08,0.0
2026-06-02 15:00:00+03:00,0.1710948980786978,3.655763794576812e-10,0.0
2026-06-02 15:05:00+03:00,0.1710948980786978,3.2548976379382014e-10,0.0
2026-06-02 15:10:00+03:00,0.1710948980786978,8.862871482505376e-12,0.0
2026-06-02 15:15:00+03:00,0.1710948980786978,1.6438604732579095e-13,0.016484571554828645
2026-06-02 15:20:00+03:00,0.1710948980786978,1.3458890806520826e-14,0.0
2026-06-02 15:25:00+03:00,0.1710948980786978,1.5798905188435598e-13,0.0
2026-06-02 15:30:00+03:00,0.1710948980786978,1.8718525185535154e-13,0.0
2026-06-02 15:35:00+03:00,0.1710948980786978,1.3098761536209353e-14,0.0
2026-06-02 15:40:00+03:00,0.1710948980786978,3.1448422511410016e-16,0.0
2026-06-02 15:45:00+03:00,0.1710948980786978,1.7377860372310616e-15,0.0
2026-06-02 15:50:00+03:00,0.1710948980786978,5.060557447199116e-14,0.0
2026-06-02 15:55:00+03:00,0.1710948980786978,2.564683342822138e-13,0.0
2026-06-02 16:00:00+03:00,0.1710948980786978,1.2928010725967843e-14,0.0
2026-06-02 16:05:00+03:00,0.1710948980786978,1.6029244761150474e-13,0.002117686170212767
2026-06-02 16:10:00+03:00,0.1710948980786978,3.129182256411559e-11,0.0
2026-06-02 16:15:00+03:00,0.1710948980786978,1.9087363440747398e-10,0.0
2026-06-02 16:20:00+03:00,0.1710948980786978,5.13072903980362e-11,0.0
2026-06-02 16:25:00+03:00,0.1710948980786978,1.1551023288690662e-11,0.0
2026-06-02 16:30:00+03:00,0.1710948980786978,3.823927960677811e-12,0.0
2026-06-02 16:35:00+03:00,0.1710948980786978,1.6418897880076334e-11,0.0
2026-06-02 16:40:00+03:00,0.1710948980786978,1.9893000300097545e-11,0.0
2026-06-02 16:45:00+03:00,0.1710948980786978,1.0387932821371623e-11,0.0
2026-06-02 16:50:00+03:00,0.1710948980786978,3.286513606879031e-11,0.0
2026-06-02 16:55:00+03:00,0.1710948980786978,2.570567766957505e-09,0.002091622887704591
2026-06-02 17:00:00+03:00,0.1710948980786978,1.0047662148328936e-07,0.002089547562351172
2026-06-02 17:05:00+03:00,0.1710948980786978,5.876977882957279e-09,0.0
2026-06-02 17:10:00+03:00,0.1710948980786978,4.561448659439062e-09,0.010333138597919511
2026-06-02 17:15:00+03:00,0.1710948980786978,1.161536062594548e-08,0.0
2026-06-02 17:20:00+03:00,0.1710948980786978,1.7312427907026935e-08,0.0
2026-06-02 17:25:00+03:00,0.1710948980786978,2.9655903923438786e-08,0.0
2026-06-02 17:30:00+03:00,0.1710948980786978,1.723766040468707e-10,0.0
2026-06-02 17:35:00+03:00,0.1710948980786978,3.933992733473974e-11,0.0
2026-06-02 17:40:00+03:00,0.1710948980786978,7.654034685366959e-11,0.0
2026-06-02 17:45:00+03:00,0.1710948980786978,3.432865110560243e-13,0.004129268058298769
2026-06-02 17:50:00+03:00,0.1710948980786978,1.799734484800051e-12,0.0
2026-06-02 17:55:00+03:00,0.1710948980786978,2.5626004104053398e-11,0.0
2026-06-03 09:55:00+03:00,0.1710948980786978,0.00037557837470410704,0.0656357134399853
2026-06-03 10:00:00+03:00,0.1710948980786978,6.835625087543081e-09,0.010210987122753526
2026-06-03 10:05:00+03:00,0.1710948980786978,9.40060855371571e-09,0.0046176005140797895
2026-06-03 10:10:00+03:00,0.1710948980786978,9.187907898803358e-08,0.0057103785364910654
2026-06-03 10:15:00+03:00,0.1710948980786978,3.961677371013442e-10,0.0036187556487864746
2026-06-03 10:20:00+03:00,0.1710948980786978,3.815828947488273e-09,0.0024617246794032977
2026-06-03 10:25:00+03:00,0.1710948980786978,3.857034241971696e-11,0.0
2026-06-03 10:30:00+03:00,0.1710948980786978,3.490120350475537e-11,0.006604945235992195
2026-06-03 10:35:00+03:00,0.17056973897761885,5.715199955735485e-09,0.0300072326405208
2026-06-03 10:40:00+03:00,0.17056973897761885,1.6901676545893773e-08,0.04292590803305113
2026-06-03 10:45:00+03:00,0.1710948980786978,1.381129075414589e-08,0.002084494597896085
2026-06-03 10:50:00+03:00,0.1710948980786978,2.636050572220406e-09,0.0
2026-06-03 10:55:00+03:00,0.1710948980786978,1.0964456571852718e-10,0.00229384528159254
2026-06-03 11:00:00+03:00,0.1710948980786978,1.1058685551928633e-09,0.00945100807175228
2026-06-03 11:05:00+03:00,0.1710948980786978,1.3262094149776694e-07,0.0
2026-06-03 11:10:00+03:00,0.1710948980786978,3.0096546619906713e-07,0.0
2026-06-03 11:15:00+03:00,0.1710948980786978,1.475240336319571e-07,0.0
2026-06-03 11:20:00+03:00,0.1710948980786978,8.726638617593442e-09,0.004158558474529974
2026-06-03 11:25:00+03:00,0.1710948980786978,7.395646871470349e-08,0.0
2026-06-03 11:30:00+03:00,0.1710948980786978,6.3014199984092774e-09,0.0
2026-06-03 11:35:00+03:00,0.1710948980786978,3.938054665045394e-09,0.0
2026-06-03 11:40:00+03:00,0.1710948980786978,2.9616554918855216e-10,0.0
2026-06-03 11:45:00+03:00,0.1710948980786978,4.8892770195243565e-09,0.0
2026-06-03 11:50:00+03:00,0.1710948980786978,2.572179472190016e-11,0.0
2026-06-03 11:55:00+03:00,0.1710948980786978,5.62860961969115e-11,0.0
2026-06-03 12:00:00+03:00,0.1710948980786978,1.7461174411602534e-12,0.0
2026-06-03 12:05:00+03:00,0.1710948980786978,2.2290086426186735e-13,0.004129268058298769
2026-06-03 12:10:00+03:00,0.1710948980786978,1.1441829407659382e-10,0.0
2026-06-03 12:15:00+03:00,0.1710948980786978,4.874691063108243e-10,0.0
2026-06-03 12:20:00+03:00,0.1710948980786978,4.116909829808143e-09,0.0
2026-06-03 12:25:00+03:00,0.1710948980786978,1.2299485195341022e-08,0.0
2026-06-03 12:30:00+03:00,0.1710948980786978,2.171928495578873e-10,0.0
2026-06-03 12:35:00+03:00,0.1710948980786978,1.1283840838569374e-09,0.0
2026-06-03 12:40:00+03:00,0.1710948980786978,9.026766865172481e-12,0.0
2026-06-03 12:45:00+03:00,0.1710948980786978,1.3873515996198383e-11,0.0
2026-06-03 12:50:00+03:00,0.1710948980786978,1.9682871822399147e-11,0.0
2026-06-03 12:55:00+03:00,0.1710948980786978,9.119297896572924e-10,0.0
2026-06-03 13:00:00+03:00,0.1710948980786978,6.86733308343779e-10,0.0
2026-06-03 13:05:00+03:00,0.1710948980786978,4.246817661894214e-12,0.0
2026-06-03 13:10:00+03:00,0.1710948980786978,3.774647481622792e-14,0.026862354823508586
2026-06-03 13:15:00+03:00,0.1710948980786978,9.712751618856183e-12,0.016145415925396873
2026-06-03 13:20:00+03:00,0.1710948980786978,3.6761836855559963e-09,0.0021078787145679605
2026-06-03 13:25:00+03:00,0.1710948980786978,6.159327532773951e-09,0.0021078787145679605
2026-06-03 13:30:00+03:00,0.1710948980786978,5.076661760229273e-09,0.0021078787145679605
2026-06-03 13:35:00+03:00,0.1710948980786978,4.661527997853942e-12,0.0
2026-06-03 13:40:00+03:00,0.1710948980786978,6.91445227516757e-13,0.0
2026-06-03 13:45:00+03:00,0.1710948980786978,5.354014990315412e-13,0.0
2026-06-03 13:50:00+03:00,0.1710948980786978,9.178161807848647e-15,0.0
2026-06-03 13:55:00+03:00,0.1710948980786978,1.0738920861778507e-12,0.0
2026-06-03 14:00:00+03:00,0.1710948980786978,5.749363408368725e-13,0.0
2026-06-03 14:05:00+03:00,0.1710948980786978,1.055440532588472e-13,0.0
2026-06-03 14:10:00+03:00,0.1710948980786978,3.888462461271344e-14,0.0
2026-06-03 14:15:00+03:00,0.1710948980786978,2.2035651233882142e-13,0.0
2026-06-03 14:20:00+03:00,0.1710948980786978,8.254716948795001e-13,0.0
2026-06-03 14:25:00+03:00,0.1710948980786978,2.9734791347014847e-12,0.0
2026-06-03 14:30:00+03:00,0.1710948980786978,1.2759711125412396e-12,0.0
2026-06-03 14:35:00+03:00,0.1710948980786978,2.052752292776701e-12,0.0
2026-06-03 14:40:00+03:00,0.1710948980786978,3.379831296431233e-12,0.0
2026-06-03 14:45:00+03:00,0.1710948980786978,8.0585073773431e-12,0.0
2026-06-03 14:50:00+03:00,0.1710948980786978,2.8514784935836006e-09,0.0
2026-06-03 14:55:00+03:00,0.1710948980786978,1.6792151398824762e-09,0.0
2026-06-03 15:00:00+03:00,0.1710948980786978,5.577061112406407e-09,0.0
2026-06-03 15:05:00+03:00,0.1710948980786978,1.5085259015501003e-08,0.0
2026-06-03 15:10:00+03:00,0.1710948980786978,2.9439341426048436e-08,0.0
2026-06-03 15:15:00+03:00,0.1710948980786978,8.467993499783948e-09,0.0
2026-06-03 15:20:00+03:00,0.1710948980786978,1.0693161274907e-08,0.0
2026-06-03 15:25:00+03:00,0.1710948980786978,6.77148302681423e-08,0.0020619497593614283
2026-06-03 15:30:00+03:00,0.1710948980786978,2.373490137606141e-07,0.0
2026-06-03 15:35:00+03:00,0.1710948980786978,9.60858675961133e-07,0.0020619497593614283
2026-06-03 15:40:00+03:00,0.1710948980786978,7.911670630197361e-07,0.0
2026-06-03 15:45:00+03:00,0.1710948980786978,0.0007224084172182093,0.0
2026-06-03 15:50:00+03:00,0.1710948980786978,6.156408762628083e-05,0.0
2026-06-03 15:55:00+03:00,0.1710948980786978,3.7765737115755416e-07,0.0
2026-06-03 16:00:00+03:00,0.1710948980786978,2.8594688700582065e-05,0.0
2026-06-03 16:05:00+03:00,0.1710948980786978,7.3937328026583405e-06,0.0
2026-06-03 16:10:00+03:00,0.1710948980786978,9.532813158849044e-06,0.0
2026-06-03 16:15:00+03:00,0.1710948980786978,6.474890979113731e-07,0.03943489810183097
2026-06-03 16:20:00+03:00,0.1710948980786978,2.1325124898447948e-07,0.0
2026-06-03 16:25:00+03:00,0.1710948980786978,1.9487130743871532e-07,0.0
2026-06-03 16:30:00+03:00,0.1710948980786978,1.3810739651804213e-06,0.0018133681603565801
2026-06-03 16:35:00+03:00,0.1710948980786978,8.915794396935662e-06,0.010686465405410794
2026-06-03 16:40:00+03:00,0.1710948980786978,0.0002058842919005181,0.04672678556342503
2026-06-03 16:45:00+03:00,0.1710948980786978,0.00020688605157214443,0.04243249836964155
2026-06-03 16:50:00+03:00,0.1710948980786978,9.667976948851314e-05,0.013081895577501374
2026-06-03 16:55:00+03:00,0.1710948980786978,0.00014700265267172878,0.012885252895730519
2026-06-03 17:00:00+03:00,0.1710948980786978,0.00037688143612389104,0.017260619641902165
2026-06-03 17:05:00+03:00,0.1710948980786978,0.0006086994442647929,0.00404604440995915
2026-06-03 17:10:00+03:00,0.1710948980786978,7.073537495792765e-06,0.0022326762496025702
2026-06-03 17:15:00+03:00,0.1710948980786978,1.0380571631238908e-06,0.0
2026-06-03 17:20:00+03:00,0.1710948980786978,1.6781155806454294e-06,0.0
2026-06-03 17:25:00+03:00,0.1710948980786978,1.561963811746594e-08,0.0
2026-06-03 17:30:00+03:00,0.1710948980786978,5.925891431632556e-07,0.0
2026-06-03 17:35:00+03:00,0.1710948980786978,5.24670984370288e-06,0.0
2026-06-03 17:40:00+03:00,0.1710948980786978,1.20659565596786e-06,0.0020842389267780844
2026-06-03 17:45:00+03:00,0.1710948980786978,3.8513511861562523e-05,0.10165239559109347
2026-06-03 17:50:00+03:00,0.1710948980786978,4.5663855846559095e-06,0.0
2026-06-03 17:55:00+03:00,0.1710948980786978,6.32388279392647e-08,0.026678802061413643
2026-06-04 09:55:00+03:00,0.1710948980786978,1.165547298355962e-09,0.0036187556487864746
2026-06-04 10:00:00+03:00,0.1710948980786978,4.066258376871117e-11,0.016484571554828645
2026-06-04 10:05:00+03:00,0.1710948980786978,6.65095272961606e-14,0.0
2026-06-04 10:10:00+03:00,0.1710948980786978,1.823685024744899e-12,0.0
2026-06-04 10:15:00+03:00,0.1710948980786978,1.2727685332789057e-13,0.0
2026-06-04 10:20:00+03:00,0.1710948980786978,1.6301304335587326e-14,0.0
2026-06-04 10:25:00+03:00,0.1710948980786978,3.157712931029038e-16,0.0
2026-06-04 10:30:00+03:00,0.1710948980786978,1.854314949524721e-15,0.0
2026-06-04 10:35:00+03:00,0.1710948980786978,2.1626223721093903e-16,0.0
2026-06-04 10:40:00+03:00,0.1710948980786978,5.263094180922749e-16,0.0
2026-06-04 10:45:00+03:00,0.1710948980786978,5.13568243316432e-13,0.0
2026-06-04 10:50:00+03:00,0.17056973897761885,9.423780268514596e-13,0.00807544644852836
2026-06-04 10:55:00+03:00,0.1710948980786978,4.168936222280022e-10,0.0
2026-06-04 11:00:00+03:00,0.17056973897761885,1.1120319046965041e-08,0.01016706933623295
2026-06-04 11:05:00+03:00,0.17056973897761885,5.996734869891571e-09,0.010324606304061177
2026-06-04 11:10:00+03:00,0.17056973897761885,3.1569668271193206e-08,0.022788326172312814
2026-06-04 11:15:00+03:00,0.17056973897761885,5.698842058398551e-09,0.03529786391819077
2026-06-04 11:20:00+03:00,0.17056973897761885,2.0719526515280546e-08,0.0699337022423157
2026-06-04 11:25:00+03:00,0.17056973897761885,2.0541257424514007e-07,0.05768073144405716
2026-06-04 11:30:00+03:00,0.1710948980786978,5.197320498547428e-07,0.006103177981182168
2026-06-04 11:35:00+03:00,0.1710948980786978,1.341700836966239e-07,0.006263760353673479
2026-06-04 11:40:00+03:00,0.1710948980786978,0.00034178314567876963,0.009819066955058839
2026-06-04 11:45:00+03:00,0.1710948980786978,6.917620804536578e-05,0.0040757985676224025
2026-06-04 11:50:00+03:00,0.1710948980786978,2.7121601644806687e-06,0.0019841756799178116
2026-06-04 11:55:00+03:00,0.1710948980786978,2.909424840127628e-06,0.014390317232267502
2026-06-04 12:00:00+03:00,0.1710948980786978,2.071652216560426e-06,0.0040757985676224025
2026-06-04 12:05:00+03:00,0.1710948980786978,7.123454625522971e-07,0.0019841756799178116
2026-06-04 12:10:00+03:00,0.1710948980786978,1.563136296189284e-08,0.0
2026-06-04 12:15:00+03:00,0.1710948980786978,5.8147580525190415e-08,0.0
2026-06-04 12:20:00+03:00,0.1710948980786978,9.804685352904708e-07,0.0
2026-06-04 12:25:00+03:00,0.1710948980786978,7.768256142460954e-07,0.0
2026-06-04 12:30:00+03:00,0.1710948980786978,3.623795277877399e-08,0.0
2026-06-04 12:35:00+03:00,0.1710948980786978,9.72516720411158e-09,0.0
2026-06-04 12:40:00+03:00,0.1710948980786978,1.4902765824860913e-09,0.0
2026-06-04 12:45:00+03:00,0.1710948980786978,8.176884221130919e-11,0.0
2026-06-04 12:50:00+03:00,0.1710948980786978,8.139383213725376e-11,0.0
2026-06-04 12:55:00+03:00,0.1710948980786978,1.0595063643209904e-10,0.0
2026-06-04 13:00:00+03:00,0.1710948980786978,8.616665991012153e-13,0.0
2026-06-04 13:05:00+03:00,0.1710948980786978,1.7305528544922935e-12,0.0
2026-06-04 13:10:00+03:00,0.1710948980786978,1.635469066248345e-09,0.0
2026-06-04 13:15:00+03:00,0.1710948980786978,2.3286962747927963e-09,0.0
2026-06-04 13:20:00+03:00,0.1710948980786978,9.033604111228617e-10,0.0
2026-06-04 13:25:00+03:00,0.1710948980786978,1.0198439155381075e-09,0.0
2026-06-04 13:30:00+03:00,0.1710948980786978,9.793089027857487e-08,0.0059933660753935915
2026-06-04 13:35:00+03:00,0.1710948980786978,1.0306449477224357e-10,0.0018133681603565801
2026-06-04 13:40:00+03:00,0.1710948980786978,2.5405637546407112e-09,0.00802715485533442
2026-06-04 13:45:00+03:00,0.1710948980786978,2.2018753726547898e-08,0.0018133681603565801
2026-06-04 13:50:00+03:00,0.1710948980786978,1.0194120167906255e-08,0.0018133681603565801
2026-06-04 13:55:00+03:00,0.1710948980786978,3.708189366806744e-09,0.0018133681603565801
2026-06-04 14:00:00+03:00,0.1710948980786978,1.1215302631569314e-07,0.037272603471868476
2026-06-04 14:05:00+03:00,0.1710948980786978,3.8240007063560767e-07,0.003873065022615046
2026-06-04 14:10:00+03:00,0.1710948980786978,4.535621390052778e-08,0.0
2026-06-04 14:15:00+03:00,0.1710948980786978,1.9596567830314833e-10,0.0
2026-06-04 14:20:00+03:00,0.1710948980786978,8.224155766034652e-10,0.0
2026-06-04 14:25:00+03:00,0.1710948980786978,5.6301887136383175e-14,0.026862354823508586
2026-06-04 14:30:00+03:00,0.1710948980786978,2.930895066066215e-13,0.0
2026-06-04 14:35:00+03:00,0.1710948980786978,4.9508876462269106e-11,0.0
2026-06-04 14:40:00+03:00,0.1710948980786978,6.392072360348949e-12,0.0021078787145679605
2026-06-04 14:45:00+03:00,0.1710948980786978,8.304513066513441e-14,0.0021078787145679605
2026-06-04 14:50:00+03:00,0.1710948980786978,6.412986669758963e-14,0.0
2026-06-04 14:55:00+03:00,0.1710948980786978,9.57793912030879e-16,0.0
2026-06-04 15:00:00+03:00,0.1710948980786978,8.91916289466578e-17,0.0
2026-06-04 15:05:00+03:00,0.1710948980786978,2.4613951009596457e-16,0.0
2026-06-04 15:10:00+03:00,0.1710948980786978,5.2007291306793794e-15,0.0
2026-06-04 15:15:00+03:00,0.1710948980786978,1.0838987995856663e-13,0.0
2026-06-04 15:20:00+03:00,0.1710948980786978,3.028323127915249e-14,0.0
2026-06-04 15:25:00+03:00,0.1710948980786978,1.8453017864036555e-13,0.0
2026-06-04 15:30:00+03:00,0.1710948980786978,1.1194940897768817e-13,0.0
2026-06-04 15:35:00+03:00,0.1710948980786978,1.455824989705565e-12,0.0
2026-06-04 15:40:00+03:00,0.1710948980786978,2.5483727825054327e-14,0.0
2026-06-04 15:45:00+03:00,0.1710948980786978,6.384236259878568e-12,0.0
2026-06-04 15:50:00+03:00,0.1710948980786978,4.6312012993043694e-11,0.0
2026-06-04 15:55:00+03:00,0.1710948980786978,1.0960501286873289e-10,0.0
2026-06-04 16:00:00+03:00,0.1710948980786978,1.774929176696344e-11,0.0
2026-06-04 16:05:00+03:00,0.1710948980786978,4.5750465769662215e-11,0.0
2026-06-04 16:10:00+03:00,0.1710948980786978,9.992971839029036e-12,0.0
2026-06-04 16:15:00+03:00,0.1710948980786978,2.2374197476562433e-12,0.0
2026-06-04 16:20:00+03:00,0.1710948980786978,6.381728201404096e-11,0.0
2026-06-04 16:25:00+03:00,0.1710948980786978,2.944745830082878e-10,0.0
2026-06-04 16:30:00+03:00,0.1710948980786978,5.217599018016731e-10,0.004202101754628352
2026-06-04 16:35:00+03:00,0.1710948980786978,1.6510360593346503e-07,0.016582439839477686
2026-06-04 16:40:00+03:00,0.1710948980786978,3.782595464403591e-07,0.010325610174908729
2026-06-04 16:45:00+03:00,0.1710948980786978,2.944712390175058e-06,0.0
2026-06-04 16:50:00+03:00,0.1710948980786978,2.2668770185497813e-06,0.0
2026-06-04 16:55:00+03:00,0.1710948980786978,4.12185998623043e-05,0.0
2026-06-04 17:00:00+03:00,0.1710948980786978,1.0464019989178793e-05,0.0
2026-06-04 17:05:00+03:00,0.1710948980786978,2.417119363023163e-07,0.0
2026-06-04 17:10:00+03:00,0.1710948980786978,1.2675360434308271e-06,0.0020503445210046673
2026-06-04 17:15:00+03:00,0.17056973897761885,5.918320178999492e-08,0.048660626273572205
2026-06-04 17:20:00+03:00,0.1710948980786978,3.3410076154407305e-07,0.0
2026-06-04 17:25:00+03:00,0.1710948980786978,1.2494072049942542e-07,0.0
2026-06-04 17:30:00+03:00,0.1710948980786978,8.506192336189261e-08,0.0
2026-06-04 17:35:00+03:00,0.1710948980786978,3.31984363233454e-09,0.0
2026-06-04 17:40:00+03:00,0.1710948980786978,1.471759908408279e-09,0.0
2026-06-04 17:45:00+03:00,0.1710948980786978,3.162685827591936e-07,0.0
2026-06-04 17:50:00+03:00,0.1710948980786978,7.963730952208315e-08,0.0
2026-06-04 17:55:00+03:00,0.1710948980786978,7.97014221844488e-10,0.0
2026-06-05 09:55:00+03:00,0.1710948980786978,2.8845385190817227e-12,0.0
2026-06-05 10:00:00+03:00,0.1710948980786978,3.477904868214262e-08,0.012446923439957031
2026-06-05 10:05:00+03:00,0.1710948980786978,2.789740508612764e-07,0.0
2026-06-05 10:10:00+03:00,0.1710948980786978,2.866251462532071e-06,0.0
2026-06-05 10:15:00+03:00,0.1710948980786978,5.16503415558091e-06,0.0020710274838548013
2026-06-05 10:20:00+03:00,0.1710948980786978,5.943950264316707e-06,0.0020710274838548013
2026-06-05 10:25:00+03:00,0.1710948980786978,1.4684066276063561e-05,0.0
2026-06-05 10:30:00+03:00,0.1710948980786978,9.531321864175316e-06,0.0
2026-06-05 10:35:00+03:00,0.1710948980786978,2.768425996445514e-07,0.0
2026-06-05 10:40:00+03:00,0.1710948980786978,6.558685296783472e-07,0.0
2026-06-05 10:45:00+03:00,0.1710948980786978,4.924971788623677e-06,0.0
2026-06-05 10:50:00+03:00,0.1710948980786978,2.1821489278434474e-06,0.0
2026-06-05 10:55:00+03:00,0.1710948980786978,4.637427128342889e-06,0.0
2026-06-05 11:00:00+03:00,0.1710948980786978,4.923071702538276e-06,0.0
2026-06-05 11:05:00+03:00,0.1710948980786978,3.939651921145101e-07,0.06857171154240511
2026-06-05 11:10:00+03:00,0.1710948980786978,8.253163299717201e-05,0.0020842389267780844
2026-06-05 11:15:00+03:00,0.1710948980786978,0.0005273544889188034,0.0020842389267780844
2026-06-05 11:20:00+03:00,0.1710948980786978,0.00017340798165956477,0.008074387538952397
2026-06-05 11:25:00+03:00,0.1710948980786978,3.879521787014476e-05,0.0
2026-06-05 11:30:00+03:00,0.1710948980786978,2.3312372500912744e-05,0.0
2026-06-05 11:35:00+03:00,0.1710948980786978,1.0013230729544536e-06,0.0
2026-06-05 11:40:00+03:00,0.1710948980786978,3.2223314311746824e-07,0.0
2026-06-05 11:45:00+03:00,0.1710948980786978,1.7687615678002353e-05,0.0
2026-06-05 11:50:00+03:00,0.1710948980786978,1.753617833453985e-08,0.0
2026-06-05 11:55:00+03:00,0.1710948980786978,2.5863934618643207e-08,0.0
2026-06-05 12:00:00+03:00,0.1710948980786978,5.115811860291462e-10,0.0
2026-06-05 12:05:00+03:00,0.1710948980786978,1.404707735784393e-08,0.0
2026-06-05 12:10:00+03:00,0.1710948980786978,1.6277526139504692e-09,0.0
2026-06-05 12:15:00+03:00,0.1710948980786978,2.236369002333562e-08,0.0
2026-06-05 12:20:00+03:00,0.1710948980786978,1.667539163136041e-08,0.0
2026-06-05 12:25:00+03:00,0.1710948980786978,8.115277671961052e-10,0.0
2026-06-05 12:30:00+03:00,0.1710948980786978,1.977063379968283e-09,0.0
2026-06-05 12:35:00+03:00,0.1710948980786978,4.0987788153969495e-09,0.0
2026-06-05 12:40:00+03:00,0.1710948980786978,6.061063842107392e-08,0.0
2026-06-05 12:45:00+03:00,0.1710948980786978,9.122105369324042e-13,0.0
2026-06-05 12:50:00+03:00,0.1710948980786978,4.2064330473819997e-10,0.0
2026-06-05 12:55:00+03:00,0.1710948980786978,1.5305831639071346e-09,0.0
2026-06-05 13:00:00+03:00,0.1710948980786978,7.456139837988591e-09,0.0
2026-06-05 13:05:00+03:00,0.1710948980786978,3.1674447281979905e-08,0.0
2026-06-05 13:10:00+03:00,0.1710948980786978,5.560840584726709e-08,0.002089547562351172
2026-06-05 13:15:00+03:00,0.1710948980786978,6.557916152122557e-07,0.0
2026-06-05 13:20:00+03:00,0.1710948980786978,5.739756751138987e-07,0.002089547562351172
2026-06-05 13:25:00+03:00,0.1710948980786978,3.203155666339455e-08,0.0
2026-06-05 13:30:00+03:00,0.1710948980786978,8.085198194664035e-08,0.0
2026-06-05 13:35:00+03:00,0.1710948980786978,7.427584555784148e-08,0.0720533439899162
2026-06-05 13:40:00+03:00,0.1710948980786978,3.706508935910954e-08,0.020756537148030545
2026-06-05 13:45:00+03:00,0.1710948980786978,2.079418610713523e-06,0.0
2026-06-05 13:50:00+03:00,0.1710948980786978,4.789854719259021e-06,0.0
2026-06-05 13:55:00+03:00,0.1710948980786978,4.080852042430746e-08,0.0
2026-06-05 14:00:00+03:00,0.1710948980786978,3.778597610096198e-08,0.0
2026-06-05 14:05:00+03:00,0.1710948980786978,2.170353214393847e-10,0.0
2026-06-05 14:10:00+03:00,0.1710948980786978,1.8770365669596603e-11,0.0
2026-06-05 14:15:00+03:00,0.1710948980786978,8.467227717592398e-11,0.0
2026-06-05 14:20:00+03:00,0.1710948980786978,3.2919865222774383e-11,0.0
2026-06-05 14:25:00+03:00,0.1710948980786978,1.5337058299403798e-10,0.0
2026-06-05 14:30:00+03:00,0.1710948980786978,2.5946929564166244e-09,0.0
2026-06-05 14:35:00+03:00,0.1710948980786978,5.4138945812754815e-12,0.0
2026-06-05 14:40:00+03:00,0.1710948980786978,4.4642191918212645e-11,0.0
2026-06-05 14:45:00+03:00,0.1710948980786978,5.937924173884388e-13,0.0
2026-06-05 14:50:00+03:00,0.1710948980786978,7.128715543053204e-13,0.0
2026-06-05 14:55:00+03:00,0.1710948980786978,4.149231589564431e-12,0.0
2026-06-05 15:00:00+03:00,0.1710948980786978,3.719334699081633e-13,0.0
2026-06-05 15:05:00+03:00,0.1710948980786978,5.742739276446091e-13,0.0
2026-06-05 15:10:00+03:00,0.1710948980786978,2.4923234146833032e-12,0.0
2026-06-05 15:15:00+03:00,0.1710948980786978,1.142200502201955e-12,0.0
2026-06-05 15:20:00+03:00,0.1710948980786978,1.2921625143380416e-06,0.012587870036529648
2026-06-05 15:25:00+03:00,0.1710948980786978,7.734352034511773e-07,0.0
2026-06-05 15:30:00+03:00,0.1710948980786978,7.230454635947599e-05,0.012855338912656777
2026-06-05 15:35:00+03:00,0.1710948980786978,7.306098502344757e-05,0.01288121448671404
2026-06-05 15:40:00+03:00,0.1710948980786978,7.653059480593945e-05,0.010796975559935956
2026-06-05 15:45:00+03:00,0.1710948980786978,1.723126845706743e-05,0.010796975559935956
2026-06-05 15:50:00+03:00,0.1710948980786978,2.3884228518751956e-05,0.1088035498254942
2026-06-05 15:55:00+03:00,0.17056973897761885,0.0011779852266653827,0.24059075631621024
2026-06-05 16:00:00+03:00,0.17056973897761885,0.005082956428139461,0.0945557677239489
2026-06-05 16:05:00+03:00,0.17056973897761885,0.000419593311409417,0.14497984218590138
2026-06-05 16:10:00+03:00,0.1710948980786978,0.0029346153008718077,0.033045360407900876
2026-06-05 16:15:00+03:00,0.1710948980786978,6.897919332005113e-06,0.0
2026-06-05 16:20:00+03:00,0.1710948980786978,3.221069974571528e-07,0.004543136998635812
2026-06-05 16:25:00+03:00,0.1710948980786978,4.054970178622797e-05,0.005506475500917595
2026-06-05 16:30:00+03:00,0.1710948980786978,3.879038910748083e-05,0.0020842389267780844
2026-06-05 16:35:00+03:00,0.1710948980786978,2.6787239962223367e-05,0.013769085710083064
2026-06-05 16:40:00+03:00,0.1710948980786978,5.936394529064765e-06,0.005989491026026356
2026-06-05 16:45:00+03:00,0.1710948980786978,2.8720597670897144e-05,0.006136464402173086
2026-06-05 16:50:00+03:00,0.1710948980786978,1.2548009788728568e-05,0.007702473848491519
2026-06-05 16:55:00+03:00,0.1710948980786978,3.6788675535174793e-07,0.009623003649816024
2026-06-05 17:00:00+03:00,0.1710948980786978,3.087235351922053e-06,0.0
2026-06-05 17:05:00+03:00,0.1710948980786978,6.941645644227881e-07,0.0
2026-06-05 17:10:00+03:00,0.1710948980786978,4.000286337584474e-07,0.0
2026-06-05 17:15:00+03:00,0.1710948980786978,8.692449033069693e-08,0.0
2026-06-05 17:20:00+03:00,0.1710948980786978,3.9533279865436725e-09,0.0
2026-06-05 17:25:00+03:00,0.1710948980786978,2.1587050971419605e-11,0.0
2026-06-05 17:30:00+03:00,0.1710948980786978,1.6025747821555924e-12,0.0
2026-06-05 17:35:00+03:00,0.1710948980786978,2.507620725076369e-13,0.0
2026-06-05 17:40:00+03:00,0.1710948980786978,1.4895455214180512e-12,0.0
2026-06-05 17:45:00+03:00,0.1710948980786978,1.116943206986043e-13,0.0
2026-06-05 17:50:00+03:00,0.1710948980786978,4.1117979818662354e-16,0.0
2026-06-05 17:55:00+03:00,0.1710948980786978,1.1138563848860922e-13,0.0
2026-06-08 09:55:00+03:00,0.3383019706560566,6.29605485639704e-05,0.29738993055746304
2026-06-08 10:00:00+03:00,0.1710948980786978,1.5952420376221076e-08,0.053851798976525735
2026-06-08 10:05:00+03:00,0.1710948980786978,1.1304523943289212e-08,0.041317750394536355
2026-06-08 10:10:00+03:00,0.1710948980786978,4.5954871615885225e-08,0.014795182920768835
2026-06-08 10:15:00+03:00,0.1710948980786978,1.1485662943366434e-08,0.0036187556487864746
2026-06-08 10:20:00+03:00,0.1710948980786978,6.234217206247741e-10,0.0
2026-06-08 10:25:00+03:00,0.1710948980786978,3.537089966352711e-11,0.0
2026-06-08 10:30:00+03:00,0.1710948980786978,5.523264514854374e-12,0.0
2026-06-08 10:35:00+03:00,0.1710948980786978,7.596363329239708e-13,0.0
2026-06-08 10:40:00+03:00,0.1710948980786978,9.468914666919504e-15,0.0
2026-06-08 10:45:00+03:00,0.1710948980786978,1.4104050782062762e-17,0.0
2026-06-08 10:50:00+03:00,0.1710948980786978,1.0752608103508029e-16,0.0
2026-06-08 10:55:00+03:00,0.1710948980786978,5.562076338029338e-18,0.0
2026-06-08 11:00:00+03:00,0.1710948980786978,2.1959319768001227e-17,0.0
2026-06-08 11:05:00+03:00,0.1710948980786978,1.5193488084126737e-16,0.0
2026-06-08 11:10:00+03:00,0.1710948980786978,6.483320367271124e-16,0.0
2026-06-08 11:15:00+03:00,0.1710948980786978,3.090727702191955e-15,0.0
2026-06-08 11:20:00+03:00,0.1710948980786978,4.4254805350708216e-14,0.0
2026-06-08 11:25:00+03:00,0.1710948980786978,3.831421925590989e-15,0.0
2026-06-08 11:30:00+03:00,0.1710948980786978,4.377805987327981e-15,0.0
2026-06-08 11:35:00+03:00,0.1710948980786978,3.7530117082896695e-13,0.0
2026-06-08 11:40:00+03:00,0.1710948980786978,7.3891986189601125e-09,0.0
2026-06-08 11:45:00+03:00,0.1710948980786978,6.13080726138131e-06,0.0
2026-06-08 11:50:00+03:00,0.1710948980786978,0.00048147348473813895,0.0
2026-06-08 11:55:00+03:00,0.1710948980786978,0.04511446382946592,0.0
2026-06-08 12:00:00+03:00,0.1710948980786978,0.00015002097773927174,0.0
2026-06-08 12:05:00+03:00,0.1710948980786978,2.7281018324723234e-05,0.00209584264978967
2026-06-08 12:10:00+03:00,0.1710948980786978,0.00015029954806860908,0.0038050964014640174
2026-06-08 12:15:00+03:00,0.1710948980786978,0.058190092622933884,0.003739610563991287
2026-06-08 12:20:00+03:00,0.1710948980786978,0.0249244601236006,0.00994539815326634
2026-06-08 12:25:00+03:00,0.1710948980786978,0.0013985455216031515,0.019028992609662145
2026-06-08 12:30:00+03:00,0.1710948980786978,0.008781421225528772,0.00853825171083272
2026-06-08 12:35:00+03:00,0.17056973897761885,7.388299251064237e-06,0.09924977237033233
2026-06-08 12:40:00+03:00,0.1710948980786978,4.214341040776498e-05,0.0061542495753103554
2026-06-08 12:45:00+03:00,0.1710948980786978,3.457253634838418e-05,0.019699478932183517
2026-06-08 12:50:00+03:00,0.17056973897761885,8.786225073529646e-05,0.09018459849851512
2026-06-08 12:55:00+03:00,0.1710948980786978,6.240307217480244e-05,0.028072991056223708
2026-06-08 13:00:00+03:00,0.1710948980786978,2.5310528576365556e-06,0.03013647219089735
2026-06-08 13:05:00+03:00,0.1710948980786978,1.306421854138197e-06,0.004263812252414209
2026-06-08 13:10:00+03:00,0.1710948980786978,1.2808189615904232e-06,0.005973066004088557
2026-06-08 13:15:00+03:00,0.1710948980786978,1.9430467494705862e-07,0.001980102185874601
2026-06-08 13:20:00+03:00,0.1710948980786978,1.7521007136347633e-07,0.0
2026-06-08 13:25:00+03:00,0.1710948980786978,0.00045519138922633907,0.0
2026-06-08 13:30:00+03:00,0.1710948980786978,4.156230239931748e-07,0.0
2026-06-08 13:35:00+03:00,0.1710948980786978,8.629265803178435e-06,0.0
2026-06-08 13:40:00+03:00,0.1710948980786978,8.717826688894536e-07,0.0
2026-06-08 13:45:00+03:00,0.1710948980786978,1.5902449752355947e-07,0.0
2026-06-08 13:50:00+03:00,0.1710948980786978,3.8484432380980914e-07,0.0
2026-06-08 13:55:00+03:00,0.1710948980786978,1.8915991058731355e-09,0.0
2026-06-08 14:00:00+03:00,0.1710948980786978,6.827269781298301e-12,0.004129268058298769
2026-06-08 14:05:00+03:00,0.1710948980786978,1.1834950070862378e-11,0.0
2026-06-08 14:10:00+03:00,0.1710948980786978,1.0021913990348479e-13,0.0
2026-06-08 14:15:00+03:00,0.1710948980786978,1.263344931604959e-14,0.0
2026-06-08 14:20:00+03:00,0.1710948980786978,4.10785170552369e-14,0.004147326694705856
2026-06-08 14:25:00+03:00,0.1710948980786978,9.489664184424109e-17,0.022721718327695376
2026-06-08 14:30:00+03:00,0.1710948980786978,4.6727210215456877e-17,0.0021078787145679605
2026-06-08 14:35:00+03:00,0.1710948980786978,1.3347292558989063e-16,0.0021078787145679605
2026-06-08 14:40:00+03:00,0.1710948980786978,1.5558814822482086e-17,0.010418781562042439
2026-06-08 14:45:00+03:00,0.1710948980786978,1.7109295901420421e-15,0.0
2026-06-08 14:50:00+03:00,0.1710948980786978,3.2642229022624735e-16,0.0
2026-06-08 14:55:00+03:00,0.1710948980786978,5.554780628016757e-16,0.0
2026-06-08 15:00:00+03:00,0.1710948980786978,1.1802880777741227e-15,0.0
2026-06-08 15:05:00+03:00,0.1710948980786978,3.792448334804151e-15,0.0
2026-06-08 15:10:00+03:00,0.1710948980786978,1.4401277898070138e-14,0.0
2026-06-08 15:15:00+03:00,0.1710948980786978,1.2162248155605313e-12,0.0
2026-06-08 15:20:00+03:00,0.1710948980786978,2.800718626872429e-11,0.0
2026-06-08 15:25:00+03:00,0.1710948980786978,1.457415896868328e-11,0.0
2026-06-08 15:30:00+03:00,0.1710948980786978,2.2184475804855358e-12,0.0
2026-06-08 15:35:00+03:00,0.1710948980786978,1.5417060127357714e-13,0.0
2026-06-08 15:40:00+03:00,0.1710948980786978,4.25931962339469e-12,0.0
2026-06-08 15:45:00+03:00,0.1710948980786978,1.398038007283932e-13,0.0
2026-06-08 15:50:00+03:00,0.1710948980786978,2.0371872424935376e-12,0.0
2026-06-08 15:55:00+03:00,0.1710948980786978,3.0751373649055138e-12,0.0
2026-06-08 16:00:00+03:00,0.1710948980786978,5.574782185934826e-12,0.0
2026-06-08 16:05:00+03:00,0.1710948980786978,8.489806889279696e-10,0.0
2026-06-08 16:10:00+03:00,0.1710948980786978,1.5565107549246995e-10,0.0
2026-06-08 16:15:00+03:00,0.1710948980786978,1.1348740975875971e-09,0.0
2026-06-08 16:20:00+03:00,0.1710948980786978,7.708485555418279e-10,0.0
2026-06-08 16:25:00+03:00,0.1710948980786978,3.6060302542537034e-09,0.0
2026-06-08 16:30:00+03:00,0.1710948980786978,1.0089726168958058e-09,0.0
2026-06-08 16:35:00+03:00,0.1710948980786978,8.530735525569143e-11,0.0
2026-06-08 16:40:00+03:00,0.1710948980786978,5.702371623148662e-10,0.0
2026-06-08 16:45:00+03:00,0.1710948980786978,2.048209239505812e-06,0.0
2026-06-08 16:50:00+03:00,0.1710948980786978,5.395842519220706e-07,0.0
2026-06-08 16:55:00+03:00,0.1710948980786978,1.9016331886063494e-07,0.0
2026-06-08 17:00:00+03:00,0.1710948980786978,3.582242250391862e-08,0.0
2026-06-08 17:05:00+03:00,0.1710948980786978,2.2341563488313275e-09,0.0
2026-06-08 17:10:00+03:00,0.1710948980786978,4.6200717889700055e-10,0.0
2026-06-08 17:15:00+03:00,0.1710948980786978,5.423730705121046e-09,0.0
2026-06-08 17:20:00+03:00,0.1710948980786978,7.170484192948235e-08,0.0
2026-06-08 17:25:00+03:00,0.1710948980786978,8.908785394975452e-08,0.0
2026-06-08 17:30:00+03:00,0.1710948980786978,2.577668260115872e-08,0.0
2026-06-08 17:35:00+03:00,0.1710948980786978,4.606940521793329e-09,0.0
2026-06-08 17:40:00+03:00,0.1710948980786978,1.1042800374067864e-08,0.0
2026-06-08 17:45:00+03:00,0.1710948980786978,4.133706692087389e-08,0.0
2026-06-08 17:50:00+03:00,0.1710948980786978,6.920257815852081e-09,0.0
2026-06-08 17:55:00+03:00,0.1710948980786978,2.412300054519268e-07,0.0
2026-06-09 09:55:00+03:00,0.1710948980786978,1.4065067855154965e-10,0.0
2026-06-09 10:00:00+03:00,0.1710948980786978,1.9680043574182703e-09,0.0
2026-06-09 10:05:00+03:00,0.1710948980786978,8.867460553351047e-09,0.0
2026-06-09 10:10:00+03:00,0.1710948980786978,5.359578127060354e-08,0.0
2026-06-09 10:15:00+03:00,0.1710948980786978,5.010409490439176e-07,0.0
2026-06-09 10:20:00+03:00,0.1710948980786978,1.519351385818004e-07,0.0
2026-06-09 10:25:00+03:00,0.1710948980786978,4.6456977535055966e-06,0.0
2026-06-09 10:30:00+03:00,0.1710948980786978,1.0601796094070936e-07,0.0
2026-06-09 10:35:00+03:00,0.1710948980786978,3.614798274248615e-05,0.0
2026-06-09 10:40:00+03:00,0.1710948980786978,1.9108817609182105e-06,0.0
2026-06-09 10:45:00+03:00,0.1710948980786978,2.019508266612998e-05,0.0
2026-06-09 10:50:00+03:00,0.1710948980786978,1.0212590511422588e-06,0.0
2026-06-09 10:55:00+03:00,0.1710948980786978,3.511299569187481e-07,0.0
2026-06-09 11:00:00+03:00,0.1710948980786978,9.835132484502132e-06,0.0
2026-06-09 11:05:00+03:00,0.1710948980786978,1.627935236439693e-06,0.0
2026-06-09 11:10:00+03:00,0.1710948980786978,9.611427634245089e-06,0.0
2026-06-09 11:15:00+03:00,0.1710948980786978,4.31913882211285e-08,0.0
2026-06-09 11:20:00+03:00,0.1710948980786978,3.997100113607672e-09,0.0
2026-06-09 11:25:00+03:00,0.1710948980786978,1.1079471707562941e-08,0.0
2026-06-09 11:30:00+03:00,0.1710948980786978,3.1997276959055657e-09,0.0
2026-06-09 11:35:00+03:00,0.1710948980786978,1.380914860717449e-09,0.0
2026-06-09 11:40:00+03:00,0.1710948980786978,3.930956114047607e-10,0.0
2026-06-09 11:45:00+03:00,0.1710948980786978,1.8898204153134823e-12,0.0
2026-06-09 11:50:00+03:00,0.1710948980786978,3.6347180507327004e-11,0.0
2026-06-09 11:55:00+03:00,0.1710948980786978,1.7134159281973075e-11,0.0
2026-06-09 12:00:00+03:00,0.1710948980786978,8.734563083075446e-11,0.0
2026-06-09 12:05:00+03:00,0.1710948980786978,1.9162310128551548e-10,0.0
2026-06-09 12:10:00+03:00,0.1710948980786978,7.918626826398318e-12,0.0
2026-06-09 12:15:00+03:00,0.1710948980786978,3.792954176843461e-11,0.0
2026-06-09 12:20:00+03:00,0.1710948980786978,1.679642046738988e-10,0.0
2026-06-09 12:25:00+03:00,0.1710948980786978,2.459734387052937e-10,0.0
2026-06-09 12:30:00+03:00,0.1710948980786978,1.4385127111720327e-11,0.0
2026-06-09 12:35:00+03:00,0.1710948980786978,4.798069684538919e-09,0.0
2026-06-09 12:40:00+03:00,0.1710948980786978,2.4310904347159347e-09,0.0
2026-06-09 12:45:00+03:00,0.1710948980786978,3.924288734105417e-10,0.0
2026-06-09 12:50:00+03:00,0.1710948980786978,2.583539450607202e-10,0.0
2026-06-09 12:55:00+03:00,0.1710948980786978,1.5311726261036676e-09,0.0
2026-06-09 13:00:00+03:00,0.1710948980786978,1.3370020110571616e-10,0.0
2026-06-09 13:05:00+03:00,0.1710948980786978,4.707981064093782e-08,0.002091622887704591
2026-06-09 13:10:00+03:00,0.1710948980786978,9.663384053666224e-07,0.0
2026-06-09 13:15:00+03:00,0.1710948980786978,3.4572470799662106e-07,0.0
2026-06-09 13:20:00+03:00,0.1710948980786978,1.2663250696125365e-07,0.002091622887704591
2026-06-09 13:25:00+03:00,0.1710948980786978,3.904877384012455e-06,0.0
2026-06-09 13:30:00+03:00,0.1710948980786978,1.159269497476638e-06,0.0
2026-06-09 13:35:00+03:00,0.1710948980786978,2.522287733332011e-07,0.002091622887704591
2026-06-09 13:40:00+03:00,0.1710948980786978,1.3201808189713524e-08,0.0
2026-06-09 13:45:00+03:00,0.1710948980786978,6.565807442785129e-08,0.0
2026-06-09 13:50:00+03:00,0.1710948980786978,3.216497772929158e-08,0.0
2026-06-09 13:55:00+03:00,0.1710948980786978,1.50897672410206e-08,0.0
2026-06-09 14:00:00+03:00,0.1710948980786978,2.5597450860832244e-08,0.0
2026-06-09 14:05:00+03:00,0.1710948980786978,9.556365124829458e-08,0.008345444957872076
2026-06-09 14:10:00+03:00,0.1710948980786978,6.371288152598313e-07,0.0
2026-06-09 14:15:00+03:00,0.1710948980786978,1.2161225525524463e-06,0.0061995889456143045
2026-06-09 14:20:00+03:00,0.1710948980786978,2.422950808333656e-07,0.0
2026-06-09 14:25:00+03:00,0.1710948980786978,5.130252915163263e-08,0.0
2026-06-09 14:30:00+03:00,0.1710948980786978,7.325734668871055e-07,0.004334273820166925
2026-06-09 14:35:00+03:00,0.1710948980786978,3.0861085511325565e-07,0.0
2026-06-09 14:40:00+03:00,0.1710948980786978,1.8533405776465456e-06,0.0
2026-06-09 14:45:00+03:00,0.1710948980786978,5.127765937341829e-06,0.0
2026-06-09 14:50:00+03:00,0.1710948980786978,1.9017723358680238e-06,0.0
2026-06-09 14:55:00+03:00,0.1710948980786978,5.266813734213808e-08,0.0020842389267780844
2026-06-09 15:00:00+03:00,0.1710948980786978,1.9620407518913196e-07,0.0020842389267780844
2026-06-09 15:05:00+03:00,0.1710948980786978,0.00018569915107806222,0.08264361062942087
2026-06-09 15:10:00+03:00,0.1710948980786978,4.150052848840401e-06,0.08488752252765171
2026-06-09 15:15:00+03:00,0.1710948980786978,1.6683809201730073e-06,0.0020842389267780844
2026-06-09 15:20:00+03:00,0.1710948980786978,5.878290583031431e-06,0.08834370816575589
2026-06-09 15:25:00+03:00,0.1710948980786978,4.038398623836903e-07,0.01607211712075604
2026-06-09 15:30:00+03:00,0.1710948980786978,5.093025838967689e-07,0.024749218199025248
2026-06-09 15:35:00+03:00,0.1710948980786978,4.1173942457559606e-05,0.12078209481779861
2026-06-09 15:40:00+03:00,0.1710948980786978,4.2281178709511215e-06,0.005911175755260492
2026-06-09 15:45:00+03:00,0.1710948980786978,2.0445949397691684e-06,0.0039906459539359885
2026-06-09 15:50:00+03:00,0.1710948980786978,3.6277617792230663e-06,0.0
2026-06-09 15:55:00+03:00,0.1710948980786978,8.680450617771491e-08,0.005699899705610336
2026-06-09 16:00:00+03:00,0.1710948980786978,1.0019353473536285e-06,0.009824697460191122
2026-06-09 16:05:00+03:00,0.1710948980786978,5.6237539981922745e-08,0.0
2026-06-09 16:10:00+03:00,0.1710948980786978,6.525127224462377e-07,0.0
2026-06-09 16:15:00+03:00,0.1710948980786978,1.1393361049185405e-07,0.0
2026-06-09 16:20:00+03:00,0.1710948980786978,2.4032316436961532e-09,0.0
2026-06-09 16:25:00+03:00,0.1710948980786978,3.361399362724257e-10,0.0
2026-06-09 16:30:00+03:00,0.1710948980786978,3.753436604686651e-10,0.0
2026-06-09 16:35:00+03:00,0.1710948980786978,7.584729302462154e-09,0.0
2026-06-09 16:40:00+03:00,0.1710948980786978,2.2973119326790295e-08,0.0
2026-06-09 16:45:00+03:00,0.1710948980786978,3.3704601442715754e-12,0.026862354823508586
2026-06-09 16:50:00+03:00,0.1710948980786978,3.4133344118658817e-12,0.014525109963385794
2026-06-09 16:55:00+03:00,0.1710948980786978,9.586731272556992e-09,0.007749262443350228
2026-06-09 17:00:00+03:00,0.1710948980786978,1.2774491150306624e-08,0.0036187556487864746
2026-06-09 17:05:00+03:00,0.1710948980786978,9.567389512501516e-08,0.0
2026-06-09 17:10:00+03:00,0.1710948980786978,2.3728992011915868e-11,0.002155875834676492
2026-06-09 17:15:00+03:00,0.1710948980786978,4.1449913836142424e-10,0.0024617246794032977
2026-06-09 17:20:00+03:00,0.1710948980786978,1.1517625332982984e-09,0.0
2026-06-09 17:25:00+03:00,0.1710948980786978,1.2579902461825195e-10,0.0
2026-06-09 17:30:00+03:00,0.1710948980786978,1.5799487417126157e-08,0.0
2026-06-09 17:35:00+03:00,0.1710948980786978,3.344969957595296e-09,0.0
2026-06-09 17:40:00+03:00,0.1710948980786978,1.0940351296421812e-08,0.0
2026-06-09 17:45:00+03:00,0.1710948980786978,1.5205016525423092e-09,0.0020710274838548013
2026-06-09 17:50:00+03:00,0.1710948980786978,8.641031160968035e-08,0.00229384528159254
2026-06-09 17:55:00+03:00,0.1710948980786978,2.9210006247654236e-08,0.0
2026-06-10 09:55:00+03:00,0.1710948980786978,1.3989311253946132e-06,0.012457990554491948
2026-06-10 10:00:00+03:00,0.1710948980786978,7.779019088229548e-07,0.0
2026-06-10 10:05:00+03:00,0.1710948980786978,9.334145700823973e-08,0.0
2026-06-10 10:10:00+03:00,0.1710948980786978,3.2305101136510256e-09,0.002469476017220919
2026-06-10 10:15:00+03:00,0.1710948980786978,2.324975640051548e-11,0.0
2026-06-10 10:20:00+03:00,0.1710948980786978,4.992306421791809e-10,0.0
2026-06-10 10:25:00+03:00,0.1710948980786978,1.4977322113267445e-08,0.0
2026-06-10 10:30:00+03:00,0.1710948980786978,5.982593064159547e-09,0.0
2026-06-10 10:35:00+03:00,0.1710948980786978,1.4286038707961202e-07,0.0
2026-06-10 10:40:00+03:00,0.1710948980786978,1.68039265940286e-09,0.0
2026-06-10 10:45:00+03:00,0.1710948980786978,9.720659831865461e-09,0.0
2026-06-10 10:50:00+03:00,0.1710948980786978,9.061786632347523e-09,0.0
2026-06-10 10:55:00+03:00,0.1710948980786978,1.4050645213840325e-07,0.0
2026-06-10 11:00:00+03:00,0.1710948980786978,9.921734334791987e-10,0.0
2026-06-10 11:05:00+03:00,0.1710948980786978,2.756076985855061e-08,0.0
2026-06-10 11:10:00+03:00,0.1710948980786978,2.1058528781350594e-09,0.0
2026-06-10 11:15:00+03:00,0.1710948980786978,8.424201886203702e-08,0.0
2026-06-10 11:20:00+03:00,0.1710948980786978,5.508949773715685e-09,0.0
2026-06-10 11:25:00+03:00,0.1710948980786978,2.5231571535890603e-09,0.0
2026-06-10 11:30:00+03:00,0.1710948980786978,4.5493347503053824e-10,0.0
2026-06-10 11:35:00+03:00,0.1710948980786978,1.6795681742394325e-09,0.0
2026-06-10 11:40:00+03:00,0.1710948980786978,3.2796523978311783e-07,0.0020710274838548013
2026-06-10 11:45:00+03:00,0.1710948980786978,4.0500690653753886e-08,0.0
2026-06-10 11:50:00+03:00,0.1710948980786978,9.755689704197757e-07,0.0
2026-06-10 11:55:00+03:00,0.1710948980786978,3.133445904055364e-05,0.002173701541685376
2026-06-10 12:00:00+03:00,0.1710948980786978,2.5990327605034575e-05,0.0
2026-06-10 12:05:00+03:00,0.1710948980786978,9.951811375569833e-07,0.0
2026-06-10 12:10:00+03:00,0.1710948980786978,4.286643326455746e-07,0.0
2026-06-10 12:15:00+03:00,0.1710948980786978,9.995275844767089e-09,0.01037778326867994
2026-06-10 12:20:00+03:00,0.1710948980786978,8.820848839328044e-09,0.0
2026-06-10 12:25:00+03:00,0.1710948980786978,2.534482735272042e-10,0.0
2026-06-10 12:30:00+03:00,0.1710948980786978,1.9504128610777587e-11,0.0
2026-06-10 12:35:00+03:00,0.1710948980786978,1.0410955572113926e-12,0.0
2026-06-10 12:40:00+03:00,0.1710948980786978,1.7263290383983374e-12,0.0
2026-06-10 12:45:00+03:00,0.1710948980786978,9.960091676603528e-13,0.0
2026-06-10 12:50:00+03:00,0.1710948980786978,3.7140445824914465e-13,0.0
2026-06-10 12:55:00+03:00,0.1710948980786978,1.1904468491787135e-13,0.0
2026-06-10 13:00:00+03:00,0.1710948980786978,1.3277590752633645e-11,0.0
2026-06-10 13:05:00+03:00,0.1710948980786978,3.3526616604987997e-10,0.0
2026-06-10 13:10:00+03:00,0.1710948980786978,1.7870814019567777e-09,0.0
2026-06-10 13:15:00+03:00,0.1710948980786978,2.496984860853119e-11,0.0
2026-06-10 13:20:00+03:00,0.1710948980786978,4.363829864734832e-09,0.0
2026-06-10 13:25:00+03:00,0.1710948980786978,1.5285688118073484e-09,0.0
2026-06-10 13:30:00+03:00,0.1710948980786978,9.332504960335277e-10,0.0
2026-06-10 13:35:00+03:00,0.1710948980786978,1.6127037393197152e-09,0.0
2026-06-10 13:40:00+03:00,0.1710948980786978,1.4756163328555897e-12,0.0
2026-06-10 13:45:00+03:00,0.1710948980786978,5.859561231515162e-11,0.0
2026-06-10 13:50:00+03:00,0.1710948980786978,1.2711750651757667e-11,0.0
2026-06-10 13:55:00+03:00,0.1710948980786978,3.9991776772293855e-10,0.0
2026-06-10 14:00:00+03:00,0.1710948980786978,3.4127227770621683e-06,0.00420625357823034
2026-06-10 14:05:00+03:00,0.1710948980786978,0.00032757713884592403,0.023181940797459836
2026-06-10 14:10:00+03:00,0.1710948980786978,0.012166743701849508,0.13360369437080544
2026-06-10 14:15:00+03:00,0.1710948980786978,0.0030786509143643287,0.05166405327723193
2026-06-10 14:20:00+03:00,0.1710948980786978,0.01756611128879883,0.02259506078281936
2026-06-10 14:25:00+03:00,0.1710948980786978,0.0006441706582772819,0.054227902247303054
2026-06-10 14:30:00+03:00,0.17056973897761885,7.006925778606716e-05,0.29607691681490494
2026-06-10 14:35:00+03:00,0.17056973897761885,0.0006116978291156688,0.18270093444658642
2026-06-10 14:40:00+03:00,0.17056973897761885,0.001982745939636931,0.15328244112956108
2026-06-10 14:45:00+03:00,0.17056973897761885,0.002728962018831421,0.10387203876229716
2026-06-10 14:50:00+03:00,0.1710948980786978,5.534154167515618e-05,0.028467815030042184
2026-06-10 14:55:00+03:00,0.1710948980786978,2.088190146561152e-07,0.007889194407513492
2026-06-10 15:00:00+03:00,0.1710948980786978,1.4639500475425487e-09,0.005806294959706291
2026-06-10 15:05:00+03:00,0.1710948980786978,1.2778361339477974e-08,0.027571565387847087
2026-06-10 15:10:00+03:00,0.1710948980786978,1.8634729413486923e-08,0.004097041208031943
2026-06-10 15:15:00+03:00,0.1710948980786978,1.4222889708046472e-09,0.0
2026-06-10 15:20:00+03:00,0.1710948980786978,6.0027086738531325e-09,0.007987280581868142
2026-06-10 15:25:00+03:00,0.1710948980786978,4.995425415358276e-10,0.010276683837075355
2026-06-10 15:30:00+03:00,0.1710948980786978,3.905473533567139e-12,0.0
2026-06-10 15:35:00+03:00,0.1710948980786978,7.705997970778751e-12,0.0
2026-06-10 15:40:00+03:00,0.1710948980786978,5.854217630006418e-10,0.0
2026-06-10 15:45:00+03:00,0.1710948980786978,7.983530110131059e-08,0.0
2026-06-10 15:50:00+03:00,0.1710948980786978,1.238417478295833e-07,0.0
2026-06-10 15:55:00+03:00,0.1710948980786978,2.383343987490603e-10,0.0
2026-06-10 16:00:00+03:00,0.1710948980786978,1.0625087440478708e-09,0.0
2026-06-10 16:05:00+03:00,0.1710948980786978,1.5530646041754183e-08,0.0
2026-06-10 16:10:00+03:00,0.1710948980786978,2.1694286729064667e-10,0.00755320321411046
2026-06-10 16:15:00+03:00,0.1710948980786978,5.127147173157053e-09,0.00755320321411046
2026-06-10 16:20:00+03:00,0.1710948980786978,1.0871427750452546e-08,0.0018133681603565801
2026-06-10 16:25:00+03:00,0.1710948980786978,6.133521897128763e-08,0.0
2026-06-10 16:30:00+03:00,0.1710948980786978,8.574156838092261e-09,0.0
2026-06-10 16:35:00+03:00,0.1710948980786978,7.234922492774686e-11,0.0
2026-06-10 16:40:00+03:00,0.1710948980786978,1.2562392249459914e-12,0.0
2026-06-10 16:45:00+03:00,0.1710948980786978,2.275387562484478e-13,0.0
2026-06-10 16:50:00+03:00,0.1710948980786978,1.605262138260548e-13,0.0
2026-06-10 16:55:00+03:00,0.1710948980786978,7.87337136191923e-12,0.0
2026-06-10 17:00:00+03:00,0.1710948980786978,1.0107369954783291e-11,0.0
2026-06-10 17:05:00+03:00,0.1710948980786978,2.7919355620468654e-11,0.0
2026-06-10 17:10:00+03:00,0.1710948980786978,2.009135911891195e-12,0.0
2026-06-10 17:15:00+03:00,0.1710948980786978,1.3744977221289638e-10,0.0
2026-06-10 17:20:00+03:00,0.1710948980786978,4.18860641191696e-11,0.0
2026-06-10 17:25:00+03:00,0.1710948980786978,7.247845635149855e-11,0.0
2026-06-10 17:30:00+03:00,0.1710948980786978,7.1929550415306665e-09,0.0
2026-06-10 17:35:00+03:00,0.1710948980786978,2.5872816576985357e-10,0.0
2026-06-10 17:40:00+03:00,0.1710948980786978,2.142002797044428e-09,0.0
2026-06-10 17:45:00+03:00,0.1710948980786978,3.747693097990191e-11,0.0
2026-06-10 17:50:00+03:00,0.1710948980786978,1.161858596576399e-10,0.0
2026-06-10 17:55:00+03:00,0.1710948980786978,6.787531226609746e-10,0.0
2026-06-11 09:55:00+03:00,0.1710948980786978,2.8268011186871243e-11,0.0
2026-06-11 10:00:00+03:00,0.1710948980786978,6.6492466115206975e-09,0.0
2026-06-11 10:05:00+03:00,0.1710948980786978,1.0451058594576544e-06,0.0
2026-06-11 10:10:00+03:00,0.1710948980786978,4.522065594841429e-07,0.0
2026-06-11 10:15:00+03:00,0.1710948980786978,5.738684352877156e-07,0.0
2026-06-11 10:20:00+03:00,0.1710948980786978,1.1599505639224929e-08,0.0
2026-06-11 10:25:00+03:00,0.1710948980786978,1.6860800959569573e-10,0.0
2026-06-11 10:30:00+03:00,0.1710948980786978,8.732543194769057e-11,0.0
2026-06-11 10:35:00+03:00,0.1710948980786978,7.846573176675411e-11,0.0
2026-06-11 10:40:00+03:00,0.1710948980786978,2.9535193950725195e-10,0.0
2026-06-11 10:45:00+03:00,0.1710948980786978,2.5672626543527622e-09,0.0
2026-06-11 10:50:00+03:00,0.1710948980786978,4.3625669788017833e-11,0.0
2026-06-11 10:55:00+03:00,0.1710948980786978,5.3088375311524684e-11,0.0
2026-06-11 11:00:00+03:00,0.1710948980786978,6.141408297932522e-11,0.0
2026-06-11 11:05:00+03:00,0.1710948980786978,1.2997797432089366e-11,0.0
2026-06-11 11:10:00+03:00,0.1710948980786978,1.5444000343331887e-10,0.0
2026-06-11 11:15:00+03:00,0.1710948980786978,4.1053924661627417e-10,0.0
2026-06-11 11:20:00+03:00,0.1710948980786978,5.586005155394251e-11,0.0
2026-06-11 11:25:00+03:00,0.1710948980786978,6.947671673133016e-11,0.0
2026-06-11 11:30:00+03:00,0.1710948980786978,3.33875651389212e-10,0.0
2026-06-11 11:35:00+03:00,0.1710948980786978,7.209225612554546e-12,0.0
2026-06-11 11:40:00+03:00,0.1710948980786978,1.3829676885546006e-11,0.0
2026-06-11 11:45:00+03:00,0.1710948980786978,5.88827418503575e-10,0.0
2026-06-11 11:50:00+03:00,0.1710948980786978,4.264101590368553e-10,0.0
2026-06-11 11:55:00+03:00,0.1710948980786978,1.1682039631599136e-10,0.0
2026-06-11 12:00:00+03:00,0.1710948980786978,4.509087250732191e-08,0.0
2026-06-11 12:05:00+03:00,0.1710948980786978,4.8006985221030864e-06,0.0
2026-06-11 12:10:00+03:00,0.1710948980786978,4.902619981365621e-06,0.0
2026-06-11 12:15:00+03:00,0.1710948980786978,3.3297791721469156e-05,0.0
2026-06-11 12:20:00+03:00,0.1710948980786978,0.00015666459652894727,0.0
2026-06-11 12:25:00+03:00,0.1710948980786978,0.0015212472796003302,0.002089547562351172
2026-06-11 12:30:00+03:00,0.1710948980786978,0.0014672586413035287,0.0
2026-06-11 12:35:00+03:00,0.1710948980786978,0.03746525502734404,0.002089547562351172
2026-06-11 12:40:00+03:00,0.1710948980786978,0.0013454865443079025,0.0
2026-06-11 12:45:00+03:00,0.1710948980786978,6.930650337939428e-07,0.0
2026-06-11 12:50:00+03:00,0.1710948980786978,3.62164677729082e-05,0.0
2026-06-11 12:55:00+03:00,0.1710948980786978,1.8888635167476747e-05,0.0
2026-06-11 13:00:00+03:00,0.1710948980786978,0.0001389299702646566,0.0
2026-06-11 13:05:00+03:00,0.1710948980786978,0.02108588824241028,0.002089547562351172
2026-06-11 13:10:00+03:00,0.1710948980786978,4.004668050310713e-06,0.0
2026-06-11 13:15:00+03:00,0.1710948980786978,6.331486375614428e-05,0.002089547562351172
2026-06-11 13:20:00+03:00,0.1710948980786978,1.1720985903712168e-06,0.0
2026-06-11 13:25:00+03:00,0.1710948980786978,1.009307964758651e-07,0.0
2026-06-11 13:30:00+03:00,0.1710948980786978,7.818592365047086e-07,0.0
2026-06-11 13:35:00+03:00,0.1710948980786978,2.987417471925931e-09,0.0
2026-06-11 13:40:00+03:00,0.1710948980786978,5.153344005671517e-08,0.0
2026-06-11 13:45:00+03:00,0.1710948980786978,6.534946632717468e-08,0.0
2026-06-11 13:50:00+03:00,0.1710948980786978,4.03337899122007e-08,0.0
2026-06-11 13:55:00+03:00,0.1710948980786978,9.95664418131271e-09,0.0
2026-06-11 14:00:00+03:00,0.1710948980786978,3.055745233133671e-08,0.020613839613127412
2026-06-11 14:05:00+03:00,0.1710948980786978,1.364640278559617e-06,0.0
2026-06-11 14:10:00+03:00,0.1710948980786978,3.855899262310519e-05,0.0
2026-06-11 14:15:00+03:00,0.1710948980786978,7.063866145895519e-07,0.0
2026-06-11 14:20:00+03:00,0.1710948980786978,1.443270253516473e-08,0.0
2026-06-11 14:25:00+03:00,0.1710948980786978,9.196654948737819e-12,0.0
2026-06-11 14:30:00+03:00,0.1710948980786978,5.98469359640255e-10,0.0
2026-06-11 14:35:00+03:00,0.1710948980786978,2.992987289108283e-09,0.0
2026-06-11 14:40:00+03:00,0.1710948980786978,2.033310867856651e-06,0.0
2026-06-11 14:45:00+03:00,0.1710948980786978,9.083543713685236e-05,0.026982606935151195
2026-06-11 14:50:00+03:00,0.1710948980786978,1.1985990241469737e-06,0.0
2026-06-11 14:55:00+03:00,0.1710948980786978,1.5930598351436603e-06,0.0
2026-06-11 15:00:00+03:00,0.1710948980786978,8.050639437246735e-09,0.0
2026-06-11 15:05:00+03:00,0.1710948980786978,4.364374246621445e-06,0.0
2026-06-11 15:10:00+03:00,0.1710948980786978,1.7874497137230873e-07,0.0
2026-06-11 15:15:00+03:00,0.1710948980786978,3.874383960860814e-07,0.022661548141823185
2026-06-11 15:20:00+03:00,0.17056973897761885,2.9307533166751067e-05,0.2748961530844493
2026-06-11 15:25:00+03:00,0.17056973897761885,0.00013482479333320707,0.12846546767982217
2026-06-11 15:30:00+03:00,0.17056973897761885,0.00033985519953510997,0.17371888414165476
2026-06-11 15:35:00+03:00,0.17056973897761885,0.0009329555182796633,0.17844806425834797
2026-06-11 15:40:00+03:00,0.17056973897761885,0.02796194965443171,0.20567732599412317
2026-06-11 15:45:00+03:00,0.17056973897761885,0.15768587163608574,0.16978471341573795
2026-06-11 15:50:00+03:00,0.17056973897761885,0.0005138612480936922,0.26425405638246113
2026-06-11 15:55:00+03:00,0.17056973897761885,0.004964254404640822,0.2623489064046906
2026-06-11 16:00:00+03:00,0.17056973897761885,0.00019289178362093354,0.2107638647926602
2026-06-11 16:05:00+03:00,0.17056973897761885,1.1012511853762959e-07,0.25867089730273135
2026-06-11 16:10:00+03:00,0.1710948980786978,1.3042601405250446e-06,0.16946614999346682
2026-06-11 16:15:00+03:00,0.17056973897761885,4.560943150014733e-07,0.25986778434878965
2026-06-11 16:20:00+03:00,0.1710948980786978,5.897459510785839e-07,0.14647073609579767
2026-06-11 16:25:00+03:00,0.1710948980786978,1.0286509725081818e-07,0.11484093709779755
2026-06-11 16:30:00+03:00,0.1710948980786978,3.909745732408958e-09,0.026353409247707536
2026-06-11 16:35:00+03:00,0.1710948980786978,4.6455756843450745e-09,0.024270509799900336
2026-06-11 16:40:00+03:00,0.1710948980786978,1.4504191214961109e-09,0.003807813783812462
2026-06-11 16:45:00+03:00,0.1710948980786978,3.4902088302184835e-10,0.0
2026-06-11 16:50:00+03:00,0.1710948980786978,2.3743681556516406e-10,0.0020887393407529186
2026-06-11 16:55:00+03:00,0.1710948980786978,4.92738623084685e-12,0.0
2026-06-11 17:00:00+03:00,0.1710948980786978,5.0740824649230367e-11,0.0
2026-06-11 17:05:00+03:00,0.1710948980786978,1.2338760822912496e-11,0.0020000120721431276
2026-06-11 17:10:00+03:00,0.1710948980786978,6.909088459058338e-11,0.0020000120721431276
2026-06-11 17:15:00+03:00,0.1710948980786978,2.5098236376663428e-11,0.0020000120721431276
2026-06-11 17:20:00+03:00,0.1710948980786978,1.289141192802353e-09,0.0020000120721431276
2026-06-11 17:25:00+03:00,0.1710948980786978,1.1082617753410707e-10,0.0020000120721431276
2026-06-11 17:30:00+03:00,0.1710948980786978,7.295857732579102e-10,0.0020000120721431276
2026-06-11 17:35:00+03:00,0.1710948980786978,4.769857626825472e-10,0.004088751412896045
2026-06-11 17:40:00+03:00,0.1710948980786978,2.0753090409944478e-10,0.004088751412896045
2026-06-11 17:45:00+03:00,0.1710948980786978,4.627869002082665e-10,0.004088751412896045
2026-06-11 17:50:00+03:00,0.1710948980786978,3.4474272385021567e-10,0.0020000120721431276
2026-06-11 17:55:00+03:00,0.1710948980786978,1.6904891929450545e-11,0.0020000120721431276
2026-06-12 09:55:00+03:00,0.1710948980786978,4.379703957792902e-19,0.0036187556487864746
2026-06-12 10:00:00+03:00,0.1710948980786978,1.5484377585317037e-18,0.02010332720361512
2026-06-12 10:05:00+03:00,0.1710948980786978,1.3534590249346396e-18,0.0036187556487864746
2026-06-12 10:10:00+03:00,0.1710948980786978,2.573095870226015e-17,0.0036187556487864746
2026-06-12 10:15:00+03:00,0.1710948980786978,5.390772642860105e-18,0.0036187556487864746
2026-06-12 10:20:00+03:00,0.1710948980786978,4.808610020610088e-18,0.0
2026-06-12 10:25:00+03:00,0.1710948980786978,3.217100697949017e-21,0.0
2026-06-12 10:30:00+03:00,0.1710948980786978,9.403721341993943e-18,0.0
2026-06-12 10:35:00+03:00,0.1710948980786978,1.0443498968637282e-18,0.0
2026-06-12 10:40:00+03:00,0.1710948980786978,4.004702395428846e-19,0.0
2026-06-12 10:45:00+03:00,0.1710948980786978,6.881509698352207e-19,0.0
2026-06-12 10:50:00+03:00,0.1710948980786978,4.192022838394083e-18,0.0
2026-06-12 10:55:00+03:00,0.1710948980786978,4.9219153785670823e-17,0.0
2026-06-12 11:00:00+03:00,0.1710948980786978,4.662002308771099e-17,0.0
2026-06-12 11:05:00+03:00,0.1710948980786978,7.400013889747961e-21,0.0
2026-06-12 11:10:00+03:00,0.1710948980786978,4.9943064081515505e-22,0.0
2026-06-12 11:15:00+03:00,0.1710948980786978,1.0643718203428758e-23,0.0
2026-06-12 11:20:00+03:00,0.1710948980786978,1.1285364924571073e-21,0.0
2026-06-12 11:25:00+03:00,0.1710948980786978,7.244650902143445e-22,0.0
2026-06-12 11:30:00+03:00,0.1710948980786978,1.443096227327424e-23,0.0
2026-06-12 11:35:00+03:00,0.1710948980786978,1.9648640647700536e-21,0.0
2026-06-12 11:40:00+03:00,0.1710948980786978,6.339819542266913e-22,0.0
2026-06-12 11:45:00+03:00,0.1710948980786978,3.235079933325634e-20,0.0
2026-06-12 11:50:00+03:00,0.1710948980786978,5.0360736297127965e-18,0.0
2026-06-12 11:55:00+03:00,0.1710948980786978,1.1689421541608849e-17,0.0
2026-06-12 12:00:00+03:00,0.1710948980786978,5.523268327861127e-17,0.0
2026-06-12 12:05:00+03:00,0.1710948980786978,2.7096867669915367e-16,0.0
2026-06-12 12:10:00+03:00,0.1710948980786978,4.132984942800022e-17,0.0
2026-06-12 12:15:00+03:00,0.1710948980786978,2.6539706186218842e-17,0.0
2026-06-12 12:20:00+03:00,0.1710948980786978,1.748367963033255e-18,0.0
2026-06-12 12:25:00+03:00,0.1710948980786978,1.9191136983461255e-19,0.0
2026-06-12 12:30:00+03:00,0.1710948980786978,3.704578117008206e-17,0.0
2026-06-12 12:35:00+03:00,0.1710948980786978,1.2825133354212558e-18,0.0
2026-06-12 12:40:00+03:00,0.1710948980786978,1.479458088343358e-17,0.0
2026-06-12 12:45:00+03:00,0.1710948980786978,2.019069649599452e-15,0.0
2026-06-12 12:50:00+03:00,0.1710948980786978,2.2301775525535182e-11,0.0
2026-06-12 12:55:00+03:00,0.1710948980786978,1.5027131619958738e-09,0.002091622887704591
2026-06-12 13:00:00+03:00,0.1710948980786978,1.028543832760218e-09,0.0
2026-06-12 13:05:00+03:00,0.1710948980786978,5.313486209269531e-10,0.002091622887704591
2026-06-12 13:10:00+03:00,0.1710948980786978,2.3321943714616623e-10,0.002091622887704591
2026-06-12 13:15:00+03:00,0.1710948980786978,2.2943583384387086e-09,0.002091622887704591
2026-06-12 13:20:00+03:00,0.1710948980786978,6.26006251019547e-11,0.0
2026-06-12 13:25:00+03:00,0.17056973897761885,8.917476937421259e-12,0.11387067200118368
2026-06-12 13:30:00+03:00,0.1710948980786978,8.155983698032903e-10,0.006321943938990496
2026-06-12 13:35:00+03:00,0.1710948980786978,2.544765067003627e-09,0.0
2026-06-12 13:40:00+03:00,0.1710948980786978,3.3711940074309267e-07,0.0
2026-06-12 13:45:00+03:00,0.1710948980786978,4.7651503599723566e-08,0.0
2026-06-12 13:50:00+03:00,0.1710948980786978,7.083693268211353e-09,0.002091622887704591
2026-06-12 13:55:00+03:00,0.1710948980786978,8.693773343549872e-12,0.0
2026-06-12 14:00:00+03:00,0.1710948980786978,1.5411867908420857e-09,0.0
2026-06-12 14:05:00+03:00,0.1710948980786978,1.9376382139572954e-09,0.0
2026-06-12 14:10:00+03:00,0.1710948980786978,1.4432448567936577e-09,0.002091622887704591
2026-06-12 14:15:00+03:00,0.1710948980786978,3.416247245093054e-11,0.0
2026-06-12 14:20:00+03:00,0.1710948980786978,3.465526848652572e-10,0.0
2026-06-12 14:25:00+03:00,0.1710948980786978,6.905259608773942e-11,0.0
2026-06-12 14:30:00+03:00,0.1710948980786978,3.977618164109867e-11,0.0
2026-06-12 14:35:00+03:00,0.1710948980786978,1.4748062779062356e-09,0.002091622887704591
2026-06-12 14:40:00+03:00,0.1710948980786978,4.599781702129654e-09,0.002091622887704591
2026-06-12 14:45:00+03:00,0.1710948980786978,5.202891632449563e-08,0.002091622887704591
2026-06-12 14:50:00+03:00,0.1710948980786978,4.9779237150734e-10,0.0
2026-06-12 14:55:00+03:00,0.1710948980786978,3.897550280633311e-11,0.0
2026-06-12 15:00:00+03:00,0.1710948980786978,5.702443115553533e-10,0.0
2026-06-12 15:05:00+03:00,0.1710948980786978,2.238104314751497e-12,0.0
2026-06-12 15:10:00+03:00,0.1710948980786978,1.9307021805840182e-09,0.01037778326867994
2026-06-12 15:15:00+03:00,0.1710948980786978,1.0075317464957237e-07,0.0
2026-06-12 15:20:00+03:00,0.1710948980786978,2.636250228877354e-08,0.0
2026-06-12 15:25:00+03:00,0.1710948980786978,1.711481558375949e-08,0.0
2026-06-12 15:30:00+03:00,0.1710948980786978,1.8058089009652013e-09,0.0
2026-06-12 15:35:00+03:00,0.1710948980786978,8.112496783667504e-10,0.0
2026-06-12 15:40:00+03:00,0.1710948980786978,1.0439805453273544e-09,0.0
2026-06-12 15:45:00+03:00,0.1710948980786978,1.1383257874921505e-08,0.0
2026-06-12 15:50:00+03:00,0.1710948980786978,4.164726600913729e-06,0.0
2026-06-12 15:55:00+03:00,0.1710948980786978,3.7704560936825455e-06,0.04253446626092087
2026-06-12 16:00:00+03:00,0.1710948980786978,0.0006192844210978987,0.01759449509565794
2026-06-12 16:05:00+03:00,0.1710948980786978,0.0005895100611147176,0.002155875834676492
2026-06-12 16:10:00+03:00,0.1710948980786978,0.0013991033147108568,0.013437411693842667
2026-06-12 16:15:00+03:00,0.1710948980786978,0.0003378491055022138,0.0
2026-06-12 16:20:00+03:00,0.1710948980786978,5.4830407087729196e-05,0.008437353722175307
2026-06-12 16:25:00+03:00,0.17056973897761885,0.0008922477469569574,0.03156849180849847
2026-06-12 16:30:00+03:00,0.486705441489146,1.688700693266898e-05,0.2378490359683055
2026-06-12 16:35:00+03:00,0.1710948980786978,0.00020501006028894505,0.041759281028502064
2026-06-12 16:40:00+03:00,0.486705441489146,4.4137877128987616e-07,0.31623658937141386
2026-06-12 16:45:00+03:00,0.486705441489146,2.3913565765356056e-05,0.5173075491386006
2026-06-12 16:50:00+03:00,0.509485737423726,0.02173828277164284,0.39882915613341224
2026-06-12 16:55:00+03:00,0.7558650755555735,0.8893902842329616,0.9329456520882712
2026-06-12 17:00:00+03:00,0.7558650755555735,0.9979337575778046,0.7652222475000602
2026-06-12 17:05:00+03:00,0.509485737423726,0.6809559105410792,0.4352064867244345
2026-06-12 17:10:00+03:00,0.8111465598358727,0.41782997378179115,0.9596670040894553
2026-06-12 17:15:00+03:00,0.8223136498747551,0.984437986531693,0.9845640143009965
2026-06-12 17:20:00+03:00,0.8223136498747551,0.9959792420289151,0.9825079380906044
2026-06-12 17:25:00+03:00,0.8223136498747551,0.9932504087710283,0.9786139216433621
2026-06-12 17:30:00+03:00,0.1710948980786978,0.0004941894075616257,0.10778468138914707
2026-06-12 17:35:00+03:00,0.1710948980786978,2.678276462269377e-06,0.12701470834392026
2026-06-12 17:40:00+03:00,0.1710948980786978,0.016781025639304364,0.2128590704683247
2026-06-12 17:45:00+03:00,0.1710948980786978,8.700985803655868e-08,0.029553074480761415
2026-06-12 17:50:00+03:00,0.1710948980786978,6.227471305690552e-08,0.004313158835521992
2026-06-12 17:55:00+03:00,0.1710948980786978,2.3023199918101375e-08,0.002224419494769073
2026-06-15 09:55:00+03:00,0.1710948980786978,2.393797030211329e-20,0.0036187556487864746
2026-06-15 10:00:00+03:00,0.1710948980786978,2.5685033383306777e-20,0.041005453837929605
2026-06-15 10:05:00+03:00,0.1710948980786978,4.98417844097669e-17,0.013997622505551664
2026-06-15 10:10:00+03:00,0.1710948980786978,1.4253608886980274e-16,0.0036187556487864746
2026-06-15 10:15:00+03:00,0.1710948980786978,5.5503927620828e-18,0.0036187556487864746
2026-06-15 10:20:00+03:00,0.1710948980786978,1.5961234603411024e-26,0.03534297165455141
2026-06-15 10:25:00+03:00,0.1710948980786978,1.7999880449600935e-22,0.0
2026-06-15 10:30:00+03:00,0.1710948980786978,7.077436992408931e-22,0.0
2026-06-15 10:35:00+03:00,0.1710948980786978,6.4143939763380445e-21,0.0
2026-06-15 10:40:00+03:00,0.1710948980786978,1.1244713407272007e-26,0.022876486882004915
2026-06-15 10:45:00+03:00,0.1710948980786978,5.652712344766798e-21,0.0
2026-06-15 10:50:00+03:00,0.1710948980786978,5.1525557216113544e-24,0.004147631743873685
2026-06-15 10:55:00+03:00,0.1710948980786978,6.178074215433862e-20,0.0
2026-06-15 11:00:00+03:00,0.1710948980786978,1.4188150430428661e-18,0.0
2026-06-15 11:05:00+03:00,0.1710948980786978,5.94815612952084e-18,0.0
2026-06-15 11:10:00+03:00,0.1710948980786978,9.901358582405035e-20,0.0
2026-06-15 11:15:00+03:00,0.1710948980786978,5.585171559710598e-20,0.0
2026-06-15 11:20:00+03:00,0.1710948980786978,6.960642968820169e-22,0.0
2026-06-15 11:25:00+03:00,0.1710948980786978,2.6225140714712605e-20,0.0
2026-06-15 11:30:00+03:00,0.1710948980786978,3.7081172682342525e-18,0.0
2026-06-15 11:35:00+03:00,0.1710948980786978,3.045395108325067e-13,0.0
2026-06-15 11:40:00+03:00,0.1710948980786978,4.56913776999014e-14,0.0
2026-06-15 11:45:00+03:00,0.1710948980786978,3.049712703240207e-13,0.0
2026-06-15 11:50:00+03:00,0.1710948980786978,2.96725023556408e-12,0.0
2026-06-15 11:55:00+03:00,0.1710948980786978,3.171061896075519e-11,0.0
2026-06-15 12:00:00+03:00,0.1710948980786978,9.592734115412437e-11,0.0
2026-06-15 12:05:00+03:00,0.1710948980786978,1.2007653330038797e-11,0.0
2026-06-15 12:10:00+03:00,0.1710948980786978,3.14286783549056e-11,0.0
2026-06-15 12:15:00+03:00,0.1710948980786978,3.1659376737209094e-11,0.0
2026-06-15 12:20:00+03:00,0.1710948980786978,7.057303698205391e-11,0.0
2026-06-15 12:25:00+03:00,0.1710948980786978,4.4205835712617055e-10,0.0
2026-06-15 12:30:00+03:00,0.1710948980786978,6.365779304954357e-12,0.0
2026-06-15 12:35:00+03:00,0.1710948980786978,1.2966830037197583e-12,0.0
2026-06-15 12:40:00+03:00,0.1710948980786978,1.3010087820053846e-12,0.0
2026-06-15 12:45:00+03:00,0.1710948980786978,1.02845223141198e-11,0.0
2026-06-15 12:50:00+03:00,0.1710948980786978,4.74506312026385e-11,0.0
2026-06-15 12:55:00+03:00,0.1710948980786978,7.439591175906438e-11,0.0
2026-06-15 13:00:00+03:00,0.1710948980786978,9.941231829486177e-11,0.0
2026-06-15 13:05:00+03:00,0.1710948980786978,4.168214935818779e-10,0.0
2026-06-15 13:10:00+03:00,0.1710948980786978,8.306061212654405e-10,0.0
2026-06-15 13:15:00+03:00,0.1710948980786978,9.65390107359232e-12,0.0
2026-06-15 13:20:00+03:00,0.1710948980786978,4.7162972432441525e-11,0.0
2026-06-15 13:25:00+03:00,0.1710948980786978,4.586429599023024e-12,0.0
2026-06-15 13:30:00+03:00,0.1710948980786978,6.9579637670501e-11,0.0
2026-06-15 13:35:00+03:00,0.1710948980786978,3.072679824598504e-10,0.0
2026-06-15 13:40:00+03:00,0.1710948980786978,5.729592408684443e-10,0.0020619497593614283
2026-06-15 13:45:00+03:00,0.1710948980786978,1.062793427004675e-09,0.0020619497593614283
2026-06-15 13:50:00+03:00,0.1710948980786978,5.291886865124253e-12,0.013996538917466415
2026-06-15 13:55:00+03:00,0.1710948980786978,5.048577386070841e-11,0.0036187556487864746
2026-06-15 14:00:00+03:00,0.1710948980786978,3.461606162356644e-06,0.0036187556487864746
2026-06-15 14:05:00+03:00,0.1710948980786978,2.743333789363685e-09,0.0
2026-06-15 14:10:00+03:00,0.1710948980786978,1.9694690635300068e-08,0.0
2026-06-15 14:15:00+03:00,0.1710948980786978,1.3087619817012939e-08,0.0
2026-06-15 14:20:00+03:00,0.1710948980786978,7.101934094716612e-06,0.0
2026-06-15 14:25:00+03:00,0.1710948980786978,4.461838932031781e-07,0.0
2026-06-15 14:30:00+03:00,0.1710948980786978,1.2319010378586719e-06,0.0
2026-06-15 14:35:00+03:00,0.1710948980786978,6.982437320289169e-07,0.0
2026-06-15 14:40:00+03:00,0.1710948980786978,2.478401392944594e-07,0.0
2026-06-15 14:45:00+03:00,0.1710948980786978,6.711418248823553e-06,0.0
2026-06-15 14:50:00+03:00,0.1710948980786978,7.739176335768892e-08,0.0
2026-06-15 14:55:00+03:00,0.1710948980786978,1.4719747029656805e-07,0.0
2026-06-15 15:00:00+03:00,0.1710948980786978,1.6406310422405644e-05,0.0
2026-06-15 15:05:00+03:00,0.1710948980786978,5.8049061261212025e-06,0.013339085478716312
2026-06-15 15:10:00+03:00,0.1710948980786978,0.00010853912056952371,0.013448007565491263
2026-06-15 15:15:00+03:00,0.1710948980786978,3.1060518795509846e-06,0.0069952782258678285
2026-06-15 15:20:00+03:00,0.1710948980786978,8.30210139486781e-07,0.0
2026-06-15 15:25:00+03:00,0.1710948980786978,1.7973573222276458e-07,0.0
2026-06-15 15:30:00+03:00,0.1710948980786978,2.261618608047665e-05,0.0069300006975136184
2026-06-15 15:35:00+03:00,0.1710948980786978,1.4602349632910352e-07,0.0
2026-06-15 15:40:00+03:00,0.1710948980786978,1.475402039508697e-07,0.0
2026-06-15 15:45:00+03:00,0.1710948980786978,3.49251275738436e-08,0.0
2026-06-15 15:50:00+03:00,0.1710948980786978,3.985284431625529e-08,0.0
2026-06-15 15:55:00+03:00,0.1710948980786978,1.2474724236798262e-06,0.0
2026-06-15 16:00:00+03:00,0.1710948980786978,9.189492100579973e-10,0.0
2026-06-15 16:05:00+03:00,0.1710948980786978,1.6646695159064824e-09,0.0
2026-06-15 16:10:00+03:00,0.1710948980786978,4.48651049968705e-08,0.0
2026-06-15 16:15:00+03:00,0.1710948980786978,1.3439563653443053e-07,0.0
2026-06-15 16:20:00+03:00,0.1710948980786978,2.4461654383832347e-05,0.0
2026-06-15 16:25:00+03:00,0.1710948980786978,4.0782692708534195e-07,0.0
2026-06-15 16:30:00+03:00,0.1710948980786978,1.655531250850704e-05,0.0
2026-06-15 16:35:00+03:00,0.1710948980786978,6.017033256857491e-09,0.0
2026-06-15 16:40:00+03:00,0.1710948980786978,1.441582791819057e-05,0.0
2026-06-15 16:45:00+03:00,0.1710948980786978,9.559969313749908e-09,0.0
2026-06-15 16:50:00+03:00,0.1710948980786978,1.066953691472264e-07,0.0
2026-06-15 16:55:00+03:00,0.1710948980786978,1.3072174961087924e-08,0.0
2026-06-15 17:00:00+03:00,0.1710948980786978,3.055872649798388e-07,0.0
2026-06-15 17:05:00+03:00,0.1710948980786978,1.5312348423762085e-07,0.0
2026-06-15 17:10:00+03:00,0.1710948980786978,3.380847300419045e-08,0.0
2026-06-15 17:15:00+03:00,0.1710948980786978,1.1119251107764104e-06,0.0
2026-06-15 17:20:00+03:00,0.1710948980786978,1.968453286396411e-08,0.0
2026-06-15 17:25:00+03:00,0.1710948980786978,3.145449781105315e-09,0.0
2026-06-15 17:30:00+03:00,0.1710948980786978,1.8582012226151498e-09,0.020613839613127412
2026-06-15 17:35:00+03:00,0.1710948980786978,1.4090809860336495e-06,0.0
2026-06-15 17:40:00+03:00,0.1710948980786978,2.7288142899883966e-07,0.0
2026-06-15 17:45:00+03:00,0.1710948980786978,5.3698345032561154e-08,0.0
2026-06-15 17:50:00+03:00,0.1710948980786978,2.0592356371972073e-09,0.0
2026-06-15 17:55:00+03:00,0.1710948980786978,2.140666053398829e-06,0.020905319966445603
2026-06-16 09:55:00+03:00,0.1710948980786978,0.0019084446423299954,0.18460939108093033
2026-06-16 10:00:00+03:00,0.17056973897761885,9.107604863382912e-06,0.1643502856003612
2026-06-16 10:05:00+03:00,0.1710948980786978,1.002738913632176e-06,0.00570325024668256
2026-06-16 10:10:00+03:00,0.1710948980786978,7.437785366531843e-08,0.0036187556487864746
2026-06-16 10:15:00+03:00,0.1710948980786978,7.161618476548893e-08,0.0036187556487864746
2026-06-16 10:20:00+03:00,0.1710948980786978,3.9750277877911605e-10,0.0
2026-06-16 10:25:00+03:00,0.1710948980786978,1.6797402056468372e-11,0.0
2026-06-16 10:30:00+03:00,0.1710948980786978,1.8395536191979945e-11,0.008391824447531001
2026-06-16 10:35:00+03:00,0.1710948980786978,1.0357033554892523e-09,0.004517729172243857
2026-06-16 10:40:00+03:00,0.1710948980786978,3.0408651865369045e-09,0.0024842522524395603
2026-06-16 10:45:00+03:00,0.1710948980786978,4.902203493001212e-09,0.0024842522524395603
2026-06-16 10:50:00+03:00,0.1710948980786978,1.3972262644071135e-10,0.0
2026-06-16 10:55:00+03:00,0.1710948980786978,5.671468890910913e-11,0.004937223933197979
2026-06-16 11:00:00+03:00,0.1710948980786978,2.2717318218490398e-11,0.0
2026-06-16 11:05:00+03:00,0.1710948980786978,2.9187239581466533e-10,0.0
2026-06-16 11:10:00+03:00,0.1710948980786978,7.787249385175393e-11,0.0
2026-06-16 11:15:00+03:00,0.1710948980786978,8.488993033120856e-12,0.0
2026-06-16 11:20:00+03:00,0.1710948980786978,3.229587336488338e-12,0.0
2026-06-16 11:25:00+03:00,0.1710948980786978,1.8479125475926756e-12,0.0
2026-06-16 11:30:00+03:00,0.1710948980786978,5.947599052703419e-13,0.0
2026-06-16 11:35:00+03:00,0.1710948980786978,1.3468900809274876e-12,0.0
2026-06-16 11:40:00+03:00,0.1710948980786978,3.4334134897555426e-12,0.0
2026-06-16 11:45:00+03:00,0.1710948980786978,1.676086992661233e-13,0.0
2026-06-16 11:50:00+03:00,0.1710948980786978,5.331476388456962e-13,0.0
2026-06-16 11:55:00+03:00,0.1710948980786978,3.8991594120441386e-13,0.0
2026-06-16 12:00:00+03:00,0.1710948980786978,3.645012768919665e-13,0.0
2026-06-16 12:05:00+03:00,0.1710948980786978,1.031538422023967e-11,0.0
2026-06-16 12:10:00+03:00,0.1710948980786978,3.139385966630404e-14,0.0
2026-06-16 12:15:00+03:00,0.1710948980786978,9.379940090856359e-15,0.0
2026-06-16 12:20:00+03:00,0.1710948980786978,2.0415367908370886e-13,0.0
2026-06-16 12:25:00+03:00,0.1710948980786978,9.173153081843529e-13,0.0
2026-06-16 12:30:00+03:00,0.1710948980786978,9.460510075402541e-12,0.0
2026-06-16 12:35:00+03:00,0.1710948980786978,2.890728996816653e-10,0.0
2026-06-16 12:40:00+03:00,0.1710948980786978,4.795088916509604e-10,0.0
2026-06-16 12:45:00+03:00,0.1710948980786978,3.5573335671015634e-09,0.002155875834676492
2026-06-16 12:50:00+03:00,0.1710948980786978,2.1630044618465747e-07,0.0
2026-06-16 12:55:00+03:00,0.1710948980786978,1.467652159369026e-07,0.0
2026-06-16 13:00:00+03:00,0.1710948980786978,2.3231129588201237e-07,0.0
2026-06-16 13:05:00+03:00,0.1710948980786978,6.086319288294446e-07,0.0
2026-06-16 13:10:00+03:00,0.1710948980786978,2.895592034287449e-07,0.0
2026-06-16 13:15:00+03:00,0.1710948980786978,2.047801310393594e-08,0.0
2026-06-16 13:20:00+03:00,0.1710948980786978,7.198635514827583e-09,0.0
2026-06-16 13:25:00+03:00,0.1710948980786978,3.134325771447723e-09,0.0
2026-06-16 13:30:00+03:00,0.1710948980786978,2.3260146575281946e-08,0.0
2026-06-16 13:35:00+03:00,0.1710948980786978,3.228234889355316e-10,0.0
2026-06-16 13:40:00+03:00,0.1710948980786978,1.9833956702962683e-09,0.0
2026-06-16 13:45:00+03:00,0.1710948980786978,5.052959927407646e-10,0.0
2026-06-16 13:50:00+03:00,0.1710948980786978,2.5357230521299633e-09,0.0
2026-06-16 13:55:00+03:00,0.1710948980786978,7.364174672812694e-08,0.0
2026-06-16 14:00:00+03:00,0.1710948980786978,1.7229533608003123e-09,0.0
2026-06-16 14:05:00+03:00,0.1710948980786978,1.579675565181854e-07,0.0
2026-06-16 14:10:00+03:00,0.1710948980786978,5.262281378545959e-07,0.026845970398653267
2026-06-16 14:15:00+03:00,0.17056973897761885,1.7712113282472672e-05,0.10457880507330057
2026-06-16 14:20:00+03:00,0.1710948980786978,0.00014769885130643532,0.005837780577045946
2026-06-16 14:25:00+03:00,0.1710948980786978,0.0002557078603173422,0.002155875834676492
2026-06-16 14:30:00+03:00,0.1710948980786978,0.0004851956570938982,0.0
2026-06-16 14:35:00+03:00,0.1710948980786978,0.00013728451530641613,0.0
2026-06-16 14:40:00+03:00,0.1710948980786978,1.3097779820519306e-06,0.00342223657413951
2026-06-16 14:45:00+03:00,0.17056973897761885,9.177772051948064e-06,0.3050767379931153
2026-06-16 14:50:00+03:00,0.17056973897761885,4.932434858956705e-05,0.21632354669362847
2026-06-16 14:55:00+03:00,0.17056973897761885,0.0008400264572936213,0.2551877484382816
2026-06-16 15:00:00+03:00,0.1710948980786978,0.00015545919004980742,0.16113411037045616
2026-06-16 15:05:00+03:00,0.1710948980786978,2.082968496792506e-05,0.05247416252098759
2026-06-16 15:10:00+03:00,0.1710948980786978,9.145193735982356e-07,0.008244367902737798
2026-06-16 15:15:00+03:00,0.1710948980786978,3.309061968360848e-08,0.0019945517315783793
2026-06-16 15:20:00+03:00,0.1710948980786978,1.5050505279742932e-08,0.0
2026-06-16 15:25:00+03:00,0.1710948980786978,7.2850375017526765e-09,0.0
2026-06-16 15:30:00+03:00,0.1710948980786978,5.296791775689941e-11,0.0
2026-06-16 15:35:00+03:00,0.1710948980786978,1.2900184300559824e-12,0.0
2026-06-16 15:40:00+03:00,0.1710948980786978,1.7214498271912104e-14,0.0
2026-06-16 15:45:00+03:00,0.1710948980786978,3.316447336410361e-14,0.0
2026-06-16 15:50:00+03:00,0.1710948980786978,1.7081374084019086e-14,0.0
2026-06-16 15:55:00+03:00,0.1710948980786978,4.174260160375679e-13,0.0
2026-06-16 16:00:00+03:00,0.1710948980786978,1.112859344593362e-11,0.0
2026-06-16 16:05:00+03:00,0.1710948980786978,6.521349659552802e-13,0.0
2026-06-16 16:10:00+03:00,0.1710948980786978,2.1639054596252295e-12,0.0
2026-06-16 16:15:00+03:00,0.1710948980786978,1.9923387134475067e-12,0.0
2026-06-16 16:20:00+03:00,0.1710948980786978,4.427987186093509e-12,0.0
2026-06-16 16:25:00+03:00,0.1710948980786978,1.6618878694611062e-13,0.0
2026-06-16 16:30:00+03:00,0.1710948980786978,2.470128489578687e-14,0.0
2026-06-16 16:35:00+03:00,0.1710948980786978,2.651205353583317e-15,0.0
2026-06-16 16:40:00+03:00,0.1710948980786978,2.639477950345216e-13,0.0
2026-06-16 16:45:00+03:00,0.1710948980786978,2.2889952912747322e-12,0.0
2026-06-16 16:50:00+03:00,0.1710948980786978,9.99009012513237e-13,0.0
2026-06-16 16:55:00+03:00,0.1710948980786978,1.444785469262979e-13,0.0
2026-06-16 17:00:00+03:00,0.1710948980786978,6.690343835236277e-13,0.0
2026-06-16 17:05:00+03:00,0.1710948980786978,2.68982105445631e-10,0.0
2026-06-16 17:10:00+03:00,0.1710948980786978,1.0005576924476108e-08,0.0
2026-06-16 17:15:00+03:00,0.1710948980786978,2.001029183340928e-09,0.0
2026-06-16 17:20:00+03:00,0.1710948980786978,1.6669765631328235e-06,0.0
2026-06-16 17:25:00+03:00,0.1710948980786978,2.496143636849115e-06,0.0
2026-06-16 17:30:00+03:00,0.1710948980786978,3.6113117971720497e-07,0.0
2026-06-16 17:35:00+03:00,0.1710948980786978,1.1288344961736397e-08,0.0
2026-06-16 17:40:00+03:00,0.1710948980786978,3.4123219769236115e-08,0.0
2026-06-16 17:45:00+03:00,0.1710948980786978,3.0389724173834233e-07,0.0
2026-06-16 17:50:00+03:00,0.1710948980786978,1.987278548248804e-07,0.0
2026-06-16 17:55:00+03:00,0.1710948980786978,9.893998697402628e-09,0.0
2026-06-17 09:55:00+03:00,0.1710948980786978,3.7610154918698856e-13,0.0
2026-06-17 10:00:00+03:00,0.1710948980786978,5.634846624399164e-12,0.0
2026-06-17 10:05:00+03:00,0.1710948980786978,6.279568176788273e-08,0.0
2026-06-17 10:10:00+03:00,0.1710948980786978,4.79927678002506e-08,0.0
2026-06-17 10:15:00+03:00,0.1710948980786978,6.563716283832902e-08,0.0
2026-06-17 10:20:00+03:00,0.1710948980786978,2.4309283442807635e-09,0.0021078787145679605
2026-06-17 10:25:00+03:00,0.1710948980786978,1.6169986591500756e-08,0.0
2026-06-17 10:30:00+03:00,0.1710948980786978,1.8951492383896505e-10,0.0
2026-06-17 10:35:00+03:00,0.1710948980786978,9.105479324693356e-11,0.0
2026-06-17 10:40:00+03:00,0.1710948980786978,1.0754075468506181e-11,0.0
2026-06-17 10:45:00+03:00,0.1710948980786978,8.51881498398899e-11,0.0
2026-06-17 10:50:00+03:00,0.1710948980786978,9.595619435263416e-12,0.0
2026-06-17 10:55:00+03:00,0.1710948980786978,1.1269906275327806e-10,0.0
2026-06-17 11:00:00+03:00,0.1710948980786978,4.8419321785333734e-11,0.0
2026-06-17 11:05:00+03:00,0.1710948980786978,2.6576368761107206e-10,0.0
2026-06-17 11:10:00+03:00,0.1710948980786978,1.0612432600158608e-09,0.0
2026-06-17 11:15:00+03:00,0.1710948980786978,1.096475606265783e-09,0.0
2026-06-17 11:20:00+03:00,0.1710948980786978,5.4512573882291896e-11,0.0
2026-06-17 11:25:00+03:00,0.1710948980786978,2.2540287696288918e-10,0.0020596968622584658
2026-06-17 11:30:00+03:00,0.1710948980786978,5.2262934997253e-10,0.0020596968622584658
2026-06-17 11:35:00+03:00,0.1710948980786978,1.3987185192268341e-06,0.0041231779969321085
2026-06-17 11:40:00+03:00,0.1710948980786978,8.765525243319693e-06,0.09644683369646807
2026-06-17 11:45:00+03:00,0.17056973897761885,3.199504304525443e-07,0.10735403396842916
2026-06-17 11:50:00+03:00,0.1710948980786978,6.848947656092107e-06,0.002095677556315604
2026-06-17 11:55:00+03:00,0.1710948980786978,1.5338430655228403e-06,0.0036187556487864746
2026-06-17 12:00:00+03:00,0.1710948980786978,1.4042844388461746e-06,0.0036187556487864746
2026-06-17 12:05:00+03:00,0.1710948980786978,6.039738036636696e-08,0.0
2026-06-17 12:10:00+03:00,0.1710948980786978,4.921837326952588e-09,0.0
2026-06-17 12:15:00+03:00,0.1710948980786978,4.646823949460905e-08,0.0
2026-06-17 12:20:00+03:00,0.1710948980786978,5.113777796516528e-10,0.0
2026-06-17 12:25:00+03:00,0.1710948980786978,1.1903845933880807e-10,0.0
2026-06-17 12:30:00+03:00,0.1710948980786978,1.0734035099955748e-11,0.0
2026-06-17 12:35:00+03:00,0.1710948980786978,9.726438792078664e-13,0.0
2026-06-17 12:40:00+03:00,0.1710948980786978,4.889550349602431e-14,0.0
2026-06-17 12:45:00+03:00,0.1710948980786978,2.413356622668383e-13,0.0
2026-06-17 12:50:00+03:00,0.1710948980786978,1.1617365250945616e-12,0.0
2026-06-17 12:55:00+03:00,0.1710948980786978,1.5027725696295137e-10,0.0
2026-06-17 13:00:00+03:00,0.1710948980786978,2.5433358328883848e-11,0.0
2026-06-17 13:05:00+03:00,0.1710948980786978,9.308608408727389e-13,0.0
2026-06-17 13:10:00+03:00,0.1710948980786978,1.230440368649297e-12,0.0
2026-06-17 13:15:00+03:00,0.1710948980786978,1.2632672208003017e-16,0.0
2026-06-17 13:20:00+03:00,0.1710948980786978,1.511963606716214e-14,0.0
2026-06-17 13:25:00+03:00,0.1710948980786978,4.7062391041500106e-14,0.0
2026-06-17 13:30:00+03:00,0.1710948980786978,1.6316157638975717e-13,0.0
2026-06-17 13:35:00+03:00,0.1710948980786978,4.7649088715088324e-12,0.0
2026-06-17 13:40:00+03:00,0.1710948980786978,7.91849603249449e-14,0.0
2026-06-17 13:45:00+03:00,0.1710948980786978,3.007905096516816e-13,0.0
2026-06-17 13:50:00+03:00,0.1710948980786978,3.590833752437102e-13,0.0
2026-06-17 13:55:00+03:00,0.1710948980786978,1.99055679950918e-10,0.0
2026-06-17 14:00:00+03:00,0.1710948980786978,7.691330760998274e-08,0.01037778326867994
2026-06-17 14:05:00+03:00,0.1710948980786978,3.3311758985585696e-08,0.0
2026-06-17 14:10:00+03:00,0.1710948980786978,1.033328787335348e-06,0.0
2026-06-17 14:15:00+03:00,0.1710948980786978,4.120530581515306e-06,0.0020844155844155846
2026-06-17 14:20:00+03:00,0.1710948980786978,5.999856570563002e-05,0.004173963146766757
2026-06-17 14:25:00+03:00,0.1710948980786978,1.5096541458136764e-05,0.0
2026-06-17 14:30:00+03:00,0.17056973897761885,4.849876428376568e-06,0.23054660105346958
2026-06-17 14:35:00+03:00,0.17056973897761885,1.8362889882801227e-05,0.046696083971832926
2026-06-17 14:40:00+03:00,0.1710948980786978,5.9469742986885265e-06,0.002084494597896085
2026-06-17 14:45:00+03:00,0.1710948980786978,6.476952419506297e-06,0.0020842389267780844
2026-06-17 14:50:00+03:00,0.1710948980786978,8.596929591808366e-06,0.01669592281715369
2026-06-17 14:55:00+03:00,0.1710948980786978,8.502279940109262e-05,0.01850519694313662
2026-06-17 15:00:00+03:00,0.1710948980786978,7.665021904513502e-07,0.0
2026-06-17 15:05:00+03:00,0.1710948980786978,3.282127628499122e-07,0.0
2026-06-17 15:10:00+03:00,0.1710948980786978,1.3072874923179704e-06,0.0
2026-06-17 15:15:00+03:00,0.1710948980786978,2.415788950066319e-07,0.0
2026-06-17 15:20:00+03:00,0.1710948980786978,2.5523637157314355e-08,0.0
2026-06-17 15:25:00+03:00,0.1710948980786978,3.3123748905310436e-09,0.0
2026-06-17 15:30:00+03:00,0.1710948980786978,1.4454722869129954e-08,0.0
2026-06-17 15:35:00+03:00,0.1710948980786978,2.4992243188256396e-08,0.0
2026-06-17 15:40:00+03:00,0.1710948980786978,3.0814358424289457e-07,0.08875268753207183
2026-06-17 15:45:00+03:00,0.1710948980786978,1.0126376382788327e-06,0.0017129828224651629
2026-06-17 15:50:00+03:00,0.1710948980786978,1.651083988405903e-07,0.0
2026-06-17 15:55:00+03:00,0.1710948980786978,2.429823196016154e-07,0.0
2026-06-17 16:00:00+03:00,0.1710948980786978,2.0679406257623356e-06,0.0
2026-06-17 16:05:00+03:00,0.1710948980786978,3.3059270311110135e-07,0.0
2026-06-17 16:10:00+03:00,0.1710948980786978,8.918402964372231e-08,0.0
2026-06-17 16:15:00+03:00,0.1710948980786978,2.3297024070894667e-08,0.0
2026-06-17 16:20:00+03:00,0.1710948980786978,2.112630079616842e-08,0.0
2026-06-17 16:25:00+03:00,0.1710948980786978,4.7103607813206675e-11,0.0
2026-06-17 16:30:00+03:00,0.1710948980786978,3.9845077089606664e-09,0.0
2026-06-17 16:35:00+03:00,0.1710948980786978,7.889683853467156e-08,0.0
2026-06-17 16:40:00+03:00,0.1710948980786978,2.914520289785532e-08,0.0
2026-06-17 16:45:00+03:00,0.1710948980786978,8.774781036682207e-08,0.0
2026-06-17 16:50:00+03:00,0.1710948980786978,1.4129449072934112e-06,0.0
2026-06-17 16:55:00+03:00,0.1710948980786978,3.2327537557531613e-07,0.07220810389433505
2026-06-17 17:00:00+03:00,0.1710948980786978,1.2907410197245786e-07,0.0
2026-06-17 17:05:00+03:00,0.1710948980786978,1.1669268185407444e-05,0.1900700617787695
2026-06-17 17:10:00+03:00,0.1710948980786978,6.507761420794686e-09,0.0
2026-06-17 17:15:00+03:00,0.1710948980786978,5.36148213094395e-08,0.008078699634697501
2026-06-17 17:20:00+03:00,0.1710948980786978,2.2297652589638588e-05,0.0018095745429326673
2026-06-17 17:25:00+03:00,0.1710948980786978,2.880051778931346e-06,0.0
2026-06-17 17:30:00+03:00,0.1710948980786978,5.947206563765745e-07,0.0
2026-06-17 17:35:00+03:00,0.1710948980786978,1.1322032978761192e-07,0.0
2026-06-17 17:40:00+03:00,0.1710948980786978,6.679457761725085e-09,0.0
2026-06-17 17:45:00+03:00,0.1710948980786978,2.782265075698128e-08,0.02256677727489563
2026-06-17 17:50:00+03:00,0.1710948980786978,6.076750483049444e-07,0.027171979521101806
2026-06-17 17:55:00+03:00,0.1710948980786978,8.212698500021418e-08,0.10163080958021796
2026-06-18 09:55:00+03:00,0.1710948980786978,6.989334949528326e-09,0.0
2026-06-18 10:00:00+03:00,0.1710948980786978,8.148811211214521e-10,0.016484571554828645
2026-06-18 10:05:00+03:00,0.1710948980786978,4.5196780709200597e-11,0.0
2026-06-18 10:10:00+03:00,0.1710948980786978,3.3370575222225053e-12,0.0
2026-06-18 10:15:00+03:00,0.1710948980786978,9.361162760016685e-12,0.0
2026-06-18 10:20:00+03:00,0.1710948980786978,2.975329693521848e-13,0.0
2026-06-18 10:25:00+03:00,0.1710948980786978,4.422691624313189e-17,0.0
2026-06-18 10:30:00+03:00,0.1710948980786978,1.24131421256874e-17,0.0
2026-06-18 10:35:00+03:00,0.1710948980786978,1.2699733948788257e-16,0.0
2026-06-18 10:40:00+03:00,0.1710948980786978,2.186558953426855e-17,0.0
2026-06-18 10:45:00+03:00,0.1710948980786978,1.0944729623465985e-16,0.0
2026-06-18 10:50:00+03:00,0.1710948980786978,1.0021303708818204e-17,0.0
2026-06-18 10:55:00+03:00,0.1710948980786978,1.2490750935829624e-16,0.0
2026-06-18 11:00:00+03:00,0.1710948980786978,7.711237773920243e-17,0.0
2026-06-18 11:05:00+03:00,0.1710948980786978,8.661820633708182e-17,0.0
2026-06-18 11:10:00+03:00,0.1710948980786978,5.813534857667371e-17,0.0
2026-06-18 11:15:00+03:00,0.1710948980786978,5.279684462238237e-16,0.0
2026-06-18 11:20:00+03:00,0.1710948980786978,1.8700306082365516e-15,0.0
2026-06-18 11:25:00+03:00,0.1710948980786978,9.248226578150967e-16,0.0
2026-06-18 11:30:00+03:00,0.1710948980786978,8.380107714933195e-15,0.0
2026-06-18 11:35:00+03:00,0.1710948980786978,1.9934222184474375e-13,0.0
2026-06-18 11:40:00+03:00,0.1710948980786978,3.5363151326700105e-11,0.0
2026-06-18 11:45:00+03:00,0.1710948980786978,2.3780736734678144e-09,0.0
2026-06-18 11:50:00+03:00,0.1710948980786978,6.22415141831368e-10,0.0
2026-06-18 11:55:00+03:00,0.1710948980786978,1.8929801124380585e-08,0.0
2026-06-18 12:00:00+03:00,0.1710948980786978,1.2879952872275083e-08,0.0
2026-06-18 12:05:00+03:00,0.1710948980786978,1.5435704830550998e-08,0.0
2026-06-18 12:10:00+03:00,0.1710948980786978,1.7518922505974011e-09,0.0
2026-06-18 12:15:00+03:00,0.1710948980786978,2.3551872459906515e-07,0.0
2026-06-18 12:20:00+03:00,0.1710948980786978,1.0678868026237997e-05,0.0
2026-06-18 12:25:00+03:00,0.1710948980786978,0.007391170592872234,0.004155125454806781
2026-06-18 12:30:00+03:00,0.1710948980786978,1.8170289587934335e-05,0.0
2026-06-18 12:35:00+03:00,0.1710948980786978,3.235145475039856e-07,0.0
2026-06-18 12:40:00+03:00,0.1710948980786978,2.3807352802837892e-05,0.0
2026-06-18 12:45:00+03:00,0.1710948980786978,1.419410704284799e-06,0.0
2026-06-18 12:50:00+03:00,0.1710948980786978,1.6692718471907545e-06,0.0
2026-06-18 12:55:00+03:00,0.1710948980786978,2.0599401775321634e-05,0.0
2026-06-18 13:00:00+03:00,0.1710948980786978,2.503196383415084e-05,0.0
2026-06-18 13:05:00+03:00,0.1710948980786978,8.274254352682565e-06,0.0
2026-06-18 13:10:00+03:00,0.1710948980786978,1.6183114529613763e-07,0.0
2026-06-18 13:15:00+03:00,0.1710948980786978,2.3674224193836442e-07,0.0
2026-06-18 13:20:00+03:00,0.1710948980786978,1.0418263281522712e-06,0.004155125454806781
2026-06-18 13:25:00+03:00,0.1710948980786978,2.0546313340323294e-07,0.002065577892455609
2026-06-18 13:30:00+03:00,0.1710948980786978,1.356066621679442e-06,0.0
2026-06-18 13:35:00+03:00,0.1710948980786978,5.519229078434508e-05,0.004125274754714074
2026-06-18 13:40:00+03:00,0.1710948980786978,0.000151089008567276,0.006198266576001406
2026-06-18 13:45:00+03:00,0.1710948980786978,4.105981959166626e-05,0.002065577892455609
2026-06-18 13:50:00+03:00,0.1710948980786978,0.004607353340562323,0.004154145300473182
2026-06-18 13:55:00+03:00,0.1710948980786978,9.379303073849227e-05,0.0
2026-06-18 14:00:00+03:00,0.1710948980786978,6.38872025713552e-06,0.006836521895022093
2026-06-18 14:05:00+03:00,0.1710948980786978,5.768443106173982e-05,0.019793946013994722
2026-06-18 14:10:00+03:00,0.1710948980786978,1.381171921391975e-06,0.0
2026-06-18 14:15:00+03:00,0.1710948980786978,6.438229731796035e-06,0.0
2026-06-18 14:20:00+03:00,0.1710948980786978,1.3803818926547063e-05,0.004796271851826234
2026-06-18 14:25:00+03:00,0.1710948980786978,1.5552289822076061e-06,0.0
2026-06-18 14:30:00+03:00,0.1710948980786978,5.725244091195777e-07,0.0
2026-06-18 14:35:00+03:00,0.1710948980786978,1.14406880270295e-07,0.006836521895022093
2026-06-18 14:40:00+03:00,0.1710948980786978,9.548618566870392e-08,0.0
2026-06-18 14:45:00+03:00,0.1710948980786978,2.1293357098522044e-07,0.0
2026-06-18 14:50:00+03:00,0.1710948980786978,7.90473013026902e-08,0.0
2026-06-18 14:55:00+03:00,0.1710948980786978,1.842321066245671e-10,0.0
2026-06-18 15:00:00+03:00,0.1710948980786978,3.5077138839414875e-09,0.0
2026-06-18 15:05:00+03:00,0.1710948980786978,7.273309999035579e-08,0.0
2026-06-18 15:10:00+03:00,0.1710948980786978,5.8955839725490416e-08,0.0
2026-06-18 15:15:00+03:00,0.1710948980786978,2.713239681795963e-09,0.0
2026-06-18 15:20:00+03:00,0.1710948980786978,2.1087502461955733e-09,0.0
2026-06-18 15:25:00+03:00,0.1710948980786978,4.784088350628842e-10,0.0
2026-06-18 15:30:00+03:00,0.1710948980786978,9.812833732951512e-11,0.0
2026-06-18 15:35:00+03:00,0.1710948980786978,1.2395718702686446e-10,0.0
2026-06-18 15:40:00+03:00,0.1710948980786978,5.079974114315144e-10,0.0
2026-06-18 15:45:00+03:00,0.1710948980786978,2.5335930010765926e-11,0.004129268058298769
2026-06-18 15:50:00+03:00,0.1710948980786978,4.0160050771757675e-13,0.0
2026-06-18 15:55:00+03:00,0.1710948980786978,4.0663086874045446e-13,0.008245014619510337
2026-06-18 16:00:00+03:00,0.1710948980786978,1.946991337728221e-15,0.028970233538076547
2026-06-18 16:05:00+03:00,0.1710948980786978,7.110744177221733e-14,0.00623714677286673
2026-06-18 16:10:00+03:00,0.1710948980786978,1.0610187710714109e-12,0.0021078787145679605
2026-06-18 16:15:00+03:00,0.1710948980786978,2.471442670906129e-11,0.0021078787145679605
2026-06-18 16:20:00+03:00,0.1710948980786978,5.4384713311845175e-11,0.0021078787145679605
2026-06-18 16:25:00+03:00,0.1710948980786978,5.3527386386550335e-14,0.0
2026-06-18 16:30:00+03:00,0.1710948980786978,6.315153990964228e-14,0.0
2026-06-18 16:35:00+03:00,0.1710948980786978,3.4299203208094324e-16,0.0
2026-06-18 16:40:00+03:00,0.1710948980786978,5.7276177725137455e-18,0.0
2026-06-18 16:45:00+03:00,0.1710948980786978,5.44388158370626e-16,0.0
2026-06-18 16:50:00+03:00,0.1710948980786978,1.6055880912802196e-14,0.0
2026-06-18 16:55:00+03:00,0.1710948980786978,1.946139537950735e-14,0.0
2026-06-18 17:00:00+03:00,0.1710948980786978,1.0505488769469825e-11,0.0
2026-06-18 17:05:00+03:00,0.1710948980786978,6.508067125732248e-12,0.0
2026-06-18 17:10:00+03:00,0.1710948980786978,3.688075284236169e-12,0.0
2026-06-18 17:15:00+03:00,0.1710948980786978,3.3016802498514983e-12,0.0
2026-06-18 17:20:00+03:00,0.1710948980786978,1.0310353737400252e-14,0.0
2026-06-18 17:25:00+03:00,0.1710948980786978,9.899331304094663e-15,0.0
2026-06-18 17:30:00+03:00,0.1710948980786978,1.781333661492554e-13,0.0
2026-06-18 17:35:00+03:00,0.1710948980786978,1.097041876154241e-12,0.0
2026-06-18 17:40:00+03:00,0.1710948980786978,4.552200557050183e-11,0.0
2026-06-18 17:45:00+03:00,0.1710948980786978,7.348278306784512e-11,0.0
2026-06-18 17:50:00+03:00,0.1710948980786978,1.6715900300787667e-11,0.0
2026-06-18 17:55:00+03:00,0.1710948980786978,5.489508754083312e-11,0.0
2026-06-19 09:55:00+03:00,0.26929428108804965,4.6369761945612205e-05,0.28242054983526604
2026-06-19 10:00:00+03:00,0.1293880168400673,2.5462981127913215e-06,0.05830942901080899
2026-06-19 10:05:00+03:00,0.1710948980786978,7.194597991892019e-08,0.018087734392373843
2026-06-19 10:10:00+03:00,0.1710948980786978,4.945950816650835e-10,0.0036187556487864746
2026-06-19 10:15:00+03:00,0.1710948980786978,8.784566275081322e-10,0.0036187556487864746
2026-06-19 10:20:00+03:00,0.1710948980786978,1.396200780178297e-06,0.0
2026-06-19 10:25:00+03:00,0.1710948980786978,6.08521017684011e-08,0.0
2026-06-19 10:30:00+03:00,0.1710948980786978,1.9949250866902606e-09,0.0
2026-06-19 10:35:00+03:00,0.1710948980786978,2.6638640994006035e-10,0.0
2026-06-19 10:40:00+03:00,0.1710948980786978,1.8124093370518386e-10,0.0
2026-06-19 10:45:00+03:00,0.1710948980786978,1.7893806738726418e-14,0.022876486882004915
2026-06-19 10:50:00+03:00,0.1710948980786978,2.763017345277729e-11,0.002033476919804297
2026-06-19 10:55:00+03:00,0.1710948980786978,1.866553077631349e-11,0.0
2026-06-19 11:00:00+03:00,0.1710948980786978,1.2326322353924728e-09,0.0
2026-06-19 11:05:00+03:00,0.1710948980786978,2.5122019002561846e-13,0.0
2026-06-19 11:10:00+03:00,0.1710948980786978,9.695156489062167e-12,0.0
2026-06-19 11:15:00+03:00,0.1710948980786978,5.846170773274639e-11,0.0
2026-06-19 11:20:00+03:00,0.1710948980786978,3.957370019761456e-12,0.0
2026-06-19 11:25:00+03:00,0.1710948980786978,3.590570948898269e-12,0.0
2026-06-19 11:30:00+03:00,0.1710948980786978,1.199975524476166e-11,0.0
2026-06-19 11:35:00+03:00,0.1710948980786978,9.923532355245818e-12,0.0
2026-06-19 11:40:00+03:00,0.1710948980786978,1.2658414850438603e-10,0.0
2026-06-19 11:45:00+03:00,0.1710948980786978,9.420569703915389e-08,0.0
2026-06-19 11:50:00+03:00,0.1710948980786978,3.979404996017808e-08,0.0
2026-06-19 11:55:00+03:00,0.1710948980786978,2.2256743911089693e-09,0.0
2026-06-19 12:00:00+03:00,0.1710948980786978,1.1866768752757748e-10,0.0
2026-06-19 12:05:00+03:00,0.1710948980786978,1.2745406583573664e-09,0.0
2026-06-19 12:10:00+03:00,0.1710948980786978,2.7889827442494817e-08,0.01819981571539253
2026-06-19 12:15:00+03:00,0.1710948980786978,7.541965905076944e-08,0.0
2026-06-19 12:20:00+03:00,0.1710948980786978,1.4049722113737879e-05,0.003939941462783436
2026-06-19 12:25:00+03:00,0.1710948980786978,0.00019585063558372637,0.0
2026-06-19 12:30:00+03:00,0.1710948980786978,0.00044617673603101354,0.0
2026-06-19 12:35:00+03:00,0.1710948980786978,7.362114145723941e-05,0.0024722771394845916
2026-06-19 12:40:00+03:00,0.1710948980786978,2.2622647707580752e-06,0.010345114832774201
2026-06-19 12:45:00+03:00,0.1710948980786978,4.437271803929988e-06,0.0
2026-06-19 12:50:00+03:00,0.1710948980786978,1.655307818694455e-07,0.0
2026-06-19 12:55:00+03:00,0.1710948980786978,3.99453342887768e-09,0.0
2026-06-19 13:00:00+03:00,0.1710948980786978,8.502245818285892e-09,0.0
2026-06-19 13:05:00+03:00,0.1710948980786978,1.4046175033546348e-07,0.0
2026-06-19 13:10:00+03:00,0.1710948980786978,1.2252852061857345e-08,0.0
2026-06-19 13:15:00+03:00,0.1710948980786978,6.038796835416563e-09,0.0
2026-06-19 13:20:00+03:00,0.1710948980786978,9.670794480034742e-08,0.0
2026-06-19 13:25:00+03:00,0.1710948980786978,2.5965055708466495e-08,0.0
2026-06-19 13:30:00+03:00,0.1710948980786978,2.5343934502347777e-09,0.0
2026-06-19 13:35:00+03:00,0.1710948980786978,5.305150720708017e-09,0.0
2026-06-19 13:40:00+03:00,0.1710948980786978,1.1504092780591593e-09,0.0
2026-06-19 13:45:00+03:00,0.1710948980786978,2.064298135155756e-09,0.0
2026-06-19 13:50:00+03:00,0.1710948980786978,2.4995528712174526e-09,0.0
2026-06-19 13:55:00+03:00,0.1710948980786978,5.2459745654028916e-08,0.0
2026-06-19 14:00:00+03:00,0.1710948980786978,1.3701852511535863e-08,0.0
2026-06-19 14:05:00+03:00,0.1710948980786978,1.5994778491223385e-08,0.0
2026-06-19 14:10:00+03:00,0.1710948980786978,1.5036808685462977e-08,0.0
2026-06-19 14:15:00+03:00,0.1710948980786978,1.2522909555371627e-10,0.0
2026-06-19 14:20:00+03:00,0.1710948980786978,1.1013689015821055e-10,0.0
2026-06-19 14:25:00+03:00,0.1710948980786978,4.021302880554655e-10,0.0
2026-06-19 14:30:00+03:00,0.1710948980786978,8.371473940228637e-09,0.0
2026-06-19 14:35:00+03:00,0.1710948980786978,6.0642383250419695e-09,0.0
2026-06-19 14:40:00+03:00,0.1710948980786978,3.761221263678204e-08,0.0
2026-06-19 14:45:00+03:00,0.1710948980786978,2.94234634302046e-10,0.0
2026-06-19 14:50:00+03:00,0.1710948980786978,1.7855373655709625e-10,0.0
2026-06-19 14:55:00+03:00,0.1710948980786978,2.984565972707422e-10,0.0
2026-06-19 15:00:00+03:00,0.1710948980786978,3.879679630294557e-12,0.0
2026-06-19 15:05:00+03:00,0.1710948980786978,2.1125066381382518e-12,0.0
2026-06-19 15:10:00+03:00,0.1710948980786978,1.845127785894609e-11,0.026495242530791396
2026-06-19 15:15:00+03:00,0.1710948980786978,1.6072438963329648e-09,0.0036187556487864746
2026-06-19 15:20:00+03:00,0.1710948980786978,3.602236446118978e-11,0.0036187556487864746
2026-06-19 15:25:00+03:00,0.1710948980786978,8.849345939237927e-11,0.0036187556487864746
2026-06-19 15:30:00+03:00,0.1710948980786978,7.78179016622415e-13,0.0
2026-06-19 15:35:00+03:00,0.1710948980786978,4.576717325971166e-12,0.0
2026-06-19 15:40:00+03:00,0.1710948980786978,1.6900421841922239e-12,0.0
2026-06-19 15:45:00+03:00,0.1710948980786978,1.1145066794787459e-11,0.0
2026-06-19 15:50:00+03:00,0.1710948980786978,1.0859076933911273e-14,0.030481110472295066
2026-06-19 15:55:00+03:00,0.1710948980786978,4.4667163993175343e-11,0.028603121245359357
2026-06-19 16:00:00+03:00,0.1710948980786978,1.0335197085652211e-08,0.018204433428252925
2026-06-19 16:05:00+03:00,0.1710948980786978,3.783829669660974e-08,0.014039852271013873
2026-06-19 16:10:00+03:00,0.1710948980786978,2.131715800770253e-05,0.005726634363354435
2026-06-19 16:15:00+03:00,0.1710948980786978,1.7712509578771572e-09,0.0020136080282789045
2026-06-19 16:20:00+03:00,0.1710948980786978,2.905621181935411e-08,0.004659231574336728
2026-06-19 16:25:00+03:00,0.1710948980786978,1.6853348229357627e-06,0.009603938726110164
2026-06-19 16:30:00+03:00,0.1710948980786978,7.696767822309881e-09,0.012077581911471428
2026-06-19 16:35:00+03:00,0.1710948980786978,3.1168348713086886e-07,0.009603938726110164
2026-06-19 16:40:00+03:00,0.1293880168400673,1.94280718299353e-06,0.03561789747208285
2026-06-19 16:45:00+03:00,0.1293880168400673,7.037411978972165e-10,0.04658659183884348
2026-06-19 16:50:00+03:00,0.1710948980786978,8.427667234705203e-08,0.004590399832026279
2026-06-19 16:55:00+03:00,0.1293880168400673,2.3151823577746798e-10,0.07468920968901266
2026-06-19 17:00:00+03:00,0.1710948980786978,6.387719443488011e-10,0.007716317379468735
2026-06-19 17:05:00+03:00,0.1710948980786978,4.600186897677772e-12,0.02214259564046756
2026-06-19 17:10:00+03:00,0.1710948980786978,2.3419155565315288e-11,0.003967736481608519
2026-06-19 17:15:00+03:00,0.1710948980786978,6.522106229284118e-11,0.003967736481608519
2026-06-19 17:20:00+03:00,0.1710948980786978,8.340889070169195e-12,0.003967736481608519
2026-06-19 17:25:00+03:00,0.1710948980786978,8.31039778778897e-12,0.006418180573666147
2026-06-19 17:30:00+03:00,0.1710948980786978,6.978385911652367e-10,0.014435362663240758
2026-06-19 17:35:00+03:00,0.1710948980786978,3.431808633189459e-10,0.003967736481608519
2026-06-19 17:40:00+03:00,0.1710948980786978,1.5497385801766417e-07,0.05210003049882855
2026-06-19 17:45:00+03:00,0.1710948980786978,4.5001202222034675e-05,0.022062786898520693
2026-06-19 17:50:00+03:00,0.1710948980786978,8.584455523833832e-06,0.004738677041131882
2026-06-19 17:55:00+03:00,0.1710948980786978,7.933288058286149e-07,0.009137531735852604
2026-06-22 09:55:00+03:00,0.1710948980786978,2.1375262726402396e-09,0.0
2026-06-22 10:00:00+03:00,0.1710948980786978,2.2280214642261647e-08,0.02966102322615246
2026-06-22 10:05:00+03:00,0.1710948980786978,1.2413937286308726e-05,0.006784536344147536
2026-06-22 10:10:00+03:00,0.1710948980786978,1.8003345060419668e-06,0.0022741840831763754
2026-06-22 10:15:00+03:00,0.1710948980786978,5.0315102912427124e-05,0.0022741840831763754
2026-06-22 10:20:00+03:00,0.1710948980786978,2.6799131901260768e-06,0.0022741840831763754
2026-06-22 10:25:00+03:00,0.1710948980786978,2.7446559711597638e-06,0.0022741840831763754
2026-06-22 10:30:00+03:00,0.1710948980786978,2.6961485196805225e-08,0.0022741840831763754
2026-06-22 10:35:00+03:00,0.1710948980786978,8.412153218650984e-08,0.0022741840831763754
2026-06-22 10:40:00+03:00,0.1710948980786978,4.4625841923643163e-07,0.004345211567031176
2026-06-22 10:45:00+03:00,0.1710948980786978,1.0665735141082132e-07,0.0022741840831763754
2026-06-22 10:50:00+03:00,0.1710948980786978,2.8059182068860822e-08,0.0022741840831763754
2026-06-22 10:55:00+03:00,0.1710948980786978,9.241466421312794e-09,0.0022741840831763754
2026-06-22 11:00:00+03:00,0.1710948980786978,7.026151635640117e-05,0.1796306835516152
2026-06-22 11:05:00+03:00,0.1710948980786978,0.0009942871622076231,0.23982329133646163
2026-06-22 11:10:00+03:00,0.1710948980786978,0.00016180805768250745,0.07843294753621849
2026-06-22 11:15:00+03:00,0.1710948980786978,8.189723396610195e-05,0.23392389636531363
2026-06-22 11:20:00+03:00,0.1710948980786978,0.004374964165383912,0.23710062597879802
2026-06-22 11:25:00+03:00,0.1710948980786978,0.0005904367800278917,0.09020852925427551
2026-06-22 11:30:00+03:00,0.1710948980786978,1.4087713331486952e-05,0.04992057553055762
2026-06-22 11:35:00+03:00,0.1710948980786978,3.961506165905821e-06,0.027446099846056997
2026-06-22 11:40:00+03:00,0.1710948980786978,9.837490081224728e-07,0.01878105444591382
2026-06-22 11:45:00+03:00,0.1710948980786978,1.4195765392855956e-10,0.0019877820455905344
2026-06-22 11:50:00+03:00,0.1710948980786978,7.597730766617516e-13,0.0
2026-06-22 11:55:00+03:00,0.1710948980786978,2.1110810329603116e-15,0.0
2026-06-22 12:00:00+03:00,0.1710948980786978,1.2277844086173654e-13,0.0
2026-06-22 12:05:00+03:00,0.1710948980786978,2.443511192071562e-13,0.0
2026-06-22 12:10:00+03:00,0.1710948980786978,1.489169724104082e-13,0.0
2026-06-22 12:15:00+03:00,0.1710948980786978,1.119895376749204e-11,0.0
2026-06-22 12:20:00+03:00,0.1710948980786978,3.06456600219113e-11,0.0
2026-06-22 12:25:00+03:00,0.1710948980786978,6.925427111850803e-10,0.0
2026-06-22 12:30:00+03:00,0.1710948980786978,2.4285373296714806e-11,0.0
2026-06-22 12:35:00+03:00,0.1710948980786978,9.27683267294499e-12,0.0
2026-06-22 12:40:00+03:00,0.1710948980786978,2.3931918545126057e-10,0.0
2026-06-22 12:45:00+03:00,0.1710948980786978,3.0840863381415196e-09,0.0
2026-06-22 12:50:00+03:00,0.1710948980786978,0.00016056700217897022,0.023474338095619506
2026-06-22 12:55:00+03:00,0.1710948980786978,0.00022190308544429833,0.041492094146420806
2026-06-22 13:00:00+03:00,0.1710948980786978,0.0065686231144134,0.04616006153111663
2026-06-22 13:05:00+03:00,0.1710948980786978,0.003190508600441414,0.043454699881138883
2026-06-22 13:10:00+03:00,0.1710948980786978,0.0005305324307100435,0.04336104136342085
2026-06-22 13:15:00+03:00,0.1710948980786978,0.01390919490691689,0.056746689476607576
2026-06-22 13:20:00+03:00,0.1710948980786978,0.005282942058253573,0.041545863873747084
2026-06-22 13:25:00+03:00,0.1710948980786978,0.0009765375586369594,0.07298706415355075
2026-06-22 13:30:00+03:00,0.1710948980786978,0.0010229250879180928,0.07503740867455541
2026-06-22 13:35:00+03:00,0.1710948980786978,0.14624236297609486,0.07523101407677708
2026-06-22 13:40:00+03:00,0.1710948980786978,0.006656138463878934,0.03252823665857974
2026-06-22 13:45:00+03:00,0.1710948980786978,0.006995982566220361,0.01652837255030716
2026-06-22 13:50:00+03:00,0.1710948980786978,0.0022050421636772054,0.027903860073201378
2026-06-22 13:55:00+03:00,0.1710948980786978,0.14343966230984845,0.03023231656470994
2026-06-22 14:00:00+03:00,0.1710948980786978,4.64513309177105e-08,0.008397988665666966
2026-06-22 14:05:00+03:00,0.1710948980786978,6.945328687156847e-10,0.0
2026-06-22 14:10:00+03:00,0.1710948980786978,0.0004430369738477172,0.014051017381229299
2026-06-22 14:15:00+03:00,0.1710948980786978,0.00046635320136916,0.016333973583854258
2026-06-22 14:20:00+03:00,0.1710948980786978,0.003958482733107582,0.023143548701498554
2026-06-22 14:25:00+03:00,0.1710948980786978,1.994921241619393e-07,0.008397988665666966
2026-06-22 14:30:00+03:00,0.1710948980786978,0.00046508941771543306,0.016454640612779944
2026-06-22 14:35:00+03:00,0.1710948980786978,5.4742386362030355e-06,0.0
2026-06-22 14:40:00+03:00,0.1710948980786978,7.49866733322491e-08,0.0
2026-06-22 14:45:00+03:00,0.1710948980786978,3.7297716323767e-09,0.0
2026-06-22 14:50:00+03:00,0.1710948980786978,7.140100287190801e-07,0.0
2026-06-22 14:55:00+03:00,0.1710948980786978,2.4494101252040575e-07,0.0
2026-06-22 15:00:00+03:00,0.1710948980786978,1.942057974819057e-07,0.023947253014919102
2026-06-22 15:05:00+03:00,0.1710948980786978,4.374882051524617e-07,0.0
2026-06-22 15:10:00+03:00,0.1710948980786978,3.193375637902383e-09,0.0
2026-06-22 15:15:00+03:00,0.1710948980786978,3.2418004236412275e-09,0.0
2026-06-22 15:20:00+03:00,0.1710948980786978,6.880732887710568e-09,0.0
2026-06-22 15:25:00+03:00,0.1710948980786978,6.005450464658439e-08,0.0
2026-06-22 15:30:00+03:00,0.1710948980786978,7.354384249846737e-07,0.028189534645218478
2026-06-22 15:35:00+03:00,0.1710948980786978,2.811301356427233e-07,0.025946883712756143
2026-06-22 15:40:00+03:00,0.1710948980786978,5.264032706029871e-07,0.0
2026-06-22 15:45:00+03:00,0.1710948980786978,5.479031647970811e-06,0.0
2026-06-22 15:50:00+03:00,0.1710948980786978,7.757413119521909e-06,0.0
2026-06-22 15:55:00+03:00,0.1710948980786978,1.502211728592719e-07,0.023834508282162582
2026-06-22 16:00:00+03:00,0.1710948980786978,1.6641382083391204e-07,0.0
2026-06-22 16:05:00+03:00,0.1710948980786978,9.537733367392803e-07,0.09022662989087868
2026-06-22 16:10:00+03:00,0.1710948980786978,4.666749618636684e-06,0.017477165525800878
2026-06-22 16:15:00+03:00,0.1710948980786978,4.200936152573853e-06,0.004411713068086282
2026-06-22 16:20:00+03:00,0.1710948980786978,4.779149144337961e-06,0.0
2026-06-22 16:25:00+03:00,0.1710948980786978,2.0647427340964383e-09,0.0
2026-06-22 16:30:00+03:00,0.1710948980786978,1.764085910296874e-09,0.0
2026-06-22 16:35:00+03:00,0.1710948980786978,2.755776955307966e-09,0.0
2026-06-22 16:40:00+03:00,0.1710948980786978,2.391814370267773e-08,0.0
2026-06-22 16:45:00+03:00,0.1710948980786978,4.589433693012155e-09,0.0
2026-06-22 16:50:00+03:00,0.1710948980786978,1.607558390760998e-09,0.0
2026-06-22 16:55:00+03:00,0.1710948980786978,9.725561372223732e-10,0.0
2026-06-22 17:00:00+03:00,0.1710948980786978,9.32350968302844e-09,0.0
2026-06-22 17:05:00+03:00,0.1710948980786978,1.3062707722385073e-09,0.0
2026-06-22 17:10:00+03:00,0.1710948980786978,1.164497423609331e-11,0.0
2026-06-22 17:15:00+03:00,0.1710948980786978,7.003430125022359e-10,0.0
2026-06-22 17:20:00+03:00,0.1710948980786978,5.459880936903013e-10,0.0
2026-06-22 17:25:00+03:00,0.1710948980786978,3.466494900577782e-10,0.0
2026-06-22 17:30:00+03:00,0.1710948980786978,3.373409772924974e-09,0.0
2026-06-22 17:35:00+03:00,0.1710948980786978,1.2582485807005233e-08,0.0
2026-06-22 17:40:00+03:00,0.1710948980786978,1.4258795423980675e-07,0.0
2026-06-22 17:45:00+03:00,0.1710948980786978,2.2818175314042963e-08,0.002242650932462334
2026-06-22 17:50:00+03:00,0.1710948980786978,7.107701537412773e-08,0.0
2026-06-22 17:55:00+03:00,0.1710948980786978,2.5365748445989634e-09,0.0020255343863761293
2026-06-23 09:55:00+03:00,0.3383019706560566,0.004509413179248422,0.20457436794480613
2026-06-23 10:00:00+03:00,0.1710948980786978,2.884879942670866e-05,0.06011181066042451
2026-06-23 10:05:00+03:00,0.1710948980786978,0.00016057665907331627,0.030950458642311374
2026-06-23 10:10:00+03:00,0.17056973897761885,0.0003158200110398227,0.08829002693191215
2026-06-23 10:15:00+03:00,0.17056973897761885,0.00020054536533830984,0.1797047766727633
2026-06-23 10:20:00+03:00,0.17056973897761885,2.6236505702803713e-05,0.06418195231513184
2026-06-23 10:25:00+03:00,0.17056973897761885,3.8634028197682024e-06,0.15202441661889807
2026-06-23 10:30:00+03:00,0.17056973897761885,3.592926962178374e-05,0.19797973903891158
2026-06-23 10:35:00+03:00,0.17056973897761885,1.6791260248760496e-07,0.26284196548478866
2026-06-23 10:40:00+03:00,0.17056973897761885,2.049709366227111e-06,0.20478999496634068
2026-06-23 10:45:00+03:00,0.1710948980786978,1.5933984130775704e-07,0.11518017919200878
2026-06-23 10:50:00+03:00,0.1710948980786978,1.8012678300537058e-08,0.08277765843031742
2026-06-23 10:55:00+03:00,0.1710948980786978,1.9154046684175147e-10,0.07869792241857805
2026-06-23 11:00:00+03:00,0.1710948980786978,5.905310398300377e-09,0.07657827898282131
2026-06-23 11:05:00+03:00,0.1710948980786978,1.6734833268474514e-10,0.07616439767205421
2026-06-23 11:10:00+03:00,0.1710948980786978,6.809735010156297e-10,0.004133545112717948
2026-06-23 11:15:00+03:00,0.1710948980786978,1.4195199923318074e-11,0.0
2026-06-23 11:20:00+03:00,0.1710948980786978,1.1105938926906899e-09,0.006286634572631162
2026-06-23 11:25:00+03:00,0.1710948980786978,1.6653128303488888e-09,0.0
2026-06-23 11:30:00+03:00,0.1710948980786978,1.5043823944922372e-09,0.0
2026-06-23 11:35:00+03:00,0.1710948980786978,3.247563027727513e-11,0.0
2026-06-23 11:40:00+03:00,0.1710948980786978,1.2683049892857275e-12,0.0
2026-06-23 11:45:00+03:00,0.1710948980786978,6.731318574546844e-13,0.0
2026-06-23 11:50:00+03:00,0.1710948980786978,2.6225088639289436e-10,0.0
2026-06-23 11:55:00+03:00,0.1710948980786978,1.724254741682628e-13,0.0
2026-06-23 12:00:00+03:00,0.1710948980786978,2.455026341229229e-16,0.0
2026-06-23 12:05:00+03:00,0.1710948980786978,2.0452439076580456e-16,0.0
2026-06-23 12:10:00+03:00,0.1710948980786978,1.8803351655638827e-15,0.0
2026-06-23 12:15:00+03:00,0.1710948980786978,1.5966637865673337e-16,0.0
2026-06-23 12:20:00+03:00,0.1710948980786978,1.8239669130477968e-17,0.0
2026-06-23 12:25:00+03:00,0.1710948980786978,1.7557722059700557e-15,0.0
2026-06-23 12:30:00+03:00,0.1710948980786978,3.124879527812989e-17,0.0
2026-06-23 12:35:00+03:00,0.1710948980786978,1.5712389376952997e-16,0.0
2026-06-23 12:40:00+03:00,0.1710948980786978,5.099999075700662e-16,0.0
2026-06-23 12:45:00+03:00,0.1710948980786978,1.781555201956787e-16,0.0
2026-06-23 12:50:00+03:00,0.1710948980786978,2.182850402723517e-14,0.0
2026-06-23 12:55:00+03:00,0.1710948980786978,8.747256649725177e-14,0.0
2026-06-23 13:00:00+03:00,0.1710948980786978,2.286086643062387e-14,0.0
2026-06-23 13:05:00+03:00,0.1710948980786978,1.3724956381205398e-13,0.0
2026-06-23 13:10:00+03:00,0.1710948980786978,1.3742625238352854e-13,0.0
2026-06-23 13:15:00+03:00,0.1710948980786978,4.5204314378844154e-13,0.0
2026-06-23 13:20:00+03:00,0.1710948980786978,4.072151162873114e-11,0.0
2026-06-23 13:25:00+03:00,0.1710948980786978,3.38032221389822e-11,0.0
2026-06-23 13:30:00+03:00,0.1710948980786978,1.200769847280474e-10,0.0
2026-06-23 13:35:00+03:00,0.1710948980786978,8.333896712129161e-10,0.0
2026-06-23 13:40:00+03:00,0.1710948980786978,2.4738715445495323e-09,0.0
2026-06-23 13:45:00+03:00,0.1710948980786978,1.0777699384342523e-06,0.0
2026-06-23 13:50:00+03:00,0.1710948980786978,5.189628168640813e-06,0.0
2026-06-23 13:55:00+03:00,0.1710948980786978,2.516725171526993e-06,0.004173963146766757
2026-06-23 14:00:00+03:00,0.1710948980786978,1.9323624061671957e-07,0.0
2026-06-23 14:05:00+03:00,0.1710948980786978,6.847599281538329e-08,0.004125274754714074
2026-06-23 14:10:00+03:00,0.1710948980786978,8.950538989347358e-07,0.0
2026-06-23 14:15:00+03:00,0.1710948980786978,4.37395828336508e-08,0.0
2026-06-23 14:20:00+03:00,0.1710948980786978,5.410543289777997e-08,0.0
2026-06-23 14:25:00+03:00,0.1710948980786978,5.2517077807245865e-09,0.0
2026-06-23 14:30:00+03:00,0.1710948980786978,1.404963224190019e-09,0.0
2026-06-23 14:35:00+03:00,0.1710948980786978,8.986998056876602e-08,0.0
2026-06-23 14:40:00+03:00,0.1710948980786978,3.913294943753082e-06,0.0
2026-06-23 14:45:00+03:00,0.1710948980786978,4.253494122291004e-07,0.0
2026-06-23 14:50:00+03:00,0.1710948980786978,2.8443224750053714e-06,0.0
2026-06-23 14:55:00+03:00,0.1710948980786978,1.498634972415055e-08,0.014525109963385794
2026-06-23 15:00:00+03:00,0.1710948980786978,2.0867930243078317e-07,0.0
2026-06-23 15:05:00+03:00,0.1710948980786978,1.285887815660478e-06,0.0
2026-06-23 15:10:00+03:00,0.1710948980786978,4.55385799819651e-07,0.0
2026-06-23 15:15:00+03:00,0.1710948980786978,4.162313095658991e-06,0.0
2026-06-23 15:20:00+03:00,0.1710948980786978,3.225487954923725e-07,0.0
2026-06-23 15:25:00+03:00,0.17056973897761885,4.820867544694382e-07,0.08392384813349756
2026-06-23 15:30:00+03:00,0.17056973897761885,1.7501536741756194e-06,0.12597167952074795
2026-06-23 15:35:00+03:00,0.1710948980786978,1.4221258988809018e-06,0.0062578349032355604
2026-06-23 15:40:00+03:00,0.1710948980786978,0.00011941531918405841,0.004101959068559069
2026-06-23 15:45:00+03:00,0.1710948980786978,7.811883129701073e-05,0.004155813442783462
2026-06-23 15:50:00+03:00,0.1710948980786978,0.00010766541989014986,0.010280304938363669
2026-06-23 15:55:00+03:00,0.1710948980786978,5.702853805913787e-07,0.0019174280161726271
2026-06-23 16:00:00+03:00,0.1710948980786978,9.261746915859895e-09,0.0019945517315783793
2026-06-23 16:05:00+03:00,0.1710948980786978,1.1244935127600034e-08,0.0
2026-06-23 16:10:00+03:00,0.1710948980786978,1.0463109230236465e-08,0.0
2026-06-23 16:15:00+03:00,0.1710948980786978,3.498592107559253e-07,0.0
2026-06-23 16:20:00+03:00,0.1710948980786978,1.8560824156339134e-08,0.0
2026-06-23 16:25:00+03:00,0.1710948980786978,2.396150873442903e-09,0.0
2026-06-23 16:30:00+03:00,0.1710948980786978,7.804181057945935e-11,0.0
2026-06-23 16:35:00+03:00,0.1710948980786978,3.9092558823411197e-11,0.0
2026-06-23 16:40:00+03:00,0.1710948980786978,7.197705477940296e-13,0.0
2026-06-23 16:45:00+03:00,0.1710948980786978,5.181934496935431e-13,0.0
2026-06-23 16:50:00+03:00,0.1710948980786978,1.4423306291969665e-13,0.0
2026-06-23 16:55:00+03:00,0.1710948980786978,2.4310707778059236e-13,0.0
2026-06-23 17:00:00+03:00,0.1710948980786978,1.1838835262111768e-13,0.0
2026-06-23 17:05:00+03:00,0.1710948980786978,1.8014786370370044e-13,0.0
2026-06-23 17:10:00+03:00,0.1710948980786978,1.697265106824347e-12,0.0
2026-06-23 17:15:00+03:00,0.1710948980786978,1.589477564477161e-11,0.0
2026-06-23 17:20:00+03:00,0.1710948980786978,4.3801370897579456e-11,0.0
2026-06-23 17:25:00+03:00,0.1710948980786978,1.7426590831373975e-09,0.0
2026-06-23 17:30:00+03:00,0.1710948980786978,3.0479132929500155e-08,0.0
2026-06-23 17:35:00+03:00,0.1710948980786978,1.3982461650240777e-08,0.0
2026-06-23 17:40:00+03:00,0.1710948980786978,8.256071334874112e-09,0.0
2026-06-23 17:45:00+03:00,0.1710948980786978,1.3202617499780693e-09,0.0
2026-06-23 17:50:00+03:00,0.1710948980786978,2.289604899533857e-11,0.0
2026-06-23 17:55:00+03:00,0.1710948980786978,1.4192355711813748e-11,0.0
2026-06-24 09:55:00+03:00,0.1710948980786978,6.4365497841128375e-12,0.0
2026-06-24 10:00:00+03:00,0.1710948980786978,3.6863076001176833e-11,0.0
2026-06-24 10:05:00+03:00,0.1710948980786978,1.9250048049298804e-09,0.0
2026-06-24 10:10:00+03:00,0.1710948980786978,1.3405439810427943e-13,0.0036187556487864746
2026-06-24 10:15:00+03:00,0.1710948980786978,2.0436936758828317e-13,0.026495242530791396
2026-06-24 10:20:00+03:00,0.1710948980786978,6.819470872938712e-11,0.011915756558377564
2026-06-24 10:25:00+03:00,0.1710948980786978,2.9621760075019804e-08,0.011931973556445912
2026-06-24 10:30:00+03:00,0.1710948980786978,1.619952325046372e-08,0.0036187556487864746
2026-06-24 10:35:00+03:00,0.1710948980786978,3.668574408291835e-11,0.0
2026-06-24 10:40:00+03:00,0.1710948980786978,4.5387887583819914e-11,0.0
2026-06-24 10:45:00+03:00,0.1710948980786978,6.6114398229561395e-12,0.0
2026-06-24 10:50:00+03:00,0.1710948980786978,3.889688353549851e-12,0.0
2026-06-24 10:55:00+03:00,0.1710948980786978,6.567714990451824e-12,0.006628218794430632
2026-06-24 11:00:00+03:00,0.17056973897761885,1.196594851831964e-09,0.006556470835569044
2026-06-24 11:05:00+03:00,0.1710948980786978,1.703132487862441e-11,0.0
2026-06-24 11:10:00+03:00,0.1710948980786978,3.165491147837741e-09,0.0
2026-06-24 11:15:00+03:00,0.1710948980786978,4.00081825352478e-10,0.00229384528159254
2026-06-24 11:20:00+03:00,0.1710948980786978,1.0555750239490248e-08,0.0020844155844155846
2026-06-24 11:25:00+03:00,0.1710948980786978,1.7779297175553678e-08,0.006052152066024104
2026-06-24 11:30:00+03:00,0.1710948980786978,1.493762601012561e-07,0.0
2026-06-24 11:35:00+03:00,0.1710948980786978,1.0130225164354168e-08,0.0
2026-06-24 11:40:00+03:00,0.1710948980786978,4.24048538105474e-09,0.0
2026-06-24 11:45:00+03:00,0.1710948980786978,3.892638219331391e-12,0.003967736481608519
2026-06-24 11:50:00+03:00,0.1710948980786978,1.2301686912704738e-06,0.008060337814547342
2026-06-24 11:55:00+03:00,0.1710948980786978,2.4052093679818343e-08,0.003967736481608519
2026-06-24 12:00:00+03:00,0.1710948980786978,1.6758482289309216e-10,0.0
2026-06-24 12:05:00+03:00,0.1710948980786978,1.285257111171201e-11,0.0
2026-06-24 12:10:00+03:00,0.1710948980786978,2.7050375940983517e-11,0.0020596968622584658
2026-06-24 12:15:00+03:00,0.1710948980786978,4.0576332360106384e-11,0.0020596968622584658
2026-06-24 12:20:00+03:00,0.1710948980786978,7.51554915703613e-10,0.0020596968622584658
2026-06-24 12:25:00+03:00,0.1710948980786978,4.0388555945552215e-11,0.0
2026-06-24 12:30:00+03:00,0.1710948980786978,2.3225746383237223e-10,0.0
2026-06-24 12:35:00+03:00,0.1710948980786978,1.4981622559917253e-10,0.0
2026-06-24 12:40:00+03:00,0.1710948980786978,5.478819154537103e-08,0.0
2026-06-24 12:45:00+03:00,0.1710948980786978,1.3196044318640746e-07,0.0
2026-06-24 12:50:00+03:00,0.1710948980786978,1.4027348270399598e-06,0.0
2026-06-24 12:55:00+03:00,0.1710948980786978,1.060164986843841e-08,0.0
2026-06-24 13:00:00+03:00,0.1710948980786978,5.933114933179446e-09,0.0
2026-06-24 13:05:00+03:00,0.1710948980786978,2.590725671487247e-12,0.0
2026-06-24 13:10:00+03:00,0.1710948980786978,2.1974622869383295e-11,0.0
2026-06-24 13:15:00+03:00,0.1710948980786978,3.5115816774722593e-09,0.0
2026-06-24 13:20:00+03:00,0.1710948980786978,3.6393293204012706e-09,0.0
2026-06-24 13:25:00+03:00,0.1710948980786978,2.046728303705899e-11,0.0
2026-06-24 13:30:00+03:00,0.1710948980786978,2.9787741583556787e-12,0.0
2026-06-24 13:35:00+03:00,0.1710948980786978,1.973199153602472e-11,0.0
2026-06-24 13:40:00+03:00,0.1710948980786978,1.9778512703446564e-08,0.0
2026-06-24 13:45:00+03:00,0.1710948980786978,4.66740796521852e-08,0.0
2026-06-24 13:50:00+03:00,0.1710948980786978,4.5473892711433423e-07,0.0
2026-06-24 13:55:00+03:00,0.1710948980786978,8.308749910235237e-08,0.0
2026-06-24 14:00:00+03:00,0.1710948980786978,3.326575852416965e-10,0.0
2026-06-24 14:05:00+03:00,0.1710948980786978,9.196214242905181e-10,0.0
2026-06-24 14:10:00+03:00,0.1710948980786978,1.7383075702220805e-08,0.0
2026-06-24 14:15:00+03:00,0.1710948980786978,3.889057897846397e-08,0.0
2026-06-24 14:20:00+03:00,0.1710948980786978,2.695758856080345e-08,0.0
2026-06-24 14:25:00+03:00,0.1710948980786978,1.105213301024968e-06,0.0
2026-06-24 14:30:00+03:00,0.1710948980786978,5.502954785265482e-07,0.0
2026-06-24 14:35:00+03:00,0.1710948980786978,4.874243632684223e-07,0.002089547562351172
2026-06-24 14:40:00+03:00,0.1710948980786978,3.6916792779310904e-07,0.0
2026-06-24 14:45:00+03:00,0.1710948980786978,1.10196591902144e-06,0.0
2026-06-24 14:50:00+03:00,0.1710948980786978,1.8378815292592602e-08,0.0
2026-06-24 14:55:00+03:00,0.1710948980786978,1.7344812691349451e-09,0.0
2026-06-24 15:00:00+03:00,0.1710948980786978,5.42026001110346e-09,0.0
2026-06-24 15:05:00+03:00,0.1710948980786978,9.352516116016542e-05,0.0
2026-06-24 15:10:00+03:00,0.1710948980786978,0.0008243178565400197,0.004304886357149865
2026-06-24 15:15:00+03:00,0.1710948980786978,1.3384234417509529e-05,0.0
2026-06-24 15:20:00+03:00,0.1710948980786978,1.9153768767166365e-05,0.0
2026-06-24 15:25:00+03:00,0.1710948980786978,0.00012982079023343576,0.040129654980054184
2026-06-24 15:30:00+03:00,0.1710948980786978,0.0023331802151163577,0.04221920254240536
2026-06-24 15:35:00+03:00,0.1710948980786978,0.000494635663837032,0.08613282574046849
2026-06-24 15:40:00+03:00,0.1710948980786978,0.0017301585172386485,0.10266593101938526
2026-06-24 15:45:00+03:00,0.1710948980786978,3.0128376492724857e-06,0.0021424746038282544
2026-06-24 15:50:00+03:00,0.1710948980786978,0.0008155478963219354,0.006094379287964936
2026-06-24 15:55:00+03:00,0.1710948980786978,4.799057874033876e-07,0.0
2026-06-24 16:00:00+03:00,0.1710948980786978,2.444298410718106e-06,0.0
2026-06-24 16:05:00+03:00,0.1710948980786978,1.656464852444186e-06,0.0
2026-06-24 16:10:00+03:00,0.1710948980786978,2.2065350462515874e-09,0.0
2026-06-24 16:15:00+03:00,0.1710948980786978,3.8302934306223005e-14,0.014525109963385794
2026-06-24 16:20:00+03:00,0.1710948980786978,3.0206300803579815e-12,0.0
2026-06-24 16:25:00+03:00,0.1710948980786978,1.8544158785643784e-10,0.0
2026-06-24 16:30:00+03:00,0.1710948980786978,3.3888469155078687e-10,0.0
2026-06-24 16:35:00+03:00,0.1710948980786978,9.306736684623702e-10,0.0
2026-06-24 16:40:00+03:00,0.1710948980786978,2.2242159153100236e-07,0.0020255343863761293
2026-06-24 16:45:00+03:00,0.1710948980786978,3.6367671061073867e-07,0.0
2026-06-24 16:50:00+03:00,0.1710948980786978,2.795947069896244e-08,0.0
2026-06-24 16:55:00+03:00,0.1710948980786978,6.410477035959672e-11,0.0
2026-06-24 17:00:00+03:00,0.1710948980786978,1.3065462812205781e-11,0.0
2026-06-24 17:05:00+03:00,0.1710948980786978,3.6639376234673793e-10,0.0
2026-06-24 17:10:00+03:00,0.1710948980786978,2.050942918029432e-09,0.0
2026-06-24 17:15:00+03:00,0.1710948980786978,3.186817304202799e-11,0.0
2026-06-24 17:20:00+03:00,0.1710948980786978,2.9892471848746657e-11,0.0
2026-06-24 17:25:00+03:00,0.1710948980786978,2.271112050756999e-09,0.0
2026-06-24 17:30:00+03:00,0.1710948980786978,7.575125679061904e-10,0.0
2026-06-24 17:35:00+03:00,0.1710948980786978,1.3386094274307183e-08,0.0
2026-06-24 17:40:00+03:00,0.1710948980786978,4.9048467058926625e-09,0.0
2026-06-24 17:45:00+03:00,0.1710948980786978,3.989676959210799e-10,0.0
2026-06-24 17:50:00+03:00,0.1710948980786978,2.556356368775112e-09,0.0
2026-06-24 17:55:00+03:00,0.1710948980786978,2.2926555945201983e-10,0.0
2026-06-25 09:55:00+03:00,0.1710948980786978,3.631278775969415e-15,0.0
2026-06-25 10:00:00+03:00,0.1710948980786978,6.707306938075055e-15,0.0
2026-06-25 10:05:00+03:00,0.1710948980786978,3.0099172261135595e-15,0.0
2026-06-25 10:10:00+03:00,0.1710948980786978,8.127073332342629e-17,0.0
2026-06-25 10:15:00+03:00,0.1710948980786978,9.553489472208166e-16,0.0
2026-06-25 10:20:00+03:00,0.1710948980786978,7.23765145895454e-18,0.0
2026-06-25 10:25:00+03:00,0.1710948980786978,5.335747975609778e-19,0.0
2026-06-25 10:30:00+03:00,0.1710948980786978,7.802430718575512e-20,0.0
2026-06-25 10:35:00+03:00,0.1710948980786978,5.921442806894653e-20,0.0
2026-06-25 10:40:00+03:00,0.1710948980786978,2.6991523988726102e-21,0.0
2026-06-25 10:45:00+03:00,0.1710948980786978,3.6676780637639712e-22,0.0
2026-06-25 10:50:00+03:00,0.1710948980786978,2.3816783755936993e-21,0.0
2026-06-25 10:55:00+03:00,0.1710948980786978,3.104708225852172e-20,0.0
2026-06-25 11:00:00+03:00,0.1710948980786978,1.0194370025628353e-19,0.0
2026-06-25 11:05:00+03:00,0.1710948980786978,9.485000236486995e-19,0.0
2026-06-25 11:10:00+03:00,0.1710948980786978,1.3491512331143145e-18,0.0
2026-06-25 11:15:00+03:00,0.1710948980786978,2.0681815259476167e-19,0.0
2026-06-25 11:20:00+03:00,0.1710948980786978,5.998938851376555e-18,0.0
2026-06-25 11:25:00+03:00,0.1710948980786978,1.4791894426190236e-16,0.0
2026-06-25 11:30:00+03:00,0.1710948980786978,2.692850435139778e-16,0.0
2026-06-25 11:35:00+03:00,0.1710948980786978,9.244902637454562e-15,0.0
2026-06-25 11:40:00+03:00,0.1710948980786978,3.2511461872614527e-16,0.0
2026-06-25 11:45:00+03:00,0.1710948980786978,2.6839654019817932e-14,0.0
2026-06-25 11:50:00+03:00,0.1710948980786978,5.329532026157401e-13,0.0
2026-06-25 11:55:00+03:00,0.1710948980786978,1.412347775537709e-12,0.0
2026-06-25 12:00:00+03:00,0.1710948980786978,1.4053966618332611e-11,0.0
2026-06-25 12:05:00+03:00,0.1710948980786978,2.8163188093029816e-11,0.0
2026-06-25 12:10:00+03:00,0.1710948980786978,3.1319866817178086e-09,0.0
2026-06-25 12:15:00+03:00,0.1710948980786978,4.343621227579118e-09,0.0
2026-06-25 12:20:00+03:00,0.1710948980786978,1.5953518594847215e-07,0.0
2026-06-25 12:25:00+03:00,0.1710948980786978,8.970662259966486e-09,0.0021975068949334313
2026-06-25 12:30:00+03:00,0.1710948980786978,1.8736779703267357e-07,0.0
2026-06-25 12:35:00+03:00,0.1710948980786978,4.6546166461788035e-07,0.0
2026-06-25 12:40:00+03:00,0.17056973897761885,1.83887555843705e-07,0.0348681177120336
2026-06-25 12:45:00+03:00,0.17056973897761885,3.147061977549357e-05,0.03267061081710017
2026-06-25 12:50:00+03:00,0.1710948980786978,8.934053358968829e-06,0.03310121880505467
2026-06-25 12:55:00+03:00,0.17056973897761885,6.666577796116253e-06,0.08668035901496714
2026-06-25 13:00:00+03:00,0.17056973897761885,0.001629658743046472,0.08345229032652483
2026-06-25 13:05:00+03:00,0.1710948980786978,1.6124009284947394e-05,0.029063576321504896
2026-06-25 13:10:00+03:00,0.1710948980786978,8.355224362512675e-07,0.04187542709392206
2026-06-25 13:15:00+03:00,0.1710948980786978,2.7985857143801273e-05,0.03792762950172138
2026-06-25 13:20:00+03:00,0.1710948980786978,0.00015546463810490595,0.012924363261375105
2026-06-25 13:25:00+03:00,0.1710948980786978,7.730757450383357e-05,0.008768549818591643
2026-06-25 13:30:00+03:00,0.1710948980786978,4.381030132728958e-06,0.0067029719261360345
2026-06-25 13:35:00+03:00,0.1710948980786978,2.0134527666045654e-06,0.0022491615145270112
2026-06-25 13:40:00+03:00,0.1710948980786978,0.00015328500820321918,0.0022776879547291838
2026-06-25 13:45:00+03:00,0.1710948980786978,7.26873570287069e-06,0.0
2026-06-25 13:50:00+03:00,0.1710948980786978,3.869580260498306e-07,0.0022776879547291838
2026-06-25 13:55:00+03:00,0.1710948980786978,3.730377978273347e-05,0.0
2026-06-25 14:00:00+03:00,0.1710948980786978,1.962002331463776e-05,0.0
2026-06-25 14:05:00+03:00,0.1710948980786978,0.0002782814132016093,0.0
2026-06-25 14:10:00+03:00,0.1710948980786978,0.004700343571529549,0.05551265446312262
2026-06-25 14:15:00+03:00,0.1710948980786978,0.017639066261640423,0.08543636875105359
2026-06-25 14:20:00+03:00,0.1710948980786978,0.0014481930384743662,0.018064816161144
2026-06-25 14:25:00+03:00,0.1710948980786978,0.0016951795091668265,0.006756331392326072
2026-06-25 14:30:00+03:00,0.1710948980786978,0.0007913297513290941,0.00428405425284148
2026-06-25 14:35:00+03:00,0.1710948980786978,2.011116366454238e-07,0.0018133681603565801
2026-06-25 14:40:00+03:00,0.1710948980786978,6.180550336839926e-07,0.0018133681603565801
2026-06-25 14:45:00+03:00,0.1710948980786978,2.0450604308093632e-07,0.0
2026-06-25 14:50:00+03:00,0.1710948980786978,5.2722906589018315e-09,0.0018133681603565801
2026-06-25 14:55:00+03:00,0.1710948980786978,6.677436958697248e-09,0.008362012427571619
2026-06-25 15:00:00+03:00,0.1710948980786978,1.9610272814595618e-08,0.010639675559042445
2026-06-25 15:05:00+03:00,0.1710948980786978,4.202003816772611e-08,0.0022776631314708256
2026-06-25 15:10:00+03:00,0.1710948980786978,1.6843672938692403e-09,0.0022776631314708256
2026-06-25 15:15:00+03:00,0.1710948980786978,2.335918285799043e-08,0.010639675559042445
2026-06-25 15:20:00+03:00,0.1710948980786978,2.2127683059088184e-08,0.0024716246357520603
2026-06-25 15:25:00+03:00,0.1710948980786978,1.9658343097266325e-08,0.0
2026-06-25 15:30:00+03:00,0.1710948980786978,4.443603717157345e-09,0.018570951861777298
2026-06-25 15:35:00+03:00,0.1710948980786978,2.0834332225663553e-06,0.0
2026-06-25 15:40:00+03:00,0.1710948980786978,3.929375401803785e-08,0.0
2026-06-25 15:45:00+03:00,0.1710948980786978,2.7336631040187966e-09,0.0
2026-06-25 15:50:00+03:00,0.1710948980786978,5.11352469681974e-10,0.0
2026-06-25 15:55:00+03:00,0.1710948980786978,1.66910510095893e-11,0.0
2026-06-25 16:00:00+03:00,0.1710948980786978,5.6961318655584354e-11,0.0
2026-06-25 16:05:00+03:00,0.1710948980786978,1.5013298956252046e-11,0.0
2026-06-25 16:10:00+03:00,0.1710948980786978,3.588743132550904e-11,0.0
2026-06-25 16:15:00+03:00,0.1710948980786978,2.4262536457396366e-11,0.0
2026-06-25 16:20:00+03:00,0.1710948980786978,7.960401285974464e-11,0.0
2026-06-25 16:25:00+03:00,0.1710948980786978,3.767929761912823e-10,0.0
2026-06-25 16:30:00+03:00,0.1710948980786978,1.3204347024046736e-11,0.0
2026-06-25 16:35:00+03:00,0.1710948980786978,5.3556259920407854e-11,0.0
2026-06-25 16:40:00+03:00,0.1710948980786978,1.108825661528835e-09,0.0
2026-06-25 16:45:00+03:00,0.1710948980786978,1.9861323566488077e-08,0.0
2026-06-25 16:50:00+03:00,0.1710948980786978,4.482732859201638e-07,0.0
2026-06-25 16:55:00+03:00,0.1710948980786978,4.793226705248246e-06,0.0
2026-06-25 17:00:00+03:00,0.1710948980786978,4.7338889626842166e-08,0.0
2026-06-25 17:05:00+03:00,0.1710948980786978,2.007233153273485e-06,0.0
2026-06-25 17:10:00+03:00,0.1710948980786978,3.8739537540912935e-07,0.002088567408017573
2026-06-25 17:15:00+03:00,0.1710948980786978,8.07965909822652e-06,0.0
2026-06-25 17:20:00+03:00,0.1710948980786978,1.4360074668655108e-06,0.0
2026-06-25 17:25:00+03:00,0.1710948980786978,6.371121918058679e-07,0.0
2026-06-25 17:30:00+03:00,0.1710948980786978,1.4130208561518015e-07,0.0
2026-06-25 17:35:00+03:00,0.1710948980786978,2.1661709695002708e-08,0.0
2026-06-25 17:40:00+03:00,0.1710948980786978,8.060310648090156e-08,0.0
2026-06-25 17:45:00+03:00,0.1710948980786978,7.070753491013143e-08,0.0
2026-06-25 17:50:00+03:00,0.1710948980786978,4.150849768222289e-08,0.0
2026-06-25 17:55:00+03:00,0.1710948980786978,2.814650457591367e-08,0.0
2026-06-26 09:55:00+03:00,0.1710948980786978,5.3454199408981925e-06,0.08586731838414713
2026-06-26 10:00:00+03:00,0.1710948980786978,8.588243187831651e-08,0.0020255343863761293
2026-06-26 10:05:00+03:00,0.1710948980786978,8.596910547580513e-12,0.0
2026-06-26 10:10:00+03:00,0.1710948980786978,1.7826567204270314e-11,0.0
2026-06-26 10:15:00+03:00,0.1710948980786978,7.919980167574311e-13,0.0036187556487864746
2026-06-26 10:20:00+03:00,0.1710948980786978,9.367259031798495e-11,0.0
2026-06-26 10:25:00+03:00,0.1710948980786978,1.5583304422591305e-10,0.006441477025466225
2026-06-26 10:30:00+03:00,0.1710948980786978,1.0788648866248334e-09,0.00229384528159254
2026-06-26 10:35:00+03:00,0.1710948980786978,7.026957111677509e-11,0.006463329144547936
2026-06-26 10:40:00+03:00,0.1710948980786978,3.4090831232504926e-08,0.00229384528159254
2026-06-26 10:45:00+03:00,0.1710948980786978,5.978189781617353e-09,0.00229384528159254
2026-06-26 10:50:00+03:00,0.1710948980786978,1.0238758695940718e-08,0.00229384528159254
2026-06-26 10:55:00+03:00,0.1710948980786978,1.269402522824509e-10,0.00229384528159254
2026-06-26 11:00:00+03:00,0.17056973897761885,1.1029740302734096e-09,0.01069261413232517
2026-06-26 11:05:00+03:00,0.1710948980786978,7.094733050303476e-10,0.00229384528159254
2026-06-26 11:10:00+03:00,0.1710948980786978,4.428098221528018e-09,0.0
2026-06-26 11:15:00+03:00,0.1710948980786978,1.1287479996926088e-10,0.0
2026-06-26 11:20:00+03:00,0.1710948980786978,1.3801254084635292e-10,0.0
2026-06-26 11:25:00+03:00,0.1710948980786978,2.4714323408305386e-13,0.0
2026-06-26 11:30:00+03:00,0.1710948980786978,1.5340096489687566e-13,0.0
2026-06-26 11:35:00+03:00,0.1710948980786978,1.7546855194928002e-12,0.0
2026-06-26 11:40:00+03:00,0.1710948980786978,5.038692247398809e-12,0.0
2026-06-26 11:45:00+03:00,0.1710948980786978,1.4899208815588896e-09,0.0
2026-06-26 11:50:00+03:00,0.1710948980786978,4.5506436501481277e-10,0.0
2026-06-26 11:55:00+03:00,0.1710948980786978,4.565491864279004e-10,0.0
2026-06-26 12:00:00+03:00,0.1710948980786978,2.1257816680958205e-11,0.0
2026-06-26 12:05:00+03:00,0.1710948980786978,6.349887422200882e-14,0.0
2026-06-26 12:10:00+03:00,0.1710948980786978,6.959047052864181e-13,0.0
2026-06-26 12:15:00+03:00,0.1710948980786978,1.6199620464187503e-13,0.0
2026-06-26 12:20:00+03:00,0.1710948980786978,2.878035344555612e-12,0.0
2026-06-26 12:25:00+03:00,0.1710948980786978,4.840840052087267e-13,0.0
2026-06-26 12:30:00+03:00,0.1710948980786978,4.304920402203128e-14,0.0
2026-06-26 12:35:00+03:00,0.1710948980786978,3.1585305926474005e-14,0.0
2026-06-26 12:40:00+03:00,0.1710948980786978,2.035357410442845e-13,0.0
2026-06-26 12:45:00+03:00,0.1710948980786978,4.386035606693983e-14,0.0
2026-06-26 12:50:00+03:00,0.1710948980786978,2.5433891153870193e-14,0.0
2026-06-26 12:55:00+03:00,0.1710948980786978,3.401808986779362e-13,0.0
2026-06-26 13:00:00+03:00,0.1710948980786978,9.644031480567094e-13,0.0
2026-06-26 13:05:00+03:00,0.1710948980786978,3.5124950704342435e-11,0.0
2026-06-26 13:10:00+03:00,0.1710948980786978,1.1947887778212113e-11,0.0
2026-06-26 13:15:00+03:00,0.1710948980786978,5.646025122669315e-12,0.0
2026-06-26 13:20:00+03:00,0.1710948980786978,9.759249329298748e-11,0.0
2026-06-26 13:25:00+03:00,0.1710948980786978,2.75461060535651e-14,0.004147326694705856
2026-06-26 13:30:00+03:00,0.1710948980786978,9.936572115250066e-14,0.0
2026-06-26 13:35:00+03:00,0.1710948980786978,7.847292305569995e-13,0.0
2026-06-26 13:40:00+03:00,0.1710948980786978,1.5798704418753504e-11,0.0
2026-06-26 13:45:00+03:00,0.1710948980786978,7.996619235088621e-11,0.0
2026-06-26 13:50:00+03:00,0.1710948980786978,1.5840299830402316e-12,0.0
2026-06-26 13:55:00+03:00,0.1710948980786978,1.0574383334189223e-12,0.0
2026-06-26 14:00:00+03:00,0.1710948980786978,1.3599259937832906e-13,0.0
2026-06-26 14:05:00+03:00,0.1710948980786978,1.228204674891057e-12,0.0
2026-06-26 14:10:00+03:00,0.1710948980786978,2.872872817602616e-12,0.0
2026-06-26 14:15:00+03:00,0.1710948980786978,1.7474925400080173e-10,0.0
2026-06-26 14:20:00+03:00,0.1710948980786978,1.728116713961699e-11,0.0
2026-06-26 14:25:00+03:00,0.1710948980786978,2.68025396469478e-09,0.0
2026-06-26 14:30:00+03:00,0.1710948980786978,1.1661557766125743e-08,0.0
2026-06-26 14:35:00+03:00,0.1710948980786978,1.4525239574791445e-08,0.0
2026-06-26 14:40:00+03:00,0.1710948980786978,2.2863329428323637e-07,0.0
2026-06-26 14:45:00+03:00,0.1710948980786978,1.127253128097937e-07,0.0
2026-06-26 14:50:00+03:00,0.1710948980786978,1.1252266914301127e-08,0.0
2026-06-26 14:55:00+03:00,0.1710948980786978,4.612112792811312e-07,0.008184801683728872
2026-06-26 15:00:00+03:00,0.1710948980786978,1.1176306888945937e-06,0.0
2026-06-26 15:05:00+03:00,0.1710948980786978,4.209552798466178e-08,0.0021624117533216108
2026-06-26 15:10:00+03:00,0.1710948980786978,1.593386336206959e-07,0.0
2026-06-26 15:15:00+03:00,0.1710948980786978,3.5190968158385874e-08,0.0
2026-06-26 15:20:00+03:00,0.1710948980786978,8.673113282602538e-08,0.0
2026-06-26 15:25:00+03:00,0.1710948980786978,2.6885674697126196e-08,0.0021624117533216108
2026-06-26 15:30:00+03:00,0.1710948980786978,1.2544926745423771e-06,0.008506219006170096
2026-06-26 15:35:00+03:00,0.1710948980786978,4.315719468306139e-09,0.0
2026-06-26 15:40:00+03:00,0.1710948980786978,2.413952705519067e-09,0.01262904364789816
2026-06-26 15:45:00+03:00,0.1710948980786978,1.0992007921007326e-08,0.046782824855101206
2026-06-26 15:50:00+03:00,0.1710948980786978,2.555095762089787e-07,0.0020634811346736427
2026-06-26 15:55:00+03:00,0.1710948980786978,1.1786454211563278e-07,0.0
2026-06-26 16:00:00+03:00,0.1710948980786978,4.307048281711576e-06,0.002095677556315604
2026-06-26 16:05:00+03:00,0.1710948980786978,1.6958196725172572e-05,0.00832868639828551
2026-06-26 16:10:00+03:00,0.1710948980786978,3.3268929754066905e-08,0.0
2026-06-26 16:15:00+03:00,0.1710948980786978,6.27640203152092e-08,0.06136093532488998
2026-06-26 16:20:00+03:00,0.1710948980786978,4.0054942802543117e-07,0.0
2026-06-26 16:25:00+03:00,0.1710948980786978,4.901243830609219e-09,0.0
2026-06-26 16:30:00+03:00,0.1710948980786978,6.621742635103205e-08,0.0
2026-06-26 16:35:00+03:00,0.1710948980786978,5.852563636634079e-06,0.0
2026-06-26 16:40:00+03:00,0.1710948980786978,1.2319216114053675e-07,0.0
2026-06-26 16:45:00+03:00,0.1710948980786978,6.4179043267808715e-09,0.0
2026-06-26 16:50:00+03:00,0.1710948980786978,1.2056839834473168e-08,0.0
2026-06-26 16:55:00+03:00,0.1710948980786978,2.879800504166029e-10,0.0
2026-06-26 17:00:00+03:00,0.1710948980786978,1.4771918357892544e-10,0.0
2026-06-26 17:05:00+03:00,0.1710948980786978,1.7174346945155776e-11,0.0
2026-06-26 17:10:00+03:00,0.1710948980786978,3.0212861074293737e-12,0.0
2026-06-26 17:15:00+03:00,0.1710948980786978,1.017533451881847e-11,0.0
2026-06-26 17:20:00+03:00,0.1710948980786978,3.1327076698524755e-11,0.0
2026-06-26 17:25:00+03:00,0.1710948980786978,6.15221983427795e-11,0.0
2026-06-26 17:30:00+03:00,0.1710948980786978,2.770644083485195e-12,0.0
2026-06-26 17:35:00+03:00,0.1710948980786978,1.1192688341753609e-12,0.0
2026-06-26 17:40:00+03:00,0.1710948980786978,3.712650154420577e-11,0.0
2026-06-26 17:45:00+03:00,0.1710948980786978,5.4522199069685087e-11,0.0
2026-06-26 17:50:00+03:00,0.1710948980786978,5.160357954135137e-12,0.0
2026-06-26 17:55:00+03:00,0.1710948980786978,2.8589024777432425e-13,0.0
2026-06-29 09:55:00+03:00,0.1710948980786978,8.14901092270271e-14,0.0
2026-06-29 10:00:00+03:00,0.1710948980786978,1.1144732560148016e-10,0.0640799626918499
2026-06-29 10:05:00+03:00,0.1710948980786978,7.824496722661216e-09,0.013997622505551664
2026-06-29 10:10:00+03:00,0.1710948980786978,2.3454212676738114e-09,0.018146013601606947
2026-06-29 10:15:00+03:00,0.1710948980786978,2.218036594780036e-06,0.013881306875793604
2026-06-29 10:20:00+03:00,0.1710948980786978,4.574642128976388e-06,0.010262551227007134
2026-06-29 10:25:00+03:00,0.1710948980786978,2.5248872117655844e-06,0.0
2026-06-29 10:30:00+03:00,0.17056973897761885,7.86827906285646e-09,0.10159157853839203
2026-06-29 10:35:00+03:00,0.17056973897761885,1.9191131676007924e-06,0.07661226210106026
2026-06-29 10:40:00+03:00,0.17056973897761885,5.449393087111264e-07,0.0929973399869322
2026-06-29 10:45:00+03:00,0.17056973897761885,1.0572853581674299e-06,0.08051280686424596
2026-06-29 10:50:00+03:00,0.1710948980786978,6.536873030653263e-08,0.015374880243952789
2026-06-29 10:55:00+03:00,0.1710948980786978,3.599543170649052e-08,0.0063908864896244835
2026-06-29 11:00:00+03:00,0.1710948980786978,1.7020237567365767e-10,0.0063908864896244835
2026-06-29 11:05:00+03:00,0.1710948980786978,1.4420005202488815e-09,0.022131297687473964
2026-06-29 11:10:00+03:00,0.1710948980786978,8.382134345959288e-09,0.004216570594586857
2026-06-29 11:15:00+03:00,0.1710948980786978,1.1028349146634426e-08,0.14159821261125694
2026-06-29 11:20:00+03:00,0.1710948980786978,1.8212808414425187e-08,0.08839924647315651
2026-06-29 11:25:00+03:00,0.1710948980786978,3.605978409089548e-07,0.08809664305980583
2026-06-29 11:30:00+03:00,0.1710948980786978,1.7730057219682554e-07,0.09264997741245048
2026-06-29 11:35:00+03:00,0.1710948980786978,4.311721596602514e-07,0.07512387515962715
2026-06-29 11:40:00+03:00,0.1710948980786978,0.18260030839905153,0.4633099479523105
2026-06-29 11:45:00+03:00,0.16492841327550306,0.987805232102507,0.9051950612441344
2026-06-29 11:50:00+03:00,0.1710948980786978,4.958288827710219e-06,0.04392337722792081
2026-06-29 11:55:00+03:00,0.1710948980786978,1.2621806992279407e-06,0.021367163180111594
2026-06-29 12:00:00+03:00,0.1710948980786978,9.130399079868651e-06,0.0061735014465503
2026-06-29 12:05:00+03:00,0.1710948980786978,5.65911471705686e-09,0.0020000120721431276
2026-06-29 12:10:00+03:00,0.1710948980786978,3.1821267779369683e-09,0.0020000120721431276
2026-06-29 12:15:00+03:00,0.1710948980786978,1.7432083742876753e-10,0.0020000120721431276
2026-06-29 12:20:00+03:00,0.1710948980786978,3.189882329950824e-10,0.0020000120721431276
2026-06-29 12:25:00+03:00,0.1710948980786978,7.206495725869866e-11,0.0
2026-06-29 12:30:00+03:00,0.1710948980786978,6.284897498247997e-13,0.0
2026-06-29 12:35:00+03:00,0.1710948980786978,9.38746013971101e-12,0.0
2026-06-29 12:40:00+03:00,0.1710948980786978,1.7205002367098367e-13,0.0
2026-06-29 12:45:00+03:00,0.1710948980786978,1.5398144301429947e-12,0.0
2026-06-29 12:50:00+03:00,0.1710948980786978,2.9148993830761537e-12,0.0
2026-06-29 12:55:00+03:00,0.1710948980786978,4.34355724177206e-12,0.0
2026-06-29 13:00:00+03:00,0.1710948980786978,6.140838312581313e-12,0.0
2026-06-29 13:05:00+03:00,0.1710948980786978,1.720165756088257e-12,0.0
2026-06-29 13:10:00+03:00,0.1710948980786978,9.781450720446704e-12,0.0
2026-06-29 13:15:00+03:00,0.1710948980786978,2.4539248588048987e-13,0.0
2026-06-29 13:20:00+03:00,0.1710948980786978,9.692138359229925e-14,0.0
2026-06-29 13:25:00+03:00,0.1710948980786978,1.0333168011768697e-11,0.0
2026-06-29 13:30:00+03:00,0.1710948980786978,1.2219934045918612e-12,0.0
2026-06-29 13:35:00+03:00,0.1710948980786978,4.786325158768645e-12,0.0
2026-06-29 13:40:00+03:00,0.1710948980786978,1.5156615506127858e-11,0.0
2026-06-29 13:45:00+03:00,0.1710948980786978,1.1384925797794746e-07,0.0
2026-06-29 13:50:00+03:00,0.1710948980786978,2.7578933555140694e-10,0.0
2026-06-29 13:55:00+03:00,0.1710948980786978,4.2847288298235113e-10,0.0
2026-06-29 14:00:00+03:00,0.1710948980786978,6.462386102342611e-10,0.0
2026-06-29 14:05:00+03:00,0.1710948980786978,1.1210299442761483e-08,0.0
2026-06-29 14:10:00+03:00,0.1710948980786978,6.747097494752958e-10,0.0
2026-06-29 14:15:00+03:00,0.1710948980786978,3.1863619880352055e-10,0.0
2026-06-29 14:20:00+03:00,0.1710948980786978,2.2057728818340546e-09,0.0
2026-06-29 14:25:00+03:00,0.1710948980786978,1.4116898931004835e-09,0.0
2026-06-29 14:30:00+03:00,0.1710948980786978,2.80213541942282e-12,0.01037778326867994
2026-06-29 14:35:00+03:00,0.1710948980786978,7.528307048780547e-11,0.01037778326867994
2026-06-29 14:40:00+03:00,0.1710948980786978,1.3467063712745195e-08,0.0
2026-06-29 14:45:00+03:00,0.1710948980786978,2.8503456428299767e-07,0.0
2026-06-29 14:50:00+03:00,0.1710948980786978,5.299185610586429e-07,0.0
2026-06-29 14:55:00+03:00,0.1710948980786978,1.175871102578248e-06,0.0
2026-06-29 15:00:00+03:00,0.1710948980786978,2.780370429687975e-07,0.0
2026-06-29 15:05:00+03:00,0.1710948980786978,1.8892199720709603e-07,0.0
2026-06-29 15:10:00+03:00,0.1710948980786978,8.922404675413383e-09,0.0
2026-06-29 15:15:00+03:00,0.1710948980786978,2.39880673214633e-09,0.0
2026-06-29 15:20:00+03:00,0.1710948980786978,1.0615526718026334e-09,0.0
2026-06-29 15:25:00+03:00,0.1710948980786978,8.327758689996549e-10,0.0
2026-06-29 15:30:00+03:00,0.1710948980786978,2.6736372900839406e-09,0.0
2026-06-29 15:35:00+03:00,0.1710948980786978,9.709043268120085e-09,0.0
2026-06-29 15:40:00+03:00,0.1710948980786978,2.5562110036934153e-08,0.0
2026-06-29 15:45:00+03:00,0.1710948980786978,2.6541576542349983e-10,0.0
2026-06-29 15:50:00+03:00,0.1710948980786978,3.2571443148061017e-10,0.0
2026-06-29 15:55:00+03:00,0.1710948980786978,5.004998693148029e-10,0.0
2026-06-29 16:00:00+03:00,0.1710948980786978,1.1994964654682188e-11,0.0
2026-06-29 16:05:00+03:00,0.1710948980786978,4.002094982265345e-09,0.0
2026-06-29 16:10:00+03:00,0.1710948980786978,2.8725908746018052e-05,0.0
2026-06-29 16:15:00+03:00,0.1710948980786978,2.3617717800341583e-05,0.0
2026-06-29 16:20:00+03:00,0.1710948980786978,8.91702999175563e-05,0.004178114970368745
2026-06-29 16:25:00+03:00,0.1710948980786978,2.007266595741838e-05,0.0
2026-06-29 16:30:00+03:00,0.1710948980786978,7.820256486244586e-11,0.0
2026-06-29 16:35:00+03:00,0.1710948980786978,7.983176160871529e-12,0.0
2026-06-29 16:40:00+03:00,0.1710948980786978,9.088781522836179e-14,0.0
2026-06-29 16:45:00+03:00,0.1710948980786978,7.170875370153493e-12,0.0
2026-06-29 16:50:00+03:00,0.1710948980786978,1.0287297921862391e-10,0.0
2026-06-29 16:55:00+03:00,0.1710948980786978,9.46637324481345e-11,0.0
2026-06-29 17:00:00+03:00,0.1710948980786978,2.569256379563516e-10,0.0
2026-06-29 17:05:00+03:00,0.1710948980786978,3.953070096037589e-09,0.0
2026-06-29 17:10:00+03:00,0.1710948980786978,3.112989049928181e-09,0.0
2026-06-29 17:15:00+03:00,0.1710948980786978,1.8698984685877206e-07,0.0
2026-06-29 17:20:00+03:00,0.1710948980786978,5.9228278406863874e-08,0.0
2026-06-29 17:25:00+03:00,0.1710948980786978,1.9968278937232384e-08,0.0
2026-06-29 17:30:00+03:00,0.1710948980786978,2.9514042791331143e-09,0.0
2026-06-29 17:35:00+03:00,0.1710948980786978,1.6837984544935806e-10,0.0
2026-06-29 17:40:00+03:00,0.1710948980786978,4.2232527702408167e-10,0.0
2026-06-29 17:45:00+03:00,0.1710948980786978,2.015022705623227e-08,0.0
2026-06-29 17:50:00+03:00,0.1710948980786978,2.1502074983960118e-09,0.0
2026-06-29 17:55:00+03:00,0.1710948980786978,1.634342878476102e-10,0.0
2026-06-30 09:55:00+03:00,0.1710948980786978,2.5667032999401444e-12,0.0
2026-06-30 10:00:00+03:00,0.1710948980786978,4.499602067247962e-12,0.0
2026-06-30 10:05:00+03:00,0.1710948980786978,2.0859385567865782e-08,0.0
2026-06-30 10:10:00+03:00,0.1710948980786978,2.160020866282061e-09,0.0
2026-06-30 10:15:00+03:00,0.1710948980786978,8.345078082675366e-10,0.0
2026-06-30 10:20:00+03:00,0.1710948980786978,1.4298829386594494e-11,0.0
2026-06-30 10:25:00+03:00,0.1710948980786978,2.779781568270971e-11,0.0
2026-06-30 10:30:00+03:00,0.1710948980786978,5.4297228764627e-10,0.0
2026-06-30 10:35:00+03:00,0.1710948980786978,8.17094308788205e-09,0.0
2026-06-30 10:40:00+03:00,0.1710948980786978,1.1961229859200122e-07,0.008434566494947142
2026-06-30 10:45:00+03:00,0.1710948980786978,2.418659885039669e-07,0.0
2026-06-30 10:50:00+03:00,0.1710948980786978,2.44011137457985e-07,0.0
2026-06-30 10:55:00+03:00,0.1710948980786978,2.1179216585281982e-08,0.0
2026-06-30 11:00:00+03:00,0.1710948980786978,1.145743948808154e-09,0.0
2026-06-30 11:05:00+03:00,0.1710948980786978,7.737325998694039e-10,0.0
2026-06-30 11:10:00+03:00,0.1710948980786978,3.49791935796538e-10,0.0
2026-06-30 11:15:00+03:00,0.1710948980786978,2.1655029726858763e-12,0.0
2026-06-30 11:20:00+03:00,0.1710948980786978,6.114848703192333e-12,0.0
2026-06-30 11:25:00+03:00,0.1710948980786978,4.819131008516306e-12,0.0
2026-06-30 11:30:00+03:00,0.1710948980786978,1.5497991285460948e-12,0.0
2026-06-30 11:35:00+03:00,0.1710948980786978,5.163837926760736e-09,0.0
2026-06-30 11:40:00+03:00,0.1710948980786978,4.375786733810685e-10,0.0
2026-06-30 11:45:00+03:00,0.1710948980786978,4.154531185084381e-09,0.0
2026-06-30 11:50:00+03:00,0.1710948980786978,4.892741712836715e-09,0.0
2026-06-30 11:55:00+03:00,0.1710948980786978,1.1889657870278292e-07,0.0
2026-06-30 12:00:00+03:00,0.1710948980786978,3.841310935955034e-06,0.0
2026-06-30 12:05:00+03:00,0.1710948980786978,2.3128808456024936e-07,0.0
2026-06-30 12:10:00+03:00,0.1710948980786978,5.514724666277824e-08,0.0021294909893736485
2026-06-30 12:15:00+03:00,0.1710948980786978,1.8123166327898442e-07,0.0017129828224651629
2026-06-30 12:20:00+03:00,0.1710948980786978,7.655749731345597e-06,0.0
2026-06-30 12:25:00+03:00,0.1710948980786978,1.3271170856063944e-05,0.0
2026-06-30 12:30:00+03:00,0.1710948980786978,2.067952761748371e-06,0.050600501026862955
2026-06-30 12:35:00+03:00,0.1710948980786978,9.017845688447496e-07,0.10288205356817846
2026-06-30 12:40:00+03:00,0.1710948980786978,8.616723604415472e-06,0.06118089548081592
2026-06-30 12:45:00+03:00,0.1710948980786978,6.65583136247317e-07,0.0
2026-06-30 12:50:00+03:00,0.1710948980786978,6.959426509306565e-07,0.04405179965121899
2026-06-30 12:55:00+03:00,0.1710948980786978,5.3725686631512246e-06,0.05463174764844933
2026-06-30 13:00:00+03:00,0.1710948980786978,4.415283873452855e-05,0.0020634811346736427
2026-06-30 13:05:00+03:00,0.1710948980786978,7.271335251004709e-06,0.0
2026-06-30 13:10:00+03:00,0.1710948980786978,7.616319624228793e-08,0.0
2026-06-30 13:15:00+03:00,0.1710948980786978,6.189644204050441e-07,0.0020596968622584658
2026-06-30 13:20:00+03:00,0.1710948980786978,2.4903357925025242e-06,0.0020596968622584658
2026-06-30 13:25:00+03:00,0.1710948980786978,1.8099895917659834e-08,0.0
2026-06-30 13:30:00+03:00,0.1710948980786978,6.224028636112702e-08,0.0
2026-06-30 13:35:00+03:00,0.1710948980786978,2.56462019526287e-08,0.0
2026-06-30 13:40:00+03:00,0.1710948980786978,1.1034187694252625e-08,0.0
2026-06-30 13:45:00+03:00,0.1710948980786978,2.4942860244232922e-09,0.0
2026-06-30 13:50:00+03:00,0.1710948980786978,3.780221980754544e-09,0.0
2026-06-30 13:55:00+03:00,0.1710948980786978,5.394351388607876e-09,0.0
2026-06-30 14:00:00+03:00,0.1710948980786978,9.632572275070262e-10,0.0
2026-06-30 14:05:00+03:00,0.1710948980786978,2.835534353450458e-11,0.0
2026-06-30 14:10:00+03:00,0.1710948980786978,6.868416070002257e-09,0.023725083466315283
2026-06-30 14:15:00+03:00,0.1710948980786978,5.99524991477238e-08,0.023725083466315283
2026-06-30 14:20:00+03:00,0.1710948980786978,2.6009477509910067e-06,0.023725083466315283
2026-06-30 14:25:00+03:00,0.1710948980786978,2.831057199370282e-06,0.023725083466315283
2026-06-30 14:30:00+03:00,0.1710948980786978,5.480030004588926e-07,0.0
2026-06-30 14:35:00+03:00,0.1710948980786978,6.080997573836856e-08,0.0
2026-06-30 14:40:00+03:00,0.1710948980786978,2.726014955837692e-08,0.0
2026-06-30 14:45:00+03:00,0.1710948980786978,6.152319929091717e-08,0.0
2026-06-30 14:50:00+03:00,0.1710948980786978,2.352346880303298e-08,0.023725083466315283
2026-06-30 14:55:00+03:00,0.1710948980786978,5.78844798892478e-07,0.10385817844284112
2026-06-30 15:00:00+03:00,0.17056973897761885,1.202113131834834e-06,0.3231895323734084
2026-06-30 15:05:00+03:00,0.1710948980786978,5.7121463573155344e-05,0.05991240677711625
2026-06-30 15:10:00+03:00,0.1710948980786978,0.002605698555127555,0.07272069495212452
2026-06-30 15:15:00+03:00,0.1710948980786978,5.432780615543708e-05,0.002084494597896085
2026-06-30 15:20:00+03:00,0.1710948980786978,8.394660422429489e-05,0.0
2026-06-30 15:25:00+03:00,0.1710948980786978,2.5457529906413934e-06,0.0
2026-06-30 15:30:00+03:00,0.1710948980786978,7.682188326649205e-08,0.0
2026-06-30 15:35:00+03:00,0.1710948980786978,1.8812993783299444e-08,0.0
2026-06-30 15:40:00+03:00,0.1710948980786978,2.0315106521268543e-08,0.0
2026-06-30 15:45:00+03:00,0.1710948980786978,2.2441348071449715e-09,0.0
2026-06-30 15:50:00+03:00,0.1710948980786978,1.0259322203932298e-10,0.0
2026-06-30 15:55:00+03:00,0.1710948980786978,6.982170263656029e-10,0.0
2026-06-30 16:00:00+03:00,0.1710948980786978,6.367037101823463e-13,0.0
2026-06-30 16:05:00+03:00,0.1710948980786978,1.675106963184674e-10,0.0
2026-06-30 16:10:00+03:00,0.1710948980786978,4.85896106159475e-10,0.0
2026-06-30 16:15:00+03:00,0.1710948980786978,2.950542538622483e-10,0.0
2026-06-30 16:20:00+03:00,0.1710948980786978,1.5076187114385221e-09,0.0
2026-06-30 16:25:00+03:00,0.1710948980786978,2.963311830759251e-09,0.0
2026-06-30 16:30:00+03:00,0.1710948980786978,1.861898953602203e-09,0.0
2026-06-30 16:35:00+03:00,0.1710948980786978,1.4499691362127064e-08,0.0
2026-06-30 16:40:00+03:00,0.1710948980786978,2.4542607740741006e-10,0.0
2026-06-30 16:45:00+03:00,0.1710948980786978,2.2318036511895712e-10,0.0
2026-06-30 16:50:00+03:00,0.1710948980786978,7.2232575473315805e-09,0.0
2026-06-30 16:55:00+03:00,0.1710948980786978,2.247047042272673e-12,0.0
2026-06-30 17:00:00+03:00,0.1710948980786978,9.652454699157522e-11,0.0
2026-06-30 17:05:00+03:00,0.1710948980786978,6.241273199117447e-12,0.0
2026-06-30 17:10:00+03:00,0.1710948980786978,3.542872202050938e-10,0.0
2026-06-30 17:15:00+03:00,0.1710948980786978,8.341187395154005e-11,0.0
2026-06-30 17:20:00+03:00,0.1710948980786978,2.7315193633235997e-08,0.018598246801886136
2026-06-30 17:25:00+03:00,0.1710948980786978,1.2172585847508622e-06,0.0
2026-06-30 17:30:00+03:00,0.1710948980786978,5.985066244211329e-09,0.020613839613127412
2026-06-30 17:35:00+03:00,0.1710948980786978,2.3897364555035336e-10,0.0
2026-06-30 17:40:00+03:00,0.1710948980786978,1.9212963752796263e-10,0.0021078787145679605
2026-06-30 17:45:00+03:00,0.1710948980786978,9.637601638367233e-10,0.0
2026-06-30 17:50:00+03:00,0.1710948980786978,1.8516972804839658e-09,0.0
2026-06-30 17:55:00+03:00,0.1710948980786978,3.492937646134122e-11,0.0
2026-07-01 09:55:00+03:00,0.1710948980786978,4.3676711196636913e-10,0.0
2026-07-01 10:00:00+03:00,0.1710948980786978,6.682214330875479e-07,0.008240456765355467
2026-07-01 10:05:00+03:00,0.1710948980786978,4.560581684919916e-09,0.0
2026-07-01 10:10:00+03:00,0.1710948980786978,3.142167253535433e-08,0.0
2026-07-01 10:15:00+03:00,0.1710948980786978,3.3923532011966338e-09,0.0
2026-07-01 10:20:00+03:00,0.1710948980786978,2.099685628448228e-12,0.0
2026-07-01 10:25:00+03:00,0.1710948980786978,8.020932516365009e-15,0.0
2026-07-01 10:30:00+03:00,0.1710948980786978,5.194562353592072e-14,0.0
2026-07-01 10:35:00+03:00,0.1710948980786978,1.5360309223015863e-13,0.0
2026-07-01 10:40:00+03:00,0.1710948980786978,4.874803150406888e-14,0.0
2026-07-01 10:45:00+03:00,0.1710948980786978,1.61162628338479e-14,0.0
2026-07-01 10:50:00+03:00,0.1710948980786978,2.7620392176608376e-16,0.0
2026-07-01 10:55:00+03:00,0.1710948980786978,3.665660628117534e-18,0.0
2026-07-01 11:00:00+03:00,0.1710948980786978,3.9418658617411314e-19,0.0
2026-07-01 11:05:00+03:00,0.1710948980786978,1.9648020487922233e-17,0.0
2026-07-01 11:10:00+03:00,0.1710948980786978,8.084036821502235e-17,0.0
2026-07-01 11:15:00+03:00,0.1710948980786978,9.334628921215223e-20,0.0
2026-07-01 11:20:00+03:00,0.1710948980786978,1.9223598054314326e-19,0.0
2026-07-01 11:25:00+03:00,0.1710948980786978,1.6157967618147257e-19,0.0
2026-07-01 11:30:00+03:00,0.1710948980786978,7.099264751749878e-17,0.0
2026-07-01 11:35:00+03:00,0.1710948980786978,1.4579063156486098e-15,0.0
2026-07-01 11:40:00+03:00,0.1710948980786978,6.9566259733769916e-15,0.0
2026-07-01 11:45:00+03:00,0.1710948980786978,8.607089481642934e-16,0.0
2026-07-01 11:50:00+03:00,0.1710948980786978,6.193962391402261e-13,0.0
2026-07-01 11:55:00+03:00,0.1710948980786978,7.978147962860721e-12,0.0
2026-07-01 12:00:00+03:00,0.17056973897761885,1.0519121881786556e-11,0.01529309086500628
2026-07-01 12:05:00+03:00,0.1710948980786978,8.891691301267925e-10,0.0
2026-07-01 12:10:00+03:00,0.1710948980786978,7.97030083720173e-10,0.0
2026-07-01 12:15:00+03:00,0.1710948980786978,1.0868852424356159e-11,0.0
2026-07-01 12:20:00+03:00,0.1710948980786978,5.1006399646225615e-11,0.0
2026-07-01 12:25:00+03:00,0.1710948980786978,1.5387388193655448e-10,0.0
2026-07-01 12:30:00+03:00,0.1710948980786978,1.4727004902214485e-09,0.0
2026-07-01 12:35:00+03:00,0.1710948980786978,2.164700806841084e-07,0.002065577892455609
2026-07-01 12:40:00+03:00,0.1710948980786978,1.031853088316453e-06,0.002065577892455609
2026-07-01 12:45:00+03:00,0.1710948980786978,1.5108478095990937e-08,0.0
2026-07-01 12:50:00+03:00,0.1710948980786978,2.0727883882379783e-10,0.0
2026-07-01 12:55:00+03:00,0.1710948980786978,1.323902529585942e-10,0.0
2026-07-01 13:00:00+03:00,0.1710948980786978,3.5384562691126244e-11,0.0
2026-07-01 13:05:00+03:00,0.1710948980786978,1.1566956734593053e-11,0.0
2026-07-01 13:10:00+03:00,0.1710948980786978,1.228442281159997e-12,0.0
2026-07-01 13:15:00+03:00,0.1710948980786978,2.492745253093235e-15,0.004147326694705856
2026-07-01 13:20:00+03:00,0.1710948980786978,6.063806145801319e-13,0.0
2026-07-01 13:25:00+03:00,0.1710948980786978,7.728131333230383e-12,0.0
2026-07-01 13:30:00+03:00,0.1710948980786978,9.498224372706458e-14,0.0
2026-07-01 13:35:00+03:00,0.1710948980786978,1.5618605452080689e-12,0.0
2026-07-01 13:40:00+03:00,0.1710948980786978,2.356496592436561e-14,0.0
2026-07-01 13:45:00+03:00,0.1710948980786978,2.0474510348448147e-14,0.0
2026-07-01 13:50:00+03:00,0.1710948980786978,9.976772272196474e-14,0.0
2026-07-01 13:55:00+03:00,0.1710948980786978,5.931953323058917e-13,0.020680900726584985
2026-07-01 14:00:00+03:00,0.1710948980786978,2.0318335451525945e-09,0.002033476919804297
2026-07-01 14:05:00+03:00,0.1710948980786978,4.0105065832592026e-08,0.0
2026-07-01 14:10:00+03:00,0.1710948980786978,3.354140521541379e-06,0.0
2026-07-01 14:15:00+03:00,0.1710948980786978,2.870333380230602e-07,0.0
2026-07-01 14:20:00+03:00,0.1710948980786978,6.068787262573276e-08,0.0
2026-07-01 14:25:00+03:00,0.1710948980786978,1.8390294163914104e-09,0.0
2026-07-01 14:30:00+03:00,0.1710948980786978,5.863561631760364e-09,0.0
2026-07-01 14:35:00+03:00,0.1710948980786978,2.635516108526915e-09,0.0
2026-07-01 14:40:00+03:00,0.1710948980786978,3.3188047404745313e-10,0.0
2026-07-01 14:45:00+03:00,0.1710948980786978,3.933581432070421e-09,0.0
2026-07-01 14:50:00+03:00,0.1710948980786978,2.735388218358907e-10,0.0
2026-07-01 14:55:00+03:00,0.1710948980786978,6.968173211877504e-08,0.0
2026-07-01 15:00:00+03:00,0.1710948980786978,1.8228572208154573e-07,0.0
2026-07-01 15:05:00+03:00,0.1710948980786978,1.5042955125940005e-06,0.0
2026-07-01 15:10:00+03:00,0.1710948980786978,1.6006637100929936e-07,0.0
2026-07-01 15:15:00+03:00,0.1710948980786978,1.1529958733564352e-06,0.0
2026-07-01 15:20:00+03:00,0.1710948980786978,4.472972169126747e-07,0.0
2026-07-01 15:25:00+03:00,0.1710948980786978,1.4713222208732075e-06,0.0
2026-07-01 15:30:00+03:00,0.1710948980786978,1.5416730876008092e-06,0.0
2026-07-01 15:35:00+03:00,0.1710948980786978,2.636848566806968e-07,0.0
2026-07-01 15:40:00+03:00,0.1710948980786978,9.165675873354039e-07,0.0
2026-07-01 15:45:00+03:00,0.1710948980786978,1.6800133569997518e-07,0.0
2026-07-01 15:50:00+03:00,0.1710948980786978,2.0685792334590214e-08,0.0
2026-07-01 15:55:00+03:00,0.1710948980786978,4.365944522633324e-07,0.0
2026-07-01 16:00:00+03:00,0.1710948980786978,2.4071366372716435e-06,0.0
2026-07-01 16:05:00+03:00,0.1710948980786978,0.0001631288457224889,0.03880284659238588
2026-07-01 16:10:00+03:00,0.1710948980786978,0.0003598082855825611,0.009064861318245748
2026-07-01 16:15:00+03:00,0.1710948980786978,9.807541697380168e-05,0.0
2026-07-01 16:20:00+03:00,0.1710948980786978,3.9384735202312605e-05,0.0
2026-07-01 16:25:00+03:00,0.1710948980786978,6.230216809372966e-08,0.0
2026-07-01 16:30:00+03:00,0.1710948980786978,2.1809875165153123e-09,0.0
2026-07-01 16:35:00+03:00,0.1710948980786978,7.754175465532299e-08,0.0
2026-07-01 16:40:00+03:00,0.1710948980786978,4.1850941061322604e-08,0.0
2026-07-01 16:45:00+03:00,0.1710948980786978,2.3937601552927826e-08,0.0
2026-07-01 16:50:00+03:00,0.1710948980786978,7.906251480659998e-10,0.0
2026-07-01 16:55:00+03:00,0.1710948980786978,3.1614937245664254e-07,0.0
2026-07-01 17:00:00+03:00,0.1710948980786978,4.76751422224983e-10,0.0
2026-07-01 17:05:00+03:00,0.1710948980786978,1.957658695476462e-10,0.0
2026-07-01 17:10:00+03:00,0.1710948980786978,5.2136746669143765e-11,0.0
2026-07-01 17:15:00+03:00,0.1710948980786978,5.267413650630177e-13,0.0
2026-07-01 17:20:00+03:00,0.1710948980786978,2.011174104125842e-12,0.0
2026-07-01 17:25:00+03:00,0.1710948980786978,3.928600169229016e-13,0.0
2026-07-01 17:30:00+03:00,0.1710948980786978,1.6899593325278206e-11,0.0
2026-07-01 17:35:00+03:00,0.1710948980786978,3.541551439170717e-09,0.0
2026-07-01 17:40:00+03:00,0.1710948980786978,5.425145308270526e-10,0.0
2026-07-01 17:45:00+03:00,0.1710948980786978,4.888457045687797e-08,0.0
2026-07-01 17:50:00+03:00,0.1710948980786978,0.00011564699564736615,0.0
2026-07-01 17:55:00+03:00,0.1710948980786978,1.3166136866116562e-05,0.010584038313991987
2026-07-02 09:55:00+03:00,0.1710948980786978,1.1947381004146077e-09,0.0
2026-07-02 10:00:00+03:00,0.1710948980786978,5.828802299165264e-13,0.016484571554828645
2026-07-02 10:05:00+03:00,0.1710948980786978,2.8963318862934035e-12,0.0
2026-07-02 10:10:00+03:00,0.1710948980786978,1.3475071189526702e-13,0.0
2026-07-02 10:15:00+03:00,0.1710948980786978,6.675712467977688e-14,0.0
2026-07-02 10:20:00+03:00,0.1710948980786978,7.55007322283387e-15,0.0021078787145679605
2026-07-02 10:25:00+03:00,0.1710948980786978,3.749300543598026e-17,0.0
2026-07-02 10:30:00+03:00,0.1710948980786978,1.854830775519167e-17,0.0
2026-07-02 10:35:00+03:00,0.1710948980786978,6.188492940136403e-17,0.002033476919804297
2026-07-02 10:40:00+03:00,0.1710948980786978,3.897325387593604e-16,0.0
2026-07-02 10:45:00+03:00,0.1710948980786978,2.427974883301666e-17,0.0
2026-07-02 10:50:00+03:00,0.1710948980786978,6.02726549657282e-17,0.0
2026-07-02 10:55:00+03:00,0.1710948980786978,1.4125438175004908e-15,0.0
2026-07-02 11:00:00+03:00,0.1710948980786978,3.8479945651756086e-14,0.0
2026-07-02 11:05:00+03:00,0.1710948980786978,1.9712156534858745e-16,0.0
2026-07-02 11:10:00+03:00,0.1710948980786978,4.74083908283447e-17,0.0
2026-07-02 11:15:00+03:00,0.1710948980786978,4.603945873791654e-16,0.0
2026-07-02 11:20:00+03:00,0.1710948980786978,8.947287748615357e-17,0.0
2026-07-02 11:25:00+03:00,0.1710948980786978,2.4750788679618873e-17,0.0
2026-07-02 11:30:00+03:00,0.1710948980786978,3.9883501581092205e-15,0.0
2026-07-02 11:35:00+03:00,0.1710948980786978,2.4075533154776633e-14,0.0
2026-07-02 11:40:00+03:00,0.1710948980786978,2.5301763421677e-14,0.0
2026-07-02 11:45:00+03:00,0.1710948980786978,2.4828349339197912e-14,0.0
2026-07-02 11:50:00+03:00,0.1710948980786978,2.4247881118280535e-11,0.0
2026-07-02 11:55:00+03:00,0.1710948980786978,6.644428608168826e-09,0.0
2026-07-02 12:00:00+03:00,0.1710948980786978,1.5082313120233793e-07,0.0
2026-07-02 12:05:00+03:00,0.1710948980786978,0.00033894852438107306,0.010583609358854046
2026-07-02 12:10:00+03:00,0.1710948980786978,1.1268862939922989e-05,0.02083398893503853
2026-07-02 12:15:00+03:00,0.1710948980786978,3.7580303053854365e-07,0.0
2026-07-02 12:20:00+03:00,0.1710948980786978,7.331604801299304e-07,0.006224765491308004
2026-07-02 12:25:00+03:00,0.1710948980786978,1.0805331225136493e-07,0.0
2026-07-02 12:30:00+03:00,0.1710948980786978,2.9322236291938196e-08,0.0
2026-07-02 12:35:00+03:00,0.1710948980786978,7.230292868479856e-08,0.0
2026-07-02 12:40:00+03:00,0.1710948980786978,1.4921821263993552e-07,0.0
2026-07-02 12:45:00+03:00,0.1710948980786978,2.802516558619401e-06,0.0
2026-07-02 12:50:00+03:00,0.1710948980786978,3.8854506414163223e-07,0.0
2026-07-02 12:55:00+03:00,0.1710948980786978,1.2886790956823637e-06,0.0
2026-07-02 13:00:00+03:00,0.1710948980786978,1.648916106973969e-08,0.0
2026-07-02 13:05:00+03:00,0.1710948980786978,1.816260292170431e-07,0.0
2026-07-02 13:10:00+03:00,0.1710948980786978,9.370225866217041e-08,0.0
2026-07-02 13:15:00+03:00,0.1710948980786978,1.6481609531134272e-08,0.0
2026-07-02 13:20:00+03:00,0.1710948980786978,6.921948519006967e-08,0.0
2026-07-02 13:25:00+03:00,0.1710948980786978,8.063697296714358e-06,0.035379402003521805
2026-07-02 13:30:00+03:00,0.1710948980786978,0.0003250572358501499,0.006233008841969907
2026-07-02 13:35:00+03:00,0.1710948980786978,0.00028410131790965193,0.0021975068949334313
2026-07-02 13:40:00+03:00,0.1710948980786978,7.591626050028832e-05,0.0
2026-07-02 13:45:00+03:00,0.1710948980786978,6.934250183082588e-06,0.0018133681603565801
2026-07-02 13:50:00+03:00,0.1710948980786978,1.3485883111654003e-07,0.0
2026-07-02 13:55:00+03:00,0.1710948980786978,4.2017231201565143e-07,0.0
2026-07-02 14:00:00+03:00,0.1710948980786978,1.7188952337351964e-07,0.0
2026-07-02 14:05:00+03:00,0.1710948980786978,2.2155532124830162e-07,0.0
2026-07-02 14:10:00+03:00,0.1710948980786978,2.122698377656005e-08,0.0
2026-07-02 14:15:00+03:00,0.1710948980786978,9.557800229613117e-11,0.0
2026-07-02 14:20:00+03:00,0.1710948980786978,4.4646080812595617e-10,0.0
2026-07-02 14:25:00+03:00,0.1710948980786978,2.1523030039527193e-10,0.0
2026-07-02 14:30:00+03:00,0.1710948980786978,7.801380455559995e-09,0.0
2026-07-02 14:35:00+03:00,0.1710948980786978,6.69234188240669e-09,0.0
2026-07-02 14:40:00+03:00,0.1710948980786978,2.0919356257423578e-09,0.0
2026-07-02 14:45:00+03:00,0.1710948980786978,2.701741371862663e-08,0.0
2026-07-02 14:50:00+03:00,0.1710948980786978,3.2458554070998765e-09,0.0
2026-07-02 14:55:00+03:00,0.1710948980786978,5.199623338358027e-10,0.0
2026-07-02 15:00:00+03:00,0.1710948980786978,2.9355731310808036e-11,0.0
2026-07-02 15:05:00+03:00,0.1710948980786978,1.3758112184450352e-11,0.0
2026-07-02 15:10:00+03:00,0.1710948980786978,5.803000931998815e-09,0.0
2026-07-02 15:15:00+03:00,0.1710948980786978,3.6347477474244805e-08,0.0
2026-07-02 15:20:00+03:00,0.1710948980786978,2.646523582994189e-12,0.026862354823508586
2026-07-02 15:25:00+03:00,0.1710948980786978,1.3365631939885902e-12,0.0021078787145679605
2026-07-02 15:30:00+03:00,0.1710948980786978,3.1866711883382085e-09,0.0021078787145679605
2026-07-02 15:35:00+03:00,0.1710948980786978,3.5426349140723047e-07,0.0021078787145679605
2026-07-02 15:40:00+03:00,0.1710948980786978,3.338297031794491e-05,0.0021078787145679605
2026-07-02 15:45:00+03:00,0.1710948980786978,2.6389600194018543e-05,0.0
2026-07-02 15:50:00+03:00,0.1710948980786978,6.330781039596428e-05,0.0
2026-07-02 15:55:00+03:00,0.1710948980786978,7.767866867151704e-06,0.0
2026-07-02 16:00:00+03:00,0.1710948980786978,2.920888504042009e-07,0.0
2026-07-02 16:05:00+03:00,0.1710948980786978,3.033390056172288e-07,0.004480547560367811
2026-07-02 16:10:00+03:00,0.17056973897761885,8.42804475138107e-06,0.023875118295973382
2026-07-02 16:15:00+03:00,0.17056973897761885,6.485566645448817e-08,0.03951644178288727
2026-07-02 16:20:00+03:00,0.17056973897761885,3.265590166056696e-07,0.06411695759261733
2026-07-02 16:25:00+03:00,0.1710948980786978,1.4282769796261866e-08,0.011507336817955576
2026-07-02 16:30:00+03:00,0.1710948980786978,5.997074169723831e-08,0.0020923323081098203
2026-07-02 16:35:00+03:00,0.1710948980786978,1.3647598969361633e-08,0.0
2026-07-02 16:40:00+03:00,0.1710948980786978,4.957400081284548e-09,0.0
2026-07-02 16:45:00+03:00,0.1710948980786978,9.971456622967199e-11,0.0
2026-07-02 16:50:00+03:00,0.1710948980786978,4.4183739572436095e-12,0.0
2026-07-02 16:55:00+03:00,0.1710948980786978,1.957411803961924e-12,0.0
2026-07-02 17:00:00+03:00,0.1710948980786978,1.4650822247228936e-10,0.0
2026-07-02 17:05:00+03:00,0.1710948980786978,6.09442710213791e-10,0.0017092537516743475
2026-07-02 17:10:00+03:00,0.1710948980786978,1.4078196587498944e-08,0.00848427044091473
2026-07-02 17:15:00+03:00,0.1710948980786978,2.6071747929740913e-07,0.00848427044091473
2026-07-02 17:20:00+03:00,0.1710948980786978,1.8533177214675134e-07,0.0
2026-07-02 17:25:00+03:00,0.1710948980786978,2.4556587149579506e-07,0.0
2026-07-02 17:30:00+03:00,0.1710948980786978,3.705183608395054e-07,0.0
2026-07-02 17:35:00+03:00,0.1710948980786978,1.386323028430069e-07,0.0020634811346736427
2026-07-02 17:40:00+03:00,0.1710948980786978,1.5324081206971007e-09,0.0
2026-07-02 17:45:00+03:00,0.1710948980786978,1.164873483211008e-08,0.0
2026-07-02 17:50:00+03:00,0.1710948980786978,2.280729710225608e-06,0.0
2026-07-02 17:55:00+03:00,0.1710948980786978,4.2005378761502855e-08,0.0
2026-07-03 09:55:00+03:00,0.1710948980786978,1.785165683696227e-13,0.0
2026-07-03 10:00:00+03:00,0.1710948980786978,1.4097420845073245e-11,0.03665054110333493
2026-07-03 10:05:00+03:00,0.1710948980786978,5.682276010868381e-10,0.0036187556487864746
2026-07-03 10:10:00+03:00,0.1710948980786978,4.104058653047225e-09,0.0036187556487864746
2026-07-03 10:15:00+03:00,0.1710948980786978,5.25413836794432e-07,0.06667618577525282
2026-07-03 10:20:00+03:00,0.1710948980786978,1.3559832650687801e-06,0.01265984196200171
2026-07-03 10:25:00+03:00,0.1710948980786978,1.3922746839656008e-06,0.006781104347371967
2026-07-03 10:30:00+03:00,0.1710948980786978,7.533782561108124e-08,0.04448439169080621
2026-07-03 10:35:00+03:00,0.1710948980786978,8.522836064093998e-07,0.013803733864746547
2026-07-03 10:40:00+03:00,0.1710948980786978,6.265934069243831e-08,0.006781104347371967
2026-07-03 10:45:00+03:00,0.1710948980786978,1.4138124037176483e-08,0.00229384528159254
2026-07-03 10:50:00+03:00,0.1710948980786978,9.289008759497131e-10,0.00229384528159254
2026-07-03 10:55:00+03:00,0.1710948980786978,7.904815077418233e-11,0.0
2026-07-03 11:00:00+03:00,0.1710948980786978,6.463577555880407e-11,0.0
2026-07-03 11:05:00+03:00,0.1710948980786978,2.970297803242087e-11,0.0
2026-07-03 11:10:00+03:00,0.1710948980786978,1.2761792149613484e-11,0.00229384528159254
2026-07-03 11:15:00+03:00,0.1710948980786978,2.570555112926973e-10,0.0
2026-07-03 11:20:00+03:00,0.1710948980786978,1.3568232210584704e-09,0.0
2026-07-03 11:25:00+03:00,0.1710948980786978,2.9064571268717913e-09,0.0
2026-07-03 11:30:00+03:00,0.1710948980786978,1.3281853148209767e-09,0.0
2026-07-03 11:35:00+03:00,0.1710948980786978,5.3178479001752516e-08,0.0
2026-07-03 11:40:00+03:00,0.1710948980786978,6.824898131702761e-08,0.0
2026-07-03 11:45:00+03:00,0.1710948980786978,3.3643734981735235e-08,0.0
2026-07-03 11:50:00+03:00,0.1710948980786978,1.185840518308505e-08,0.0
2026-07-03 11:55:00+03:00,0.1710948980786978,7.792316698771676e-11,0.0
2026-07-03 12:00:00+03:00,0.1710948980786978,1.082409887769736e-09,0.0
2026-07-03 12:05:00+03:00,0.1710948980786978,1.2465809541094645e-09,0.0017092537516743475
2026-07-03 12:10:00+03:00,0.1710948980786978,1.760410654932895e-08,0.0
2026-07-03 12:15:00+03:00,0.1710948980786978,7.573879430309805e-09,0.0020596968622584658
2026-07-03 12:20:00+03:00,0.1710948980786978,8.07917532450829e-09,0.0020596968622584658
2026-07-03 12:25:00+03:00,0.1710948980786978,5.762388635163236e-07,0.01909374610084025
2026-07-03 12:30:00+03:00,0.1710948980786978,0.00020027656048312724,0.010141258999545296
2026-07-03 12:35:00+03:00,0.1710948980786978,0.00021107201276470062,0.006027433343866985
2026-07-03 12:40:00+03:00,0.1710948980786978,0.0022148037220846664,0.008077777864871653
2026-07-03 12:45:00+03:00,0.1710948980786978,1.6373513121842606e-07,0.0
2026-07-03 12:50:00+03:00,0.1710948980786978,9.188254241281373e-06,0.0
2026-07-03 12:55:00+03:00,0.1710948980786978,3.085739378784129e-06,0.03922554622774087
2026-07-03 13:00:00+03:00,0.1710948980786978,3.10564636413504e-09,0.0
2026-07-03 13:05:00+03:00,0.1710948980786978,6.369092452066683e-09,0.0
2026-07-03 13:10:00+03:00,0.1710948980786978,3.297941636789036e-08,0.0
2026-07-03 13:15:00+03:00,0.1710948980786978,3.1954859172612775e-10,0.0018133681603565801
2026-07-03 13:20:00+03:00,0.1710948980786978,4.459073699163704e-10,0.0
2026-07-03 13:25:00+03:00,0.1710948980786978,2.681696514620473e-09,0.0018133681603565801
2026-07-03 13:30:00+03:00,0.1710948980786978,4.036201945420029e-10,0.0
2026-07-03 13:35:00+03:00,0.1710948980786978,7.053846893815165e-11,0.0
2026-07-03 13:40:00+03:00,0.1710948980786978,2.706481409401429e-10,0.0
2026-07-03 13:45:00+03:00,0.1710948980786978,7.931989844532143e-10,0.0
2026-07-03 13:50:00+03:00,0.1710948980786978,9.092646983708643e-10,0.0
2026-07-03 13:55:00+03:00,0.1710948980786978,2.6706609475011005e-10,0.0
2026-07-03 14:00:00+03:00,0.1710948980786978,2.6855301793001518e-09,0.0
2026-07-03 14:05:00+03:00,0.1710948980786978,1.4964588268055335e-08,0.0
2026-07-03 14:10:00+03:00,0.1710948980786978,3.360587785377585e-05,0.1264293784160864
2026-07-03 14:15:00+03:00,0.1710948980786978,1.656831945777508e-10,0.030481110472295066
2026-07-03 14:20:00+03:00,0.1710948980786978,6.600801256659895e-12,0.0036187556487864746
2026-07-03 14:25:00+03:00,0.1710948980786978,2.5739398509973177e-10,0.005726634363354435
2026-07-03 14:30:00+03:00,0.1710948980786978,5.223005714578273e-09,0.005726634363354435
2026-07-03 14:35:00+03:00,0.1710948980786978,1.629084565259256e-10,0.0
2026-07-03 14:40:00+03:00,0.1710948980786978,1.4236022919395958e-13,0.0
2026-07-03 14:45:00+03:00,0.1710948980786978,2.0850465883993522e-13,0.0
2026-07-03 14:50:00+03:00,0.1710948980786978,1.0321042794824298e-13,0.0
2026-07-03 14:55:00+03:00,0.1710948980786978,1.3161230489614418e-14,0.0
2026-07-03 15:00:00+03:00,0.1710948980786978,1.634820588002412e-13,0.0
2026-07-03 15:05:00+03:00,0.1710948980786978,1.6053772536342132e-14,0.0
2026-07-03 15:10:00+03:00,0.1710948980786978,7.073901174109229e-14,0.0
2026-07-03 15:15:00+03:00,0.1710948980786978,1.3298067586345098e-12,0.0
2026-07-03 15:20:00+03:00,0.1710948980786978,2.357546599021885e-09,0.0
2026-07-03 15:25:00+03:00,0.1710948980786978,1.2069922513473412e-11,0.0
2026-07-03 15:30:00+03:00,0.1710948980786978,1.0820647794741364e-11,0.0
2026-07-03 15:35:00+03:00,0.1710948980786978,3.543827856406277e-09,0.0
2026-07-03 15:40:00+03:00,0.1710948980786978,9.459883955373612e-09,0.0
2026-07-03 15:45:00+03:00,0.1710948980786978,1.2145031186791393e-09,0.0
2026-07-03 15:50:00+03:00,0.1710948980786978,1.4459650954527595e-09,0.0
2026-07-03 15:55:00+03:00,0.1710948980786978,2.653567733100205e-06,0.0
2026-07-03 16:00:00+03:00,0.1710948980786978,4.83068935440354e-06,0.0
2026-07-03 16:05:00+03:00,0.1710948980786978,6.0227828664022446e-06,0.0
2026-07-03 16:10:00+03:00,0.1710948980786978,6.940230697445858e-07,0.0
2026-07-03 16:15:00+03:00,0.1710948980786978,5.315039953267002e-08,0.0
2026-07-03 16:20:00+03:00,0.1710948980786978,1.965722789615291e-07,0.0
2026-07-03 16:25:00+03:00,0.1710948980786978,1.1907824063408597e-08,0.0
2026-07-03 16:30:00+03:00,0.1710948980786978,2.855241169935406e-10,0.0
2026-07-03 16:35:00+03:00,0.1710948980786978,2.2902245509395462e-10,0.0
2026-07-03 16:40:00+03:00,0.1710948980786978,2.3559834073906907e-09,0.0
2026-07-03 16:45:00+03:00,0.1710948980786978,3.775218797340493e-10,0.0
2026-07-03 16:50:00+03:00,0.1710948980786978,1.173996422107773e-09,0.0
2026-07-03 16:55:00+03:00,0.1710948980786978,1.1515262157656166e-10,0.0
2026-07-03 17:00:00+03:00,0.1710948980786978,1.5834176482100977e-10,0.0
2026-07-03 17:05:00+03:00,0.1710948980786978,1.241693207605331e-08,0.0
2026-07-03 17:10:00+03:00,0.1710948980786978,3.472364223363253e-08,0.0
2026-07-03 17:15:00+03:00,0.1710948980786978,2.018331282375014e-08,0.0
2026-07-03 17:20:00+03:00,0.1710948980786978,8.924068852944983e-07,0.0
2026-07-03 17:25:00+03:00,0.1710948980786978,6.928828737346359e-07,0.0
2026-07-03 17:30:00+03:00,0.1710948980786978,3.799005430849463e-08,0.0
2026-07-03 17:35:00+03:00,0.1710948980786978,1.8430611941961401e-10,0.0
2026-07-03 17:40:00+03:00,0.1710948980786978,9.623390916874179e-09,0.0
2026-07-03 17:45:00+03:00,0.1710948980786978,8.185405893411559e-10,0.0
2026-07-03 17:50:00+03:00,0.1710948980786978,1.0078751193372259e-09,0.0
2026-07-03 17:55:00+03:00,0.1710948980786978,5.914354254366044e-12,0.01446897874358737
2026-07-06 09:55:00+03:00,0.1710948980786978,1.9347881143102224e-15,0.0
2026-07-06 10:00:00+03:00,0.1710948980786978,2.885228196391336e-15,0.0
2026-07-06 10:05:00+03:00,0.1710948980786978,2.371610828630924e-16,0.016484571554828645
2026-07-06 10:10:00+03:00,0.1710948980786978,3.2539457180634705e-18,0.018592450269396602
2026-07-06 10:15:00+03:00,0.1710948980786978,9.176513385382253e-19,0.0021078787145679605
2026-07-06 10:20:00+03:00,0.1710948980786978,4.760416146853132e-20,0.006255205409273816
2026-07-06 10:25:00+03:00,0.1710948980786978,4.637358601625359e-21,0.0021078787145679605
2026-07-06 10:30:00+03:00,0.1710948980786978,4.130194636511185e-23,0.0021078787145679605
2026-07-06 10:35:00+03:00,0.1710948980786978,2.0079340074268328e-23,0.0
2026-07-06 10:40:00+03:00,0.1710948980786978,3.907640011856472e-25,0.0
2026-07-06 10:45:00+03:00,0.1710948980786978,8.505724773524414e-23,0.0
2026-07-06 10:50:00+03:00,0.1710948980786978,1.4503451544586496e-28,0.022876486882004915
2026-07-06 10:55:00+03:00,0.1710948980786978,2.3137139498596975e-25,0.008297000909591089
2026-07-06 11:00:00+03:00,0.1710948980786978,4.92730140721133e-25,0.008313217907659437
2026-07-06 11:05:00+03:00,0.1710948980786978,4.8334694210297415e-21,0.0
2026-07-06 11:10:00+03:00,0.1710948980786978,1.2684712894374467e-21,0.004169483862955396
2026-07-06 11:15:00+03:00,0.1710948980786978,2.7683206440497307e-21,0.0
2026-07-06 11:20:00+03:00,0.1710948980786978,1.5196227033434882e-19,0.0
2026-07-06 11:25:00+03:00,0.1710948980786978,1.0570935011838652e-17,0.0
2026-07-06 11:30:00+03:00,0.1710948980786978,6.83160945697677e-18,0.0
2026-07-06 11:35:00+03:00,0.1710948980786978,5.745509785500652e-19,0.0044831582396943955
2026-07-06 11:40:00+03:00,0.1710948980786978,3.418289195039891e-17,0.0
2026-07-06 11:45:00+03:00,0.1710948980786978,5.767279686277776e-18,0.0
2026-07-06 11:50:00+03:00,0.1710948980786978,1.1748100586501562e-17,0.0
2026-07-06 11:55:00+03:00,0.1710948980786978,4.124021168805061e-15,0.0
2026-07-06 12:00:00+03:00,0.1710948980786978,1.365422591481276e-10,0.0
2026-07-06 12:05:00+03:00,0.1710948980786978,3.9623715124552055e-11,0.0
2026-07-06 12:10:00+03:00,0.1710948980786978,6.343142481502207e-14,0.01037778326867994
2026-07-06 12:15:00+03:00,0.1710948980786978,1.1761554137686927e-14,0.0
2026-07-06 12:20:00+03:00,0.1710948980786978,8.42189846724829e-11,0.0
2026-07-06 12:25:00+03:00,0.1710948980786978,8.557783555573867e-11,0.0
2026-07-06 12:30:00+03:00,0.1710948980786978,1.1556801132465867e-10,0.0
2026-07-06 12:35:00+03:00,0.1710948980786978,1.586311994780582e-11,0.006494155588646715
2026-07-06 12:40:00+03:00,0.1710948980786978,3.412710879039808e-09,0.0
2026-07-06 12:45:00+03:00,0.1710948980786978,2.149901594014772e-09,0.0
2026-07-06 12:50:00+03:00,0.1710948980786978,3.611361332324099e-10,0.0
2026-07-06 12:55:00+03:00,0.1710948980786978,4.7037330607927536e-08,0.0
2026-07-06 13:00:00+03:00,0.1710948980786978,8.319961020062508e-09,0.0020096267604492487
2026-07-06 13:05:00+03:00,0.1710948980786978,3.374432560080458e-11,0.0
2026-07-06 13:10:00+03:00,0.1710948980786978,5.192674454083166e-10,0.0
2026-07-06 13:15:00+03:00,0.1710948980786978,2.741988731011241e-12,0.0
2026-07-06 13:20:00+03:00,0.1710948980786978,4.464040813007035e-11,0.0020923323081098203
2026-07-06 13:25:00+03:00,0.1710948980786978,6.829387880244295e-10,0.0020634811346736427
2026-07-06 13:30:00+03:00,0.1710948980786978,7.91374488143807e-10,0.006031217616282162
2026-07-06 13:35:00+03:00,0.1710948980786978,1.7326188531098457e-10,0.006031217616282162
2026-07-06 13:40:00+03:00,0.1710948980786978,3.3092231535514654e-10,0.006031217616282162
2026-07-06 13:45:00+03:00,0.1710948980786978,2.645241504355415e-11,0.0020634811346736427
2026-07-06 13:50:00+03:00,0.1710948980786978,7.351553739374097e-10,0.008090914478540627
2026-07-06 13:55:00+03:00,0.1710948980786978,2.231269600038803e-10,0.01446897874358737
2026-07-06 14:00:00+03:00,0.1710948980786978,1.4784720943133945e-11,0.0
2026-07-06 14:05:00+03:00,0.1710948980786978,2.5389946607978425e-13,0.0
2026-07-06 14:10:00+03:00,0.1710948980786978,9.013044362940217e-12,0.0
2026-07-06 14:15:00+03:00,0.1710948980786978,2.906848109642186e-10,0.0
2026-07-06 14:20:00+03:00,0.1710948980786978,4.284806939960096e-11,0.0
2026-07-06 14:25:00+03:00,0.1710948980786978,7.061636797741407e-10,0.0
2026-07-06 14:30:00+03:00,0.1710948980786978,3.9238449025391435e-10,0.0
2026-07-06 14:35:00+03:00,0.1710948980786978,1.0440258641561439e-09,0.0
2026-07-06 14:40:00+03:00,0.1710948980786978,8.353542673390789e-09,0.0
2026-07-06 14:45:00+03:00,0.1710948980786978,1.40773808637199e-08,0.0
2026-07-06 14:50:00+03:00,0.1710948980786978,3.561682388703366e-07,0.0
2026-07-06 14:55:00+03:00,0.1710948980786978,2.4710507381523732e-11,0.008276594753004626
2026-07-06 15:00:00+03:00,0.1710948980786978,1.4109412200230364e-10,0.0
2026-07-06 15:05:00+03:00,0.1710948980786978,2.8191700187870904e-08,0.0
2026-07-06 15:10:00+03:00,0.1710948980786978,3.336243380106151e-10,0.0
2026-07-06 15:15:00+03:00,0.1710948980786978,2.7488117389047214e-08,0.0
2026-07-06 15:20:00+03:00,0.1710948980786978,1.20139198398348e-11,0.0
2026-07-06 15:25:00+03:00,0.1710948980786978,1.1396267496906993e-10,0.0
2026-07-06 15:30:00+03:00,0.1710948980786978,2.4744227137825118e-09,0.0
2026-07-06 15:35:00+03:00,0.1710948980786978,5.953322303525687e-12,0.0
2026-07-06 15:40:00+03:00,0.1710948980786978,1.5472031968575905e-09,0.025338211561408218
2026-07-06 15:45:00+03:00,0.1710948980786978,5.0430879008004146e-06,0.0
2026-07-06 15:50:00+03:00,0.1710948980786978,1.857518971758433e-05,0.0
2026-07-06 15:55:00+03:00,0.1710948980786978,0.00010294757726161143,0.0
2026-07-06 16:00:00+03:00,0.1710948980786978,7.726116968411067e-07,0.0
2026-07-06 16:05:00+03:00,0.1710948980786978,8.059690765637394e-06,0.0
2026-07-06 16:10:00+03:00,0.1710948980786978,4.2388722680888916e-07,0.0
2026-07-06 16:15:00+03:00,0.1710948980786978,2.8427978985230267e-06,0.0
2026-07-06 16:20:00+03:00,0.1710948980786978,4.43110617034919e-07,0.0
2026-07-06 16:25:00+03:00,0.1710948980786978,3.009112658767647e-07,0.0
2026-07-06 16:30:00+03:00,0.1710948980786978,1.4891683099388173e-07,0.0
2026-07-06 16:35:00+03:00,0.1710948980786978,1.2829635215085924e-06,0.0
2026-07-06 16:40:00+03:00,0.1710948980786978,4.75204242315002e-06,0.0
2026-07-06 16:45:00+03:00,0.1710948980786978,9.110043661946132e-07,0.0
2026-07-06 16:50:00+03:00,0.1710948980786978,1.8833774085547068e-07,0.0
2026-07-06 16:55:00+03:00,0.1710948980786978,2.5670766329359514e-08,0.0
2026-07-06 17:00:00+03:00,0.1710948980786978,4.562905005781604e-09,0.0
2026-07-06 17:05:00+03:00,0.1710948980786978,5.017165511447415e-09,0.0
2026-07-06 17:10:00+03:00,0.1710948980786978,6.602981292280056e-11,0.0
2026-07-06 17:15:00+03:00,0.1710948980786978,5.92204613941608e-10,0.0
2026-07-06 17:20:00+03:00,0.1710948980786978,4.0640290057280873e-10,0.0
2026-07-06 17:25:00+03:00,0.1710948980786978,8.666680722859286e-13,0.026862354823508586
2026-07-06 17:30:00+03:00,0.1710948980786978,2.84692779277458e-10,0.0
2026-07-06 17:35:00+03:00,0.1710948980786978,3.3496234612500204e-08,0.0
2026-07-06 17:40:00+03:00,0.1710948980786978,9.689131128485662e-09,0.0
2026-07-06 17:45:00+03:00,0.1710948980786978,6.708427023997532e-10,0.0
2026-07-06 17:50:00+03:00,0.1710948980786978,1.6439849955632794e-10,0.0
2026-07-06 17:55:00+03:00,0.1710948980786978,6.066907250927173e-08,0.05245532628822982
2026-07-07 09:55:00+03:00,0.26929428108804965,0.011644963334340145,0.2609942642883836
2026-07-07 10:00:00+03:00,0.1710948980786978,7.656841895169232e-07,0.008253480855242495
2026-07-07 10:05:00+03:00,0.1710948980786978,5.6924029582389745e-08,0.005774631483462966
2026-07-07 10:10:00+03:00,0.26929428108804965,5.497364906709636e-08,0.02705511390411568
2026-07-07 10:15:00+03:00,0.26929428108804965,2.519708557087694e-06,0.045699804602809965
2026-07-07 10:20:00+03:00,0.1710948980786978,1.3606250808545292e-05,0.0
2026-07-07 10:25:00+03:00,0.26929428108804965,4.221031089958003e-07,0.029524562587976845
2026-07-07 10:30:00+03:00,0.1710948980786978,2.057382033507704e-08,0.0
2026-07-07 10:35:00+03:00,0.1710948980786978,1.5180895070362926e-10,0.0
2026-07-07 10:40:00+03:00,0.1710948980786978,1.489823863701884e-09,0.002450444092057628
2026-07-07 10:45:00+03:00,0.1710948980786978,5.2256150363186585e-12,0.0
2026-07-07 10:50:00+03:00,0.1710948980786978,1.0133112475731779e-12,0.0
2026-07-07 10:55:00+03:00,0.1710948980786978,2.8136885166293186e-12,0.0
2026-07-07 11:00:00+03:00,0.1710948980786978,4.675848467132395e-13,0.0
2026-07-07 11:05:00+03:00,0.1710948980786978,1.3379343960403514e-11,0.012578649606210038
2026-07-07 11:10:00+03:00,0.1710948980786978,1.7624494129260525e-09,0.0
2026-07-07 11:15:00+03:00,0.1710948980786978,1.2312665107701164e-08,0.0
2026-07-07 11:20:00+03:00,0.1710948980786978,1.3783166611992157e-09,0.0
2026-07-07 11:25:00+03:00,0.1710948980786978,1.9619317528512065e-10,0.021908923675756534
2026-07-07 11:30:00+03:00,0.1710948980786978,5.297628558663135e-08,0.01829097832224228
2026-07-07 11:35:00+03:00,0.1710948980786978,1.2103484377075756e-08,0.0
2026-07-07 11:40:00+03:00,0.1710948980786978,1.4512547816786615e-08,0.0
2026-07-07 11:45:00+03:00,0.1710948980786978,1.1829249623865493e-06,0.0
2026-07-07 11:50:00+03:00,0.1710948980786978,0.0003441726432176893,0.0
2026-07-07 11:55:00+03:00,0.1710948980786978,4.5017271555779695e-06,0.0
2026-07-07 12:00:00+03:00,0.1710948980786978,1.8500142107522618e-07,0.003983437834850723
2026-07-07 12:05:00+03:00,0.1710948980786978,9.450431228311448e-06,0.0
2026-07-07 12:10:00+03:00,0.1710948980786978,5.632784248811584e-07,0.04900508997237971
2026-07-07 12:15:00+03:00,0.1710948980786978,9.559588599357156e-10,0.0
2026-07-07 12:20:00+03:00,0.1710948980786978,1.6298533473783365e-11,0.0
2026-07-07 12:25:00+03:00,0.1710948980786978,3.072213804592177e-11,0.0
2026-07-07 12:30:00+03:00,0.1710948980786978,1.4923599883377714e-11,0.0
2026-07-07 12:35:00+03:00,0.1710948980786978,1.2529955256800757e-08,0.004130506794563754
2026-07-07 12:40:00+03:00,0.1710948980786978,3.486022310423702e-10,0.0
2026-07-07 12:45:00+03:00,0.1710948980786978,2.9630190633564513e-10,0.0
2026-07-07 12:50:00+03:00,0.1710948980786978,9.713321616531038e-10,0.0
2026-07-07 12:55:00+03:00,0.1710948980786978,1.3844552605330818e-10,0.0
2026-07-07 13:00:00+03:00,0.1710948980786978,1.4009491097343504e-13,0.0
2026-07-07 13:05:00+03:00,0.1710948980786978,3.296797445770962e-14,0.0
2026-07-07 13:10:00+03:00,0.1710948980786978,7.258215504450032e-15,0.026862354823508586
2026-07-07 13:15:00+03:00,0.1710948980786978,2.337559839820219e-14,0.0
2026-07-07 13:20:00+03:00,0.1710948980786978,4.338222832714186e-16,0.0
2026-07-07 13:25:00+03:00,0.1710948980786978,7.161609103675715e-15,0.0
2026-07-07 13:30:00+03:00,0.1710948980786978,2.542799147173399e-15,0.0
2026-07-07 13:35:00+03:00,0.1710948980786978,6.1750971818385426e-18,0.0
2026-07-07 13:40:00+03:00,0.1710948980786978,1.7241400083023688e-19,0.0
2026-07-07 13:45:00+03:00,0.1710948980786978,2.717012257165662e-18,0.0
2026-07-07 13:50:00+03:00,0.1710948980786978,1.856152875606154e-17,0.0
2026-07-07 13:55:00+03:00,0.1710948980786978,1.6590222003264115e-16,0.010418781562042439
2026-07-07 14:00:00+03:00,0.1710948980786978,5.976072856445381e-13,0.0
2026-07-07 14:05:00+03:00,0.1710948980786978,8.160184521654752e-14,0.0
2026-07-07 14:10:00+03:00,0.1710948980786978,6.619378185675993e-13,0.0
2026-07-07 14:15:00+03:00,0.1710948980786978,1.2623216394758947e-12,0.0
2026-07-07 14:20:00+03:00,0.1710948980786978,4.948534254541612e-12,0.0
2026-07-07 14:25:00+03:00,0.1710948980786978,3.0242491073845637e-12,0.002155875834676492
2026-07-07 14:30:00+03:00,0.1710948980786978,2.816937453473414e-10,0.0
2026-07-07 14:35:00+03:00,0.1710948980786978,9.953231499447325e-12,0.0
2026-07-07 14:40:00+03:00,0.1710948980786978,8.539340330478254e-12,0.0
2026-07-07 14:45:00+03:00,0.1710948980786978,1.0459873890135091e-11,0.0
2026-07-07 14:50:00+03:00,0.1710948980786978,6.288154131316016e-10,0.0
2026-07-07 14:55:00+03:00,0.1710948980786978,1.3928938050724636e-06,0.0
2026-07-07 15:00:00+03:00,0.1710948980786978,1.835117169796665e-08,0.0
2026-07-07 15:05:00+03:00,0.1710948980786978,3.330375893124349e-07,0.0
2026-07-07 15:10:00+03:00,0.1710948980786978,7.982870974854216e-08,0.0
2026-07-07 15:15:00+03:00,0.1710948980786978,2.372979362086718e-09,0.0
2026-07-07 15:20:00+03:00,0.1710948980786978,1.0939697460427483e-09,0.0
2026-07-07 15:25:00+03:00,0.1710948980786978,3.3972217696143245e-10,0.0
2026-07-07 15:30:00+03:00,0.1710948980786978,1.5146025121749694e-09,0.0
2026-07-07 15:35:00+03:00,0.1710948980786978,3.5728039594912635e-10,0.0
2026-07-07 15:40:00+03:00,0.1710948980786978,1.2099777299183964e-09,0.0
2026-07-07 15:45:00+03:00,0.1710948980786978,1.3775271358859215e-10,0.0
2026-07-07 15:50:00+03:00,0.1710948980786978,1.600064176039259e-09,0.0
2026-07-07 15:55:00+03:00,0.1710948980786978,8.588673453528297e-09,0.0
2026-07-07 16:00:00+03:00,0.1710948980786978,4.3577632427403015e-07,0.0
2026-07-07 16:05:00+03:00,0.1710948980786978,4.9440364406780103e-08,0.0
2026-07-07 16:10:00+03:00,0.1710948980786978,6.21478576204692e-07,0.0
2026-07-07 16:15:00+03:00,0.1710948980786978,7.150803140739792e-09,0.01717085052040314
2026-07-07 16:20:00+03:00,0.17056973897761885,1.642939650012192e-06,0.12497635054138928
2026-07-07 16:25:00+03:00,0.1710948980786978,4.027767131780465e-05,0.008345839842811495
2026-07-07 16:30:00+03:00,0.17056973897761885,6.961363631784093e-05,0.01069055461361208
2026-07-07 16:35:00+03:00,0.1710948980786978,9.065945866729052e-06,0.0
2026-07-07 16:40:00+03:00,0.1710948980786978,1.3204706896901088e-06,0.0020096267604492487
2026-07-07 16:45:00+03:00,0.17056973897761885,8.241228264322502e-07,0.06241063172515185
2026-07-07 16:50:00+03:00,0.17056973897761885,0.00017043280995286298,0.032620741660207495
2026-07-07 16:55:00+03:00,0.17056973897761885,3.4486434739159913e-07,0.11230959195746205
2026-07-07 17:00:00+03:00,0.17056973897761885,1.5364008979963637e-05,0.06160610353943816
2026-07-07 17:05:00+03:00,0.1710948980786978,1.6021452475076067e-06,0.07504149968311383
2026-07-07 17:10:00+03:00,0.17056973897761885,2.7464070506430675e-08,0.3022507517768931
2026-07-07 17:15:00+03:00,0.17056973897761885,5.834104889696339e-06,0.26925827363195476
2026-07-07 17:20:00+03:00,0.33007452329440196,0.330771381865261,0.5881267251783152
2026-07-07 17:25:00+03:00,0.17056973897761885,0.0015153150917240413,0.2718402703778587
2026-07-07 17:30:00+03:00,0.17056973897761885,0.001587402456327785,0.29391983989663145
2026-07-07 17:35:00+03:00,0.3010288950127865,0.12775258793781882,0.5398514443343501
2026-07-07 17:40:00+03:00,0.3010288950127865,0.12496555554935403,0.6265275320693743
2026-07-07 17:45:00+03:00,0.3010288950127865,0.24767161189782927,0.5450133701838726
2026-07-07 17:50:00+03:00,0.3010288950127865,0.04770191027554922,0.6071229886780504
2026-07-07 17:55:00+03:00,0.3010288950127865,0.02581651866609724,0.6273534570947024
2026-07-08 09:55:00+03:00,0.5461499158004622,0.8805915946462436,0.9336188980150016
2026-07-08 10:00:00+03:00,0.5405015066565655,0.7215970653395816,0.9414520778324612
2026-07-08 10:05:00+03:00,0.6414471759125142,0.1316003702911846,0.9646126831390336
2026-07-08 10:10:00+03:00,0.6414471759125142,0.9512423918392962,0.9581601778228616
2026-07-08 10:15:00+03:00,0.8215180025484221,0.9857754617169343,0.9653163741399353
2026-07-08 10:20:00+03:00,0.8223136498747551,0.9969803628557979,0.9792888467745676
2026-07-08 10:25:00+03:00,0.8223136498747551,0.9967644977196007,0.9776456177023669
2026-07-08 10:30:00+03:00,0.36249119463658697,0.8963288487619259,0.8924050827747556
2026-07-08 10:35:00+03:00,0.36249119463658697,0.0593009544888161,0.7501834746105461
2026-07-08 10:40:00+03:00,0.36249119463658697,0.21180461345143772,0.40431084054630156
2026-07-08 10:45:00+03:00,0.1710948980786978,0.000737282205477817,0.09542319938002768
2026-07-08 10:50:00+03:00,0.1710948980786978,2.5743647665210855e-06,0.10241234965054559
2026-07-08 10:55:00+03:00,0.1710948980786978,3.2812694181432338e-06,0.07024043593814618
2026-07-08 11:00:00+03:00,0.1710948980786978,1.785296840793683e-10,0.024609597332955372
2026-07-08 11:05:00+03:00,0.1710948980786978,6.8076971387854356e-12,0.018294462887577755
2026-07-08 11:10:00+03:00,0.1710948980786978,9.591804088817708e-13,0.01601677493284857
2026-07-08 11:15:00+03:00,0.13977402673925896,0.014364797521932468,0.6701169565200593
2026-07-08 11:20:00+03:00,0.13977402673925896,0.17615800892887215,0.7388686206331191
2026-07-08 11:25:00+03:00,0.15570500189516512,0.0005265918877371208,0.7063184744191581
2026-07-08 11:30:00+03:00,0.15226535712396302,3.904481779957979e-06,0.3947425820612096
2026-07-08 11:35:00+03:00,0.15570500189516512,5.85584436572289e-05,0.550677356607209
2026-07-08 11:40:00+03:00,0.15570500189516512,0.0003893067181556142,0.7387252471666883
2026-07-08 11:45:00+03:00,0.15570500189516512,0.04212187655064792,0.6376154884633474
2026-07-08 11:50:00+03:00,0.15570500189516512,0.003909925328277057,0.6969234036047035
2026-07-08 11:55:00+03:00,0.15570500189516512,0.00807836366080461,0.6337317616179106
2026-07-08 12:00:00+03:00,0.15570500189516512,1.8434686269913334e-06,0.7325684192695667
2026-07-08 12:05:00+03:00,0.15478300622308272,1.8369388147543062e-07,0.8144966578519027
2026-07-08 12:10:00+03:00,0.15478300622308272,1.8135808398228754e-08,0.8368011957402188
2026-07-08 12:15:00+03:00,0.1710948980786978,2.6767427434083057e-06,0.5996972631407878
2026-07-08 12:20:00+03:00,0.15478300622308272,1.3725973612379312e-06,0.7984155463494335
2026-07-08 12:25:00+03:00,0.1710948980786978,0.00025307056336320454,0.2611153344301864
2026-07-08 12:30:00+03:00,0.1710948980786978,8.395721850037226e-06,0.07300663752715693
2026-07-08 12:35:00+03:00,0.1710948980786978,3.2786291615452885e-06,0.07300663752715693
2026-07-08 12:40:00+03:00,0.1710948980786978,4.279337741495295e-09,0.10565512935534543
2026-07-08 12:45:00+03:00,0.1710948980786978,5.1810089959975005e-11,0.05573612150622804
2026-07-08 12:50:00+03:00,0.1710948980786978,1.2148086001505963e-12,0.03364708581961477
2026-07-08 12:55:00+03:00,0.1710948980786978,5.927796858746777e-11,0.045279272081407335
2026-07-08 13:00:00+03:00,0.1710948980786978,3.603072373667371e-11,0.011124834296825235
2026-07-08 13:05:00+03:00,0.1710948980786978,8.600142540805384e-14,0.011124834296825235
2026-07-08 13:10:00+03:00,0.1710948980786978,2.293367823111368e-12,0.013139555449498993
2026-07-08 13:15:00+03:00,0.1710948980786978,1.2815807750095716e-11,0.009082592285141598
2026-07-08 13:20:00+03:00,0.1710948980786978,6.9685919375455295e-09,0.009082592285141598
2026-07-08 13:25:00+03:00,0.1710948980786978,4.499906995186909e-10,0.009082592285141598
2026-07-08 13:30:00+03:00,0.1710948980786978,1.397717034178444e-12,0.009082592285141598
2026-07-08 13:35:00+03:00,0.1710948980786978,3.0165137347563612e-12,0.009082592285141598
2026-07-08 13:40:00+03:00,0.1710948980786978,4.6534146783998646e-11,0.009082592285141598
2026-07-08 13:45:00+03:00,0.1710948980786978,3.601197592821747e-11,0.011171331625894516
2026-07-08 13:50:00+03:00,0.1710948980786978,1.4466208789283194e-12,0.002014233613615641
2026-07-08 13:55:00+03:00,0.1710948980786978,8.574906436763525e-12,0.00410297295436856
2026-07-08 14:00:00+03:00,0.1710948980786978,3.818177481057816e-12,0.0
2026-07-08 14:05:00+03:00,0.1710948980786978,7.353542945077269e-13,0.011272114209186284
2026-07-08 14:10:00+03:00,0.1710948980786978,6.812091156668316e-11,0.0
2026-07-08 14:15:00+03:00,0.1710948980786978,2.7359222126358398e-11,0.0020887393407529186
2026-07-08 14:20:00+03:00,0.1710948980786978,3.9490050483220204e-12,0.0
2026-07-08 14:25:00+03:00,0.1710948980786978,1.9430155977580298e-12,0.0
2026-07-08 14:30:00+03:00,0.1710948980786978,4.875892844595911e-14,0.0020887393407529186
2026-07-08 14:35:00+03:00,0.1710948980786978,4.587833580070047e-14,0.0
2026-07-08 14:40:00+03:00,0.1710948980786978,7.271551506330808e-13,0.0
2026-07-08 14:45:00+03:00,0.1710948980786978,1.3713530919152375e-14,0.00827983891907155
2026-07-08 14:50:00+03:00,0.1710948980786978,7.053583548885241e-14,0.010418781562042439
2026-07-08 14:55:00+03:00,0.1710948980786978,7.900965911251162e-12,0.0
2026-07-08 15:00:00+03:00,0.1710948980786978,1.1511245120946451e-10,0.002112728590306492
2026-07-08 15:05:00+03:00,0.1710948980786978,7.657510107432079e-10,0.007026203272716908
2026-07-08 15:10:00+03:00,0.1710948980786978,1.1600653636075802e-10,0.002155875834676492
2026-07-08 15:15:00+03:00,0.1710948980786978,2.8775839597611757e-10,0.0
2026-07-08 15:20:00+03:00,0.1710948980786978,2.9032737647384494e-12,0.0
2026-07-08 15:25:00+03:00,0.1710948980786978,3.11659302383674e-08,0.0
2026-07-08 15:30:00+03:00,0.1710948980786978,3.12963352426787e-09,0.004066986814237789
2026-07-08 15:35:00+03:00,0.1710948980786978,7.599603998633079e-10,0.004066986814237789
2026-07-08 15:40:00+03:00,0.1710948980786978,3.3201266927833053e-09,0.004066986814237789
2026-07-08 15:45:00+03:00,0.1710948980786978,3.088409801109039e-09,0.004066986814237789
2026-07-08 15:50:00+03:00,0.1710948980786978,4.5141086714873076e-10,0.004066986814237789
2026-07-08 15:55:00+03:00,0.1710948980786978,2.862594582221608e-11,0.01263488478851009
2026-07-08 16:00:00+03:00,0.1710948980786978,1.319462169028016e-08,0.012531766639643551
2026-07-08 16:05:00+03:00,0.1710948980786978,2.0830742226600817e-07,0.006360443518549182
2026-07-08 16:10:00+03:00,0.1710948980786978,4.625279955859381e-05,0.024612056944313315
2026-07-08 16:15:00+03:00,0.1710948980786978,6.097421008403102e-06,0.011020063297057603
2026-07-08 16:20:00+03:00,0.30966002370217544,1.1079086145519499e-06,0.08569795407704905
2026-07-08 16:25:00+03:00,0.30966002370217544,3.255977757686226e-06,0.12757907644500396
2026-07-08 16:30:00+03:00,0.1710948980786978,0.000259100024234124,0.03671563143323463
2026-07-08 16:35:00+03:00,0.1710948980786978,0.0027574556629620657,0.03149680500438289
2026-07-08 16:40:00+03:00,0.30966002370217544,1.568311203044212e-05,0.10260878810162746
2026-07-08 16:45:00+03:00,0.1710948980786978,2.699256890013143e-06,0.11573197016976378
2026-07-08 16:50:00+03:00,0.1710948980786978,8.691525916369768e-05,0.1609267209800802
2026-07-08 16:55:00+03:00,0.1710948980786978,4.029885573138656e-05,0.20104170787386225
2026-07-08 17:00:00+03:00,0.1710948980786978,1.2471447509965262e-05,0.16256705510494304
2026-07-08 17:05:00+03:00,0.30966002370217544,0.00012349268185591036,0.2993659293308672
2026-07-08 17:10:00+03:00,0.1710948980786978,0.9196634991730528,0.27243498533744204
2026-07-08 17:15:00+03:00,0.1710948980786978,0.09262733705365214,0.29971293850354724
2026-07-08 17:20:00+03:00,0.313816747146208,0.6775594726522486,0.5819153029022486
2026-07-08 17:25:00+03:00,0.341704817192532,0.38474971509682737,0.6008935311652014
2026-07-08 17:30:00+03:00,0.341704817192532,0.33355904225080024,0.6145078425815726
2026-07-08 17:35:00+03:00,0.785998642893504,0.9700723024966061,0.6933012061347331
2026-07-08 17:40:00+03:00,0.1710948980786978,0.916947784301833,0.35729093996005246
2026-07-08 17:45:00+03:00,0.1710948980786978,0.824628110388883,0.30418830485521986
2026-07-08 17:50:00+03:00,0.1710948980786978,0.7581362512283318,0.2830840660624295
2026-07-08 17:55:00+03:00,0.1710948980786978,0.5105108652180299,0.451293198254657
2026-07-09 09:55:00+03:00,0.1710948980786978,1.945500859092599e-08,0.004218971226347452
2026-07-09 10:00:00+03:00,0.1710948980786978,6.424733370679811e-07,0.008649409320945756
2026-07-09 10:05:00+03:00,0.1710948980786978,0.4228357557567034,0.18297908437171923
2026-07-09 10:10:00+03:00,0.1710948980786978,0.003696772414657822,0.008317979312217262
2026-07-09 10:15:00+03:00,0.1710948980786978,0.0017631995278639078,0.0046992236634307875
2026-07-09 10:20:00+03:00,0.1710948980786978,2.074148254688309e-05,0.0046992236634307875
2026-07-09 10:25:00+03:00,0.1710948980786978,5.042736028742957e-06,0.0046992236634307875
2026-07-09 10:30:00+03:00,0.1710948980786978,2.723682026448571e-08,0.0024748041686617137
2026-07-09 10:35:00+03:00,0.1710948980786978,2.3603552673123377e-09,0.0024748041686617137
2026-07-09 10:40:00+03:00,0.1710948980786978,1.0373871630362668e-10,0.0024748041686617137
2026-07-09 10:45:00+03:00,0.1710948980786978,8.488068447537853e-14,0.0024748041686617137
2026-07-09 10:50:00+03:00,0.1710948980786978,5.537865958534815e-13,0.00864612728975608
2026-07-09 10:55:00+03:00,0.1710948980786978,5.1380053872071865e-12,0.008753118922753959
2026-07-09 11:00:00+03:00,0.1710948980786978,4.547543979183484e-11,0.015220134808705574
2026-07-09 11:05:00+03:00,0.1710948980786978,3.1340883330844417e-10,0.006908343134809032
2026-07-09 11:10:00+03:00,0.1710948980786978,1.67539553592783e-08,0.005878737614629743
2026-07-09 11:15:00+03:00,0.1710948980786978,1.2675975701664118e-07,0.010944266028597611
2026-07-09 11:20:00+03:00,0.1710948980786978,4.132468242450233e-08,0.015305275830591214
2026-07-09 11:25:00+03:00,0.17056973897761885,2.5280398583639145e-07,0.07133464630611366
2026-07-09 11:30:00+03:00,0.17056973897761885,1.9154664310700137e-07,0.039649261592815004
2026-07-09 11:35:00+03:00,0.17056973897761885,5.273827864206514e-09,0.03685677373567597
2026-07-09 11:40:00+03:00,0.17056973897761885,2.194128504170356e-08,0.05852836810588213
2026-07-09 11:45:00+03:00,0.1710948980786978,2.7493164565095833e-08,0.0
2026-07-09 11:50:00+03:00,0.1710948980786978,7.995849883879341e-08,0.0
2026-07-09 11:55:00+03:00,0.1710948980786978,1.008921312341933e-09,0.0
2026-07-09 12:00:00+03:00,0.1710948980786978,3.037067458474178e-07,0.0
2026-07-09 12:05:00+03:00,0.1710948980786978,2.4664471996179695e-10,0.0
2026-07-09 12:10:00+03:00,0.1710948980786978,1.2188030314120908e-11,0.0
2026-07-09 12:15:00+03:00,0.1710948980786978,1.1778461217089715e-10,0.0
2026-07-09 12:20:00+03:00,0.1710948980786978,9.667597741764887e-12,0.0
2026-07-09 12:25:00+03:00,0.1710948980786978,3.915847551613671e-10,0.0
2026-07-09 12:30:00+03:00,0.1710948980786978,4.923078429669323e-13,0.0
2026-07-09 12:35:00+03:00,0.1710948980786978,6.707831286516063e-16,0.0
2026-07-09 12:40:00+03:00,0.1710948980786978,5.1334815993746925e-15,0.0
2026-07-09 12:45:00+03:00,0.1710948980786978,1.9862543510526665e-15,0.0
2026-07-09 12:50:00+03:00,0.1710948980786978,4.609333399959682e-18,0.0
2026-07-09 12:55:00+03:00,0.1710948980786978,8.169828153921994e-17,0.0
2026-07-09 13:00:00+03:00,0.1710948980786978,1.0214124478301445e-17,0.0
2026-07-09 13:05:00+03:00,0.1710948980786978,3.234378878672368e-16,0.0
2026-07-09 13:10:00+03:00,0.1710948980786978,3.5202237293752335e-18,0.031173487791596007
2026-07-09 13:15:00+03:00,0.1710948980786978,3.139113577258754e-17,0.0
2026-07-09 13:20:00+03:00,0.1710948980786978,3.939103838810436e-17,0.0
2026-07-09 13:25:00+03:00,0.1710948980786978,3.431465042803013e-16,0.0
2026-07-09 13:30:00+03:00,0.1710948980786978,1.944402059399122e-15,0.002155875834676492
2026-07-09 13:35:00+03:00,0.1710948980786978,1.8301388680468562e-14,0.004480547560367811
2026-07-09 13:40:00+03:00,0.17056973897761885,2.146871335548994e-12,0.007154370211459904
2026-07-09 13:45:00+03:00,0.17056973897761885,5.517874874402367e-12,0.04677218560699499
2026-07-09 13:50:00+03:00,0.17056973897761885,1.394230389613248e-08,0.03423605849770541
2026-07-09 13:55:00+03:00,0.17056973897761885,9.328025255059028e-09,0.011973739780014687
2026-07-09 14:00:00+03:00,0.1710948980786978,4.694761613057169e-10,0.005990987353129787
2026-07-09 14:05:00+03:00,0.1710948980786978,2.0143203238981838e-10,0.0
2026-07-09 14:10:00+03:00,0.17056973897761885,7.423494411258918e-12,0.011354197526722256
2026-07-09 14:15:00+03:00,0.1710948980786978,4.0912114028337594e-10,0.0024043025648338664
2026-07-09 14:20:00+03:00,0.1710948980786978,5.731944840066369e-12,0.002469634731691211
2026-07-09 14:25:00+03:00,0.1710948980786978,2.42616612650248e-12,0.004552534179498412
2026-07-09 14:30:00+03:00,0.1710948980786978,9.893018947344301e-12,0.004763829661747865
2026-07-09 14:35:00+03:00,0.1710948980786978,5.070551355174938e-12,0.0019841756799178116
2026-07-09 14:40:00+03:00,0.1710948980786978,9.339694356786755e-13,0.0
2026-07-09 14:45:00+03:00,0.1710948980786978,3.364076018796036e-12,0.0
2026-07-09 14:50:00+03:00,0.1710948980786978,1.7431573898128418e-13,0.0
2026-07-09 14:55:00+03:00,0.1710948980786978,1.7575410096766363e-12,0.0
2026-07-09 15:00:00+03:00,0.1710948980786978,8.832229341227444e-13,0.0
2026-07-09 15:05:00+03:00,0.1710948980786978,1.4960253265261213e-12,0.0
2026-07-09 15:10:00+03:00,0.1710948980786978,7.3391934743842e-12,0.0
2026-07-09 15:15:00+03:00,0.1710948980786978,4.279434906178157e-11,0.0
2026-07-09 15:20:00+03:00,0.1710948980786978,5.140881831534648e-12,0.0
2026-07-09 15:25:00+03:00,0.1710948980786978,2.0070399941315694e-14,0.0
2026-07-09 15:30:00+03:00,0.1710948980786978,2.3010636196468756e-14,0.0
2026-07-09 15:35:00+03:00,0.1710948980786978,7.1189875435408575e-12,0.0
2026-07-09 15:40:00+03:00,0.1710948980786978,5.7637954052194466e-11,0.0
2026-07-09 15:45:00+03:00,0.1710948980786978,2.368858198760169e-08,0.0
2026-07-09 15:50:00+03:00,0.1710948980786978,6.1457335289826835e-09,0.0
2026-07-09 15:55:00+03:00,0.1710948980786978,6.697298635135848e-11,0.0
2026-07-09 16:00:00+03:00,0.1710948980786978,1.5607715111295726e-10,0.0
2026-07-09 16:05:00+03:00,0.1710948980786978,2.9655883452597877e-12,0.02484676201226731
2026-07-09 16:10:00+03:00,0.1710948980786978,1.0061034209188638e-11,0.004129268058298769
2026-07-09 16:15:00+03:00,0.1710948980786978,1.6093839467438005e-11,0.0
2026-07-09 16:20:00+03:00,0.1710948980786978,4.3264364556679285e-11,0.0
2026-07-09 16:25:00+03:00,0.1710948980786978,1.0732298350454006e-11,0.0
2026-07-09 16:30:00+03:00,0.1710948980786978,3.862077461736539e-15,0.0
2026-07-09 16:35:00+03:00,0.1710948980786978,3.826072901388362e-15,0.0
2026-07-09 16:40:00+03:00,0.1710948980786978,8.207925160272336e-17,0.0
2026-07-09 16:45:00+03:00,0.1710948980786978,3.9852180048901614e-15,0.0
2026-07-09 16:50:00+03:00,0.1710948980786978,1.6035261437561632e-13,0.0
2026-07-09 16:55:00+03:00,0.1710948980786978,9.431020055966717e-13,0.0
2026-07-09 17:00:00+03:00,0.1710948980786978,4.1199003766034754e-13,0.0
2026-07-09 17:05:00+03:00,0.1710948980786978,1.3236776593187375e-14,0.0
2026-07-09 17:10:00+03:00,0.1710948980786978,6.433217491039034e-14,0.0
2026-07-09 17:15:00+03:00,0.1710948980786978,3.525285440127465e-13,0.0
2026-07-09 17:20:00+03:00,0.1710948980786978,2.6282622432785687e-12,0.0
2026-07-09 17:25:00+03:00,0.1710948980786978,5.711972476682873e-12,0.0
2026-07-09 17:30:00+03:00,0.1710948980786978,3.4804116667761864e-11,0.0
2026-07-09 17:35:00+03:00,0.1710948980786978,8.717372045848074e-12,0.0
2026-07-09 17:40:00+03:00,0.1710948980786978,2.183699096577353e-12,0.0
2026-07-09 17:45:00+03:00,0.1710948980786978,1.2724092966009787e-11,0.01037778326867994
2026-07-09 17:50:00+03:00,0.1710948980786978,5.861877217797493e-10,0.0
2026-07-09 17:55:00+03:00,0.1710948980786978,2.7535962366361807e-11,0.0
2026-07-10 09:55:00+03:00,0.1710948980786978,2.7527429897376954e-07,0.0
2026-07-10 10:00:00+03:00,0.1710948980786978,9.624238952777369e-08,0.0
2026-07-10 10:05:00+03:00,0.1710948980786978,1.7298797341607555e-11,0.0
2026-07-10 10:10:00+03:00,0.1710948980786978,1.324410628118137e-12,0.0
2026-07-10 10:15:00+03:00,0.1710948980786978,5.096659344682557e-12,0.0
2026-07-10 10:20:00+03:00,0.1710948980786978,7.977894362003017e-13,0.0
2026-07-10 10:25:00+03:00,0.1710948980786978,6.189288239607478e-14,0.0
2026-07-10 10:30:00+03:00,0.1710948980786978,1.4088002305989496e-15,0.0
2026-07-10 10:35:00+03:00,0.1710948980786978,5.188603763564423e-16,0.0
2026-07-10 10:40:00+03:00,0.1710948980786978,9.742777228878902e-15,0.0
2026-07-10 10:45:00+03:00,0.1710948980786978,2.3414666364676425e-14,0.0
2026-07-10 10:50:00+03:00,0.1710948980786978,7.363214858104078e-15,0.0
2026-07-10 10:55:00+03:00,0.1710948980786978,1.1061182042026957e-16,0.01257465739671893
2026-07-10 11:00:00+03:00,0.1710948980786978,2.0411942448018126e-14,0.0
2026-07-10 11:05:00+03:00,0.26929428108804965,4.775876435620502e-13,0.059921212827640076
2026-07-10 11:10:00+03:00,0.26929428108804965,2.813758157286155e-11,0.028182056818623295
2026-07-10 11:15:00+03:00,0.17056973897761885,6.019450247667597e-11,0.026141240492092682
2026-07-10 11:20:00+03:00,0.17056973897761885,2.3798016939657268e-11,0.033158116955580894
2026-07-10 11:25:00+03:00,0.17056973897761885,3.3218256631560472e-09,0.04168643939106628
2026-07-10 11:30:00+03:00,0.17056973897761885,2.117534948135626e-09,0.020373311892929853
2026-07-10 11:35:00+03:00,0.17056973897761885,3.8913846147678584e-08,0.04486339617433524
2026-07-10 11:40:00+03:00,0.17056973897761885,6.661925373159873e-08,0.040382848613967424
2026-07-10 11:45:00+03:00,0.17056973897761885,1.1606504177178984e-08,0.03968660954852147
2026-07-10 11:50:00+03:00,0.1710948980786978,2.710446044564404e-09,0.019550539984244924
2026-07-10 11:55:00+03:00,0.1710948980786978,2.0607970952164673e-10,0.008649575387530356
2026-07-10 12:00:00+03:00,0.1710948980786978,7.93087585918838e-12,0.008649575387530356
2026-07-10 12:05:00+03:00,0.1710948980786978,4.23219623021069e-12,0.004272239686307563
2026-07-10 12:10:00+03:00,0.1710948980786978,1.9314310538533885e-11,0.0
2026-07-10 12:15:00+03:00,0.1710948980786978,9.787047362382265e-12,0.0
2026-07-10 12:20:00+03:00,0.1710948980786978,6.451365423054187e-11,0.0
2026-07-10 12:25:00+03:00,0.1710948980786978,3.088880666125865e-11,0.0
2026-07-10 12:30:00+03:00,0.1710948980786978,2.7307711881752487e-11,0.0
2026-07-10 12:35:00+03:00,0.1710948980786978,1.20078783268154e-10,0.0
2026-07-10 12:40:00+03:00,0.1710948980786978,1.0574718105363386e-11,0.0
2026-07-10 12:45:00+03:00,0.1710948980786978,1.1899429706407075e-14,0.0
2026-07-10 12:50:00+03:00,0.1710948980786978,3.85131183128952e-15,0.010418781562042439
2026-07-10 12:55:00+03:00,0.1710948980786978,2.7690606437528833e-11,0.0061713231210943666
2026-07-10 13:00:00+03:00,0.1710948980786978,5.798196998147708e-10,0.0
2026-07-10 13:05:00+03:00,0.1710948980786978,9.147324205706455e-10,0.0
2026-07-10 13:10:00+03:00,0.1710948980786978,4.536712016120309e-10,0.004169483862955396
2026-07-10 13:15:00+03:00,0.1710948980786978,2.7849394298179215e-08,0.0
2026-07-10 13:20:00+03:00,0.1710948980786978,6.085828698896984e-09,0.0
2026-07-10 13:25:00+03:00,0.1710948980786978,3.8745759469185636e-10,0.0
2026-07-10 13:30:00+03:00,0.1710948980786978,3.60862568993122e-09,0.0
2026-07-10 13:35:00+03:00,0.1710948980786978,5.177455988784088e-09,0.0
2026-07-10 13:40:00+03:00,0.1710948980786978,4.560290172083863e-08,0.0
2026-07-10 13:45:00+03:00,0.1710948980786978,6.806022162316734e-10,0.0024706860924849
2026-07-10 13:50:00+03:00,0.1710948980786978,6.172934246827681e-08,0.0
2026-07-10 13:55:00+03:00,0.1710948980786978,1.9433433830804403e-07,0.0
2026-07-10 14:00:00+03:00,0.1710948980786978,1.790409332351921e-09,0.0
2026-07-10 14:05:00+03:00,0.1710948980786978,1.3968239440632083e-08,0.0024706860924849
2026-07-10 14:10:00+03:00,0.1710948980786978,2.1059774378091685e-06,0.0
2026-07-10 14:15:00+03:00,0.1710948980786978,3.278018214139182e-07,0.0024706860924849
2026-07-10 14:20:00+03:00,0.1710948980786978,3.966026589906975e-06,0.0024706860924849
2026-07-10 14:25:00+03:00,0.1710948980786978,3.6287816838937117e-06,0.007014042537068565
2026-07-10 14:30:00+03:00,0.1710948980786978,5.1933477198942436e-05,0.0
2026-07-10 14:35:00+03:00,0.1710948980786978,0.0001224723348889484,0.002065577892455609
2026-07-10 14:40:00+03:00,0.1710948980786978,2.08359088831197e-06,0.0
2026-07-10 14:45:00+03:00,0.1710948980786978,1.875586155927308e-07,0.0
2026-07-10 14:50:00+03:00,0.1710948980786978,1.9037560445075732e-08,0.01037778326867994
2026-07-10 14:55:00+03:00,0.1710948980786978,1.5951543982237207e-07,0.0
2026-07-10 15:00:00+03:00,0.1710948980786978,2.0961643248545303e-07,0.0
2026-07-10 15:05:00+03:00,0.1710948980786978,2.65787868607764e-06,0.0
2026-07-10 15:10:00+03:00,0.1710948980786978,3.3418418430472896e-06,0.004129268058298769
2026-07-10 15:15:00+03:00,0.1710948980786978,1.1425502619231888e-06,0.0
2026-07-10 15:20:00+03:00,0.1710948980786978,1.6700324569163342e-07,0.0
2026-07-10 15:25:00+03:00,0.1710948980786978,1.560468074003545e-06,0.0
2026-07-10 15:30:00+03:00,0.1710948980786978,3.142151897525883e-08,0.0
2026-07-10 15:35:00+03:00,0.1710948980786978,4.4630385264241985e-09,0.0
2026-07-10 15:40:00+03:00,0.1710948980786978,3.805319364179294e-08,0.0
2026-07-10 15:45:00+03:00,0.1710948980786978,2.5597652753069906e-09,0.0
2026-07-10 15:50:00+03:00,0.1710948980786978,1.7038433173907954e-06,0.0
2026-07-10 15:55:00+03:00,0.1710948980786978,3.2031571596731127e-06,0.0
2026-07-10 16:00:00+03:00,0.1710948980786978,4.8236959831267306e-05,0.0
2026-07-10 16:05:00+03:00,0.1710948980786978,5.143676205433899e-05,0.0
2026-07-10 16:10:00+03:00,0.1710948980786978,1.844976697427781e-07,0.0
2026-07-10 16:15:00+03:00,0.1710948980786978,7.576202250304018e-10,0.0
2026-07-10 16:20:00+03:00,0.1710948980786978,6.5715959243838725e-12,0.004129268058298769
2026-07-10 16:25:00+03:00,0.1710948980786978,6.07658659407887e-10,0.0
2026-07-10 16:30:00+03:00,0.1710948980786978,3.51690407363281e-10,0.0
2026-07-10 16:35:00+03:00,0.1710948980786978,4.2572499958573445e-10,0.0
2026-07-10 16:40:00+03:00,0.1710948980786978,1.1467740657621215e-12,0.0
2026-07-10 16:45:00+03:00,0.1710948980786978,7.520832627793443e-15,0.0
2026-07-10 16:50:00+03:00,0.1710948980786978,5.30355576661364e-14,0.0
2026-07-10 16:55:00+03:00,0.1710948980786978,7.465344862671734e-14,0.0
2026-07-10 17:00:00+03:00,0.1710948980786978,4.986612346584139e-12,0.0
2026-07-10 17:05:00+03:00,0.1710948980786978,9.734729658248845e-14,0.0
2026-07-10 17:10:00+03:00,0.1710948980786978,1.6503138848011522e-13,0.0
2026-07-10 17:15:00+03:00,0.1710948980786978,9.602738391955081e-13,0.0
2026-07-10 17:20:00+03:00,0.1710948980786978,7.956723470175297e-12,0.0
2026-07-10 17:25:00+03:00,0.1710948980786978,2.6399348448562565e-12,0.0
2026-07-10 17:30:00+03:00,0.1710948980786978,8.081752904198504e-12,0.02484676201226731
2026-07-10 17:35:00+03:00,0.1710948980786978,6.075399319897272e-10,0.0
2026-07-10 17:40:00+03:00,0.1710948980786978,6.4974702008850266e-09,0.0
2026-07-10 17:45:00+03:00,0.1710948980786978,1.517153752386747e-08,0.0
2026-07-10 17:50:00+03:00,0.1710948980786978,1.5405062245353014e-08,0.0
2026-07-10 17:55:00+03:00,0.1710948980786978,8.63851847621012e-08,0.0
2026-07-13 09:55:00+03:00,0.5191554578371258,0.6796149961409632,0.7412735895901256
2026-07-13 10:00:00+03:00,0.1293880168400673,1.8239404753544174e-05,0.2542059313109777
2026-07-13 10:05:00+03:00,0.302177307664363,0.025183150581664676,0.7658357698388265
2026-07-13 10:10:00+03:00,0.302177307664363,0.9865929708172606,0.7755837414025377
2026-07-13 10:15:00+03:00,0.30584387496252347,0.026622816855070043,0.887344879367788
2026-07-13 10:20:00+03:00,0.302177307664363,0.9907588485743357,0.87530136448512
2026-07-13 10:25:00+03:00,0.34572862975448837,0.6788599779536778,0.8946024368129205
2026-07-13 10:30:00+03:00,0.3627972955857149,0.9988308106027741,0.6073025285749719
2026-07-13 10:35:00+03:00,0.3627972955857149,0.05631181843598474,0.6440124448872554
2026-07-13 10:40:00+03:00,0.33109547736450134,0.042765897345675735,0.6700247547982578
2026-07-13 10:45:00+03:00,0.1710948980786978,0.00029109220133873297,0.31792683740732
2026-07-13 10:50:00+03:00,0.33109547736450134,6.728282760865879e-06,0.6303685149686533
2026-07-13 10:55:00+03:00,0.1710948980786978,2.4353695445734046e-05,0.14958844539411617
2026-07-13 11:00:00+03:00,0.1710948980786978,2.6869868077812633e-07,0.24922935224232412
2026-07-13 11:05:00+03:00,0.1710948980786978,9.6157361782618e-07,0.10913891261428649
2026-07-13 11:10:00+03:00,0.1710948980786978,1.5319867870453803e-10,0.08041896030500877
2026-07-13 11:15:00+03:00,0.1710948980786978,3.193025401858081e-13,0.05773786605515904
2026-07-13 11:20:00+03:00,0.1710948980786978,1.1507826271845102e-13,0.05358555060514597
2026-07-13 11:25:00+03:00,0.1710948980786978,3.558216274914613e-13,0.04797854792251073
2026-07-13 11:30:00+03:00,0.1710948980786978,8.543746321359397e-13,0.04082719724822817
2026-07-13 11:35:00+03:00,0.1710948980786978,3.8656797573587436e-11,0.03057729620026147
2026-07-13 11:40:00+03:00,0.1710948980786978,6.183799258554628e-13,0.01686225305176416
2026-07-13 11:45:00+03:00,0.1710948980786978,1.3385477807307468e-12,0.024202842893782828
2026-07-13 11:50:00+03:00,0.1710948980786978,1.235321615790052e-11,0.04108110686800431
2026-07-13 11:55:00+03:00,0.1710948980786978,2.7662177084598836e-07,0.18938535766035763
2026-07-13 12:00:00+03:00,0.1448927829093307,0.0005356174686156753,0.30087041246413426
2026-07-13 12:05:00+03:00,0.1710948980786978,2.2923360406572022e-07,0.04170383888397835
2026-07-13 12:10:00+03:00,0.1710948980786978,8.31700828864241e-09,0.015532849370873195
2026-07-13 12:15:00+03:00,0.1710948980786978,3.504262251877775e-11,0.004224431566912201
2026-07-13 12:20:00+03:00,0.1710948980786978,2.297861670393974e-09,0.006313170907665119
2026-07-13 12:25:00+03:00,0.1710948980786978,4.628826023438788e-10,0.010419995772333093
2026-07-13 12:30:00+03:00,0.1710948980786978,5.114998521558649e-11,0.004224431566912201
2026-07-13 12:35:00+03:00,0.1710948980786978,1.5749497295997374e-12,0.006517888271223595
2026-07-13 12:40:00+03:00,0.1710948980786978,4.856856954537118e-11,0.010419995772333093
2026-07-13 12:45:00+03:00,0.1710948980786978,1.0613148839327543e-10,0.004224431566912201
2026-07-13 12:50:00+03:00,0.1710948980786978,3.8692782107000407e-10,0.006313170907665119
2026-07-13 12:55:00+03:00,0.1710948980786978,5.025642649967802e-10,0.006313170907665119
2026-07-13 13:00:00+03:00,0.1710948980786978,9.481763488545566e-13,0.002224419494769073
2026-07-13 13:05:00+03:00,0.1710948980786978,6.963642305981072e-13,0.0
2026-07-13 13:10:00+03:00,0.1710948980786978,6.3578441856819486e-12,0.0
2026-07-13 13:15:00+03:00,0.1710948980786978,4.3100059941374617e-13,0.0
2026-07-13 13:20:00+03:00,0.1710948980786978,7.593229234209254e-11,0.0
2026-07-13 13:25:00+03:00,0.1710948980786978,9.638094647277875e-12,0.0020887393407529186
2026-07-13 13:30:00+03:00,0.1710948980786978,4.711756769431472e-13,0.0
2026-07-13 13:35:00+03:00,0.1710948980786978,4.612648004632897e-13,0.0
2026-07-13 13:40:00+03:00,0.1710948980786978,1.4715781073094118e-12,0.0
2026-07-13 13:45:00+03:00,0.1710948980786978,2.4155979223675566e-11,0.0
2026-07-13 13:50:00+03:00,0.1710948980786978,8.755555463018204e-11,0.008227722933649201
2026-07-13 13:55:00+03:00,0.1710948980786978,9.645480860827265e-10,0.0
2026-07-13 14:00:00+03:00,0.1710948980786978,3.3276733727244226e-09,0.0
2026-07-13 14:05:00+03:00,0.1710948980786978,1.5797757862557642e-09,0.006929970975937306
2026-07-13 14:10:00+03:00,0.1710948980786978,4.255434807183482e-06,0.007031761333395392
2026-07-13 14:15:00+03:00,0.1710948980786978,7.707172999137838e-06,0.05578364286074329
2026-07-13 14:20:00+03:00,0.1710948980786978,0.0069949717415006595,0.1200833373938799
2026-07-13 14:25:00+03:00,0.1710948980786978,0.9492068714177575,0.23507357489603614
2026-07-13 14:30:00+03:00,0.1710948980786978,0.997797589038534,0.2007756378271715
2026-07-13 14:35:00+03:00,0.1710948980786978,0.9903382193918557,0.25424150718562194
2026-07-13 14:40:00+03:00,0.1710948980786978,0.9986074989531823,0.24672191693279913
2026-07-13 14:45:00+03:00,0.1710948980786978,0.9999399571940014,0.22742493109962236
2026-07-13 14:50:00+03:00,0.1710948980786978,0.9647646542691504,0.23149688196624185
2026-07-13 14:55:00+03:00,0.1710948980786978,0.41668106862893,0.38682514050875033
2026-07-13 15:00:00+03:00,0.1710948980786978,0.7209588342337023,0.30830122134396787
2026-07-13 15:05:00+03:00,0.1710948980786978,0.9376579409728758,0.35110178450936474
2026-07-13 15:10:00+03:00,0.1710948980786978,0.4378873533165853,0.2077461761367511
2026-07-13 15:15:00+03:00,0.1710948980786978,0.21206503842252017,0.2501364199894608
2026-07-13 15:20:00+03:00,0.1710948980786978,0.8703781317741038,0.20325566128913752
2026-07-13 15:25:00+03:00,0.1710948980786978,0.6057857155139935,0.27492362368414175
2026-07-13 15:30:00+03:00,0.1710948980786978,0.9759221757314382,0.2526275763584819
2026-07-13 15:35:00+03:00,0.1710948980786978,0.7464632048846568,0.18653438562979308
2026-07-13 15:40:00+03:00,0.1710948980786978,0.015437873233843987,0.04986678069620396
2026-07-13 15:45:00+03:00,0.1710948980786978,6.2171541696466975e-09,0.006291406309006862
2026-07-13 15:50:00+03:00,0.1710948980786978,0.00013082554837507318,0.010233485092598494
2026-07-13 15:55:00+03:00,0.1710948980786978,7.08482930826121e-05,0.010233485092598494
2026-07-13 16:00:00+03:00,0.1710948980786978,0.0005152112547670875,0.007740610868921475
2026-07-13 16:05:00+03:00,0.1710948980786978,2.6750131705438205e-06,0.009740622941064602
2026-07-13 16:10:00+03:00,0.1710948980786978,2.7174489701318417e-07,0.007740610868921475
2026-07-13 16:15:00+03:00,0.1710948980786978,6.182892982518513e-07,0.007740610868921475
2026-07-13 16:20:00+03:00,0.1710948980786978,2.1679922610499342e-08,0.020528968458912614
2026-07-13 16:25:00+03:00,0.1710948980786978,9.640312743812417e-12,0.012464975479904754
2026-07-13 16:30:00+03:00,0.1710948980786978,6.58600685261759e-14,0.004066986814237789
2026-07-13 16:35:00+03:00,0.1710948980786978,5.413617093495921e-13,0.0
2026-07-13 16:40:00+03:00,0.1710948980786978,1.6035177498266756e-10,0.0
2026-07-13 16:45:00+03:00,0.1710948980786978,3.987757763174273e-11,0.0
2026-07-13 16:50:00+03:00,0.1710948980786978,1.754324993143011e-11,0.0
2026-07-13 16:55:00+03:00,0.1710948980786978,2.1154735193678876e-11,0.0
2026-07-13 17:00:00+03:00,0.1710948980786978,6.435577768338272e-12,0.0
2026-07-13 17:05:00+03:00,0.1710948980786978,1.3132402934100723e-11,0.0
2026-07-13 17:10:00+03:00,0.1710948980786978,7.244008634907442e-10,0.0
2026-07-13 17:15:00+03:00,0.1710948980786978,1.2847922377729244e-08,0.042954545130797855
2026-07-13 17:20:00+03:00,0.17056973897761885,1.6151022239723893e-06,0.2639086337872493
2026-07-13 17:25:00+03:00,0.17056973897761885,3.378770376027205e-06,0.23686498224319005
2026-07-13 17:30:00+03:00,0.1710948980786978,4.931966221753588e-05,0.023230560841882686
2026-07-13 17:35:00+03:00,0.1710948980786978,9.1233552181561e-06,0.004165570769555244
2026-07-13 17:40:00+03:00,0.1710948980786978,7.216203399284015e-06,0.004165570769555244
2026-07-13 17:45:00+03:00,0.1710948980786978,2.2993817655273763e-09,0.0
2026-07-13 17:50:00+03:00,0.1710948980786978,3.306825311858196e-10,0.0
2026-07-13 17:55:00+03:00,0.1710948980786978,1.5026430883572276e-09,0.0
2026-07-14 09:55:00+03:00,0.31533263520729315,0.9868247818789658,0.7280467150975645
2026-07-14 10:00:00+03:00,0.31533263520729315,0.261123017938627,0.9020502280332313
2026-07-14 10:05:00+03:00,0.3353319556788777,0.7616526467952145,0.911172851961216
2026-07-14 10:10:00+03:00,0.3641174388527678,0.947313444812465,0.9034228225242914
2026-07-14 10:15:00+03:00,0.3641174388527678,0.9062326990539953,0.89271537774475
2026-07-14 10:20:00+03:00,0.3641174388527678,0.3706794535777202,0.8804899183541864
2026-07-14 10:25:00+03:00,0.3641174388527678,0.9939412700973871,0.8991587556843599
2026-07-14 10:30:00+03:00,0.3641174388527678,0.9652760429071681,0.8734886037960367
2026-07-14 10:35:00+03:00,0.3641174388527678,0.9769249594933141,0.6178488754705407
2026-07-14 10:40:00+03:00,0.3641174388527678,0.0030146905259794193,0.7804578987052524
2026-07-14 10:45:00+03:00,0.3641174388527678,0.0008621137338565958,0.8211764454627858
2026-07-14 10:50:00+03:00,0.3641174388527678,7.914937642887717e-05,0.8714992766010639
2026-07-14 10:55:00+03:00,0.3641174388527678,0.0021250938513301546,0.8834790139274032
2026-07-14 11:00:00+03:00,0.3641174388527678,0.0001492123853748707,0.8673210222891374
2026-07-14 11:05:00+03:00,0.3641174388527678,0.01273991289951842,0.8759961436206872
2026-07-14 11:10:00+03:00,0.1710948980786978,0.00278999281279466,0.6367199271004453
2026-07-14 11:15:00+03:00,0.36249119463658697,0.023451871695611734,0.8390326369826895
2026-07-14 11:20:00+03:00,0.36249119463658697,0.08095079764139694,0.8407101798043403
2026-07-14 11:25:00+03:00,0.36249119463658697,0.04303953931076087,0.3922632950699471
2026-07-14 11:30:00+03:00,0.1710948980786978,0.018256331062151538,0.17599322062934686
2026-07-14 11:35:00+03:00,0.1710948980786978,1.526534802680763e-05,0.2734984174114391
2026-07-14 11:40:00+03:00,0.1710948980786978,0.0005631129843169644,0.07128009947271349
2026-07-14 11:45:00+03:00,0.1710948980786978,0.00025850748459632953,0.05352426477703424
2026-07-14 11:50:00+03:00,0.1710948980786978,9.295147781969354e-07,0.05339319260471855
2026-07-14 11:55:00+03:00,0.1710948980786978,5.239771265846052e-08,0.05276693871681763
2026-07-14 12:00:00+03:00,0.1710948980786978,3.741552757160572e-11,0.01831847705060231
2026-07-14 12:05:00+03:00,0.1710948980786978,1.5583113918107714e-11,0.020407216391355232
2026-07-14 12:10:00+03:00,0.1710948980786978,4.75766001910783e-13,0.017941690710226263
2026-07-14 12:15:00+03:00,0.1710948980786978,2.26373138496529e-12,0.01813063932420253
2026-07-14 12:20:00+03:00,0.1710948980786978,4.0362601031642294e-11,0.004238653108384715
2026-07-14 12:25:00+03:00,0.1710948980786978,1.5574047953852997e-13,0.004238653108384715
2026-07-14 12:30:00+03:00,0.1710948980786978,3.187303356758399e-13,0.004238653108384715
2026-07-14 12:35:00+03:00,0.1710948980786978,5.500886805421897e-14,0.002224419494769073
2026-07-14 12:40:00+03:00,0.1710948980786978,6.446608699855682e-15,0.004619039292649626
2026-07-14 12:45:00+03:00,0.1710948980786978,7.986205590065406e-14,0.006789615300806915
2026-07-14 12:50:00+03:00,0.1710948980786978,9.243622551934555e-12,0.006707778633402545
2026-07-14 12:55:00+03:00,0.1710948980786978,2.138006766774872e-10,0.004313158835521992
2026-07-14 13:00:00+03:00,0.1710948980786978,5.240553906943441e-12,0.002224419494769073
2026-07-14 13:05:00+03:00,0.1710948980786978,8.375661681440621e-10,0.0
2026-07-14 13:10:00+03:00,0.1710948980786978,2.140900646660875e-09,0.011401944225918463
2026-07-14 13:15:00+03:00,0.1710948980786978,1.1781378658981222e-09,0.0
2026-07-14 13:20:00+03:00,0.1710948980786978,6.503799051415241e-08,0.0
2026-07-14 13:25:00+03:00,0.1710948980786978,1.1551050795226733e-08,0.0020887393407529186
2026-07-14 13:30:00+03:00,0.1710948980786978,2.484561305054786e-11,0.0
2026-07-14 13:35:00+03:00,0.1710948980786978,1.7121196956721478e-11,0.0020887393407529186
2026-07-14 13:40:00+03:00,0.1710948980786978,7.304563571249812e-12,0.0
2026-07-14 13:45:00+03:00,0.1710948980786978,4.919214318310187e-11,0.0
2026-07-14 13:50:00+03:00,0.1710948980786978,3.920489960299269e-11,0.0
2026-07-14 13:55:00+03:00,0.1710948980786978,5.4184603130307205e-09,0.004764142796796295
2026-07-14 14:00:00+03:00,0.1710948980786978,1.0605996874916946e-07,0.002036623355330571
2026-07-14 14:05:00+03:00,0.1710948980786978,7.878138939619322e-08,0.0
2026-07-14 14:10:00+03:00,0.1710948980786978,1.3090317984038291e-06,0.004066986814237789
2026-07-14 14:15:00+03:00,0.1710948980786978,7.424828347874637e-07,0.004066986814237789
2026-07-14 14:20:00+03:00,0.1710948980786978,1.884610389227865e-06,0.011004233031947192
2026-07-14 14:25:00+03:00,0.1710948980786978,6.843980186139876e-05,0.021289275247672202
2026-07-14 14:30:00+03:00,0.1710948980786978,5.641135477937723e-06,0.037441840036500446
2026-07-14 14:35:00+03:00,0.30966002370217544,4.154946222453451e-05,0.1348404074745673
2026-07-14 14:40:00+03:00,0.1710948980786978,3.9790799344340403e-05,0.05234657351968527
2026-07-14 14:45:00+03:00,0.1710948980786978,3.951637296288116e-06,0.008595037675065847
2026-07-14 14:50:00+03:00,0.1710948980786978,6.907279098663749e-10,0.004066986814237789
2026-07-14 14:55:00+03:00,0.1710948980786978,7.178212298547736e-11,0.004066986814237789
2026-07-14 15:00:00+03:00,0.1710948980786978,1.4191873699790215e-11,0.004066986814237789
2026-07-14 15:05:00+03:00,0.1710948980786978,7.762082760886553e-11,0.004066986814237789
2026-07-14 15:10:00+03:00,0.1710948980786978,2.016453854935217e-12,0.004066986814237789
2026-07-14 15:15:00+03:00,0.1710948980786978,2.393441210750975e-13,0.004066986814237789
2026-07-14 15:20:00+03:00,0.1710948980786978,6.929935980726883e-13,0.004066986814237789
2026-07-14 15:25:00+03:00,0.1710948980786978,6.17464990333048e-12,0.004066986814237789
2026-07-14 15:30:00+03:00,0.1710948980786978,3.013668129110894e-14,0.006543443279522712
2026-07-14 15:35:00+03:00,0.1710948980786978,4.27227212439805e-16,0.008543455351665839
2026-07-14 15:40:00+03:00,0.1710948980786978,7.118243437800855e-14,0.018871394396854754
2026-07-14 15:45:00+03:00,0.1710948980786978,1.0426780545073518e-11,0.016837917477050456
2026-07-14 15:50:00+03:00,0.1710948980786978,2.889850420078335e-10,0.01902369332504758
2026-07-14 15:55:00+03:00,0.1710948980786978,7.356906582892536e-10,0.023193177188002977
2026-07-14 16:00:00+03:00,0.1710948980786978,1.7721422970203028e-07,0.03323888830191057
2026-07-14 16:05:00+03:00,0.1710948980786978,4.480735671751573e-09,0.024107039212416664
2026-07-14 16:10:00+03:00,0.1710948980786978,8.604406594755261e-10,0.021696074948971137
2026-07-14 16:15:00+03:00,0.17056973897761885,1.3808596528992006e-11,0.15653909298809404
2026-07-14 16:20:00+03:00,0.17056973897761885,1.5344877249684965e-09,0.09443274130277503
2026-07-14 16:25:00+03:00,0.1710948980786978,1.2427112816592423e-09,0.030862488229598074
2026-07-14 16:30:00+03:00,0.1710948980786978,4.827377587954884e-10,0.004066986814237789
2026-07-14 16:35:00+03:00,0.1710948980786978,2.4111322955388203e-10,0.0
2026-07-14 16:40:00+03:00,0.1710948980786978,8.546171955615069e-10,0.0
2026-07-14 16:45:00+03:00,0.1710948980786978,2.0230787906364746e-08,0.0
2026-07-14 16:50:00+03:00,0.1710948980786978,1.6046472016562797e-10,0.0
2026-07-14 16:55:00+03:00,0.1710948980786978,2.0573400554480335e-09,0.0
2026-07-14 17:00:00+03:00,0.1710948980786978,3.4691904552229496e-08,0.0
2026-07-14 17:05:00+03:00,0.1710948980786978,7.981453288809313e-09,0.0
2026-07-14 17:10:00+03:00,0.1710948980786978,4.1080384133703374e-09,0.0
2026-07-14 17:15:00+03:00,0.1710948980786978,4.049678168960401e-09,0.0
2026-07-14 17:20:00+03:00,0.1710948980786978,1.818368806565919e-08,0.0
2026-07-14 17:25:00+03:00,0.1710948980786978,2.691858569271317e-08,0.0
2026-07-14 17:30:00+03:00,0.1710948980786978,3.892713235230071e-09,0.0
2026-07-14 17:35:00+03:00,0.1710948980786978,1.2601760457152616e-09,0.0
2026-07-14 17:40:00+03:00,0.1710948980786978,4.1888036073440554e-10,0.0
2026-07-14 17:45:00+03:00,0.1710948980786978,8.020966591811304e-11,0.0
2026-07-14 17:50:00+03:00,0.1710948980786978,1.0503959597731474e-11,0.0
2026-07-14 17:55:00+03:00,0.1710948980786978,2.3790501587732987e-10,0.0
2026-07-16 09:55:00+03:00,0.1710948980786978,6.435517525084615e-09,0.0
2026-07-16 10:00:00+03:00,0.1710948980786978,7.087276907522771e-08,0.004147326694705856
2026-07-16 10:05:00+03:00,0.1710948980786978,5.893122111879237e-11,0.0036187556487864746
2026-07-16 10:10:00+03:00,0.1710948980786978,2.368513765927518e-12,0.0036187556487864746
2026-07-16 10:15:00+03:00,0.1710948980786978,1.9494797954162186e-11,0.0
2026-07-16 10:20:00+03:00,0.1710948980786978,6.432603119192516e-12,0.0
2026-07-16 10:25:00+03:00,0.1710948980786978,1.5041654680964684e-12,0.0
2026-07-16 10:30:00+03:00,0.1710948980786978,9.690799292700047e-16,0.0
2026-07-16 10:35:00+03:00,0.1710948980786978,2.7829434778116904e-15,0.0
2026-07-16 10:40:00+03:00,0.1710948980786978,2.497823451799182e-16,0.0
2026-07-16 10:45:00+03:00,0.1710948980786978,8.220345905898187e-17,0.0
2026-07-16 10:50:00+03:00,0.1710948980786978,3.91483573205971e-17,0.0
2026-07-16 10:55:00+03:00,0.1710948980786978,5.837597105632551e-17,0.0
2026-07-16 11:00:00+03:00,0.1710948980786978,4.630316380045881e-18,0.0
2026-07-16 11:05:00+03:00,0.1710948980786978,1.6233932630362625e-19,0.0
2026-07-16 11:10:00+03:00,0.1710948980786978,3.6478157130427146e-16,0.002033476919804297
2026-07-16 11:15:00+03:00,0.1710948980786978,6.324807762360953e-15,0.0
2026-07-16 11:20:00+03:00,0.1710948980786978,8.685428173168987e-16,0.0
2026-07-16 11:25:00+03:00,0.1710948980786978,1.7925058833683915e-15,0.0
2026-07-16 11:30:00+03:00,0.1710948980786978,9.394918333192928e-14,0.0
2026-07-16 11:35:00+03:00,0.1710948980786978,8.264944727465196e-13,0.0
2026-07-16 11:40:00+03:00,0.1710948980786978,3.027397244023227e-12,0.0021975068949334313
2026-07-16 11:45:00+03:00,0.1710948980786978,4.701235939432069e-07,0.0021975068949334313
2026-07-16 11:50:00+03:00,0.1710948980786978,1.7490244743252345e-07,0.0
2026-07-16 11:55:00+03:00,0.1710948980786978,3.867643244757872e-08,0.0
2026-07-16 12:00:00+03:00,0.1710948980786978,1.712510142246329e-09,0.0
2026-07-16 12:05:00+03:00,0.1710948980786978,3.039609536570449e-10,0.0
2026-07-16 12:10:00+03:00,0.1710948980786978,6.088002688287602e-11,0.0
2026-07-16 12:15:00+03:00,0.1710948980786978,7.441364852766721e-15,0.0
2026-07-16 12:20:00+03:00,0.1710948980786978,6.087684583003458e-16,0.0
2026-07-16 12:25:00+03:00,0.1710948980786978,3.4693303255672545e-16,0.0
2026-07-16 12:30:00+03:00,0.1710948980786978,1.8848583950517287e-15,0.0
2026-07-16 12:35:00+03:00,0.1710948980786978,4.976229793838156e-13,0.0
2026-07-16 12:40:00+03:00,0.1710948980786978,9.470906192268427e-13,0.006181108663677981
2026-07-16 12:45:00+03:00,0.1710948980786978,1.4337487626497462e-11,0.0
2026-07-16 12:50:00+03:00,0.1710948980786978,5.565525265566226e-11,0.0
2026-07-16 12:55:00+03:00,0.1710948980786978,5.30174743745086e-10,0.0
2026-07-16 13:00:00+03:00,0.1710948980786978,1.2673976311468117e-09,0.0
2026-07-16 13:05:00+03:00,0.1710948980786978,1.4999450299378727e-12,0.0
2026-07-16 13:10:00+03:00,0.1710948980786978,1.428604586748823e-13,0.0
2026-07-16 13:15:00+03:00,0.1710948980786978,5.41790415648614e-14,0.0
2026-07-16 13:20:00+03:00,0.1710948980786978,5.89221290139614e-13,0.0
2026-07-16 13:25:00+03:00,0.1710948980786978,5.79389869125846e-15,0.0
2026-07-16 13:30:00+03:00,0.1710948980786978,9.975931291322264e-15,0.0
2026-07-16 13:35:00+03:00,0.1710948980786978,4.641185614509417e-15,0.0
2026-07-16 13:40:00+03:00,0.1710948980786978,6.63028795353616e-15,0.0
2026-07-16 13:45:00+03:00,0.1710948980786978,6.387968641534493e-14,0.0
2026-07-16 13:50:00+03:00,0.1710948980786978,2.847698193093469e-14,0.0
2026-07-16 13:55:00+03:00,0.1710948980786978,2.5961011598786356e-15,0.0
2026-07-16 14:00:00+03:00,0.1710948980786978,5.673555622080846e-13,0.0
2026-07-16 14:05:00+03:00,0.1710948980786978,7.360081988477782e-10,0.002033476919804297
2026-07-16 14:10:00+03:00,0.1710948980786978,1.1483165884299397e-08,0.0
2026-07-16 14:15:00+03:00,0.1710948980786978,2.7269061713593683e-07,0.0
2026-07-16 14:20:00+03:00,0.1710948980786978,1.916713390703832e-07,0.0
2026-07-16 14:25:00+03:00,0.1710948980786978,1.975537763054992e-06,0.0
2026-07-16 14:30:00+03:00,0.1710948980786978,1.802294783804142e-05,0.0021975068949334313
2026-07-16 14:35:00+03:00,0.1710948980786978,9.874217280845569e-07,0.0
2026-07-16 14:40:00+03:00,0.1710948980786978,8.936229025097176e-08,0.0
2026-07-16 14:45:00+03:00,0.1710948980786978,1.3843671569621585e-07,0.0
2026-07-16 14:50:00+03:00,0.1710948980786978,1.3106500376296963e-06,0.0
2026-07-16 14:55:00+03:00,0.1710948980786978,4.166140262228378e-07,0.0
2026-07-16 15:00:00+03:00,0.1710948980786978,1.1211363104108914e-06,0.0
2026-07-16 15:05:00+03:00,0.1710948980786978,8.493148119780983e-09,0.0
2026-07-16 15:10:00+03:00,0.1710948980786978,1.1022235558422711e-08,0.0
2026-07-16 15:15:00+03:00,0.1710948980786978,2.622109642016107e-06,0.0
2026-07-16 15:20:00+03:00,0.1710948980786978,1.7731618409345453e-06,0.0
2026-07-16 15:25:00+03:00,0.1710948980786978,4.559288757325102e-07,0.00456652874227457
2026-07-16 15:30:00+03:00,0.1710948980786978,5.8897594367523225e-05,0.0024706860924849
2026-07-16 15:35:00+03:00,0.1710948980786978,5.45739084611134e-06,0.02601355194076544
2026-07-16 15:40:00+03:00,0.1710948980786978,0.00011490026549420795,0.012466350676697512
2026-07-16 15:45:00+03:00,0.1710948980786978,0.002549640385567011,0.006249987950262852
2026-07-16 15:50:00+03:00,0.1710948980786978,0.004483116412159081,0.0
2026-07-16 15:55:00+03:00,0.1710948980786978,0.0027043437194752477,0.020817398735760998
2026-07-16 16:00:00+03:00,0.1710948980786978,0.004019698894332841,0.002088567408017573
2026-07-16 16:05:00+03:00,0.1710948980786978,7.388086594580685e-05,0.004129268058298769
2026-07-16 16:10:00+03:00,0.1710948980786978,4.5107582086536666e-05,0.0
2026-07-16 16:15:00+03:00,0.1710948980786978,0.00017833254995348655,0.0
2026-07-16 16:20:00+03:00,0.1710948980786978,1.740227723973897e-05,0.0
2026-07-16 16:25:00+03:00,0.1710948980786978,7.691269273618226e-06,0.0
2026-07-16 16:30:00+03:00,0.1710948980786978,1.506072766003257e-06,0.0
2026-07-16 16:35:00+03:00,0.1710948980786978,2.3218537941340125e-06,0.0
2026-07-16 16:40:00+03:00,0.1710948980786978,2.2331161381673165e-07,0.0
2026-07-16 16:45:00+03:00,0.1710948980786978,4.128751575118721e-09,0.0
2026-07-16 16:50:00+03:00,0.1710948980786978,1.1103315869475042e-10,0.0
2026-07-16 16:55:00+03:00,0.1710948980786978,7.025262619810965e-12,0.0
2026-07-16 17:00:00+03:00,0.1710948980786978,1.676944765302774e-12,0.0
2026-07-16 17:05:00+03:00,0.1710948980786978,5.314773125008157e-13,0.0
2026-07-16 17:10:00+03:00,0.1710948980786978,3.887515291562607e-11,0.0
2026-07-16 17:15:00+03:00,0.1710948980786978,1.4946582343733316e-08,0.0
2026-07-16 17:20:00+03:00,0.1710948980786978,3.367236554898696e-06,0.0020703769680140414
2026-07-16 17:25:00+03:00,0.1710948980786978,4.320732189856549e-07,0.0
2026-07-16 17:30:00+03:00,0.1710948980786978,1.5430866803944435e-08,0.0
2026-07-16 17:35:00+03:00,0.1710948980786978,2.7682352170935327e-08,0.0
2026-07-16 17:40:00+03:00,0.1710948980786978,1.772646110079106e-08,0.0
2026-07-16 17:45:00+03:00,0.1710948980786978,3.144487254225505e-08,0.0
2026-07-16 17:50:00+03:00,0.1710948980786978,1.1917720570773315e-07,0.0
2026-07-16 17:55:00+03:00,0.1710948980786978,2.604548259064384e-08,0.0
2026-07-17 09:55:00+03:00,0.1710948980786978,1.2480484070609124e-05,0.0020255343863761293
2026-07-17 10:00:00+03:00,0.1710948980786978,1.6101310692337532e-10,0.016484571554828645
2026-07-17 10:05:00+03:00,0.1710948980786978,3.3771207456458e-09,0.009893196918747382
2026-07-17 10:10:00+03:00,0.1710948980786978,2.3249834444075903e-05,0.014004323966395137
2026-07-17 10:15:00+03:00,0.1710948980786978,3.216903170064946e-05,0.08138453924698409
2026-07-17 10:20:00+03:00,0.1710948980786978,0.003010969135068013,0.007791817654700133
2026-07-17 10:25:00+03:00,0.1710948980786978,4.045144864248974e-06,0.002084494597896085
2026-07-17 10:30:00+03:00,0.1710948980786978,4.956803273925866e-07,0.0
2026-07-17 10:35:00+03:00,0.1710948980786978,1.1516925218711863e-06,0.0
2026-07-17 10:40:00+03:00,0.1710948980786978,3.460943069732579e-07,0.0
2026-07-17 10:45:00+03:00,0.1710948980786978,1.1765860550722751e-07,0.00229384528159254
2026-07-17 10:50:00+03:00,0.1710948980786978,1.0488179519668486e-08,0.0
2026-07-17 10:55:00+03:00,0.1710948980786978,1.9050610326958018e-09,0.0
2026-07-17 11:00:00+03:00,0.1710948980786978,2.5979696578408617e-09,0.0
2026-07-17 11:05:00+03:00,0.1710948980786978,1.4086231019396999e-09,0.00229384528159254
2026-07-17 11:10:00+03:00,0.1710948980786978,3.636742985864668e-10,0.0
2026-07-17 11:15:00+03:00,0.1710948980786978,3.3273769936846406e-10,0.0
2026-07-17 11:20:00+03:00,0.1710948980786978,2.594674790578334e-11,0.0
2026-07-17 11:25:00+03:00,0.1710948980786978,3.889605105099943e-11,0.0
2026-07-17 11:30:00+03:00,0.1710948980786978,1.2022909924750897e-10,0.0
2026-07-17 11:35:00+03:00,0.1710948980786978,1.0363974128300886e-10,0.0
2026-07-17 11:40:00+03:00,0.1710948980786978,7.816465309004872e-10,0.004129268058298769
2026-07-17 11:45:00+03:00,0.1710948980786978,3.597022772848247e-08,0.0
2026-07-17 11:50:00+03:00,0.1710948980786978,3.241245089157051e-10,0.0
2026-07-17 11:55:00+03:00,0.1710948980786978,1.4448075648939402e-08,0.02484676201226731
2026-07-17 12:00:00+03:00,0.1710948980786978,7.122118548976846e-05,0.0
2026-07-17 12:05:00+03:00,0.1710948980786978,9.998097830508138e-05,0.0
2026-07-17 12:10:00+03:00,0.1710948980786978,9.059582380239073e-07,0.0
2026-07-17 12:15:00+03:00,0.1710948980786978,5.414253815718956e-08,0.0
2026-07-17 12:20:00+03:00,0.1710948980786978,5.1572629968615284e-09,0.0
2026-07-17 12:25:00+03:00,0.1710948980786978,1.5743574680022143e-09,0.0
2026-07-17 12:30:00+03:00,0.1710948980786978,2.399374310779427e-09,0.0
2026-07-17 12:35:00+03:00,0.1710948980786978,2.7025618048418525e-08,0.0
2026-07-17 12:40:00+03:00,0.1710948980786978,8.207683772443661e-07,0.12364708698872554
2026-07-17 12:45:00+03:00,0.1710948980786978,6.57482039769776e-07,0.004378982759312297
2026-07-17 12:50:00+03:00,0.1710948980786978,1.5021639061044745e-07,0.0
2026-07-17 12:55:00+03:00,0.1710948980786978,1.7319472122193656e-07,0.0
2026-07-17 13:00:00+03:00,0.1710948980786978,6.780971444530082e-09,0.0
2026-07-17 13:05:00+03:00,0.1710948980786978,2.0974176490395313e-08,0.0
2026-07-17 13:10:00+03:00,0.1710948980786978,5.71373504880669e-08,0.0
2026-07-17 13:15:00+03:00,0.1710948980786978,5.65363602512091e-10,0.0
2026-07-17 13:20:00+03:00,0.1710948980786978,2.747737192142332e-09,0.0
2026-07-17 13:25:00+03:00,0.1710948980786978,7.200812799592288e-10,0.0
2026-07-17 13:30:00+03:00,0.1710948980786978,4.863339548584366e-10,0.0
2026-07-17 13:35:00+03:00,0.1710948980786978,1.683487210530543e-11,0.0
2026-07-17 13:40:00+03:00,0.1710948980786978,2.818702399272018e-11,0.0
2026-07-17 13:45:00+03:00,0.1710948980786978,2.4509121434129247e-10,0.0
2026-07-17 13:50:00+03:00,0.1710948980786978,9.827093246268973e-10,0.0
2026-07-17 13:55:00+03:00,0.1710948980786978,8.609133834293326e-11,0.0
2026-07-17 14:00:00+03:00,0.1710948980786978,2.6918511591934887e-09,0.0
2026-07-17 14:05:00+03:00,0.1710948980786978,6.221582211478106e-10,0.0
2026-07-17 14:10:00+03:00,0.1710948980786978,6.68168102324244e-11,0.0
2026-07-17 14:15:00+03:00,0.1710948980786978,2.086940284402732e-11,0.0
2026-07-17 14:20:00+03:00,0.1710948980786978,6.104938044231188e-12,0.0
2026-07-17 14:25:00+03:00,0.1710948980786978,2.281315339735995e-08,0.010669183911232094
2026-07-17 14:30:00+03:00,0.1710948980786978,1.9600093901362545e-09,0.0
2026-07-17 14:35:00+03:00,0.1710948980786978,1.9871356002285534e-09,0.0
2026-07-17 14:40:00+03:00,0.1710948980786978,3.921869827051968e-08,0.0043851255362905885
2026-07-17 14:45:00+03:00,0.1710948980786978,1.5968196101238457e-10,0.0036187556487864746
2026-07-17 14:50:00+03:00,0.1710948980786978,1.0766950854702205e-09,0.0
2026-07-17 14:55:00+03:00,0.1710948980786978,6.273342345053817e-09,0.0021424746038282544
2026-07-17 15:00:00+03:00,0.1710948980786978,3.7140317666028173e-09,0.0
2026-07-17 15:05:00+03:00,0.1710948980786978,8.882789216225533e-07,0.0021424746038282544
2026-07-17 15:10:00+03:00,0.1710948980786978,6.522974942869174e-08,0.03673047214431076
2026-07-17 15:15:00+03:00,0.1710948980786978,0.00017904554211417624,0.10315225770831044
2026-07-17 15:20:00+03:00,0.1710948980786978,6.440660015375755e-05,0.04034853427080691
2026-07-17 15:25:00+03:00,0.1710948980786978,0.0006853496220788249,0.15167070467349192
2026-07-17 15:30:00+03:00,0.1710948980786978,0.014772049646420836,0.05516242069182391
2026-07-17 15:35:00+03:00,0.1710948980786978,0.00016614246170017268,0.004382084544464173
2026-07-17 15:40:00+03:00,0.1710948980786978,0.00016490868753684092,0.008239581342882355
2026-07-17 15:45:00+03:00,0.1710948980786978,0.0001283997828882591,0.0017129828224651629
2026-07-17 15:50:00+03:00,0.1710948980786978,6.238507989140181e-06,0.0017129828224651629
2026-07-17 15:55:00+03:00,0.1710948980786978,4.9407263609525515e-05,0.0017129828224651629
2026-07-17 16:00:00+03:00,0.1710948980786978,2.0471474184872906e-07,0.010196864787664146
2026-07-17 16:05:00+03:00,0.1710948980786978,3.0942675000796105e-07,0.0017129828224651629
2026-07-17 16:10:00+03:00,0.1710948980786978,3.2196678094462447e-07,0.03804869081313918
2026-07-17 16:15:00+03:00,0.1710948980786978,7.416565796990923e-09,0.0
2026-07-17 16:20:00+03:00,0.1710948980786978,1.8339243312323655e-10,0.0
2026-07-17 16:25:00+03:00,0.1710948980786978,1.391817768933477e-08,0.0
2026-07-17 16:30:00+03:00,0.1710948980786978,3.303918373045668e-10,0.0
2026-07-17 16:35:00+03:00,0.1710948980786978,1.978580433334323e-09,0.0
2026-07-17 16:40:00+03:00,0.1710948980786978,4.332589302795169e-10,0.0
2026-07-17 16:45:00+03:00,0.1710948980786978,1.1545109362283695e-09,0.0
2026-07-17 16:50:00+03:00,0.1710948980786978,2.5486698098106226e-11,0.0
2026-07-17 16:55:00+03:00,0.1710948980786978,2.935984750020116e-11,0.0
2026-07-17 17:00:00+03:00,0.1710948980786978,8.326629375558805e-12,0.0
2026-07-17 17:05:00+03:00,0.1710948980786978,2.005035225284567e-10,0.0
2026-07-17 17:10:00+03:00,0.1710948980786978,5.9315119662745615e-09,0.0
2026-07-17 17:15:00+03:00,0.1710948980786978,1.4582070790797124e-09,0.0
2026-07-17 17:20:00+03:00,0.1710948980786978,2.789255205349316e-10,0.0
2026-07-17 17:25:00+03:00,0.1710948980786978,2.9567729777767927e-10,0.0
2026-07-17 17:30:00+03:00,0.1710948980786978,4.38116864363066e-09,0.026862354823508586
2026-07-17 17:35:00+03:00,0.1710948980786978,1.9916531862772068e-10,0.0
2026-07-17 17:40:00+03:00,0.1710948980786978,1.523076115664423e-07,0.0
2026-07-17 17:45:00+03:00,0.1710948980786978,3.911952630974301e-06,0.0
2026-07-17 17:50:00+03:00,0.1710948980786978,3.5177093103135504e-05,0.0
2026-07-17 17:55:00+03:00,0.1710948980786978,4.92625520740196e-07,0.0
2026-07-20 09:55:00+03:00,0.1710948980786978,2.2962507394063914e-09,0.0
2026-07-20 10:00:00+03:00,0.1710948980786978,8.997889928487644e-10,0.0
2026-07-20 10:05:00+03:00,0.1710948980786978,3.1558301008461095e-06,0.06597372669651742
2026-07-20 10:10:00+03:00,0.17056973897761885,6.19343565183695e-05,0.18874597739720766
2026-07-20 10:15:00+03:00,0.17056973897761885,0.00022079413869956078,0.12292209545571266
2026-07-20 10:20:00+03:00,0.1710948980786978,0.0002804182358924559,0.028989794683871004
2026-07-20 10:25:00+03:00,0.1710948980786978,2.1862825258151656e-06,0.0024748041686617137
2026-07-20 10:30:00+03:00,0.1710948980786978,6.757552185057091e-06,0.0024748041686617137
2026-07-20 10:35:00+03:00,0.5681101798474977,2.004556087067064e-05,0.1959637542060599
2026-07-20 10:40:00+03:00,0.1710948980786978,0.0005623247468393537,0.05353342566844035
2026-07-20 10:45:00+03:00,0.1710948980786978,8.038013067251603e-05,0.0024748041686617137
2026-07-20 10:50:00+03:00,0.1710948980786978,1.3417555557150953e-06,0.0024748041686617137
2026-07-20 10:55:00+03:00,0.1710948980786978,1.6096281044647163e-07,0.0024748041686617137
2026-07-20 11:00:00+03:00,0.1710948980786978,2.3072985861595303e-08,0.0024748041686617137
2026-07-20 11:05:00+03:00,0.1710948980786978,6.607667348394487e-10,0.0024748041686617137
2026-07-20 11:10:00+03:00,0.1710948980786978,3.079335757513008e-09,0.0024748041686617137
2026-07-20 11:15:00+03:00,0.1710948980786978,7.513041726932742e-08,0.0024748041686617137
2026-07-20 11:20:00+03:00,0.1710948980786978,1.5857799107985447e-09,0.0
2026-07-20 11:25:00+03:00,0.1710948980786978,1.889759344325696e-09,0.0
2026-07-20 11:30:00+03:00,0.1710948980786978,4.571924345281486e-10,0.0
2026-07-20 11:35:00+03:00,0.1710948980786978,2.5816733438576322e-08,0.02129167879469152
2026-07-20 11:40:00+03:00,0.1710948980786978,4.546466067464831e-08,0.015078293815702493
2026-07-20 11:45:00+03:00,0.17056973897761885,1.4715816828125033e-07,0.0984578690330315
2026-07-20 11:50:00+03:00,0.17056973897761885,1.1696340861143935e-07,0.16467583704149266
2026-07-20 11:55:00+03:00,0.1710948980786978,1.9173293043527866e-07,0.03780102944683886
2026-07-20 12:00:00+03:00,0.1710948980786978,4.506859460950989e-07,0.0
2026-07-20 12:05:00+03:00,0.1710948980786978,7.90552243470546e-08,0.03443912964733281
2026-07-20 12:10:00+03:00,0.1710948980786978,5.627865380716795e-06,0.034432520560735175
2026-07-20 12:15:00+03:00,0.1710948980786978,6.044522655403496e-05,0.03445997183694161
2026-07-20 12:20:00+03:00,0.1710948980786978,1.1323671006169265e-06,0.04530260353056117
2026-07-20 12:25:00+03:00,0.1710948980786978,5.3726996858205323e-05,0.045903904784377426
2026-07-20 12:30:00+03:00,0.1710948980786978,1.212060244154406e-06,0.0363310045770958
2026-07-20 12:35:00+03:00,0.1710948980786978,4.03408565930947e-06,0.03455603019391326
2026-07-20 12:40:00+03:00,0.1710948980786978,4.978278421095604e-07,0.006264732833512782
2026-07-20 12:45:00+03:00,0.1710948980786978,1.1250174365952188e-07,0.02520546420513801
2026-07-20 12:50:00+03:00,0.1710948980786978,5.293216224168191e-08,0.04423954614493138
2026-07-20 12:55:00+03:00,0.1710948980786978,4.620305430945956e-08,0.020518578884523114
2026-07-20 13:00:00+03:00,0.1710948980786978,2.8526280284211073e-07,0.012298625769850276
2026-07-20 13:05:00+03:00,0.1710948980786978,1.1513306097885458e-07,0.0
2026-07-20 13:10:00+03:00,0.1710948980786978,2.6215258967319328e-08,0.0022776631314708256
2026-07-20 13:15:00+03:00,0.1710948980786978,1.300934032213951e-09,0.00612061198103939
2026-07-20 13:20:00+03:00,0.1710948980786978,1.0746307937609206e-09,0.0
2026-07-20 13:25:00+03:00,0.1710948980786978,2.355900561063191e-10,0.0
2026-07-20 13:30:00+03:00,0.1710948980786978,1.5546611062855906e-11,0.0
2026-07-20 13:35:00+03:00,0.1710948980786978,2.46437060702525e-11,0.0
2026-07-20 13:40:00+03:00,0.1710948980786978,2.0814538400705633e-11,0.0
2026-07-20 13:45:00+03:00,0.1710948980786978,8.348596751785615e-12,0.0
2026-07-20 13:50:00+03:00,0.1710948980786978,3.1566973691172956e-12,0.0
2026-07-20 13:55:00+03:00,0.1710948980786978,9.550926327779151e-13,0.0
2026-07-20 14:00:00+03:00,0.1710948980786978,5.8720903398922056e-12,0.0
2026-07-20 14:05:00+03:00,0.1710948980786978,1.276360464979242e-12,0.0
2026-07-20 14:10:00+03:00,0.1710948980786978,6.320683161992428e-12,0.0
2026-07-20 14:15:00+03:00,0.1710948980786978,3.0131380682488997e-09,0.0018133681603565801
2026-07-20 14:20:00+03:00,0.1710948980786978,3.71183593165505e-08,0.0018133681603565801
2026-07-20 14:25:00+03:00,0.1710948980786978,2.432489724418573e-08,0.004164543386970829
2026-07-20 14:30:00+03:00,0.1710948980786978,2.6738378129760798e-12,0.030481110472295066
2026-07-20 14:35:00+03:00,0.1710948980786978,4.7547241119892194e-15,0.02846551766105379
2026-07-20 14:40:00+03:00,0.1710948980786978,5.145154122210441e-13,0.0021078787145679605
2026-07-20 14:45:00+03:00,0.1710948980786978,9.08030329364029e-13,0.0
2026-07-20 14:50:00+03:00,0.1710948980786978,2.9285734161006937e-13,0.0021078787145679605
2026-07-20 14:55:00+03:00,0.1710948980786978,1.9514900182656258e-18,0.0
2026-07-20 15:00:00+03:00,0.1710948980786978,3.9657623955152943e-19,0.006274441269960907
2026-07-20 15:05:00+03:00,0.1710948980786978,3.3024899070742115e-16,0.0
2026-07-20 15:10:00+03:00,0.1710948980786978,1.0419291283537947e-15,0.0
2026-07-20 15:15:00+03:00,0.1710948980786978,1.0598370795724769e-16,0.0
2026-07-20 15:20:00+03:00,0.1710948980786978,1.5524638151837483e-17,0.0
2026-07-20 15:25:00+03:00,0.1710948980786978,9.780860089372208e-16,0.0
2026-07-20 15:30:00+03:00,0.1710948980786978,6.132060312077102e-16,0.0
2026-07-20 15:35:00+03:00,0.1710948980786978,1.0305144836171796e-14,0.0
2026-07-20 15:40:00+03:00,0.1710948980786978,7.41969010256917e-14,0.0
2026-07-20 15:45:00+03:00,0.17056973897761885,2.113444946821555e-13,0.006545566180356497
2026-07-20 15:50:00+03:00,0.1710948980786978,2.369901198121681e-12,0.0020136080282789045
2026-07-20 15:55:00+03:00,0.1710948980786978,1.9932400695270324e-10,0.0
2026-07-20 16:00:00+03:00,0.17056973897761885,5.3627226373026895e-11,0.006545566180356497
2026-07-20 16:05:00+03:00,0.1710948980786978,1.8247333007524553e-10,0.0
2026-07-20 16:10:00+03:00,0.1710948980786978,2.8933496304663425e-09,0.0
2026-07-20 16:15:00+03:00,0.1710948980786978,1.1528886175125655e-09,0.0
2026-07-20 16:20:00+03:00,0.1710948980786978,2.0031683793732437e-11,0.0
2026-07-20 16:25:00+03:00,0.1710948980786978,1.950993841601926e-11,0.0
2026-07-20 16:30:00+03:00,0.1710948980786978,1.481590788333938e-11,0.0
2026-07-20 16:35:00+03:00,0.1710948980786978,2.8783691001120723e-08,0.0022941949300566535
2026-07-20 16:40:00+03:00,0.1710948980786978,2.2545233776991898e-08,0.0
2026-07-20 16:45:00+03:00,0.1710948980786978,6.119056456850365e-08,0.0020710274838548013
2026-07-20 16:50:00+03:00,0.1710948980786978,2.0647106074807367e-07,0.006376851453918419
2026-07-20 16:55:00+03:00,0.1710948980786978,2.2337342910884948e-08,0.0
2026-07-20 17:00:00+03:00,0.1710948980786978,3.1542298632087135e-08,0.0
2026-07-20 17:05:00+03:00,0.1710948980786978,7.347695005199606e-09,0.0
2026-07-20 17:10:00+03:00,0.1710948980786978,3.357079159699908e-10,0.0
2026-07-20 17:15:00+03:00,0.1710948980786978,5.4820579140214406e-11,0.0
2026-07-20 17:20:00+03:00,0.1710948980786978,6.119443244658464e-13,0.0
2026-07-20 17:25:00+03:00,0.1710948980786978,5.719102452596587e-12,0.0
2026-07-20 17:30:00+03:00,0.1710948980786978,1.060863164813722e-10,0.0
2026-07-20 17:35:00+03:00,0.1710948980786978,1.4168971683344668e-10,0.0
2026-07-20 17:40:00+03:00,0.1710948980786978,1.3189837786155986e-10,0.0
2026-07-20 17:45:00+03:00,0.1710948980786978,2.6906959504751303e-11,0.0
2026-07-20 17:50:00+03:00,0.1710948980786978,2.811511286210648e-10,0.0
2026-07-20 17:55:00+03:00,0.1710948980786978,2.3525627884976152e-09,0.0
2026-07-21 09:55:00+03:00,0.1710948980786978,3.349894296639566e-14,0.0
2026-07-21 10:00:00+03:00,0.1710948980786978,3.102631307724409e-13,0.0036187556487864746
2026-07-21 10:05:00+03:00,0.1710948980786978,8.19397764857222e-10,0.013997622505551664
2026-07-21 10:10:00+03:00,0.1710948980786978,4.31556544559996e-07,0.011931973556445912
2026-07-21 10:15:00+03:00,0.1710948980786978,3.276766220515494e-07,0.0036187556487864746
2026-07-21 10:20:00+03:00,0.1710948980786978,1.3536678787650105e-09,0.009097066322352599
2026-07-21 10:25:00+03:00,0.1710948980786978,4.9910503776208075e-08,0.0
2026-07-21 10:30:00+03:00,0.1710948980786978,1.9756844409465087e-09,0.0
2026-07-21 10:35:00+03:00,0.1710948980786978,2.0332090074926442e-10,0.0
2026-07-21 10:40:00+03:00,0.1710948980786978,2.36068959248467e-09,0.0
2026-07-21 10:45:00+03:00,0.1710948980786978,3.063263582192653e-09,0.0
2026-07-21 10:50:00+03:00,0.1710948980786978,1.2640300312702297e-10,0.0
2026-07-21 10:55:00+03:00,0.1710948980786978,1.2278393360983506e-10,0.0
2026-07-21 11:00:00+03:00,0.1710948980786978,8.548050330495269e-10,0.008793884781956916
2026-07-21 11:05:00+03:00,0.1710948980786978,3.838658514138981e-08,0.002469476017220919
2026-07-21 11:10:00+03:00,0.1710948980786978,2.201056362632917e-08,0.0
2026-07-21 11:15:00+03:00,0.1710948980786978,2.1841194427541175e-07,0.0
2026-07-21 11:20:00+03:00,0.1710948980786978,4.275098777784779e-08,0.0
2026-07-21 11:25:00+03:00,0.1710948980786978,2.146464951350382e-09,0.0
2026-07-21 11:30:00+03:00,0.1710948980786978,5.4034164385932414e-09,0.004940162109705819
2026-07-21 11:35:00+03:00,0.1710948980786978,1.7018883382721528e-07,0.0
2026-07-21 11:40:00+03:00,0.1710948980786978,2.771998157221423e-08,0.0
2026-07-21 11:45:00+03:00,0.1710948980786978,1.841756527130095e-08,0.0
2026-07-21 11:50:00+03:00,0.1710948980786978,8.091302296067653e-09,0.0
2026-07-21 11:55:00+03:00,0.1710948980786978,1.0963221512359568e-09,0.0
2026-07-21 12:00:00+03:00,0.1710948980786978,1.8326993668213093e-09,0.0
2026-07-21 12:05:00+03:00,0.1710948980786978,1.1624097227439844e-09,0.0
2026-07-21 12:10:00+03:00,0.1710948980786978,1.5692579282330974e-09,0.0
2026-07-21 12:15:00+03:00,0.1710948980786978,8.492744858675233e-09,0.0
2026-07-21 12:20:00+03:00,0.1710948980786978,8.656701294923482e-09,0.0
2026-07-21 12:25:00+03:00,0.1710948980786978,3.787273694616505e-09,0.0
2026-07-21 12:30:00+03:00,0.1710948980786978,2.017798548922209e-10,0.0
2026-07-21 12:35:00+03:00,0.1710948980786978,2.1503609561190492e-08,0.0
2026-07-21 12:40:00+03:00,0.1710948980786978,3.8193929394581697e-07,0.0
2026-07-21 12:45:00+03:00,0.1710948980786978,6.817523745204706e-06,0.0
2026-07-21 12:50:00+03:00,0.1710948980786978,0.00010341770185629761,0.0540564745948998
2026-07-21 12:55:00+03:00,0.1710948980786978,3.971946904617182e-05,0.001925882224927404
2026-07-21 13:00:00+03:00,0.1710948980786978,0.0003850031712979056,0.010432101231097501
2026-07-21 13:05:00+03:00,0.17056973897761885,9.1446030437058e-06,0.1394717049034146
2026-07-21 13:10:00+03:00,0.1710948980786978,0.00014734421724293972,0.02348016385005366
2026-07-21 13:15:00+03:00,0.17056973897761885,0.00012892222375101813,0.1659545970976557
2026-07-21 13:20:00+03:00,0.1710948980786978,2.4742013769888612e-05,0.034433528747576936
2026-07-21 13:25:00+03:00,0.1710948980786978,6.213842226765703e-06,0.017689606070705757
2026-07-21 13:30:00+03:00,0.1710948980786978,1.5373358670010824e-06,0.00800211281594291
2026-07-21 13:35:00+03:00,0.1710948980786978,1.3996995890900635e-06,0.022956629556522713
2026-07-21 13:40:00+03:00,0.1710948980786978,4.196898236508004e-06,0.05123822947371634
2026-07-21 13:45:00+03:00,0.1710948980786978,1.5487313844680495e-06,0.06000124197450598
2026-07-21 13:50:00+03:00,0.1710948980786978,1.0372174399443094e-06,0.06000124197450598
2026-07-21 13:55:00+03:00,0.1710948980786978,3.2722590427956626e-07,0.06000124197450598
2026-07-21 14:00:00+03:00,0.1710948980786978,3.2666515009192773e-07,0.22554326281378498
2026-07-21 14:05:00+03:00,0.1710948980786978,9.409783416776933e-06,0.09295789092251218
2026-07-21 14:10:00+03:00,0.3822529170607458,0.049942568909072206,0.8375599324138221
2026-07-21 14:15:00+03:00,0.3510215774078168,0.9665149694098423,0.8680881831747955
2026-07-21 14:20:00+03:00,0.3510215774078168,0.9995911948694215,0.788001170159549
2026-07-21 14:25:00+03:00,0.3510215774078168,0.9998938062536935,0.7372033018556504
2026-07-21 14:30:00+03:00,0.3510215774078168,0.9996461257102633,0.7616714283306792
2026-07-21 14:35:00+03:00,0.3510215774078168,0.8685300909191841,0.7426087926364118
2026-07-21 14:40:00+03:00,0.3510215774078168,0.14798556633212537,0.784600521408184
2026-07-21 14:45:00+03:00,0.34708421156627045,0.10276811513576803,0.770181191742279
2026-07-21 14:50:00+03:00,0.8077611557036762,0.07935620193728668,0.851110927155278
2026-07-21 14:55:00+03:00,0.3432880231917515,0.32149411889531615,0.8474205028986921
2026-07-21 15:00:00+03:00,0.1710948980786978,0.2224083210976865,0.6057759135486684
2026-07-21 15:05:00+03:00,0.1710948980786978,0.21437960816367474,0.46971955257851655
2026-07-21 15:10:00+03:00,0.3432880231917515,0.2770953472981082,0.7158575062641375
2026-07-21 15:15:00+03:00,0.3641174388527678,0.29722558863781573,0.8113709801693679
2026-07-21 15:20:00+03:00,0.341704817192532,0.9957427763905938,0.8167444634182592
2026-07-21 15:25:00+03:00,0.3641174388527678,0.013973673394922611,0.8309338302505445
2026-07-21 15:30:00+03:00,0.3641174388527678,0.0341135823749301,0.8471517863383293
2026-07-21 15:35:00+03:00,0.3641174388527678,0.40956165693645696,0.8005460086340024
2026-07-21 15:40:00+03:00,0.3641174388527678,0.0850266007031544,0.853449033531187
2026-07-21 15:45:00+03:00,0.1710948980786978,0.18721108358859864,0.3620242967199914
2026-07-21 15:50:00+03:00,0.3432880231917515,0.16055997444512488,0.6009827378685864
2026-07-21 15:55:00+03:00,0.1710948980786978,0.13032724102073565,0.1689388740180701
2026-07-21 16:00:00+03:00,0.1710948980786978,0.0015608734879212097,0.12954990655582418
2026-07-21 16:05:00+03:00,0.1710948980786978,0.0011740903522638178,0.07405617496108734
2026-07-21 16:10:00+03:00,0.1710948980786978,1.7150558113326703e-05,0.05763007349647889
2026-07-21 16:15:00+03:00,0.1710948980786978,2.3581331736796877e-10,0.02227026124609823
2026-07-21 16:20:00+03:00,0.1710948980786978,1.4205662961855864e-10,0.013072179675156085
2026-07-21 16:25:00+03:00,0.1710948980786978,2.8974634073674077e-12,0.024723481162919184
2026-07-21 16:30:00+03:00,0.1710948980786978,7.328612637653232e-07,0.031080003901084733
2026-07-21 16:35:00+03:00,0.1710948980786978,3.227856786874779e-10,0.006707778633402545
2026-07-21 16:40:00+03:00,0.1710948980786978,3.379953402180665e-06,0.07651003419935398
2026-07-21 16:45:00+03:00,0.1710948980786978,0.0006903102222022407,0.034993439785400676
2026-07-21 16:50:00+03:00,0.1710948980786978,9.512331413595888e-07,0.006707778633402545
2026-07-21 16:55:00+03:00,0.1710948980786978,8.704961650510365e-08,0.002224419494769073
2026-07-21 17:00:00+03:00,0.1710948980786978,0.0001052717245690177,0.021569126887318123
2026-07-21 17:05:00+03:00,0.1710948980786978,0.08123872056973429,0.031980676047333366
2026-07-21 17:10:00+03:00,0.1710948980786978,7.599777333678183e-05,0.00825243926297898
2026-07-21 17:15:00+03:00,0.1710948980786978,0.00015473451046822234,0.010716820937633247
2026-07-21 17:20:00+03:00,0.1710948980786978,3.9281240295625976e-08,0.004313158835521992
2026-07-21 17:25:00+03:00,0.1710948980786978,3.839382762024764e-05,0.021587102046508676
2026-07-21 17:30:00+03:00,0.1710948980786978,0.0007964601637481435,0.012812428987989373
2026-07-21 17:35:00+03:00,0.1710948980786978,0.0002507677119491411,0.07308106539644714
2026-07-21 17:40:00+03:00,0.1710948980786978,0.0284342678276219,0.05317891323151472
2026-07-21 17:45:00+03:00,0.1710948980786978,0.009765505965370288,0.030053786963256054
2026-07-21 17:50:00+03:00,0.1710948980786978,0.023626797114809653,0.02614136706839056
2026-07-21 17:55:00+03:00,0.1710948980786978,0.005211470038076304,0.07741747720321684
2026-07-22 09:55:00+03:00,0.1710948980786978,0.8513351639723687,0.22518518046186792
2026-07-22 10:00:00+03:00,0.31533263520729315,0.001111223704956428,0.4347973860213215
2026-07-22 10:05:00+03:00,0.3432880231917515,0.008829453000821979,0.4276193907505531
2026-07-22 10:10:00+03:00,0.1710948980786978,4.166849261895168e-07,0.00962304814679787
2026-07-22 10:15:00+03:00,0.1710948980786978,1.1020891409656889e-08,0.008767862774291785
2026-07-22 10:20:00+03:00,0.1710948980786978,7.53148340846281e-11,0.008767862774291785
2026-07-22 10:25:00+03:00,0.1710948980786978,1.2051960667877803e-10,0.008686026106887415
2026-07-22 10:30:00+03:00,0.1710948980786978,9.297198493776994e-11,0.00709384346131134
2026-07-22 10:35:00+03:00,0.1710948980786978,9.951902099523143e-10,0.011160830275549127
2026-07-22 10:40:00+03:00,0.1710948980786978,4.798284263089307e-10,0.011160830275549127
2026-07-22 10:45:00+03:00,0.1710948980786978,2.68073458580878e-07,0.0288762735619066
2026-07-22 10:50:00+03:00,0.1710948980786978,2.001017681955671e-06,0.026410418393043623
2026-07-22 10:55:00+03:00,0.1710948980786978,3.8406454086938867e-10,0.008936410780780056
2026-07-22 11:00:00+03:00,0.1710948980786978,3.245452707567746e-09,0.006461606612118341
2026-07-22 11:05:00+03:00,0.1710948980786978,1.0195784106425037e-10,0.006461606612118341
2026-07-22 11:10:00+03:00,0.1710948980786978,3.857264679608628e-10,0.006461606612118341
2026-07-22 11:15:00+03:00,0.1710948980786978,6.202575744247994e-10,0.006461606612118341
2026-07-22 11:20:00+03:00,0.1710948980786978,1.328665431157204e-11,0.006461606612118341
2026-07-22 11:25:00+03:00,0.1710948980786978,1.4348644733723091e-11,0.006461606612118341
2026-07-22 11:30:00+03:00,0.1710948980786978,1.2452467916397164e-12,0.00846161868426147
2026-07-22 11:35:00+03:00,0.1710948980786978,6.01266209242192e-12,0.010342466510080634
2026-07-22 11:40:00+03:00,0.1710948980786978,2.570669397652611e-11,0.008066130822591496
2026-07-22 11:45:00+03:00,0.1710948980786978,6.975514875961744e-10,0.08349356370312551
2026-07-22 11:50:00+03:00,0.1710948980786978,1.5332141773369122e-08,0.08359330765144347
2026-07-22 11:55:00+03:00,0.1710948980786978,4.159994990282931e-07,0.01452669063006789
2026-07-22 12:00:00+03:00,0.1710948980786978,2.835110681549609e-09,0.004066986814237789
2026-07-22 12:05:00+03:00,0.1710948980786978,5.415770758595199e-09,0.004066986814237789
2026-07-22 12:10:00+03:00,0.1710948980786978,3.222534838893631e-11,0.004066986814237789
2026-07-22 12:15:00+03:00,0.1710948980786978,5.220734103784321e-10,0.004066986814237789
2026-07-22 12:20:00+03:00,0.1710948980786978,8.736272925937048e-09,0.015010899133589986
2026-07-22 12:25:00+03:00,0.1710948980786978,1.3176365917160007e-08,0.02336533936065247
2026-07-22 12:30:00+03:00,0.1710948980786978,0.0004316714803007098,0.1445242097737519
2026-07-22 12:35:00+03:00,0.1710948980786978,0.03902716511836506,0.2773432951803385
2026-07-22 12:40:00+03:00,0.1710948980786978,0.0032597240691661917,0.3085255359599588
2026-07-22 12:45:00+03:00,0.1710948980786978,0.2085265731342653,0.32793736075896485
2026-07-22 12:50:00+03:00,0.16492841327550306,0.09139913022771894,0.5146245077519419
2026-07-22 12:55:00+03:00,0.1710948980786978,0.035212519236088806,0.09542382503767563
2026-07-22 13:00:00+03:00,0.1710948980786978,0.014125361044546128,0.14326965406492623
2026-07-22 13:05:00+03:00,0.1710948980786978,0.004477754652079132,0.2314763503089015
2026-07-22 13:10:00+03:00,0.1710948980786978,0.003987260498679693,0.04646499699571158
2026-07-22 13:15:00+03:00,0.1710948980786978,5.146702456962075e-05,0.1501285247014984
2026-07-22 13:20:00+03:00,0.1710948980786978,7.492641520499911e-08,0.012568383190170184
2026-07-22 13:25:00+03:00,0.1710948980786978,8.305032415317235e-13,0.0
2026-07-22 13:30:00+03:00,0.1710948980786978,8.83314324672041e-07,0.008501396375932396
2026-07-22 13:35:00+03:00,0.1710948980786978,1.871678233843675e-09,0.0
2026-07-22 13:40:00+03:00,0.1710948980786978,2.022555593050414e-08,0.0
2026-07-22 13:45:00+03:00,0.1710948980786978,4.663136693440753e-10,0.0
2026-07-22 13:50:00+03:00,0.1710948980786978,1.0587616752236461e-10,0.0
2026-07-22 13:55:00+03:00,0.1710948980786978,5.234922959759755e-10,0.0018133681603565801
2026-07-22 14:00:00+03:00,0.1710948980786978,8.108018102737084e-09,0.017008684767430865
2026-07-22 14:05:00+03:00,0.1710948980786978,2.8853717414560325e-07,0.001859999484407628
2026-07-22 14:10:00+03:00,0.1710948980786978,1.7510899897294599e-07,0.001859999484407628
2026-07-22 14:15:00+03:00,0.1710948980786978,3.8646914029882695e-08,0.006143947072362488
2026-07-22 14:20:00+03:00,0.1710948980786978,7.698163522989104e-07,0.001859999484407628
2026-07-22 14:25:00+03:00,0.1710948980786978,3.775472589764658e-09,0.001859999484407628
2026-07-22 14:30:00+03:00,0.1710948980786978,1.4597907069182667e-09,0.0
2026-07-22 14:35:00+03:00,0.1710948980786978,3.1128478223442166e-10,0.001859999484407628
2026-07-22 14:40:00+03:00,0.1710948980786978,9.535557119942815e-09,0.001859999484407628
2026-07-22 14:45:00+03:00,0.1710948980786978,7.289271456483149e-11,0.0020000120721431276
2026-07-22 14:50:00+03:00,0.1710948980786978,1.1273785494096576e-08,0.0020000120721431276
2026-07-22 14:55:00+03:00,0.1710948980786978,1.0984444992118126e-08,0.0
2026-07-22 15:00:00+03:00,0.1710948980786978,4.1208995755602626e-08,0.0
2026-07-22 15:05:00+03:00,0.1710948980786978,2.188429609165572e-12,0.0
2026-07-22 15:10:00+03:00,0.1710948980786978,1.993819691406218e-14,0.0
2026-07-22 15:15:00+03:00,0.1710948980786978,2.1145975378195444e-11,0.0
2026-07-22 15:20:00+03:00,0.1710948980786978,9.262475056679128e-12,0.0
2026-07-22 15:25:00+03:00,0.1710948980786978,6.646968491160393e-13,0.0
2026-07-22 15:30:00+03:00,0.1710948980786978,3.452983745826111e-16,0.0
2026-07-22 15:35:00+03:00,0.1710948980786978,3.0531316063608247e-14,0.0
2026-07-22 15:40:00+03:00,0.1710948980786978,2.2664889854652585e-14,0.0
2026-07-22 15:45:00+03:00,0.1710948980786978,9.327551965435053e-13,0.01037778326867994
2026-07-22 15:50:00+03:00,0.1710948980786978,1.6076223372061567e-10,0.0
2026-07-22 15:55:00+03:00,0.1710948980786978,4.4234406318807566e-11,0.0
2026-07-22 16:00:00+03:00,0.1710948980786978,3.83005296031688e-09,0.0
2026-07-22 16:05:00+03:00,0.1710948980786978,4.1946330854217045e-10,0.0
2026-07-22 16:10:00+03:00,0.1710948980786978,3.5103676103180886e-10,0.0
2026-07-22 16:15:00+03:00,0.1710948980786978,5.676114245795007e-12,0.0
2026-07-22 16:20:00+03:00,0.1710948980786978,7.601716938998667e-12,0.0
2026-07-22 16:25:00+03:00,0.1710948980786978,6.688561685530557e-12,0.0
2026-07-22 16:30:00+03:00,0.1710948980786978,2.5860827071909745e-11,0.0
2026-07-22 16:35:00+03:00,0.1710948980786978,7.716407136295284e-13,0.0
2026-07-22 16:40:00+03:00,0.1710948980786978,4.03155576095052e-13,0.0
2026-07-22 16:45:00+03:00,0.1710948980786978,2.226631801302455e-14,0.0
2026-07-22 16:50:00+03:00,0.1710948980786978,2.841022321298957e-12,0.0
2026-07-22 16:55:00+03:00,0.1710948980786978,1.2100373261261337e-12,0.0
2026-07-22 17:00:00+03:00,0.1710948980786978,1.2348346005102248e-12,0.0
2026-07-22 17:05:00+03:00,0.1710948980786978,4.353568664376871e-12,0.0
2026-07-22 17:10:00+03:00,0.1710948980786978,1.740134447997514e-13,0.0
2026-07-22 17:15:00+03:00,0.1710948980786978,1.4617305500423567e-13,0.0
2026-07-22 17:20:00+03:00,0.1710948980786978,3.205306509766517e-09,0.0
2026-07-22 17:25:00+03:00,0.1710948980786978,7.101363984411346e-11,0.0
2026-07-22 17:30:00+03:00,0.1710948980786978,7.557931866421937e-10,0.0
2026-07-22 17:35:00+03:00,0.1710948980786978,1.673820521489351e-09,0.0
2026-07-22 17:40:00+03:00,0.1710948980786978,5.3381865311802624e-09,0.0
2026-07-22 17:45:00+03:00,0.1710948980786978,3.2172642117146446e-11,0.0
2026-07-22 17:50:00+03:00,0.1710948980786978,4.877795230249716e-13,0.026862354823508586
2026-07-22 17:55:00+03:00,0.1710948980786978,3.4050617496104087e-12,0.0
2026-07-23 09:55:00+03:00,0.1710948980786978,1.4838677648096803e-05,0.028554260033647444
2026-07-23 10:00:00+03:00,0.1710948980786978,4.794489618142096e-05,0.05852969122012616
2026-07-23 10:05:00+03:00,0.1710948980786978,7.529105088030539e-06,0.029750246128146057
2026-07-23 10:10:00+03:00,0.1710948980786978,2.379580260534405e-08,0.015451375238213725
2026-07-23 10:15:00+03:00,0.1710948980786978,8.498771973849512e-07,0.013587895678951032
2026-07-23 10:20:00+03:00,0.1710948980786978,1.5337903461055718e-06,0.0024617246794032977
2026-07-23 10:25:00+03:00,0.1710948980786978,1.7905801362994818e-07,0.0024617246794032977
2026-07-23 10:30:00+03:00,0.1710948980786978,2.52459235343261e-08,0.0045533475671078886
2026-07-23 10:35:00+03:00,0.17056973897761885,2.1542658494601838e-08,0.004211006696891238
2026-07-23 10:40:00+03:00,0.17056973897761885,2.65697141242389e-10,0.0021193838091866472
2026-07-23 10:45:00+03:00,0.1710948980786978,9.059704708887783e-11,0.006502129743393058
2026-07-23 10:50:00+03:00,0.1710948980786978,1.1512097181223323e-11,0.004169981224509304
2026-07-23 10:55:00+03:00,0.1710948980786978,1.1026494666737075e-10,0.05271255669019817
2026-07-23 11:00:00+03:00,0.1710948980786978,3.837850092006108e-09,0.016465683844164
2026-07-23 11:05:00+03:00,0.1710948980786978,2.701188419524522e-09,0.005850596181700667
2026-07-23 11:10:00+03:00,0.1710948980786978,2.8879470576018e-09,0.007900777405514543
2026-07-23 11:15:00+03:00,0.1710948980786978,5.574757203387105e-10,0.014166952339552421
2026-07-23 11:20:00+03:00,0.1710948980786978,1.6061913908456506e-07,0.034669827440097715
2026-07-23 11:25:00+03:00,0.17056973897761885,4.39808650894638e-07,0.12765978925216884
2026-07-23 11:30:00+03:00,0.3010288950127865,0.053104352989164556,0.5823283313272813
2026-07-23 11:35:00+03:00,0.3010288950127865,0.10455378167999017,0.5789105228818239
2026-07-23 11:40:00+03:00,0.3010288950127865,0.8767385070599367,0.7483952255548759
2026-07-23 11:45:00+03:00,0.1710948980786978,0.997700393794907,0.5666344890503436
2026-07-23 11:50:00+03:00,0.3010288950127865,0.1371740189608412,0.7545921063562795
2026-07-23 11:55:00+03:00,0.3010288950127865,0.2719771936066585,0.7867527947286048
2026-07-23 12:00:00+03:00,0.3312776387522069,0.09331746579035907,0.77628772988326
2026-07-23 12:05:00+03:00,0.3010288950127865,0.04753190286222493,0.7697254815523519
2026-07-23 12:10:00+03:00,0.316959822303841,0.021928595795152966,0.785104442255431
2026-07-23 12:15:00+03:00,0.1710948980786978,0.049416286962109444,0.5044433985835763
2026-07-23 12:20:00+03:00,0.1710948980786978,0.004268711804653191,0.48535133303638717
2026-07-23 12:25:00+03:00,0.1710948980786978,0.00031577054874806803,0.47797527231980064
2026-07-23 12:30:00+03:00,0.1710948980786978,0.002565627543916837,0.4356162836554268
2026-07-23 12:35:00+03:00,0.1710948980786978,0.0013942202256645713,0.4003407023779635
2026-07-23 12:40:00+03:00,0.1710948980786978,9.608729142992013e-05,0.2637356328237334
2026-07-23 12:45:00+03:00,0.1710948980786978,6.47038556227539e-05,0.29941165591652474
2026-07-23 12:50:00+03:00,0.1710948980786978,0.00011219617168227793,0.22254922930176474
2026-07-23 12:55:00+03:00,0.1710948980786978,0.0001276329123600908,0.20471557511201433
2026-07-23 13:00:00+03:00,0.1710948980786978,0.004252511956646757,0.5773857613746984
2026-07-23 13:05:00+03:00,0.1710948980786978,8.432645221677388e-07,0.04010661381568767
2026-07-23 13:10:00+03:00,0.1710948980786978,4.250064846589514e-07,0.019796366848389205
2026-07-23 13:15:00+03:00,0.1710948980786978,2.6293059262053076e-08,0.010408370949593388
2026-07-23 13:20:00+03:00,0.1710948980786978,1.909887375470689e-07,0.010408370949593388
2026-07-23 13:25:00+03:00,0.1710948980786978,7.48858625164173e-10,0.006789615300806915
2026-07-23 13:30:00+03:00,0.1710948980786978,7.018537381141462e-12,0.004619039292649626
2026-07-23 13:35:00+03:00,0.1710948980786978,8.798883663199997e-13,0.004619039292649626
2026-07-23 13:40:00+03:00,0.1710948980786978,4.103863087433424e-14,0.02074065697021278
2026-07-23 13:45:00+03:00,0.1710948980786978,3.1910490336609333e-12,0.0
2026-07-23 13:50:00+03:00,0.1710948980786978,3.2156122149803016e-16,0.0020000120721431276
2026-07-23 13:55:00+03:00,0.1710948980786978,2.844434796675027e-14,0.004088751412896045
2026-07-23 14:00:00+03:00,0.1710948980786978,6.082092736595442e-14,0.0020000120721431276
2026-07-23 14:05:00+03:00,0.1710948980786978,2.3022444455062797e-19,0.0020000120721431276
2026-07-23 14:10:00+03:00,0.1710948980786978,9.818273188214911e-18,0.0020000120721431276
2026-07-23 14:15:00+03:00,0.1710948980786978,5.069470093058954e-18,0.0020000120721431276
2026-07-23 14:20:00+03:00,0.1710948980786978,4.9543420437206627e-17,0.0020000120721431276
2026-07-23 14:25:00+03:00,0.1710948980786978,4.7675538437165e-18,0.0020000120721431276
2026-07-23 14:30:00+03:00,0.1710948980786978,2.2378630668235438e-17,0.0020000120721431276
2026-07-23 14:35:00+03:00,0.1710948980786978,1.0933503214802647e-17,0.0020000120721431276
2026-07-23 14:40:00+03:00,0.1710948980786978,2.538045069053462e-17,0.003961989805843301
2026-07-23 14:45:00+03:00,0.1710948980786978,6.99934149959502e-13,0.0020000120721431276
2026-07-23 14:50:00+03:00,0.1710948980786978,8.836385975397834e-13,0.008613291334969395
2026-07-23 14:55:00+03:00,0.1710948980786978,7.779668240576864e-12,0.0020000120721431276
2026-07-23 15:00:00+03:00,0.1710948980786978,5.092419488395458e-12,0.0020000120721431276
2026-07-23 15:05:00+03:00,0.1710948980786978,6.116103890540789e-11,0.0020000120721431276
2026-07-23 15:10:00+03:00,0.1710948980786978,7.165407116487656e-12,0.003961989805843301
2026-07-23 15:15:00+03:00,0.1710948980786978,4.410565414129518e-11,0.01951975410644373
2026-07-23 15:20:00+03:00,0.1710948980786978,1.7225227973212094e-10,0.0
2026-07-23 15:25:00+03:00,0.1710948980786978,6.731180180348548e-10,0.013146800037154899
2026-07-23 15:30:00+03:00,0.1710948980786978,1.3340729121537428e-09,0.012974401572603317
2026-07-23 15:35:00+03:00,0.1710948980786978,6.127414939297731e-07,0.024451134877590743
2026-07-23 15:40:00+03:00,0.1710948980786978,2.4543777874555397e-08,0.010808952929112494
2026-07-23 15:45:00+03:00,0.1710948980786978,3.2539505064677406e-09,0.010680944868291924
2026-07-23 15:50:00+03:00,0.1710948980786978,3.761658314037286e-08,0.010680944868291924
2026-07-23 15:55:00+03:00,0.1710948980786978,2.8758889385833907e-09,0.013055517124148729
2026-07-23 16:00:00+03:00,0.1710948980786978,3.539179914443943e-07,0.017743693991805407
2026-07-23 16:05:00+03:00,0.1710948980786978,2.4066561937962398e-09,0.03384382596368593
2026-07-23 16:10:00+03:00,0.1710948980786978,1.518935123704717e-08,0.025387156635286578
2026-07-23 16:15:00+03:00,0.1710948980786978,1.729218176367985e-08,0.02036103086710366
2026-07-23 16:20:00+03:00,0.1710948980786978,1.4342052775340678e-06,0.027109504948135882
2026-07-23 16:25:00+03:00,0.1710948980786978,2.5524684175818375e-09,0.01919551930130581
2026-07-23 16:30:00+03:00,0.1710948980786978,8.416419552093531e-08,0.004066986814237789
2026-07-23 16:35:00+03:00,0.1710948980786978,4.177556964659467e-08,0.0020700639780443053
2026-07-23 16:40:00+03:00,0.1710948980786978,0.00011940793272613598,0.005849145835030187
2026-07-23 16:45:00+03:00,0.1710948980786978,2.984534566718787e-06,0.0017092537516743475
2026-07-23 16:50:00+03:00,0.1710948980786978,1.3525918125998236e-05,0.0020596968622584658
2026-07-23 16:55:00+03:00,0.1710948980786978,1.3819228488402604e-06,0.0020596968622584658
2026-07-23 17:00:00+03:00,0.1710948980786978,6.10697170628792e-06,0.0
2026-07-23 17:05:00+03:00,0.1710948980786978,4.860261017273885e-06,0.0038834321384008854
2026-07-23 17:10:00+03:00,0.1710948980786978,9.790972107175634e-08,0.0018133681603565801
2026-07-23 17:15:00+03:00,0.1710948980786978,4.6204293485491245e-07,0.0
2026-07-23 17:20:00+03:00,0.1710948980786978,4.207196906889457e-07,0.0
2026-07-23 17:25:00+03:00,0.1710948980786978,6.00552369367578e-08,0.0
2026-07-23 17:30:00+03:00,0.1710948980786978,1.3351000597088121e-08,0.0
2026-07-23 17:35:00+03:00,0.1710948980786978,1.0928005067022291e-08,0.0
2026-07-23 17:40:00+03:00,0.1710948980786978,2.0460097429937707e-09,0.0
2026-07-23 17:45:00+03:00,0.1710948980786978,5.914557295767268e-09,0.0
2026-07-23 17:50:00+03:00,0.1710948980786978,5.52053926421065e-06,0.0
2026-07-23 17:55:00+03:00,0.1710948980786978,9.166458586236061e-05,0.03339855829491984
2026-07-24 09:55:00+03:00,0.1710948980786978,0.004468217960198273,0.05530508812447052
2026-07-24 10:00:00+03:00,0.1710948980786978,6.986275119776514e-07,0.017741057296257353
2026-07-24 10:05:00+03:00,0.1710948980786978,3.9836259285751853e-07,0.0023141316527723692
2026-07-24 10:10:00+03:00,0.1710948980786978,1.3085400107257372e-09,0.0
2026-07-24 10:15:00+03:00,0.1710948980786978,1.6629509242982908e-11,0.0
2026-07-24 10:20:00+03:00,0.1710948980786978,5.059962165624882e-12,0.0
2026-07-24 10:25:00+03:00,0.1710948980786978,1.6123086514285297e-13,0.0
2026-07-24 10:30:00+03:00,0.1710948980786978,5.567960672270729e-14,0.0
2026-07-24 10:35:00+03:00,0.1710948980786978,9.045355470189112e-13,0.0
2026-07-24 10:40:00+03:00,0.1710948980786978,1.2434459951288516e-13,0.0
2026-07-24 10:45:00+03:00,0.1710948980786978,2.475649340315724e-12,0.0
2026-07-24 10:50:00+03:00,0.1710948980786978,8.008509707467726e-12,0.002155875834676492
2026-07-24 10:55:00+03:00,0.1710948980786978,2.108386608748761e-10,0.002155875834676492
2026-07-24 11:00:00+03:00,0.1710948980786978,2.921806331103947e-08,0.0
2026-07-24 11:05:00+03:00,0.1710948980786978,9.245214726082869e-08,0.0
2026-07-24 11:10:00+03:00,0.1710948980786978,1.5796987765469375e-06,0.002091622887704591
2026-07-24 11:15:00+03:00,0.17056973897761885,2.19100753030475e-07,0.0066049520255042895
2026-07-24 11:20:00+03:00,0.1710948980786978,2.993194666213189e-07,0.00410124964815384
2026-07-24 11:25:00+03:00,0.1710948980786978,1.0428996894170874e-08,0.0
2026-07-24 11:30:00+03:00,0.1710948980786978,6.35703222146351e-11,0.0
2026-07-24 11:35:00+03:00,0.1710948980786978,3.4125245436455976e-12,0.0
2026-07-24 11:40:00+03:00,0.1710948980786978,1.991738468000743e-11,0.0
2026-07-24 11:45:00+03:00,0.1710948980786978,6.298369047516223e-13,0.0
2026-07-24 11:50:00+03:00,0.1710948980786978,6.664034622685546e-14,0.0
2026-07-24 11:55:00+03:00,0.1710948980786978,3.6682538108648776e-13,0.0
2026-07-24 12:00:00+03:00,0.1710948980786978,1.456099681916542e-12,0.0
2026-07-24 12:05:00+03:00,0.1710948980786978,3.129939482303667e-11,0.0
2026-07-24 12:10:00+03:00,0.1710948980786978,1.2747311715339318e-11,0.0
2026-07-24 12:15:00+03:00,0.1710948980786978,3.230978758879602e-12,0.0
2026-07-24 12:20:00+03:00,0.1710948980786978,2.995558333946927e-10,0.0
2026-07-24 12:25:00+03:00,0.1710948980786978,2.4059765449324944e-11,0.0
2026-07-24 12:30:00+03:00,0.1710948980786978,6.47494983232494e-11,0.0
2026-07-24 12:35:00+03:00,0.1710948980786978,3.762054718506027e-11,0.0
2026-07-24 12:40:00+03:00,0.1710948980786978,2.301192484533998e-10,0.0
2026-07-24 12:45:00+03:00,0.1710948980786978,2.7473487278855e-12,0.0
2026-07-24 12:50:00+03:00,0.1710948980786978,2.6020735174118264e-12,0.0
2026-07-24 12:55:00+03:00,0.1710948980786978,8.936252836134404e-13,0.0
2026-07-24 13:00:00+03:00,0.1710948980786978,3.9856269777858746e-12,0.0
2026-07-24 13:05:00+03:00,0.1710948980786978,1.2495123138304537e-08,0.0
2026-07-24 13:10:00+03:00,0.1710948980786978,5.198580899620479e-09,0.0
2026-07-24 13:15:00+03:00,0.1710948980786978,7.399773389692411e-08,0.0
2026-07-24 13:20:00+03:00,0.1710948980786978,7.672442776319781e-08,0.0
2026-07-24 13:25:00+03:00,0.1710948980786978,5.759908642544208e-09,0.0
2026-07-24 13:30:00+03:00,0.1710948980786978,7.785501636742502e-10,0.0
2026-07-24 13:35:00+03:00,0.1710948980786978,4.1309380331102945e-10,0.0
2026-07-24 13:40:00+03:00,0.1710948980786978,5.689208502826515e-09,0.0
2026-07-24 13:45:00+03:00,0.1710948980786978,4.606464406167101e-08,0.0
2026-07-24 13:50:00+03:00,0.1710948980786978,5.957446719610696e-10,0.0
2026-07-24 13:55:00+03:00,0.1710948980786978,9.427627505307544e-09,0.0
2026-07-24 14:00:00+03:00,0.1710948980786978,2.423243294335559e-08,0.0
2026-07-24 14:05:00+03:00,0.1710948980786978,2.2344158441464346e-07,0.0
2026-07-24 14:10:00+03:00,0.1710948980786978,2.7039405186245914e-06,0.0
2026-07-24 14:15:00+03:00,0.1710948980786978,4.737586756292487e-07,0.0
2026-07-24 14:20:00+03:00,0.1710948980786978,6.266739444054997e-07,0.0
2026-07-24 14:25:00+03:00,0.1710948980786978,5.251887145736911e-05,0.0020503445210046673
2026-07-24 14:30:00+03:00,0.1710948980786978,1.4705099933155616e-06,0.0
2026-07-24 14:35:00+03:00,0.1710948980786978,3.310263970653747e-07,0.0
2026-07-24 14:40:00+03:00,0.1710948980786978,9.511165874446715e-08,0.0
2026-07-24 14:45:00+03:00,0.1710948980786978,8.87370347811705e-09,0.0
2026-07-24 14:50:00+03:00,0.1710948980786978,8.73744637904073e-09,0.0
2026-07-24 14:55:00+03:00,0.1710948980786978,3.1882862593252775e-10,0.0
2026-07-24 15:00:00+03:00,0.1710948980786978,2.2850693109234522e-10,0.0
2026-07-24 15:05:00+03:00,0.1710948980786978,9.792302143595995e-09,0.0
2026-07-24 15:10:00+03:00,0.1710948980786978,9.785641474823397e-09,0.0
2026-07-24 15:15:00+03:00,0.1710948980786978,4.6176501793538434e-06,0.03748804811803439
2026-07-24 15:20:00+03:00,0.1710948980786978,3.8880071073236133e-07,0.0
2026-07-24 15:25:00+03:00,0.1710948980786978,8.455771416856445e-06,0.0
2026-07-24 15:30:00+03:00,0.1710948980786978,1.0921906348039e-06,0.0
2026-07-24 15:35:00+03:00,0.1710948980786978,5.634412640610851e-06,0.06718186890837764
2026-07-24 15:40:00+03:00,0.1710948980786978,0.00011848058681044829,0.002242650932462334
2026-07-24 15:45:00+03:00,0.1710948980786978,2.367682716029274e-07,0.0
2026-07-24 15:50:00+03:00,0.1710948980786978,3.9240217815123324e-07,0.0
2026-07-24 15:55:00+03:00,0.1710948980786978,3.0951729742479643e-06,0.0
2026-07-24 16:00:00+03:00,0.1710948980786978,1.1167241002198138e-07,0.0
2026-07-24 16:05:00+03:00,0.1710948980786978,1.2908730444002178e-06,0.0
2026-07-24 16:10:00+03:00,0.1710948980786978,2.8794751105659314e-08,0.0
2026-07-24 16:15:00+03:00,0.1710948980786978,5.162299141053567e-10,0.0
2026-07-24 16:20:00+03:00,0.1710948980786978,1.7424288581864285e-09,0.0
2026-07-24 16:25:00+03:00,0.1710948980786978,4.588936402840668e-10,0.0
2026-07-24 16:30:00+03:00,0.1710948980786978,1.1316326774938575e-09,0.0
2026-07-24 16:35:00+03:00,0.1710948980786978,8.831060537227896e-11,0.0
2026-07-24 16:40:00+03:00,0.1710948980786978,8.080567757653676e-09,0.0
2026-07-24 16:45:00+03:00,0.1710948980786978,1.5112635427226518e-10,0.0
2026-07-24 16:50:00+03:00,0.1710948980786978,5.2558898225154673e-11,0.0
2026-07-24 16:55:00+03:00,0.1710948980786978,2.610164460083242e-10,0.0
2026-07-24 17:00:00+03:00,0.1710948980786978,2.8952406563392973e-10,0.0
2026-07-24 17:05:00+03:00,0.1710948980786978,1.9071310438724744e-11,0.0
2026-07-24 17:10:00+03:00,0.1710948980786978,2.2595865422156913e-12,0.0
2026-07-24 17:15:00+03:00,0.1710948980786978,2.7550464045203336e-12,0.0
2026-07-24 17:20:00+03:00,0.1710948980786978,4.940848241943525e-11,0.0
2026-07-24 17:25:00+03:00,0.1710948980786978,5.160710776861177e-11,0.026862354823508586
2026-07-24 17:30:00+03:00,0.1710948980786978,2.0224224675840434e-11,0.01037778326867994
2026-07-24 17:35:00+03:00,0.1710948980786978,8.172380836052229e-11,0.0
2026-07-24 17:40:00+03:00,0.1710948980786978,1.278073731710432e-10,0.0
2026-07-24 17:45:00+03:00,0.1710948980786978,1.6184725370540533e-10,0.0
2026-07-24 17:50:00+03:00,0.1710948980786978,2.3175258654490223e-11,0.01037778326867994
2026-07-24 17:55:00+03:00,0.1710948980786978,3.363569369469632e-11,0.0
2026-07-27 09:55:00+03:00,0.1710948980786978,7.470395079142425e-18,0.0036187556487864746
2026-07-27 10:00:00+03:00,0.1710948980786978,6.477719420828395e-19,0.018592450269396602
2026-07-27 10:05:00+03:00,0.1710948980786978,1.2730303527622128e-18,0.0021078787145679605
2026-07-27 10:10:00+03:00,0.1710948980786978,2.4977822936536576e-21,0.0021078787145679605
2026-07-27 10:15:00+03:00,0.1710948980786978,1.3629344056262174e-19,0.0021078787145679605
2026-07-27 10:20:00+03:00,0.1710948980786978,1.931257460665177e-23,0.0021078787145679605
2026-07-27 10:25:00+03:00,0.1710948980786978,1.5480730115311093e-22,0.0
2026-07-27 10:30:00+03:00,0.1710948980786978,4.6649164844669234e-27,0.031189704789664353
2026-07-27 10:35:00+03:00,0.1710948980786978,5.949116721818388e-24,0.002033476919804297
2026-07-27 10:40:00+03:00,0.1710948980786978,8.945596251010128e-27,0.018718650383469343
2026-07-27 10:45:00+03:00,0.1710948980786978,1.8242215481114446e-23,0.0
2026-07-27 10:50:00+03:00,0.1710948980786978,1.661024314888627e-21,0.002155875834676492
2026-07-27 10:55:00+03:00,0.1293880168400673,3.4337308479001204e-22,0.04581555785641834
2026-07-27 11:00:00+03:00,0.1710948980786978,1.3261643028673804e-17,0.0
2026-07-27 11:05:00+03:00,0.1710948980786978,1.9119415806355777e-16,0.0
2026-07-27 11:10:00+03:00,0.1710948980786978,1.4638830570848914e-19,0.0
2026-07-27 11:15:00+03:00,0.1710948980786978,1.099559248213124e-18,0.0
2026-07-27 11:20:00+03:00,0.1710948980786978,3.2466710020680475e-18,0.0
2026-07-27 11:25:00+03:00,0.1710948980786978,1.8052827625815508e-19,0.0
2026-07-27 11:30:00+03:00,0.1710948980786978,1.7817369697180766e-19,0.0
2026-07-27 11:35:00+03:00,0.1710948980786978,2.0654583016018253e-16,0.0
2026-07-27 11:40:00+03:00,0.1710948980786978,1.5513019374118156e-14,0.0
2026-07-27 11:45:00+03:00,0.1710948980786978,1.0349313303742098e-14,0.0
2026-07-27 11:50:00+03:00,0.1710948980786978,4.8327745111302483e-14,0.0
2026-07-27 11:55:00+03:00,0.1710948980786978,2.4686144132114998e-12,0.0022941949300566535
2026-07-27 12:00:00+03:00,0.1710948980786978,2.051750638121085e-14,0.0
2026-07-27 12:05:00+03:00,0.1710948980786978,4.5011110838983473e-13,0.0
2026-07-27 12:10:00+03:00,0.1710948980786978,4.049347753227432e-15,0.0
2026-07-27 12:15:00+03:00,0.1710948980786978,6.41511239074564e-15,0.0
2026-07-27 12:20:00+03:00,0.1710948980786978,7.024403495936435e-16,0.0
2026-07-27 12:25:00+03:00,0.1710948980786978,5.185101159232423e-15,0.0
2026-07-27 12:30:00+03:00,0.1710948980786978,2.0422239578240374e-14,0.0
2026-07-27 12:35:00+03:00,0.1710948980786978,2.1765935717083047e-16,0.0
2026-07-27 12:40:00+03:00,0.1710948980786978,1.7537091366400737e-13,0.0
2026-07-27 12:45:00+03:00,0.1710948980786978,2.80934065983004e-12,0.0
2026-07-27 12:50:00+03:00,0.1710948980786978,1.2600219028858516e-11,0.0
2026-07-27 12:55:00+03:00,0.1710948980786978,1.2218315722680571e-11,0.0
2026-07-27 13:00:00+03:00,0.1710948980786978,1.8391247180692713e-11,0.0
2026-07-27 13:05:00+03:00,0.1710948980786978,6.882286280348335e-10,0.0
2026-07-27 13:10:00+03:00,0.1710948980786978,1.977121334921527e-10,0.0
2026-07-27 13:15:00+03:00,0.1710948980786978,3.1852945364605396e-10,0.0
2026-07-27 13:20:00+03:00,0.1710948980786978,4.518473248875002e-09,0.0
2026-07-27 13:25:00+03:00,0.1710948980786978,4.341316262535231e-10,0.0
2026-07-27 13:30:00+03:00,0.1710948980786978,3.353385172613089e-09,0.0
2026-07-27 13:35:00+03:00,0.1710948980786978,4.4516156832256763e-10,0.0
2026-07-27 13:40:00+03:00,0.1710948980786978,2.7808223448912565e-07,0.0
2026-07-27 13:45:00+03:00,0.1710948980786978,1.2483078787349426e-08,0.0
2026-07-27 13:50:00+03:00,0.1710948980786978,1.807490868867569e-07,0.03315223722950253
2026-07-27 13:55:00+03:00,0.1710948980786978,2.4644703070258348e-06,0.002065577892455609
2026-07-27 14:00:00+03:00,0.1710948980786978,2.3506336368827585e-05,0.0
2026-07-27 14:05:00+03:00,0.1710948980786978,1.583453896859553e-05,0.0
2026-07-27 14:10:00+03:00,0.1710948980786978,0.00024632647257443146,0.0
2026-07-27 14:15:00+03:00,0.1710948980786978,9.854528051275754e-07,0.0
2026-07-27 14:20:00+03:00,0.1710948980786978,0.00011335584588205464,0.013403502550043533
2026-07-27 14:25:00+03:00,0.1710948980786978,6.963390683526425e-05,0.010300381347765796
2026-07-27 14:30:00+03:00,0.1710948980786978,0.0001603823881214512,0.002088567408017573
2026-07-27 14:35:00+03:00,0.1710948980786978,0.01010005788867323,0.002088567408017573
2026-07-27 14:40:00+03:00,0.1710948980786978,0.00028957900773117913,0.01977299593198568
2026-07-27 14:45:00+03:00,0.1710948980786978,0.1233234533451389,0.03514084791140433
2026-07-27 14:50:00+03:00,0.1710948980786978,0.001076759999239855,0.04001294078828245
2026-07-27 14:55:00+03:00,0.1710948980786978,0.0004467390492577408,0.0742864325133412
2026-07-27 15:00:00+03:00,0.26929428108804965,0.03789466101676085,0.25164149223002
2026-07-27 15:05:00+03:00,0.26929428108804965,0.4884311974762331,0.21298601227857714
2026-07-27 15:10:00+03:00,0.1710948980786978,0.023127275191283336,0.08878004001819878
2026-07-27 15:15:00+03:00,0.26929428108804965,0.017551566672354087,0.1880107400088355
2026-07-27 15:20:00+03:00,0.1710948980786978,0.0800469244704979,0.10532443492966134
2026-07-27 15:25:00+03:00,0.26929428108804965,0.0018744046429303557,0.2204684207811749
2026-07-27 15:30:00+03:00,0.1710948980786978,0.0006208735322814693,0.06925120406494098
2026-07-27 15:35:00+03:00,0.1710948980786978,0.010437270065906857,0.10824748375017074
2026-07-27 15:40:00+03:00,0.1710948980786978,0.00010682676209476759,0.2717264816584888
2026-07-27 15:45:00+03:00,0.1710948980786978,0.00017131665188843066,0.10980572276197362
2026-07-27 15:50:00+03:00,0.1710948980786978,0.003202512599035887,0.09564505080208999
2026-07-27 15:55:00+03:00,0.1710948980786978,0.000897107542439706,0.026951570669893572
2026-07-27 16:00:00+03:00,0.1710948980786978,4.73555716482896e-06,0.23175988162534028
2026-07-27 16:05:00+03:00,0.1710948980786978,0.007203947563037947,0.18389554661055338
2026-07-27 16:10:00+03:00,0.1710948980786978,0.0635393750259211,0.22270180236853812
2026-07-27 16:15:00+03:00,0.1710948980786978,0.0003183178770649612,0.27904329728789584
2026-07-27 16:20:00+03:00,0.3383019706560566,0.0002479353157210834,0.49331011351912546
2026-07-27 16:25:00+03:00,0.3383019706560566,0.00232053710136286,0.6214372533957215
2026-07-27 16:30:00+03:00,0.1710948980786978,0.9002315057246509,0.5768686539125143
2026-07-27 16:35:00+03:00,0.1710948980786978,0.9758740617136967,0.36059586574735314
2026-07-27 16:40:00+03:00,0.31533263520729315,0.5011506461257474,0.772834854422602
2026-07-27 16:45:00+03:00,0.31533263520729315,0.4160750744253911,0.8116016972978954
2026-07-27 16:50:00+03:00,0.31533263520729315,0.9763235178081968,0.8412672594682236
2026-07-27 16:55:00+03:00,0.31533263520729315,0.5666200323001402,0.746838703323432
2026-07-27 17:00:00+03:00,0.31533263520729315,0.42820989951593724,0.7451934187619053
2026-07-27 17:05:00+03:00,0.1710948980786978,0.09113165146020537,0.24242623361200713
2026-07-27 17:10:00+03:00,0.1710948980786978,0.00022187905017780497,0.4203791003445042
2026-07-27 17:15:00+03:00,0.1710948980786978,0.00023592301060364142,0.14011522155125328
2026-07-27 17:20:00+03:00,0.1710948980786978,3.91091738458825e-06,0.2268266395969161
2026-07-27 17:25:00+03:00,0.1710948980786978,2.848509702603986e-05,0.19984889457612323
2026-07-27 17:30:00+03:00,0.1710948980786978,8.934268489479624e-05,0.16976965622880336
2026-07-27 17:35:00+03:00,0.1710948980786978,4.014157853048602e-06,0.2796739769412499
2026-07-27 17:40:00+03:00,0.1710948980786978,2.085167444159247e-05,0.20474640276173353
2026-07-27 17:45:00+03:00,0.1710948980786978,4.585128152601132e-06,0.2137486841891604
2026-07-27 17:50:00+03:00,0.1710948980786978,4.821946472050877e-06,0.10118700624248836
2026-07-27 17:55:00+03:00,0.1710948980786978,0.001630409619901016,0.08438505775476973
2026-07-28 09:55:00+03:00,0.1710948980786978,8.708894054251096e-05,0.015656810855877397
2026-07-28 10:00:00+03:00,0.1710948980786978,1.3815734397384964e-12,0.016611388911914007
2026-07-28 10:05:00+03:00,0.1710948980786978,8.063789144581726e-11,0.002224419494769073
2026-07-28 10:10:00+03:00,0.1710948980786978,4.3778773950640935e-09,0.004313158835521992
2026-07-28 10:15:00+03:00,0.1710948980786978,6.919615592786583e-11,0.0
2026-07-28 10:20:00+03:00,0.1710948980786978,1.550660207318764e-12,0.0021078787145679605
2026-07-28 10:25:00+03:00,0.1710948980786978,1.4867893755207412e-14,0.004130506794563754
2026-07-28 10:30:00+03:00,0.1710948980786978,1.01497027124596e-12,0.0
2026-07-28 10:35:00+03:00,0.1710948980786978,1.7812257939758188e-12,0.0
2026-07-28 10:40:00+03:00,0.1710948980786978,1.8816891229971576e-13,0.0
2026-07-28 10:45:00+03:00,0.1710948980786978,2.35293189229604e-16,0.010418781562042439
2026-07-28 10:50:00+03:00,0.1710948980786978,1.5321464510530228e-13,0.008297000909591089
2026-07-28 10:55:00+03:00,0.1710948980786978,3.62450958956628e-11,0.0
2026-07-28 11:00:00+03:00,0.1710948980786978,1.5648834138007693e-13,0.0
2026-07-28 11:05:00+03:00,0.1710948980786978,1.417380805363256e-12,0.0
2026-07-28 11:10:00+03:00,0.1710948980786978,1.2018109131268228e-13,0.0
2026-07-28 11:15:00+03:00,0.1710948980786978,1.6064734671694412e-13,0.0020000120721431276
2026-07-28 11:20:00+03:00,0.1710948980786978,1.016020825960571e-14,0.0
2026-07-28 11:25:00+03:00,0.1710948980786978,1.5355084969279932e-16,0.0
2026-07-28 11:30:00+03:00,0.1710948980786978,4.120858434548726e-14,0.0
2026-07-28 11:35:00+03:00,0.1710948980786978,2.729572820880851e-13,0.0
2026-07-28 11:40:00+03:00,0.1710948980786978,5.6140778421294055e-11,0.0
2026-07-28 11:45:00+03:00,0.1710948980786978,1.1670345152536667e-09,0.0
2026-07-28 11:50:00+03:00,0.1710948980786978,3.887484458666277e-12,0.0
2026-07-28 11:55:00+03:00,0.1710948980786978,1.4566119854648369e-09,0.0
2026-07-28 12:00:00+03:00,0.1710948980786978,9.950436213160649e-09,0.0
2026-07-28 12:05:00+03:00,0.1710948980786978,6.615036830680601e-07,0.0
2026-07-28 12:10:00+03:00,0.1710948980786978,4.078846725435242e-08,0.0
2026-07-28 12:15:00+03:00,0.1710948980786978,3.445768213465705e-09,0.0
2026-07-28 12:20:00+03:00,0.1710948980786978,2.2852991608451113e-07,0.006720144754226993
2026-07-28 12:25:00+03:00,0.1710948980786978,3.1055974990143417e-09,0.0
2026-07-28 12:30:00+03:00,0.1710948980786978,8.49348183229398e-09,0.0
2026-07-28 12:35:00+03:00,0.1710948980786978,7.077099145682603e-08,0.0
2026-07-28 12:40:00+03:00,0.1710948980786978,8.720013694875662e-08,0.0
2026-07-28 12:45:00+03:00,0.1710948980786978,4.3832303895834663e-08,0.0
2026-07-28 12:50:00+03:00,0.1710948980786978,6.586159556065965e-09,0.0
2026-07-28 12:55:00+03:00,0.1710948980786978,2.218523526442758e-09,0.0
2026-07-28 13:00:00+03:00,0.1710948980786978,4.170029281563904e-06,0.0
2026-07-28 13:05:00+03:00,0.1710948980786978,1.4255320733084662e-06,0.0
2026-07-28 13:10:00+03:00,0.1710948980786978,1.543574886869174e-07,0.0
2026-07-28 13:15:00+03:00,0.1710948980786978,1.233096181671253e-07,0.0
2026-07-28 13:20:00+03:00,0.1710948980786978,3.944731508539105e-07,0.0
2026-07-28 13:25:00+03:00,0.1710948980786978,7.307555788996252e-07,0.0
2026-07-28 13:30:00+03:00,0.1710948980786978,1.5375345103917603e-06,0.0
2026-07-28 13:35:00+03:00,0.1710948980786978,2.7671844800262987e-06,0.0
2026-07-28 13:40:00+03:00,0.1710948980786978,5.459970665935806e-06,0.0
2026-07-28 13:45:00+03:00,0.1710948980786978,4.7237781629302274e-06,0.0
2026-07-28 13:50:00+03:00,0.1710948980786978,4.3276429637001205e-05,0.0
2026-07-28 13:55:00+03:00,0.1710948980786978,0.00012389007646382,0.002089547562351172
2026-07-28 14:00:00+03:00,0.1710948980786978,3.755727075558341e-06,0.0
2026-07-28 14:05:00+03:00,0.1710948980786978,0.00810638331670087,0.06487118313094686
2026-07-28 14:10:00+03:00,0.1710948980786978,0.0940701067450237,0.016330913620988277
2026-07-28 14:15:00+03:00,0.1710948980786978,0.25956876357015335,0.06527358971799953
2026-07-28 14:20:00+03:00,0.17056973897761885,0.01917701650498838,0.22235426579043105
2026-07-28 14:25:00+03:00,0.17056973897761885,0.0028701030789049036,0.15217996688102636
2026-07-28 14:30:00+03:00,0.17056973897761885,0.024708160768165018,0.142235344425413
2026-07-28 14:35:00+03:00,0.17056973897761885,0.0001990392611185732,0.1231785537129702
2026-07-28 14:40:00+03:00,0.1710948980786978,0.00016634534021215045,0.025870016156587582
2026-07-28 14:45:00+03:00,0.1710948980786978,6.838996226245864e-05,0.019665273425236517
2026-07-28 14:50:00+03:00,0.17056973897761885,8.080509112519178e-05,0.06485192692752281
2026-07-28 14:55:00+03:00,0.1710948980786978,3.6409335803412844e-06,0.10796659767688142
2026-07-28 15:00:00+03:00,0.1710948980786978,1.5187965259844843e-06,0.04954347288480254
2026-07-28 15:05:00+03:00,0.1710948980786978,4.0259102153807197e-07,0.03650149099914185
2026-07-28 15:10:00+03:00,0.1710948980786978,5.048594834221256e-08,0.03842264031412539
2026-07-28 15:15:00+03:00,0.1710948980786978,9.50355641771791e-08,0.04921019397884423
2026-07-28 15:20:00+03:00,0.1710948980786978,7.502759930626196e-08,0.11768942434845162
2026-07-28 15:25:00+03:00,0.1710948980786978,1.0129692498879527e-06,0.0519733279404832
2026-07-28 15:30:00+03:00,0.1710948980786978,1.1746857357525128e-05,0.17350059472037851
2026-07-28 15:35:00+03:00,0.1710948980786978,7.2633604767151355e-06,0.010117197002902083
2026-07-28 15:40:00+03:00,0.1710948980786978,6.359129404712302e-07,0.010583358559730227
2026-07-28 15:45:00+03:00,0.1710948980786978,3.3415846378655173e-06,0.021751982276024706
2026-07-28 15:50:00+03:00,0.1710948980786978,2.244387651063742e-05,0.017429787985631273
2026-07-28 15:55:00+03:00,0.1710948980786978,0.00023126756526206947,0.0059316881903214835
2026-07-28 16:00:00+03:00,0.1710948980786978,5.631145656171301e-07,0.0
2026-07-28 16:05:00+03:00,0.1710948980786978,1.6619532015516438e-08,0.0
2026-07-28 16:10:00+03:00,0.1710948980786978,2.7679513997958933e-08,0.0059316881903214835
2026-07-28 16:15:00+03:00,0.1710948980786978,1.853006617427566e-07,0.0
2026-07-28 16:20:00+03:00,0.1710948980786978,2.950423244955264e-07,0.0020887393407529186
2026-07-28 16:25:00+03:00,0.1710948980786978,3.839378953655429e-08,0.0059316881903214835
2026-07-28 16:30:00+03:00,0.1710948980786978,1.1458318297585757e-06,0.014498773540662858
2026-07-28 16:35:00+03:00,0.1710948980786978,4.519638359500676e-07,0.0869493889286629
2026-07-28 16:40:00+03:00,0.1710948980786978,0.0030688332557318367,0.18546984468774677
2026-07-28 16:45:00+03:00,0.1710948980786978,4.325965012839805e-06,0.30618196205713094
2026-07-28 16:50:00+03:00,0.16492841327550306,0.0007486956763160036,0.35960550059464913
2026-07-28 16:55:00+03:00,0.1710948980786978,1.0905861509335005e-08,0.041988385541689474
2026-07-28 17:00:00+03:00,0.1710948980786978,3.4719341110541287e-09,0.00640224130289559
2026-07-28 17:05:00+03:00,0.1710948980786978,7.07773373879124e-11,0.004088751412896045
2026-07-28 17:10:00+03:00,0.1710948980786978,1.0158726118586845e-11,0.0020000120721431276
2026-07-28 17:15:00+03:00,0.1710948980786978,2.6265138310196236e-10,0.004088751412896045
2026-07-28 17:20:00+03:00,0.1710948980786978,8.097232949844003e-10,0.004088751412896045
2026-07-28 17:25:00+03:00,0.1710948980786978,4.54805364080903e-12,0.0020000120721431276
2026-07-28 17:30:00+03:00,0.1710948980786978,1.0342860724050468e-12,0.0020000120721431276
2026-07-28 17:35:00+03:00,0.1710948980786978,2.562781408812582e-13,0.0020000120721431276
2026-07-28 17:40:00+03:00,0.1710948980786978,9.852255967044949e-12,0.0020000120721431276
2026-07-28 17:45:00+03:00,0.1710948980786978,1.594954764042692e-09,0.0020000120721431276
2026-07-28 17:50:00+03:00,0.1710948980786978,1.7799358845932525e-10,0.0020000120721431276
2026-07-28 17:55:00+03:00,0.1710948980786978,2.9257785609249743e-12,0.0020000120721431276
2026-07-28 18:00:00+03:00,0.1710948980786978,2.2774569344980767e-11,0.0
