Date,boosting_forecast_score,boosting_return_forecast_pct,ridge_forecast_score,ridge_return_forecast_pct,random_forest_forecast_score,random_forest_return_forecast_pct
2026-05-07 09:55:00+03:00,0.17332186902645663,-0.3707931526410002,0.04756385372465475,-1.0594244633207819,0.24866748185887538,-0.15166272018140858
2026-05-07 10:00:00+03:00,0.2476058106325034,-0.1543941557842158,0.542510718528059,0.46089108858675143,0.25186834134116043,-0.14347448755319175
2026-05-07 10:05:00+03:00,0.24384359576331507,-0.16413735855373457,0.5794778060950457,0.5329736064299835,0.2498873643555106,-0.1485338576725199
2026-05-07 10:10:00+03:00,0.17341260125400593,-0.3704892656061209,0.6497335341609893,0.6756442440865792,0.23349979358209433,-0.19146429204884058
2026-05-07 10:15:00+03:00,0.15110461449001744,-0.4493664464856982,0.418382527685001,0.22095899356151333,0.23220828825462578,-0.19493458012150117
2026-05-07 10:20:00+03:00,0.192155301768912,-0.3102191145983351,0.5930924453370756,0.559917317387191,0.2284884689013494,-0.20500575619196507
2026-05-07 10:25:00+03:00,0.18677127855654493,-0.32704831109821897,0.3935004281678847,0.17142182485563234,0.22720290029913962,-0.20851312542079228
2026-05-07 10:30:00+03:00,0.15920403914475326,-0.4197026326526009,0.3816684723909097,0.1474941716633609,0.22693527473861988,-0.20924503792466415
2026-05-07 10:35:00+03:00,0.2201908981921118,-0.22789560123028302,0.6608355989138005,0.6992366102641427,0.22869191327880378,-0.2044519813837099
2026-05-07 10:40:00+03:00,0.2211349842197157,-0.22526055890274851,0.7212293771074928,0.8353360928016591,0.23421132147992224,-0.18955811132170552
2026-05-07 10:45:00+03:00,0.22851431683132115,-0.20493537898954417,0.5604925256071048,0.4957894663606967,0.2318919252709915,-0.19578670115864683
2026-05-07 10:50:00+03:00,0.19934369358486667,-0.2883006667716475,0.5622066333364112,0.49913077695876545,0.23188655364184388,-0.1958011765996859
2026-05-07 10:55:00+03:00,0.24210911267771662,-0.168663501682601,0.5313820714686989,0.4394064119780563,0.24728687076010303,-0.155216248090523
2026-05-07 11:00:00+03:00,0.24355033428338016,-0.16490108763416647,0.48939440919194127,0.35870978410566956,0.24412236026958722,-0.16341196007608386
2026-05-07 11:05:00+03:00,0.22695261826896448,-0.20919758771400176,0.6788731275145965,0.7383929747666694,0.24412236026958722,-0.16341196007608386
2026-05-07 11:10:00+03:00,0.23042122345822783,-0.19975872510625936,0.557907376646742,0.4907555258428757,0.24690275215965032,-0.15620728931041478
2026-05-07 11:15:00+03:00,0.27646611974423435,-0.08270160168896169,0.6888095437628936,0.760454037644403,0.24872231161615407,-0.15152186807675297
2026-05-07 11:20:00+03:00,0.28908026258339037,-0.05284447186962146,0.6670325193801403,0.7125677086078086,0.2264245807089504,-0.21064339732537485
2026-05-07 11:25:00+03:00,0.29725819749176635,-0.033900921728319704,0.5333693799102665,0.443238017559316,0.24866957512815815,-0.1516573424027452
2026-05-07 11:30:00+03:00,0.22996636150061375,-0.20099079384776278,0.562767770917906,0.5002252277174947,0.24801276093942196,-0.15334624058137858
2026-05-07 11:35:00+03:00,0.26497325532225563,-0.11064596335740515,0.6556554292718781,0.6881836573916363,0.22972492944227804,-0.2016454468160674
2026-05-07 11:40:00+03:00,0.24240199746935978,-0.1678976748388756,0.5167223035213607,0.4111930444298127,0.22972492944227804,-0.2016454468160674
2026-05-07 11:45:00+03:00,0.2439700528962978,-0.16380822337940482,0.3513013013514217,0.08468695601088842,0.22910289569955836,-0.20333434499470077
2026-05-07 11:50:00+03:00,0.21440406552144034,-0.24422763426364227,0.3326475000437801,0.044890718111652246,0.22910289569955836,-0.20333434499470077
2026-05-07 11:55:00+03:00,0.3051203357824463,-0.01597050169551257,0.33693733510969226,0.054136475123649164,0.24567570261970795,-0.15938009070026324
2026-05-07 12:00:00+03:00,0.3271205505855693,0.03288986596186316,0.357205548468588,0.09707566779124914,0.24739582788978637,-0.15493532262804616
2026-05-07 12:05:00+03:00,0.30858318929913175,-0.008155787926821745,0.20201179812011955,-0.28031672895813464,0.24567570261970795,-0.15938009070026324
2026-05-07 12:10:00+03:00,0.2720274625081171,-0.09340590902508797,0.2119079785610614,-0.25137107901988304,0.2460881145968158,-0.1583125224680132
2026-05-07 12:15:00+03:00,0.351917740033514,0.0859848013443975,0.17141864889524464,-0.37719675731682417,0.24552793093650685,-0.1597629059676376
2026-05-07 12:20:00+03:00,0.35256020392961274,0.08733633487755808,0.23734335802916026,-0.18121476829335548,0.24715547718649003,-0.15555513227552165
2026-05-07 12:25:00+03:00,0.36104821181260394,0.1050896010219795,0.15874163068723168,-0.42136269085096034,0.24056200637575703,-0.172719338768327
2026-05-07 12:30:00+03:00,0.33991405093935967,0.060518048221830434,0.22172485605489553,-0.22361825290156645,0.22961132101264262,-0.2019536677971192
2026-05-07 12:35:00+03:00,0.3459452470102405,0.0733657418387704,0.17738278377441535,-0.3573131402348985,0.22793812811313488,-0.2065055234127202
2026-05-07 12:40:00+03:00,0.36424774771098734,0.11173398485334947,0.2326441314501454,-0.19376196534697654,0.2288094615307891,-0.20413217346468596
2026-05-07 12:45:00+03:00,0.2584001069431789,-0.12697644346095383,0.21833730011015903,-0.2330928820669791,0.22713561566331536,-0.20869708067136628
2026-05-07 12:50:00+03:00,0.3683243207995416,0.12016374490003809,0.23043784136220805,-0.19971374505541556,0.22925282435960076,-0.20292697591662026
2026-05-07 12:55:00+03:00,0.3161899665114109,0.008842702485574536,0.22795871604476803,-0.20644937208356667,0.22819210883589067,-0.2058130685239054
2026-05-07 13:00:00+03:00,0.39230258536449153,0.16901143402462476,0.20331168745571052,-0.27645551879835895,0.22997280179018703,-0.2009733373407682
2026-05-07 13:05:00+03:00,0.3639866311108878,0.11119267434524897,0.21584423661736182,-0.2401335622002429,0.22536582780647718,-0.2135495518592316
2026-05-07 13:10:00+03:00,0.3531005764927461,0.08847223326257758,0.22291016465102167,-0.2203275665464972,0.2289129511401646,-0.20385070985865242
2026-05-07 13:15:00+03:00,0.36986366281185373,0.12333670191459237,0.294769322204456,-0.039633621912482486,0.22609771012194216,-0.21153959073041018
2026-05-07 13:20:00+03:00,0.35071208786253866,0.08344545416655148,0.2574557679135437,-0.12934462000974958,0.22834949844016095,-0.2053842327705224
2026-05-07 13:25:00+03:00,0.4152026924892098,0.2146799501034083,0.27272906234739486,-0.09170671965307092,0.22915502810875737,-0.20319267551187628
2026-05-07 13:30:00+03:00,0.4612739639549621,0.3045737399611664,0.28079290058978185,-0.07236884264539076,0.2391168520243211,-0.17652403135690542
2026-05-07 13:35:00+03:00,0.5658524170646674,0.5062472416723144,0.2754842686965508,-0.08506019299222997,0.33361170895217485,0.0469739946748703
2026-05-07 13:40:00+03:00,0.3703163471694431,0.12426875339679146,0.285621117861795,-0.06095249221333188,0.23924301762488592,-0.17619124578064113
2026-05-07 13:45:00+03:00,0.37633854705498554,0.13662429962399364,0.2750696905644782,-0.08605765125074413,0.23355688705498556,-0.1913111900019574
2026-05-07 13:50:00+03:00,0.38764597977704496,0.15961594171276663,0.22687377947371717,-0.20941330363227129,0.24033716448864037,-0.17331025624841603
2026-05-07 13:55:00+03:00,0.3610637481880272,0.105121926323403,0.24555829511174596,-0.1596842322752936,0.2272022319114262,-0.20851495259427094
2026-05-07 14:00:00+03:00,0.33245618882153516,0.04447701023885707,0.1719779657418138,-0.3753090533554638,0.23313188079983274,-0.19245151322960502
2026-05-07 14:05:00+03:00,0.3212073569414485,0.019934332665360988,0.20990821097342477,-0.25713863121041763,0.23160520830710246,-0.19655967220243525
2026-05-07 14:10:00+03:00,0.39659299718041147,0.17763310404172972,0.19662446912883627,-0.29652058661679515,0.23404445313134162,-0.19000478957433364
2026-05-07 14:15:00+03:00,0.3473627091637495,0.07636976111596329,0.19597334371702557,-0.2985015787859203,0.23399526759600614,-0.19013649310180603
2026-05-07 14:20:00+03:00,0.2939862512001699,-0.04144310398843853,0.1680221388183621,-0.38876631809768436,0.22289568007392227,-0.22036770355590324
2026-05-07 14:25:00+03:00,0.17439253102205185,-0.36721518872167414,0.30635027199565334,-0.013189235313836478,0.21859946168956895,-0.23235588769498094
2026-05-07 14:30:00+03:00,0.16097553496538458,-0.41337884003381326,0.30290115647403526,-0.021004726526516693,0.20859670184603343,-0.26094310217952926
2026-05-07 14:35:00+03:00,0.097757079749435,-0.6876490254885242,0.29167137197637755,-0.04680874873577012,0.1757729309309397,-0.36262761225335693
2026-05-07 14:40:00+03:00,0.0979785415777484,-0.6864450456225447,0.3004453254965683,-0.026600176772624495,0.1757729309309397,-0.36262761225335693
2026-05-07 14:45:00+03:00,0.05749593988508072,-0.9633673413665395,0.36521562170428445,0.11373900413686822,0.1795629658983987,-0.35017584998748175
2026-05-07 14:50:00+03:00,0.11355916331382751,-0.607247342685523,0.2614982260784055,-0.11924639297291917,0.17737079798769853,-0.35735256771508456
2026-05-07 14:55:00+03:00,0.08305487354857992,-0.773637857091458,0.35831152829636465,0.0993860793467451,0.17630711326560508,-0.3608599369439118
2026-05-07 15:00:00+03:00,0.09065179362007368,-0.7276340228799287,0.314827689102475,0.005814974023055669,0.17630711326560508,-0.3608599369439118
2026-05-07 15:05:00+03:00,0.06418492749975378,-0.9071240871084159,0.43378943672580617,0.25120304327139453,0.1747221472668696,-0.36611715944558104
2026-05-07 15:10:00+03:00,0.05420950255631093,-0.9932892901623028,0.41400846471668323,0.21231820016552294,0.1731320808805288,-0.37142921182509503
2026-05-07 15:15:00+03:00,0.047023102127338685,-1.0651851221665734,0.34582193379834847,0.07310413153872378,0.17112628591879378,-0.37818543189963305
2026-05-07 15:20:00+03:00,0.0660571465632555,-0.8923623259516256,0.23130206062148317,-0.19737766683966262,0.17501982433178606,-0.3651269294587944
2026-05-07 15:25:00+03:00,0.016205371290155444,-1.5917907025518556,0.24073203367483098,-0.17227273260846626,0.18923358433823192,-0.3193062049391352
2026-05-07 15:30:00+03:00,0.038600570499069925,-1.1641448182064205,0.24265485236084355,-0.16723702302419757,0.1938041040304831,-0.30513746315450946
2026-05-07 15:35:00+03:00,0.021297635767469923,-1.4581414937768657,0.1861933227953665,-0.32887691855813517,0.18978569299227516,-0.31758086022716026
2026-05-07 15:40:00+03:00,0.01684474201499633,-1.5729051363181996,0.22262672433567565,-0.22111332271767076,0.18385272818725912,-0.33632749863837325
2026-05-07 15:45:00+03:00,0.024607721113085103,-1.3871743140025523,0.18678536644116375,-0.3270037925905956,0.19069977277520353,-0.3147327808638076
2026-05-07 15:50:00+03:00,0.030188051645345264,-1.2863175966609501,0.30987620404256483,-0.005250298305265119,0.19072054091653692,-0.3146681931449534
2026-05-07 15:55:00+03:00,0.02834484592167272,-1.3174686965976308,0.29260342910563314,-0.04464534829915481,0.18978806496338105,-0.3175734560949211
2026-05-07 16:00:00+03:00,0.04980925667681565,-1.0361507814212134,0.3252397073713805,0.028782320191899316,0.19046946229251344,-0.3154493938576692
2026-05-07 16:05:00+03:00,0.04677709235410453,-1.0678267484061892,0.2845075965878627,-0.0635750151708511,0.18818303268707312,-0.32259987816388536
2026-05-07 16:10:00+03:00,0.05039577597699243,-1.03023542425062,0.3308204126444226,0.040934765760290454,0.19157994972863052,-0.3120001803218615
2026-05-07 16:15:00+03:00,0.052909821506510114,-1.005596401220598,0.2306981146649788,-0.19900955377964363,0.18923031522825123,-0.319316432419856
2026-05-07 16:20:00+03:00,0.05445630653321523,-0.9909837011812115,0.2879860147097689,-0.055403033946208935,0.19014018367965743,-0.3164750989069821
2026-05-07 16:25:00+03:00,0.06492261828040392,-0.901260430226966,0.3198378943742238,0.01691613833770826,0.1989532348811699,-0.2894757712334459
2026-05-07 16:30:00+03:00,0.05749749090362757,-0.9633536034361465,0.12943390134879687,-0.5357689611175687,0.20922387588588515,-0.2591215861430962
2026-05-07 16:35:00+03:00,0.0722807539548033,-0.845936091566674,0.21057329586030823,-0.2552160000556297,0.22800510986754038,-0.20632285111147436
2026-05-07 16:40:00+03:00,0.08963400853240668,-0.7335904494876394,0.19545051667567323,-0.3000958402697898,0.22914224640189085,-0.2032274076211256
2026-05-07 16:45:00+03:00,0.1420011212684327,-0.48431161939464096,0.17045330891664057,-0.3804663220050217,0.24747473918256574,-0.15473191655848348
2026-05-07 16:50:00+03:00,0.08638670548579766,-0.7530115725514067,0.1250926100162055,-0.5545318515748524,0.2182393275972578,-0.23336846821907883
2026-05-07 16:55:00+03:00,0.07467662112657306,-0.8290428950867906,0.10547416976549867,-0.6470562237551903,0.20916319937779768,-0.25929763464601235
2026-05-07 17:00:00+03:00,0.05751089375689079,-0.9632349040267564,0.18484963393359016,-0.3331452356701923,0.2111747270562558,-0.25348120965615195
2026-05-07 17:05:00+03:00,0.0781325540345235,-0.8055323461181492,0.1346240614301049,-0.5140276762089819,0.19417546271341987,-0.3039974640379199
2026-05-07 17:10:00+03:00,0.042569523468059006,-1.1151820357520121,0.07923777018528973,-0.7982145025023291,0.18429824508030015,-0.33490369977748125
2026-05-07 17:15:00+03:00,0.05071196977915874,-1.027073436622155,0.12403568000355847,-0.5591840835831036,0.18405942463207317,-0.335666598870001
2026-05-07 17:20:00+03:00,0.0366384678272729,-1.1901635840431943,0.06755903542496973,-0.8807989386099815,0.1768806488959122,-0.3589667164037072
2026-05-07 17:25:00+03:00,0.04723266345797535,-1.0629452176306429,0.20320174657775947,-0.27678137509715794,0.18110922129740828,-0.3451547925177042
2026-05-07 17:30:00+03:00,0.04406567034117098,-1.0978514345242623,0.23932530742332564,-0.17597425573191022,0.18613636411790285,-0.32905736819466747
2026-05-07 17:35:00+03:00,0.03778412256272341,-1.174813482813396,0.20973624632310572,-0.25763647503568865,0.22507043486542966,-0.21436209717507226
2026-05-07 17:40:00+03:00,0.051346811287121936,-1.0207808715419737,0.21564877310023522,-0.24068805476831334,0.24334591098939062,-0.16543382785607524
2026-05-07 17:45:00+03:00,0.06229015927212729,-0.9224777607055753,0.2106411232450615,-0.25502017470451,0.2531927959803281,-0.14010657585024777
2026-05-07 17:50:00+03:00,0.051630470758338536,-1.017992988219302,0.19785257495934133,-0.2927976220641008,0.2392122758600481,-0.17627232189655864
2026-05-07 17:55:00+03:00,0.06482241412068841,-0.9020532682961633,0.22877290048363497,-0.20423163097598301,0.2394731293284703,-0.1755845924007393
2026-05-08 09:55:00+03:00,0.6020020333524835,0.5777007065874775,0.8011559306992212,1.0479547340599584,0.6349081992174487,0.6446674871162139
2026-05-08 10:00:00+03:00,0.9368170837909364,1.673340214500759,0.8593744606949781,1.24790302228894,0.6979919032492768,0.7811866277060996
2026-05-08 10:05:00+03:00,0.48197595419713196,0.34445476499339983,0.9687068523110945,2.0266634787071776,0.6434969051337042,0.6625435334249873
2026-05-08 10:10:00+03:00,0.5824732758449668,0.5388796877328905,0.9813733298609653,2.281918908274526,0.680338470286287,0.7416231664908584
2026-05-08 10:15:00+03:00,0.8614378988303337,1.2561493160258193,0.9375452184211499,1.6792767484265647,0.8416584144610283,1.180952145008962
2026-05-08 10:20:00+03:00,0.8294663820552971,1.1383438726280708,0.9073507376980398,1.4742671755015921,0.8649132612178894,1.2702742946854655
2026-05-08 10:25:00+03:00,0.8068929341557675,1.06543183776126,0.8874309854903357,1.3701367786164431,0.8106065756552467,1.0769564208853937
2026-05-08 10:30:00+03:00,0.752424362215827,0.9126220119217144,0.8500932660331455,1.2120136580288225,0.8260061081886655,1.1266954527729036
2026-05-08 10:35:00+03:00,0.6770337858658136,0.7343493113593983,0.9335630351980857,1.6475652465871093,0.9200430683647156,1.5516528593317784
2026-05-08 10:40:00+03:00,0.5434125565289398,0.46263545244878307,0.9386911310417885,1.6887516064715065,0.9145633039754256,1.5169682840181944
2026-05-08 10:45:00+03:00,0.5979347517292573,0.5695665092543302,0.9852271286341749,2.395062217870802,0.9225619892221542,1.5683297812400787
2026-05-08 10:50:00+03:00,0.7242660345765931,0.8426099953779399,0.9663140797608128,1.9901105200909681,0.962072585832424,1.9310752607303459
2026-05-08 10:55:00+03:00,0.7193408933340514,0.8308370021368809,0.9048503670862298,1.4601607018696332,0.9602730127649366,1.9079260115816703
2026-05-08 11:00:00+03:00,0.7820806713386308,0.9924193264632722,0.8349720525610655,1.1572713698497834,0.9251812902852625,1.5862068843614423
2026-05-08 11:05:00+03:00,0.759420001282637,0.9308221822883459,0.7556964804266822,0.9210909633212537,0.8928937823863143,1.3969596215926814
2026-05-08 11:10:00+03:00,0.4867821610979501,0.35369153532582637,0.6944593360168502,0.77316941860016,0.7575766619378186,0.9259920123908881
2026-05-08 11:15:00+03:00,0.573014107727842,0.5202679722842718,0.7589801531888619,0.929667345925481,0.7072406026071351,0.8024338387881325
2026-05-08 11:20:00+03:00,0.46455012234175513,0.3108986276946129,0.7565530781071444,0.9233206627632538,0.7036265543189504,0.7940857139415453
2026-05-08 11:25:00+03:00,0.5404988030413035,0.4570015018667014,0.8069598245360387,1.0656379183292766,0.633569923772146,0.6418984690114933
2026-05-08 11:30:00+03:00,0.5950941193605974,0.5639015381166675,0.7011158658932303,0.7883209257514067,0.5956851785907843,0.5650792065211482
2026-05-08 11:35:00+03:00,0.4884174613990372,0.35683316740989546,0.8097815127385736,1.0743811733796815,0.5335076126497775,0.44350461003657926
2026-05-08 11:40:00+03:00,0.56449224282195,0.5035906365696475,0.6744735938690745,0.7287408854263187,0.5147805840705473,0.4074613294055417
2026-05-08 11:45:00+03:00,0.5787134333484465,0.5314683801477786,0.43187939091980226,0.24746845324110953,0.523739051518907,0.4246871735231453
2026-05-08 11:50:00+03:00,0.5368716285179905,0.4499955328333208,0.2777677331935626,-0.0795828431201682,0.5232516228924298,0.4237492631865461
2026-05-08 11:55:00+03:00,0.56830867698456,0.5110495899623001,0.2644427306387145,-0.11195426845940978,0.5380904371324846,0.4523488110485215
2026-05-08 12:00:00+03:00,0.6455748418892164,0.6668968536238365,0.24147654389068154,-0.17031967917263763,0.5704759795243255,0.5152924347220813
2026-05-08 12:05:00+03:00,0.3064019517497024,-0.01307250820594929,0.40638220905636835,0.19718772634481313,0.6405745035614052,0.6564401163698547
2026-05-08 12:10:00+03:00,0.5316936659119259,0.4400070478225157,0.5014691470575293,0.38189575582633617,0.585148399585863,0.5441642908122319
2026-05-08 12:15:00+03:00,0.5533821777006575,0.48195834474806803,0.3849233548729941,0.15410348774443372,0.5895250521955129,0.5528317648152733
2026-05-08 12:20:00+03:00,0.7126116141708005,0.8149529626447874,0.3184818448819218,0.013920752071168843,0.5741462849035617,0.522489815021129
2026-05-08 12:25:00+03:00,0.6635847402904821,0.7051357228451933,0.4504546277211021,0.2836371638608193,0.6406994746728476,0.6567006684113457
2026-05-08 12:30:00+03:00,0.6608514994655723,0.6992706623474211,0.4526087099244967,0.2878121345713851,0.6093380019903022,0.5924442373413903
2026-05-08 12:35:00+03:00,0.7361240017337464,0.8715038360893265,0.3201951527339782,0.017704166792594914,0.6002043120835746,0.5741020239076506
2026-05-08 12:40:00+03:00,0.741535798514265,0.8849660280564089,0.31802130147966534,0.012901911696899804,0.5810082381436702,0.5359896444645296
2026-05-08 12:45:00+03:00,0.7578995695378586,0.9268363270333999,0.336257832529424,0.052675868028003836,0.5266358491232308,0.4302630492052647
2026-05-08 12:50:00+03:00,0.7951272797643426,1.029992936973759,0.12023614013046988,-0.5761947532627364,0.5643023999260413,0.5032199992909309
2026-05-08 12:55:00+03:00,0.708852493849956,0.8061765935870933,0.1863715000156608,-0.32831271362336273,0.5542507526111333,0.4836455123264806
2026-05-08 13:00:00+03:00,0.7268048680905635,0.8487295797223566,0.22623225443443148,-0.21117059457526743,0.5327633976464248,0.4420694501790033
2026-05-08 13:05:00+03:00,0.7879246018980307,1.0090401465723804,0.25285069802332394,-0.1409753661275702,0.5248255934231304,0.4267782136982116
2026-05-08 13:10:00+03:00,0.7821976117479142,0.992748732546605,0.265528867108109,-0.10927758655684147,0.5238568606952396,0.4249138749718792
2026-05-08 13:15:00+03:00,0.7141641800537191,0.818597654455028,0.2082969345577214,-0.26181514770646513,0.4789517845224346,0.3386396109111454
2026-05-08 13:20:00+03:00,0.7423067145916602,0.8868985637828508,0.25683769599061756,-0.13089766972373684,0.46214291559745785,0.3062519277840014
2026-05-08 13:25:00+03:00,0.7482803533832182,0.9020034442535348,0.3002606964478317,-0.027021892027613653,0.4393818239555932,0.2621158134610066
2026-05-08 13:30:00+03:00,0.6498444176116803,0.6758781250165115,0.24160380570099593,-0.16998624786531408,0.3929665958401434,0.1703479268358606
2026-05-08 13:35:00+03:00,0.6670763487603114,0.7126624328298143,0.22426103778943263,-0.21659241323886114,0.3890944782560396,0.16254288367532532
2026-05-08 13:40:00+03:00,0.6244320222115675,0.6231023034899547,0.31243307820299887,0.00047559697860045935,0.34567719968339133,0.07279702046284064
2026-05-08 13:45:00+03:00,0.5488438529058026,0.4731529007024813,0.326361436697644,0.031233518240445818,0.3259117290726679,0.03025134265402467
2026-05-08 13:50:00+03:00,0.5692779086017805,0.5129463743942242,0.3150516947752976,0.0063133224078947,0.34678376656935267,0.07514350775756844
2026-05-08 13:55:00+03:00,0.5709949983223985,0.5163092767675547,0.2301777550142973,-0.2004179873297941,0.4005932296625644,0.18564287510228725
2026-05-08 14:00:00+03:00,0.385505917460937,0.1552842068295904,0.3890433007832202,0.16243953847332734,0.33380362222412385,0.04738828448111849
2026-05-08 14:05:00+03:00,0.29767691291119514,-0.032939213688186926,0.4492240150108577,0.28125042506325976,0.320193251956578,0.017699975353499386
2026-05-08 14:10:00+03:00,0.2628824682810895,-0.11581174635324785,0.35475822560418596,0.09195181314936952,0.33838762970743286,0.057249085733354306
2026-05-08 14:15:00+03:00,0.2641104297587137,-0.1127745982901152,0.2668883784412963,-0.1059370281939,0.3476127504732172,0.07689907568831034
2026-05-08 14:20:00+03:00,0.3273824323277023,0.033460819921202554,0.1455479742672472,-0.47048161802085586,0.3506879004477652,0.08339446962539164
2026-05-08 14:25:00+03:00,0.2952134027867705,-0.03860870576226211,0.16076417568096413,-0.41413037227535054,0.35094049346485573,0.08392682961606489
2026-05-08 14:30:00+03:00,0.27368839561112995,-0.08938774607840176,0.15979613413028354,-0.41758269329803543,0.3384182649726975,0.05731476437694344
2026-05-08 14:35:00+03:00,0.2674487804971471,-0.10456317411465686,0.17317784569811615,-0.3712757844349048,0.32383016810114357,0.02569598157671238
2026-05-08 14:40:00+03:00,0.2283091744231724,-0.20549408283437856,0.23404023503429233,-0.19001608356944732,0.23292065190086872,-0.1930187942052666
2026-05-08 14:45:00+03:00,0.2212866752070151,-0.22483792558453636,0.17860947119657702,-0.3532889254661029,0.2296285848841977,-0.20190682381838862
2026-05-08 14:50:00+03:00,0.1171452065042131,-0.590378685032393,0.16349038765835072,-0.4044973107179708,0.20230706586198532,-0.2794380379750826
2026-05-08 14:55:00+03:00,0.11240324364527948,-0.6127836760108136,0.18251220186346695,-0.3406277933962229,0.17991481193815795,-0.34903036649276376
2026-05-08 15:00:00+03:00,0.1374550494953682,-0.5024659468831808,0.1980686049019138,-0.29214453697929144,0.17907701913156415,-0.3517608036871362
2026-05-08 15:05:00+03:00,0.1122064885697234,-0.6137309897977787,0.1420882845681186,-0.4839683190810964,0.1709859825888187,-0.3786603672020813
2026-05-08 15:10:00+03:00,0.10895567101640033,-0.6295968458244336,0.2076247864353085,-0.2637738447780148,0.1724195199909849,-0.3738222332081883
2026-05-08 15:15:00+03:00,0.06263454766080699,-0.9196550088518378,0.16717752977146888,-0.39167222024441456,0.14396143051964108,-0.4766328575786269
2026-05-08 15:20:00+03:00,0.09594522649893328,-0.6975916393704445,0.2503675412238597,-0.14730505328838145,0.1443603370287133,-0.47508096369525993
2026-05-08 15:25:00+03:00,0.08139371832433112,-0.7842040197481334,0.17734135466436593,-0.3574494309772086,0.1552356439555437,-0.43407879757707013
2026-05-08 15:30:00+03:00,0.0432449348662882,-1.1072875709635648,0.12474953008717887,-0.5560382604190631,0.14341284854882105,-0.4787728973624251
2026-05-08 15:35:00+03:00,0.07930826707813417,-0.7977509019288184,0.14933997942261462,-0.45600158007491465,0.13964550513504903,-0.49365677302683103
2026-05-08 15:40:00+03:00,0.05450076714146454,-0.9905694070088598,0.07921132284078522,-0.7983885223601321,0.13630580395875896,-0.507135044449137
2026-05-08 15:45:00+03:00,0.08330347777784622,-0.7720731251198377,0.06960061876993856,-0.8654568246059376,0.14412579808514014,-0.475992974323591
2026-05-08 15:50:00+03:00,0.04025342678979043,-1.1431939346943316,0.0499035892253887,-1.0351949494200547,0.12361322472488455,-0.5610531029216973
2026-05-08 15:55:00+03:00,0.04917642319703499,-1.0426077330542536,0.03726668877875408,-1.1816901334732048,0.13743543700814143,-0.502545351638897
2026-05-08 16:00:00+03:00,0.04625712516882283,-1.073453851329705,0.05304151608921352,-1.004336429593894,0.21320301600769245,-0.24765725486523704
2026-05-08 16:05:00+03:00,0.050181788463549835,-1.0323860091708543,0.048687481357987006,-1.0476507070943637,0.21652411403192662,-0.23820770890379198
2026-05-08 16:10:00+03:00,0.07027367314536656,-0.8604901776016048,0.07715564466402156,-0.812079956133026,0.2187079760001835,-0.23205101619075028
2026-05-08 16:15:00+03:00,0.09215474834383511,-0.7189473769584316,0.07721962317599787,-0.811648831088473,0.2358398909053807,-0.18521024889596935
2026-05-08 16:20:00+03:00,0.06765935495218901,-0.8800350816652822,0.06469830283719821,-0.9030368477967408,0.220669065869574,-0.22655997546948503
2026-05-08 16:25:00+03:00,0.042831102777113564,-1.1121104974144644,0.052791762620812026,-1.0067284344585414,0.21840024900665927,-0.2329158606085608
2026-05-08 16:30:00+03:00,0.030274889253279317,-1.284895886682682,0.04850021638345883,-1.0495949030799099,0.21802319435452536,-0.23397674335841623
2026-05-08 16:35:00+03:00,0.02117990319371232,-1.460859946882163,0.07876649063450472,-0.8013234442348155,0.2188899341849945,-0.23154004809405002
2026-05-08 16:40:00+03:00,0.011509810684499215,-1.7583006545060689,0.0871879082114091,-0.7481592762302286,0.23828209581974458,-0.17872889958688024
2026-05-08 16:45:00+03:00,0.019885563588203592,-1.491761670163576,0.12241133678272106,-0.5664006579491704,0.23466848532662554,-0.18833549161184363
2026-05-08 16:50:00+03:00,0.013629207723497506,-1.6761451121339759,0.10849898347161772,-0.6318588878157485,0.24037616025260256,-0.17320774258253038
2026-05-08 16:55:00+03:00,0.08439362220198555,-0.7652614010802705,0.18626577178998782,-0.3286474558623223,0.24852784140765696,-0.15202153626301734
2026-05-08 17:00:00+03:00,0.1050147561990946,-0.649397922434888,0.19961310975981478,-0.2874908532679208,0.2524277678845373,-0.1420505131394325
2026-05-08 17:05:00+03:00,0.04310808426489704,-1.1088775739025436,0.14214423989316471,-0.4837480267167513,0.23842988132172357,-0.17833816309691675
2026-05-08 17:10:00+03:00,0.03190470755635501,-1.2589203586957505,0.12749612882241892,-0.5440764644679676,0.24442453274776343,-0.16262628272112026
2026-05-08 17:15:00+03:00,0.04536438371788174,-1.0832570337332652,0.1688144241468526,-0.3860510147884416,0.2555247781147983,-0.1342048211299406
2026-05-08 17:20:00+03:00,0.047597374148317696,-1.0590694198942008,0.15551722823314407,-0.4330489086655085,0.2573696433227135,-0.12956088185761608
2026-05-08 17:25:00+03:00,0.07672864100719018,-0.8149657788747687,0.14365947851531546,-0.477809942788859,0.307960129202689,-0.009558249944334471
2026-05-08 17:30:00+03:00,0.0941057542561836,-0.7078590111659041,0.11558366689487298,-0.597668148227041,0.3058400178104799,-0.014342318162673182
2026-05-08 17:35:00+03:00,0.07832334010198291,-0.8042623815238257,0.11893603255390411,-0.5821219008681028,0.29318100999287616,-0.04330675176110682
2026-05-08 17:40:00+03:00,0.11720866868390903,-0.5900842229298533,0.09484807590433521,-0.703694163229611,0.28435570833069196,-0.06393321501202347
2026-05-08 17:45:00+03:00,0.11555602106387729,-0.5977979712776064,0.1330586277781066,-0.5205092647434937,0.28978468769472926,-0.051200431010780756
2026-05-08 17:50:00+03:00,0.2407184514439314,-0.17230840077149615,0.12687681162965608,-0.5467542866319647,0.28312798334053096,-0.06683282021916419
2026-05-08 17:55:00+03:00,0.23816110197781207,-0.17904892444433904,0.14018632983772,-0.49149962881163456,0.29779667486327727,-0.032664287141671126
2026-05-11 09:55:00+03:00,0.38041332840399195,0.1449397621018429,0.07796452356105064,-0.8066531912259255,0.417210410495843,0.21864606675192463
2026-05-11 10:00:00+03:00,0.3247154545783639,0.027635225015930263,0.2478285947137787,-0.15382033389764116,0.39702896647346786,0.17850738104447372
2026-05-11 10:05:00+03:00,0.3179136696695043,0.012663689029004666,0.2340431794284997,-0.19000819991095386,0.8167785104686205,1.0964995317247799
2026-05-11 10:10:00+03:00,0.4740564226587204,0.329219877550896,0.07400629123975108,-0.8337185199438687,0.7881827677884986,1.009782050138534
2026-05-11 10:15:00+03:00,0.36455811616723177,0.11237718195168887,0.06654607501845888,-0.8885713878706216,0.7629207673128677,0.9400655313564137
2026-05-11 10:20:00+03:00,0.5210931920497948,0.41959700926777077,0.10893288300543925,-0.6297095207719586,0.8442105167315108,1.1902047005600473
2026-05-11 10:25:00+03:00,0.3582280738544617,0.099211851725418,0.07464467870272012,-0.8292648196151767,0.8324712242676837,1.1486124409765568
2026-05-11 10:30:00+03:00,0.4010876261555331,0.18663095402142219,0.09687366238494408,-0.6924760706855307,0.7584057945667011,0.9281615105191818
2026-05-11 10:35:00+03:00,0.32273328992369305,0.023289403950522116,0.11497711348524507,-0.6005227075565112,0.7571369812361233,0.924843596752595
2026-05-11 10:40:00+03:00,0.3396611697429085,0.05997697558445115,0.10023781357437174,-0.6742990371609523,0.8675522097336993,1.281206026141416
2026-05-11 10:45:00+03:00,0.3594558759260158,0.10177332948134736,0.09654409568784753,-0.6942869096775055,0.3536854395247674,0.08970076427832256
2026-05-11 10:50:00+03:00,0.38005868326826575,0.14421741708892238,0.11270654274645867,-0.6113262191598469,0.32297448050218813,0.02381894810055956
2026-05-11 10:55:00+03:00,0.4492112480751676,0.28122565768276414,0.13823335135652934,-0.49932250783571064,0.3192413354617517,0.015599228301670175
2026-05-11 11:00:00+03:00,0.24037131427718092,-0.17322048126312523,0.23536868910795614,-0.1864660933315554,0.3609278853179606,0.10483922675439487
2026-05-11 11:05:00+03:00,0.23657451248854813,-0.18325579471461517,0.33887951931094557,0.05830329242895821,0.3524468537975718,0.08709796499269168
2026-05-11 11:10:00+03:00,0.263433853667946,-0.11444686631472795,0.3016533193234358,-0.02384460835283933,0.39965648589154507,0.1837696291713904
2026-05-11 11:15:00+03:00,0.2369498366015637,-0.1822588649532719,0.31313686340978425,0.002047160624937247,0.4394718332518398,0.2622912009935371
2026-05-11 11:20:00+03:00,0.3251356517635425,0.028554716849512773,0.15254797866052647,-0.44398651014598944,0.4663550991685785,0.3143807230395063
2026-05-11 11:25:00+03:00,0.27680741093303485,-0.08188296912348161,0.31048948878613775,-0.0038745444794177353,0.4312818633162162,0.24629933766919634
2026-05-11 11:30:00+03:00,0.29357480436926514,-0.04239498203143082,0.22971486175430342,-0.201672756249151,0.48120122983717867,0.34296531204959213
2026-05-11 11:35:00+03:00,0.2449030855991052,-0.1613833425683806,0.21059342898041256,-0.25515786862892426,0.403468457159128,0.19138358668547764
2026-05-11 11:40:00+03:00,0.2586139055173232,-0.12644107142609795,0.18040137288764532,-0.34744917740512643,0.3634591764561081,0.11009872181995377
2026-05-11 11:45:00+03:00,0.29601205988901785,-0.0367676957332189,0.1616634256293856,-0.41093840736724585,0.3703960398072122,0.12443278740004651
2026-05-11 11:50:00+03:00,0.3079810805167308,-0.009511064539351495,0.16113114158369943,-0.41282605759186874,0.3653664097285913,0.11405116858986371
2026-05-11 11:55:00+03:00,0.27282007984956363,-0.09148648674866929,0.13844724711263623,-0.4984612206642999,0.36608151877541095,0.11553085908289983
2026-05-11 12:00:00+03:00,0.31049581921074343,-0.0038603515238852734,0.0759964673210299,-0.8199484869305869,0.37198727282726396,0.12770504898321283
2026-05-11 12:05:00+03:00,0.29269173131623594,-0.04444059965905409,0.11364119292871776,-0.6068563287413044,0.39297889667961894,0.1703726779274647
2026-05-11 12:10:00+03:00,0.3538327430877562,0.09001003686639955,0.16454013175239507,-0.40082252253612094,0.4063323138226541,0.19708844763940075
2026-05-11 12:15:00+03:00,0.35044056239244664,0.0828730139757349,0.1444525589873653,-0.4747226936536464,0.40800364495367974,0.2004118883827236
2026-05-11 12:20:00+03:00,0.3157624863265714,0.007893364928710117,0.13853979864876076,-0.4980888925214356,0.4197352936690772,0.2236261348926239
2026-05-11 12:25:00+03:00,0.31236606412056084,0.0003258528726197659,0.059350926475359535,-0.9471804798125258,0.41028732216739655,0.20494615980259756
2026-05-11 12:30:00+03:00,0.25242613689688703,-0.14205466164370506,0.1520433320567894,-0.44586273981361424,0.37917390106425813,0.14241414388133222
2026-05-11 12:35:00+03:00,0.28316811367295863,-0.06673792158941853,0.19465055535746337,-0.3025414319547071,0.44199650808613766,0.2672075381695811
2026-05-11 12:40:00+03:00,0.26763172430352444,-0.10411507399813921,0.14263067401077362,-0.4818360096587748,0.45331690241643285,0.28918397066216356
2026-05-11 12:45:00+03:00,0.2945582533071293,-0.0401210735517956,0.17265065203961213,-0.3730451573108359,0.4163374586628607,0.21692228149934542
2026-05-11 12:50:00+03:00,0.35577272484700273,0.09407773965285285,0.18517092326138465,-0.3321224641419772,0.37379189196507595,0.1314092296834937
2026-05-11 12:55:00+03:00,0.323566066003276,0.025116924561041393,0.18476648849566035,-0.3334101392774136,0.36421101021854246,0.1116578358348822
2026-05-11 13:00:00+03:00,0.31368908890302294,0.0032789436076361795,0.30646964446311714,-0.012919629856614379,0.3712651089898861,0.1262206806521985
2026-05-11 13:05:00+03:00,0.3033358161994752,-0.020017064586764707,0.25209407026585495,-0.14289966102302254,0.3433943292766803,0.06794492464118729
2026-05-11 13:10:00+03:00,0.36025615694573193,0.10344083179053865,0.21647158192232752,-0.2383563576650196,0.34959911981066766,0.08109775339994316
2026-05-11 13:15:00+03:00,0.3122311052357553,2.4231730425149393e-05,0.1942271845740453,-0.30383881931342727,0.3451275448524532,0.07163015548967507
2026-05-11 13:20:00+03:00,0.23661176366418007,-0.183156799999852,0.2646234519022059,-0.11150841067706113,0.2989785289275667,-0.029954616652203434
2026-05-11 13:25:00+03:00,0.2002532728945948,-0.2855699299051729,0.22753822169420124,-0.207596934318037,0.29029910248398366,-0.05000134508612985
2026-05-11 13:30:00+03:00,0.23858145720889887,-0.17793757782513192,0.14513343838387244,-0.47208343290742005,0.27026502629339205,-0.09768647129312528
2026-05-11 13:35:00+03:00,0.17043034035628604,-0.38054429441925697,0.3362300733981657,0.052616168193714626,0.26709082252351574,-0.10544051493678636
2026-05-11 13:40:00+03:00,0.19974996466757286,-0.28707980779328696,0.3556467416383417,0.09381388450147382,0.27077418435853995,-0.09644804380056991
2026-05-11 13:45:00+03:00,0.20496585413194013,-0.27156844862140034,0.1455137323240111,-0.47061378932388187,0.27175690069592784,-0.09406190978283505
2026-05-11 13:50:00+03:00,0.1559343250320603,-0.43152617738132476,0.4160209713862819,0.21629707057050496,0.25782437169275746,-0.12841957654581038
2026-05-11 13:55:00+03:00,0.16048215018091516,-0.41513441812781676,0.29994404055271295,-0.027745517572449058,0.26227277370464896,-0.1173231090125302
2026-05-11 14:00:00+03:00,0.1693875899260466,-0.3840929980360141,0.629727549014239,0.6339717195083983,0.516512726585154,0.41079022196192516
2026-05-11 14:05:00+03:00,0.31381642282465355,0.0035628049060840473,0.2414950516586509,-0.17027118059925872,0.47418092864730127,0.32945956520288816
2026-05-11 14:10:00+03:00,0.2507797680580368,-0.14625138914739047,0.2668473897285585,-0.10603758603744326,0.4823405275554087,0.3451556205376285
2026-05-11 14:15:00+03:00,0.2632754218812524,-0.11483885463650982,0.25761454996869393,-0.1289460365822901,0.4802554788160088,0.34114681403904
2026-05-11 14:20:00+03:00,0.3046293263050638,-0.017082580562199107,0.4288677272504186,0.2415718430130596,0.4943298854483077,0.36818824618466883
2026-05-11 14:25:00+03:00,0.3138707344334719,0.003683860961271752,0.37157477382490883,0.12685732417021098,0.4698348715422921,0.32108905862013853
2026-05-11 14:30:00+03:00,0.32044889820967865,0.018263587521086998,0.4074905747969316,0.19939210261294948,0.47744860967033437,0.33574808959280267
2026-05-11 14:35:00+03:00,0.22634945501003864,-0.21084929122971144,0.38849785301826434,0.16133778149822792,0.4798171664716752,0.34030393189877345
2026-05-11 14:40:00+03:00,0.24306256142103563,-0.1661727573379685,0.389147168731655,0.1626492790024198,0.4811594697787024,0.34288502102005963
2026-05-11 14:45:00+03:00,0.23384980313786902,-0.19052611412584192,0.47182788701604045,0.32492862341988804,0.48574763745405347,0.35170379959908504
2026-05-11 14:50:00+03:00,0.2610334547835855,-0.12040223585140818,0.4665643058870054,0.31478420535508067,0.49958036815760004,0.37826938395804627
2026-05-11 14:55:00+03:00,0.4040578342167183,0.19255869533425968,0.4683516520384863,0.3182304246609934,0.5526558658282408,0.4805480030672436
2026-05-11 15:00:00+03:00,0.26167756340289,-0.1188007526529663,0.38196128837028565,0.14808963307242418,0.5374102392298176,0.45103537693628865
2026-05-11 15:05:00+03:00,0.2007289689178038,-0.2841454986993088,0.34652810551375984,0.07460168875812145,0.5518448715849097,0.47897374165976464
2026-05-11 15:10:00+03:00,0.24794133324312198,-0.15353008662737472,0.3147956233462166,0.005743621235368784,0.5586158974896829,0.4921345759127566
2026-05-11 15:15:00+03:00,0.44923764470028943,0.28127686601069896,0.2441582287866214,-0.1633186640829164,0.565042488550968,0.5046651105691398
2026-05-11 15:20:00+03:00,0.45039169872670587,0.2835151436181125,0.32679507928675827,0.03217994672568045,0.5656863089596953,0.5059227069506105
2026-05-11 15:25:00+03:00,0.41386255286973916,0.21202950288391278,0.2972176169958604,-0.033994168768718136,0.5639621937494572,0.5025558942347488
2026-05-11 15:30:00+03:00,0.44868615661963224,0.2802068869225922,0.446599425583407,0.27615604078249045,0.5985565153375584,0.5708082057406173
2026-05-11 15:35:00+03:00,0.5223320804254611,0.4219801098232488,0.3431835020037037,0.06749605224135771,0.5547019088872204,0.48452211636948195
2026-05-11 15:40:00+03:00,0.36059738727604856,0.10415134238940757,0.3764268230517145,0.13680481951335383,0.3418941442846095,0.0647480054468113
2026-05-11 15:45:00+03:00,0.6078259951412045,0.5893975737283313,0.45891470403216733,0.300015028758196,0.41059152766454765,0.2055495799374051
2026-05-11 15:50:00+03:00,0.6726414370304894,0.7247413240042146,0.6421451930367942,0.6597177500051256,0.426978454084731,0.23786754928205686
2026-05-11 15:55:00+03:00,0.5269585815145523,0.43088446464183755,0.5995093263587689,0.5727122531253547,0.4024469075612564,0.18934548751296995
2026-05-11 16:00:00+03:00,0.3532632157247202,0.0888139568431152,0.5715962001152625,0.5174875112614119,0.37524591566023957,0.13438852939539825
2026-05-11 16:05:00+03:00,0.3018650052973329,-0.023362375700075967,0.37822266806853283,0.1404736091583298,0.36077018592238824,0.10451103227997534
2026-05-11 16:10:00+03:00,0.28748846125651456,-0.05656832321063077,0.32452739424956595,0.02722350406258575,0.36077018592238824,0.10451103227997534
2026-05-11 16:15:00+03:00,0.3494571216227332,0.08079797358509729,0.3322675477995144,0.044068959608528815,0.3709991098306075,0.125673636278362
2026-05-11 16:20:00+03:00,0.32916294569054877,0.037336505220792605,0.35707281272745084,0.09679816736417236,0.30666823287786793,-0.012471243172126245
2026-05-11 16:25:00+03:00,0.3771084304609093,0.13819810796455642,0.27687986125188374,-0.08170926754129798,0.2793223575909959,-0.0758696126171331
2026-05-11 16:30:00+03:00,0.25198687307301826,-0.14317259981396654,0.270427372900643,-0.09729143559991846,0.26659969610446077,-0.10664546342315381
2026-05-11 16:35:00+03:00,0.3167989478266472,0.01019392274306619,0.6964349788192297,0.7776466857573432,0.25162254219255925,-0.14410081240241993
2026-05-11 16:40:00+03:00,0.26697326226527973,-0.10572881344704209,0.4140686953387697,0.21243736215475884,0.23532919573586653,-0.1865714298358102
2026-05-11 16:45:00+03:00,0.4009230201584628,0.18630202455065575,0.3714753070661756,0.1266528529787716,0.23352059348197826,-0.19140851195431907
2026-05-11 16:50:00+03:00,0.41567018329035194,0.21560393954349522,0.7172195276398325,0.8258050549280485,0.24502348625155135,-0.1610708857497047
2026-05-11 16:55:00+03:00,0.28343751754022756,-0.06610105643141728,0.554868738441474,0.48484631321601096,0.24006082244296717,-0.17403704163501452
2026-05-11 17:00:00+03:00,0.26368559883393644,-0.11382431548648234,0.6483022839068747,0.6726284296231639,0.23931807759078125,-0.17599331803496499
2026-05-11 17:05:00+03:00,0.29404172289084574,-0.041314830311579676,0.6524799038797595,0.6814471580591651,0.2399915693338523,-0.17421926843205657
2026-05-11 17:10:00+03:00,0.29937795008364865,-0.029040242878555944,0.7242194236141324,0.8424979723818924,0.23822209799105984,-0.17888757796935933
2026-05-11 17:15:00+03:00,0.2834990169289471,-0.06595572446454702,0.7826108450572417,0.9939137810688651,0.23694299664218874,-0.1822770233946934
2026-05-11 17:20:00+03:00,0.32546390924280266,0.02927259422190141,0.8006990259789543,1.0465792628115824,0.23958447177173378,-0.17529119891239503
2026-05-11 17:25:00+03:00,0.31717131741275456,0.011019457604074332,0.8983723079219681,1.4250974310145699,0.24831929881973866,-0.15255765261818116
2026-05-11 17:30:00+03:00,0.2564446939349514,-0.13188645105332691,0.7342918080037937,0.8669864441704046,0.24301260497835073,-0.16630309621648326
2026-05-11 17:35:00+03:00,0.2113608015527654,-0.2529452226317736,0.7162843592139029,0.823594076292854,0.24016381170770873,-0.1737661108548946
2026-05-11 17:40:00+03:00,0.3172787163679698,0.011257462153538263,0.8638381899290123,1.2658725031038742,0.23977518328151054,-0.17478888043459917
2026-05-11 17:45:00+03:00,0.3370548739709639,0.054388980569890936,0.8931595406807976,1.3982949167732288,0.23668522963675104,-0.18296159625352285
2026-05-11 17:50:00+03:00,0.237836155790536,-0.17990895032193926,0.9162677632751248,1.527534547504005,0.2527937037364738,-0.14112018407468374
2026-05-11 17:55:00+03:00,0.32849687134183764,0.035887903016891584,0.8664751524318389,1.2767223091955224,0.2500478953813553,-0.1481228731740807
2026-05-12 09:55:00+03:00,0.23726884951385663,-0.18141236375294975,0.45754592208057093,0.29736856310418386,0.23326492889267492,-0.19209437996129675
2026-05-12 10:00:00+03:00,0.35889034262808245,0.10059397615869495,0.9014202663475759,1.4413389580606262,0.27282034690166107,-0.09148584063656219
2026-05-12 10:05:00+03:00,0.25704174651160255,-0.13038467528241887,0.8308070228904001,1.1429073446599616,0.25341259365670843,-0.13954878812573943
2026-05-12 10:10:00+03:00,0.11823526592720077,-0.5853399487595301,0.2330905027408696,-0.19256261086586768,0.19604639230562845,-0.2982790872945565
2026-05-12 10:15:00+03:00,0.216824277231104,-0.23735884492841514,0.6645163411167367,0.7071401266620654,0.24797011125234655,-0.15345601132552247
2026-05-12 10:20:00+03:00,0.24854763668024105,-0.15197066269511883,0.7060469554165938,0.7996700120125099,0.24746876776177368,-0.15474730729710903
2026-05-12 10:25:00+03:00,0.17411543270244603,-0.3681395356401528,0.5237698538726101,0.4247464463275475,0.24096102879689935,-0.1716715775459937
2026-05-12 10:30:00+03:00,0.11873780150281042,-0.5830305460559692,0.2223565607377784,-0.22186293783113115,0.19250173021358072,-0.30914866693581333
2026-05-12 10:35:00+03:00,0.14816590399683927,-0.46045206125423277,0.10689603501662134,-0.6398653229169229,0.193921655125948,-0.30477642480017236
2026-05-12 10:40:00+03:00,0.1886183868363498,-0.321233254671392,0.07417221943292497,-0.8325575359640924,0.19270841711982678,-0.3085107127550203
2026-05-12 10:45:00+03:00,0.20449838530900746,-0.2729465577432153,0.07251785379052449,-0.8442414947534395,0.19282488702062445,-0.30815144938025146
2026-05-12 10:50:00+03:00,0.1596100551233262,-0.4182482446252393,0.15943258369293667,-0.4188835949865146,0.18499331917963246,-0.3326876676961574
2026-05-12 10:55:00+03:00,0.18532622335970816,-0.33162858352902425,0.19883025763286227,-0.2898462361138799,0.18589280018335588,-0.3298294790258441
2026-05-12 11:00:00+03:00,0.16607209766964232,-0.3954932761929761,0.20797205095528398,-0.26276130339908393,0.1875812893154789,-0.32449281992107587
2026-05-12 11:05:00+03:00,0.20798555812410838,-0.26272194488671713,0.24231746166169535,-0.16811865201962578,0.21636756443291716,-0.2386507703290665
2026-05-12 11:10:00+03:00,0.1881757317222537,-0.3226228173692195,0.12302973360050198,-0.5636436178752308,0.19392174113539737,-0.3047761606975221
2026-05-12 11:15:00+03:00,0.20765574902086792,-0.2636835144739842,0.25583012390374904,-0.13343468304724834,0.22237300818374683,-0.22181728299718956
2026-05-12 11:20:00+03:00,0.22070839144097,-0.22645022303546605,0.2821162633869921,-0.06922799253124368,0.22829025869279457,-0.20554561748208555
2026-05-12 11:25:00+03:00,0.2544548689457023,-0.136908110758038,0.2926023103806449,-0.04464794254835952,0.23074364740985315,-0.1988864182973704
2026-05-12 11:30:00+03:00,0.30247812502785987,-0.021966735800271843,0.3466478939271459,0.0748555780687708,0.2460251650158164,-0.15847539553116757
2026-05-12 11:35:00+03:00,0.3183289298631645,0.01358255190193087,0.40044894352475247,0.18535443506472649,0.24590249121714686,-0.15879287717880478
2026-05-12 11:40:00+03:00,0.25014769567790174,-0.14786745748495958,0.29161381201005,-0.046942484440668925,0.24227534876091095,-0.1682287549981796
2026-05-12 11:45:00+03:00,0.3048109182364128,-0.016671178948096905,0.4006238640747261,0.18570411141372753,0.24632058823461594,-0.1577112731251786
2026-05-12 11:50:00+03:00,0.2207168070850498,-0.22642673791414447,0.2976502186815727,-0.033000501870639465,0.22584090121482997,-0.21224433688346495
2026-05-12 11:55:00+03:00,0.3196305323691388,0.016458532365639968,0.4356389592645809,0.25481563175304,0.2422339033393138,-0.16833712558332067
2026-05-12 12:00:00+03:00,0.14279990621826325,-0.4811720866662836,0.26976779369320464,-0.0988973110189415,0.2148399583879861,-0.2429863903757713
2026-05-12 12:05:00+03:00,0.12404970054733339,-0.5591221478947623,0.2089472250448946,-0.25992457356733095,0.19993114649572805,-0.28653595078926936
2026-05-12 12:10:00+03:00,0.21524049791622554,-0.2418474300441078,0.32653357189639,0.03160928219595159,0.21438213638578701,-0.2442901278787371
2026-05-12 12:15:00+03:00,0.17757180662173883,-0.35669162201152926,0.3464628885141962,0.07446344521237966,0.21288100835239743,-0.24857914610480658
2026-05-12 12:20:00+03:00,0.40280084344120143,0.19005181719245398,0.36992232097259115,0.1234575022826056,0.23319394463285614,-0.19228490124276695
2026-05-12 12:25:00+03:00,0.3039176946260174,-0.018696132563062354,0.3355912870783762,0.051241697054250045,0.23014502396735892,-0.2005066535032682
2026-05-12 12:30:00+03:00,0.2971206172865327,-0.03421708729008702,0.396215804305316,0.17687642936053427,0.23027687017202514,-0.2001495450191635
2026-05-12 12:35:00+03:00,0.31538247036050526,0.007048853510016484,0.36948816944443813,0.12256322480122343,0.23098592296512346,-0.19823151154475407
2026-05-12 12:40:00+03:00,0.25918017463688064,-0.12502447021770627,0.2596939230733605,-0.12374099681198583,0.22842600706017158,-0.2051758467041416
2026-05-12 12:45:00+03:00,0.24409669015700852,-0.1634787351539768,0.2939543199828476,-0.041516948681651705,0.22576114111608087,-0.21246333350708727
2026-05-12 12:50:00+03:00,0.2555394047843736,-0.1341679162116649,0.4108013669203532,0.2059657367110167,0.23088304745212257,-0.19850954055879544
2026-05-12 12:55:00+03:00,0.3518996225847406,0.08594667184655057,0.49664132331928024,0.3726264641060011,0.25276700448932166,-0.14118803216753645
2026-05-12 13:00:00+03:00,0.30818174896209083,-0.00905922021654059,0.47456009543090694,0.3301894648073398,0.2480015154371552,-0.1533751827578201
2026-05-12 13:05:00+03:00,0.26871360670909694,-0.10146908762529504,0.3731082035981046,0.1300067380139404,0.23128565481705227,-0.19742195659770087
2026-05-12 13:10:00+03:00,0.2710490136209381,-0.09578018378929583,0.3550945871462615,0.0926569753292211,0.23048243515892192,-0.1995930532621632
2026-05-12 13:15:00+03:00,0.2308561450756428,-0.1985822606059773,0.2558154627070015,-0.133471647480319,0.22840480900315369,-0.2052335788023473
2026-05-12 13:20:00+03:00,0.2002112644392722,-0.28569584244860874,0.2560387972150208,-0.13290871762054823,0.20986877940477794,-0.25725276053950563
2026-05-12 13:25:00+03:00,0.2129617685266464,-0.24834783841050345,0.1782050345629399,-0.3546133028838208,0.215992867137579,-0.23971216940804685
2026-05-12 13:30:00+03:00,0.28448699771413766,-0.06362358698005685,0.4419444478969441,0.26710622042012533,0.19539350616066128,-0.30026987806349426
2026-05-12 13:35:00+03:00,0.30384221205468637,-0.01886740628067449,0.3990200458072188,0.1824960764412425,0.18977633309799807,-0.31761007792509244
2026-05-12 13:40:00+03:00,0.20274741676230051,-0.278129368562164,0.3992334426025757,0.18292317138080688,0.18581164904193836,-0.3300869058876284
2026-05-12 13:45:00+03:00,0.1533622151856976,-0.44096995481813184,0.30130204284893314,-0.02464526050933505,0.17448272136744913,-0.366914580933997
2026-05-12 13:50:00+03:00,0.2201352323345208,-0.2280512231867232,0.3440286453124599,0.06929465545207873,0.18179354565205824,-0.342943287708062
2026-05-12 13:55:00+03:00,0.16393842013561585,-0.4029265919048597,0.23104539263560667,-0.19807082968527762,0.1780309856177997,-0.35518397197955415
2026-05-12 14:00:00+03:00,0.14597459088149004,-0.4688370689878258,0.27012911732327194,-0.09801729156728614,0.1725374357033618,-0.3734256925591447
2026-05-12 14:05:00+03:00,0.2004746245223669,-0.2849067963008368,0.44049449529535384,0.26428336636207184,0.21959281125093474,-0.22956912084526176
2026-05-12 14:10:00+03:00,0.17841078892568962,-0.35393924126060156,0.25945329020344526,-0.1243419529570298,0.2227726680963209,-0.22070864684534253
2026-05-12 14:15:00+03:00,0.16329808504125767,-0.4051725502809792,0.3097820625554683,-0.005461614319235988,0.2227726680963209,-0.22070864684534253
2026-05-12 14:20:00+03:00,0.1424914249165721,-0.4823827971176728,0.32942100339192426,0.03789733674897694,0.21933909565720103,-0.23028003705983274
2026-05-12 14:25:00+03:00,0.1656604399914063,-0.39692142307810546,0.3401353050133283,0.06099129033119288,0.2181560129135368,-0.23360289364465195
2026-05-12 14:30:00+03:00,0.16666202329996682,-0.39345160563463244,0.48771371499148236,0.35548123811267074,0.2222929126821056,-0.22203963488177383
2026-05-12 14:35:00+03:00,0.16238473496042702,-0.4083884009085051,0.3289606150522822,0.03689662755160174,0.22495229919715812,-0.21468726793644766
2026-05-12 14:40:00+03:00,0.20823485689993332,-0.2619958518213545,0.34564414796645143,0.07272687957502312,0.22730527784521531,-0.20823330041091137
2026-05-12 14:45:00+03:00,0.27946586652589916,-0.07552748028247362,0.21505827080923418,-0.24236541377408377,0.22861226908043264,-0.20466873127740468
2026-05-12 14:50:00+03:00,0.31451635205308126,0.005122019923293729,0.24238147849884728,-0.16795130675101239,0.22862507465750817,-0.20463387760352386
2026-05-12 14:55:00+03:00,0.2562328747252126,-0.1324197934870649,0.39237500634013545,0.16915723882944816,0.22862507465750817,-0.20463387760352386
2026-05-12 15:00:00+03:00,0.7184867621717108,0.8288082044941368,0.2763959507374389,-0.08286998879321758,0.50441236934459,0.3875468111741737
2026-05-12 15:05:00+03:00,0.3936212154022081,0.17166473863948167,0.5115798459570943,0.40131177379240146,0.5026682475218524,0.3841980108715446
2026-05-12 15:10:00+03:00,0.44577745146352243,0.2745593965920214,0.4390681712912447,0.2615045850543912,0.528598988937188,0.43404372142386216
2026-05-12 15:15:00+03:00,0.39419571842083406,0.17281975748365477,0.32929807270233513,0.03763020189667553,0.5007670359600184,0.38054772972832374
2026-05-12 15:20:00+03:00,0.5182521047314868,0.4141337877479536,0.44070013543575765,0.2646838379721177,0.523187475145424,0.42362583645333934
2026-05-12 15:25:00+03:00,0.45886408737667767,0.2999171857926121,0.5210400376323812,0.4194947738840721,0.5165906890158866,0.4109400702439882
2026-05-12 15:30:00+03:00,0.24600764722284044,-0.15852072531543224,0.4206791774477662,0.22548570509966703,0.45809926751313257,0.2984385734247391
2026-05-12 15:35:00+03:00,0.23621824939513647,-0.18420310515993635,0.5355504454167886,0.44744554951329873,0.38134842237088695,0.14684312791106546
2026-05-12 15:40:00+03:00,0.24720676008788864,-0.1554228514120257,0.46141988238317505,0.30485558059121565,0.34629850432351605,0.07411493803122461
2026-05-12 15:45:00+03:00,0.30380308301101744,-0.01895620146796481,0.4486586970071286,0.280153604306602,0.3645446932543969,0.11234936959449426
2026-05-12 15:50:00+03:00,0.4342557586825386,0.2521142243524755,0.45845969449358576,0.29913542749790634,0.35156127104301865,0.08523442124507845
2026-05-12 15:55:00+03:00,0.30171484004907273,-0.023704440847757233,0.34023277383983563,0.06119971984598282,0.2763047836870398,-0.08308880513003483
2026-05-12 16:00:00+03:00,0.49456081545342206,0.36863167528955776,0.5995867102267173,0.5728669588000215,0.3848739372537429,0.15400329898907494
2026-05-12 16:05:00+03:00,0.6087599065519992,0.5912788903728556,0.472470454778497,0.3261661621026556,0.364244809238501,0.11172789414473801
2026-05-12 16:10:00+03:00,0.5495276356981901,0.4744785589270891,0.5924854079306193,0.5587102650994429,0.3620163288495004,0.10710273309106436
2026-05-12 16:15:00+03:00,0.29796126109087645,-0.03228656546849612,0.5490141827289683,0.4734830876106373,0.33627505508374583,0.05271290628032581
2026-05-12 16:20:00+03:00,0.2747341749597437,-0.08686557142474154,0.4537271155884717,0.2899784247642322,0.34315997936632897,0.06744596202646247
2026-05-12 16:25:00+03:00,0.3260732747580858,0.030604243954987034,0.47509272792279433,0.33121469215206395,0.31158447845657705,-0.0014219110295471487
2026-05-12 16:30:00+03:00,0.29759209333178016,-0.03313396477997569,0.5730199985888101,0.5202795289066944,0.31134709899179874,-0.001953208215499174
2026-05-12 16:35:00+03:00,0.4929493590713776,0.3655372720712487,0.6659272911110409,0.7101811426262172,0.33951113422735135,0.059655862379205865
2026-05-12 16:40:00+03:00,0.6828387759865336,0.7471530261048995,0.6534801618705071,0.6835659490516923,0.38693997059374974,0.1581878760020614
2026-05-12 16:45:00+03:00,0.4176364175577109,0.21948691422800612,0.5735724297037765,0.521363462907024,0.332829682564283,0.04528457437942172
2026-05-12 16:50:00+03:00,0.35379367221929353,0.0899280109340351,0.45863357546293787,0.29947158106001837,0.3070551341868732,-0.01159813530739207
2026-05-12 16:55:00+03:00,0.16896883427341594,-0.3855230070943656,0.6244806712164886,0.6232018765100443,0.3145485444264652,0.005193688844658147
2026-05-12 17:00:00+03:00,0.22876935151943173,-0.20424128586657428,0.720615612653121,0.8338718311582163,0.36558691632599694,0.114507567475819
2026-05-12 17:05:00+03:00,0.16001560711387097,-0.4167985074588523,0.6080291040489418,0.5898065904417474,0.3727571689634943,0.12928623532203404
2026-05-12 17:10:00+03:00,0.24430202069102772,-0.16294474651914415,0.7255680270819242,0.8457439111943994,0.3606920147215882,0.10434832392665552
2026-05-12 17:15:00+03:00,0.18905588632546422,-0.31986233353545884,0.5728051240450134,0.5198580167924935,0.3756402197677606,0.1351956630141891
2026-05-12 17:20:00+03:00,0.287985785815632,-0.0554035697491309,0.7191766954215237,0.8304466949680995,0.39660139860455007,0.17764995506097417
2026-05-12 17:25:00+03:00,0.2960991294857399,-0.03656716306635204,0.7460471518007239,0.8963292367190951,0.38942897586983577,0.16321822982955667
2026-05-12 17:30:00+03:00,0.208481000240831,-0.2612795773671625,0.44199503843355537,0.2672046780163187,0.3967345685806479,0.17791704223479068
2026-05-12 17:35:00+03:00,0.21647195407435119,-0.23835530450418607,0.4230773249408095,0.2302052553266233,0.397728998079137,0.17991051390649737
2026-05-12 17:40:00+03:00,0.2775952722422388,-0.07999555344044759,0.43812065563681457,0.2596575423494145,0.3988104082722759,0.1820764305840406
2026-05-12 17:45:00+03:00,0.3195874478577488,0.016363433826065425,0.7591069694143219,0.9300001585734906,0.44006356977099814,0.263444036072013
2026-05-12 17:50:00+03:00,0.3062528697383354,-0.013409264006263298,0.8520195608976495,1.219307863931791,0.503776837800402,0.38632653954092133
2026-05-12 17:55:00+03:00,0.3093067481530475,-0.006529076640708724,0.7864798608038285,1.0049004528822092,0.273361609162716,-0.09017710878368076
2026-05-13 09:55:00+03:00,0.25348092911942616,-0.1393754361323354,0.7510757419636596,0.9091533808951321,0.2510906460029245,-0.14545753777451498
2026-05-13 10:00:00+03:00,0.1960147907570487,-0.29837533163925095,0.26333918200138867,-0.11468108257926174,0.21485543729233125,-0.24294234646926152
2026-05-13 10:05:00+03:00,0.39611899124934075,0.17668217585334817,0.22843994086909958,-0.20513790056225722,0.2271169413124013,-0.20874814290613117
2026-05-13 10:10:00+03:00,0.27515245645834574,-0.08585844539357665,0.2200910706665959,-0.22817470360974423,0.2094398653731578,-0.25849521277377285
2026-05-13 10:15:00+03:00,0.14467481165509047,-0.47386005206776216,0.060830448544648454,-0.9346063141216898,0.18720646232762214,-0.32567429812917664
2026-05-13 10:20:00+03:00,0.13796726264440717,-0.5003955219289753,0.09055778676242665,-0.7281816512999154,0.18568460198644826,-0.33049009763996046
2026-05-13 10:25:00+03:00,0.13310067814576468,-0.5203343166665549,0.1353295085288108,-0.5111276047712344,0.18620617483776486,-0.32883620814892767
2026-05-13 10:30:00+03:00,0.14270784533064967,-0.48153317375582927,0.22752992168382669,-0.2076196007464144,0.19453849741286333,-0.30288461647754
2026-05-13 10:35:00+03:00,0.12934632322458706,-0.5361421263696761,0.13738320972940216,-0.5027568498361714,0.1834508503232203,-0.33761412915449496
2026-05-13 10:40:00+03:00,0.11830509792969097,-0.5850185279853781,0.2322037289975877,-0.19494685468743383,0.1922416721146547,-0.30995209676612445
2026-05-13 10:45:00+03:00,0.11673972291258812,-0.5922633868720936,0.2158076392247486,-0.24023735429194,0.195485152816782,-0.2999901241984051
2026-05-13 10:50:00+03:00,0.2026490301237019,-0.2784215776269067,0.46593055311008,0.3135618605443771,0.22676456632992356,-0.20971221628950978
2026-05-13 10:55:00+03:00,0.226429493401957,-0.2106299349936293,0.6100308151437963,0.5938416525057686,0.24437676847779655,-0.1627504306391538
2026-05-13 11:00:00+03:00,0.2073165343323586,-0.2646736827228419,0.5698101705717794,0.5139884510655086,0.24252965456366357,-0.16756407761696437
2026-05-13 11:05:00+03:00,0.19029341806712413,-0.3159976038842898,0.43484213252366866,0.25325966120444027,0.233320551060766,-0.19194511861872132
2026-05-13 11:10:00+03:00,0.18477935108791574,-0.33336915268509293,0.5152266166652051,0.4083184621258646,0.2333147335248656,-0.1919607287390769
2026-05-13 11:15:00+03:00,0.21775792762263146,-0.2347238921765834,0.5108060195535358,0.39982531955986966,0.23923155651689107,-0.17622147164616678
2026-05-13 11:20:00+03:00,0.2991849301043207,-0.02948202597903567,0.5444660653653812,0.4646738809930476,0.2917185264611218,-0.04669920085388529
2026-05-13 11:25:00+03:00,0.29610263141937243,-0.03655909837002445,0.43769112360126583,0.2588199436462286,0.2885694748733402,-0.054038074060560076
2026-05-13 11:30:00+03:00,0.21545417684031415,-0.24124044919895934,0.5399404465079732,0.45592250274818635,0.2418880983846001,-0.16924182106058605
2026-05-13 11:35:00+03:00,0.35626662153237093,0.09511173788213055,0.7571292729276444,0.9248234757885334,0.39610725976052996,0.17665863574076807
2026-05-13 11:40:00+03:00,0.44384597639630385,0.27080531767144234,0.647529903984993,0.6710032686161914,0.373802162549893,0.13143029046262789
2026-05-13 11:45:00+03:00,0.4175680907612242,0.2193520680105203,0.6875758888654678,0.7576945527950669,0.3698561520345844,0.12332123368026311
2026-05-13 11:50:00+03:00,0.38902974305220295,0.16241215984929908,0.6398732163779868,0.6549787402024404,0.37082467233098737,0.12531480701417877
2026-05-13 11:55:00+03:00,0.29207770935915167,-0.04586509940303627,0.5427615320156554,0.46137616545331595,0.26736968210305606,-0.1047569769201581
2026-05-13 12:00:00+03:00,0.2593881527817125,-0.12450468930866258,0.5723402771632593,0.518946326583605,0.25910561250307224,-0.12521088262031993
2026-05-13 12:05:00+03:00,0.2926543826100937,-0.04452719665869173,0.5925494810360331,0.5588376435143394,0.2738766023874759,-0.08893339338849009
2026-05-13 12:10:00+03:00,0.2924788247552195,-0.04493433330573406,0.7028558922697098,0.7923132129247011,0.34500888661491746,0.07137814007864887
2026-05-13 12:15:00+03:00,0.4456661154084586,0.2743430876920024,0.6872141120015054,0.7568864459861948,0.35897150045987014,0.1007632714824316
2026-05-13 12:20:00+03:00,0.38165427058311147,0.14746528686938284,0.7466687846828686,0.8979053810304719,0.3566404576445501,0.09589395744322733
2026-05-13 12:25:00+03:00,0.26463238437850023,-0.11148637840414678,0.5969192470232496,0.567539840098131,0.27938483207939974,-0.07572065714951601
2026-05-13 12:30:00+03:00,0.3541099193838951,0.09059182713395247,0.7266522723382496,0.8483607667242896,0.3184708132143176,0.013896356370676748
2026-05-13 12:35:00+03:00,0.2012572915354117,-0.2825664413347938,0.4838190834264317,0.3479976325219494,0.2581010892039287,-0.12772569678569246
2026-05-13 12:40:00+03:00,0.26040215766265323,-0.12197434705142468,0.4808832718759799,0.34235396936120743,0.24992609769459054,-0.1484346781655842
2026-05-13 12:45:00+03:00,0.25311436785583585,-0.1403056829202691,0.39048874525370625,0.1653565064455005,0.24370006246958895,-0.1645110787097734
2026-05-13 12:50:00+03:00,0.22901225845019194,-0.20358070507850204,0.45662285033095407,0.2955831566597953,0.24624871367412057,-0.15789712233839204
2026-05-13 12:55:00+03:00,0.2033374478535604,-0.276379185942204,0.38564211337205595,0.15556014829661208,0.25415511904574756,-0.1376668161853454
2026-05-13 13:00:00+03:00,0.23030425743748734,-0.20007538395613908,0.3886721113705714,0.16168982936996731,0.24534290445132262,-0.1602424522106577
2026-05-13 13:05:00+03:00,0.188374170636268,-0.3219995769493958,0.5064149940178222,0.3913922090255953,0.24295938598565964,-0.1664419672674651
2026-05-13 13:10:00+03:00,0.19751873952860977,-0.29380790501232007,0.39509468265302566,0.17462591644615083,0.24161354159324314,-0.16996074434633954
2026-05-13 13:15:00+03:00,0.2089393614139048,-0.2599474094236348,0.4413715147167901,0.26599103300983484,0.2510510048139221,-0.14555872831186534
2026-05-13 13:20:00+03:00,0.17784860308491832,-0.3557824342737131,0.47354717325681744,0.3282394517541049,0.25402232695719024,-0.13800311851360297
2026-05-13 13:25:00+03:00,0.18412824768997862,-0.3354466687375102,0.5875923307154859,0.5490008502885659,0.24250757269891748,-0.16762177404564102
2026-05-13 13:30:00+03:00,0.18052084468992663,-0.3470614357431275,0.5091959330979772,0.39673279199844536,0.2417017526939824,-0.1697297041105147
2026-05-13 13:35:00+03:00,0.12161845296212677,-0.5699532155748884,0.38129784949641105,0.14674023372494216,0.22301699359481378,-0.22003159915355333
2026-05-13 13:40:00+03:00,0.11808836714963888,-0.5860166272953394,0.3973746780736044,0.1792004254129176,0.22046222824345718,-0.2271374626968282
2026-05-13 13:45:00+03:00,0.11059596559309835,-0.6215402196276453,0.5698444951476532,0.5140556634524394,0.21829386560885197,-0.23321504765196044
2026-05-13 13:50:00+03:00,0.1750101492093454,-0.3651590931141316,0.5402517011556252,0.4565239644108903,0.2260601930354381,-0.21164251138623655
2026-05-13 13:55:00+03:00,0.08402090770091286,-0.7675812537935968,0.4987525509396783,0.3766800104090804,0.21945658715559357,-0.22995075006327498
2026-05-13 14:00:00+03:00,0.14673421352174054,-0.46591866392594955,0.3738270538874212,0.13148133147285634,0.2254256420704777,-0.2133851111217359
2026-05-13 14:05:00+03:00,0.20139669329502285,-0.28215031281135894,0.25356143151556426,-0.13917125890561854,0.19359838982398342,-0.30576968011428285
2026-05-13 14:10:00+03:00,0.1439079681524292,-0.47684111765263926,0.21850284621917612,-0.23262742108931628,0.18711797371980615,-0.3259534853477841
2026-05-13 14:15:00+03:00,0.15936922539210227,-0.4191105574595729,0.19641359889800367,-0.2971615973803861,0.1804127284880864,-0.34741231458041005
2026-05-13 14:20:00+03:00,0.10366508929359722,-0.656330081704341,0.2750909347690352,-0.08600651589292055,0.17618150237072708,-0.3612752198215619
2026-05-13 14:25:00+03:00,0.10216498811885776,-0.6641291957335722,0.27650854627323435,-0.082599802022884,0.17484368690123067,-0.3657126944185463
2026-05-13 14:30:00+03:00,0.19773927460509166,-0.2931403577314948,0.4157550509184743,0.21577164708027669,0.21020916157579006,-0.25626808860245565
2026-05-13 14:35:00+03:00,0.17510340854887757,-0.364849123172692,0.4353076212745758,0.2541687044783578,0.2069034062648061,-0.26588122149173804
2026-05-13 14:40:00+03:00,0.19315379439406857,-0.30713779166464233,0.3968949030898978,0.17823857018009903,0.20733327907845156,-0.2646247767272816
2026-05-13 14:45:00+03:00,0.25844423198879257,-0.12686592651109904,0.48913170183814875,0.35820516606718855,0.24527343140992916,-0.16042257343229482
2026-05-13 14:50:00+03:00,0.23547403553431082,-0.18618517374950025,0.5159581416527242,0.4097243219339511,0.21914389989136807,-0.23082738206774547
2026-05-13 14:55:00+03:00,0.2712454139001917,-0.09530317390372268,0.5414250553162755,0.45879187782153347,0.24301558858143923,-0.16629531133478115
2026-05-13 15:00:00+03:00,0.2741237566391318,-0.08833702999680303,0.4158849545653948,0.2160283315041222,0.4531780963162627,0.2889151190845512
2026-05-13 15:05:00+03:00,0.2939341183328964,-0.041563669789616134,0.3839464029670034,0.15212192967218482,0.403734684563518,0.19191446337958332
2026-05-13 15:10:00+03:00,0.4934892441759644,0.3665740159659116,0.32614011859753966,0.030750239888397812,0.46978716205734167,0.3209971235818957
2026-05-13 15:15:00+03:00,0.4564405991657852,0.29523057851590745,0.45649993921110527,0.2953453786251897,0.47162381114843915,0.32453555074829465
2026-05-13 15:20:00+03:00,0.5049127286424169,0.38850756029816036,0.5094771051359575,0.3972728169382253,0.5264335724574438,0.42987359099042516
2026-05-13 15:25:00+03:00,0.48707034188500065,0.35424520696730755,0.31757856938365286,0.011921731942812444,0.46819571631513773,0.3179298253752303
2026-05-13 15:30:00+03:00,0.32362391989278083,0.025243793171783706,0.614864913354283,0.6036174176900752,0.26561807105760743,-0.10905806292919955
2026-05-13 15:35:00+03:00,0.2927629379378897,-0.04427551737872224,0.5198867347852458,0.4172767724044638,0.2636496106609383,-0.11391328871434235
2026-05-13 15:40:00+03:00,0.26134005630676715,-0.11963959730539653,0.5432451875877174,0.46231168084050644,0.28196181194792574,-0.06959410299415711
2026-05-13 15:45:00+03:00,0.3141988322204138,0.004414922119787168,0.48146563783570806,0.3434736710819132,0.2741665569181106,-0.08823379035902222
2026-05-13 15:50:00+03:00,0.28236613364547575,-0.06863595957670243,0.3868403371166994,0.15798626717217945,0.2733270812234202,-0.09026054644771916
2026-05-13 15:55:00+03:00,0.20293386270788846,-0.27757591259356207,0.4113238062021824,0.20700156794648109,0.24556369957939808,-0.15967022996719787
2026-05-13 16:00:00+03:00,0.20720689855840002,-0.2649939655112798,0.4575978704527826,0.29746902483291837,0.22489989902498755,-0.2148315392478328
2026-05-13 16:05:00+03:00,0.2424594891722883,-0.16774742107231566,0.46829730064651415,0.31812565214424426,0.2393204747890481,-0.17598699749631033
2026-05-13 16:10:00+03:00,0.18466093645234324,-0.3337465637716048,0.2924827371845512,-0.0449252584201251,0.1931219537832332,-0.307235863621959
2026-05-13 16:15:00+03:00,0.2689880983513804,-0.10079882965502386,0.3901336087236745,0.1646401876001739,0.24359261920662797,-0.16479092826255293
2026-05-13 16:20:00+03:00,0.1857943723418719,-0.3301417220696426,0.3724760654675607,0.12870906862980952,0.1975043336717661,-0.2938515302752865
2026-05-13 16:25:00+03:00,0.2345834773216574,-0.18856270830679575,0.44057219207081433,0.26443468075194565,0.23074017706423045,-0.1988958026517512
2026-05-13 16:30:00+03:00,0.3354599489915429,0.05095893769333578,0.45281524949086943,0.28821225946056306,0.25874331357831165,-0.126117161306984
2026-05-13 16:35:00+03:00,0.40404732660452786,0.19253774994500591,0.39432793851251075,0.17308549814501073,0.2948062417199789,-0.03954837926791959
2026-05-13 16:40:00+03:00,0.4171586272304363,0.21854384097998011,0.46455667420595076,0.3109112704957667,0.33967815523614797,0.06001332440982875
2026-05-13 16:45:00+03:00,0.2745991257617519,-0.08719094229374225,0.3139580781937125,0.0038785191007532915,0.32039234835906716,0.018138935007739866
2026-05-13 16:50:00+03:00,0.32075664757674477,0.018941754091113858,0.30670294414578114,-0.012392886296608202,0.32137552737652975,0.020304499410649185
2026-05-13 16:55:00+03:00,0.3203867552345123,0.018126605483256425,0.4841405906292642,0.3486155450632961,0.36096428054972485,0.1049149614499023
2026-05-13 17:00:00+03:00,0.2509304461730978,-0.14586653900918212,0.396079119220153,0.17660216865704642,0.2794930012764311,-0.07546280179945067
2026-05-13 17:05:00+03:00,0.6090016704600532,0.5917661722800464,0.6120197703715621,0.5978584081482912,0.4286362493569208,0.24111820555317778
2026-05-13 17:10:00+03:00,0.5980875159533541,0.5698715294508796,0.6363531389964475,0.6476620521333271,0.4456361119029544,0.2742847936657618
2026-05-13 17:15:00+03:00,0.562594034097535,0.49988633558736223,0.585404367065164,0.5446704594860137,0.42843466547602105,0.24072310286352516
2026-05-13 17:20:00+03:00,0.41478314298966557,0.21385045914554765,0.5698226591443405,0.5140129053094051,0.391963085127245,0.16832779249493562
2026-05-13 17:25:00+03:00,0.35291275424346114,0.08807750832836386,0.5352183714055979,0.4468047744035287,0.3397406955729094,0.06014715264477051
2026-05-13 17:30:00+03:00,0.3913336816737024,0.16705982413297282,0.49972766671864494,0.37855219016373126,0.3306264070852164,0.04051406447300664
2026-05-13 17:35:00+03:00,0.39585334634137986,0.17614908057495654,0.6009205736498123,0.5755351846406151,0.30572402563386,-0.01460458967846355
2026-05-13 17:40:00+03:00,0.3095932445694468,-0.005885553998676476,0.49398124074229227,0.3675187738205604,0.2684186776818663,-0.10218973276123164
2026-05-13 17:45:00+03:00,0.40309007916767886,0.19062887843507842,0.6449997108925359,0.6656907983678887,0.3326578490465046,0.04491309428335259
2026-05-13 17:50:00+03:00,0.36408929325803807,0.11140551897980558,0.5016398356511004,0.38222347278944846,0.2925088624698753,-0.04486466260745486
2026-05-13 17:55:00+03:00,0.5659610406915581,0.506459481369832,0.6326368740418844,0.6399704253545083,0.40599160560141856,0.19641042280500023
2026-05-14 09:55:00+03:00,0.48935242054786937,0.35862913152202924,0.2380463443492494,-0.17935255799790417,0.352461569570582,0.08712891352949245
2026-05-14 10:00:00+03:00,0.5283741293201089,0.4336105959980273,0.49328670048458706,0.3661850739143977,0.26729049743550964,-0.10495102758198722
2026-05-14 10:05:00+03:00,0.4827468283489866,0.34593665032145865,0.3640610415591732,0.11134694861152598,0.25685800227273314,-0.13084660664785955
2026-05-14 10:10:00+03:00,0.467019247613133,0.315661541445114,0.44685783861090156,0.2766578777595301,0.2658869527205334,-0.10839665165319091
2026-05-14 10:15:00+03:00,0.3643867228872006,0.11202202121180833,0.3601352440877153,0.10318899623894125,0.2559131905956156,-0.13322527801317366
2026-05-14 10:20:00+03:00,0.4137332332114272,0.21177360945748994,0.45504090442440964,0.2925220078393991,0.2658869527205334,-0.10839665165319091
2026-05-14 10:25:00+03:00,0.537831095838283,0.45184800166932226,0.519399848928761,0.41634053015249056,0.2691595367992988,-0.10038042789140876
2026-05-14 10:30:00+03:00,0.4783686914532231,0.3375180575128312,0.2485080546337579,-0.15207239069971723,0.23059778364111921,-0.19928094185732076
2026-05-14 10:35:00+03:00,0.400977280609104,0.18641045725292799,0.2790980118266663,-0.07640467968654033,0.2229255909740896,-0.2202848219882167
2026-05-14 10:40:00+03:00,0.36213966191886593,0.10735902804529338,0.3315217567407363,0.042454592372053776,0.24770448040371457,-0.15413997071108107
2026-05-14 10:45:00+03:00,0.3248037461497018,0.02782847926875525,0.35216101779693354,0.08649671038169511,0.23389358818061054,-0.19040881984538502
2026-05-14 10:50:00+03:00,0.4409389062569303,0.26514877985517105,0.43930678649256133,0.2619695933422061,0.2636022869870938,-0.11403029846390854
2026-05-14 10:55:00+03:00,0.5234944692296135,0.4242165374302793,0.5395513582080843,0.45517072164535555,0.2669190144945909,-0.10586187500265312
2026-05-14 11:00:00+03:00,0.5151407588306687,0.40815346710713085,0.5394828267704157,0.4550383175710981,0.26996241214423905,-0.09842321706149376
2026-05-14 11:05:00+03:00,0.45612224000929436,0.2946146353646971,0.4700442586967361,0.3214925301272611,0.26790813315127343,-0.10343841036690486
2026-05-14 11:10:00+03:00,0.4229091163354323,0.2298744563781728,0.46052882050249266,0.3031342986229755,0.27140313817809747,-0.09492025585994705
2026-05-14 11:15:00+03:00,0.3497994957605687,0.08152068179331397,0.4742232274181244,0.329540993557204,0.267047667443827,-0.10554633678139312
2026-05-14 11:20:00+03:00,0.41348604425784313,0.21128441466683331,0.44725693219672163,0.27743280631590506,0.2671849627605868,-0.10520970858482044
2026-05-14 11:25:00+03:00,0.4044937577197981,0.19342749082801908,0.5131618979149142,0.4043510996304493,0.2671849627605868,-0.10520970858482044
2026-05-14 11:30:00+03:00,0.4094789671107963,0.2033420487924066,0.33979610025913487,0.06026570152013626,0.26112095444708316,-0.12018453075501462
2026-05-14 11:35:00+03:00,0.38803649658509887,0.16040544134654053,0.5038610784403975,0.3864882869061075,0.2530392618243369,-0.1404963943603129
2026-05-14 11:40:00+03:00,0.2614602162340382,-0.11934087004346373,0.35409758500166244,0.09056594176611171,0.2299317806628141,-0.20108453162072767
2026-05-14 11:45:00+03:00,0.2253895695410571,-0.2134842776321423,0.3755231673813458,0.13495609410224682,0.21426938617704103,-0.2446115166524981
2026-05-14 11:50:00+03:00,0.28209948026956055,-0.06926776920523595,0.38817967295971806,0.16069482512897043,0.22318092781495066,-0.21957761926556535
2026-05-14 11:55:00+03:00,0.29093584492919417,-0.048518854476391864,0.32486158257384595,0.027955057943906264,0.2209995829458629,-0.22563798208263072
2026-05-14 12:00:00+03:00,0.25348354445887666,-0.13936880220643297,0.2764325490364624,-0.08278215923541002,0.21269325935597333,-0.24911713130291005
2026-05-14 12:05:00+03:00,0.303775829638838,-0.019018051108934418,0.26583875762807657,-0.10851517343835682,0.2121402778128728,-0.2507036887528261
2026-05-14 12:10:00+03:00,0.3214166678799248,0.020395039908500487,0.2802630466600512,-0.07362891765622223,0.2398356478953737,-0.17462967871445703
2026-05-14 12:15:00+03:00,0.2133661875396521,-0.24719049072505356,0.2804937974726658,-0.07307997785376771,0.23531679681666445,-0.18660450268870465
2026-05-14 12:20:00+03:00,0.19279184744094366,-0.3082533465718856,0.25376949929502407,-0.13864373736723415,0.22571485659279603,-0.21259044166011445
2026-05-14 12:25:00+03:00,0.22184614710531222,-0.2232809449926631,0.2538926631074048,-0.13833161031992927,0.22777049933410873,-0.20696284565168863
2026-05-14 12:30:00+03:00,0.24893177272815445,-0.15098397478126246,0.2896459986294165,-0.05152392672156078,0.23019610593853929,-0.20036827979454558
2026-05-14 12:35:00+03:00,0.24608215519619545,-0.15832794036442333,0.27558589702188047,-0.08481582138888341,0.24384196122298646,-0.16414161359588186
2026-05-14 12:40:00+03:00,0.20634772919297648,-0.26750823311961164,0.23453281840029033,-0.18869814097667026,0.2353891963409451,-0.18641140137849976
2026-05-14 12:45:00+03:00,0.2284371872764001,-0.2051453993316082,0.33362185826582547,0.04699590732784847,0.23705023117889912,-0.1819923831476463
2026-05-14 12:50:00+03:00,0.2148439017377397,-0.24297516969045713,0.2593411909847545,-0.1246220329852828,0.23378032032919538,-0.1907122806122427
2026-05-14 12:55:00+03:00,0.24685793914030757,-0.15632297614471735,0.3271644467688841,0.032985584691212724,0.21330802122473055,-0.2473568498848807
2026-05-14 13:00:00+03:00,0.25110067120693086,-0.14543194850459615,0.25423290676675475,-0.1374698688559303,0.19816048371930864,-0.2918669385943976
2026-05-14 13:05:00+03:00,0.12452110919130545,-0.5570431908887105,0.08736464294067928,-0.7470943568794669,0.17900537437358527,-0.3519947629890216
2026-05-14 13:10:00+03:00,0.22135762853234348,-0.22464031041408658,0.06480159786143423,-0.9022181143418726,0.19843987715809183,-0.29102338710872877
2026-05-14 13:15:00+03:00,0.1829079612350175,-0.3393556885028808,0.03508002632495204,-1.211802975799646,0.1979006698774526,-0.2926521787515949
2026-05-14 13:20:00+03:00,0.14149767652940104,-0.486297929658144,0.03694346579924596,-1.1860324638725994,0.1834369658863744,-0.3376586198485411
2026-05-14 13:25:00+03:00,0.14021497992687432,-0.49138554893175473,0.060881495782711646,-0.9341776006843954,0.1766666308742859,-0.3596726174813667
2026-05-14 13:30:00+03:00,0.09301864758379846,-0.7140117486608042,0.05892605927739358,-0.9508456085639998,0.17592180423538387,-0.36213454795580474
2026-05-14 13:35:00+03:00,0.09641927886897855,-0.694974170430739,0.040548037998084936,-1.1395463767932543,0.17416221563252152,-0.3679833953466187
2026-05-14 13:40:00+03:00,0.10629897713718309,-0.6428745396906593,0.03989190576403195,-1.1477050093951142,0.17494725343857917,-0.36536821588593044
2026-05-14 13:45:00+03:00,0.08669133292943462,-0.7511618878918925,0.03943325664591551,-1.1534847801572037,0.17352506850029545,-0.37011275639312347
2026-05-14 13:50:00+03:00,0.09001445789580247,-0.7313568315187161,0.04202829687331945,-1.1215949564982564,0.17258848353125425,-0.37325408952617906
2026-05-14 13:55:00+03:00,0.0779718778769022,-0.8066040881051126,0.056631187887041703,-0.9710814958522132,0.1719845422363456,-0.3752868865346133
2026-05-14 14:00:00+03:00,0.11423637085071504,-0.6040266142589483,0.06499245029900069,-0.9007085764779823,0.17264249040448304,-0.37307258305214264
2026-05-14 14:05:00+03:00,0.08463907097348045,-0.7637387511698053,0.06693929119617889,-0.8855412826248437,0.17098830272720938,-0.37865251087786733
2026-05-14 14:10:00+03:00,0.07618005437147672,-0.8186949869695429,0.046583434235692084,-1.0699155377770648,0.170361446895621,-0.38077822026948044
2026-05-14 14:15:00+03:00,0.09166115536793687,-0.7217860618564688,0.07035044684561799,-0.8599264416634881,0.17014186879263124,-0.38152429368380697
2026-05-14 14:20:00+03:00,0.11729683911520504,-0.5896753448875136,0.06918111132868134,-0.8685750070048966,0.1751862538342762,-0.3645738759102473
2026-05-14 14:25:00+03:00,0.13324392192003373,-0.519738710289808,0.07050570334878414,-0.8587881557142488,0.19664750321356858,-0.2964505982572236
2026-05-14 14:30:00+03:00,0.12190931182466039,-0.5686476973734808,0.05660408793204908,-0.9713250296867624,0.1986480170989775,-0.2903955466150262
2026-05-14 14:35:00+03:00,0.16593030695546332,-0.39598486431698315,0.07829201223531554,-0.8044707206070426,0.2041812200944803,-0.2738829013414748
2026-05-14 14:40:00+03:00,0.032181302745912375,-1.2546399212038957,0.2274290691832535,-0.20789506460905038,0.16509818264655138,-0.398876642005312
2026-05-14 14:45:00+03:00,0.021265054470985815,-1.4588923239764253,0.2053768595805346,-0.27035872075418804,0.15573121538682502,-0.43226727180948804
2026-05-14 14:50:00+03:00,0.019369320934557403,-1.504639829852192,0.33517783013265207,0.0503513751238744,0.15573121538682502,-0.43226727180948804
2026-05-14 14:55:00+03:00,0.020477094610830346,-1.4774020567768753,0.34822852033576224,0.07820184673578243,0.1651017211498284,-0.39886432036866465
2026-05-14 15:00:00+03:00,0.01323367903243059,-1.6904732328209304,0.250780482029838,-0.14624956521437993,0.1511711518711992,-0.4491175117790086
2026-05-14 15:05:00+03:00,0.012330066562264486,-1.724859377989847,0.36082678060132534,0.10462882089886383,0.1502791719419488,-0.4524621748637396
2026-05-14 15:10:00+03:00,0.009967138807555218,-1.8281223869834275,0.30019281346735277,-0.027176982245506437,0.1469116366708082,-0.46523882268339406
2026-05-14 15:15:00+03:00,0.012487707933279893,-1.7186849576955077,0.38954563459401287,0.16345371276852255,0.1499262564205942,-0.4537900161592635
2026-05-14 15:20:00+03:00,0.011168213001168683,-1.7729276462233254,0.30412002989157655,-0.018237141927401918,0.15064643645816328,-0.4510830682766833
2026-05-14 15:25:00+03:00,0.011599184734322228,-1.7545445297720688,0.2610132548395161,-0.12045250138710026,0.17254009083723942,-0.37341676603644475
2026-05-14 15:30:00+03:00,0.01548248832384298,-1.6140466196981982,0.24440529321818077,-0.16267628774040677,0.17098290538154176,-0.3786707872015976
2026-05-14 15:35:00+03:00,0.01606291473618003,-1.59609828548073,0.21097782603344625,-0.2540487592086275,0.17154147257750296,-0.3767818073215414
2026-05-14 15:40:00+03:00,0.013165650867930928,-1.6929800792773828,0.301652113628527,-0.02384735554454545,0.16949180686088472,-0.3837375450255919
2026-05-14 15:45:00+03:00,0.01711024008992529,-1.5652691817986095,0.34964974584001113,0.08120461904288803,0.16949180686088472,-0.3837375450255919
2026-05-14 15:50:00+03:00,0.012212069044107569,-1.7295322757144542,0.3693967951947256,0.12237495419869053,0.1682102239749727,-0.3881207937969705
2026-05-14 15:55:00+03:00,0.012579774089454406,-1.7151144564691545,0.43070458360944597,0.24516946711141696,0.1653256676993569,-0.398084933111323
2026-05-14 16:00:00+03:00,0.011222695259065744,-1.7705653519110787,0.47367027487207036,0.32847646117299634,0.1652888691565757,-0.39821294263147017
2026-05-14 16:05:00+03:00,0.010829057437886168,-1.7878943968461916,0.47584658251511075,0.3326655486979089,0.1649410255669575,-0.3994241019963434
2026-05-14 16:10:00+03:00,0.011350409638308979,-1.7650719311830516,0.5422655694599167,0.4604170070645708,0.16868229265997464,-0.3865031460084893
2026-05-14 16:15:00+03:00,0.008938936024163402,-1.8808802537905145,0.5187392090512039,0.415070285873099,0.16805854470523948,-0.388641325002914
2026-05-14 16:20:00+03:00,0.01147403799712485,-1.759812158024593,0.5786214516563962,0.5312872971997307,0.1681575099682363,-0.38830165465467964
2026-05-14 16:25:00+03:00,0.016825620654553407,-1.573459640638681,0.6186371498847267,0.6112776324773405,0.1788897993491806,-0.3523723330122445
2026-05-14 16:30:00+03:00,0.011993165193180572,-1.7383205620458158,0.4263263181885506,0.23658794343835143,0.17801301686990384,-0.3552429125279172
2026-05-14 16:35:00+03:00,0.011809719824153745,-1.745808213311036,0.329180219473525,0.037374052969284824,0.17497395666712415,-0.3652794228216931
2026-05-14 16:40:00+03:00,0.159701233737079,-0.41792204635105523,0.5020417870401407,0.3829952103955102,0.2461758210865404,-0.15808564121593016
2026-05-14 16:45:00+03:00,0.012138936929508494,-1.7324508647444705,0.3909788439161005,0.166344662930076,0.18433005053890897,-0.3348021567075672
2026-05-14 16:50:00+03:00,0.010313374010079654,-1.8115639011097953,0.4949553903146071,0.36938932313155487,0.18424472435605518,-0.33507460228443775
2026-05-14 16:55:00+03:00,0.00877347598224435,-1.889928231116505,0.5063812376105135,0.3913273877523877,0.18309112380269305,-0.338767665009741
2026-05-14 17:00:00+03:00,0.18546011167049561,-0.3312030525983577,0.6044226893182297,0.5825551112418967,0.2433933574504893,-0.16531015229239945
2026-05-14 17:05:00+03:00,0.025486263969754192,-1.3699041155419993,0.7545291620713903,0.9180609656630122,0.23933880874964603,-0.17593865895525887
2026-05-14 17:10:00+03:00,0.015604412130793287,-1.6102220995285468,0.7101367870039973,0.8091674231442796,0.22238262804285305,-0.22179058130196394
2026-05-14 17:15:00+03:00,0.010427246754857802,-1.8062380396512647,0.636374118292527,0.647705568083988,0.19948271969047082,-0.2878826783408742
2026-05-14 17:20:00+03:00,0.013710981355926825,-1.673234052673248,0.715919473955274,0.8227325881678809,0.2219233742979892,-0.22306624645652418
2026-05-14 17:25:00+03:00,0.0107016824505925,-1.793635444136709,0.6796948307626711,0.7402033699419863,0.1940589366779933,-0.30435499800295307
2026-05-14 17:30:00+03:00,0.011383293665139255,-1.7636673716180937,0.582752980992849,0.5394317799812264,0.19571690282109683,-0.29928314378631937
2026-05-14 17:35:00+03:00,0.010004841066577072,-1.8262919042048853,0.5110125830603862,0.4002221003333409,0.19214270593325547,-0.31025806283604423
2026-05-14 17:40:00+03:00,0.01441612484735148,-1.6488192352346518,0.6579072041395246,0.6929783928893386,0.20849695724095713,-0.2612331641782499
2026-05-14 17:45:00+03:00,0.01679600469633662,-1.5743197037581376,0.6970866607844014,0.779127146928806,0.20685052889975336,-0.26603590618204387
2026-05-14 17:50:00+03:00,0.017584056901337786,-1.551926626437925,0.7049403470671924,0.7971135650534679,0.2058753080963779,-0.26889402464578177
2026-05-14 17:55:00+03:00,0.01835918755624286,-1.5308422893209788,0.6751389288815163,0.7301961750797937,0.20279986816475418,-0.27797363070888426
2026-05-15 09:55:00+03:00,0.0916521949714905,-0.7218377205389473,0.9465873715613408,1.7589517917858997,0.48006355936043554,0.3407777569109397
2026-05-15 10:00:00+03:00,0.2177431397620858,-0.2347655629030001,0.8875682769905521,1.3707967905678042,0.4897716398958616,0.3594343632380327
2026-05-15 10:05:00+03:00,0.06343239698050525,-0.9131707367063872,0.8636103005774575,1.2649431930361517,0.5117005068948859,0.40154356254522516
2026-05-15 10:10:00+03:00,0.102277449764788,-0.6635409966940296,0.8004275123787199,1.045763016814374,0.5191210223948942,0.4158044012249523
2026-05-15 10:15:00+03:00,0.2688494060148076,-0.10113743668370792,0.7250822877704785,0.8445736523216616,0.5286952916796489,0.43422922694979765
2026-05-15 10:20:00+03:00,0.637289737980581,0.649605828121652,0.509328512465563,0.39698742531182046,0.5087286295897661,0.39583530358678964
2026-05-15 10:25:00+03:00,0.22784661256326288,-0.206755165322869,0.430411765093071,0.24459621247499252,0.5456779824254632,0.4670197664976852
2026-05-15 10:30:00+03:00,0.3820296113909739,0.1482285475230876,0.371012784591619,0.12570176322329657,0.5448182311903492,0.465355455564463
2026-05-15 10:35:00+03:00,0.31499541492544314,0.006188133891070548,0.3298901231109268,0.03891629303556875,0.6630705021211308,0.7040304766428273
2026-05-15 10:40:00+03:00,0.321506384208052,0.02059246313320198,0.2200432960254245,-0.22830830629419857,0.6605028995707144,0.6985242906767226
2026-05-15 10:45:00+03:00,0.2972649821784317,-0.03388533239524711,0.27203657892265287,-0.09338381260137935,0.6487360733723126,0.673541879694837
2026-05-15 10:50:00+03:00,0.23155729014901058,-0.19668892174044608,0.32402000947258597,0.026112066226496033,0.6619663842825589,0.7016602060466246
2026-05-15 10:55:00+03:00,0.25803082530438726,-0.1279018402210686,0.30179638635514583,-0.023518672502455873,0.7855550853499357,1.00226134859618
2026-05-15 11:00:00+03:00,0.22497404171174956,-0.21462741213719272,0.32591008924463755,0.03024775993840126,0.6523295549997505,0.6811289292663589
2026-05-15 11:05:00+03:00,0.24697572145960503,-0.15601894596121466,0.3022428376102404,-0.022502128994572518,0.7810777310785179,0.9895993926301153
2026-05-15 11:10:00+03:00,0.2967812991404807,-0.03499721732391097,0.3387968072134615,0.05812607796402714,0.7866482735924015,1.0053819610677008
2026-05-15 11:15:00+03:00,0.3400254147481894,0.0607562638236076,0.4158177767122678,0.2158955936318216,0.5618149660522183,0.49836704759994865
2026-05-15 11:20:00+03:00,0.28326698672053646,-0.06650414521049636,0.44263672302187773,0.2684533003271904,0.5387893542233532,0.4536986764545318
2026-05-15 11:25:00+03:00,0.40815338576126514,0.2007094401740496,0.3869992505440231,0.1583078201863299,0.570431211897252,0.5152047419308233
2026-05-15 11:30:00+03:00,0.3516912318005494,0.08550803363066996,0.29713027512792795,-0.0341948903745419,0.5049999069340871,0.388674954823893
2026-05-15 11:35:00+03:00,0.2869752199376005,-0.057771615285896756,0.27926559815932656,-0.07600495958947234,0.38673666476817287,0.15777646531763925
2026-05-15 11:40:00+03:00,0.30593525139480293,-0.014127025782644865,0.22245695835727367,-0.22158429158892856,0.42500625533672165,0.23399620270513
2026-05-15 11:45:00+03:00,0.30301963253175807,-0.02073543820810176,0.18115129412942405,-0.34501863985243897,0.39670797199391034,0.17786370228107376
2026-05-15 11:50:00+03:00,0.3448063933702058,0.07094797472527696,0.1259581013361984,-0.5507472882885253,0.37777548459704574,0.13956068596272636
2026-05-15 11:55:00+03:00,0.36513364815185523,0.11356927784963917,0.08633751501391895,-0.7533108085785144,0.4149236100239656,0.21412820354624387
2026-05-15 12:00:00+03:00,0.45223350891727965,0.2870851843262145,0.07166535985279744,-0.850358465694972,0.42350745397745626,0.23105098754804604
2026-05-15 12:05:00+03:00,0.342189957738883,0.06537891997982462,0.07466287138139907,-0.829138412695591,0.4151491620364429,0.2145741286455394
2026-05-15 12:10:00+03:00,0.32521594519865216,0.028730347942276926,0.06727221215468063,-0.8829886986692531,0.4091023679847729,0.20259438924082443
2026-05-15 12:15:00+03:00,0.31643504215110635,0.009386649242886689,0.06541100406320091,-0.8974124347787822,0.3949613186150217,0.1743580577112213
2026-05-15 12:20:00+03:00,0.3232138713453698,0.02434433640088571,0.04245514267722642,-1.116530798137806,0.39077415987585395,0.16593202485353967
2026-05-15 12:25:00+03:00,0.26492074779570135,-0.11077537523185738,0.042547763412617734,-1.115438360344624,0.3590422488461264,0.10091083895224019
2026-05-15 12:30:00+03:00,0.33594363658517384,0.05200000424157216,0.05185310879109094,-1.015814966726585,0.3411237866705758,0.06310374439313712
2026-05-15 12:35:00+03:00,0.293882115704446,-0.04168394682785386,0.06440325226051967,-0.9053821872400027,0.3445606538430033,0.07042577859498259
2026-05-15 12:40:00+03:00,0.32624835158284177,0.03098660254632309,0.06273820975715536,-0.9188081867235363,0.34196204234013844,0.06489284241688892
2026-05-15 12:45:00+03:00,0.33893673263796875,0.058425862272418555,0.08690058138558295,-0.7498947456737928,0.3339017173840271,0.04759999998619034
2026-05-15 12:50:00+03:00,0.28577376584982767,-0.06059346053971707,0.08514203189246992,-0.7606310930248383,0.3453264524575912,0.07205251872673174
2026-05-15 12:55:00+03:00,0.28246612553077566,-0.06839913169874372,0.20885526592194104,-0.26019166092069457,0.33935050733014804,0.059312004544652824
2026-05-15 13:00:00+03:00,0.28829505692245827,-0.05467984889258144,0.2132826317759148,-0.2474294756016608,0.3462599290792038,0.07403314426702313
2026-05-15 13:05:00+03:00,0.2589681992054748,-0.12555452029925107,0.23001926457022728,-0.20084740939668677,0.34810912762361523,0.07794933414335138
2026-05-15 13:10:00+03:00,0.2517214054234813,-0.14384884859269162,0.21874636237223616,-0.23194319556609339,0.345922126029692,0.07331669377817474
2026-05-15 13:15:00+03:00,0.19243201880442595,-0.30936395390994836,0.39471503341892183,0.17386331672914826,0.30082041130665593,-0.025743890016087408
2026-05-15 13:20:00+03:00,0.16586119930149346,-0.3962245823927223,0.49543162018070325,0.3703037458670526,0.29069115958350866,-0.0490883144226341
2026-05-15 13:25:00+03:00,0.14506376749657007,-0.4723530220015582,0.15337627935545511,-0.4409179657536285,0.31066744253877876,-0.0034756287111865807
2026-05-15 13:30:00+03:00,0.15750638594196578,-0.4258165776599441,0.5170047127927108,0.41173587397544475,0.27155668607096545,-0.09454761123010279
2026-05-15 13:35:00+03:00,0.13721528791566992,-0.5034373199477388,0.5497108010625703,0.47483372528950757,0.26382873794053574,-0.11347051112054071
2026-05-15 13:40:00+03:00,0.15221413440317122,-0.4452271412120796,0.43673301167814754,0.2569509419316937,0.24138861731170425,-0.1705501204882702
2026-05-15 13:45:00+03:00,0.19293977321282035,-0.3077972328903458,0.2588545579596685,-0.12583879940296297,0.2425739781566241,-0.1674482778387584
2026-05-15 13:50:00+03:00,0.11289117840003979,-0.6104406569423734,0.207569396489654,-0.26393546430970216,0.2522556059949696,-0.1424885141308492
2026-05-15 13:55:00+03:00,0.1707288893470852,-0.3795314468409822,0.0954274299499897,-0.7004638835171341,0.2529703117172334,-0.14067150745322968
2026-05-15 14:00:00+03:00,0.29172863711575486,-0.046675713440879105,0.05506805179538679,-0.9853110862899541,0.37285886223295156,0.12949499023243477
2026-05-15 14:05:00+03:00,0.24595341182456867,-0.15866108092377704,0.03960504580131162,-1.1513124275897786,0.3780750156637432,0.14017222422667913
2026-05-15 14:10:00+03:00,0.2463459820578515,-0.15764561992701107,0.047501670027837437,-1.0600837339510036,0.36216668789822926,0.10741518492572164
2026-05-15 14:15:00+03:00,0.2518390845657492,-0.14354901595424271,0.04845679236225499,-1.0500467511976463,0.35060295297372185,0.08321539641613354
2026-05-15 14:20:00+03:00,0.2579829997172231,-0.1280217513078014,0.0674544053508097,-0.8815967387761937,0.3458500924676134,0.07316387432976063
2026-05-15 14:25:00+03:00,0.2172374158757419,-0.23619187400089228,0.06424015984154827,-0.9066828961362183,0.33515652312956784,0.05030547871948321
2026-05-15 14:30:00+03:00,0.1696726865676694,-0.3831210308054845,0.09144917313028107,-0.7230094055021891,0.32486762790751716,0.027968287864317598
2026-05-15 14:35:00+03:00,0.14974491580198998,-0.4544733099484879,0.14040027598645002,-0.49064820160342804,0.3235019322302363,0.02497627087430019
2026-05-15 14:40:00+03:00,0.18748851033801742,-0.3247850958179649,0.12400973252514214,-0.5592987223052633,0.21860055894975247,-0.23235280439152795
2026-05-15 14:45:00+03:00,0.154133716655454,-0.43812379909879073,0.09050462629209338,-0.7284915594119717,0.21232406225775932,-0.25017605867494197
2026-05-15 14:50:00+03:00,0.15437913822625893,-0.43722085458644955,0.09229423565702974,-0.7181476526819046,0.20674157410637412,-0.26635472905305574
2026-05-15 14:55:00+03:00,0.2072581733620703,-0.2648441590736332,0.13392498179644335,-0.5169142583344132,0.22504755348291947,-0.21442506917326248
2026-05-15 15:00:00+03:00,0.2541435520091303,-0.1376961056530669,0.15845149457511387,-0.4224062908400107,0.2044024641936847,-0.27322962470878237
2026-05-15 15:05:00+03:00,0.08750494383899035,-0.7462503566383655,0.17020373580367454,-0.3813140071068477,0.18960840939014864,-0.31813445352340647
2026-05-15 15:10:00+03:00,0.10699545707544553,-0.6393656662913363,0.31842975655655054,0.01380555871426059,0.19650037632273754,-0.2968977453852839
2026-05-15 15:15:00+03:00,0.09230306373075786,-0.718097075124547,0.40189304398549053,0.188239766100805,0.19609743278938313,-0.29812366531898155
2026-05-15 15:20:00+03:00,0.07601372680024443,-0.8198305239808352,0.30127244687495097,-0.02471274181050817,0.1840538698346044,-0.33568435249089995
2026-05-15 15:25:00+03:00,0.0649831984943256,-0.9007816579724627,0.27108210545074923,-0.09569979634912462,0.18092822153427018,-0.34574081030419357
2026-05-15 15:30:00+03:00,0.09997701587041767,-0.6756885971291088,0.19381147425341966,-0.30511482187177974,0.21837568065785143,-0.23298494600578526
2026-05-15 15:35:00+03:00,0.06641856847249543,-0.8895575177307002,0.48325238169834983,0.3469084116385557,0.19008733695301863,-0.31663984334095846
2026-05-15 15:40:00+03:00,0.05500818241944846,-0.9858636179160721,0.3019107631192816,-0.02325816202436312,0.19729111725048196,-0.29449749437493833
2026-05-15 15:45:00+03:00,0.0625692122052619,-0.9201894104341812,0.3686816746055568,0.12090082782005017,0.256635872975135,-0.13140532651341183
2026-05-15 15:50:00+03:00,0.04907839905080538,-1.04361493655624,0.4077942123283286,0.19999566530022667,0.31658572280891795,0.009720973477834802
2026-05-15 15:55:00+03:00,0.05664859841591754,-0.9709250938662681,0.4134302775453796,0.2111740386527474,0.25611094277524316,-0.13272693864552337
2026-05-15 16:00:00+03:00,0.06119094417880345,-0.9315859117847565,0.3507022559032096,0.0834247296194409,0.2205309495442236,-0.22694555088429325
2026-05-15 16:05:00+03:00,0.06345143159350151,-0.9130169696550726,0.4344022402412389,0.25240039852910423,0.1949389473310802,-0.3016589016763419
2026-05-15 16:10:00+03:00,0.08826270812755797,-0.7417129499521561,0.4419838425649978,0.2671828891964604,0.188520801792205,-0.32153937386111275
2026-05-15 16:15:00+03:00,0.0986299106820028,-0.682917873970659,0.3562176426801693,0.09500922675682331,0.1901457744686066,-0.31645767222600074
2026-05-15 16:20:00+03:00,0.1027157276902591,-0.6612541613224937,0.12611450108547675,-0.5500657703582963,0.2000842105224837,-0.28607678355204597
2026-05-15 16:25:00+03:00,0.07993163837895835,-0.7936678024115035,0.18733365966367752,-0.3252731602744477,0.19799839017321122,-0.29235674586648697
2026-05-15 16:30:00+03:00,0.1464551072283026,-0.46698950855485205,0.21490631594290124,-0.24279759182998256,0.2693811589785594,-0.099839800300665
2026-05-15 16:35:00+03:00,0.14328065843664986,-0.4792895947899925,0.3623148334500086,0.10772298220217655,0.33796639435650744,0.05634570848041694
2026-05-15 16:40:00+03:00,0.3399865434356075,0.060673119447436814,0.5249589888313761,0.42703496274496666,0.32884277042948984,0.03664036346324749
2026-05-15 16:45:00+03:00,0.1950026751639844,-0.301464016791927,0.46344494973682815,0.30876569053522485,0.294643385574348,-0.03992444094856926
2026-05-15 16:50:00+03:00,0.14703664988868936,-0.4647602112687601,0.3319606595762014,0.04340487887133232,0.29648457428737707,-0.03567984325239091
2026-05-15 16:55:00+03:00,0.12854872212822338,-0.5395505993649937,0.4690281389480154,0.31953435991392753,0.30875544907901736,-0.00776832082908104
2026-05-15 17:00:00+03:00,0.08586454198916012,-0.7561959099128878,0.4584009490303102,0.2990218540302686,0.21610484844992853,-0.2393948221011052
2026-05-15 17:05:00+03:00,0.06987897871749169,-0.863397369259036,0.4816656160026767,0.3438581420478587,0.20032383106640578,-0.2853584894369992
2026-05-15 17:10:00+03:00,0.04357926854933796,-1.1034232185955029,0.34170934315858487,0.06435372626371866,0.19436849521736194,-0.30340554532478814
2026-05-15 17:15:00+03:00,0.04420525694563908,-1.096263289072994,0.3737705797775451,0.1313655263378456,0.19541930762935658,-0.3001911083460124
2026-05-15 17:20:00+03:00,0.06956023617784421,-0.8657562292287848,0.5122818530391683,0.4026603613052141,0.19826423860690603,-0.2915535748779383
2026-05-15 17:25:00+03:00,0.07828522468507808,-0.8045158697703082,0.3358000681018983,0.05169107156369608,0.19468866190281348,-0.3024247623937682
2026-05-15 17:30:00+03:00,0.057724726142475834,-0.9613446491692762,0.29013174709063017,-0.05039130763648689,0.1944766537501301,-0.30307408080539505
2026-05-15 17:35:00+03:00,0.06867869377352098,-0.8723325744255398,0.30144678060547786,-0.024315300575816157,0.1866015773045552,-0.3275847799779282
2026-05-15 17:40:00+03:00,0.10951427727004834,-0.6268412723268364,0.611148865275738,0.5960986697809509,0.2372616558412082,-0.18143144352699206
2026-05-15 17:45:00+03:00,0.10674297464326904,-0.640635345162986,0.5370745941807068,0.45038735955867093,0.23395657977961484,-0.19024010052127774
2026-05-15 17:50:00+03:00,0.09009750130985356,-0.7308704151046672,0.5938577198063604,0.5614398194649871,0.23395657977961484,-0.19024010052127774
2026-05-15 17:55:00+03:00,0.10247168870756797,-0.6625264327700077,0.7058935904996857,0.7993153794545558,0.2513197662141147,-0.14487287936503354
2026-05-18 09:55:00+03:00,0.12317352843401173,-0.5630042357589907,0.2261369412032543,-0.21143198099991356,0.260414758498255,-0.12194294322616901
2026-05-18 10:00:00+03:00,0.4766904564093185,0.3342894040045385,0.859910794242223,1.2500366196947972,0.5138502833735757,0.40567373148592073
2026-05-18 10:05:00+03:00,0.3951591723491183,0.17475543133013602,0.8773903342447003,1.323665245850687,0.5631082222077195,0.5008894013267705
2026-05-18 10:10:00+03:00,0.26230336534145754,-0.11724722197492453,0.8767746971443713,1.320924292185207,0.4050188503903454,0.19447360191794036
2026-05-18 10:15:00+03:00,0.234902834416348,-0.18770939859506058,0.8676542375181141,1.2816323603045041,0.4148100832931069,0.2139037301246426
2026-05-18 10:20:00+03:00,0.30058259992591074,-0.026286721069495478,0.8796048055418219,1.3336235490461046,0.41698068104546593,0.2181925284342997
2026-05-18 10:25:00+03:00,0.3153248248189786,0.006920699619463264,0.8579114006312137,1.2421171932520305,0.3590752432251635,0.10097965448117359
2026-05-18 10:30:00+03:00,0.20510781048946983,-0.27115041982601307,0.9090668550213405,1.4841481990965815,0.4838957699534649,0.3481450205488963
2026-05-18 10:35:00+03:00,0.23342749688637973,-0.19165820046557894,0.8927428207786282,1.3962024172674088,0.5483404959515659,0.47217726508201574
2026-05-18 10:40:00+03:00,0.2181129315188236,-0.2337241385824737,0.8258114620146522,1.1260456714918603,0.5270569429259185,0.43107386637812417
2026-05-18 10:45:00+03:00,0.34914290848029905,0.08013442122918898,0.8335095301340071,1.1521948505035193,0.6287837568778483,0.6320299168241257
2026-05-18 10:50:00+03:00,0.47081236735631216,0.3229724382931698,0.7775232626007454,0.9796795206152985,0.6041070958083067,0.5819216407831678
2026-05-18 10:55:00+03:00,0.5492694125684303,0.47397789617664365,0.7955211832012345,1.0311544108943194,0.6415390259020701,0.6584520815314319
2026-05-18 11:00:00+03:00,0.29459794796123445,-0.040029385476697515,0.7815736517918663,0.9909925903599527,0.5870174013977524,0.5478623011158215
2026-05-18 11:05:00+03:00,0.4130201556641662,0.21036217155806167,0.8476748299656094,1.2029643771420535,0.6918009779412085,0.7671704478063971
2026-05-18 11:10:00+03:00,0.34784016061486944,0.0773803277141348,0.7962024779433544,1.0331672251489583,0.5894600497661618,0.5527028328943131
2026-05-18 11:15:00+03:00,0.36004013061794143,0.10299086930567167,0.7684606708438735,0.9548874864227002,0.5935514132433355,0.5608303187544069
2026-05-18 11:20:00+03:00,0.38239664551701913,0.1489746395938651,0.7745736031827603,0.9715331501001362,0.4946136395248073,0.36873310682278687
2026-05-18 11:25:00+03:00,0.3743097001332312,0.13247075291506022,0.7655760507480435,0.947139376540582,0.3915843317217644,0.16756485962898854
2026-05-18 11:30:00+03:00,0.24372344024203565,-0.16445019942623829,0.6754426642295026,0.7308610503197073,0.30239261914925347,-0.022161275916214612
2026-05-18 11:35:00+03:00,0.4091780898002839,0.20274473619757996,0.7293740250298418,0.8549584966335144,0.42386411357621295,0.23175208912018308
2026-05-18 11:40:00+03:00,0.6914523475665793,0.7663858502743819,0.689453490070139,0.7618968212400324,0.4997247293647687,0.37854655058555786
2026-05-18 11:45:00+03:00,0.4630199756554082,0.3079453248806585,0.6071039672445507,0.5879441754336479,0.4216220288549166,0.22734210106255873
2026-05-18 11:50:00+03:00,0.5001334651272606,0.3793313034159727,0.6010966368629312,0.5758875998456071,0.4389808223682855,0.26133434759341523
2026-05-18 11:55:00+03:00,0.377937090104586,0.1398906518330073,0.5235207883349043,0.42426718077530057,0.3929003900245417,0.17021470633943026
2026-05-18 12:00:00+03:00,0.435566818665438,0.2546747890210602,0.6274732366667523,0.6293369382614068,0.40987022134687523,0.2041185797969931
2026-05-18 12:05:00+03:00,0.44666267789623343,0.2762788816683953,0.6829453792391591,0.7473893140256525,0.42058850505347084,0.2253071188654993
2026-05-18 12:10:00+03:00,0.4527546118814066,0.2880947907267603,0.5152092316607971,0.4082850528151112,0.4080926765249673,0.2005888081946274
2026-05-18 12:15:00+03:00,0.5727949510539686,0.5198380621180397,0.5333009102555087,0.44310597222240816,0.4092905501427431,0.20296801234329848
2026-05-18 12:20:00+03:00,0.6164766603424032,0.6068868747588638,0.6148559629406266,0.6035992759619804,0.4328982991339747,0.249461144671805
2026-05-18 12:25:00+03:00,0.6293308504749761,0.6331552856657985,0.5978700688034786,0.5694373700485633,0.4172937228019651,0.2188105266993943
2026-05-18 12:30:00+03:00,0.662678502038424,0.7031885126694882,0.657234602289863,0.6915446372396521,0.5438853214712186,0.46355010872068325
2026-05-18 12:35:00+03:00,0.578216365889973,0.5304899386904373,0.5053790143192217,0.38940290100301617,0.4247804884829174,0.23355273490833267
2026-05-18 12:40:00+03:00,0.5276486588619232,0.43221334242442405,0.5380329943862447,0.4522378809562096,0.36820696520811785,0.11992162063399478
2026-05-18 12:45:00+03:00,0.5794373688749843,0.5328939574782431,0.46900687310174427,0.31949337314885184,0.3697274551588223,0.12305616592042697
2026-05-18 12:50:00+03:00,0.6092941668618126,0.592355851166682,0.5805200395480844,0.5350272157389068,0.4261390430227007,0.23622038375313836
2026-05-18 12:55:00+03:00,0.5713476135879392,0.5170002816870368,0.5011672019241946,0.3813160318190211,0.40799791148791775,0.2004004946684418
2026-05-18 13:00:00+03:00,0.6799993010247927,0.7408748087207204,0.5539014800908036,0.48296698943949634,0.4502960050644032,0.28332958630408184
2026-05-18 13:05:00+03:00,0.528645940924308,0.43413416333056015,0.472085259002513,0.32542432446299313,0.40421488627177776,0.1928717347651758
2026-05-18 13:10:00+03:00,0.6022277371524654,0.5781529081436059,0.6129531408342518,0.5997459694582143,0.42517496224161555,0.23432754904483244
2026-05-18 13:15:00+03:00,0.5231199871216886,0.4234959842796492,0.48450496519925984,0.34931581497096104,0.39373226192726213,0.1718880399228956
2026-05-18 13:20:00+03:00,0.47210570669279206,0.3254637056918291,0.3576794241954114,0.09806599009718017,0.3919375998738871,0.16827646511598257
2026-05-18 13:25:00+03:00,0.5340734230711166,0.44459592286633104,0.3933833882424144,0.17118642225910466,0.39556778400790826,0.17557587749132156
2026-05-18 13:30:00+03:00,0.7006251054053716,0.7871973487168862,0.3898938153829732,0.16415638587975392,0.41728294281443684,0.21878924734091604
2026-05-18 13:35:00+03:00,0.4810287590090147,0.3426337033861039,0.27209505662487826,-0.09324208500065673,0.3969640179490212,0.17837715645109192
2026-05-18 13:40:00+03:00,0.5100396602715256,0.39835330709643946,0.32706310619542023,0.03276459443937392,0.39399390476323104,0.17241408514049933
2026-05-18 13:45:00+03:00,0.514542240082002,0.4070033267354381,0.41837359307583044,0.2209413699015169,0.404087689970532,0.19261820745914934
2026-05-18 13:50:00+03:00,0.5845745941507736,0.5430299360611363,0.38624897207040904,0.1567892419055503,0.40631910786440756,0.19706217052913208
2026-05-18 13:55:00+03:00,0.44446992559785714,0.2720184011361443,0.32081889568556055,0.019078884284973632,0.3956992688764551,0.1758398219547077
2026-05-18 14:00:00+03:00,0.43608144105038177,0.2556793889982932,0.3984568106562427,0.1813684415769931,0.37904738154470685,0.14215615108841687
2026-05-18 14:05:00+03:00,0.3512837088637884,0.084649901619614,0.4114873808293862,0.20732580291348707,0.3758467407415144,0.13561827310276275
2026-05-18 14:10:00+03:00,0.41625466142615886,0.2167587312739779,0.47238701737320277,0.32600547775234445,0.3777910601887718,0.13959249059484877
2026-05-18 14:15:00+03:00,0.37229107717887244,0.12832915081907545,0.4533361794163736,0.28922130689863845,0.3571199863469322,0.09689679488103656
2026-05-18 14:20:00+03:00,0.375854482139984,0.13563411276221582,0.41915103936499665,0.22247450125828702,0.3749064357987649,0.1336933486959837
2026-05-18 14:25:00+03:00,0.2644574654282991,-0.11191790892673732,0.39815424915776976,0.1807624709812302,0.3594189908869173,0.1016964349212536
2026-05-18 14:30:00+03:00,0.18978381413109213,-0.317586725161992,0.3124958042506112,0.0006157435208301726,0.35127290677752593,0.0846271491723068
2026-05-18 14:35:00+03:00,0.24093975356785202,-0.1717274125660493,0.28261335636499463,-0.06805051224659403,0.3701493933727213,0.12392505969741982
2026-05-18 14:40:00+03:00,0.02088765200175417,-1.4676724760480342,0.14342135406863024,-0.4787396650357174,0.23268329055017092,-0.19365668470051287
2026-05-18 14:45:00+03:00,0.01928938188870825,-1.5066640108187646,0.12228791099446805,-0.5669523693879376,0.22531462253812456,-0.21369034942523968
2026-05-18 14:50:00+03:00,0.08448732454513963,-0.7646796415920727,0.21473586809791143,-0.24328263033500452,0.29057299453486374,-0.04936342303048395
2026-05-18 14:55:00+03:00,0.047765786699102586,-1.0572892055917886,0.15846673742407064,-0.4223514247607931,0.2546470828478112,-0.13642190250899797
2026-05-18 15:00:00+03:00,0.055450406183747435,-0.9817956400118679,0.16878871606656945,-0.38613896131273195,0.2348336742949551,-0.18789412349348544
2026-05-18 15:05:00+03:00,0.021009221291181185,-1.4648273722393428,0.11427612412298371,-0.6038380692410009,0.18886022756769955,-0.32047513645164605
2026-05-18 15:10:00+03:00,0.025973977560723942,-1.3605654105736682,0.1360007525713547,-0.5083799562919583,0.20000289059439244,-0.2863206973231721
2026-05-18 15:15:00+03:00,0.05657936768948005,-0.9715472738322183,0.2795667094764975,-0.07528713008184806,0.23958476102002457,-0.17529043684881507
2026-05-18 15:20:00+03:00,0.03733252283181278,-1.1808101276654097,0.16039473591240136,-0.4154459134880396,0.19980561501508162,-0.28691272169947657
2026-05-18 15:25:00+03:00,0.07363889920271872,-0.8362976741416129,0.24491136737893304,-0.16136184684845212,0.24185914901882802,-0.16931759836714266
2026-05-18 15:30:00+03:00,0.037195944317098925,-1.1826374441918428,0.15291367801449665,-0.4426300517234705,0.1961625890110141,-0.297925304334238
2026-05-18 15:35:00+03:00,0.035707955253375924,-1.202974774814832,0.12578464659342042,-0.5515039715939563,0.18799308840679518,-0.3231968946484887
2026-05-18 15:40:00+03:00,0.03151852361047172,-1.2649571554052323,0.09865515028704634,-0.6827816192623306,0.187107391752942,-0.32598687893331174
2026-05-18 15:45:00+03:00,0.0301456044429272,-1.2870139869203945,0.04545906748551692,-1.0822086462937823,0.1854647979000304,-0.3311881628734538
2026-05-18 15:50:00+03:00,0.08099087186551494,-0.7867959967962754,0.08373661935734626,-0.7693570155238011,0.21500075230716553,-0.24252897727588896
2026-05-18 15:55:00+03:00,0.03579238267174401,-1.201799210856777,0.04312642848235404,-1.108664161534946,0.18416174379209185,-0.33533965202677835
2026-05-18 16:00:00+03:00,0.045548451821427714,-1.081220843439703,0.06980523794541554,-0.8639422029186599,0.18084677060638252,-0.34600467067470353
2026-05-18 16:05:00+03:00,0.060298761940628914,-0.9390917304315196,0.07025068659482851,-0.8606590745950817,0.20031626732781554,-0.2853811528917589
2026-05-18 16:10:00+03:00,0.04451940527008752,-1.0927064919716383,0.03652101083342084,-1.191763337612388,0.18698177005564157,-0.3263834153138353
2026-05-18 16:15:00+03:00,0.0735874146693495,-0.8366600499558539,0.14884021187862098,-0.4578924700215954,0.20650763873911332,-0.2670396893280429
2026-05-18 16:20:00+03:00,0.06279911491071079,-0.9183112573966495,0.09670962229450243,-0.6933767174971737,0.1862892721492026,-0.32857303958087763
2026-05-18 16:25:00+03:00,0.06568018499274625,-0.8953029642388319,0.12864558456613445,-0.5391357071245653,0.20219937533628726,-0.2797584045722144
2026-05-18 16:30:00+03:00,0.06086990585129718,-0.9342749076755458,0.14161808507640017,-0.48582232894598865,0.2000047688768527,-0.2863150626995492
2026-05-18 16:35:00+03:00,0.08308164195842464,-0.7734691704483729,0.12786318722437195,-0.5424946048160345,0.22309298164438796,-0.2198211373405237
2026-05-18 16:40:00+03:00,0.10792656362130099,-0.6347060095921877,0.2337444850913268,-0.19080830961090434,0.23927649452434135,-0.17610296434038833
2026-05-18 16:45:00+03:00,0.07046742209398504,-0.8590686050385696,0.15494628731659915,-0.4351387035333567,0.20870617340660913,-0.26062487127990486
2026-05-18 16:50:00+03:00,0.05022670252506806,-1.0319339014571887,0.10977559337584969,-0.6255564449550792,0.1998985152640823,-0.2866338732822312
2026-05-18 16:55:00+03:00,0.08539780991919554,-0.7590570922613812,0.1672184262829548,-0.39153124472544826,0.22590800005077305,-0.21206014660420738
2026-05-18 17:00:00+03:00,0.10030016400195522,-0.6739673028806681,0.23379005935143857,-0.1906861843655862,0.22457972603326942,-0.21571357763138133
2026-05-18 17:05:00+03:00,0.10126325160611742,-0.668866340139824,0.20055037018694064,-0.28468000056361115,0.22646804979759075,-0.21052428545424168
2026-05-18 17:10:00+03:00,0.08859916821466654,-0.7397095371258495,0.20521629677863934,-0.27083109737027383,0.22383226823079697,-0.21777621833894034
2026-05-18 17:15:00+03:00,0.0885875362102662,-0.739778683826081,0.19878094409633143,-0.2899948398948027,0.2229805132140904,-0.22013265592991663
2026-05-18 17:20:00+03:00,0.13480946123716284,-0.5132642630509998,0.2554330305626482,-0.13443634334307444,0.27474023091733396,-0.0868509832760738
2026-05-18 17:25:00+03:00,0.1884132761417772,-0.32187681711118055,0.27797873230228876,-0.07907812289505692,0.281475059896176,-0.07074869384903011
2026-05-18 17:30:00+03:00,0.20274340037819366,-0.2781412951829655,0.23483778849381942,-0.18788313351987773,0.3164319391841046,0.009379763605204025
2026-05-18 17:35:00+03:00,0.19699207343015837,-0.2954043703644861,0.18712068054115508,-0.32594494364655624,0.3103088366347467,-0.004279637773896876
2026-05-18 17:40:00+03:00,0.20987400559518135,-0.257237633134784,0.20165235279447452,-0.2813877024080644,0.29337167800658426,-0.04286520020465757
2026-05-18 17:45:00+03:00,0.31818168492282367,0.013256810325315387,0.3761270448549195,0.13619172011897096,0.408935792807255,0.20226362123842684
2026-05-18 17:50:00+03:00,0.33861549334380264,0.05773753084181035,0.3556930206683208,0.09391081466687597,0.3393660829037054,0.05934535101111591
2026-05-18 17:55:00+03:00,0.41165387995430375,0.20765579495899927,0.417469970598708,0.21915841222664667,0.38402262383325875,0.152276597066931
2026-05-20 09:55:00+03:00,0.8959290580538278,1.4123873107405331,0.39355174545706,0.17152503164876737,0.8729078998733718,1.3039722658026731
2026-05-20 10:00:00+03:00,0.8313147258719563,1.1446430545478046,0.8890442132332539,1.3779370146920262,0.7751104620696201,0.973010182585618
2026-05-20 10:05:00+03:00,0.8048077416978046,1.0590346550666943,0.8233550239833785,1.1178941933779276,0.7909453462332714,1.0177627793437913
2026-05-20 10:10:00+03:00,0.8527944860309132,1.222264365536829,0.8081716662076752,1.0693808940887906,0.8308269885867695,1.1429755239707426
2026-05-20 10:15:00+03:00,0.742300607553674,0.8868832398232406,0.7423584375933732,0.8870283581710431,0.7870573521172401,1.0065527103740408
2026-05-20 10:20:00+03:00,0.6979414904988938,0.7810718437766833,0.8822049297309146,1.3455199757510803,0.8758483419372165,1.316822045388916
2026-05-20 10:25:00+03:00,0.7421299543071649,0.8864551274951139,0.7839614013716045,0.9977326688484704,0.9617900407574522,1.9273717984079184
2026-05-20 10:30:00+03:00,0.6198596654755991,0.6137663653989706,0.7707571925432586,0.9611043005901004,0.9010526757631494,1.439356702240083
2026-05-20 10:35:00+03:00,0.5709006520583967,0.5161244144444356,0.7971827910643978,1.0360722631019046,0.9535128933735253,1.8291077152374253
2026-05-20 10:40:00+03:00,0.4240042475542157,0.23202751398244378,0.8947454505399604,1.4063246493436823,0.6117907656957962,0.597395544954123
2026-05-20 10:45:00+03:00,0.4840627505990101,0.3484659447433181,0.6277213799199074,0.6298465493021744,0.690702742813787,0.7647005144163262
2026-05-20 10:50:00+03:00,0.24667916645805107,-0.15678462646574656,0.45887006199281166,0.2999287349255291,0.4333597495313367,0.2503632427922596
2026-05-20 10:55:00+03:00,0.24523483152776757,-0.1605226653779559,0.35606229201861644,0.09468404126687696,0.4439761729742832,0.2710584744581733
2026-05-20 11:00:00+03:00,0.36413408978815665,0.11149838549305761,0.13569124235768404,-0.5096454715439146,0.5500798591478773,0.4755494259582738
2026-05-20 11:05:00+03:00,0.2600400443175578,-0.12287722773800103,0.2768426975613468,-0.08179836498131682,0.32597261254611304,0.030384354995788055
2026-05-20 11:10:00+03:00,0.2819274741005433,-0.06967551370014156,0.2704773993472861,-0.09716973704347812,0.27100839436419827,-0.09587886545806819
2026-05-20 11:15:00+03:00,0.241412011203323,-0.1704888033027171,0.21830214703476816,-0.23319175363643713,0.26408285858819275,-0.11284269118010416
2026-05-20 11:20:00+03:00,0.28031694008956565,-0.07350068432751065,0.18011045950943036,-0.34839416516097704,0.31325860798308613,0.0023188230119989945
2026-05-20 11:25:00+03:00,0.22789592828692978,-0.20662062999098443,0.2494537802432472,-0.14964478164104628,0.2735994438948595,-0.08960255345154643
2026-05-20 11:30:00+03:00,0.21222880609705577,-0.2504494896339283,0.31746577495604267,0.01167189579617292,0.23580176629830274,-0.18531179382683252
2026-05-20 11:35:00+03:00,0.08929852000696575,-0.7355672052720167,0.22469082444152408,-0.21540741366383964,0.21015582149615378,-0.25642231566865703
2026-05-20 11:40:00+03:00,0.10896310772299105,-0.629560079626853,0.22836051952093525,-0.2053542116892571,0.16763382728215617,-0.39010086303104397
2026-05-20 11:45:00+03:00,0.16541379278757107,-0.39777846897955743,0.28805921557618824,-0.05523169595796687,0.154417234814932,-0.4370807964903453
2026-05-20 11:50:00+03:00,0.22730935469408517,-0.2082221591427846,0.2973273896473829,-0.03374194692314986,0.2348879140955962,-0.18774924719763375
2026-05-20 11:55:00+03:00,0.22233419224559245,-0.22192503218000564,0.34262115266793364,0.06629810931842989,0.19324538084988532,-0.3068557656427109
2026-05-20 12:00:00+03:00,0.23153513442970577,-0.1967486886288879,0.4180772530961794,0.22035677459880443,0.19433966132185532,-0.30349393380736145
2026-05-20 12:05:00+03:00,0.24069292025478967,-0.1723754516966971,0.41013282905377485,0.20463965612768398,0.18237341126118542,-0.3410744208523232
2026-05-20 12:10:00+03:00,0.23510855410851061,-0.18716014927492228,0.33702342039657934,0.054321413979652164,0.2006863707744858,-0.28427295205827124
2026-05-20 12:15:00+03:00,0.2266621246551308,-0.20999268815524852,0.39044258423576855,0.16526341182607202,0.1834905659796317,-0.33748688042104164
2026-05-20 12:20:00+03:00,0.16140695632412855,-0.4118473023617016,0.4685494550486734,0.3186117149144042,0.16827860081358187,-0.38788626138278093
2026-05-20 12:25:00+03:00,0.20478326400696545,-0.2721064505793562,0.46999325255924407,0.32139424745027334,0.17271502509972267,-0.37282887889735755
2026-05-20 12:30:00+03:00,0.25176222651105057,-0.14374483072087207,0.363792481790638,0.11079008340905018,0.22691987929730023,-0.20928716049981622
2026-05-20 12:35:00+03:00,0.15461103439060592,-0.43636874969986883,0.3335918238817631,0.04693106128473936,0.15961223416073508,-0.4182404471964375
2026-05-20 12:40:00+03:00,0.16333706485977714,-0.40503562725959513,0.3294040133707034,0.037860419560792946,0.17822775058232965,-0.3545388541463562
2026-05-20 12:45:00+03:00,0.17068080093579827,-0.3796944949191561,0.3062067818642731,-0.013513388713177615,0.17452782661979366,-0.36676428941034833
2026-05-20 12:50:00+03:00,0.09743581633306296,-0.6893999081738952,0.3178993015976246,0.012631884760429174,0.12031247004056299,-0.5758484912423267
2026-05-20 12:55:00+03:00,0.113629561231096,-0.6069117590581533,0.4246177835244407,0.23323309969572578,0.11814625622146745,-0.5857498785096587
2026-05-20 13:00:00+03:00,0.09554922378621071,-0.6997870355453046,0.3910210000474137,0.16642963906200586,0.1054915823687422,-0.6469676462768738
2026-05-20 13:05:00+03:00,0.09290568620310759,-0.7146547748014438,0.41686442944874436,0.21796299417027548,0.13579514575379642,-0.5092203637010672
2026-05-20 13:10:00+03:00,0.09337647234818555,-0.7119794670637056,0.40286078589532637,0.19017142090883227,0.13488248406590664,-0.5129638232427364
2026-05-20 13:15:00+03:00,0.05051542691682489,-1.0290366928761905,0.30217070453571204,-0.022666314090811324,0.11747115892948237,-0.5888677448023003
2026-05-20 13:20:00+03:00,0.034412288623237294,-1.2213595163366207,0.32415920329091347,0.02641706349771268,0.1249510688454769,-0.5551529064211012
2026-05-20 13:25:00+03:00,0.0404542820858758,-1.140704399730452,0.3613974064306645,0.10581599666332331,0.1068804269676649,-0.6399438000530335
2026-05-20 13:30:00+03:00,0.041664672077275915,-1.125947992524826,0.34105479430375313,0.06295639897911454,0.12042059137926794,-0.5753583354042595
2026-05-20 13:35:00+03:00,0.025357282592479217,-1.3724029391520256,0.4649269436152982,0.3116257224293292,0.10476830414538343,-0.6506578534342233
2026-05-20 13:40:00+03:00,0.022744851457143757,-1.4258754908012008,0.46619388103618914,0.3140697773781747,0.10883788173710375,-0.6301794760246772
2026-05-20 13:45:00+03:00,0.025965097031379468,-1.360733923156347,0.410551199027289,0.2054695921121339,0.10892184097383571,-0.6297641253581765
2026-05-20 13:50:00+03:00,0.08284533539787389,-0.7749600159646328,0.3330953743489991,0.045858773838927336,0.12597196867011848,-0.5506868315960244
2026-05-20 13:55:00+03:00,0.10011035591803495,-0.6749777441630227,0.2469963019121684,-0.1559658318708541,0.13259369662773623,-0.5224467101226279
2026-05-20 14:00:00+03:00,0.26207085671431707,-0.11782413686246056,0.17341700517384565,-0.3704745188722409,0.261869333120373,-0.11832443682146974
2026-05-20 14:05:00+03:00,0.37833649000042024,0.14070590859359025,0.2084788594880574,-0.2612858042480746,0.29528801187194104,-0.038436599628099026
2026-05-20 14:10:00+03:00,0.43467199527017975,0.2529273477997751,0.20522340693092544,-0.2708101734647509,0.2982189352664513,-0.03169545013520805
2026-05-20 14:15:00+03:00,0.3401583813861027,0.061040639975969355,0.19141736683856084,-0.3125042129007551,0.2826610185589195,-0.06793767925672943
2026-05-20 14:20:00+03:00,0.2676314421172493,-0.10411576503170787,0.23081462464009248,-0.19869450649667797,0.2566301993118088,-0.13141960157435806
2026-05-20 14:25:00+03:00,0.31716560118169757,0.011006788776141394,0.26242827590515844,-0.11693742218882947,0.3095473378604898,-0.005988646634148271
2026-05-20 14:30:00+03:00,0.31506387912698264,0.006340423606792995,0.28348754585873437,-0.0659828308199667,0.2946068356485044,-0.04000885737729875
2026-05-20 14:35:00+03:00,0.23162265560436718,-0.1965126162868686,0.29033373163562903,-0.049920670689350605,0.3201559580814471,0.017617735282799713
2026-05-20 14:40:00+03:00,0.24089742803382927,-0.17183850232034636,0.3252993831510147,0.028912833445169706,0.3158271288173795,0.008036965762406261
2026-05-20 14:45:00+03:00,0.18547542869134112,-0.33115438635673505,0.30082911313454336,-0.02572403176046867,0.30290472639703186,-0.020996611455291667
2026-05-20 14:50:00+03:00,0.149947434624332,-0.4537102608159117,0.37698291439761866,0.13794161268715396,0.3042309171472722,-0.017985670908238008
2026-05-20 14:55:00+03:00,0.0752219656704989,-0.8252674349229482,0.40037620538309027,0.1852090123636776,0.2396454047556472,-0.17513067667275156
2026-05-20 15:00:00+03:00,0.06890181412248289,-0.8706607320142632,0.28336577731670604,-0.0662706130627865,0.2512882009599011,-0.1449534050865495
2026-05-20 15:05:00+03:00,0.028408086899233787,-1.3163677338141782,0.29196001885196976,-0.04613833612966681,0.23604388941540935,-0.1846670913705389
2026-05-20 15:10:00+03:00,0.015291856860158243,-1.620086188955633,0.257596613098481,-0.1289910546580305,0.2261405656311018,-0.2114220399651038
2026-05-20 15:15:00+03:00,0.00564299107475061,-2.1032694004677808,0.2428486742711102,-0.16673092755183,0.18699445655567293,-0.3263433599059535
2026-05-20 15:20:00+03:00,0.006025282008065919,-2.071621613140698,0.13732853405089465,-0.5029783354455849,0.1855589880150164,-0.3308889508377071
2026-05-20 15:25:00+03:00,0.0041893808570147946,-2.246940363196985,0.1061520243112738,-0.6436174758323349,0.18010084423172562,-0.3484254192486533
2026-05-20 15:30:00+03:00,0.0031197547079404074,-2.3889553838297104,0.2492264601139575,-0.1502277336143913,0.18661695827594527,-0.3275361413220936
2026-05-20 15:35:00+03:00,0.0028131763485481375,-2.438752994399123,0.2517832188070018,-0.14369134375582332,0.18252229761568683,-0.3405953156115388
2026-05-20 15:40:00+03:00,0.006893263658781197,-2.0066053443965624,0.21508076763084313,-0.24230144893158428,0.17867729089914763,-0.3530670713848063
2026-05-20 15:45:00+03:00,0.0031542412619376806,-2.3836619843332145,0.1793559124914652,-0.35085076064964277,0.17848719808440247,-0.3536890759906787
2026-05-20 15:50:00+03:00,0.014573557935428342,-1.643529205893398,0.2621020540845701,-0.1177467088418947,0.2377744176346448,-0.18007244229910047
2026-05-20 15:55:00+03:00,0.02792241569623343,-1.3248845443601787,0.3431489429905633,0.06742246008158143,0.2474520589739118,-0.1547903738477705
2026-05-20 16:00:00+03:00,0.01922484641406121,-1.5083041577823455,0.28091210032064867,-0.0720855669993721,0.26542081611948176,-0.10954355427787071
2026-05-20 16:05:00+03:00,0.01836635936516089,-1.5306513173424352,0.2674607597866604,-0.10453382625073723,0.23308964925582665,-0.19256490256711886
2026-05-20 16:10:00+03:00,0.03184056395942353,-1.2599181350436703,0.2307629547506315,-0.1988342100484881,0.23674204592437365,-0.18281066043959474
2026-05-20 16:15:00+03:00,0.029076046499894127,-1.304882314929532,0.2381697726186687,-0.17902598715896512,0.2372121127882677,-0.18156285736492186
2026-05-20 16:20:00+03:00,0.0795061362806325,-0.7964516864863967,0.3584954245142511,0.09976993577445231,0.24956452348054733,-0.1493609142094968
2026-05-20 16:25:00+03:00,0.05034132812562073,-1.0307818063470917,0.4042915675045821,0.19302456318470548,0.3405601790713555,0.061899638946251445
2026-05-20 16:30:00+03:00,0.028337005477749522,-1.3176053570775934,0.3472688958862256,0.07617112102848045,0.34253886156237895,0.0661227300696266
2026-05-20 16:35:00+03:00,0.10119278851617548,-0.6692380821655343,0.6203832136221585,0.6148331220939256,0.3932878711814677,0.1709942903919164
2026-05-20 16:40:00+03:00,0.16551303109606588,-0.39743351414569195,0.6332313045248531,0.6411985114998903,0.3943904249728462,0.1732110748428425
2026-05-20 16:45:00+03:00,0.10640404518567749,-0.642343911235677,0.6549721317481411,0.686731656241047,0.3109592876815572,-0.0028216762329531624
2026-05-20 16:50:00+03:00,0.06692502529724782,-0.8856509257288393,0.7270375918594919,0.8492923040608478,0.36130848970314206,0.10563106077971345
2026-05-20 16:55:00+03:00,0.0642777453826599,-0.9063828681798478,0.6829226366513789,0.7473389011227917,0.32478422607087604,0.027785755700802866
2026-05-20 17:00:00+03:00,0.3615793361437131,0.10619432661735474,0.6608286020160637,0.6992216261910782,0.5856475846215959,0.5451515000221558
2026-05-20 17:05:00+03:00,0.1782033102090866,-0.3546189545281138,0.44752591531686436,0.277955022096104,0.4670975830131966,0.31581259727270683
2026-05-20 17:10:00+03:00,0.12854687527732794,-0.5395585125960619,0.4834598054938789,0.3473070970111405,0.5275704890311855,0.4320628011299659
2026-05-20 17:15:00+03:00,0.010354176340052703,-1.809648904573178,0.9794879050500639,2.2347153035603706,0.5531189150407236,0.48144709439322647
2026-05-20 17:20:00+03:00,0.035193355645142296,-1.2101984517742999,0.9759365416171545,2.156327504637539,0.3954272430414107,0.17529372017319905
2026-05-20 17:25:00+03:00,0.0012078577396582553,-2.845338420651992,0.9264466866374912,1.5950503155157507,0.14951333966196212,-0.4553468837340401
2026-05-20 17:30:00+03:00,0.002013242450312855,-2.5997262764241342,0.636413068483565,0.6477863627137468,0.381755684535425,0.14767154181226455
2026-05-20 17:35:00+03:00,0.001790624814460731,-2.6560792508977284,0.7117908231754454,0.8130308830327109,0.0371024616619704,-1.1838918931438072
2026-05-20 17:40:00+03:00,0.0027918072930690025,-2.4424232145465856,0.712426061144606,0.8145181596380706,0.027885175425914174,-1.3255435218611518
2026-05-20 17:45:00+03:00,0.002519204255629247,-2.4918712779590266,0.7002952563197481,0.7864427648236033,0.028218612612278645,-1.3196734426205219
2026-05-20 17:50:00+03:00,0.003160644386874875,-2.382685511226066,0.48717216851838874,0.3544408389399114,0.03223491561180284,-1.2538143545549825
2026-05-20 17:55:00+03:00,0.006568566865805831,-2.0299211732874376,0.7133022472861467,0.8165727851393686,0.03468057666101096,-1.2174985230568576
2026-05-21 09:55:00+03:00,0.006470486397239841,-2.03718968507114,0.22172722774492162,-0.2236116560159706,0.03188246160566837,-1.2592661824206655
2026-05-21 10:00:00+03:00,0.01028156933030643,-1.8130618131503415,0.731011448566141,0.8589478373912218,0.033211328556930084,-1.239006593753305
2026-05-21 10:05:00+03:00,0.014732927699423777,-1.638231137769153,0.5006384816356727,0.3803009111933373,0.045237543288150016,-1.0846647472499549
2026-05-21 10:10:00+03:00,0.015792120313149215,-1.6043911593475304,0.4985693705559858,0.3763283104613648,0.04549396788248556,-1.0818227356145333
2026-05-21 10:15:00+03:00,0.03516305710220372,-1.2106269324111096,0.7261935161897504,0.8472527586367947,0.0660706253068517,-0.8922574687274563
2026-05-21 10:20:00+03:00,0.07743309164659609,-0.8102127182835971,0.7032965993076377,0.7933265009415015,0.0661983880644676,-0.8912645306057084
2026-05-21 10:25:00+03:00,0.0783608889168335,-0.8040127718357468,0.48849000711849144,0.35697252597576057,0.12923867053822324,-0.5366011230161418
2026-05-21 10:30:00+03:00,0.10389518814574795,-0.6551426297974378,0.37365840971701564,0.13113549082790144,0.15687825538228073,-0.42809230817032223
2026-05-21 10:35:00+03:00,0.17480625609495182,-0.36583723470748,0.28286613201500144,-0.06745223586445195,0.2016905566627733,-0.28127380561937765
2026-05-21 10:40:00+03:00,0.336097479044638,0.05233097221201743,0.20217722694325693,-0.27982430921748347,0.26439023695106606,-0.11208381230882551
2026-05-21 10:45:00+03:00,0.22023644868920483,-0.22776827922991744,0.21469425665337527,-0.24340108529300686,0.34033133923043096,0.061410464871690815
2026-05-21 10:50:00+03:00,0.40600887028620836,0.19644478463801088,0.19789212156201444,-0.29267802767237877,0.389528915187072,0.16341996516610086
2026-05-21 10:55:00+03:00,0.41994036576033744,0.22403025068281393,0.18905701800785774,-0.31985879052314914,0.398655549114437,0.18176639068653133
2026-05-21 11:00:00+03:00,0.27603580035087116,-0.08373467089901784,0.2974776429452739,-0.033396800784037145,0.39871074834507125,0.1818769084275259
2026-05-21 11:05:00+03:00,0.3215303343843315,0.020645161246326572,0.26751710451229366,-0.10439579942829824,0.3390083001916988,0.05857916941826176
2026-05-21 11:10:00+03:00,0.23331189684342196,-0.1919683404686528,0.3107549498509976,-0.0032795111662048265,0.3159908032338527,0.00840049151856517
2026-05-21 11:15:00+03:00,0.19244109463014927,-0.30933592203495663,0.40453431009458624,0.19350829641633188,0.2865468050741226,-0.05877701704250555
2026-05-21 11:20:00+03:00,0.252141227408716,-0.14277961682332113,0.3120376190237908,-0.000408317022586549,0.2646519068979683,-0.11143822706735666
2026-05-21 11:25:00+03:00,0.16338571489302273,-0.4048647729059743,0.24368673309598762,-0.1645457922026211,0.19440743266596272,-0.30328620082643465
2026-05-21 11:30:00+03:00,0.062213923064511595,-0.9231045936879999,0.18472620383811897,-0.3335385204370064,0.06918202312992583,-0.8685682106658245
2026-05-21 11:35:00+03:00,0.0783511224610539,-0.8040776848431541,0.2880479053439852,-0.05525816761817545,0.07354715183174595,-0.8369436041110425
2026-05-21 11:40:00+03:00,0.08556186333095793,-0.7580497926917729,0.346661424256327,0.07488425276007121,0.067658541597075,-0.8800412705213201
2026-05-21 11:45:00+03:00,0.08252982467009166,-0.7769565985875311,0.21195170757848983,-0.25124540573978016,0.06616754510334907,-0.8915040707355218
2026-05-21 11:50:00+03:00,0.05053400864226495,-1.0288507717624695,0.20786423057475753,-0.2630755485946562,0.06171597283086452,-0.927216594629494
2026-05-21 11:55:00+03:00,0.08092334134267971,-0.7872316486881579,0.22695273917615583,-0.20919725693268754,0.06341601927532807,-0.9133030749290831
2026-05-21 12:00:00+03:00,0.07349495742258556,-0.8373114000660707,0.13161942322233186,-0.5265254123609846,0.06085187495500462,-0.9344263263075671
2026-05-21 12:05:00+03:00,0.04826761129446649,-1.0520197675252625,0.0651603970843398,-0.899383617721961,0.05873415755699483,-0.9525091812644938
2026-05-21 12:10:00+03:00,0.0241072591797709,-1.3972829587599438,0.12510574906034733,-0.554474230584917,0.04872691245361592,-1.0472422356061866
2026-05-21 12:15:00+03:00,0.04565062039875035,-1.0800940179008545,0.10071248668146503,-0.6717781479826413,0.05529195790664061,-0.9832496689310853
2026-05-21 12:20:00+03:00,0.05141968359124893,-1.0200632747960727,0.07647199357251772,-0.8167073741660168,0.05424205613057751,-0.9929846159860262
2026-05-21 12:25:00+03:00,0.03220520398443552,-1.2542717098797884,0.07342371696661493,-0.837813795242592,0.05119113680613303,-1.0223170803163657
2026-05-21 12:30:00+03:00,0.03445785455923458,-1.2207017250559997,0.09027658130551093,-0.7298228496325244,0.03354969429561986,-1.2339730752211993
2026-05-21 12:35:00+03:00,0.030092833130729836,-1.2878810809036676,0.07018551995593454,-0.8611381737437279,0.04340833756628965,-1.105395352419575
2026-05-21 12:40:00+03:00,0.04253508938335363,-1.1155877129823404,0.07485848359841607,-0.8277810399564832,0.04200106468609938,-1.121919709254124
2026-05-21 12:45:00+03:00,0.02652158269408332,-1.3502811744572942,0.0943286897738881,-0.7066051330483918,0.03937375654031713,-1.1542393026223416
2026-05-21 12:50:00+03:00,0.024973017328190083,-1.3799215743523523,0.07654043554367866,-0.8162424072282711,0.030311020325782995,-1.284305510343193
2026-05-21 12:55:00+03:00,0.034856394432116876,-1.214983878394398,0.06302615372511444,-0.9164627856057586,0.029810926606004012,-1.2925382403029926
2026-05-21 13:00:00+03:00,0.04242223445703952,-1.1169194905815194,0.052957357096237265,-1.0051412692276236,0.030247107419581493,-1.2853503020929393
2026-05-21 13:05:00+03:00,0.027836881215859813,-1.3263993762958923,0.0467743387502105,-1.067856390996921,0.029575681693386074,-1.2964573292261823
2026-05-21 13:10:00+03:00,0.03163758309728756,-1.2630884331587806,0.03216288191747118,-1.254923884331113,0.02641928419422079,-1.3521865905163648
2026-05-21 13:15:00+03:00,0.03434073848709076,-1.2223941132899903,0.038884481246500235,-1.1604856171854925,0.0275094701660474,-1.3322399730041172
2026-05-21 13:20:00+03:00,0.022079194658417324,-1.4404594319063555,0.0341167976308477,-1.2256457313406213,0.027477951296285358,-1.3328057888849452
2026-05-21 13:25:00+03:00,0.03381634428374394,-1.230040804916953,0.03350135236943379,-1.2346891993332334,0.03182967314079567,-1.2600877386026272
2026-05-21 13:30:00+03:00,0.03768278243038913,-1.1761531286999423,0.02738045980942558,-1.334559923480923,0.031618101421275364,-1.2633937457392457
2026-05-21 13:35:00+03:00,0.05316710540576025,-1.0031376172633746,0.0072334037489427796,-1.9833222803595212,0.03048345033009672,-1.2814973864432804
2026-05-21 13:40:00+03:00,0.014264734413745586,-1.6539601870230771,0.013162374594090913,-1.6931011327221366,0.01766151468109831,-1.5497790772660245
2026-05-21 13:45:00+03:00,0.014644103521075142,-1.6411769921654233,0.008774026406274909,-1.8898978523940548,0.01723390522784238,-1.5617521268520378
2026-05-21 13:50:00+03:00,0.0153259667735649,-1.619000096759043,0.00438241160780437,-2.2252256782837927,0.016669907010499196,-1.577998410914415
2026-05-21 13:55:00+03:00,0.0047100431333150766,-2.190461587358885,0.0024190225185859175,-2.511397168184606,0.008937570440826551,-1.8809542475459677
2026-05-21 14:00:00+03:00,0.00157592978982671,-2.7174861263418837,0.0035380562559288874,-2.328360368531087,0.005814997469992121,-2.0887742042096185
2026-05-21 14:05:00+03:00,0.0010289708772419565,-2.922361233013695,0.002886892104108637,-2.4263019970747477,0.005570830176056249,-2.1094817572794646
2026-05-21 14:10:00+03:00,0.00014448531664320043,-3.8650676803288957,0.004711839466545429,-2.190277696468788,0.00443239485537704,-2.2197581015282974
2026-05-21 14:15:00+03:00,0.0001957082921473805,-3.7193920501853537,0.008308662549487315,-1.916281119950253,0.004129429144924515,-2.25388769866605
2026-05-21 14:20:00+03:00,0.0002442546473201238,-3.613010124775409,0.0119721336871736,-1.7391732365664239,0.0041305233139693025,-2.253760006444493
2026-05-21 14:25:00+03:00,0.0011108255144571927,-2.8855815732848504,0.015496096827191757,-1.6136182797366305,0.004242220592952625,-2.240898773556668
2026-05-21 14:30:00+03:00,0.0020639751423643113,-2.587756311651639,0.026921943195774074,-1.3428921476676352,0.00560271769600475,-2.106726741099157
2026-05-21 14:35:00+03:00,0.0038363859091073474,-2.289360065222316,0.03522070375074697,-1.2098120011789713,0.005973345510096545,-2.075802008208701
2026-05-21 14:40:00+03:00,0.0069321541630958244,-2.003886156319274,0.03200932403662373,-1.257297166861634,0.007942404378191924,-1.9380974606661598
2026-05-21 14:45:00+03:00,0.02016211824142441,-1.484996868508935,0.029568314863947398,-1.2965805451545667,0.01259146807380698,-1.7146627891496533
2026-05-21 14:50:00+03:00,0.01780995677026538,-1.5456891816538547,0.024713187588460486,-1.3850696227344461,0.011730538642326111,-1.7490757059531925
2026-05-21 14:55:00+03:00,0.017676906597874308,-1.5493534317552602,0.03112311969967836,-1.2712126789788734,0.012539314179475309,-1.716680380606909
2026-05-21 15:00:00+03:00,0.013770145081448314,-1.6711385380422674,0.027239624075301547,-1.337104685809787,0.010086688284899592,-1.822341528404789
2026-05-21 15:05:00+03:00,0.009215413721231592,-1.8661254624767363,0.023716659296287742,-1.4053157709056836,0.011302452529965375,-1.7671275275798484
2026-05-21 15:10:00+03:00,0.015502371445640366,-1.613420905138359,0.0190683632803878,-1.5123036445119857,0.011975163802472986,-1.7390502962451821
2026-05-21 15:15:00+03:00,0.01072922700329851,-1.7923882491427363,0.00861116050393614,-1.8989701079090402,0.01113784890428747,-1.774249151397501
2026-05-21 15:20:00+03:00,0.013018626973532729,-1.698441874859377,0.010996179597814786,-1.7804623398883528,0.01120894044092743,-1.771160674932244
2026-05-21 15:25:00+03:00,0.008814943747409397,-1.8876448363531468,0.010519978328890863,-1.8019433005749554,0.010477622005079828,-1.8039003107172917
2026-05-21 15:30:00+03:00,0.01020483810811075,-1.816694601127113,0.010118646810059547,-1.820807649409652,0.012377815642712987,-1.7229809743844167
2026-05-21 15:35:00+03:00,0.014896820243793601,-1.6328412715986897,0.011192306342365921,-1.7718815818600127,0.012444375224062398,-1.7203744876383964
2026-05-21 15:40:00+03:00,0.013976269973288357,-1.6639065298987896,0.023584936941464442,-1.4080538111925527,0.013461410174092601,-1.6821728625752121
2026-05-21 15:45:00+03:00,0.012734025861689625,-1.7091897033973966,0.023147122831569104,-1.4172628783082792,0.009420997879715376,-1.8554356312589766
2026-05-21 15:50:00+03:00,0.011033102261585862,-1.7788354301838403,0.018626395537644194,-1.5237760050726807,0.009606661753379016,-1.8459783241170704
2026-05-21 15:55:00+03:00,0.006763002648343593,-2.0158253537656687,0.014610927554181712,-1.6422817904769538,0.009550957167514178,-1.8487966482032752
2026-05-21 16:00:00+03:00,0.013971373933357605,-1.6640770876782955,0.024818603561784173,-1.3829746693048754,0.01663869193521747,-1.5789132867294327
2026-05-21 16:05:00+03:00,0.01689062724802575,-1.5715770203778991,0.026732826474889834,-1.3463690595879734,0.019666660284391582,-1.497181937381285
2026-05-21 16:10:00+03:00,0.014858025403905843,-1.6341118060806128,0.0215758460932293,-1.4517755650304272,0.015249843194729811,-1.6214272268949779
2026-05-21 16:15:00+03:00,0.011922804954838844,-1.7411789774830273,0.021906007838424526,-1.444324245223428,0.012472942091273639,-1.7192600225724093
2026-05-21 16:20:00+03:00,0.013866635418126824,-1.6677399272101487,0.02589363534771865,-1.362091990757859,0.012321773729721017,-1.7251863421376392
2026-05-21 16:25:00+03:00,0.006243551304978123,-2.0544359023252627,0.026186050287108496,-1.3565577929141392,0.010775327071367542,-1.7903079444525019
2026-05-21 16:30:00+03:00,0.009043294285202702,-1.8752585134053326,0.045831064199430685,-1.0781097411777956,0.012391472718654787,-1.7224450338205963
2026-05-21 16:35:00+03:00,0.010208011100870704,-1.8165438428898972,0.03168934292556994,-1.2622781470036488,0.012163481638480859,-1.7314693919003576
2026-05-21 16:40:00+03:00,0.019930142670601295,-1.490665014732732,0.09397490152585686,-0.708596219235132,0.014103120150918256,-1.6595080043851707
2026-05-21 16:45:00+03:00,0.016698355397427783,-1.577166088991828,0.15507234309468446,-0.434676765961443,0.038253608044169565,-1.1686519041384416
2026-05-21 16:50:00+03:00,0.06233430588558393,-0.9221151036952115,0.18660168814326417,-0.3275844294658794,0.21572012436166885,-0.2404856026952999
2026-05-21 16:55:00+03:00,0.05643558301919761,-0.9728417637359019,0.3940357560579898,0.1724982177893813,0.27796477983118084,-0.07911149061280354
2026-05-21 17:00:00+03:00,0.05407023974535647,-0.9945946236361068,0.5335049271278899,0.4434994307065424,0.29668813884308437,-0.035211493336713424
2026-05-21 17:05:00+03:00,0.14028131494879556,-0.4911214887859307,0.7818894804881908,0.991881040980972,0.49605331363238364,0.37149745374187637
2026-05-21 17:10:00+03:00,0.09515786837836598,-0.701964677054219,0.7503323241314344,0.907246693693847,0.5904729403646931,0.5547126023833822
2026-05-21 17:15:00+03:00,0.6205101604530665,0.6150918688052693,0.8015771272794219,1.0492248154903057,0.21129072654289682,-0.25314703291765356
2026-05-21 17:25:00+03:00,0.7879912465468166,1.0092316032156496,0.5961636461932852,0.5660329443628629,0.44628755319557434,0.2755503113009682
2026-05-21 17:30:00+03:00,0.8011134266641812,1.0478266792774171,0.488679514595478,0.35733656085883836,0.6398965202843927,0.6550272819877597
2026-05-21 17:35:00+03:00,0.9727880986979999,2.0957572286765545,0.8793882089978788,1.332642596270938,0.6879284569824591,0.7584825812563716
2026-05-21 17:40:00+03:00,0.9882201251155881,2.5051873600336214,0.9603174682590729,1.9084856510919415,0.695773727060932,0.776146315768703
2026-05-22 09:55:00+03:00,0.9659331602122024,1.9845240405245883,0.7476506412693186,0.9004000848300003,0.7119522971979936,0.8134087553969341
2026-05-22 10:00:00+03:00,0.33505331944454636,0.05008315207607698,0.739059985588648,0.8787848876762829,0.33515520262816206,0.05030263424244688
2026-05-22 10:05:00+03:00,0.5941944858191052,0.5621100973071835,0.19136544368544472,-0.3126652516927257,0.544647017344676,0.46502408097799475
2026-05-22 10:10:00+03:00,0.3934148344748823,0.17124967253619713,0.5757650158725989,0.525669153264857,0.31927945784551054,0.015683422896533218
2026-05-22 10:15:00+03:00,0.36906175295748667,0.12168445662796819,0.4635029127723278,0.30887757382046277,0.2811919686839284,-0.07142075343608427
2026-05-22 10:20:00+03:00,0.09290325874720774,-0.7146686006542772,0.46140283951900224,0.3048226630536812,0.17675832446492176,-0.35937010000649605
2026-05-22 10:25:00+03:00,0.06826853578753934,-0.8754190595947143,0.5229976565080098,0.42326061486159766,0.17706331042995216,-0.358364769436325
2026-05-22 10:30:00+03:00,0.20131207977781804,-0.2824028671163613,0.5109348539858873,0.40007279237290305,0.20972902004919586,-0.25765740192078496
2026-05-22 10:35:00+03:00,0.3156198713705229,0.007576495222524425,0.45267282409695386,0.2879363450272714,0.23154884387537292,-0.19671170579209296
2026-05-22 10:40:00+03:00,0.39696552783169786,0.1783801839136399,0.39700517140644875,0.17845967175337485,0.30304695490250005,-0.0206733446952953
2026-05-22 10:45:00+03:00,0.23549294947034663,-0.18613474655475812,0.45590403086367975,0.2941924167090233,0.21744305878111753,-0.23561160303430653
2026-05-22 10:50:00+03:00,0.2647643122868733,-0.11116102890728166,0.35550383535769037,0.09351453551495159,0.1967191178811659,-0.2962330388267359
2026-05-22 10:55:00+03:00,0.14455501248491767,-0.4743248982910373,0.3621009834603388,0.10727865550006532,0.18235742828758392,-0.34112587093409175
2026-05-22 11:00:00+03:00,0.21813691447397746,-0.23365664068215333,0.3217276299174111,0.021079196523980506,0.17894074692888604,-0.35220586975106555
2026-05-22 11:05:00+03:00,0.3353686770453764,0.05076240492733333,0.279787003740156,-0.07476226275855133,0.23995651289876713,-0.17431152669817
2026-05-22 11:10:00+03:00,0.3788744108272203,0.14180338285048236,0.8449847489241534,1.1930360581811623,0.27682566583666823,-0.08183919985845814
2026-05-22 11:15:00+03:00,0.561022301804405,0.4968218550781637,0.8456914635789995,1.1956306031248893,0.3824438357764097,0.14907054623227767
2026-05-22 11:20:00+03:00,0.40137652951636793,0.18720815713403754,0.852675963874576,1.221811346230114,0.38602446655588735,0.15633462614017685
2026-05-22 11:25:00+03:00,0.8550350974202853,1.2308858746903648,0.8155368248568867,1.0925273998951306,0.9757066871428575,2.151651352322035
2026-05-22 11:30:00+03:00,0.8294550126809501,1.1383052940248475,0.7911295359198073,1.0182976269323354,0.977314835541025,2.185316158244788
2026-05-22 11:35:00+03:00,0.8400119252634412,1.1750469476921634,0.7465632784173201,0.8976376910969851,0.9743193376659948,2.1243112200873604
2026-05-22 11:40:00+03:00,0.8793406067305026,1.3324272122259844,0.8996359677819993,1.4317777968773602,0.9722180978719233,2.0855255690550534
2026-05-22 11:45:00+03:00,0.9296623941756965,1.618170805158232,0.954032787357345,1.8347675952689282,0.9759764326313216,2.157143479965767
2026-05-22 11:50:00+03:00,0.971235281028226,2.0683534248680493,0.9767148562577281,2.172491612377306,0.9801040009063938,2.249654852353114
2026-05-22 11:55:00+03:00,0.981738966250082,2.29161343978091,0.9780491269727617,2.2014702947048868,0.9871880296716503,2.4643728893342662
2026-05-22 12:00:00+03:00,0.9850221898245862,2.3883494274062187,0.9833161213392595,2.3357395780614447,0.9920187659758034,2.6938878905665637
2026-05-22 12:05:00+03:00,0.9812809589401189,2.2794993180574994,0.9790641245886877,2.2246920760578472,0.9617506638903682,1.9268577550592219
2026-05-22 12:10:00+03:00,0.9888852861552907,2.533408541551816,0.9359980089632577,1.6667380104202894,0.9901489108076796,2.5919501551984423
2026-05-22 12:15:00+03:00,0.9919991164069402,2.6926981190763892,0.966649478666479,1.9950801121947712,0.9918459244672434,2.683520596998983
2026-05-22 12:20:00+03:00,0.987311294101638,2.46907315758378,0.972567410158587,2.091771323786144,0.9840478930369261,2.357625053296606
2026-05-22 12:25:00+03:00,0.9804575800839961,2.258434727156808,0.9825643563433835,2.314217640759369,0.9835817035579427,2.3435713502701945
2026-05-22 12:30:00+03:00,0.9708322358278365,2.061475391007155,0.9895527104742083,2.563456706795431,0.9801904273011679,2.2517867410594667
2026-05-22 12:35:00+03:00,0.9847797002250729,2.3805225196059,0.9875471372931361,2.478193219847073,0.98419288250872,2.3620783490990105
2026-05-22 12:40:00+03:00,0.9838386999807034,2.3512694456497263,0.9841155452613938,2.359697988017394,0.9831499520434197,2.3309014915866046
2026-05-22 12:45:00+03:00,0.974920700552372,2.1359809293465655,0.9853459490590196,2.398996325692443,0.9820222021332128,2.299255040140096
2026-05-22 12:50:00+03:00,0.986628971471392,2.44360051607403,0.9839830929473004,2.3556476045423143,0.9829904354315583,2.326301015402872
2026-05-22 12:55:00+03:00,0.9800083514985293,2.2473060096630495,0.9642486201193482,1.9605199119066818,0.9810352782828372,2.2731204449387543
2026-05-22 13:00:00+03:00,0.9902033219144017,2.594635025004398,0.9476423228318449,1.7690615288894243,0.9866215270320357,2.4433297312548836
2026-05-22 13:05:00+03:00,0.9887571846292488,2.5278459440619265,0.8872721698035689,1.3693741679949711,0.9863977514903836,2.4352587233365655
2026-05-22 13:10:00+03:00,0.9848232458606175,2.381918968243743,0.886510203875646,1.3657283040713322,0.9842995281166592,2.3653796560386673
2026-05-22 13:15:00+03:00,0.9790598629020668,2.2245922908367897,0.8955024422806632,1.4101951179357632,0.984022239379404,2.3568412593296957
2026-05-22 13:20:00+03:00,0.982457636822065,2.3112365655115203,0.8976144707119196,1.4211263706126223,0.9835532206733419,2.342725476593129
2026-05-22 13:25:00+03:00,0.9741935831592274,2.1219045693186938,0.9304323719216436,1.6238515258985455,0.9814647889094856,2.2843262380347333
2026-05-22 13:30:00+03:00,0.9785799248718133,2.213480023918249,0.9515546419240334,1.8083159081632711,0.9835036320285073,2.341256243229113
2026-05-22 13:35:00+03:00,0.9697203774360504,2.042968619973875,0.9490517247514344,1.7828726206531287,0.9813547566724118,2.2814314528628103
2026-05-22 13:40:00+03:00,0.9719529358073021,2.080835159876896,0.9723090046590566,2.0871436194934683,0.9810432444668884,2.273326005091179
2026-05-22 13:45:00+03:00,0.9848370022083944,2.3823609354542357,0.9544359161653452,1.8391983945610884,0.9875909116933954,2.479904724979552
2026-05-22 13:50:00+03:00,0.9828673673289324,2.3227805992419532,0.9409370316131973,1.7078119750576948,0.9855225161186432,2.4049008394400477
2026-05-22 13:55:00+03:00,0.9805756048411984,2.2614001374055137,0.938233594942338,1.6849488387728808,0.9829776670444035,2.325934608497105
2026-05-22 14:00:00+03:00,0.9556995403323358,1.853332975818896,0.9394165308558902,1.69483541564714,0.9828348430573293,2.3218543794249356
2026-05-22 14:05:00+03:00,0.9331996682982154,1.6447603189513504,0.9404534957054934,1.7036516919443794,0.9812375268402882,2.2783656906076923
2026-05-22 14:10:00+03:00,0.992612143996295,2.731256594844682,0.9495869358633517,1.7882121688748458,0.9973837532988724,3.2318322786639366
2026-05-22 14:15:00+03:00,0.9924987962404132,2.7238935165673017,0.954408470301825,1.8388955545955832,0.9969191677464769,3.1531502964706157
2026-05-22 14:20:00+03:00,0.9947654242664224,2.8976773675286145,0.9580235746193619,1.8803638283014492,0.9966869587668735,3.11815930340137
2026-05-22 14:25:00+03:00,0.9981113239020997,3.3885933483926984,0.9747759504408338,2.133147278414489,0.9972648074865762,3.2104342515138393
2026-05-22 14:30:00+03:00,0.9991940570794705,3.797880248811235,0.9812311493773656,2.2781994483034738,0.997318836592178,3.2200364994551958
2026-05-22 14:35:00+03:00,0.9964432877103548,3.08397718789504,0.9816949779403439,2.2904370986372524,0.9982436649828335,3.423526588176967
2026-05-22 14:40:00+03:00,0.9999743007336368,5.452077217309313,0.9804338976952738,2.2578418143756678,0.9988718792407759,3.6363076804527514
2026-05-22 14:45:00+03:00,0.9999628807902252,5.275593565815369,0.9831063429887696,2.3296395645697268,0.9991384208414484,3.7658124070682173
2026-05-22 14:50:00+03:00,0.9999460204099312,5.095843759839202,0.9855511479594458,2.405864986651489,0.9990602405877991,3.7240845628658628
2026-05-22 14:55:00+03:00,0.9999466116557955,5.101130420651413,0.992840588546272,2.7464433674053628,0.9991641608933413,3.7803831864176822
2026-05-22 15:00:00+03:00,0.9999482758581483,5.116331385813548,0.9946192637250384,2.8843882503948306,0.9983101931357133,3.442093315926579
2026-05-22 15:05:00+03:00,0.9997218658050504,4.308797203226684,0.9982594316551167,3.42786249139251,0.999354732887178,3.904682031749803
2026-05-22 15:10:00+03:00,0.9998011236439606,4.469832969583827,0.9961510989215324,3.0459408669247447,0.9994253580045159,3.9603547632069054
2026-05-22 15:15:00+03:00,0.9996812595483738,4.243368119808505,0.9957734908682169,3.000837440590005,0.9996904350934988,4.2573926608891615
2026-05-22 15:20:00+03:00,0.9995035594685461,4.03060663336096,0.9941421327349246,2.843377995035427,0.9993281139189226,3.8852660050640804
2026-05-22 15:25:00+03:00,0.9996151437777041,4.1528621830506705,0.9932079629778902,2.77190520213784,0.9995684884798095,4.0979174639161755
2026-05-22 15:30:00+03:00,0.9994142004997004,3.951119070120984,0.9944962280805789,2.8734770946403057,0.9996737153925195,4.2321361953340615
2026-05-22 15:35:00+03:00,0.9986527405886468,3.5509952813653327,0.9913476605810407,2.654810433809713,0.9996279327944998,4.169089665410843
2026-05-22 15:40:00+03:00,0.9982914254252989,3.4367827307470544,0.9914790786227592,2.662220397568386,0.999717365524246,4.301090880320651
2026-05-22 15:45:00+03:00,0.9993159897513945,3.8766760327520573,0.9931770843834898,2.7697130589921333,0.9997324175941883,4.327366343484208
2026-05-22 15:50:00+03:00,0.999445293076043,3.9773114216919208,0.9940274747208996,2.8340184321375936,0.9997585692402748,4.376743178306325
2026-05-22 15:55:00+03:00,0.9991556874726587,3.775537679850996,0.9950484746848584,2.9244965065428095,0.9997435653946597,4.347797047926547
2026-05-22 16:00:00+03:00,0.9984838762726118,3.4942350203937473,0.9935536948565598,2.797148633302878,0.9997416468947415,4.3442184933275625
2026-05-22 16:05:00+03:00,0.9990954211310842,3.742415112854809,0.9937675796992503,2.8134478784122274,0.9997447460083326,4.350012560352778
2026-05-22 16:10:00+03:00,0.9991214079403156,3.7564186681814973,0.9983027131829403,3.439969735578931,0.9997358668361479,4.333595454535273
2026-05-22 16:15:00+03:00,0.9905821239720396,2.6137463384073447,0.9991505583826173,3.7726281725418955,0.9994154965747252,3.95218283697775
2026-05-22 16:20:00+03:00,0.9946011589006291,2.8827671858786736,0.9993582490792978,3.9073064245060416,0.9994994807603055,4.026677251888973
2026-05-22 16:25:00+03:00,0.9957935830674771,3.0031343574961484,0.9997043008480113,4.279394868795085,0.9995487813678614,4.076472806757089
2026-05-22 16:30:00+03:00,0.9992636173148903,3.8412387974659294,0.9997922233467231,4.448814630043491,0.9997734696186965,4.407327310336324
2026-05-22 16:35:00+03:00,0.999626499757606,4.167243829375743,0.9998076667823321,4.485893589565104,0.9998333495670189,4.554703042543724
2026-05-22 16:40:00+03:00,0.999229776889344,3.8196565493397587,0.9922945043445487,2.7108972969292204,0.9974929395877952,3.2523466150867195
2026-05-22 16:45:00+03:00,0.9993946748033601,3.935371732656312,0.9739021068284038,2.1163699946267815,0.9954660960146284,2.9669907460134386
2026-05-22 16:50:00+03:00,0.9993735546262985,3.9189000467563315,0.9486121143173116,1.7785263942678222,0.9962425723398847,3.0575301278785427
2026-05-22 16:55:00+03:00,0.9941719804839724,2.8458443527946815,0.9379629326338977,1.6827116249356562,0.9692261493933082,2.034952751290784
2026-05-22 17:00:00+03:00,0.996355340408961,3.072210463037328,0.9339201058564363,1.65033548752384,0.9915793759623196,2.667952264817466
2026-05-22 17:05:00+03:00,0.9966129610339217,3.1075209703256896,0.9415916165787813,1.713495096252388,0.990772776449178,2.623655129846509
2026-05-22 17:10:00+03:00,0.9964719553901453,3.087875452769981,0.9692085108949209,2.0346689826538293,0.9931237301431975,2.7659484352689936
2026-05-22 17:15:00+03:00,0.9944303229023252,2.8677317881391176,0.9790577055040077,2.224541784036957,0.9911134208031804,2.6418753579210037
2026-05-22 17:20:00+03:00,0.9998630811926963,4.649039868585966,0.9667473081024724,1.996538738014679,0.98307984991164,2.328874489592337
2026-05-22 17:25:00+03:00,0.9998689304493111,4.669998944883359,0.900677325939769,1.437339357174264,0.9787165616934701,2.2166186472348994
2026-05-22 17:30:00+03:00,0.9996518540240895,4.200997607724454,0.9291530359808423,1.6144443854717778,0.9795498535582065,2.236197462838047
2026-05-22 17:35:00+03:00,0.999356257162696,3.9058179514357936,0.9557512953145139,1.8539200525011807,0.9953976662834685,2.9597674700744294
2026-05-22 17:40:00+03:00,0.9968553644895556,3.1432806818673407,0.9549035111275405,1.844384748136504,0.9917221569375119,2.6762298890366316
2026-05-22 17:45:00+03:00,0.9891991360161466,2.547309469051134,0.9504044504455537,1.7964726602064056,0.9425566423279038,1.72198340070488
2026-05-22 17:50:00+03:00,0.9983076828676147,3.441379599117138,0.95348852337544,1.8288438887617118,0.9773152815728795,2.185325814836096
2026-05-22 17:55:00+03:00,0.9941036343861429,2.840215211211662,0.9552961908593123,1.8487799092395354,0.9457088137723887,1.7506752393752336
2026-05-25 09:55:00+03:00,0.31710509497716455,0.01087268195851469,0.20782544216381676,-0.2631886277928723,0.2408698249381534,-0.17191095799085315
2026-05-25 10:00:00+03:00,0.4608263242319032,0.30370904614243055,0.1636686743182855,-0.4038718565334767,0.35306602024682776,0.08839961744254592
2026-05-25 10:05:00+03:00,0.28926650097806694,-0.052409583830851515,0.22319741299192425,-0.2195319803356643,0.28805274976196915,-0.05524682915567352
2026-05-25 10:10:00+03:00,0.23364576281517346,-0.19107291223905995,0.37553100338468437,0.13497213283192977,0.23787752942463813,-0.17979940301787406
2026-05-25 10:15:00+03:00,0.13437369242882322,-0.5150600205953856,0.5178434978037701,0.4133482588298203,0.24136652436099504,-0.17060803152784754
2026-05-25 10:20:00+03:00,0.31355926947912954,0.002989477049797348,0.26485783710608574,-0.1109304487085982,0.2573849885903834,-0.12952234589444533
2026-05-25 10:25:00+03:00,0.2814515168830015,-0.07080456936606525,0.3014455833853091,-0.024318029519633216,0.26092912748254204,-0.12066187094691376
2026-05-25 10:30:00+03:00,0.3346041309070547,0.04911509102498054,0.421061841494558,0.22623927533449706,0.331051825500746,0.0414364217125367
2026-05-25 10:35:00+03:00,0.38591905024944545,0.1561211279730959,0.3996933110410303,0.18384329759399365,0.36901987112137774,0.12159812294351964
2026-05-25 10:40:00+03:00,0.33886539091440543,0.05827302318432795,0.4469763290224317,0.2768879669616242,0.3306517381617949,0.04056900203019853
2026-05-25 10:45:00+03:00,0.34107529007203374,0.06300017282195261,0.6267433212545804,0.6278387113558241,0.36171423006990683,0.10647479051803138
2026-05-25 10:50:00+03:00,0.32429882202024213,0.02672292336686201,0.7553604855751676,0.9202178235002061,0.31924568194421477,0.015608827927232546
2026-05-25 10:55:00+03:00,0.4267719738520744,0.237462452692871,0.7382786797031289,0.8768421635775341,0.37805538295911634,0.1401321468949032
2026-05-25 11:00:00+03:00,0.45849686363842906,0.2992072859985712,0.7750956224750303,0.9729693215619261,0.38910410809988666,0.1625623291434984
2026-05-25 11:05:00+03:00,0.41883118633005545,0.22184384438343221,0.8961735217380353,1.413647085163449,0.3456279680723189,0.07269254216766372
2026-05-25 11:10:00+03:00,0.287947048717977,-0.055494250474772244,0.3625189640771461,0.10814700886831528,0.2763692767287346,-0.08293400630713109
2026-05-25 11:15:00+03:00,0.34794723054739896,0.07760686140577781,0.4557440624876969,0.29388286886113696,0.3420524011087371,0.06508557011323898
2026-05-25 11:20:00+03:00,0.3394723078422469,0.05957275305839704,0.3763867491215388,0.13672287246019105,0.3437895353992716,0.06878600416547717
2026-05-25 11:25:00+03:00,0.315053854515713,0.006318126279200222,0.3088555486148331,-0.007543220051483057,0.3468891436834747,0.07536677749179427
2026-05-25 11:30:00+03:00,0.28378482672955624,-0.0652805643295619,0.39448353513265555,0.17339818197006723,0.30021818059847605,-0.02711902437564311
2026-05-25 11:35:00+03:00,0.3850987154554914,0.15445897309895243,0.8836901445391814,1.3524177535529422,0.32288345461286827,0.023619121213172254
2026-05-25 11:40:00+03:00,0.4086883798671084,0.20177225719222144,0.855245933719075,1.2317028167565187,0.35789011138934174,0.0985061048511175
2026-05-25 11:45:00+03:00,0.4224786937577241,0.2290278273121722,0.8161876689929306,1.0946068472089896,0.358338691412114,0.09944278384672847
2026-05-25 11:50:00+03:00,0.18840145022289156,-0.3219139389221211,0.8391471679275536,1.1719651524315702,0.3123072167852603,0.00019434304389213207
2026-05-25 11:55:00+03:00,0.20651620085649,-0.26701460942377364,0.8453704068096068,1.194450714066209,0.31657510440749903,0.009697416590523214
2026-05-25 12:00:00+03:00,0.2505508474247257,-0.14683637467158556,0.7617450048293523,0.9369506839553171,0.33656612459888113,0.053338729252977266
2026-05-25 12:05:00+03:00,0.33545431199790066,0.050946800514719254,0.8415393312497015,1.1805233819400736,0.3362456863277896,0.052649746248062776
2026-05-25 12:10:00+03:00,0.3722815779401148,0.12830963978187807,0.7282874046941262,0.85231948478984,0.3737155340031893,0.13125264334186876
2026-05-25 12:15:00+03:00,0.42126584869688,0.2266409449711336,0.7373483434986562,0.8745337501562093,0.3713684836308932,0.12643323392309452
2026-05-25 12:20:00+03:00,0.4729092275992607,0.3270111054046328,0.7440725519607985,0.8913394542510485,0.3777835501777144,0.13957715556671801
2026-05-25 12:25:00+03:00,0.4382115035895375,0.2598346750176766,0.732916950825056,0.8636096891142432,0.35867737468995364,0.1001496446394328
2026-05-25 12:30:00+03:00,0.29877403976348366,-0.030423014000684482,0.8525146516092773,1.2211952572950497,0.27893658711257935,-0.07678984244488926
2026-05-25 12:35:00+03:00,0.25740417913034297,-0.1294741555637537,0.8114313716427844,1.0795394429512561,0.26403279826484527,-0.1129663374850812
2026-05-25 12:40:00+03:00,0.2666945630025977,-0.10641260335324734,0.8849526021889559,1.3583413794277006,0.22721640313381383,-0.20847621349420287
2026-05-25 12:45:00+03:00,0.4308161542376015,0.24538786540453064,0.900144701073597,1.434488335698433,0.29175571163895575,-0.04661282071060681
2026-05-25 12:50:00+03:00,0.40639651750568684,0.19721619577607838,0.8977496453370111,1.421832771307414,0.3178442540045259,0.012510027734427245
2026-05-25 12:55:00+03:00,0.45638085437985754,0.2951149929729813,0.9190808688292987,1.5454089339863866,0.35914282803166486,0.10112060569580902
2026-05-25 13:00:00+03:00,0.33287619911085964,0.04538512012976181,0.9287330422498955,1.6113903189110073,0.3159596701686575,0.008331351858901947
2026-05-25 13:05:00+03:00,0.3177093415677521,0.0122113288848789,0.9435102443352499,1.730503798807755,0.25422452174302274,-0.13749109662066222
2026-05-25 13:10:00+03:00,0.2936448970094558,-0.042232768382991455,0.9291429218675624,1.614370642452872,0.212518614327277,-0.24961787899029858
2026-05-25 13:15:00+03:00,0.37839005163669154,0.14081521319051457,0.8763095755593909,1.3188612618270983,0.2311443139280455,-0.19780361705975802
2026-05-25 13:20:00+03:00,0.2571320204857754,-0.13015780644363348,0.7811304580053506,0.9897474111772472,0.2006678144033024,-0.28432847893168206
2026-05-25 13:25:00+03:00,0.453166689392804,0.2888930245488991,0.7995327040064375,1.043078856323496,0.26117895376946876,-0.12004025050342665
2026-05-25 13:30:00+03:00,0.8949530956379025,1.4073838783587245,0.788332942216075,1.0102139177281586,0.9614114943334613,1.922451001809194
2026-05-25 13:35:00+03:00,0.47360582493682524,0.3283523754993584,0.7964352864363506,1.033856180857169,0.6172582866583112,0.6084742829675307
2026-05-25 13:40:00+03:00,0.2960454228257416,-0.03669085248871704,0.6945491459219957,0.7733725955240163,0.3177641046063577,0.01233258352269025
2026-05-25 13:45:00+03:00,0.2397887223579376,-0.17475323001874718,0.6969136942406414,0.7787340342221014,0.32953227095916665,0.038139083299076025
2026-05-25 13:50:00+03:00,0.32182672650851585,0.021297148749408912,0.6843836425325474,0.7505814268555085,0.29158755797475755,-0.04700348862447162
2026-05-25 13:55:00+03:00,0.2494139758114379,-0.1497468326402231,0.6837025463303004,0.7490688150043184,0.2776562844717481,-0.07984952915279062
2026-05-25 14:00:00+03:00,0.3800877517936588,0.14427663397453652,0.19360544242555602,-0.30574799706087097,0.2977394294264244,-0.032795692301749654
2026-05-25 14:05:00+03:00,0.69205577119361,0.7677441748599338,0.1652560340436813,-0.39832718403429845,0.2706198411643949,-0.09682329860867693
2026-05-25 14:10:00+03:00,0.5121870110117901,0.4024781601395854,0.20370052136030595,-0.2753040966762706,0.26200513436902634,-0.11798727106054856
2026-05-25 14:15:00+03:00,0.4453591044152839,0.27374655741062476,0.11972731563008822,-0.5785078405185168,0.24566046996727758,-0.15941954501788957
2026-05-25 14:20:00+03:00,0.4380202327628104,0.25946173136631573,0.13709096510149635,-0.5039415649988102,0.2494806534677346,-0.1495758899476724
2026-05-25 14:25:00+03:00,0.24655457770532677,-0.15710648897933321,0.18892741105765465,-0.32026466299493717,0.23788534392431285,-0.17977871359801487
2026-05-25 14:30:00+03:00,0.20551602781556477,-0.26994950856887284,0.27673431980562235,-0.08205823549936533,0.2366545436065303,-0.18304312589619667
2026-05-25 14:35:00+03:00,0.20681406052475051,-0.26614260589912847,0.2951608229754043,-0.03873001057263972,0.22166601025539842,-0.2237819493934991
2026-05-25 14:40:00+03:00,0.1392491670585835,-0.49524206259860765,0.19353834981583048,-0.3059542959827841,0.2118191854814521,-0.2516263207301229
2026-05-25 14:45:00+03:00,0.10920786571303402,-0.6283512523209399,0.15750100561095232,-0.42583603934636727,0.20356962457479433,-0.27569152780925366
2026-05-25 14:50:00+03:00,0.12304719594102091,-0.5635659375145698,0.2357770530293024,-0.1853776237090735,0.2003511683116472,-0.28527658338401407
2026-05-25 14:55:00+03:00,0.10960963699704986,-0.6263721006744185,0.265103158392411,-0.11032587019076842,0.20346608573412242,-0.27599811568219146
2026-05-25 15:00:00+03:00,0.10709108614547883,-0.6388854571772445,0.21822076965049733,-0.23342067977434305,0.19593352437618294,-0.29862288700193523
2026-05-25 15:05:00+03:00,0.09208494065899793,-0.7193480146110611,0.28061120023894076,-0.07280079077572155,0.19648835061318803,-0.2969343050255896
2026-05-25 15:10:00+03:00,0.10663182411838223,-0.6411951352359171,0.18775310310987445,-0.323951858959453,0.198463134939033,-0.2909532069569825
2026-05-25 15:15:00+03:00,0.14013036073339055,-0.49172254476378346,0.1258819725140241,-0.5510792846648259,0.2015485587818757,-0.2816972238557204
2026-05-25 15:20:00+03:00,0.10305182148418947,-0.6595063462997006,0.09709122239905305,-0.691283675648531,0.2021049073956494,-0.28003954043727103
2026-05-25 15:25:00+03:00,0.1275242999835859,-0.5439549215521491,0.3846832855581679,0.15361672862295578,0.23097991606980625,-0.1982477432609129
2026-05-25 15:30:00+03:00,0.10616080095038019,-0.6435730791306675,0.6352027529375683,0.6452775242075243,0.2351318524709118,-0.18709796615807592
2026-05-25 15:35:00+03:00,0.12595443984272,-0.5507632520613442,0.6242367632042499,0.6227027061241028,0.23008352004454063,-0.20067328735119414
2026-05-25 15:40:00+03:00,0.14486503026449749,-0.4731226200661564,0.6596792443219648,0.6967622763817183,0.20822729305807935,-0.26201787239733976
2026-05-25 15:45:00+03:00,0.14580904317136478,-0.4694747590225751,0.775337452308725,0.9736354419911141,0.20425379945744024,-0.27366853527991464
2026-05-25 15:50:00+03:00,0.16537129833685027,-0.3979262314894791,0.7633852626558483,0.9412990116541008,0.20512190195259092,-0.27110893542537995
2026-05-25 15:55:00+03:00,0.18360633356772532,-0.3371160835277995,0.8444693576264536,1.1911499984161193,0.21098969018480254,-0.25401455087336317
2026-05-25 16:00:00+03:00,0.262121118943695,-0.11769939514112449,0.8954433710344014,1.4098921999585854,0.27129298728923035,-0.09518766200904887
2026-05-25 16:05:00+03:00,0.16244356700724585,-0.40818081828664055,0.8511157514818641,1.215875759173004,0.20390761274580213,-0.2746915213626218
2026-05-25 16:10:00+03:00,0.19936764004130084,-0.2882286550381508,0.844297012825767,1.190520445334477,0.2257439736173408,-0.21251047732974856
2026-05-25 16:15:00+03:00,0.2212477621257961,-0.22494632334658393,0.7983035880093922,1.0394064643399379,0.21180542852044354,-0.25166587304395377
2026-05-25 16:20:00+03:00,0.2127548636752231,-0.24894056907549753,0.7865932217194685,1.0052245320654483,0.3593285183650519,0.10150781140252504
2026-05-25 16:25:00+03:00,0.22144773269118215,-0.2243894227598455,0.9047278150816824,1.4594778655150171,0.2982720244217013,-0.03157369789658932
2026-05-25 16:30:00+03:00,0.22211446385029934,-0.22253522976455234,0.6266873081498578,0.6277237877101074,0.22094315406661047,-0.2257953232000488
2026-05-25 16:35:00+03:00,0.2744482089130601,-0.0875546604022775,0.12892119488179068,-0.537956636436601,0.21379857154706322,-0.24595488101301588
2026-05-25 16:40:00+03:00,0.7566351345931741,0.9235345323857458,0.30819008751309507,-0.009040447867123047,0.22404100029526716,-0.2171997212847851
2026-05-25 16:45:00+03:00,0.12358486913234124,-0.5611787495948956,0.24476233968612737,-0.16174872984219735,0.22396717078290176,-0.21740358731085863
2026-05-25 16:50:00+03:00,0.13582553188605953,-0.5090960944288594,0.12678355921925427,-0.5471584611887137,0.22437655073910784,-0.21627376466499462
2026-05-25 16:55:00+03:00,0.10412289458507809,-0.6539698108449189,0.16391887441756675,-0.4029950435137739,0.18646462572201952,-0.32801799300007045
2026-05-25 17:00:00+03:00,0.16150469773360335,-0.41150078167361714,0.05414382069016366,-0.9939045428163416,0.18168247477234004,-0.34330179030400615
2026-05-25 17:05:00+03:00,0.4140017349885285,0.21230488556249932,0.09236657363205801,-0.7177333439666469,0.18349834818459745,-0.33746194878339625
2026-05-25 17:10:00+03:00,0.37642496859547314,0.13680102741795688,0.30607488818800266,-0.013811419833529917,0.18414811442203374,-0.33538319468817623
2026-05-25 17:15:00+03:00,0.2503869389140403,-0.14725544632591248,0.2911990620796452,-0.04790658039867965,0.23288722260263003,-0.19310860548913555
2026-05-25 17:20:00+03:00,0.3135932329678503,0.0030652138684641953,0.39547388401590083,0.175387362851178,0.2322954722511316,-0.1946998931366225
2026-05-25 17:25:00+03:00,0.3747986922064428,0.13347266068421088,0.23252256546013259,-0.19408887857231244,0.22125962281488137,-0.22491328231316354
2026-05-25 17:30:00+03:00,0.5693304955621499,0.513049316553429,0.17625520701065475,-0.36103151629752056,0.22398904288857846,-0.21734318670693736
2026-05-25 17:35:00+03:00,0.6537813755148854,0.6842045552008164,0.5561714543063,0.4873786897894622,0.3266814358195888,0.03193198149927741
2026-05-25 17:40:00+03:00,0.3490685092981476,0.07997726522505996,0.2946165329069963,-0.03998645980370402,0.23696850096589997,-0.1822093174088031
2026-05-25 17:45:00+03:00,0.461001714824548,0.3040478579778189,0.29116493854327713,-0.04798593735433432,0.23605965150688332,-0.1846251374181308
2026-05-25 17:50:00+03:00,0.37586996952495033,0.13566580107914292,0.395531730450465,0.17550349780886454,0.2344459227488492,-0.18893049697553302
2026-05-25 17:55:00+03:00,0.4335733077236187,0.2507806551767345,0.4988644857093131,0.3768949209402164,0.313419055277346,0.002676759461075768
2026-05-26 09:55:00+03:00,0.2330017013260949,-0.19280108375605934,0.12614217433308506,-0.5499452584314201,0.2776429667968316,-0.07988140147033213
2026-05-26 10:00:00+03:00,0.5115857825303461,0.4013231778440565,0.8270676831636783,1.130249413891374,0.40881978322240115,0.20203323671229095
2026-05-26 10:05:00+03:00,0.6301793556258064,0.6349020088259609,0.855863327459134,1.2341007751772186,0.39950438337160893,0.18346532522053102
2026-05-26 10:10:00+03:00,0.4188644876961988,0.2219095112272749,0.7309565977814739,0.8588139538731105,0.3073016932047358,-0.011042053056434867
2026-05-26 10:15:00+03:00,0.42005785319208716,0.22426174727968995,0.7011264116058448,0.788345081355297,0.37435474351546566,0.1325630653530454
2026-05-26 10:20:00+03:00,0.4690539746092058,0.3195841540279122,0.7316402725654383,0.8604839487181056,0.3210452378504649,0.01957738911624597
2026-05-26 10:25:00+03:00,0.8000634093447454,1.0446697283955224,0.8680217220338713,1.2831702464886101,0.47604114963324934,0.33303997481793535
2026-05-26 10:30:00+03:00,0.5526957318861688,0.4806254030171199,0.8187832530689247,1.1029569895069724,0.3895011308373689,0.16336388216163988
2026-05-26 10:35:00+03:00,0.5425496178210174,0.4609663176378592,0.787415501590303,1.0075790525371984,0.34147512098464083,0.06385385828546969
2026-05-26 10:40:00+03:00,0.5287876731927839,0.4344071829778948,0.7497914286449796,0.9058618073888418,0.4070757197578276,0.19856723754566388
2026-05-26 10:45:00+03:00,0.5096859669739162,0.3976739688200333,0.7194710310356338,0.8311464453023272,0.37186208443494895,0.1274478154588544
2026-05-26 10:50:00+03:00,0.5550440366593522,0.4851869929562664,0.7928189923334104,1.0232197334625543,0.41954539358994014,0.2232518684138948
2026-05-26 10:55:00+03:00,0.5373896901435308,0.45099570170665304,0.7278020470856355,0.8511428637418728,0.38260780279560697,0.14940374790924418
2026-05-26 11:00:00+03:00,0.40765013794285543,0.1997092955092188,0.7074105891063529,0.8028279697476397,0.3346261922156424,0.04916265114939922
2026-05-26 11:05:00+03:00,0.4397495327045171,0.26283226317476127,0.6993814457586734,0.7843547493439322,0.32095401516920496,0.01937649902158823
2026-05-26 11:10:00+03:00,0.35313001313101516,0.08853408829342153,0.5836805402921348,0.54126338494887,0.28291749490248946,-0.06733070835440992
2026-05-26 11:15:00+03:00,0.3929394268845312,0.1702932579475768,0.6823758595751415,0.7461274567982994,0.36290048809528397,0.10893924683262643
2026-05-26 11:20:00+03:00,0.4401522027399642,0.26361668426046087,0.6569804578585344,0.6910032394859331,0.3290760121209384,0.037147523859132024
2026-05-26 11:25:00+03:00,0.4702688280611748,0.3219252339037871,0.6851619963633703,0.7523121886115776,0.3443426289230883,0.06996232806622564
2026-05-26 11:30:00+03:00,0.2755326999722766,-0.08494373002343007,0.6215266846777341,0.6171649942244982,0.26972051190693314,-0.09901252283499483
2026-05-26 11:35:00+03:00,0.3245663729267795,0.02730885035758016,0.6938503238131148,0.7717925314224843,0.27084043965781196,-0.09628699846209741
2026-05-26 11:40:00+03:00,0.3014769016368667,-0.02424664472002983,0.6366432638239203,0.64826393418977,0.2727593185852172,-0.09163350425196787
2026-05-26 11:45:00+03:00,0.3264595099526625,0.03144762057820224,0.6664822087353487,0.7113789057678782,0.2736085043905345,-0.08958067148624452
2026-05-26 11:50:00+03:00,0.44732711274877335,0.27756906372407203,0.723399552191848,0.8405294371415507,0.2874274719596359,-0.05671124518867691
2026-05-26 11:55:00+03:00,0.4715680028332549,0.32442805459082813,0.664088676083403,0.7062196346435905,0.28394241847769636,-0.0649084655598334
2026-05-26 12:00:00+03:00,0.4585933105456336,0.29939374106640365,0.6612843388146699,0.7001979153495906,0.28497484215722013,-0.062473825939128425
2026-05-26 12:05:00+03:00,0.40253457321851555,0.18952045573933932,0.5399635984335946,0.45596723894382796,0.28085383496561467,-0.07222402423184308
2026-05-26 12:10:00+03:00,0.5471367175687123,0.4698448055424266,0.6793192467404655,0.7393755709015629,0.38744470014628624,0.15920890498299856
2026-05-26 12:15:00+03:00,0.5425429334043046,0.4609533902794285,0.693553818889449,0.7711227314701561,0.3681841182201657,0.11987447972316445
2026-05-26 12:20:00+03:00,0.5246466491052976,0.42643380637554884,0.6710177534526172,0.7212064515582803,0.3830306612314183,0.15026279926766492
2026-05-26 12:25:00+03:00,0.428283977854794,0.2404277260092058,0.5490047326158836,0.4734647678424695,0.3254312290209394,0.029201141548718668
2026-05-26 12:35:00+03:00,0.3812918845782449,0.1467280973205119,0.5897665514666006,0.5533108315007591,0.2803643936688743,-0.07338778635548715
2026-06-01 09:55:00+03:00,0.1446861366865073,-0.4738161250890018,0.625351073904718,0.6249842567473716,0.22147518667793667,-0.2243129939012014
2026-06-01 10:00:00+03:00,0.13783493382043796,-0.5009297908276352,0.2475813209279768,-0.15445725470316818,0.2209608041724512,-0.22574610616831253
2026-06-01 10:05:00+03:00,0.19446169140360056,-0.3031199263362229,0.07665866752699768,-0.8154400847223067,0.20339576810337817,-0.27620639878677283
2026-06-01 10:10:00+03:00,0.11196971341183716,-0.6148729135843854,0.1579112225516902,-0.42435375388658414,0.19470904904634287,-0.30236235085443214
2026-06-01 10:15:00+03:00,0.1393818769603161,-0.49471082340714223,0.29798827610788187,-0.03222457809123769,0.19400334332182115,-0.3045256311600546
2026-06-01 10:20:00+03:00,0.16313494781755147,-0.4057458822016974,0.20050170117560173,-0.28482571670453055,0.1969882154345482,-0.29541607685138405
2026-06-01 10:25:00+03:00,0.1758115229238645,-0.3624997650999852,0.15608870081340673,-0.43096342640603424,0.19505592389274537,-0.30130121486510686
2026-06-01 10:30:00+03:00,0.1901668199375526,-0.3163920762928623,0.24709870951173277,-0.15570158225181052,0.22830145290629944,-0.20551511922971205
2026-06-01 10:35:00+03:00,0.24690063274817164,-0.15621276034892792,0.24397797326639925,-0.16378761255276308,0.24251268373227278,-0.16760841940420312
2026-06-01 10:40:00+03:00,0.17892572976772445,-0.35225493212710945,0.1754675299736511,-0.3636401211437441,0.22296131288974963,-0.2201858487854622
2026-06-01 10:45:00+03:00,0.13719172920468925,-0.5035328429944688,0.18005047000945712,-0.3485891799901563,0.2024292200381099,-0.27907479776308053
2026-06-01 10:50:00+03:00,0.1851534367728546,-0.33217809418201205,0.17484331429077452,-0.3657139340695844,0.21772815383597455,-0.23480779384211892
2026-06-01 10:55:00+03:00,0.15149354815567972,-0.44791261186712633,0.2015500251603441,-0.2816928501766119,0.18568365257502464,-0.3304931114578079
2026-06-01 11:00:00+03:00,0.1643341016214412,-0.40154227311338403,0.22110867567545384,-0.22533387948328154,0.19781241560698132,-0.2929190879259995
2026-06-01 11:05:00+03:00,0.10742096365823442,-0.6372318413485653,0.19087207906760453,-0.3141970808857801,0.1854064586693524,-0.3313735469118144
2026-06-01 11:10:00+03:00,0.07973614058724088,-0.7949451784392157,0.16524924131948776,-0.3983508198586567,0.18422754619079118,-0.3351294637906118
2026-06-01 11:15:00+03:00,0.18474675954462683,-0.33347300977924715,0.22026053067249188,-0.22770097330204364,0.21412538380640678,-0.24502216705136703
2026-06-01 11:20:00+03:00,0.21092879044979132,-0.2541901602262842,0.22424736667040268,-0.21663013346358861,0.22437491152180317,-0.21627828571684643
2026-06-01 11:25:00+03:00,0.2767308965706704,-0.08206644482937289,0.3162871392235753,0.009058404962054525,0.2476959907149915,-0.15416183848876286
2026-06-01 11:30:00+03:00,0.23792089641857256,-0.1796845918503808,0.2996320467076884,-0.028458916503330073,0.22797035858619302,-0.20641761990865906
2026-06-01 11:35:00+03:00,0.22335658367122277,-0.21909144255323026,0.19490260327611017,-0.30177006636609577,0.2239625174206946,-0.2174164382787488
2026-06-01 11:40:00+03:00,0.2685329785602087,-0.10191038452775235,0.28813138532439525,-0.05506279683812712,0.22714835711487144,-0.2086622427686561
2026-06-01 11:45:00+03:00,0.3704812984650435,0.12460826204056016,0.3533037116868498,0.08889903237538105,0.26553619915664795,-0.1092595412090106
2026-06-01 11:50:00+03:00,0.2951051634555442,-0.03885843414302529,0.277911890227278,-0.07923798690734737,0.23897235909301445,-0.17690530667556179
2026-06-01 11:55:00+03:00,0.30901274441988397,-0.0071898043505381655,0.2821487247760891,-0.06915106178849875,0.23937036927248037,-0.1758554537665016
2026-06-01 12:00:00+03:00,0.23161538626415334,-0.19653222162767553,0.24325236204123965,-0.16567772366872974,0.23661642989134485,-0.1831444002947956
2026-06-01 12:05:00+03:00,0.2692000361159215,-0.10028161242406469,0.25385990720451895,-0.13841461198887425,0.25147153526386157,-0.14448579703403255
2026-06-01 12:10:00+03:00,0.22594955396329564,-0.21194609807818157,0.19799501472705774,-0.29236694885273845,0.2409786009056881,-0.1716254635857721
2026-06-01 12:15:00+03:00,0.31987963871329306,0.017008240633405447,0.19739732153228215,-0.29417567031006375,0.2571344909850558,-0.13015159852816618
2026-06-01 12:20:00+03:00,0.3271621353512861,0.03298054464640246,0.2007570167179371,-0.2840615909279987,0.2553871581788819,-0.13455212142127593
2026-06-01 12:25:00+03:00,0.315331488415665,0.006935514348472929,0.1595892224115766,-0.41832279638500547,0.2517436814152655,-0.14379208484559722
2026-06-01 12:30:00+03:00,0.323063891422453,0.02401520101561265,0.20372406056900275,-0.2752344444755456,0.2545800551938355,-0.1365914226176704
2026-06-01 12:35:00+03:00,0.24442780685856583,-0.16261777332009425,0.16232012417662964,-0.4086164430535306,0.24017526784259619,-0.17373597845506838
2026-06-01 12:40:00+03:00,0.20230494850570666,-0.27944433563303983,0.1790388410661097,-0.35188546683129773,0.22245966074269144,-0.2215767925570468
2026-06-01 12:45:00+03:00,0.19542964804086896,-0.3001595421481084,0.1410820054833309,-0.48794238746789176,0.22127139322415357,-0.2248804940311128
2026-06-01 12:50:00+03:00,0.23440824134933286,-0.18903127431988417,0.2313633994289233,-0.19721209362292924,0.22989440540393286,-0.20118585531014269
2026-06-01 12:55:00+03:00,0.10095768870265924,-0.6704800620747202,0.18988691856250584,-0.31726494655805004,0.20614547575126094,-0.26810123186817336
2026-06-01 13:00:00+03:00,0.07400340291518996,-0.8337387504776997,0.260173108724147,-0.1225453549551015,0.20266474003657015,-0.2783749119689626
2026-06-01 13:05:00+03:00,0.02510579839775773,-1.3773108785733525,0.22198348955763503,-0.22289915759432183,0.1980955760102088,-0.2920630376756072
2026-06-01 13:10:00+03:00,0.02789238832139256,-1.3254158208402653,0.3085758293502226,-0.008172345462436767,0.20655768799979934,-0.2668930973862873
2026-06-01 13:15:00+03:00,0.02113995077897307,-1.4617858114888265,0.22334429521331595,-0.2191254454332094,0.2140206003655312,-0.24532110345025246
2026-06-01 13:20:00+03:00,0.02375578015496554,-1.4045054445352791,0.264386164396822,-0.11209386324117795,0.21599804224623978,-0.23969750088090647
2026-06-01 13:25:00+03:00,0.01610811926285657,-1.5947273403969158,0.22583221421907787,-0.21226818603499398,0.21588003012019888,-0.24003206231784088
2026-06-01 13:30:00+03:00,0.02338300710743228,-1.412280326045122,0.24525062986070786,-0.16048169801186274,0.20740105400047115,-0.26442685785566583
2026-06-01 13:35:00+03:00,0.011000920426709266,-1.7802531444771528,0.23138093922965888,-0.19716475368766084,0.19698078510544828,-0.29543862351549804
2026-06-01 13:40:00+03:00,0.013088466776160573,-1.6958398458712893,0.2404156957476671,-0.1731038216537863,0.1944948465684556,-0.3030183405188097
2026-06-01 13:45:00+03:00,0.011568405109511008,-1.755834866577943,0.3245001632181773,0.027163876825900157,0.19281902030626738,-0.30816954191234464
2026-06-01 13:50:00+03:00,0.011155065587266292,-1.7734994109035156,0.3855294773367695,0.15533194321452348,0.16671233820726042,-0.3932777388415004
2026-06-01 13:55:00+03:00,0.007180441167864273,-1.9868752600176816,0.22525136399640883,-0.21386432084553125,0.16345754935882845,-0.4046125718348471
2026-06-01 14:00:00+03:00,0.02159309898717097,-1.4513834374162504,0.26507547811489063,-0.11039406854285286,0.1632123004048286,-0.4054739755949736
2026-06-01 14:05:00+03:00,0.00917500400890765,-1.868254419934454,0.15600393972059723,-0.43127235253445506,0.16500969388692996,-0.399184842997698
2026-06-01 14:10:00+03:00,0.00820167640004935,-1.9225535795828912,0.15807368739689331,-0.423767565336296,0.16470298670505806,-0.40025411313128395
2026-06-01 14:15:00+03:00,0.009817366134802505,-1.83546234155398,0.15705448066813132,-0.4274530931365629,0.163943221670175,-0.40290977731948324
2026-06-01 14:20:00+03:00,0.011736920547177173,-1.7488115438490983,0.28085975066015906,-0.07220996583965131,0.16585272704609652,-0.3962539761449901
2026-06-01 14:25:00+03:00,0.01584975587854745,-1.6026144560579596,0.3728136852838604,0.12940225430133545,0.19138843327705005,-0.31259394574451316
2026-06-01 14:30:00+03:00,0.01597870031186193,-1.5986624588120877,0.3029348818886928,-0.02092806480599163,0.16478972282470772,-0.3999515639150804
2026-06-01 14:35:00+03:00,0.0177787839165687,-1.5465452764451508,0.22705513647732714,-0.20891716018113116,0.16304968308678972,-0.40604572153781987
2026-06-01 14:40:00+03:00,0.04800698215610935,-1.0547499910141234,0.30420189321518226,-0.018051486632225625,0.1643809045147723,-0.40137870717116597
2026-06-01 14:45:00+03:00,0.05764008366660962,-0.9620920920351551,0.24874494480878684,-0.15146373174919342,0.1643809045147723,-0.40137870717116597
2026-06-01 14:50:00+03:00,0.07002843244707226,-0.8622947594601666,0.27084533505657155,-0.09627510030358913,0.1636066626351663,-0.4040893398785796
2026-06-01 14:55:00+03:00,0.06960477438703466,-0.8654260231500858,0.2979358814684551,-0.032344803293962304,0.16466274010196852,-0.40039454305509964
2026-06-01 15:00:00+03:00,0.09134326514444123,-0.7236215531870543,0.38141157548816845,0.14697161016627897,0.1738369509274484,-0.3690696678817986
2026-06-01 15:05:00+03:00,0.07828579254706901,-0.8045120923506505,0.36348407175105263,0.11015037049964006,0.17379821427388353,-0.36919914191467085
2026-06-01 15:10:00+03:00,0.09582260272913637,-0.6982705849935378,0.39611269445708586,0.1766695408970262,0.1747758810194523,-0.3659383145224389
2026-06-01 15:15:00+03:00,0.16551660367432644,-0.3974210988670589,0.3066584570743968,-0.012493311867561877,0.21054826798222598,-0.2552882700593697
2026-06-01 15:20:00+03:00,0.22980447812988133,-0.20142969397620578,0.4507541982995463,0.2842179935305151,0.47522193173357624,0.3314633710788668
2026-06-01 15:25:00+03:00,0.34120708647955134,0.06328162673330172,0.6330729621583051,0.640871296433213,0.5243922281051695,0.42594415290294163
2026-06-01 15:30:00+03:00,0.3474897983827492,0.07663881961292295,0.5842462806173446,0.5423810978235835,0.3048323697633544,-0.016622589004324825
2026-06-01 15:35:00+03:00,0.3552020870658825,0.09288227925586898,0.6244567807668325,0.6231529777610493,0.3044311989857291,-0.017531600793838767
2026-06-01 15:40:00+03:00,0.25083911065333564,-0.14609980262435324,0.487204535810386,0.3545030233926677,0.2601227054985446,-0.12267105149326188
2026-06-01 15:45:00+03:00,0.21897848383253915,-0.23129149691564554,0.317497916657855,0.011743093500755517,0.23975045180049598,-0.17485400568599907
2026-06-01 15:50:00+03:00,0.18972284256185692,-0.3177770743138656,0.4212095416042758,0.22653008727037277,0.23218887778093128,-0.1949868387356245
2026-06-01 15:55:00+03:00,0.19798348421436687,-0.2924018032075127,0.4790951954939873,0.33891543847057953,0.2482237524171445,-0.1528033817570554
2026-06-01 16:00:00+03:00,0.2876756436735724,-0.05612979386573185,0.5458347620695015,0.467323317902645,0.25569549638226363,-0.13377416393051597
2026-06-01 16:05:00+03:00,0.18483228847890526,-0.33320049114950673,0.3592617101408755,0.1013685115008434,0.24607404724075482,-0.1583489173102388
2026-06-01 16:10:00+03:00,0.6200991547005739,0.6142542665285411,0.7629117282718306,0.9400415444671397,0.4646689514919914,0.3111279226345658
2026-06-01 16:15:00+03:00,0.3934927294824935,0.1714063412327543,0.7819403990444371,0.9920243656291537,0.4373451857525166,0.25814522340470275
2026-06-01 16:20:00+03:00,0.6920155054143629,0.7676534894511657,0.7928266536188263,1.023242121386125,0.528123485872507,0.43312783179319864
2026-06-01 16:25:00+03:00,0.9221283536125641,1.5654237902415336,0.8856598445423014,1.3616846100753488,0.6406447265564271,0.6565865192669942
2026-06-01 16:30:00+03:00,0.9223260436609928,1.566746758983307,0.9434466601385623,1.729931486047977,0.8058779552984893,1.062311458706437
2026-06-01 16:35:00+03:00,0.9090436590454513,1.484013527813881,0.9319050770425203,1.6348808084155269,0.838268240082202,1.1688465493525872
2026-06-01 16:40:00+03:00,0.9134885249391627,1.5104033779707615,0.9263136409415265,1.594113946415795,0.928806126171775,1.611920566429319
2026-06-01 16:45:00+03:00,0.912638083127684,1.5052608817930506,0.8897264972753239,1.3812658634666526,0.9375733462467805,1.6795073699159158
2026-06-01 16:50:00+03:00,0.8698103558041045,1.2907077956835953,0.9153339231064272,1.5217215775515183,0.9376991854344503,1.6805403210207885
2026-06-01 16:55:00+03:00,0.9282887015535621,1.6081772456727077,0.9358679930951448,1.6656972576249531,0.9387588489850623,1.6893166894934117
2026-06-01 17:00:00+03:00,0.9285600293826894,1.6101370527208658,0.9284013993250824,1.608990431908509,0.9397411254979436,1.6975798332162833
2026-06-01 17:05:00+03:00,0.9210812313817455,1.5584671535301837,0.9360708521405409,1.6673219676755382,0.9676801398356404,2.0106591490548227
2026-06-01 17:10:00+03:00,0.9571121648969593,1.869596809398346,0.9548502641760637,1.843791578931611,0.9713638613569391,2.07056735485741
2026-06-01 17:15:00+03:00,0.9526882070229432,1.8202520083383322,0.9732940815187087,2.1050158196586297,0.9523209631040063,1.8163555670043519
2026-06-01 17:20:00+03:00,0.8934501192318642,1.3997582713844237,0.9664416606032618,1.9919952277730677,0.9649771179072494,1.9707640366247818
2026-06-01 17:25:00+03:00,0.9311152485908605,1.6289385195959483,0.9263686251108363,1.5945007334722208,0.9568655703441769,1.8667212186119206
2026-06-01 17:30:00+03:00,0.9093371739740516,1.4857199018503844,0.9549030857992463,1.8443800073507248,0.830141147677137,1.1406371590651927
2026-06-01 17:35:00+03:00,0.8597268882701121,1.2493042514391377,0.909707981614291,1.4878827486226127,0.8972815992622215,1.4193903542223425
2026-06-01 17:40:00+03:00,0.8747535070317536,1.3120074400667,0.8264447813800758,1.1281619686317577,0.7898224019692595,1.014509461429035
2026-06-01 17:45:00+03:00,0.8319228129816257,1.1467274420457365,0.7955383052336181,1.0312049350401773,0.7706210407503243,0.9607345152329756
2026-06-01 17:50:00+03:00,0.664497992509435,0.7071006218119836,0.7267468082413858,0.8485892380814934,0.7166387136414595,0.8244313419411831
2026-06-01 17:55:00+03:00,0.8679014844185556,1.282666664889005,0.8010770946055196,1.047717235533214,0.7313680107309785,0.8598185795953353
2026-06-02 09:55:00+03:00,0.734608290313443,0.8677653253638978,0.8605991221731653,1.2527849111485463,0.9522700789232794,1.8158179386621662
2026-06-02 10:00:00+03:00,0.5136948043303348,0.40537499262491317,0.9176390722775434,1.5361783646995537,0.9213797044090628,1.560441435772139
2026-06-02 10:05:00+03:00,0.5636425190799514,0.5019319751539686,0.7325903075670633,0.86280905484654,0.9104151233093088,1.4920296390272296
2026-06-02 10:10:00+03:00,0.37549068797525115,0.13488961383918768,0.5980834033002971,0.5698633173298766,0.868725803697139,1.2861269311306274
2026-06-02 10:15:00+03:00,0.38602541977484384,0.1563365565823786,0.7899354640760831,1.014836438412157,0.8274577914425435,1.1315597600913536
2026-06-02 10:20:00+03:00,0.36905444284353245,0.12166938811953054,0.7497479945107857,0.9057506870315123,0.8185117195823599,1.1020791135003662
2026-06-02 10:25:00+03:00,0.41558856034276587,0.21544263451969842,0.7045811477798396,0.7962849555106755,0.8248698087967623,1.1229102423117212
2026-06-02 10:30:00+03:00,0.6559399976242145,0.6887887658130278,0.7256160331608403,0.845859638872387,0.8480018558909209,1.2041811072970112
2026-06-02 10:35:00+03:00,0.6418468236200087,0.6590946405290435,0.6613426764015432,0.70032293360094,0.8458498303556489,1.1962133429412634
2026-06-02 10:40:00+03:00,0.6016681486187259,0.5770319218987434,0.7418476852291608,0.8857474136696771,0.47127430569946466,0.32386232212269456
2026-06-02 10:45:00+03:00,0.4752627545912859,0.3315419416154695,0.721952097520668,0.8370628294478455,0.3856306693954661,0.15553696347833676
2026-06-02 10:50:00+03:00,0.3607254910923817,0.10441800473159732,0.7884361020561211,1.0105107119054861,0.3763359762521065,0.1366190422122827
2026-06-02 10:55:00+03:00,0.2525499610146466,-0.14173975885214352,0.7559275562907801,0.9216919249742325,0.33058631249930154,0.04042710374322248
2026-06-02 11:00:00+03:00,0.5048246128446108,0.38833836621222917,0.7545894521960453,0.9182172215769292,0.4353589187397811,0.25426886857425585
2026-06-02 11:05:00+03:00,0.336637684809474,0.053492548630728776,0.7390650959467328,0.8787976069976612,0.3350474490852837,0.05007050482765271
2026-06-02 11:10:00+03:00,0.3472289235763537,0.07608647609315482,0.5707932202978602,0.5159139246562219,0.3305099023188201,0.04026136371565344
2026-06-02 11:15:00+03:00,0.3598549823188262,0.10260512886461122,0.6333011425268759,0.6413428508681819,0.32783730765455243,0.03445198126124791
2026-06-02 11:20:00+03:00,0.46420545317682815,0.31023350363057317,0.5304610709958604,0.4376313465157366,0.333551775689594,0.04684459029087082
2026-06-02 11:25:00+03:00,0.3960200956840744,0.17648372696628828,0.4802853290048524,0.34120421432267684,0.30895088821309913,-0.007328860793551197
2026-06-02 11:30:00+03:00,0.380366579921944,0.14484455918534414,0.4425518747829192,0.26828821980248063,0.30183264138707216,-0.023436090086581415
2026-06-02 11:35:00+03:00,0.4047103547876632,0.19385905699816863,0.5586866978792974,0.4922724057397065,0.2959703628290603,-0.03686374161900738
2026-06-02 11:40:00+03:00,0.4860379671413001,0.3522616625720562,0.4766332687886166,0.3341793668207544,0.29862397175163763,-0.030766872792221612
2026-06-02 11:45:00+03:00,0.5187767854176114,0.4151425323510987,0.43096328453952615,0.2456758503561595,0.31646593928036104,0.009455209527059907
2026-06-02 11:50:00+03:00,0.5033837091471294,0.38557171291865,0.39811595107303943,0.18068575642085866,0.3075360341205662,-0.010513757210755023
2026-06-02 11:55:00+03:00,0.5245514140985833,0.4262505161524437,0.46583034720893424,0.3133685700187341,0.32034869020882595,0.018042691641301012
2026-06-02 12:00:00+03:00,0.6000618350971785,0.5738170455321506,0.5005852458942461,0.3801987010076092,0.3251746824904156,0.028640094122934404
2026-06-02 12:05:00+03:00,0.6271744429403279,0.6287234894681968,0.48690849309986917,0.35393425462811745,0.33319050991881993,0.04606432019664426
2026-06-02 12:10:00+03:00,0.5698482006959547,0.5140629195200919,0.6178667379625673,0.6097108416834159,0.3230606319731033,0.024008047170881633
2026-06-02 12:15:00+03:00,0.6014243581399445,0.5765437193547602,0.5359893594502235,0.4482925781962806,0.3261623203625777,0.030798728112392815
2026-06-02 12:20:00+03:00,0.5951534017927461,0.5640196317980878,0.4421672655704133,0.26753984311018353,0.3303726071338107,0.03996351029619541
2026-06-02 12:25:00+03:00,0.6413858453045577,0.6581323922321104,0.477524935125245,0.3358949284501882,0.34059577268583857,0.061975710504561424
2026-06-02 12:30:00+03:00,0.5615432816733408,0.4978373665080131,0.4243014077578965,0.23261148498816425,0.32761535601747704,0.033968442653783876
2026-06-02 12:35:00+03:00,0.7597281484996738,0.9316320929119888,0.4032300540973494,0.19090809752564275,0.3584199512671977,0.09961240693979338
2026-06-02 12:40:00+03:00,0.781673937138319,0.9912746004364171,0.37864942234594673,0.14134443203530014,0.3657154942097592,0.11477364082539773
2026-06-02 12:45:00+03:00,0.7626139003286478,0.9392515511097773,0.3756704849979437,0.13525760145032859,0.3684486328859696,0.12042018650601186
2026-06-02 12:50:00+03:00,0.7616760541040994,0.9367683471849857,0.3895653141744524,0.16349343471742983,0.3706987104513976,0.1250556521561765
2026-06-02 12:55:00+03:00,0.7723466077030143,0.965432589788413,0.4659073332112718,0.31351707137497914,0.36919528079169606,0.12195967887888351
2026-06-02 13:00:00+03:00,0.7834424122538358,0.9962631165295525,0.4189827277785428,0.2221426566469118,0.36919528079169606,0.12195967887888351
2026-06-02 13:05:00+03:00,0.7834240956989313,0.9962112985771617,0.40637734891227795,0.1971780560748705,0.37261288489482863,0.12899001079511102
2026-06-02 13:10:00+03:00,0.7825974768139375,0.9938760663226573,0.458529466921477,0.2992703166580115,0.37337844833705325,0.13056123153081686
2026-06-02 13:15:00+03:00,0.7356014599499893,0.8702134345585012,0.4472243735672825,0.27736959148574236,0.37278283956603653,0.1293389338535216
2026-06-02 13:20:00+03:00,0.7614996240787448,0.9363019517019513,0.48919731355286167,0.3583311965542114,0.37144207911375277,0.12658454216517234
2026-06-02 13:25:00+03:00,0.745787672285729,0.8956720819169837,0.36555450866757605,0.1144404982547137,0.37214346228928413,0.12802593314288493
2026-06-02 13:30:00+03:00,0.7412852104287471,0.8843386619401304,0.3894832389560564,0.16332776644297653,0.36714538711399297,0.11772993949806228
2026-06-02 13:35:00+03:00,0.6663898042651125,0.7111793861547442,0.3567417100440773,0.09610575635801212,0.34322778774197377,0.06759035193547974
2026-06-02 13:40:00+03:00,0.6146442204106155,0.6031701377488832,0.41341923590446433,0.21115218401365948,0.3409982026620866,0.06283552677416031
2026-06-02 13:45:00+03:00,0.6027342197251041,0.5791679723780045,0.4071632974642634,0.19874139205464486,0.34516716210562715,0.07171428850512003
2026-06-02 13:50:00+03:00,0.5524815490248607,0.4802095824253088,0.5380825994936013,0.4523336753409276,0.3552422672979517,0.09296648321393285
2026-06-02 13:55:00+03:00,0.4937480501339867,0.3670709917711335,0.6321654716018886,0.6389971060978916,0.32976040517198785,0.038634611550672514
2026-06-02 14:00:00+03:00,0.3677995550292277,0.11908081496101126,0.1816358760953586,-0.34345224725649304,0.30283975272276265,-0.021144316663920644
2026-06-02 14:05:00+03:00,0.44622278598900683,0.275424507880233,0.17220485871234675,-0.37454467261495494,0.29425730938427697,-0.0408164384560553
2026-06-02 14:10:00+03:00,0.4353922289860244,0.25433390914590687,0.11149713680737557,-0.6171583891895478,0.2651534568652962,-0.11020195703689296
2026-06-02 14:15:00+03:00,0.5904406082978838,0.5546484259112184,0.13489313320823315,-0.512920020658999,0.2916082968899335,-0.046955299170228774
2026-06-02 14:20:00+03:00,0.5803860093392645,0.5347630446706125,0.12038970619806738,-0.5754983111039035,0.29694980329653325,-0.034609743227663727
2026-06-02 14:25:00+03:00,0.6006751322863173,0.5750439864554528,0.12198800963222739,-0.568294923892552,0.29565671225042606,-0.037586462554548124
2026-06-02 14:30:00+03:00,0.5701997580695123,0.5147513959831949,0.10319681748279504,-0.6587538697563178,0.29764293630814537,-0.033017222267345235
2026-06-02 14:35:00+03:00,0.48614154069661625,0.35246067278796583,0.08923097556631496,-0.7359659984563259,0.2862866072914712,-0.05938808684485723
2026-06-02 14:40:00+03:00,0.46090468240240906,0.3038604173216405,0.09093324076749358,-0.7259975291793341,0.2906386925457202,-0.04921045858355383
2026-06-02 14:45:00+03:00,0.44195911206677246,0.2671347595741568,0.10977942321970699,-0.6255376344972989,0.29819587818398613,-0.03174833207471294
2026-06-02 14:50:00+03:00,0.4499000374672385,0.2825616989520911,0.13995420222848615,-0.4924246425720332,0.29928456244289997,-0.02925396763076517
2026-06-02 14:55:00+03:00,0.5297477289198724,0.4362567812755627,0.19757110908800776,-0.293649334457164,0.3159187293894313,0.008240425852796681
2026-06-02 15:00:00+03:00,0.34328559289227906,0.06771343040749467,0.4269793756328374,0.23786935716874721,0.27752858665283403,-0.08015517873151883
2026-06-02 15:05:00+03:00,0.24753984404927892,-0.1545641314586694,0.3064084054536256,-0.013057932240748402,0.26058676568714606,-0.12151436499322996
2026-06-02 15:10:00+03:00,0.1959069901308541,-0.29870373299606096,0.35162498674436365,0.08536857063738428,0.24854782068677078,-0.15197018981368515
2026-06-02 15:15:00+03:00,0.2481264540236656,-0.15305368183668544,0.2213265304569598,-0.22472691742491674,0.1275724215113307,-0.5437473569003719
2026-06-02 15:20:00+03:00,0.08975414987506443,-0.7328841780789656,0.2243300930012604,-0.2164019067681031,0.12597833569623712,-0.5506590755123049
2026-06-02 15:25:00+03:00,0.08477672805227363,-0.7628865438929937,0.24926889784067927,-0.15011887707225435,0.125798738795007,-0.5514424620955399
2026-06-02 15:30:00+03:00,0.10991207017800898,-0.6248864874816094,0.2860215514328707,-0.060010907828999066,0.12527948144956916,-0.5537128182126955
2026-06-02 15:35:00+03:00,0.12198276634885213,-0.5683184215194139,0.21932918246224556,-0.23030782603006766,0.1754552019554408,-0.3636810218662924
2026-06-02 15:40:00+03:00,0.1050085449144202,-0.6494296441599064,0.36574521731982207,0.11483514286844962,0.13402497709818084,-0.5165005867377963
2026-06-02 15:45:00+03:00,0.1163370839631784,-0.5941404965781804,0.32934243667615765,0.037726612996215075,0.13391284063700118,-0.5169645029960179
2026-06-02 15:50:00+03:00,0.15302521429004617,-0.44221686856376413,0.30771671221114305,-0.010106591077243321,0.13684112587085517,-0.5049560605972212
2026-06-02 15:55:00+03:00,0.11875498743514264,-0.582951717787361,0.3980163024801617,0.18048613948077677,0.13193769903131758,-0.5251901740763059
2026-06-02 16:00:00+03:00,0.10883292536969712,-0.6302040042204611,0.4333984004832471,0.2504387919933121,0.19636074876370826,-0.29732233456073265
2026-06-02 16:05:00+03:00,0.1316096945539636,-0.5265662694256238,0.5767558680420175,0.5276168504431767,0.13822717676370488,-0.49934738748054974
2026-06-02 16:10:00+03:00,0.07408921219479309,-0.833138030804686,0.5311800016665459,0.43901692332356196,0.13355237081470311,-0.5184580197354196
2026-06-02 16:15:00+03:00,0.0990538881991057,-0.6806331613386102,0.6017101628488482,0.5771160676754976,0.13334842522501247,-0.5193045282280192
2026-06-02 16:20:00+03:00,0.1454931332325402,-0.4706933126860382,0.4413291366891378,0.26590853414603244,0.13345099519430254,-0.5188786585136509
2026-06-02 16:25:00+03:00,0.11940604160916805,-0.579972711688097,0.41983083852977965,0.22381442272096258,0.14215221839881484,-0.4837166217686821
2026-06-02 16:30:00+03:00,0.1853347732137952,-0.3316014028326078,0.23325893826731328,-0.19211045720120928,0.2430724115940906,-0.16614705988626785
2026-06-02 16:35:00+03:00,0.19580317799189248,-0.2990201131302965,0.19384484108149289,-0.30501232734849304,0.23930484813891426,-0.1760282000612954
2026-06-02 16:40:00+03:00,0.1513007953769602,-0.4486327381947711,0.07710716265526667,-0.8124068748188702,0.18847707764684518,-0.32167657368570196
2026-06-02 16:45:00+03:00,0.18695881032778006,-0.3264559119652119,0.15804940684148217,-0.423855140765098,0.20017309848088094,-0.28581025499320284
2026-06-02 16:50:00+03:00,0.1793670516838721,-0.3508144358813436,0.12086632697087775,-0.5733416451569916,0.19218649030376542,-0.3101226832827464
2026-06-02 16:55:00+03:00,0.25971247905816214,-0.12369467014426903,0.14026897939865685,-0.49117058506026656,0.22573194393747206,-0.21254351365527305
2026-06-02 17:00:00+03:00,0.2801880069270913,-0.07380749130624298,0.13536663004786934,-0.5109753529171962,0.22964719338121373,-0.20185633408642933
2026-06-02 17:05:00+03:00,0.25375573906892385,-0.13867861533325426,0.165305227803409,-0.3981560336835175,0.22964719338121373,-0.20185633408642933
2026-06-02 17:10:00+03:00,0.23152166670004934,-0.19678502089822986,0.12341111058230833,-0.5619492336756345,0.23647829194356568,-0.1835115498699241
2026-06-02 17:15:00+03:00,0.22079194592558768,-0.22621708011293667,0.10315947993973573,-0.658947548543318,0.2345566570047971,-0.18863440780219595
2026-06-02 17:20:00+03:00,0.2104381048189552,-0.25560644993626647,0.22248947081385312,-0.22149407489147638,0.22989852810571743,-0.20117467816895193
2026-06-02 17:25:00+03:00,0.13533473231577337,-0.511106177568791,0.11886182077698176,-0.582461916909521,0.21681257194092793,-0.23739193165223835
2026-06-02 17:30:00+03:00,0.09031052630667401,-0.7296244923991203,0.11069520244250476,-0.6210561651177423,0.2051129838021135,-0.2711351896661559
2026-06-02 17:35:00+03:00,0.12355375067545575,-0.5613166673200212,0.09574861985447279,-0.6986805905678043,0.2131720792561771,-0.24774578107690146
2026-06-02 17:40:00+03:00,0.19233325137555038,-0.3096690751685727,0.11469804860730973,-0.6018404441194861,0.20372611540615915,-0.27522836452436894
2026-06-02 17:45:00+03:00,0.1387659054478888,-0.49718015825174305,0.12710426787767257,-0.5457695096655107,0.1961370555624612,-0.2980030321873583
2026-06-02 17:50:00+03:00,0.18131432477781073,-0.34449128584075156,0.19453944488665104,-0.3028817141509211,0.18935532888503961,-0.31892542091484694
2026-06-02 17:55:00+03:00,0.3034442392486565,-0.019770823306933267,0.32788877701092833,0.034564087227462056,0.18766083714283022,-0.32424231381922053
2026-06-03 09:55:00+03:00,0.6746367946470208,0.72909771235727,0.6184743761298495,0.6109464977722544,0.32324623489790794,0.024415348707262877
2026-06-03 10:00:00+03:00,0.46526180996017563,0.31227179825997914,0.44126309927939883,0.26577997337655346,0.23939683396347744,-0.17578568886664617
2026-06-03 10:05:00+03:00,0.40389843317062507,0.19224093378191423,0.4981281829451525,0.37548124242782305,0.24364788979749788,-0.16464695857768835
2026-06-03 10:10:00+03:00,0.3693196280639996,0.12221594140123082,0.3754119050426113,0.13472834797315622,0.23971167169122926,-0.17495613436194457
2026-06-03 10:15:00+03:00,0.3988595834014847,0.18217487447916403,0.3979466817960847,0.18034666466497068,0.23749313612108616,-0.18081768827803227
2026-06-03 10:20:00+03:00,0.4758762631441569,0.33272266718627236,0.46977142361051105,0.320966795737357,0.24661522191730562,-0.15694980709392006
2026-06-03 10:25:00+03:00,0.344066728549766,0.06937565324356874,0.414890361009863,0.21406246299507603,0.2311570248517737,-0.1977692872856948
2026-06-03 10:30:00+03:00,0.5655951268639233,0.5057445716347222,0.5178567710746214,0.41337377538493403,0.2525119104980543,-0.14183651598156152
2026-06-03 10:35:00+03:00,0.6079805582049266,0.5897088229349619,0.5313293131169622,0.4393047185789234,0.2476791545815489,-0.15420520656271258
2026-06-03 10:40:00+03:00,0.6980469902284528,0.7813120667364176,0.5598224244149377,0.4944840070579711,0.2672008985448043,-0.10517064347449324
2026-06-03 10:45:00+03:00,0.5646192420964627,0.5038386025340856,0.596041305913413,0.5657890467306765,0.27305905485424875,-0.09090846295091909
2026-06-03 10:50:00+03:00,0.5897392832000475,0.5532567346280212,0.555674036116835,0.48641157292611775,0.25881659079518277,-0.12593379420921758
2026-06-03 10:55:00+03:00,0.5794530223236978,0.5329247897338749,0.6891934484718368,0.7613139916907556,0.2709182327594058,-0.09609794003752387
2026-06-03 11:00:00+03:00,0.6948276446040613,0.7740028559510892,0.8015624588992027,1.049180550205839,0.28995649519832284,-0.05079981277839438
2026-06-03 11:05:00+03:00,0.5356523599451901,0.447642217523619,0.72274381518363,0.8389575862034329,0.2687310341837164,-0.10142652007787138
2026-06-03 11:10:00+03:00,0.5498907033025227,0.47518258973399263,0.7279053972879971,0.851393298761038,0.2728238035493489,-0.09147747757774613
2026-06-03 11:15:00+03:00,0.5988704303961858,0.5714353519260064,0.6576275686674358,0.6923821423601125,0.2741948100309548,-0.08816564580462698
2026-06-03 11:20:00+03:00,0.6211463737683954,0.6163891246146052,0.6112068525072339,0.5962157932705738,0.2803338432305192,-0.07346046831347575
2026-06-03 11:25:00+03:00,0.6166521942053922,0.6072432604663259,0.6429389714381607,0.6613765848249896,0.2796667022758989,-0.07504885852027876
2026-06-03 11:30:00+03:00,0.5910322907186204,0.555823112791347,0.700539482555181,0.7870014266854026,0.24878692872532837,-0.1513558999144702
2026-06-03 11:35:00+03:00,0.4880305886925455,0.35608997836249306,0.5313535390309098,0.43935141462996335,0.23595987498956328,-0.1848907452009285
2026-06-03 11:40:00+03:00,0.4171030003465214,0.21843402347004937,0.3980812044398964,0.18061615358060862,0.23348462696141442,-0.19150496728513441
2026-06-03 11:45:00+03:00,0.44697176699106994,0.2768791084517253,0.4185825505462452,0.22135351423762742,0.23766015777809485,-0.1803750967550969
2026-06-03 11:50:00+03:00,0.4109976453625051,0.20635494119148207,0.42643492561737856,0.23680108516988702,0.2329884555677479,-0.19283666016904266
2026-06-03 11:55:00+03:00,0.3429661358558121,0.06703312003480502,0.32102209297930795,0.019526422455810738,0.25057455291867375,-0.14677578096594104
2026-06-03 12:00:00+03:00,0.44888742576186325,0.280597410939715,0.3131184893526178,0.002006155530265716,0.2524222206654746,-0.14206462286013863
2026-06-03 12:05:00+03:00,0.29268732262732217,-0.04445082134214566,0.29949647637903065,-0.02876904136650521,0.24816502920859312,-0.15295443932315042
2026-06-03 12:10:00+03:00,0.3163085195690969,0.009105859940196146,0.37382023971728867,0.1314673587910838,0.24615502102295483,-0.15813944239442548
2026-06-03 12:15:00+03:00,0.3472352172663933,0.07609980384627733,0.31495121591148034,0.006089809433666271,0.24615502102295483,-0.15813944239442548
2026-06-03 12:20:00+03:00,0.3026382268101342,-0.021602561309289656,0.26828938776300243,-0.1025058045894546,0.24554809381940557,-0.15971066313013133
2026-06-03 12:25:00+03:00,0.2464472025787665,-0.1573839696189879,0.25276285774760726,-0.14119857028775937,0.23509108723130084,-0.18720677101031646
2026-06-03 12:30:00+03:00,0.2201883345962654,-0.22790276751302496,0.15770224226437032,-0.4251084955270087,0.24455940617705446,-0.16227581102278138
2026-06-03 12:35:00+03:00,0.21767384923417776,-0.2349608439578692,0.2307392502871445,-0.19889830881786968,0.24554809381940557,-0.15971066313013133
2026-06-03 12:40:00+03:00,0.22341889529390532,-0.21891904316685035,0.19322041917286986,-0.30693262110465175,0.24554809381940557,-0.15971066313013133
2026-06-03 12:45:00+03:00,0.26859277504462287,-0.10176427353141614,0.25497218661142906,-0.13560009672269,0.24938461023684824,-0.14982212736403716
2026-06-03 12:50:00+03:00,0.25196252753625353,-0.14323459762537902,0.27927314444195256,-0.07598696396138699,0.2501975873551321,-0.1477397967803461
2026-06-03 12:55:00+03:00,0.29301507618804,-0.043691160282232286,0.3209807930034836,0.019435472144431837,0.25780536560204215,-0.1284672528757322
2026-06-03 13:00:00+03:00,0.33517488764593717,0.05034503693895531,0.4004743208960602,0.18540516904879706,0.27379138399396785,-0.0891390962340271
2026-06-03 13:05:00+03:00,0.17805983975881978,-0.355089335240545,0.3333414944629314,0.04639047149605062,0.23442170549390767,-0.18899526373171416
2026-06-03 13:10:00+03:00,0.0732158034261002,-0.8392825941268206,0.06147677165498711,-0.9292029147326584,0.19969156631645116,-0.2872551821317717
2026-06-03 13:15:00+03:00,0.05934772473394255,-0.9472080076644119,0.09408793663606253,-0.7079593393816647,0.19066729179153266,-0.3148338056259764
2026-06-03 13:20:00+03:00,0.09217498971519308,-0.7188312594341977,0.11540670405977811,-0.5984996214915435,0.18809710328709658,-0.32286990666712323
2026-06-03 13:25:00+03:00,0.07588568650588882,-0.8207062238349275,0.06629783573977543,-0.890492881349593,0.18715599488285062,-0.3258335136965109
2026-06-03 13:30:00+03:00,0.08784045483442654,-0.7442369920735972,0.1221842134511511,-0.5674162664626552,0.18559964867422526,-0.3307598210978096
2026-06-03 13:35:00+03:00,0.08757935665665295,-0.7458032120486094,0.07979994788515678,-0.7945279495718355,0.18494271136691465,-0.3328487977340188
2026-06-03 13:40:00+03:00,0.08814409336794192,-0.7424208724640657,0.07138518036410837,-0.8523835237953304,0.1834710164542546,-0.33754951431843083
2026-06-03 13:45:00+03:00,0.08676506338069008,-0.750715084180477,0.14890423184081128,-0.45764995579951717,0.19092100663037057,-0.31404503254234173
2026-06-03 13:50:00+03:00,0.08173303592303001,-0.782029853264079,0.10406868923252811,-0.6542487937939111,0.18534959899861034,-0.3315542727270672
2026-06-03 13:55:00+03:00,0.07361593419268332,-0.8364592854010966,0.10174269376696204,-0.6663430233878848,0.18564949393641403,-0.330601552778703
2026-06-03 14:00:00+03:00,0.08432370102267628,-0.7656958952201894,0.12396959071831305,-0.5594761136565695,0.18806746008558078,-0.32296308081546216
2026-06-03 14:05:00+03:00,0.07793062473292135,-0.8068795809453251,0.13836987425911934,-0.4987726464182304,0.18314948873829365,-0.33858038663330137
2026-06-03 14:10:00+03:00,0.09373271351092755,-0.7099631072281196,0.16650817280747102,-0.39398350777107416,0.1877960053907501,-0.32381683921523363
2026-06-03 14:15:00+03:00,0.09731220378369762,-0.6900749675203697,0.14643358500752127,-0.4670721528459256,0.1910253694119391,-0.31372081196848217
2026-06-03 14:20:00+03:00,0.10432657350230917,-0.6529226664610998,0.12588887100013532,-0.5510491934154291,0.19780298957294043,-0.29294760057355146
2026-06-03 14:25:00+03:00,0.0913191363371371,-0.7237611068699845,0.1638733147244332,-0.40315462487450604,0.19715142213304393,-0.29492100261295034
2026-06-03 14:30:00+03:00,0.11097248919263189,-0.6197056351613227,0.1574314047170645,-0.4260878478315616,0.2025269638144076,-0.27878426260971073
2026-06-03 14:35:00+03:00,0.11475178608113318,-0.6015864805117063,0.1520395567286449,-0.445876795379036,0.20602581511815443,-0.2684522747227095
2026-06-03 14:40:00+03:00,0.15863045386135657,-0.4217624033154037,0.14748371030049415,-0.46305139701722287,0.22193240405165274,-0.22304114641731523
2026-06-03 14:45:00+03:00,0.26748366594840084,-0.10447771114607574,0.13749964793603728,-0.5022854173542918,0.23325928188693787,-0.19210953501006273
2026-06-03 14:50:00+03:00,0.19891162739807544,-0.2896010931232366,0.14335709776084038,-0.4789907645941789,0.22672063887926558,-0.20983247291650145
2026-06-03 14:55:00+03:00,0.2775174093731253,-0.08018193609646491,0.09540594271673697,-0.7005833752408123,0.21545890203711462,-0.24122703164215065
2026-06-03 15:00:00+03:00,0.33505349287212177,0.050083525711099475,0.1599493891914585,-0.417035014990468,0.2343703354963278,-0.18913266329702533
2026-06-03 15:05:00+03:00,0.3352213807652391,0.05044518097520241,0.13247203934140658,-0.5229546259604646,0.23580807130715747,-0.1852949996457677
2026-06-03 15:10:00+03:00,0.37322969426177677,0.1302560350612417,0.14868455788918403,-0.4584824626427021,0.23632475766767844,-0.18391979429192798
2026-06-03 15:15:00+03:00,0.29889521844191275,-0.03014542320400522,0.15540267417748435,-0.4334677040999829,0.23518928223985144,-0.1869447048495889
2026-06-03 15:20:00+03:00,0.3155011752720072,0.007312710913598551,0.19205892504882574,-0.310517175593719,0.23548796868998814,-0.18614802573889405
2026-06-03 15:25:00+03:00,0.32102568288117633,0.01953432780321959,0.12855986773003392,-0.5395028456869174,0.24312367012572353,-0.1660133463721773
2026-06-03 15:30:00+03:00,0.35353374240990854,0.08938220620603085,0.13256103568532518,-0.5225830298802385,0.2410471142995149,-0.1714456878475546
2026-06-03 15:35:00+03:00,0.38894468081352795,0.16224037636227095,0.15552376868372153,-0.43302500518482234,0.2895948614746159,-0.0516432285591421
2026-06-03 15:40:00+03:00,0.35590373832653754,0.09435208567047226,0.12030116881018951,-0.575899746035571,0.2747457756762287,-0.08683762672509415
2026-06-03 15:45:00+03:00,0.33105987661030223,0.04145387168867282,0.1813695021077049,-0.34431288776660596,0.27434437714341914,-0.0878049730277877
2026-06-03 15:50:00+03:00,0.22016671259038376,-0.2279632121089407,0.10672973653313943,-0.6407019896439214,0.22620872645442544,-0.21123511031876144
2026-06-03 15:55:00+03:00,0.2846802624139651,-0.06316795521967461,0.1600533050165603,-0.4166638989697058,0.2747457756762287,-0.08683762672509415
2026-06-03 16:00:00+03:00,0.2904016523610941,-0.04976245451702824,0.1404673244782589,-0.49038159661523384,0.27602961447786384,-0.08374952860422122
2026-06-03 16:05:00+03:00,0.22426014675483646,-0.2165948716582703,0.11591330560459559,-0.5961222618783469,0.2272643417642004,-0.20834517891005133
2026-06-03 16:10:00+03:00,0.21851884953301232,-0.2325824385265581,0.13645565089340386,-0.5065243797695946,0.2281178717025108,-0.20601541299964587
2026-06-03 16:15:00+03:00,0.3309381075996401,0.04118992661163299,0.15208450319921205,-0.4457094780363746,0.31670352789996303,0.009982295226737648
2026-06-03 16:20:00+03:00,0.20907433710991832,-0.25955552989693825,0.13250436866668333,-0.5228196133702125,0.24047206114779712,-0.17295568271425693
2026-06-03 16:25:00+03:00,0.22125213946793637,-0.2249341289742415,0.15616485417694975,-0.4306859891862844,0.24811221445356477,-0.15309031864075626
2026-06-03 16:30:00+03:00,0.31156761989018067,-0.0014596361670774346,0.18687735240505063,-0.32671317533091804,0.3255375214406304,0.02943352776530812
2026-06-03 16:35:00+03:00,0.26383378025038573,-0.11345805002759633,0.3565947752219214,0.095798390565381,0.31324400033771566,0.002286230358896436
2026-06-03 16:40:00+03:00,0.43528160357387435,0.2541179009449429,0.2948220802949559,-0.039511811840312244,0.35878679928253865,0.10037796016006725
2026-06-03 16:45:00+03:00,0.3216502416341546,0.020908964831309176,0.32472269313414553,0.02765106992938353,0.35243648505531977,0.08707615828195396
2026-06-03 16:50:00+03:00,0.39448428378847616,0.17339968634972439,0.26245253751555137,-0.11687726022078657,0.3470459682634203,0.07569899364218706
2026-06-03 16:55:00+03:00,0.3816649731547128,0.14748705466983228,0.3127374900978253,0.0011555900991770257,0.3518760546344784,0.08589707002643626
2026-06-03 17:00:00+03:00,0.4224486365845063,0.22896869706590742,0.34914372095999974,0.08013613737287484,0.34706333401993694,0.07573577681896067
2026-06-03 17:05:00+03:00,0.39412466137387403,0.17267693163347222,0.37759870706900944,0.13919967836866456,0.3589953833506728,0.10081308801049406
2026-06-03 17:10:00+03:00,0.44467636895358137,0.2724196936381531,0.4549230304357404,0.2922938459239798,0.3416892707352859,0.06431089492731279
2026-06-03 17:15:00+03:00,0.4407423177880245,0.26476598062374995,0.42671083960475703,0.23734250291710932,0.3441780108552412,0.06961231093405426
2026-06-03 17:20:00+03:00,0.363057611716363,0.10926541114298773,0.44017943156504985,0.26366972180451104,0.33364472981834203,0.04704528643130978
2026-06-03 17:25:00+03:00,0.4365864612638028,0.25666498321363046,0.4491627032692859,0.28113148137896216,0.3119215511793855,-0.0006678632078125624
2026-06-03 17:30:00+03:00,0.4649046270828406,0.3115826637691587,0.46544769102685407,0.3126304025869368,0.3387336393982978,0.05799072381334189
2026-06-03 17:35:00+03:00,0.45803306581822784,0.29831056903693864,0.4654487287575904,0.3126324045393776,0.36963857933927785,0.12287309248141566
2026-06-03 17:40:00+03:00,0.49173492474099995,0.3632050690478917,0.5008319236852294,0.3806723113213512,0.39218597272225314,0.16877663829548106
2026-06-03 17:45:00+03:00,0.4779742913159305,0.3367593824194016,0.6139382276102343,0.6017399377867672,0.3734262656607027,0.1306593271655828
2026-06-03 17:50:00+03:00,0.4943004396507001,0.3681317043772325,0.5041108208921119,0.3869678107427832,0.3699369209960269,0.12348756827967983
2026-06-03 17:55:00+03:00,0.3522891286823812,0.08676621850684219,0.5648600460104622,0.5043088174381005,0.421349209960827,0.22680505966538164
2026-06-04 09:55:00+03:00,0.2522770021535413,-0.14243406890046373,0.7636316957017766,0.9419540998375147,0.29692796900596197,-0.034659943856940365
2026-06-04 10:00:00+03:00,0.04867803468234641,-1.0477486129553635,0.8905505369028165,1.3853104775597755,0.20907597337473913,-0.25955078041570695
2026-06-04 10:05:00+03:00,0.06650298883595562,-0.8889044179973747,0.24068223166511865,-0.17240352389703206,0.20249566989657564,-0.2788772697605302
2026-06-04 10:10:00+03:00,0.04142134885448234,-1.1288812108168422,0.1756798552185623,-0.36293604339173396,0.18542901691376293,-0.3313018584438098
2026-06-04 10:15:00+03:00,0.04387002363842225,-1.1000854992343037,0.23145686173414912,-0.19695986771246327,0.18395640329996027,-0.33599593164251756
2026-06-04 10:20:00+03:00,0.0838498366788208,-0.7686491663227919,0.22279242717496905,-0.2206538730028787,0.18515948106286803,-0.33215886492833385
2026-06-04 10:25:00+03:00,0.08191371564260472,-0.7808755068098512,0.1519461562811705,-0.4462246169475096,0.18759990956368353,-0.3244341750976257
2026-06-04 10:30:00+03:00,0.06380888021038007,-0.9101373540856297,0.22453004832282755,-0.21585051381717946,0.188028145770391,-0.3230866704989067
2026-06-04 10:35:00+03:00,0.06499884477865919,-0.9006580711109616,0.25130391261499524,-0.1449133224416746,0.18731405819415967,-0.32533496308915033
2026-06-04 10:40:00+03:00,0.08512271997562464,-0.7607501082711924,0.23216565456993718,-0.19504936634676306,0.206818774681534,-0.26612881236597735
2026-06-04 10:45:00+03:00,0.08392068274227636,-0.7682066691997755,0.23615621032352802,-0.18436816909446535,0.21158739746050723,-0.25229298000738615
2026-06-04 10:50:00+03:00,0.10490114957955697,-0.6499783861993766,0.3686281743136555,0.12079049631470905,0.20000633480505048,-0.2863103651318387
2026-06-04 10:55:00+03:00,0.11884169593898007,-0.5825541545175961,0.40499050863708635,0.1944171493957646,0.21725086553083606,-0.23615391043691733
2026-06-04 11:00:00+03:00,0.15274501267468676,-0.44325533736355366,0.47802705027687037,0.33686087353154903,0.23501509880240953,-0.1874096235425258
2026-06-04 11:05:00+03:00,0.32226075982948793,0.022251343033100616,0.4686778624403767,0.31885922615398743,0.31532036273378306,0.006910779269357055
2026-06-04 11:10:00+03:00,0.3275466545028461,0.03381873711897391,0.5167685590356378,0.4112819524886918,0.32664420023847845,0.031850725382541786
2026-06-04 11:15:00+03:00,0.3458361528117078,0.07313429956993035,0.601257274394564,0.5762091840330151,0.3427281789833418,0.06652617421082666
2026-06-04 11:20:00+03:00,0.4788640750009427,0.3384709126994864,0.3408354060809032,0.062487760976704707,0.34536835368467617,0.0721414777243667
2026-06-04 11:25:00+03:00,0.5276624090559034,0.43223982314048126,0.36464111570109337,0.11254914779875648,0.3359212184124124,0.05195176880223929
2026-06-04 11:30:00+03:00,0.37079122572513945,0.1252459972581419,0.5230574383363404,0.42337563703284586,0.31343137355609046,0.0027042357752841456
2026-06-04 11:35:00+03:00,0.3848769558708057,0.15400941903924562,0.6122656530396431,0.5983554964202611,0.3571395851829319,0.0969377691420588
2026-06-04 11:40:00+03:00,0.5299494991688398,0.43664555583769254,0.439960297614062,0.2632428628134822,0.3513825158064254,0.0848580039193441
2026-06-04 11:45:00+03:00,0.426878434690372,0.23767132601299742,0.4116170748294072,0.2075828526933351,0.40752815684909993,0.19946681483195836
2026-06-04 11:50:00+03:00,0.4407294437690584,0.26474091093121926,0.452388591172675,0.287385668196137,0.35196901936620395,0.08609271759354879
2026-06-04 11:55:00+03:00,0.4341880155313796,0.25198187013934026,0.45939842840762757,0.30094999488113444,0.34521002956037283,0.07180531865402069
2026-06-04 12:00:00+03:00,0.43394642404455097,0.25150981794104776,0.3843829159385249,0.15300754556160845,0.3825902122897621,0.1493680043830528
2026-06-04 12:05:00+03:00,0.43679466618428997,0.2570712397768415,0.37457548586939154,0.13301539286918956,0.3599691192986554,0.10284293363838116
2026-06-04 12:10:00+03:00,0.4394172208557838,0.26218478698505937,0.34826903079096183,0.07828751616987505,0.37711032135234,0.13820197179177943
2026-06-04 12:15:00+03:00,0.44556069376493845,0.27413825982363993,0.25380705904432804,-0.138548541238723,0.35225656646980014,0.08669772129989274
2026-06-04 12:20:00+03:00,0.5440765742303788,0.4639201679723397,0.33820074354281227,0.05684835938113817,0.3784945358055166,0.14102841927837384
2026-06-04 12:25:00+03:00,0.4937728330857717,0.3671185812434217,0.23495948246351195,-0.1875581211999312,0.34227984781656307,0.06557058676660714
2026-06-04 12:30:00+03:00,0.3969083950890602,0.17826562442952393,0.25773725488571964,-0.12863812584322237,0.3335745297160136,0.04689372081704787
2026-06-04 12:35:00+03:00,0.3405623876762688,0.06190435934348276,0.23894905549224713,-0.17696681298727795,0.32159155566106123,0.02077985841742666
2026-06-04 12:40:00+03:00,0.4131658296736668,0.2106505715095102,0.23839683952738377,-0.17842550928306272,0.3195081447505016,0.01618837380257056
2026-06-04 12:45:00+03:00,0.36107480498919303,0.10514493096228905,0.2248241547047584,-0.21504012525463484,0.25315740671069387,-0.1401964142582984
2026-06-04 12:50:00+03:00,0.4439358975612512,0.2709801637527828,0.21280757328275365,-0.24878952931990456,0.26601913105603003,-0.10807166785619059
2026-06-04 12:55:00+03:00,0.46369497288978023,0.3092482847257247,0.26379036791907395,-0.11356534020890166,0.3357982285086643,0.051687112677536395
2026-06-04 13:00:00+03:00,0.40384726269833227,0.19213891829796756,0.2514431783139258,-0.1445581087808261,0.3382241964778324,0.05689865373500599
2026-06-04 13:05:00+03:00,0.42654818458306076,0.23702334069611186,0.2297315274178038,-0.2016275497194444,0.3382241964778324,0.05689865373500599
2026-06-04 13:10:00+03:00,0.4062342385915261,0.1968932918936941,0.2324400656664336,-0.19431080349806967,0.3466429827599355,0.07484516975126185
2026-06-04 13:15:00+03:00,0.44104564949616926,0.2653566163531599,0.1893641303949693,-0.3188978994457785,0.3562885871173839,0.0951577090842691
2026-06-04 13:20:00+03:00,0.4689946880565341,0.3194698881834291,0.19476443020803202,-0.30219283648735074,0.36553596442215225,0.11440211890574924
2026-06-04 13:25:00+03:00,0.4704014580320252,0.322180776508065,0.18209934454534568,-0.3419571424031766,0.3626823056908595,0.10848623311682137
2026-06-04 13:30:00+03:00,0.5263832204841153,0.429776647216496,0.19017116892172733,-0.3163785217790225,0.40340716048249997,0.19126134063522213
2026-06-04 13:35:00+03:00,0.5220726252140565,0.4214809842689453,0.1874744189722554,-0.32482949671064426,0.39309653598408434,0.17060937165338827
2026-06-04 13:40:00+03:00,0.4841563573099256,0.34864584677856325,0.14745766119620066,-0.4631508477535573,0.4058168208439317,0.19606252334212784
2026-06-04 13:45:00+03:00,0.5377853515795327,0.45175966985098526,0.17644154927373137,-0.36041573485058587,0.409303356038114,0.20299343567447944
2026-06-04 13:50:00+03:00,0.545938836071339,0.4675248321539567,0.15636709506587287,-0.4299497324911262,0.40796282258073646,0.20033076386044427
2026-06-04 13:55:00+03:00,0.4868672013147236,0.353854921851975,0.1609286607012948,-0.413545442450167,0.38660098237774215,0.15750185331200942
2026-06-04 14:00:00+03:00,0.5424421335992119,0.46075845162189744,0.17442598571785026,-0.36710366866914484,0.3712131099499112,0.12611375391570545
2026-06-04 14:05:00+03:00,0.44220932509987126,0.26762168954617455,0.164903159107114,-0.3995560731776542,0.31716996612921067,0.011016462778383466
2026-06-04 14:10:00+03:00,0.36289385719706413,0.10892548077848781,0.1658565284597164,-0.39624078732270973,0.2816392070079384,-0.07035919631600601
2026-06-04 14:15:00+03:00,0.21863932407758926,-0.23224388145216826,0.19829098740685489,-0.29147280734102227,0.2787521948942909,-0.07722997341672212
2026-06-04 14:20:00+03:00,0.25384445955936913,-0.13845375792990272,0.16436684489598952,-0.40142783855218,0.27348556421038567,-0.08987762233258331
2026-06-04 14:25:00+03:00,0.11184441677235508,-0.6154780506721218,0.10349706633481033,-0.6571986570561512,0.24671522272109975,-0.1566914991367863
2026-06-04 14:30:00+03:00,0.14042013797462122,-0.49056921325768915,0.1469795816372062,-0.464978654498553,0.24511303648332308,-0.1608385574080653
2026-06-04 14:35:00+03:00,0.2647736363689438,-0.11113803856709527,0.12542365788022153,-0.5530816265666276,0.320266396091742,0.017861257336979585
2026-06-04 14:40:00+03:00,0.23966968469006025,-0.17506672124744432,0.08719707425807083,-0.7481039980163053,0.2143842921977471,-0.24428398404332022
2026-06-04 14:45:00+03:00,0.11240868737572038,-0.6127574867581611,0.09678045546829167,-0.6929876473687694,0.19313542744599402,-0.3071943620227211
2026-06-04 14:50:00+03:00,0.10490411674028993,-0.6499632186774207,0.1265805801226748,-0.5480390924495442,0.18404630962376448,-0.3357085162558896
2026-06-04 14:55:00+03:00,0.09251443723550143,-0.7168873754858995,0.04532620168454481,-1.0836803946641467,0.18549816064170185,-0.3310821666364972
2026-06-04 15:00:00+03:00,0.08989651572844441,-0.73204835844585,0.050175790029718156,-1.0324464187846978,0.1827649963157358,-0.3398149794763439
2026-06-04 15:05:00+03:00,0.11869918750449636,-0.5832076963870464,0.04332324427533072,-1.106379890464931,0.17949053126834155,-0.3504118885098517
2026-06-04 15:10:00+03:00,0.14398656253680156,-0.4765349792467281,0.051361164272218894,-1.0206394569886332,0.18049199841868174,-0.3471550370043517
2026-06-04 15:15:00+03:00,0.12861275801462682,-0.5392762837143608,0.07068915467578316,-0.8574461370425124,0.18049199841868174,-0.3471550370043517
2026-06-04 15:20:00+03:00,0.2093487073332902,-0.25875951476576275,0.05983940388058537,-0.9429968705633367,0.18956709964071347,-0.3182635060504451
2026-06-04 15:25:00+03:00,0.14096134977793123,-0.4884204778792905,0.08508763729533075,-0.760966378053367,0.18234809806916283,-0.3411559070462418
2026-06-04 15:30:00+03:00,0.1573821218523672,-0.42626620263829906,0.08338765922379693,-0.7715442434835192,0.19138727247095808,-0.3125975460162047
2026-06-04 15:35:00+03:00,0.09853095305533831,-0.6834523913546562,0.054461393980654714,-0.9909362790288134,0.18116878381378604,-0.3449620484096841
2026-06-04 15:40:00+03:00,0.18275876050514211,-0.33983501907013236,0.09467759265558351,-0.7046480825160214,0.19801961552492534,-0.29229259083915093
2026-06-04 15:45:00+03:00,0.1507696705765587,-0.4506209344644595,0.10368802996485241,-0.6562115891613591,0.20055901556421765,-0.2846541188759101
2026-06-04 15:50:00+03:00,0.14375990677075975,-0.47741821978741084,0.12913787184441067,-0.5370311916760616,0.2035838573156058,-0.2756493924523599
2026-06-04 15:55:00+03:00,0.1479937999439398,-0.46110688814689993,0.16887150221120953,-0.38585579069391784,0.19394969638411044,-0.3046903253621203
2026-06-04 16:00:00+03:00,0.13100870413086405,-0.5290952067436766,0.15752933188399548,-0.4257335838661025,0.1859769820069977,-0.32956252988385804
2026-06-04 16:05:00+03:00,0.09665868434048565,-0.6936566651348567,0.1851295257111443,-0.33225416938941,0.18802058701469837,-0.3231104347102732
2026-06-04 16:10:00+03:00,0.11276145671448914,-0.6110627047875519,0.17945002478463362,-0.3505439170805486,0.18862748536176677,-0.32120471926819083
2026-06-04 16:15:00+03:00,0.1425408411710162,-0.4821887040300034,0.265574905631772,-0.10916428363561853,0.20835716442269225,-0.2616398603260013
2026-06-04 16:20:00+03:00,0.13079031836384095,-0.5300166033907403,0.25584526686749487,-0.1333965054220807,0.2035275881404036,-0.2758159874924313
2026-06-04 16:25:00+03:00,0.10160293160639342,-0.6670775043005378,0.21440319642928585,-0.24423011091260394,0.1886347152068452,-0.3211820452983391
2026-06-04 16:30:00+03:00,0.2032050014446505,-0.2767717260359821,0.39385004970211773,0.17212487292613377,0.22271005117226372,-0.22088224916971388
2026-06-04 16:35:00+03:00,0.2681971840995404,-0.1027312715094678,0.2757365312890854,-0.08445371464746698,0.23661683231035446,-0.18314333094262472
2026-06-04 16:40:00+03:00,0.2708306522451658,-0.09631078695755779,0.168564418682905,-0.3869067287931779,0.26872601043779765,-0.1014387906693104
2026-06-04 16:45:00+03:00,0.22736326610255944,-0.20807484257316736,0.16979909287487563,-0.3826904952303332,0.23691306939558315,-0.18235647726242907
2026-06-04 16:50:00+03:00,0.19244514090044626,-0.30932342492438475,0.1729895420348856,-0.3719072814787048,0.2331803118925316,-0.19232149604651677
2026-06-04 16:55:00+03:00,0.2400085922436501,-0.17417447244686624,0.20860646794894747,-0.26091470738404254,0.26176173733084135,-0.11859165450582036
2026-06-04 17:00:00+03:00,0.23567025991929783,-0.18566214834877443,0.2241638185477207,-0.2168606880904227,0.24323990432003234,-0.16571020757450544
2026-06-04 17:05:00+03:00,0.25607609576883333,-0.13281473546301759,0.2138504262400806,-0.24580681979131003,0.3148787114116141,0.005928500874530441
2026-06-04 17:10:00+03:00,0.26727934613555493,-0.10497835799141426,0.20076410385022272,-0.28404039045932383,0.3148787114116141,0.005928500874530441
2026-06-04 17:15:00+03:00,0.2793676174262435,-0.07576169933459478,0.15155541384461746,-0.44768164059526805,0.3231163694198947,0.024130374616494872
2026-06-04 17:20:00+03:00,0.25657779151982546,-0.13155147049617735,0.14506253577838457,-0.4723577890595738,0.29957790650364285,-0.028582755676285956
2026-06-04 17:25:00+03:00,0.258273836338326,-0.12729277267442118,0.21242938237687328,-0.24987384360243664,0.31161076571603097,-0.0013630891302060023
2026-06-04 17:30:00+03:00,0.24309713399944607,-0.16608256638503846,0.2122661376519928,-0.250342319449703,0.23441881084005156,-0.18900300552005456
2026-06-04 17:35:00+03:00,0.1967805912935291,-0.2960463353868267,0.16417265048229795,-0.40210679714669273,0.21740914154159657,-0.23570728138754096
2026-06-04 17:40:00+03:00,0.26138024382521713,-0.11953967802134226,0.23858416516557585,-0.17793042281732047,0.2297914286231108,-0.2014650834007477
2026-06-04 17:45:00+03:00,0.3213217804688124,0.020186206011387455,0.23436503418922874,-0.1891468439165947,0.29516737272430227,-0.03871489922035755
2026-06-04 17:50:00+03:00,0.25391665532497887,-0.13827081983307543,0.19847304359356385,-0.2909233095578419,0.24181805669228265,-0.1694251714628287
2026-06-04 17:55:00+03:00,0.20582218644599462,-0.26904999797274143,0.20304572490370587,-0.2772440368647371,0.2230862060746352,-0.21983990135665432
2026-06-05 09:55:00+03:00,0.1280690292418111,-0.5416092119596566,0.07526843182317275,-0.8249469101746988,0.22756000451337718,-0.20753745057461312
2026-06-05 10:00:00+03:00,0.1929992476296403,-0.3076139247355534,0.46603041231296866,0.31375447703595094,0.232505537441516,-0.1941346795457321
2026-06-05 10:05:00+03:00,0.1771173264409539,-0.3581868572283404,0.359150887306321,0.10113741290462473,0.2329619029262588,-0.1929079814095039
2026-06-05 10:10:00+03:00,0.1646672826855598,-0.4003786915262603,0.4438831300385226,0.2708775614715756,0.24208003740308093,-0.16873956127278206
2026-06-05 10:15:00+03:00,0.25627586026750965,-0.1323115362510229,0.41707912178514983,0.21838688160189793,0.2568687906723217,-0.13081947873522354
2026-06-05 10:20:00+03:00,0.2468134456283511,-0.15643785212400121,0.46875418197869684,0.3190063318352306,0.2625138720716508,-0.11672518375130343
2026-06-05 10:25:00+03:00,0.17393022015581602,-0.36875801669683744,0.41011139789388223,0.2045971354083836,0.24036574302288524,-0.17323512671095592
2026-06-05 10:30:00+03:00,0.15629956322498892,-0.4301954954084675,0.5502899472472234,0.47595688972021355,0.23389734293248607,-0.1903987620768661
2026-06-05 10:35:00+03:00,0.17467606878450012,-0.3662705594581663,0.623043208327381,0.6202618877290303,0.23389734293248607,-0.1903987620768661
2026-06-05 10:40:00+03:00,0.17248405408619866,-0.3736051838760656,0.48474055999261373,0.3497685737526124,0.23407360718280235,-0.18992673318766853
2026-06-05 10:45:00+03:00,0.1803283808900697,-0.3476861690046836,0.4999156183785721,0.37891304825340516,0.23492500644463196,-0.18765018565851502
2026-06-05 10:50:00+03:00,0.17583577322374838,-0.3624194402530633,0.5090479365451548,0.3964485512115415,0.23758941240812548,-0.18056253911660988
2026-06-05 10:55:00+03:00,0.240444988747336,-0.1730268311443969,0.5378609968508464,0.45190574096351577,0.24278769331099823,-0.16689012756737212
2026-06-05 11:00:00+03:00,0.22547586960850577,-0.21324705000217545,0.44706715000541114,0.2770643186920656,0.2458689785213649,-0.15887962710283987
2026-06-05 11:05:00+03:00,0.3593571347794839,0.10156747518359492,0.49889426291219513,0.3769520920077011,0.4138842251632067,0.2120723849951113
2026-06-05 11:10:00+03:00,0.3731199295724791,0.13003080097242714,0.5029594618193738,0.3847571458737052,0.3409538628250785,0.06274081602791601
2026-06-05 11:15:00+03:00,0.3823305279996387,0.14884025875489232,0.49849616883125253,0.37618776550209154,0.33407989391630377,0.04798447312419345
2026-06-05 11:20:00+03:00,0.34128385164309943,0.06344553614830427,0.5545067029416106,0.4841428066036288,0.33410231521615386,0.048032847044689325
2026-06-05 11:25:00+03:00,0.2981230654963488,-0.0319153450597543,0.4600440795106221,0.30219771081759816,0.3160148682614602,0.008453932116863025
2026-06-05 11:30:00+03:00,0.29364658794793846,-0.04222885536575677,0.5426144243291838,0.4610916520191031,0.30772524947061813,-0.01008735526931631
2026-06-05 11:35:00+03:00,0.29547542423664713,-0.03800439345993626,0.5278659415003305,0.43263180416679636,0.2934967494533847,-0.042575649215462495
2026-06-05 11:40:00+03:00,0.29031568502314997,-0.04996271257995793,0.4950869174275868,0.36964187383037106,0.2936219292831015,-0.04228591952652899
2026-06-05 11:45:00+03:00,0.25278080048930396,-0.14115297319787354,0.4859255596544819,0.35204567589229585,0.286703934254728,-0.05840816279062766
2026-06-05 11:50:00+03:00,0.23273576425197193,-0.1935156266222027,0.443081127872482,0.2693178271455826,0.286703934254728,-0.05840816279062766
2026-06-05 11:55:00+03:00,0.2200329094995777,-0.22833735516506365,0.30610153823587233,-0.013751194758270135,0.28427148167459004,-0.06413189741112033
2026-06-05 12:00:00+03:00,0.1924018884145838,-0.3094570227823657,0.3573320896751094,0.09734017512566082,0.28283996508710146,-0.06751415344045596
2026-06-05 12:05:00+03:00,0.1893516452718697,-0.31893693950747715,0.4425852451466013,0.2683531458776024,0.2852199217362473,-0.061896664566372224
2026-06-05 12:10:00+03:00,0.1932399177667029,-0.30687258549306673,0.3926234162339524,0.16965728890158474,0.2919913867417377,-0.046065504394348665
2026-06-05 12:15:00+03:00,0.17644370961966233,-0.3604085988291154,0.5532384375671582,0.48167919735030573,0.29738651179481523,-0.03360612571773656
2026-06-05 12:20:00+03:00,0.18163484182355574,-0.3434555870349579,0.5137212932323459,0.40542588828291404,0.29773039238501986,-0.03281643788552579
2026-06-05 12:25:00+03:00,0.1958075822216575,-0.2990066881266573,0.5586867841683848,0.49227257372480715,0.2997792626266071,-0.028122242601231626
2026-06-05 12:30:00+03:00,0.24319991479777772,-0.1658144891596859,0.6009990366849254,0.5756922329493144,0.3138530283520897,0.0036443968285142314
2026-06-05 12:35:00+03:00,0.13681442937141436,-0.5050645563703909,0.4437120688280891,0.2705449295183517,0.31067387136025015,-0.003461219686267494
2026-06-05 12:40:00+03:00,0.17253780851450598,-0.37342443916676754,0.6720103264131532,0.7233662887090685,0.314557480108987,0.005213581384562246
2026-06-05 12:45:00+03:00,0.18846193487751753,-0.3217240951264591,0.4890010969316886,0.35795429103982107,0.3172517050549021,0.011197607015165256
2026-06-05 12:50:00+03:00,0.1493261613301247,-0.456053791167297,0.5665129977181212,0.5075381419287842,0.31474287690587466,0.005626241198391552
2026-06-05 12:55:00+03:00,0.12906410725209755,-0.537346097590153,0.5484502714270152,0.47239002185477613,0.3129293100041627,0.0015838907714778672
2026-06-05 13:00:00+03:00,0.19296759335723995,-0.30771148211092825,0.4420083324809505,0.26723055005421037,0.31820539612415844,0.013309270691322338
2026-06-05 13:05:00+03:00,0.15732318467269124,-0.4264795560806637,0.36690021112235244,0.117223383956739,0.3153269912220565,0.006925516057116433
2026-06-05 13:10:00+03:00,0.27386168674263095,-0.08896939436371519,0.598090433951449,0.5698773561087225,0.3367269233637789,0.05368434522101677
2026-06-05 13:15:00+03:00,0.15775962603659552,-0.424901170562152,0.4280193398772382,0.23990892129723035,0.28504874261477536,-0.06229975925784321
2026-06-05 13:20:00+03:00,0.16585682725398349,-0.3962397506805931,0.6072808345155782,0.5883001110934258,0.28407478302822853,-0.06459602843973544
2026-06-05 13:25:00+03:00,0.12380200520775769,-0.5602172267915141,0.54170441728496,0.45933197154201477,0.24186342814710113,-0.16930639701376307
2026-06-05 13:30:00+03:00,0.10978979514676486,-0.6254866951795622,0.5137197761412031,0.40542297334677363,0.2834870879347008,-0.06598391291685983
2026-06-05 13:35:00+03:00,0.13385873117331915,-0.517188475045786,0.6001717571335957,0.5740369054447594,0.2920030007659475,-0.04603853946425663
2026-06-05 13:40:00+03:00,0.16691626276433572,-0.3925734923118314,0.40086945940047597,0.18619498533571774,0.30256306031658875,-0.02177352470359078
2026-06-05 13:45:00+03:00,0.2126030202636338,-0.24937583015766213,0.5149054412144196,0.4077012604879557,0.29736418422598737,-0.033657416971946845
2026-06-05 13:50:00+03:00,0.13649304572795454,-0.5063720742738647,0.40741524313771627,0.19924233859974094,0.26278648560493845,-0.11604952658109408
2026-06-05 13:55:00+03:00,0.1256365230110435,-0.5521508570874698,0.4288941940133129,0.24162370720905227,0.21255967179641133,-0.24950013072865437
2026-06-05 14:00:00+03:00,0.1289681485308363,-0.537755981227084,0.47779725823601676,0.33641882132796647,0.257526398012858,-0.1291673006395978
2026-06-05 14:05:00+03:00,0.11669348923640066,-0.5924786432084047,0.334081496820204,0.04798793144062415,0.21121911607563434,-0.2533533158241189
2026-06-05 14:10:00+03:00,0.1280900317501454,-0.541518941678604,0.3760816454844303,0.1360988534757185,0.22058643238817568,-0.22679064020801623
2026-06-05 14:15:00+03:00,0.16261568352210143,-0.4075738712166393,0.3645515777924184,0.11236363445376446,0.20559171271718354,-0.26972704988107893
2026-06-05 14:20:00+03:00,0.14762126395470737,-0.4625264829576896,0.37539651168389115,0.13469683673790867,0.20559171271718354,-0.26972704988107893
2026-06-05 14:25:00+03:00,0.1257570136065368,-0.5516246009030048,0.279633718060004,-0.0751274504241077,0.21862754018427094,-0.23227699057178827
2026-06-05 14:30:00+03:00,0.1294087647847879,-0.5358760445423161,0.47796337210774487,0.33673837728988054,0.2344051930544011,-0.18903942734997695
2026-06-05 14:35:00+03:00,0.13713025232066425,-0.5037821771049129,0.3648832321959148,0.11305069114377023,0.23346370956246948,-0.19156106850131727
2026-06-05 14:40:00+03:00,0.07645257420540705,-0.8168393709652535,0.5002514758418192,0.37955787827900306,0.24612598126030752,-0.1582145613946622
2026-06-05 14:45:00+03:00,0.0744572792185259,-0.8305685655888968,0.570315107851021,0.5149773227453188,0.25632521574539374,-0.13218725128280004
2026-06-05 14:50:00+03:00,0.054031617055813094,-0.994957201967326,0.49208722069339317,0.36388163723180367,0.24184938275380297,-0.16934316374913586
2026-06-05 14:55:00+03:00,0.06365771277016592,-0.9113533236847405,0.4881650751391027,0.3563483321912997,0.24101318167491745,-0.17153472100778194
2026-06-05 15:00:00+03:00,0.12649486406471427,-0.548411336929905,0.706241036730427,0.8001189497613211,0.2927414216508495,-0.04432539730499499
2026-06-05 15:05:00+03:00,0.2036322070033308,-0.27550627185977566,0.6408947349363733,0.6571078458800956,0.2651727349963119,-0.1101544682455636
2026-06-05 15:10:00+03:00,0.1752644785699248,-0.3643140741635069,0.7018885790355415,0.7900921704247456,0.26549924823846954,-0.10935048658585948
2026-06-05 15:15:00+03:00,0.30395156742437807,-0.018619281285576605,0.7174758167478135,0.8264117607196411,0.2711529263440125,-0.0955277773010205
2026-06-05 15:20:00+03:00,0.36031259506677055,0.10355836765040284,0.843898696473111,1.1890676190865124,0.4522922070869295,0.2871989186824568
2026-06-05 15:25:00+03:00,0.32505142404820864,0.028370455890319883,0.8567807577768553,1.2376799038943667,0.4066757978027589,0.19777181478738462
2026-06-05 15:30:00+03:00,0.34477280933725396,0.07087661911327398,0.8966450250550703,1.4160842698119935,0.5383837172180483,0.45291520700694654
2026-06-05 15:35:00+03:00,0.295946598339617,-0.03691848475294991,0.8741090184435399,1.3091901011570175,0.5374919671540539,0.4511931758793115
2026-06-05 15:40:00+03:00,0.29025383804925625,-0.050106804728191186,0.8376598009337272,1.1666956951202514,0.545094546639964,0.4658902915723983
2026-06-05 15:45:00+03:00,0.39582523233419176,0.17609265427116905,0.8058298304782088,1.0621638151982977,0.6297284433781132,0.6339735605796608
2026-06-05 15:50:00+03:00,0.6123379885762111,0.5985017554285608,0.8331556078680319,1.150971730259127,0.5735050549283354,0.5212312465408675
2026-06-05 15:55:00+03:00,0.5557599451492877,0.4865785880027797,0.8554653434422276,1.2325540291501036,0.3664739916168975,0.1163424372844094
2026-06-05 16:00:00+03:00,0.4403368864673753,0.26397640588573407,0.8072355861826348,1.0664880782873927,0.2997776649138081,-0.028125895966106988
2026-06-05 16:05:00+03:00,0.6650306808128824,0.7082479443673058,0.8113490950550413,1.0792813877883813,0.43055035293948973,0.24486753956546067
2026-06-05 16:10:00+03:00,0.44925959512622543,0.2813194484792791,0.7650846618058134,0.9458261190730739,0.3374459753243711,0.055228861306406196
2026-06-05 16:15:00+03:00,0.4246329514525363,0.23326289856900714,0.7055771276954942,0.7985839491081148,0.3617345140023794,0.10651695981411961
2026-06-05 16:20:00+03:00,0.40808410538055784,0.20057177649683286,0.8114155374643989,1.079489773366493,0.3835170641396063,0.15125049886729391
2026-06-05 16:25:00+03:00,0.41254069339537175,0.20941273689140658,0.7939109488328723,1.0264168569751773,0.40896211946764455,0.2023159007964057
2026-06-05 16:30:00+03:00,0.34634270357887875,0.07420865150899737,0.7677989109194459,0.9531040757491052,0.40796341854137963,0.20033194820520367
2026-06-05 16:35:00+03:00,0.5767901887343102,0.527684335557509,0.7442794623569832,0.891861123962622,0.4421402483391211,0.26748726763129843
2026-06-05 16:40:00+03:00,0.3780076829425819,0.1400347707977665,0.7345043033671257,0.8675093421165859,0.42662241648314764,0.2371690026389628
2026-06-05 16:45:00+03:00,0.5158056854017005,0.4094313177258346,0.7761067795088898,0.9757579484997255,0.434489220253344,0.2525703167196045
2026-06-05 16:50:00+03:00,0.30593194731148987,-0.014134494620320046,0.7682978173023643,0.9544482742678588,0.4220847052135401,0.22825265997959374
2026-06-05 16:55:00+03:00,0.4336548060499199,0.2509399358564677,0.7558921960044661,0.9215999381184234,0.4321042736503356,0.2479083555342521
2026-06-05 17:00:00+03:00,0.3128841182295789,0.0014829982356549512,0.7400285027240777,0.8811983459949045,0.4104568117628204,0.2052823750732845
2026-06-05 17:05:00+03:00,0.3533760683068437,0.08905103103550259,0.753316017863071,0.9149223015612156,0.40909487726610655,0.20257951582585015
2026-06-05 17:10:00+03:00,0.3084842735341237,-0.008378335106437563,0.7125813744707779,0.8148820910893206,0.4028053446378037,0.1900607986715603
2026-06-05 17:15:00+03:00,0.2373852483953479,-0.18110369443713353,0.6333243144218682,0.6413907444952988,0.3323591438918181,0.04426710624193464
2026-06-05 17:20:00+03:00,0.25654629103358484,-0.13163074076891296,0.7530157023772321,0.9141469259360488,0.4129620119400786,0.21024705237468097
2026-06-05 17:25:00+03:00,0.16166564615642304,-0.4109305431827133,0.602608131418458,0.5789152320466677,0.318287690956142,0.013491329522042173
2026-06-05 17:30:00+03:00,0.119802512781116,-0.578165464494014,0.5909285969478691,0.5556172083498138,0.2957272298000417,-0.03742393564728501
2026-06-05 17:35:00+03:00,0.1035074365286079,-0.6571450134332191,0.5774314782848596,0.5289455782766126,0.2725165951200275,-0.09222100045142571
2026-06-05 17:40:00+03:00,0.1325844819943873,-0.5224851671418701,0.5886566902302371,0.5511098840831109,0.28740413424949435,-0.05676593943471497
2026-06-05 17:45:00+03:00,0.1355585444199143,-0.5101887878899457,0.5476195353316575,0.47078019081211536,0.2696687170817777,-0.0991387462201776
2026-06-05 17:50:00+03:00,0.1579535711338645,-0.4242009089979431,0.42712229752483466,0.2381497283179891,0.2642138366863689,-0.11251925339999264
2026-06-05 17:55:00+03:00,0.22025234939673805,-0.22772383828317821,0.49393049317406795,0.36742132671978345,0.27263156046248804,-0.09194269363337526
2026-06-08 09:55:00+03:00,0.34594808900469276,0.07337177064242038,0.893899012113181,1.4020258218472696,0.653194512978402,0.6829605827467573
2026-06-08 10:00:00+03:00,0.3201546140496782,0.01761477134312109,0.9697996543186143,2.0442661911835334,0.567046118975432,0.5085802989378359
2026-06-08 10:05:00+03:00,0.32571983977199226,0.029832037406704738,0.9763582955499496,2.1650221048592844,0.5464929930391689,0.46859795505415447
2026-06-08 10:10:00+03:00,0.22204141296258256,-0.22273819152635857,0.9434817285501611,1.7302470572242024,0.4569003315804293,0.2961199212223045
2026-06-08 10:15:00+03:00,0.23842861450191308,-0.1783415117895675,0.9303942683670251,1.623569042001728,0.40161499521166966,0.18768448715588812
2026-06-08 10:20:00+03:00,0.34096953348678855,0.06277428954242188,0.9616201327202629,1.9251573690366468,0.35871859060531225,0.1002356456665261
2026-06-08 10:25:00+03:00,0.2029764015955023,-0.2774496910313329,0.9605730674208155,1.9117150376700072,0.305186956813467,-0.015819690274312615
2026-06-08 10:30:00+03:00,0.10923930282048089,-0.6281961609352729,0.9567215983364539,1.8650495808237455,0.2801397156414013,-0.07392242655409936
2026-06-08 10:35:00+03:00,0.11504596170151123,-0.6001980362456998,0.9470687967007363,1.763541746099055,0.268055529841211,-0.10307775636437438
2026-06-08 10:40:00+03:00,0.2630527200688958,-0.11539011479959707,0.9570402780072947,1.8687568939929309,0.27016513947432313,-0.09792959871515296
2026-06-08 10:45:00+03:00,0.23033868589209974,-0.19998216505913313,0.6844539742158282,0.7507377229744291,0.29424801921891863,-0.040837911025772174
2026-06-08 10:50:00+03:00,0.2505921914208019,-0.14673069759761714,0.6231279930461306,0.6204351712921495,0.30013975801735415,-0.027298210390498227
2026-06-08 10:55:00+03:00,0.32993620715848826,0.03901635064286324,0.6177726102426964,0.6095194964235039,0.3034880181447176,-0.019671410446439323
2026-06-08 11:00:00+03:00,0.3291575820645965,0.03732484618781723,0.5526155572299413,0.48046974526159525,0.30135743390442316,-0.024518974390168195
2026-06-08 11:05:00+03:00,0.4722419497492185,0.3257260984092551,0.5967063741344436,0.5671152149330677,0.2969141898468078,-0.03469162551022539
2026-06-08 11:10:00+03:00,0.44681960473310073,0.27658363125638724,0.6124474295382969,0.5987230588782364,0.3033767056462234,-0.01992419409136082
2026-06-08 11:15:00+03:00,0.4673571221481486,0.31631304982865305,0.524410782928963,0.4259798623118806,0.29820643604488617,-0.03172411709039377
2026-06-08 11:20:00+03:00,0.4144562950076691,0.21320407899349034,0.5186469007595617,0.4148928103840024,0.2995534040291503,-0.028638806334985518
2026-06-08 11:25:00+03:00,0.40932968662539515,0.2030457085842652,0.5421994450222507,0.4602891391090174,0.3149361523549385,0.0060562975706375125
2026-06-08 11:30:00+03:00,0.44723315647173806,0.27738664418852393,0.5313876713155579,0.4394172059401318,0.33055803893212543,0.04036577828834719
2026-06-08 11:35:00+03:00,0.5838570121552054,0.5416119871989793,0.44012334860788616,0.2635604801039672,0.3359691532908672,0.05205490461798571
2026-06-08 11:40:00+03:00,0.5757447565957702,0.5256293425765978,0.6367491299831383,0.6484836114928301,0.3684600243250306,0.12044368393759858
2026-06-08 11:45:00+03:00,0.415386455134257,0.21504319045427034,0.7631998533569737,0.9408064520208996,0.32354511411486647,0.025070975950705367
2026-06-08 11:50:00+03:00,0.46203274585451576,0.30603918410491787,0.7906188755270062,1.0168156291204946,0.3274545029995495,0.03361790708200339
2026-06-08 11:55:00+03:00,0.46748034110318254,0.316550633041943,0.7939931047901662,1.0266579067248975,0.3285540925230362,0.036012408492187
2026-06-08 12:00:00+03:00,0.488871747645648,0.35770582505294485,0.7767542383724251,0.9775482555419456,0.31694155218929293,0.010510134767244344
2026-06-08 12:05:00+03:00,0.6297197373815527,0.6339556391375233,0.9049807917864391,1.4608882683920934,0.36279993863684185,0.10873048983529951
2026-06-08 12:10:00+03:00,0.7632472653819571,0.9409323818107465,0.8825506438386352,1.3471188109240875,0.4909331291451984,0.3616651976249699
2026-06-08 12:15:00+03:00,0.730060605264385,0.8566293903592966,0.8680240493446064,1.283179997615262,0.48507204881364663,0.3504055966843055
2026-06-08 12:20:00+03:00,0.7623066292754488,0.938437224847085,0.9168299795462721,1.5310626996415806,0.5414382980276335,0.45881747896888586
2026-06-08 12:25:00+03:00,0.7942486834794293,1.02740824312553,0.851131086524793,1.215933848493701,0.5962351251616451,0.5661754558938058
2026-06-08 12:30:00+03:00,0.8278046807469938,1.132726907794953,0.8641951406368809,1.2673307494126131,0.5995507023343128,0.5727949706582554
2026-06-08 12:35:00+03:00,0.8293970760207726,1.1381087348597179,0.674950437670354,0.7297837309047213,0.5672595490060335,0.5089976015250793
2026-06-08 12:40:00+03:00,0.8040802688874582,1.0568150257631466,0.7551503922683535,0.9196722722501995,0.6035049540525439,0.5807134827982551
2026-06-08 12:45:00+03:00,0.8650240539621802,1.2707296040819462,0.723906242104399,0.8417455877417793,0.5857064874373327,0.5452680116000905
2026-06-08 12:50:00+03:00,0.8590085190093392,1.2464511665907088,0.700892845363321,0.7878101979388007,0.5908804522658436,0.5555216130455396
2026-06-08 12:55:00+03:00,0.8782275174065294,1.327411633674844,0.7587186585001429,0.9289814642513357,0.5772432905452739,0.5285754109833599
2026-06-08 13:00:00+03:00,0.8876139312269189,1.371016423618387,0.7270392013888869,0.8492961969338234,0.578048117393041,0.5301588244182595
2026-06-08 13:05:00+03:00,0.8584000989938632,1.244044246122542,0.7222382666655799,0.8377473122489419,0.569949841992621,0.5142619557262282
2026-06-08 13:10:00+03:00,0.8476682222413005,1.2029398145917582,0.643319195763745,0.6621717564088689,0.542743186207297,0.46134068297976816
2026-06-08 13:15:00+03:00,0.790290020803357,1.0158626594241564,0.6228758675025806,0.6199199206171634,0.5117831417632842,0.40170230501467247
2026-06-08 13:20:00+03:00,0.8213670183692837,1.1113621236057685,0.5500931069323134,0.4755751188783975,0.5196345502948506,0.4167918330039515
2026-06-08 13:25:00+03:00,0.8207849705628212,1.1094604444951819,0.3954886118683464,0.1754169316702449,0.47513225329548014,0.3312907674244532
2026-06-08 13:30:00+03:00,0.7588605841515722,0.9293536620172732,0.4082586990610861,0.2009186892243646,0.524685428717178,0.42650844298267493
2026-06-08 13:35:00+03:00,0.814977795674498,1.090745829377869,0.4794903767536124,0.3396754708687736,0.5284831458755369,0.43382058130944906
2026-06-08 13:40:00+03:00,0.8160034213303381,1.094017598026528,0.46503036668137665,0.3118252686528129,0.4978980388794912,0.37503937003742843
2026-06-08 13:45:00+03:00,0.7855918720310973,1.0023661713402152,0.42611931168753503,0.23618165519878223,0.45874513989510735,0.2996872515674488
2026-06-08 13:50:00+03:00,0.6919805126663893,0.7675746851524013,0.3409675805176369,0.06277011791854571,0.4387074927313618,0.2608015979659088
2026-06-08 13:55:00+03:00,0.7390654249418286,0.8787984258488066,0.39452142627762987,0.17347432073903224,0.4654220385260941,0.3125809145308287
2026-06-08 14:00:00+03:00,0.7438789063101916,0.8908514786747256,0.3344912884871479,0.048871799132111586,0.4275819602181598,0.2390512911465877
2026-06-08 14:05:00+03:00,0.6449253283299243,0.6655348816493872,0.39576349567091174,0.17596874066259655,0.364631460469371,0.11252914408479725
2026-06-08 14:10:00+03:00,0.3067943897053545,-0.012186481657016761,0.33240979361432715,0.04437666324548282,0.3155645863313308,0.0074536391526365394
2026-06-08 14:15:00+03:00,0.4058479913434649,0.19612456998758016,0.2465759861269055,-0.1570511746917176,0.2703570114591894,-0.0974626267614295
2026-06-08 14:20:00+03:00,0.22015301174717186,-0.2280015151976234,0.23228106706015195,-0.1947386656356273,0.2656395589756739,-0.10900518995325839
2026-06-08 14:25:00+03:00,0.2090383010389197,-0.25966013642865987,0.22329917841001065,-0.21925029769165577,0.2536725357283432,-0.1388895369602373
2026-06-08 14:30:00+03:00,0.24357346836719107,-0.16484081782959054,0.17725544470197327,-0.3577321314967653,0.24903931511659394,-0.15070792495265853
2026-06-08 14:35:00+03:00,0.1785370039363312,-0.353526055659173,0.20658280203872909,-0.26681954944104364,0.2436330828727997,-0.16468552571149325
2026-06-08 14:40:00+03:00,0.3522530187256814,0.08669025816316445,0.2610780236743776,-0.12029133953285362,0.2493597045719592,-0.1498859913082674
2026-06-08 14:45:00+03:00,0.36092226887329326,0.10482753922062348,0.24315044416102552,-0.1659435109661453,0.25078388135340934,-0.14624088125145834
2026-06-08 14:50:00+03:00,0.28782723878486793,-0.05577476280860321,0.18278119757984587,-0.33976291707393497,0.24655689962238878,-0.15710048953971772
2026-06-08 14:55:00+03:00,0.2802704193391783,-0.07361137431003444,0.2172712301499253,-0.236096431635482,0.24920015661323303,-0.15029521064842086
2026-06-08 15:00:00+03:00,0.32441445655857015,0.0269761897201896,0.25234876446519333,-0.14225148296256024,0.2441422910677176,-0.1633601178241708
2026-06-08 15:05:00+03:00,0.30788815915375145,-0.009720350530906993,0.238114812786461,-0.17917138743538874,0.2523565986621869,-0.14223155237912022
2026-06-08 15:10:00+03:00,0.33539739602005786,0.050824247371407644,0.27102260982178766,-0.09584432893237735,0.27296277561177895,-0.09114130155944997
2026-06-08 15:15:00+03:00,0.3680909419902103,0.1196822136265187,0.18922558838404477,-0.31933122069289843,0.2778461876821874,-0.0793951485948084
2026-06-08 15:20:00+03:00,0.31393511267612156,0.0038273399865688274,0.21191981478716543,-0.2513370608947431,0.25807241365537825,-0.12779757927784924
2026-06-08 15:25:00+03:00,0.35204696555297493,0.08625673990578632,0.18202825355840002,-0.3421862828447721,0.25877580345447004,-0.1260358552729923
2026-06-08 15:30:00+03:00,0.19890312269248508,-0.28962671175273724,0.17979002523622345,-0.34943642653786267,0.24541887095532194,-0.1600455349262782
2026-06-08 15:35:00+03:00,0.297897156398991,-0.03243367000244218,0.2126163394822177,-0.2493376413701549,0.25958085788729385,-0.12402332056748686
2026-06-08 15:40:00+03:00,0.2498344892632654,-0.14866926470911057,0.15922936232373283,-0.41961183476249886,0.2530554543473151,-0.14045527466619234
2026-06-08 15:45:00+03:00,0.2847017340062225,-0.06311734630144929,0.2074810817312906,-0.26419321934392614,0.2712156569592146,-0.09537543254043519
2026-06-08 15:50:00+03:00,0.30366451025059193,-0.019270715240940723,0.14960443682298263,-0.4550031053166972,0.2723819327445617,-0.09254708301979363
2026-06-08 15:55:00+03:00,0.38071514085813973,0.14555429219414956,0.20903185540006913,-0.25967884841112854,0.27725542892569893,-0.08080928308690857
2026-06-08 16:00:00+03:00,0.2777419676304429,-0.07964449177171276,0.1660672972825559,-0.3955099136266669,0.2680056923205023,-0.10319968601876633
2026-06-08 16:05:00+03:00,0.3132158979787039,0.0022235259066547934,0.16639355517047005,-0.3943800271652691,0.28612657945320225,-0.05976407452012999
2026-06-08 16:10:00+03:00,0.35372933358623326,0.08979292856678343,0.17337004381217613,-0.3706317864631266,0.284764379615873,-0.06296970263381517
2026-06-08 16:15:00+03:00,0.3583626153824459,0.09949272488035207,0.18148161031309418,-0.3439505521755756,0.28917607502804427,-0.052620718058221744
2026-06-08 16:20:00+03:00,0.38925902790399985,0.16287513348682803,0.12653824950765646,-0.5482228973069497,0.2899055255330554,-0.0509186484418826
2026-06-08 16:25:00+03:00,0.43386502369160285,0.2513507537670557,0.20835952263885382,-0.26163299795324363,0.3078955572603252,-0.009703686554243095
2026-06-08 16:30:00+03:00,0.4727256226658007,0.32665754790059137,0.2464008483274729,-0.15750378420972838,0.30882681847988314,-0.007607823371037237
2026-06-08 16:35:00+03:00,0.3013901543993695,-0.02444438110486035,0.4597184287444758,0.3015684258015092,0.26552453454190594,-0.10928824984693801
2026-06-08 16:40:00+03:00,0.3832305544314207,0.15066876388725217,0.36802835423528557,0.1195530544378522,0.30555903857800043,-0.014977740158678055
2026-06-08 16:45:00+03:00,0.45712510618962804,0.29655469119655414,0.41024904544928065,0.20487022471033986,0.3160990872103283,0.008640937772431044
2026-06-08 16:50:00+03:00,0.4955078837919628,0.3704501803104095,0.4046587146360359,0.19375617154736113,0.32266818346332515,0.023146424457047014
2026-06-08 16:55:00+03:00,0.49800592118588954,0.3752465022910865,0.3291764183487635,0.03736579061070433,0.32624775314656473,0.030985295773242244
2026-06-08 17:00:00+03:00,0.4959738567352267,0.37134489066833215,0.36455872001337286,0.11237843311431209,0.32632100737799463,0.0311452479098364
2026-06-08 17:05:00+03:00,0.47206272729437193,0.3253809293110711,0.3610774833534449,0.10515050348655348,0.3058005717614017,-0.014431503924070199
2026-06-08 17:10:00+03:00,0.4564714465378164,0.295290256585984,0.4495659515438858,0.2819137210447065,0.29694928007118016,-0.03461094618396982
2026-06-08 17:15:00+03:00,0.48576675584683926,0.35174053579159237,0.3628585675062615,0.1088522159121097,0.3269022658409996,0.03241378258334485
2026-06-08 17:20:00+03:00,0.5096963823944902,0.397693973435864,0.33177170145422386,0.042995835509849395,0.3275675015725904,0.03386416608296922
2026-06-08 17:25:00+03:00,0.5138607884645818,0.4056939162493238,0.2732597662071888,-0.09042323384574591,0.32969790746509153,0.03849887818044687
2026-06-08 17:30:00+03:00,0.4615603307382508,0.3051268437451395,0.3175940177972299,0.011955946003714649,0.3269838548445526,0.03259174894803421
2026-06-08 17:35:00+03:00,0.44544886691337304,0.2739209766213876,0.3683075144099818,0.12012907247381448,0.3269838548445526,0.03259174894803421
2026-06-08 17:40:00+03:00,0.45366391747316204,0.2898560378165447,0.32641561901815175,0.03135180699786437,0.31788840609068014,0.012607766633517686
2026-06-08 17:45:00+03:00,0.44131854624275635,0.2658879170750528,0.379846892702523,0.14378591544684127,0.306752871871464,-0.012280188609751972
2026-06-08 17:50:00+03:00,0.4086825294362857,0.20176063707969621,0.3996384678465562,0.18373358338707124,0.30611521923949553,-0.01372027889871214
2026-06-08 17:55:00+03:00,0.4181432855227367,0.22048704806208191,0.38068730282465946,0.1454976181391212,0.31169437753812473,-0.0011760125126450433
2026-06-09 09:55:00+03:00,0.3349374239156514,0.049833443511238806,0.06427193857528773,-0.906429210558827,0.28731862946088843,-0.05696635106079918
2026-06-09 10:00:00+03:00,0.39482763084175476,0.17408951724073138,0.28285384815019654,-0.06748130216646317,0.2964742988037831,-0.0357034894397241
2026-06-09 10:05:00+03:00,0.1893774950629962,-0.31885611129777125,0.27035524504348246,-0.0974669248562145,0.2499179709433375,-0.14845548644831755
2026-06-09 10:10:00+03:00,0.3676922258521147,0.11885924619380478,0.3199929367580007,0.017258182807728464,0.2570541926737474,-0.13035339355471526
2026-06-09 10:15:00+03:00,0.41968030006503,0.22351775501936402,0.3902978696678999,0.16497153499108042,0.2861657355533675,-0.059672065069046674
2026-06-09 10:20:00+03:00,0.40434591858572394,0.1931328811782358,0.3052505655989521,-0.015675714963412732,0.28335021876826655,-0.06630738881554077
2026-06-09 10:25:00+03:00,0.16395570392837047,-0.40286606731389346,0.30213414519002396,-0.022749536826071975,0.23654964555007327,-0.1833218844011621
2026-06-09 10:30:00+03:00,0.18995669355940095,-0.31704726166796765,0.2880346029717175,-0.05528930268508153,0.2401315781759346,-0.1738508980980071
2026-06-09 10:35:00+03:00,0.27596416204985413,-0.08390674990069492,0.2931201848866614,-0.04344764671091336,0.24076286628434954,-0.1721917684965149
2026-06-09 10:40:00+03:00,0.1792525060485052,-0.35118805195538166,0.34917076033368716,0.08019324968284784,0.2382478230568243,-0.17881953861380517
2026-06-09 10:45:00+03:00,0.2155213448679628,-0.24104974050362374,0.44999268948153925,0.28274138704891083,0.24195136802956876,-0.16907622914084755
2026-06-09 10:50:00+03:00,0.12585522536515126,-0.5511959692818836,0.374989398169387,0.13386326076607458,0.21980709407825716,-0.22896915569134713
2026-06-09 10:55:00+03:00,0.24994148869492824,-0.1483952712452059,0.5600551522861222,0.4949373480497044,0.2764636767722371,-0.08270746373349613
2026-06-09 11:00:00+03:00,0.22393994939121392,-0.21747876602130356,0.5169373567194511,0.41160640443558333,0.27246031161999024,-0.09235727769217707
2026-06-09 11:05:00+03:00,0.17766950480666047,-0.35637058798184124,0.5472207913309994,0.4700076731400827,0.2662914058820603,-0.10740255634912284
2026-06-09 11:10:00+03:00,0.15820892195355235,-0.4232799993360854,0.4849421004930417,0.3501558776967427,0.26765574862306524,-0.10405624359292238
2026-06-09 11:15:00+03:00,0.1545313976577727,-0.4366612578810534,0.2947539343102788,-0.03966915251224398,0.25471909526142317,-0.13623980814096653
2026-06-09 11:20:00+03:00,0.24753420086938013,-0.15457867361551134,0.44044864087730007,0.2641940622668778,0.2577238143132379,-0.12867184840241846
2026-06-09 11:25:00+03:00,0.3398905171879551,0.060467702905137796,0.3584970445915501,0.09977331706240095,0.28352288551971516,-0.06589932465841461
2026-06-09 11:30:00+03:00,0.21599529721603417,-0.23970528146844736,0.4010977868232786,0.18665125645562955,0.2901725104903845,-0.05029631070410932
2026-06-09 11:35:00+03:00,0.18929867330393874,-0.319102600901807,0.3920355702532655,0.16847377128038007,0.28278787442878567,-0.06763742345364303
2026-06-09 11:40:00+03:00,0.17953015667211572,-0.3502827542906009,0.48881570245071065,0.3575981674089103,0.2771171651339647,-0.08114052139988549
2026-06-09 11:45:00+03:00,0.06732710680399585,-0.8825689345976571,0.3197322374963497,0.016682994648777053,0.22794449808983036,-0.20648814961694192
2026-06-09 11:50:00+03:00,0.07225949560437452,-0.8460882792290825,0.4955525165229597,0.37053587983051905,0.2216739675416112,-0.22375981209955437
2026-06-09 11:55:00+03:00,0.06446766565171212,-0.9048693167074291,0.4646259022109065,0.3110448548360167,0.22114370083950335,-0.22523626750247971
2026-06-09 12:00:00+03:00,0.0456991195582443,-1.0795599569807361,0.4288433962306044,0.2415241633099912,0.21996701310013078,-0.22852167610986573
2026-06-09 12:05:00+03:00,0.05731229525023434,-0.9649964132160342,0.43651761848551,0.25653064524244096,0.22015473068285554,-0.2279967095202812
2026-06-09 12:10:00+03:00,0.049941802593314245,-1.0348082365812397,0.49760235305608247,0.374471656136677,0.21942017454661542,-0.23005278813517357
2026-06-09 12:15:00+03:00,0.04925026036061874,-1.0418503085074389,0.5115651101127104,0.4012834665244799,0.2189546354666923,-0.2313584300912616
2026-06-09 12:20:00+03:00,0.059257313405695344,-0.9479859188822041,0.510647781166993,0.3995213696589096,0.21980569996677307,-0.22897305767118045
2026-06-09 12:25:00+03:00,0.0806230651237158,-0.7891728100795509,0.5489302447999362,0.4733203699027188,0.228420985041916,-0.2051895236380185
2026-06-09 12:30:00+03:00,0.09599885927666219,-0.6972949281784372,0.5159273334427203,0.4096651114718505,0.23368038793584908,-0.19098009862488127
2026-06-09 12:35:00+03:00,0.05971950639202807,-0.9440207734382844,0.33750492750718203,0.05535541824411572,0.1776722736228971,-0.35636149173115333
2026-06-09 12:40:00+03:00,0.06093637712897765,-0.9337170618173637,0.3360633849502736,0.052257630559400935,0.17866413668981407,-0.3531100967233457
2026-06-09 12:45:00+03:00,0.09265459449312456,-0.7160866173695057,0.40770353659464065,0.19981543714290492,0.20871315922801895,-0.2606045678559561
2026-06-09 12:50:00+03:00,0.08703512546795007,-0.7490814469532808,0.23968119658450798,-0.17503639948269512,0.21675227321958596,-0.23756239532547258
2026-06-09 12:55:00+03:00,0.11082562199362149,-0.6204205859966216,0.18917895951517993,-0.31947711765090525,0.21772807007614217,-0.23480802988657135
2026-06-09 13:00:00+03:00,0.13026170487716027,-0.5322523126408613,0.15923000938525025,-0.419609514835107,0.2187641601097408,-0.23189320944773953
2026-06-09 13:05:00+03:00,0.13638389397729273,-0.5068167371029317,0.2578744128239292,-0.12829406051758308,0.22353025148996047,-0.21861103599805243
2026-06-09 13:10:00+03:00,0.14901991589876062,-0.4572119507303464,0.2721220252148808,-0.09317672987222722,0.20282664371799164,-0.27789414074929114
2026-06-09 13:15:00+03:00,0.15902193694316016,-0.4203559169038228,0.24142325791473274,-0.17045932625076515,0.20144269868418874,-0.2820130292907834
2026-06-09 13:20:00+03:00,0.20820890794206273,-0.2620713993542506,0.27905923268025506,-0.07649719507995503,0.2047609724696709,-0.2721721570026465
2026-06-09 13:25:00+03:00,0.16019002537839816,-0.41617592464316605,0.2443487662073945,-0.16282322120411902,0.17948527098228853,-0.35042903279658766
2026-06-09 13:30:00+03:00,0.1644299144497395,-0.40120746819032543,0.2188415957611711,-0.23167576039328602,0.1736197259420582,-0.3697960188639844
2026-06-09 13:35:00+03:00,0.17770014863100236,-0.3562699215798246,0.22157258678589595,-0.22404189745884767,0.17482771777738756,-0.3657658245347723
2026-06-09 13:40:00+03:00,0.18753693496459029,-0.3246325328243786,0.1905068229429596,-0.31533310087844785,0.17482771777738756,-0.3657658245347723
2026-06-09 13:45:00+03:00,0.17850184580261394,-0.3536411286141638,0.19400164289144453,-0.30453085089047066,0.1746129258893141,-0.36648082047759495
2026-06-09 13:50:00+03:00,0.17165234999206921,-0.3764074191184886,0.1673227159322674,-0.3911718696157832,0.17253150442996684,-0.3734456338094882
2026-06-09 13:55:00+03:00,0.17255616914596872,-0.37336271331141613,0.26506065377924015,-0.11043059444406667,0.17841643509985225,-0.35392075269247975
2026-06-09 14:00:00+03:00,0.20700966394034168,-0.26557046914870264,0.29942641488626803,-0.028929342523757395,0.185796984921526,-0.3301334325234283
2026-06-09 14:05:00+03:00,0.23840244503824665,-0.17841069049495487,0.21137966230367453,-0.2528909135802746,0.19026743446421196,-0.3160785509007328
2026-06-09 14:10:00+03:00,0.17278905225111413,-0.3725802438279212,0.21513655025850636,-0.24214286405532542,0.1803088367847577,-0.34774963782103974
2026-06-09 14:15:00+03:00,0.21339671053538484,-0.24710320634318123,0.30251399168311977,-0.021885142458416995,0.18510203144471069,-0.3323416542732092
2026-06-09 14:20:00+03:00,0.15106431916905194,-0.44951724621205796,0.20235522897094368,-0.27929479960690107,0.17953016607614988,-0.35028272364667634
2026-06-09 14:25:00+03:00,0.15099082698323552,-0.4497923658372516,0.28693060337240134,-0.05787627933100303,0.1881208994752235,-0.3227951189428458
2026-06-09 14:30:00+03:00,0.1738972968530664,-0.3688680120390455,0.3224027022743002,0.022563248009264028,0.21286043324254536,-0.24863808614032376
2026-06-09 14:35:00+03:00,0.1589388467544052,-0.4206542011369913,0.26538809464344365,-0.10962411189580501,0.20096159122724472,-0.2834498513543978
2026-06-09 14:40:00+03:00,0.17028411339857435,-0.3810408936000794,0.34996891285188525,0.08187817879301985,0.21018659807349085,-0.25633332502152334
2026-06-09 14:45:00+03:00,0.17096505389596053,-0.37873123860808566,0.3826876665790394,0.14956602152656,0.19923856252942787,-0.2886168935583307
2026-06-09 14:50:00+03:00,0.1456913727651804,-0.4699283907651071,0.3317121699632297,0.04286694159746318,0.18463508199495343,-0.33382899198580496
2026-06-09 14:55:00+03:00,0.2196980450148167,-0.22927442691426814,0.5083771040039019,0.3951601940015415,0.22142539882163798,-0.22445160278070359
2026-06-09 15:00:00+03:00,0.20215173753863663,-0.27990016203134854,0.4443899900244509,0.2718630093070332,0.21796330372100237,-0.23414537365004237
2026-06-09 15:05:00+03:00,0.31656163405330867,0.009667532045410878,0.5049846389199057,0.3886456380571297,0.2700306462127207,-0.09825704867958328
2026-06-09 15:10:00+03:00,0.40090998425248536,0.18627597320517417,0.5499366101144972,0.47527161576704285,0.2897371143382877,-0.051311386722173155
2026-06-09 15:15:00+03:00,0.24879069771522602,-0.15134622020535182,0.533404869255496,0.44330646054855416,0.2533926377102509,-0.1395994177845928
2026-06-09 15:20:00+03:00,0.29095341053009594,-0.048477984654471326,0.5936354018682962,0.5609974281573655,0.2994505863329482,-0.028874035668279344
2026-06-09 15:25:00+03:00,0.409292230513194,0.2029713483687425,0.5147500160942844,0.4074025891540241,0.3360943767002185,0.05232429874287786
2026-06-09 15:30:00+03:00,0.43544472806976203,0.2544364149453158,0.5264660038704917,0.4299360324591034,0.3663568222804249,0.11610018612329899
2026-06-09 15:35:00+03:00,0.40967131038189514,0.20372382513142853,0.6004046192047042,0.5745027298237606,0.36626004486523905,0.11590007123361375
2026-06-09 15:40:00+03:00,0.3406517387092305,0.06209531470967736,0.5256645594411501,0.4283931047733502,0.3498910389364153,0.08171386237695416
2026-06-09 15:45:00+03:00,0.3636659434561749,0.11052764210999003,0.5733948429394138,0.5210149778987073,0.3616241104372222,0.1062874238503316
2026-06-09 15:50:00+03:00,0.5143155066837837,0.4065676468174489,0.47435381125271814,0.3297923728932357,0.33651200549700716,0.05322238900918036
2026-06-09 15:55:00+03:00,0.3367036449528089,0.05363431634572916,0.599038439250588,0.571771070137469,0.3527050477981591,0.0876408837874561
2026-06-09 16:00:00+03:00,0.31980732873646867,0.016848696043581766,0.5438390991806856,0.46346067593580764,0.35561207038865306,0.09374126281222116
2026-06-09 16:05:00+03:00,0.2670755667157568,-0.10547792291131264,0.5924431386243667,0.5586262364284533,0.33552112689318214,0.05109065515745183
2026-06-09 16:10:00+03:00,0.29492122266846055,-0.0392829421162065,0.6024192734689354,0.5785367228685303,0.3610505730163844,0.10509451382998802
2026-06-09 16:15:00+03:00,0.2921055811980592,-0.04580040008858097,0.6681009831780175,0.7148786619044667,0.34006229216821954,0.06083513907410226
2026-06-09 16:20:00+03:00,0.2305667428702236,-0.19936492161867156,0.6116896218979178,0.597191145356008,0.3114836441209208,-0.0016475689995789626
2026-06-09 16:25:00+03:00,0.23409217636640892,-0.18987702000193243,0.6302553908851005,0.6350586148221565,0.3081966063448203,-0.009025772397582711
2026-06-09 16:30:00+03:00,0.31671781566238705,0.010013985582398388,0.6263776729877495,0.6270886263097025,0.34096039920243326,0.06275477822943239
2026-06-09 16:35:00+03:00,0.3146255281799801,0.0053650593889187975,0.6008276544087725,0.5753492148109074,0.33188807751043986,0.04324777214267779
2026-06-09 16:40:00+03:00,0.3920716201234302,0.16854636903661688,0.6255644554388143,0.625421464932537,0.3542401326145335,0.0908650723559241
2026-06-09 16:45:00+03:00,0.07330392298981184,-0.8386596077652061,0.8869175391238487,1.3676746606135344,0.24724433773773807,-0.15532593404129058
2026-06-09 16:50:00+03:00,0.10790210099258155,-0.6348279780868897,0.544031438424054,0.46383283142535514,0.25044871968625615,-0.1470974674323534
2026-06-09 16:55:00+03:00,0.2112743858999899,-0.253194099675068,0.6701367135622788,0.7192920916966178,0.25964019450669357,-0.1238751470822396
2026-06-09 17:00:00+03:00,0.17342045155125302,-0.3704629787208894,0.5800987464464816,0.5341969334846475,0.24681899335184868,-0.15642352792384837
2026-06-09 17:05:00+03:00,0.15245008333467072,-0.4443500775254501,0.5857934776191406,0.545440089718435,0.2456221682622989,-0.15951875811852184
2026-06-09 17:10:00+03:00,0.26918183200777585,-0.10032602799812926,0.596688639837735,0.5670798429776673,0.2684759139583903,-0.10204983945018226
2026-06-09 17:15:00+03:00,0.3110322065937913,-0.0026583356660111936,0.6060350946451605,0.5857943272273209,0.3279849929153883,0.034773631970447284
2026-06-09 17:20:00+03:00,0.2804561107605037,-0.07316961303028534,0.648092135378361,0.6721860957944403,0.2537132498365361,-0.13878632042481934
2026-06-09 17:25:00+03:00,0.31431316865474396,0.004669587131315282,0.6125850567507606,0.5990013910662239,0.25343501400181356,-0.13949190925338611
2026-06-09 17:30:00+03:00,0.2385478094608659,-0.1780264871119186,0.5582821583951747,0.49148493563341383,0.2561910838315278,-0.13252505346550397
2026-06-09 17:35:00+03:00,0.2978026266382354,-0.03265062585813877,0.6463006566892164,0.6684201551273106,0.2653884070046494,-0.10962334285788122
2026-06-09 17:40:00+03:00,0.3819428220438916,0.14805208568549497,0.7508650499290065,0.908612620881116,0.2983131118295095,-0.031479478468850394
2026-06-09 17:45:00+03:00,0.3902851418899168,0.16494586229529687,0.7103476323433708,0.8096591825197957,0.324768955237782,0.027752331521686973
2026-06-09 17:50:00+03:00,0.35317215596634277,0.08862263870442127,0.6974216183374414,0.7798887886435928,0.32432554182389,0.02678145008066194
2026-06-09 17:55:00+03:00,0.31974824551705916,0.01671832075631935,0.6350080386674447,0.6448742366961796,0.3016370775612007,-0.023881615945638465
2026-06-10 09:55:00+03:00,0.40252298942675513,0.18949733684594602,0.2460862220149719,-0.15831741884438805,0.40156858669904627,0.18759179446092042
2026-06-10 10:00:00+03:00,0.37346530403524797,0.13073940931797517,0.7212207886428724,0.8353155896208437,0.37300474354977015,0.12979441361444535
2026-06-10 10:05:00+03:00,0.35530758066049745,0.09310334845141359,0.5808890450665836,0.5357546399155275,0.28002615310673545,-0.0741927577674638
2026-06-10 10:10:00+03:00,0.342318813426006,0.06565366310912756,0.5601602083071697,0.4951420081915766,0.3469287387027619,0.0754506619600909
2026-06-10 10:15:00+03:00,0.14800135682991183,-0.46107812226725203,0.40069963766250294,0.18585557150041637,0.23397810843232697,-0.19018244451563845
2026-06-10 10:20:00+03:00,0.27903487253458426,-0.07655531509904094,0.3654507509617905,0.1142257496956324,0.27048130903740364,-0.09716022659807054
2026-06-10 10:25:00+03:00,0.28876641206559606,-0.053577725230269276,0.3831645541769439,0.15053473234231626,0.2634801279796804,-0.11433240404372311
2026-06-10 10:30:00+03:00,0.4718605966866313,0.3249916241700263,0.4776706337862199,0.3361752254687663,0.3410292417518121,0.06290182333175799
2026-06-10 10:35:00+03:00,0.4719472455373955,0.32515851270707663,0.48602538009797336,0.3522374771858319,0.38376269561534015,0.15174910312153395
2026-06-10 10:40:00+03:00,0.4727805632946308,0.32676334540782226,0.45572278928507026,0.29384170268206533,0.37478303998211504,0.13344059858308552
2026-06-10 10:45:00+03:00,0.2127082251109279,-0.2490742349854172,0.41336140747097627,0.21103772180332836,0.2797386226754839,-0.07487751254335832
2026-06-10 10:50:00+03:00,0.19940802830851428,-0.2881072142409753,0.3041252008321899,-0.018225414079114377,0.27865949246629784,-0.07745131491837197
2026-06-10 10:55:00+03:00,0.2059435953177419,-0.26869356665915467,0.3692227679734687,0.12201632923754344,0.27817568498070394,-0.07860721498521468
2026-06-10 11:00:00+03:00,0.3072108461607886,-0.011246918011955749,0.5237661548332114,0.42473932826745125,0.36125167326747826,0.10551287921489061
2026-06-10 11:05:00+03:00,0.1615077243504923,-0.41149005417169665,0.37803197511770964,0.14008436209982084,0.28036775382879964,-0.07337979255900634
2026-06-10 11:10:00+03:00,0.17805314338471764,-0.3551112971529458,0.384740378034754,0.15373249834868818,0.2817659945571958,-0.0700584421231186
2026-06-10 11:15:00+03:00,0.2697769315676165,-0.09887504617312529,0.39541785256201895,0.17527486612485993,0.32331101900963316,0.0245574872478115
2026-06-10 11:20:00+03:00,0.18446662683966494,-0.33436627315238837,0.35220604700946173,0.08659144387497844,0.27336814675220994,-0.09016131126875992
2026-06-10 11:25:00+03:00,0.20233103592723353,-0.27936674718201243,0.3987508832332498,0.1819572616944211,0.27054825478356764,-0.09699739236274117
2026-06-10 11:30:00+03:00,0.1617525889672308,-0.41062269636826215,0.34280521039150114,0.06669030115627153,0.24448596975016462,-0.16246662104452747
2026-06-10 11:35:00+03:00,0.20292707543435162,-0.2775960536438347,0.27378667355455166,-0.08915046760437184,0.26268608058233195,-0.1162983222166776
2026-06-10 11:40:00+03:00,0.20422262241205247,-0.27376061099606935,0.4624718373364655,0.30688705090149343,0.2945494551660805,-0.04014139677438123
2026-06-10 11:45:00+03:00,0.14661048888169073,-0.4663931488063494,0.2386871919271587,-0.1776582452140173,0.28800979207721406,-0.0553473764841169
2026-06-10 11:50:00+03:00,0.13237981976020188,-0.5233399035921282,0.16503405288377682,-0.39909998886155595,0.27243410444547095,-0.09242073820189294
2026-06-10 11:55:00+03:00,0.191556149974056,-0.3120739429123242,0.27165792225563745,-0.09430199391793215,0.34099565461068687,0.06283008424823074
2026-06-10 12:00:00+03:00,0.19268713294453424,-0.3085763838422245,0.19982918659851562,-0.28684196027322395,0.32368334787352443,0.02537410131448464
2026-06-10 12:05:00+03:00,0.14930535168745063,-0.45613242706049445,0.23874486671987616,-0.17750591431512613,0.2771690397184525,-0.08101623361248557
2026-06-10 12:10:00+03:00,0.21360326600731427,-0.246512773685233,0.27727250416400273,-0.08076838303472711,0.2759986941492659,-0.08382379851463005
2026-06-10 12:15:00+03:00,0.22833700473201793,-0.2054182664767093,0.21202132217191194,-0.25104537873215516,0.26978613170714916,-0.09885263009591812
2026-06-10 12:20:00+03:00,0.21223969219466893,-0.25041823676517394,0.2961506377820356,-0.03644854880758075,0.2672018431046823,-0.1051683280192407
2026-06-10 12:25:00+03:00,0.1615961961047925,-0.4111765477141373,0.2567698700458054,-0.13106824699986183,0.25927353255087526,-0.12479111573276955
2026-06-10 12:30:00+03:00,0.12464426222678596,-0.5565011868043284,0.22515916259309662,-0.21411795198114986,0.24551459000311995,-0.1597974744515454
2026-06-10 12:35:00+03:00,0.10684013708894818,-0.6401464238615509,0.19001247296500298,-0.3168732844156189,0.24876797057615754,-0.15140459067265633
2026-06-10 12:40:00+03:00,0.11592984970810971,-0.5960447767433935,0.19781264687544928,-0.2929183883788711,0.24846584652083561,-0.1521808797862098
2026-06-10 12:45:00+03:00,0.10425197727810047,-0.6533059672088389,0.13297290241003204,-0.5208660651025477,0.24149633813805546,-0.17026780954592843
2026-06-10 12:50:00+03:00,0.11683961164415095,-0.5917985739559282,0.1885657637391244,-0.3213983154737341,0.2457916207599362,-0.15907990343732784
2026-06-10 12:55:00+03:00,0.12023279214877844,-0.5762099453476647,0.22405788047215722,-0.21715311662867376,0.24812467276247208,-0.1530582647432751
2026-06-10 13:00:00+03:00,0.11676187868410909,-0.5921602594914888,0.23696065681008444,-0.18223014064897197,0.234393275357328,-0.1890713033650143
2026-06-10 13:05:00+03:00,0.11105936303333856,-0.6192831222319526,0.15934241840823798,-0.4192066076074835,0.2340481971496776,-0.18999476504791418
2026-06-10 13:10:00+03:00,0.14393752808489124,-0.47672596040740434,0.29500730592798796,-0.03908425559753914,0.2442692643707053,-0.16302991320002522
2026-06-10 13:15:00+03:00,0.14061586416019553,-0.4897913370772171,0.23028541704873307,-0.2001264005532123,0.2296044610308331,-0.20197228243350598
2026-06-10 13:20:00+03:00,0.12904429981580742,-0.537430682952589,0.1784996301923571,-0.3536483809248655,0.23229247893454,-0.19470794970293187
2026-06-10 13:25:00+03:00,0.1591650993884483,-0.41984227650442973,0.31525538814502324,0.006766315653548308,0.2507521695427711,-0.14632189576055762
2026-06-10 13:30:00+03:00,0.13178290998086595,-0.5258392071359183,0.12777621630342156,-0.5428690603385053,0.24421028617038126,-0.1631832764570097
2026-06-10 13:35:00+03:00,0.1338158775211348,-0.5173659109139719,0.22931733674832744,-0.20275174780078392,0.22137351757404228,-0.22459606337118576
2026-06-10 13:40:00+03:00,0.1570494165720746,-0.42747145378533796,0.08017065336022049,-0.7921099568088855,0.21541940015655595,-0.241339206812962
2026-06-10 13:45:00+03:00,0.10949399033624763,-0.6269411306386308,0.14067058856804648,-0.48957400742803137,0.19351395572130278,-0.30602931735088534
2026-06-10 13:50:00+03:00,0.09053161273399589,-0.728334216825567,0.08683649117431655,-0.7502825620449487,0.16875339302823214,-0.38625981771460544
2026-06-10 13:55:00+03:00,0.08304341070801613,-0.7737101076600207,0.0945702109061134,-0.7052497144343916,0.16713917769681258,-0.39180444981050316
2026-06-10 14:00:00+03:00,0.17328078037943043,-0.37093081111372944,0.34355779442383505,0.06829286784938401,0.23329081405633958,-0.19202491439151267
2026-06-10 14:05:00+03:00,0.2844733370576422,-0.06365579975427453,0.39620856388749565,0.1768619021682335,0.3889859311516845,0.16232368326845506
2026-06-10 14:10:00+03:00,0.2059168870357404,-0.2687719632896686,0.5920889786514412,0.5579222958263168,0.3778814669788999,0.13977708687618473
2026-06-10 14:15:00+03:00,0.29853481964754824,-0.030971198717555604,0.5444378957090038,0.46461936573990836,0.3251418884139257,0.028568359488583606
2026-06-10 14:20:00+03:00,0.20070095872599464,-0.2842293027243395,0.4234003839179986,0.2308404846432693,0.3240578920589048,0.026195080154030544
2026-06-10 14:25:00+03:00,0.23108539113408946,-0.19796277350624975,0.562707792275959,0.5001082296120951,0.33287617705887446,0.04538507246595245
2026-06-10 14:30:00+03:00,0.7095380590703467,0.8077721489101497,0.696664360172663,0.778167578911267,0.5984742969545881,0.5706439748144911
2026-06-10 14:35:00+03:00,0.7320969731371664,0.861601020541136,0.6708233661840199,0.7207838547577127,0.7136722835616236,0.8174416343671169
2026-06-10 14:40:00+03:00,0.6901237120801813,0.7634002237672928,0.634853522842103,0.6445542723402444,0.5558004753255579,0.4866573846502677
2026-06-10 14:45:00+03:00,0.4075107438267173,0.1994321984282392,0.628439112670238,0.6313213343099338,0.4679290860066885,0.31741581094757043
2026-06-10 14:50:00+03:00,0.41193868718466303,0.20822017424469197,0.5600823385881153,0.49499030880993283,0.4666233576403321,0.3148980902168735
2026-06-10 14:55:00+03:00,0.41437507993639255,0.2130434436010745,0.5748756391866083,0.5239219440786664,0.4506868556131696,0.2840874305790197
2026-06-10 15:00:00+03:00,0.46518256439134553,0.31211891095787475,0.5273883248335903,0.4317119951331169,0.43171189128250714,0.24714076467434926
2026-06-10 15:05:00+03:00,0.550399927719598,0.4761702096085687,0.6410413730257455,0.6574136952207025,0.49412244387939697,0.367789915345866
2026-06-10 15:10:00+03:00,0.5208403780345137,0.419110763626232,0.5478688346052382,0.47126323773014905,0.41389564742171636,0.21209498550140313
2026-06-10 15:15:00+03:00,0.5264495340768627,0.42990432246721827,0.5283846514668803,0.43363086330003264,0.3958890188363078,0.1762206751758797
2026-06-10 15:20:00+03:00,0.6858874538718432,0.7539274124831271,0.5915296688995109,0.5568109792561943,0.5387149451527493,0.45355495131526957
2026-06-10 15:25:00+03:00,0.6968563893113926,0.7786038214158293,0.6864358080342674,0.7551496595067414,0.5359348170006707,0.44818731481093094
2026-06-10 15:30:00+03:00,0.3869268896732312,0.1581614077874763,0.5747223346030813,0.523620868806776,0.27801158166079604,-0.07899956681917726
2026-06-10 15:35:00+03:00,0.3520528643282147,0.08626915203482909,0.5009187747553095,0.3808390616603884,0.2638466318437036,-0.11342629049292417
2026-06-10 15:40:00+03:00,0.5323033839291339,0.44118249106045176,0.5859533911823221,0.5457564475836405,0.33454889805644944,0.04899601231810077
2026-06-10 15:45:00+03:00,0.48595048860369705,0.35209357614854087,0.6575047683799711,0.6921203762078384,0.3079823131641689,-0.009508288493614158
2026-06-10 15:50:00+03:00,0.5175624250456853,0.41280793546149797,0.6608823989505452,0.6993368378608963,0.3326311298479436,0.044855322460395926
2026-06-10 15:55:00+03:00,0.4468487822988192,0.2766402913852762,0.576530723492264,0.5271741825883516,0.3229615769867744,0.02379062312375584
2026-06-10 16:00:00+03:00,0.6676238025103046,0.7138461190554432,0.6820725038469678,0.7454558199757407,0.45348732962058863,0.28951404948631554
2026-06-10 16:05:00+03:00,0.7324346050334872,0.8624276314402294,0.7059208586552123,0.7993784249422202,0.47648679483075085,0.33389752453565996
2026-06-10 16:10:00+03:00,0.7664590855859408,0.9495041333895365,0.6184930964373262,0.6109845782042015,0.5137504368927713,0.40548188495299364
2026-06-10 16:15:00+03:00,0.691722431836111,0.7669936357910828,0.599137755654537,0.5719695477718663,0.5050724067657353,0.3888141650954468
2026-06-10 16:20:00+03:00,0.7060859953399484,0.7997603030142805,0.5447771192549988,0.46527588390170727,0.4456362652844015,0.27428509167363374
2026-06-10 16:25:00+03:00,0.6654577950143115,0.7091685319267966,0.5865557281835625,0.5469483765589831,0.44552266859407313,0.27406437688518426
2026-06-10 16:30:00+03:00,0.6576025561713058,0.6923288210440116,0.5683017547783489,0.5110360469174191,0.43501632899994774,0.253599872054423
2026-06-10 16:35:00+03:00,0.38855914942756375,0.16146162298632216,0.6703784900813888,0.7198171745337886,0.2793684149804021,-0.07575979781767171
2026-06-10 16:40:00+03:00,0.42381518218283354,0.23165591175789266,0.6226585574802576,0.6194759289478606,0.2634140382778714,-0.11449588481362909
2026-06-10 16:45:00+03:00,0.19835299127113418,-0.29128561927958113,0.48755381165806266,0.3551740435828984,0.2647545697203177,-0.11118505165595473
2026-06-10 16:50:00+03:00,0.3415783593881115,0.06407420605287772,0.5629194984896027,0.5005212130388987,0.26446000204000114,-0.11191164972048209
2026-06-10 16:55:00+03:00,0.38915250343629115,0.16266005082175583,0.46678522478515866,0.31521025151301363,0.2850306490734392,-0.062342374653979134
2026-06-10 17:00:00+03:00,0.3815981477986933,0.1473511357509472,0.5136968982686843,0.40537901590332004,0.2776168320786477,-0.07994395071251004
2026-06-10 17:05:00+03:00,0.4096612651544815,0.20370388802212408,0.5396911833523085,0.45544087551775103,0.29176580028836047,-0.04658938617265693
2026-06-10 17:10:00+03:00,0.5480525315314528,0.4716192020876334,0.5254641513167592,0.4280073224321035,0.30702685435795357,-0.011661932724965756
2026-06-10 17:15:00+03:00,0.5497628745535668,0.4749347030339208,0.6089356102429583,0.5916330153698572,0.34514724617659526,0.07167199469589022
2026-06-10 17:20:00+03:00,0.4371212557759001,0.25770840506245285,0.5167758988934416,0.4112960605332511,0.28958065264641786,-0.051676379652550446
2026-06-10 17:25:00+03:00,0.4536672068166355,0.2898624078991373,0.5543207150362848,0.4837814390500351,0.392059183631126,0.16852132451420176
2026-06-10 17:30:00+03:00,0.4239317799485626,0.23188508628633828,0.4355097143030547,0.2545632983082432,0.2909906096196334,-0.04839143846619435
2026-06-10 17:35:00+03:00,0.4266594281296448,0.23724162651627834,0.5623042111644677,0.4993210717712299,0.3330677497339769,0.045799083623545435
2026-06-10 17:40:00+03:00,0.40438992371013915,0.19322057696064626,0.565638943110675,0.5058301709195264,0.2883133680474473,-0.05463701378398412
2026-06-10 17:45:00+03:00,0.27952902704664895,-0.0753769365904419,0.42086408524239116,0.22584986253107436,0.2562685297471127,-0.13232999700896614
2026-06-10 17:50:00+03:00,0.3745643443352397,0.13299256509522886,0.4635098289046405,0.30889092357390113,0.2782103398061582,-0.07852437754973855
2026-06-10 17:55:00+03:00,0.4046374172584591,0.19371373841215417,0.5546240645386107,0.48437085106003147,0.3472422061725798,0.07611460368259147
2026-06-11 09:55:00+03:00,0.3114968584715886,-0.0016179942209259208,0.0670574514455052,-0.8846339739048665,0.24970903285451007,-0.14899062065799992
2026-06-11 10:00:00+03:00,0.2925298478179932,-0.04481599082669378,0.48532205453758603,0.3508860166090506,0.2507362050262686,-0.14636268306492087
2026-06-11 10:05:00+03:00,0.3782839162803238,0.14059861417191527,0.5935668225444731,0.5608609773180974,0.3066404894921566,-0.012533874375298255
2026-06-11 10:10:00+03:00,0.27895750291249055,-0.07673992920270767,0.5069980816840424,0.39251191053918777,0.23829192231141977,-0.17870291373310068
2026-06-11 10:15:00+03:00,0.31260410777396647,0.0008576860581325299,0.4625140474230562,0.3069685508230783,0.22321850742100638,-0.21947358427389774
2026-06-11 10:20:00+03:00,0.2674807000420458,-0.10448497679838938,0.4496499009597022,0.2820765538023585,0.21412786571234463,-0.24501508771904607
2026-06-11 10:25:00+03:00,0.15811419640238,-0.42362148123646753,0.3436030259380238,0.06838913130068267,0.20428438447819425,-0.27357821815111155
2026-06-11 10:30:00+03:00,0.151066191080507,-0.4495102401071951,0.44932146903854303,0.28143947797919877,0.19647490799649323,-0.29697517423932146
2026-06-11 10:35:00+03:00,0.1972090797622542,-0.29474617680281673,0.4412668900028836,0.26578735321707136,0.19889692024119723,-0.2896453958466039
2026-06-11 10:40:00+03:00,0.2120568552389446,-0.2509432983419381,0.4455884324474577,0.27419215532559843,0.20490367089730122,-0.27175163161091437
2026-06-11 10:45:00+03:00,0.2368892806075634,-0.182419639069306,0.49697641329100045,0.3732698467741465,0.20360058565224518,-0.27559987180494283
2026-06-11 10:50:00+03:00,0.18544811402672087,-0.33124117446582696,0.3796013625310244,0.14328555608971544,0.19693547316883198,-0.2955761323983067
2026-06-11 10:55:00+03:00,0.22221367439912112,-0.22225966336359695,0.40472394743227047,0.1938861376560811,0.20285004886676433,-0.27782466309070164
2026-06-11 11:00:00+03:00,0.17116476977441764,-0.3780552157149851,0.4209173308012147,0.2259547162278858,0.20151008476281562,-0.2818119865061099
2026-06-11 11:05:00+03:00,0.21317295508826078,-0.24774327473482874,0.4428657879364302,0.2688989359611444,0.22596267258238714,-0.2119100959088718
2026-06-11 11:10:00+03:00,0.18350723402257985,-0.3374334824691037,0.31997742287817943,0.01722396104237446,0.2001233984130416,-0.2859592685969169
2026-06-11 11:15:00+03:00,0.16978478266727348,-0.3827392225083305,0.33758287627644523,0.05552273988836152,0.19409814282646204,-0.30423468455487207
2026-06-11 11:20:00+03:00,0.10830385504731226,-0.6328279385922891,0.2893043685180616,-0.052321179093567594,0.18366944150536454,-0.3369140287656758
2026-06-11 11:25:00+03:00,0.19820880252797704,-0.29172098927327295,0.3859745808417537,0.15623359600228703,0.21613386827538672,-0.23931260135451451
2026-06-11 11:30:00+03:00,0.14941251104645958,-0.4557275876280472,0.30123847360903544,-0.02479020835298837,0.19987941798158243,-0.2866911875461385
2026-06-11 11:35:00+03:00,0.17585379472864898,-0.36235975283663185,0.42058518737018113,0.2253005842337668,0.20854160656202672,-0.26110330922224734
2026-06-11 11:40:00+03:00,0.19328103819235853,-0.30674599198102415,0.310290776324205,-0.004320143235847007,0.2122940637804843,-0.25026215905275667
2026-06-11 11:45:00+03:00,0.26465356860991573,-0.11143412864133846,0.19081941468526148,-0.3143607751335862,0.2129363844695463,-0.24842053477138337
2026-06-11 11:50:00+03:00,0.27979289539383345,-0.07474822893049933,0.25598890504002775,-0.13303444629985706,0.21718358290329642,-0.23634384222370894
2026-06-11 11:55:00+03:00,0.14366497818085183,-0.47778848530433177,0.3009484054520877,-0.02545183029435555,0.20673626310015275,-0.2663702732629039
2026-06-11 12:00:00+03:00,0.10786341205272787,-0.6350209273363409,0.2970111268800348,-0.03446876161345111,0.21455043919080377,-0.24381061780245175
2026-06-11 12:05:00+03:00,0.13173288130409838,-0.5260491164727563,0.19254101786104505,-0.30902736261632174,0.21508430404536247,-0.24229139434419633
2026-06-11 12:10:00+03:00,0.060068417571822325,-0.9410464623921234,0.2651715610345075,-0.11015736006172111,0.1966121893469939,-0.2965579008876355
2026-06-11 12:15:00+03:00,0.043956584351568,-1.0990959035345962,0.261804979992486,-0.11848425141484537,0.19928232663670808,-0.28848523899219
2026-06-11 12:20:00+03:00,0.05859125876939299,-0.9537512670806659,0.2601491489131144,-0.12260510442594497,0.2078137193974057,-0.2632228060389146
2026-06-11 12:25:00+03:00,0.048398939474288555,-1.0506493361384586,0.2762673693785149,-0.08317861871355384,0.20038048330541922,-0.2851887610372178
2026-06-11 12:30:00+03:00,0.04719270409756065,-1.063371594980604,0.25365708527103203,-0.13892870911158534,0.1941607037134104,-0.3040427397045612
2026-06-11 12:35:00+03:00,0.04316254061493396,-1.1082442945374091,0.278657532166285,-0.07745599592812247,0.18965895749374678,-0.3179765694816604
2026-06-11 12:40:00+03:00,0.03869000864128762,-1.1629893101975535,0.15475008209384952,-0.4358583181802632,0.19638086770419239,-0.2972611414257751
2026-06-11 12:45:00+03:00,0.04540256684675435,-1.0828339999328336,0.17890451790009002,-0.35232423863726625,0.19171867378909555,-0.31157037186171965
2026-06-11 12:50:00+03:00,0.05625336979025989,-0.9744866870497932,0.21931310109657356,-0.23035290772538702,0.18930336621020083,-0.3190879231504062
2026-06-11 12:55:00+03:00,0.036857962606310544,-1.1871872642461425,0.20330128708825435,-0.27648633906520703,0.18849306844008362,-0.3216263941357835
2026-06-11 13:00:00+03:00,0.03568721548647248,-1.2032639639790033,0.2061308386664778,-0.26814416390564044,0.1933893634998229,-0.3064125992487153
2026-06-11 13:05:00+03:00,0.030082446740188007,-1.288051914885735,0.32778911653936305,0.03434700749475107,0.169873984029385,-0.3824355387731203
2026-06-11 13:10:00+03:00,0.04740419475853304,-1.0611188172897899,0.3199959013421803,0.017264722226265378,0.15895429506828176,-0.420598733895922
2026-06-11 13:15:00+03:00,0.05410741185453515,-0.9942458934519247,0.34104224601564476,0.06292959834295471,0.16044872872119023,-0.41525349723097094
2026-06-11 13:20:00+03:00,0.03868657436344763,-1.1630336324550836,0.2855259562165521,-0.061176372925593,0.15427829973880822,-0.4375917130807922
2026-06-11 13:25:00+03:00,0.031677774811503474,-1.2624591315658438,0.2575739543836643,-0.12904792657702116,0.15427829973880822,-0.4375917130807922
2026-06-11 13:30:00+03:00,0.030581310310676464,-1.2799105150086396,0.300929562215446,-0.025494822744528384,0.1563577783361769,-0.42998363293508485
2026-06-11 13:35:00+03:00,0.030654584959210335,-1.2787255292726258,0.18019525601457864,-0.34811859375913734,0.1563577783361769,-0.42998363293508485
2026-06-11 13:40:00+03:00,0.035593549173020406,-1.2045720386208414,0.2997335829822969,-0.028226699063038013,0.1570277962416221,-0.4275498469936913
2026-06-11 13:45:00+03:00,0.03852678657702829,-1.1651000155665554,0.39764350276831256,0.17973919347011874,0.15785959858648474,-0.4245401206224467
2026-06-11 13:50:00+03:00,0.028198484581780876,-1.320025876550388,0.23845010693738605,-0.17828470066036106,0.15889186244832337,-0.4208229253775957
2026-06-11 13:55:00+03:00,0.05021226697238562,-1.0320791688489384,0.28932538954668274,-0.052272106817750935,0.21249811290503437,-0.24967668100981544
2026-06-11 14:00:00+03:00,0.057240129959102576,-0.9656379179897231,0.3309687283157682,0.04125630433379286,0.21109574128112085,-0.25370883249933507
2026-06-11 14:05:00+03:00,0.0733354464743176,-0.8384369109916585,0.42706178588618526,0.23803102501363302,0.20442044618512958,-0.273176551632184
2026-06-11 14:10:00+03:00,0.045996861222651106,-1.0762930751694881,0.43294774228347194,0.2495578128777548,0.16049781916153927,-0.4150785971866007
2026-06-11 14:15:00+03:00,0.07865973842399619,-0.8020300304824722,0.41817437121024276,0.2205483741111402,0.1603888950178587,-0.4154667320499791
2026-06-11 14:20:00+03:00,0.06785580215329205,-0.8785423229381198,0.28130482278323204,-0.07115278805469485,0.31012367843591276,-0.004694970045201406
2026-06-11 14:25:00+03:00,0.06218426473418048,-0.9233486456076411,0.14329025868846013,-0.47925205649034774,0.28136866681243106,-0.07100122316108963
2026-06-11 14:30:00+03:00,0.15585674418755652,-0.43180915680997856,0.18821879382007536,-0.3224875286456673,0.32209060484718827,0.021877348715553756
2026-06-11 14:35:00+03:00,0.26843924243965217,-0.10213946749891961,0.3175427353348683,0.01184236578344143,0.4318034842864733,0.24731995678477575
2026-06-11 14:40:00+03:00,0.8470489266488994,1.2006416079075972,0.40987704594521057,0.2041321227173155,0.49521683932154054,0.3698913409990932
2026-06-11 14:45:00+03:00,0.9409176636260648,1.7076447227351055,0.45092575618369624,0.2845505914901843,0.6280755310726189,0.6305741079807548
2026-06-11 14:50:00+03:00,0.9283542993845135,1.6086504322549735,0.35569087790449694,0.09390632683126324,0.6249717500356425,0.6242072872461218
2026-06-11 14:55:00+03:00,0.9492236172940005,1.7845816999092938,0.38615950691441786,0.15660808986430502,0.6221762959412324,0.61849096753801
2026-06-11 15:00:00+03:00,0.8720641773624154,1.3003321514455448,0.3108128367903249,-0.0031497941662894796,0.5643088966379055,0.5032326824519795
2026-06-11 15:05:00+03:00,0.9326361527710137,1.640438281890135,0.4141307226904886,0.21256007353166045,0.607108940221222,0.587954182502909
2026-06-11 15:10:00+03:00,0.9353128655072558,1.661275556539479,0.3622045024091381,0.10749375609555285,0.6081623141105548,0.5900748871246789
2026-06-11 15:15:00+03:00,0.815040686367801,1.0909460478057558,0.4153737707952911,0.21501811904289742,0.5259292413973251,0.42890263759499136
2026-06-11 15:20:00+03:00,0.9866582351918034,2.444666401012641,0.7016392480589365,0.7895203557957559,0.6288033813260411,0.6320702724511534
2026-06-11 15:25:00+03:00,0.9840905469741653,2.3589310044137877,0.8581821563112996,1.243184162002901,0.531103736728472,0.4388699281207548
2026-06-11 15:30:00+03:00,0.9612784232053307,1.92073218700602,0.8695492054007231,1.289601809044269,0.8397477864268942,1.1741041914105501
2026-06-11 15:35:00+03:00,0.9958402379863146,3.00851031093875,0.8793774110228152,1.3325937326810406,0.7546530464965012,0.9183820691066218
2026-06-11 15:40:00+03:00,0.9988439547046365,3.624557719719588,0.8156192294124794,1.092790368120517,0.9162361112387879,1.5273365579792766
2026-06-11 15:45:00+03:00,0.9997816589594313,4.425004789048661,0.9009340313468819,1.438718304058054,0.9660208911804962,1.9858053212969546
2026-06-11 15:50:00+03:00,0.99990066821702,4.803096813274493,0.8773613847859775,1.3235360915057606,0.9970011110819729,3.166129218557566
2026-06-11 15:55:00+03:00,0.9998356856126717,4.5614800630819765,0.8369762956034107,1.1642872162173863,0.9974984414726115,3.25340378032169
2026-06-11 16:00:00+03:00,0.9999036733860197,4.8178439352765405,0.8232682993821254,1.1176080390004386,0.9973610182455153,3.2276682859210104
2026-06-11 16:05:00+03:00,0.9999624387658194,5.269911308838566,0.8836246935562402,1.3521121743529134,0.9981214672313495,3.3911829974000636
2026-06-11 16:10:00+03:00,0.9999737408097206,5.4417314883972985,0.808328430653987,1.0698664025677278,0.9980827803136738,3.3813798281118053
2026-06-11 16:15:00+03:00,0.9999767906831403,5.500993328584143,0.8570469345057142,1.238721898928987,0.9984070538883787,3.4704731047364055
2026-06-11 16:20:00+03:00,0.9999861315736682,5.748162275035072,0.8388655105773436,1.1709642830737843,0.9976447859291524,3.2824089772397285
2026-06-11 16:25:00+03:00,0.9999934857391195,6.110854697840935,0.8343936774844659,1.1552594957356204,0.9983675845552733,3.4587061469424416
2026-06-11 16:30:00+03:00,0.9999325892996557,4.989185095914016,0.8733264619605752,1.305785755563437,0.9925976519284587,2.7303089619233263
2026-06-11 16:35:00+03:00,0.9999874820598186,5.797338607681409,0.8657576790121704,1.2737524671759763,0.9962659376724573,3.06053547887848
2026-06-11 16:40:00+03:00,0.9999632549161741,5.280456106635007,0.8201039153793583,1.1072414054989728,0.9941897505014083,2.847318682519678
2026-06-11 16:45:00+03:00,0.999943507030277,5.07399821721884,0.8327555379517256,1.149591624181148,0.987660876249478,2.482652639083181
2026-06-11 16:50:00+03:00,0.9999351547665835,5.0078100270068475,0.779872526750544,0.986223030796461,0.987388702085652,2.4720479427197186
2026-06-11 16:55:00+03:00,0.9997814996496733,4.424654623263008,0.8300836396102718,1.1404414277088701,0.9875528948242265,2.478417989997469
2026-06-11 17:00:00+03:00,0.9999575634781247,5.211332768542196,0.6866438756317713,0.755613732824316,0.9886548993650145,2.523449182865417
2026-06-11 17:05:00+03:00,0.999961030985072,5.252249803049785,0.7322100703020544,0.8618778382407631,0.9956757883022661,2.9898209559613993
2026-06-11 17:10:00+03:00,0.9999647121136871,5.29987937078138,0.6851569028468721,0.7523008550702965,0.9955112599623974,2.9718178380926834
2026-06-11 17:15:00+03:00,0.9999826187445965,5.639790097428833,0.5814582367196688,0.5368770430978982,0.9944163575102828,2.86652303357796
2026-06-11 17:20:00+03:00,0.999983432024882,5.662791853980157,0.6537009245711782,0.6840339647693118,0.9956676867161082,2.988918615069735
2026-06-11 17:25:00+03:00,0.9999834807281314,5.664204928368849,0.6460980923624945,0.6679948818710739,0.9956305398914425,2.9848026615108343
2026-06-11 17:30:00+03:00,0.9999502240591985,5.134760437214318,0.5881231989988575,0.5500525643343619,0.9955941986854018,2.980809547732329
2026-06-11 17:35:00+03:00,0.9999713115888558,5.399262335860094,0.6669454930488411,0.7123796454781823,0.9938156295226171,2.817185966119203
2026-06-11 17:40:00+03:00,0.9999553382036929,5.1867999489865,0.7204591562450584,0.8334988873901956,0.9959809677818467,3.0250977497291647
2026-06-11 17:45:00+03:00,0.999949110333414,5.124138665584696,0.7078939716329441,0.8039494758206006,0.9940467571669745,2.8355799025685453
2026-06-11 17:50:00+03:00,0.9999107310940855,4.8543702774031585,0.6988001991860319,0.7830285106307261,0.9918513162260495,2.6838406959019943
2026-06-11 17:55:00+03:00,0.9999553908210235,5.187365794910992,0.6656992063189126,0.7096891201878942,0.9772767697474237,2.1844927162165115
2026-06-12 09:55:00+03:00,0.9797541238878408,2.241116105781225,0.34860980645981526,0.0790079875782479,0.97282435668206,2.0964150957428145
2026-06-12 10:00:00+03:00,0.9651539938385173,1.9732822307739377,0.6494425782382249,0.675030707426796,0.9526596336219822,1.819947816631675
2026-06-12 10:05:00+03:00,0.9721893897673203,2.085015661800128,0.6446786351419338,0.6650178816992065,0.9559218697297587,1.8558595905984197
2026-06-12 10:10:00+03:00,0.9279296908006317,1.6055945923849846,0.41518570705392144,0.21464637294339806,0.960670231922427,1.912947938596455
2026-06-12 10:15:00+03:00,0.9753467200699514,2.144414178371435,0.6357958203641542,0.6465064365963809,0.9606917461946446,1.9132213238701465
2026-06-12 10:20:00+03:00,0.9764396635861026,2.1667169358043097,0.49293406513717525,0.36550790260925003,0.964500125798442,1.9640336677912726
2026-06-12 10:25:00+03:00,0.9803368695770127,2.255419937506584,0.30011102235902837,-0.027363874552122275,0.9660389377291629,1.9860692807255749
2026-06-12 10:30:00+03:00,0.9793634451915725,2.231750719627896,0.3459896354943107,0.07345990172911199,0.9648810795725707,1.9694018620149276
2026-06-12 10:35:00+03:00,0.981942410888843,2.297090411968882,0.28896153650843415,-0.053121797660638154,0.9647635044219616,1.9677390954106497
2026-06-12 10:40:00+03:00,0.9786257088684297,2.2145295204946094,0.30928656071548055,-0.006574433674263899,0.9598537664430384,1.9026775477520783
2026-06-12 10:45:00+03:00,0.9827105178139949,2.3183296919633793,0.4524204954275607,0.2874474829352819,0.9596483584131956,1.900125225377673
2026-06-12 10:50:00+03:00,0.9781843982092435,2.2045037302200257,0.4114103458860698,0.20717311033568425,0.9580585482935571,1.8807814306150603
2026-06-12 10:55:00+03:00,0.9671741358375682,2.002951561991478,0.5857645462873436,0.5453828585322724,0.9619294503488053,1.9291958117553696
2026-06-12 11:00:00+03:00,0.8967493118298985,1.4166246525581612,0.5454311394043658,0.46654187296786653,0.9659244332993111,1.9843967610755042
2026-06-12 11:05:00+03:00,0.7431443739586732,0.889002695610573,0.1608127957096006,-0.4139574228742209,0.9767455036893425,2.1731388395510645
2026-06-12 11:10:00+03:00,0.20555898483892462,-0.26982323864246593,0.11851213758823242,-0.5840665361553651,0.22585912268855934,-0.21219431402575512
2026-06-12 11:15:00+03:00,0.23473199013403773,-0.18816578774982082,0.10002999302057064,-0.6754060682854243,0.2519860544316236,-0.14317468448369683
2026-06-12 11:20:00+03:00,0.32593408557501297,0.03030018647532904,0.05590158429490033,-0.9776766430058059,0.2527887820361737,-0.14113269073673063
2026-06-12 11:25:00+03:00,0.3056729791776407,-0.014720029172222902,0.08413954934867454,-0.7668417913070682,0.2341310268669715,-0.1897730187850331
2026-06-12 11:30:00+03:00,0.35658973182474046,0.09578783952682969,0.444607669789376,0.2722861576994755,0.25568624179260663,-0.13379750489670295
2026-06-12 11:35:00+03:00,0.33061304786193024,0.040485090385690634,0.6529484977476621,0.6824393982000831,0.2763266816862406,-0.08303624215722925
2026-06-12 11:40:00+03:00,0.3354813810936372,0.05100508286767274,0.6574792052734236,0.6920658904923903,0.3148731692077956,0.005916169711910121
2026-06-12 11:45:00+03:00,0.42374257551870237,0.23151319392836384,0.705016680516668,0.7972897284159807,0.37245978088858117,0.1286756274219079
2026-06-12 11:50:00+03:00,0.3481567939505411,0.07805015206737179,0.7371638792948795,0.8740766710817595,0.3153064989955803,0.006879956170558454
2026-06-12 11:55:00+03:00,0.33737693435373006,0.05508063224043437,0.8021557410042616,1.050972886701274,0.2975642574019348,-0.0331978847979615
2026-06-12 12:00:00+03:00,0.32513833416699633,0.02856058460921836,0.7691773809110286,0.9568230070151693,0.2972432693993073,-0.033935223077995944
2026-06-12 12:05:00+03:00,0.3456770932132551,0.07279679452171894,0.7762177872401795,0.9760646371191423,0.29949047530228107,-0.028782771028919858
2026-06-12 12:10:00+03:00,0.38957286598594126,0.1635086773633506,0.8119947081076658,1.0813086374981487,0.3070870767818154,-0.011526078867821537
2026-06-12 12:15:00+03:00,0.2254991312279319,-0.21318311785782398,0.3304941058947932,0.04022709754030823,0.2580654399427259,-0.1278150614342331
2026-06-12 12:20:00+03:00,0.2572876687817519,-0.12976676671498938,0.20223387729826306,-0.2796557514460431,0.23866911660615342,-0.17770599102614282
2026-06-12 12:25:00+03:00,0.3198866691022978,0.01702375145072451,0.2384657606444504,-0.17824332530313586,0.2715135539292916,-0.0946522750605014
2026-06-12 12:30:00+03:00,0.20150170141356388,-0.28183699504509807,0.26447514317130616,-0.11187428908102948,0.19785723121454388,-0.292783539969632
2026-06-12 12:35:00+03:00,0.20090718168170676,-0.2836125068053001,0.4688613200350143,0.3192128353655075,0.18096753515025504,-0.3456134869163014
2026-06-12 12:40:00+03:00,0.1286349440502788,-0.5391812707738336,0.5152229186996066,0.4083113556229279,0.14031423534961557,-0.4909904811801723
2026-06-12 12:45:00+03:00,0.2369180866669011,-0.18234315642250137,0.3725702798539168,0.12890253098427404,0.15920177731108534,-0.41971074317251533
2026-06-12 12:50:00+03:00,0.21955971345835665,-0.22966182803154545,0.5327028167907554,0.4419526372446036,0.1649591119357476,-0.3993610764432898
2026-06-12 12:55:00+03:00,0.26292438720159594,-0.11570791711226829,0.5471228519276001,0.46981794553878126,0.16368978307268697,-0.40379784040197186
2026-06-12 13:00:00+03:00,0.22462906419309864,-0.21557759871000207,0.48644085501521755,0.35303577404737324,0.1508107023977048,-0.45046713212513106
2026-06-12 13:05:00+03:00,0.2424111616847981,-0.1678737226658142,0.433928360415169,0.2514745204611127,0.14504017620400594,-0.4724443320585145
2026-06-12 13:10:00+03:00,0.1150229266064905,-0.6003066452849031,0.6127313055772302,0.5992971991222986,0.1267305131418833,-0.5473884868761882
2026-06-12 13:15:00+03:00,0.10623153312041553,-0.6432153978841645,0.41878891855887374,0.22176049461738878,0.1071361125415757,-0.6386594841518718
2026-06-12 13:20:00+03:00,0.11228074485431229,-0.6133732988065346,0.5586433456863859,0.4921880098162971,0.1065672451597416,-0.6415206118539858
2026-06-12 13:25:00+03:00,0.07948781187955482,-0.7965718808771121,0.11041687897749997,-0.622414726258746,0.12472263763479688,-0.5561564909142593
2026-06-12 13:30:00+03:00,0.04387948503455571,-1.0999772422380545,0.2306102184471034,-0.19924730212895542,0.10193683604905933,-0.6653242460737913
2026-06-12 13:35:00+03:00,0.022941128952765698,-1.4216547756627596,0.23724380318885463,-0.18147879582899734,0.10231000983900654,-0.6633708073574948
2026-06-12 13:40:00+03:00,0.033542183848058175,-1.2340842675635912,0.2601484148301661,-0.12260693509219361,0.10243679211658502,-0.6627085817308972
2026-06-12 13:45:00+03:00,0.024483679943582474,-1.3896609637834547,0.33820861232869404,0.056865234026440795,0.09445215798822908,-0.7059118405370549
2026-06-12 13:50:00+03:00,0.017172866223500713,-1.563484975127108,0.4481949317273828,0.2792536224096013,0.09421215727885322,-0.7072602265865591
2026-06-12 13:55:00+03:00,0.0216662718848109,-1.4497237457374867,0.6328474571301015,0.6404053919267887,0.10459025392537097,-0.6515697245899754
2026-06-12 14:00:00+03:00,0.032297189681811056,-1.252857081586835,0.6723768274727369,0.7241646393525359,0.1052482963730207,-0.6482064066225172
2026-06-12 14:05:00+03:00,0.02948379223894802,-1.2979963852556753,0.7522055087094748,0.9120582649054554,0.10042428947197424,-0.6733074407365198
2026-06-12 14:10:00+03:00,0.027813600977941663,-1.32681245650699,0.8695441943716984,1.2895806054656207,0.10124335287341561,-0.6689712965925396
2026-06-12 14:15:00+03:00,0.030546020289267367,-1.2804822008925467,0.8508126267584697,1.2147285310172438,0.1038568065481457,-0.6553405408115154
2026-06-12 14:20:00+03:00,0.05752222794062466,-0.9631345456009199,0.8659520449737602,1.2745556796954973,0.10528581770912704,-0.6480151913318203
2026-06-12 14:25:00+03:00,0.07039994840735894,-0.8595632617538169,0.8733045814937233,1.3056908280233008,0.12991177473362503,-0.5337365481970943
2026-06-12 14:30:00+03:00,0.28007320796743185,-0.07408073736958752,0.8772068380667011,1.3228470442476914,0.276062802032407,-0.08366981859712626
2026-06-12 14:35:00+03:00,0.47853937098555177,0.33784636354761816,0.7702029845017683,0.9596000457040107,0.44581960446315755,0.27464129065314774
2026-06-12 14:40:00+03:00,0.9894530141153633,2.5588496368430262,0.7987740423642063,1.04081011962972,0.9991944502935104,3.7981146776292745
2026-06-12 14:45:00+03:00,0.9985271535537729,3.5081562773568375,0.8108822037396333,1.0778186467441473,0.9995804864969685,4.111458159474899
2026-06-12 14:50:00+03:00,0.9985755651530405,3.52422158139629,0.9186919008805354,1.542904040659536,0.9996914917440891,4.259034332901604
2026-06-12 14:55:00+03:00,0.9999917666752964,5.998442569516865,0.9345806472298956,1.6554970015963066,0.9997265832385797,4.317010371927072
2026-06-12 15:00:00+03:00,0.9999917389306265,5.996827811640024,0.9364523885617613,1.670390772053228,0.9997097280626689,4.288288942206139
2026-06-12 15:05:00+03:00,0.9999599184020038,5.238737378811971,0.9104540513962616,1.492258780772693,0.9996074528357319,4.143361029474072
2026-06-12 15:10:00+03:00,0.999987183981965,5.786042926461723,0.9220066399446009,1.5646107944060816,0.9997542297936997,4.368190468854148
2026-06-12 15:15:00+03:00,0.999990415911721,5.9255248836799765,0.9592428362748177,1.8951226930275415,0.9997604840514818,4.380566105006131
2026-06-12 15:20:00+03:00,0.999983775617724,5.672850851645377,0.9693493687668207,2.0369395119665796,0.9997631349677112,4.385909407397224
2026-06-12 15:25:00+03:00,0.9999793972521258,5.558175207670647,0.9687058690718825,2.0266479104070783,0.9997542685694211,4.368266222211359
2026-06-12 15:30:00+03:00,0.9999682387415171,5.350420173192111,0.985096707196285,2.390779725656034,0.9997311065070532,4.325019636108538
2026-06-12 15:35:00+03:00,0.9998699772042998,4.673848141966486,0.9815277856354605,2.2859911875940644,0.9996050712887383,4.1404566425214275
2026-06-12 15:40:00+03:00,0.9999640975152284,5.291591238335121,0.9903788840492391,2.603399785015876,0.9997201390694781,4.305825686187634
2026-06-12 15:45:00+03:00,0.9999540572488214,5.173226423282729,0.9907658479559686,2.6232914975611394,0.9997571959909913,4.374020101049627
2026-06-12 15:50:00+03:00,0.9999812419817811,5.603200468353857,0.9936518686061632,2.8045622496648988,0.9997634159188233,4.3864792049023515
2026-06-12 15:55:00+03:00,0.999996236472039,6.374195078786298,0.9935622021560331,2.797786609709509,0.9997476151623153,4.355439738987724
2026-06-12 16:00:00+03:00,0.9999931189019718,6.084558637439616,0.9945839507978471,2.8812314156041383,0.999762457753353,4.384538720185213
2026-06-12 16:05:00+03:00,0.9999914811251406,5.98207755135085,0.9962771081458489,3.061978899596741,0.9997715362375322,4.403247186677871
2026-06-12 16:10:00+03:00,0.9999935884852267,6.118485688836601,0.9975870403262975,3.2707547123028147,0.9997237194147478,4.312007651975731
2026-06-12 16:15:00+03:00,0.9999804641108024,5.5836972551425355,0.998622383254855,3.540285339131341,0.9997612629228898,4.382129873672768
2026-06-12 16:20:00+03:00,0.9999899933689467,5.904816217262914,0.9988125042760458,3.6116589149975002,0.9997685848692994,4.39708484209801
2026-06-12 16:25:00+03:00,0.999983051184491,5.6518833104346315,0.9992423302342168,3.8275500281557915,0.9996652713895634,4.219868425058998
2026-06-12 16:30:00+03:00,0.9999957295473031,6.313542116352404,0.998367522477118,3.4586878642723806,0.973299819560468,2.105121790824338
2026-06-12 16:35:00+03:00,0.9997756494784591,4.411969557285707,0.9984407448712525,3.480749990124871,0.3734261772135921,0.13065914572398904
2026-06-12 16:40:00+03:00,0.9999980137719624,6.680965478705629,0.9971892319904418,3.197315357297675,0.9498812567685457,1.7911713870991508
2026-06-12 16:45:00+03:00,0.9999995935180064,7.4424443877688224,0.9903323668322211,2.6010621347082217,0.9945115909262017,2.874826187383785
2026-06-12 16:50:00+03:00,0.99999812014769,6.707386059831528,0.992658915346992,2.734327597957665,0.9995754992953059,4.105783291491062
2026-06-12 16:55:00+03:00,0.9999997335001214,7.645078922949682,0.9860315352344133,2.4223285726818085,0.9998158788839887,4.506842087260788
2026-06-12 17:00:00+03:00,0.9999997782327473,7.733274485386027,0.9867209431900276,2.4469582286527447,0.9997991470546992,4.465085075535065
2026-06-12 17:05:00+03:00,0.9999997396890756,7.656357204416631,0.9964176501853895,3.0805173956438128,0.9998170346234801,4.509865050924104
2026-06-12 17:10:00+03:00,0.9999995901671147,7.4385037588863,0.9866782823841511,2.445397920389691,0.9997631741787865,4.385988890872942
2026-06-12 17:15:00+03:00,0.9999996793135315,7.556237889852087,0.9891919243920001,2.5469855938292705,0.9998442770231213,4.587260949707816
2026-06-12 17:20:00+03:00,0.9999996636342178,7.533325522367623,0.992815287021809,2.744737837547761,0.9998422272543425,4.580983145793957
2026-06-12 17:25:00+03:00,0.9999993730405304,7.234445267305585,0.9864942903822411,2.4387244492460325,0.999826138176367,4.534366113398132
2026-06-12 17:30:00+03:00,0.9999994059476497,7.260323562769005,0.9952235602663466,2.9418606287192497,0.9997625374988506,4.3846999226241135
2026-06-12 17:35:00+03:00,0.9999982225356155,6.734268004973192,0.9928537104060763,2.7473302460549047,0.999474526422212,4.0033120023783475
2026-06-12 17:40:00+03:00,0.9999980805049605,6.697369205443549,0.9282890830202347,1.6081799962081444,0.9985763310901387,3.5244801146617313
2026-06-12 17:45:00+03:00,0.9999896924226845,5.8905934055530595,0.9731390044025076,2.1021601825910223,0.9879022438949844,2.492252093729907
2026-06-12 17:50:00+03:00,0.9999884140978815,5.83447754025462,0.9561963297953887,1.8589954533865862,0.9834162272453442,2.3386771181785106
2026-06-12 17:55:00+03:00,0.9999863918663494,5.75725677405558,0.9573972673641356,1.8729412002366705,0.9746500441291271,2.130695368597443
2026-06-15 09:55:00+03:00,0.23917444032448895,-0.1763721164188236,0.9893779220262232,2.5554079142342374,0.22803785836451904,-0.20623355334029278
2026-06-15 10:00:00+03:00,0.48357199460643047,0.34752272901884107,0.5289243892984755,0.43467054843518144,0.36949206759141734,0.12257125624665371
2026-06-15 10:05:00+03:00,0.3265224197549197,0.03158494062917813,0.9036037368083885,1.4532510988133491,0.2952496523863211,-0.03852508305172643
2026-06-15 10:10:00+03:00,0.19791482302899244,-0.2926093834324287,0.9633753627369888,1.948501812315941,0.23428888006613122,-0.18935057535101335
2026-06-15 10:15:00+03:00,0.11677790606315441,-0.5920856682230938,0.9734776295497047,2.1084166431578786,0.2333234861014685,-0.1919372431639639
2026-06-15 10:20:00+03:00,0.23735314879225675,-0.18118880651360153,0.7493137599826567,0.9046404621833026,0.31824378595237973,0.013394202686814344
2026-06-15 10:25:00+03:00,0.211985244930408,-0.25114903523620874,0.822534166264295,1.1151901168685285,0.2653425451294207,-0.10973626166535932
2026-06-15 10:30:00+03:00,0.24147567728206293,-0.17032195013426968,0.8761684797710158,1.318236753814668,0.25035848963386464,-0.1473282023783846
2026-06-15 10:35:00+03:00,0.14528555456525113,-0.4714951977617283,0.9025497320423009,1.4474711501514503,0.24639267865204156,-0.1575249024281586
2026-06-15 10:40:00+03:00,0.35082991807433456,0.08369380481391929,0.6876575323624978,0.7578769917654694,0.3090748710147297,-0.007050155546501662
2026-06-15 10:45:00+03:00,0.33086866366124784,0.041039378771325796,0.6237343906275897,0.6216749805904369,0.2970116824643855,-0.03446748441369327
2026-06-15 10:50:00+03:00,0.3938226876119908,0.1720698588526493,0.5057882848366928,0.3901887785270457,0.3694585965922656,0.1225022940041805
2026-06-15 10:55:00+03:00,0.33339677802137857,0.04650987454376171,0.527119137869565,0.43119362915253096,0.36951965900228223,0.12262810248747363
2026-06-15 11:00:00+03:00,0.27186287351099114,-0.09380492069932693,0.7267115047651643,0.8485039119967549,0.31240046445376357,0.0004027231911680445
2026-06-15 11:05:00+03:00,0.29370195668576216,-0.04210073330186574,0.580920668058861,0.5358169869146682,0.3184910425596954,0.013941091697434483
2026-06-15 11:10:00+03:00,0.2583912604386243,-0.12699860216873288,0.0759884886959917,-0.8200030265585553,0.2872570370875768,-0.057110737285832346
2026-06-15 11:15:00+03:00,0.1922481723631233,-0.30993200465314064,0.052976008010995744,-1.0049628004130546,0.23852666153562652,-0.17808237183999887
2026-06-15 11:20:00+03:00,0.23227801867108017,-0.19474687078607472,0.05704079572169116,-0.967413831415622,0.2615002764249852,-0.11924129689433048
2026-06-15 11:25:00+03:00,0.24136422560881554,-0.17061405732840468,0.07126901151049297,-0.8532253117455136,0.2566343603604066,-0.13140913226493015
2026-06-15 11:30:00+03:00,0.24440274214831526,-0.16268291836744436,0.7421255095792243,0.8864439796195868,0.271134001720465,-0.09557374113898036
2026-06-15 11:35:00+03:00,0.2762051698524729,-0.08332794621170014,0.9445240299773603,1.739711529089506,0.26987198199282725,-0.09864347968887509
2026-06-15 11:40:00+03:00,0.23711632859111462,-0.1818169803049593,0.769720333563306,0.9582920865464796,0.21787049987707482,-0.234406741630742
2026-06-15 11:45:00+03:00,0.28367830265297495,-0.06553215500691488,0.7775677338205753,0.9798029283162152,0.2874882741938087,-0.0565687615446772
2026-06-15 11:50:00+03:00,0.331440924325292,0.042279509699819896,0.3943262156091237,0.17308203559228774,0.2928045049080985,-0.04417916123207287
2026-06-15 11:55:00+03:00,0.16208787520560544,-0.40943676484368646,0.3301469475166912,0.039473819409143435,0.2651690894745928,-0.11016344827368027
2026-06-15 12:00:00+03:00,0.2788467186006575,-0.07700432982420798,0.3193866006475031,0.015920022881897783,0.26565930203834964,-0.10895661275894301
2026-06-15 12:05:00+03:00,0.28760261338278,-0.056300868349937236,0.27412940949932413,-0.08832339401451869,0.26351736234592343,-0.11424031199116222
2026-06-15 12:10:00+03:00,0.28700133989228027,-0.057710346141189806,0.07715642315920787,-0.8120747082035801,0.25957530945548546,-0.12403717705625221
2026-06-15 12:15:00+03:00,0.26390792823551923,-0.11327482527306564,0.05635459963723446,-0.9735722208321993,0.24371742848981906,-0.16446585456750984
2026-06-15 12:20:00+03:00,0.2815920034510785,-0.07047118943690851,0.04335481426512786,-1.106014407236506,0.2631499629130775,-0.11514936992130174
2026-06-15 12:25:00+03:00,0.27820418037485867,-0.07853910033153101,0.05279910213736729,-1.0066579882622009,0.26288141050581537,-0.11581436650133112
2026-06-15 12:30:00+03:00,0.27115543069550246,-0.09552169492113123,0.018272807657849145,-1.533148194345302,0.24679988255071944,-0.1564728728484026
2026-06-15 12:35:00+03:00,0.2583715752383173,-0.12704791139487426,0.03380887493658694,-1.2301505469039722,0.2582271208408282,-0.12740982843677007
2026-06-15 12:40:00+03:00,0.24351394777348542,-0.16499589102322765,0.020734797852464598,-1.4712728308671739,0.2591747879361519,-0.12503793631153523
2026-06-15 12:45:00+03:00,0.2844917366288129,-0.06361241250870472,0.02093920132493678,-1.4664640860593199,0.2579942938578965,-0.12799343267537855
2026-06-15 12:50:00+03:00,0.26558734396549727,-0.10913367447661501,0.02374217731187212,-1.4047870580473116,0.2384331027799095,-0.17832964759730402
2026-06-15 12:55:00+03:00,0.2704855389950429,-0.09714993718916148,0.019994173558868206,-1.4890940378894386,0.2389629905955958,-0.17693003290575063
2026-06-15 13:00:00+03:00,0.26773525883069593,-0.10386156403965462,0.03055819896678091,-1.280284838368335,0.2703019532236585,-0.09759660439638797
2026-06-15 13:05:00+03:00,0.27113163295579945,-0.09557949450045848,0.02393226076630545,-1.400866038939264,0.2691780412063153,-0.10033527728223196
2026-06-15 13:10:00+03:00,0.2540674832937748,-0.13788874492265876,0.024745086413391886,-1.384434773263351,0.2398651417038273,-0.174552032270225
2026-06-15 13:15:00+03:00,0.3188193004055144,0.014666792222589207,0.005187443279857056,-2.1438914110263174,0.28793023929411543,-0.0555336023728553
2026-06-15 13:20:00+03:00,0.2198757562195146,-0.22877699915710423,0.004578992158323731,-2.2040691498435208,0.24497948290302732,-0.1611850686688922
2026-06-15 13:25:00+03:00,0.2717782189114196,-0.09401020705700143,0.004401716840783978,-2.2231065905384004,0.2946824605907317,-0.03983419926454361
2026-06-15 13:30:00+03:00,0.30340407736738123,-0.019862029790620243,0.006734185815501007,-2.017888854493232,0.3036844921881443,-0.0192253579403272
2026-06-15 13:35:00+03:00,0.32077506311138443,0.018982324269584877,0.010818311141133373,-1.7883761674171315,0.3165079745040691,0.009548479310632251
2026-06-15 13:40:00+03:00,0.3567563149777559,0.09613630462491117,0.004313374630054512,-2.2328804916701923,0.35573634190097353,0.09400154468737147
2026-06-15 13:45:00+03:00,0.47089797023237745,0.3231373519740538,0.006742433364505088,-2.017297373843926,0.3740578681555512,0.1319545632060436
2026-06-15 13:50:00+03:00,0.22430275427157026,-0.2164773226634444,0.030111446285981162,-1.2875750770658425,0.2856587964065227,-0.060863860685548395
2026-06-15 13:55:00+03:00,0.32682388263414575,0.03224278735892904,0.15871585359690465,-0.4214553466267059,0.314254187313633,0.004538222467530164
2026-06-15 14:00:00+03:00,0.22890282658691968,-0.20387824194209325,0.2201595556961106,-0.22798322023748274,0.2734759085030225,-0.08990094834211802
2026-06-15 14:05:00+03:00,0.18711759706344044,-0.3259546739399124,0.23768493908242688,-0.1803094468945523,0.22702410983409194,-0.209002020787699
2026-06-15 14:10:00+03:00,0.1896911625423051,-0.317875995706623,0.1673681568402698,-0.3910153392891607,0.21500066040879864,-0.24252923862971928
2026-06-15 14:15:00+03:00,0.3199233663250868,0.017104711880426893,0.24570043279917406,-0.15931604021060153,0.30697430095619754,-0.01178049840509101
2026-06-15 14:20:00+03:00,0.23695961569185053,-0.18223290445629126,0.13032501317620715,-0.5319841515188154,0.25832162806867337,-0.12717303445816966
2026-06-15 14:25:00+03:00,0.17459433724221063,-0.366542730674501,0.16153443617020957,-0.4113953841786595,0.23454458474422973,-0.18866668276624016
2026-06-15 14:30:00+03:00,0.1992421926619142,-0.28860597228738555,0.2655240845741124,-0.10928935731177084,0.31502458206063444,0.006253014576944454
2026-06-15 14:35:00+03:00,0.21099709786290818,-0.25399319276266896,0.17625728313725958,-0.36102465276946344,0.349364576536338,0.08060256646096178
2026-06-15 14:40:00+03:00,0.16625286839526882,-0.3948670316409294,0.18351128426956598,-0.33742050761479725,0.29830671464074754,-0.03149414766673785
2026-06-15 14:45:00+03:00,0.1718906899030441,-0.3756032900894338,0.27009438092863974,-0.09810186133171975,0.3152387061725062,0.006729222591263235
2026-06-15 14:50:00+03:00,0.14798586382619666,-0.46113709890868265,0.28239667712841143,-0.06856361282958559,0.248215482590346,-0.1528246533273625
2026-06-15 14:55:00+03:00,0.1287244490731281,-0.5387981022822645,0.2937199621496264,-0.04205907208763157,0.25815834927865905,-0.12758217555242607
2026-06-15 15:00:00+03:00,0.3656419158698462,0.11462138593440346,0.2815757997565641,-0.07050963625454229,0.33502602170969864,0.05002434022214983
2026-06-15 15:05:00+03:00,0.4377392792088852,0.2589138573835745,0.23659202373642033,-0.1832092573674317,0.4009802399251134,0.18641637093512373
2026-06-15 15:10:00+03:00,0.39565921798120396,0.17575942646644915,0.2786421565346242,-0.07749271217321999,0.4039292045582401,0.19230227883462017
2026-06-15 15:15:00+03:00,0.33405899635288566,0.0479393852060942,0.3166026544549083,0.009758535399428309,0.4532494392142267,0.28905330389606293
2026-06-15 15:20:00+03:00,0.23785384378158375,-0.17986211522651613,0.38333430993607914,0.15087945011331616,0.3741654217641136,0.13217503707266454
2026-06-15 15:25:00+03:00,0.287448858898684,-0.056661125095411095,0.5210075164689902,0.41943222424557386,0.4065155748028778,0.19745307107552104
2026-06-15 15:30:00+03:00,0.42256151486100724,0.22919075203595482,0.598300251683592,0.570296356502271,0.4285726514697772,0.24099355925444077
2026-06-15 15:35:00+03:00,0.22695246210305473,-0.2091980149572993,0.7015935107407758,0.7894154918424519,0.3044687125134805,-0.01744657046907132
2026-06-15 15:40:00+03:00,0.17363348308172524,-0.36974999683348475,0.680797298503397,0.7426362153081845,0.28882550540690755,-0.05343962848307124
2026-06-15 15:45:00+03:00,0.242892236540039,-0.16661721828994436,0.7615204517437263,0.9363569976143916,0.3196576848196498,0.016518461279302316
2026-06-15 15:50:00+03:00,0.2437362324601909,-0.1644168882152083,0.6847176529040285,0.7513238559548596,0.29150549682719024,-0.04719418770989491
2026-06-15 15:55:00+03:00,0.22697195503342557,-0.20914468722878155,0.7323475869040935,0.8622145251056424,0.3055345007990404,-0.015033246778310255
2026-06-15 16:00:00+03:00,0.21759525848093716,-0.23518239009020847,0.8659600015051105,1.2745885808293969,0.3114910537969434,-0.0016309854646130181
2026-06-15 16:05:00+03:00,0.2585581783150208,-0.1265805898731763,0.8470268091360988,1.2005596709637265,0.31670125846102454,0.009977261524918787
2026-06-15 16:10:00+03:00,0.26695362755584134,-0.10577697242669334,0.886509996150215,1.3657273130591439,0.30495554542898895,-0.016343620438736373
2026-06-15 16:15:00+03:00,0.2463236410993266,-0.15770338000690368,0.9246731079714293,1.582694021955476,0.30361522069603863,-0.019382605539209227
2026-06-15 16:20:00+03:00,0.24811433270375607,-0.15308486853328965,0.9497558995878985,1.7899089898582126,0.33625397552252534,0.05266757314901719
2026-06-15 16:25:00+03:00,0.25979075200606017,-0.12349927840634924,0.8935978587202226,1.4005036362065046,0.33740547021741674,0.05514189976006254
2026-06-15 16:30:00+03:00,0.5540734778129526,0.48330111209799076,0.9164635850488971,1.528760964095639,0.4857062589392503,0.35162429007377327
2026-06-15 16:35:00+03:00,0.4465372554079043,0.27603529821898964,0.4847817861865383,0.34984779963044366,0.5426391565054538,0.4611394842467514
2026-06-15 16:40:00+03:00,0.7030064794162062,0.7926593501159532,0.719047099678292,0.830138737207677,0.6172046775404672,0.6083653687414277
2026-06-15 16:45:00+03:00,0.44246227149552797,0.2681138807848582,0.5393312154042048,0.4547454116948178,0.5968653423590221,0.5674323076577923
2026-06-15 16:50:00+03:00,0.5752510194147451,0.5246592738329139,0.6347433548053216,0.6443261764997031,0.4795136044168152,0.3397201419291174
2026-06-15 16:55:00+03:00,0.3229647307636726,0.023797546148975668,0.3740406613111519,0.1319192885733236,0.3853428489786707,0.15495377205123226
2026-06-15 17:00:00+03:00,0.46605182476095386,0.313795778409859,0.6491756299276189,0.6744680015678374,0.37464437535732836,0.13315653378112574
2026-06-15 17:05:00+03:00,0.7465450855084639,0.8975915395874999,0.5129108173224757,0.4038687091803171,0.37572104245277943,0.1353610639225243
2026-06-15 17:10:00+03:00,0.4684016264728104,0.3183267584922974,0.5583736823025984,0.4916630813934989,0.3785214513387655,0.1410833382775462
2026-06-15 17:15:00+03:00,0.3848791216767013,0.15401381005905668,0.32109413982796664,0.019685068396747357,0.3723796250208453,0.12851101462277867
2026-06-15 17:20:00+03:00,0.5264459874652314,0.42989749403999494,0.2850803693395554,-0.0622252733015686,0.32277633633166025,0.023383929343492222
2026-06-15 17:25:00+03:00,0.4570360098844419,0.29638236084225766,0.306221152948117,-0.013480919691515672,0.31977013612867256,0.01676662690406408
2026-06-15 17:30:00+03:00,0.27848484198646434,-0.07786844297879088,0.1826296148423806,-0.34025016496763616,0.23070128927802744,-0.19900096803255585
2026-06-15 17:35:00+03:00,0.3030309062816839,-0.02070981681458423,0.1625798666898808,-0.4077001320621576,0.22879336053033078,-0.2041759718566778
2026-06-15 17:40:00+03:00,0.37121010083442885,0.1261075660194932,0.15219270109762023,-0.4453068678257457,0.23106136553321283,-0.19802767723915046
2026-06-15 17:45:00+03:00,0.3454381424263589,0.07228963239050198,0.2241982572751775,-0.2167656455450343,0.22925238523521796,-0.20292816878200498
2026-06-15 17:50:00+03:00,0.39866173647942343,0.1817787790433695,0.1824288476785332,-0.340895995081881,0.23038879824043637,-0.1998464977095558
2026-06-15 17:55:00+03:00,0.4002678221151212,0.18499230937897249,0.4304941683068836,0.24475754394094815,0.24138205964660223,-0.17056730935887018
2026-06-16 09:55:00+03:00,0.6869156337063357,0.7562201135606585,0.20843604497344315,-0.2614103501851155,0.4547578652480034,0.2919741286927684
2026-06-16 10:00:00+03:00,0.8197008166150069,1.10593110261037,0.5518386689440861,0.4789617034774748,0.4695950568937599,0.3206269307335861
2026-06-16 10:05:00+03:00,0.34730139649662045,0.07623994061226955,0.6053271644647042,0.5843715754333105,0.32181647912331535,0.021274612370026067
2026-06-16 10:10:00+03:00,0.3471797630479331,0.07598236803024477,0.6226219079142085,0.6194010592138539,0.31718082557689037,0.011040530186002928
2026-06-16 10:15:00+03:00,0.24542874210822876,-0.16001995034458336,0.3506308439441963,0.08327419407412259,0.28455105966884353,-0.06347253688235364
2026-06-16 10:20:00+03:00,0.2804471234475712,-0.07319098980312372,0.32972533132437354,0.03855843930061409,0.27381026513239626,-0.08909351690772555
2026-06-16 10:25:00+03:00,0.2416257545300778,-0.1699287531103726,0.17329473170169482,-0.37088406738514773,0.2493291310586624,-0.14996439476451895
2026-06-16 10:30:00+03:00,0.34825345436820476,0.07825457649860275,0.6067671768884682,0.5872665595745161,0.3054810232532086,-0.015154226352837738
2026-06-16 10:35:00+03:00,0.35361674962623296,0.08955652581728571,0.6912628795142015,0.7659596557052618,0.3102352482744464,-0.0044446890480446385
2026-06-16 10:40:00+03:00,0.32291676798763264,0.023692256660499327,0.6244012699424031,0.6230393635118131,0.30765396029048225,-0.010247990267691055
2026-06-16 10:45:00+03:00,0.2922158906431915,-0.045544372696117594,0.6213548335093906,0.6168143641720556,0.3585432864229048,0.09986982624951223
2026-06-16 10:50:00+03:00,0.24720002614201403,-0.15544022013023667,0.43894425045943525,0.26126306909564245,0.35018446066450526,0.08233290350122402
2026-06-16 10:55:00+03:00,0.31671531467248104,0.010008438424904367,0.7437466592185484,0.8905183628443498,0.32746641734799575,0.03364387420503004
2026-06-16 11:00:00+03:00,0.19957930404533805,-0.2875924217416805,0.617479251604205,0.6089232645734418,0.31358796809936346,0.003053473776554825
2026-06-16 11:05:00+03:00,0.14179812458519006,-0.4851118218876289,0.44443742423625304,0.27195522035318,0.2747854767141347,-0.08674199735193923
2026-06-16 11:10:00+03:00,0.15007430144796388,-0.4532326851167603,0.42227521968853665,0.22862751902724815,0.2700384475834669,-0.09823805192072978
2026-06-16 11:15:00+03:00,0.13633967586795787,-0.5069969583009752,0.49468746319073875,0.36887486089473515,0.2679966132459823,-0.10322189991556802
2026-06-16 11:20:00+03:00,0.11381697881842555,-0.6060192308046523,0.32684919909673343,0.032298018257922514,0.26125660621124014,-0.1198471131933897
2026-06-16 11:25:00+03:00,0.11482745331541377,-0.601229052168841,0.5469396637475841,0.46946309350019827,0.2688942792897578,-0.1010278698371941
2026-06-16 11:30:00+03:00,0.10892400327519285,-0.629753432054671,0.4537479945455785,0.29001885748437484,0.26552190683103655,-0.10929471720980312
2026-06-16 11:35:00+03:00,0.10120417368361233,-0.669178001897855,0.2965572317532997,-0.03551265569012865,0.26414967674577927,-0.11267767733935295
2026-06-16 11:40:00+03:00,0.14071283013970545,-0.4894062998096778,0.15184811451012684,-0.44658991156689687,0.2582389358448261,-0.12738022209002167
2026-06-16 11:45:00+03:00,0.1405159405820454,-0.4901883509261205,0.14091903106274228,-0.488588244072397,0.244993130742441,-0.16114965283326793
2026-06-16 11:50:00+03:00,0.08866366386996484,-0.7393262899495113,0.07760256323900909,-0.8090751755412885,0.21457775287133257,-0.24373282442034203
2026-06-16 11:55:00+03:00,0.13341263302317477,-0.5190379055203536,0.11282131465971582,-0.610775593438452,0.21519952107465126,-0.24196387968204167
2026-06-16 12:00:00+03:00,0.09831939299841873,-0.6845967340201244,0.10042975356584845,-0.6732784097765837,0.19884961980607338,-0.2897878967864669
2026-06-16 12:05:00+03:00,0.110007611208669,-0.6244179153341942,0.15755658002994977,-0.42563504207982905,0.19530486383784043,-0.30054055565487037
2026-06-16 12:10:00+03:00,0.05916979369361103,-0.9487400103137162,0.05020590460461976,-1.0321432069836727,0.1837456409453861,-0.33667013020104924
2026-06-16 12:15:00+03:00,0.0788120675337927,-0.8010220403088687,0.10626789310772193,-0.6430316129128624,0.18132577712744363,-0.344454254891875
2026-06-16 12:20:00+03:00,0.0740657790845981,-0.8333020139587071,0.057236539884165986,-0.9656698513658271,0.18233625627658925,-0.3411940302109886
2026-06-16 12:25:00+03:00,0.1204584848899066,-0.5751866393582984,0.14855851466976788,-0.4589605919134645,0.17959561407878802,-0.3500694855749391
2026-06-16 12:30:00+03:00,0.13657339709059887,-0.5060449298552642,0.29270620350198384,-0.04440704607828416,0.2085375828385618,-0.26111501069796716
2026-06-16 12:35:00+03:00,0.13879416566183703,-0.49706666642359126,0.1904229410258305,-0.3155942255919827,0.21681986286583677,-0.23737132262921484
2026-06-16 12:40:00+03:00,0.20453519058535052,-0.2728379701192672,0.25430996764101466,-0.13727480095652594,0.22695500188316095,-0.2091910665778204
2026-06-16 12:45:00+03:00,0.23636901569983151,-0.1838020943315007,0.42282260223671325,0.22970430411568163,0.2409678618518107,-0.17165364549136847
2026-06-16 12:50:00+03:00,0.2656835628711021,-0.10889692288643552,0.40657297586940117,0.19756726789728718,0.24609335378768826,-0.15829896807399155
2026-06-16 12:55:00+03:00,0.3050858161756976,-0.016048651715402477,0.3456755052604473,0.07279342471055605,0.2471024223987543,-0.1556920030074495
2026-06-16 13:00:00+03:00,0.31106599264073426,-0.002582661021541136,0.515765325824723,0.40935375199028595,0.2524296951828899,-0.14204561097593374
2026-06-16 13:05:00+03:00,0.28899248671841615,-0.05304949623003334,0.4231507974793948,0.2303497353699162,0.24991151315898458,-0.14847202171720647
2026-06-16 13:10:00+03:00,0.2868266508007353,-0.058120174851016226,0.4808024778850864,0.34219862078168944,0.24431466277092478,-0.16291187908245783
2026-06-16 13:15:00+03:00,0.23382286282423356,-0.1905982912096811,0.3653908439514532,0.11410174766985537,0.2244439695505296,-0.2160878401923646
2026-06-16 13:20:00+03:00,0.21306705598355388,-0.24804637743222405,0.31492555123009464,0.006032712750971073,0.2230061401842719,-0.22006166369032867
2026-06-16 13:25:00+03:00,0.21098161746006558,-0.25403782709837147,0.23653514347859103,-0.18336042925074936,0.21917719561298035,-0.23073399332355332
2026-06-16 13:30:00+03:00,0.23519566142308437,-0.18692768249101693,0.32889837470447747,0.03676128596263341,0.22269982458406215,-0.2209106051875979
2026-06-16 13:35:00+03:00,0.19118379745501854,-0.3132288870427581,0.42623826193849196,0.23641512309247828,0.22386969799822518,-0.217672812933918
2026-06-16 13:40:00+03:00,0.2220908310757199,-0.22260088493186342,0.4515364078208763,0.2857342741846559,0.23898485517188786,-0.1768723268696563
2026-06-16 13:45:00+03:00,0.3060049730761055,-0.013969431338774483,0.5726436091238738,0.5195412139314664,0.2524948257838037,-0.1418799631554667
2026-06-16 13:50:00+03:00,0.27048443869455435,-0.09715261366996851,0.5284045566255159,0.4336692038847681,0.24308167264501354,-0.16612290000031646
2026-06-16 13:55:00+03:00,0.2443473618418177,-0.1628268719340147,0.546759247516296,0.46911363504742104,0.24135187143068002,-0.17064644244367413
2026-06-16 14:00:00+03:00,0.1953024625135201,-0.3005478896165146,0.3564197676826909,0.09543222714422572,0.23956693418062175,-0.1753374052357209
2026-06-16 14:05:00+03:00,0.24137890391644745,-0.17057558123316746,0.46499469904960344,0.3117564515734731,0.23951331334773343,-0.1754786945154713
2026-06-16 14:10:00+03:00,0.5241298994798951,0.4254393060884259,0.5877436305920998,0.5493005523405937,0.33902127058601267,0.05860695202703288
2026-06-16 14:15:00+03:00,0.46723626320931266,0.3160800095951026,0.33746300485843744,0.055265420959647225,0.3856151788010528,0.15550558004414028
2026-06-16 14:20:00+03:00,0.45259413883058935,0.28778390509607543,0.4646483613793788,0.3110881921251548,0.3602117740453424,0.10334839601908571
2026-06-16 14:25:00+03:00,0.3754372861560586,0.13478030368498703,0.42074643723079397,0.22561817159039554,0.3754552798709347,0.13481713637656811
2026-06-16 14:30:00+03:00,0.3128310396195919,0.0013644878723816246,0.3415680253189828,0.0640521508880704,0.333410577459781,0.046539677431111634
2026-06-16 14:35:00+03:00,0.2970583383284122,-0.03436023495011654,0.3863274548946259,0.15694814374739224,0.3266816990082449,0.031932555817055945
2026-06-16 14:40:00+03:00,0.40237556905653865,0.18920309678545902,0.43462368318080197,0.25283297877489685,0.3724506320924829,0.12865683964491637
2026-06-16 14:45:00+03:00,0.641795397721389,0.6589872667755531,0.35881712042411934,0.10044122010129015,0.4263977226844097,0.2367280761020665
2026-06-16 14:50:00+03:00,0.6975332966180657,0.7801428338670016,0.36862986958448296,0.12079399250593091,0.5700046220217329,0.5143692319627896
2026-06-16 14:55:00+03:00,0.7820477732512804,0.9923266797690764,0.3731440412060479,0.13008027967163846,0.552094077206638,0.47945742976533345
2026-06-16 15:00:00+03:00,0.8236419276347047,1.118841640811057,0.3567664482792795,0.0961574995187893,0.6099390148039339,0.5936564384171281
2026-06-16 15:05:00+03:00,0.6317771460586539,0.6381957100835682,0.3096384473188896,-0.005784050482665004,0.6401767975097131,0.6556112041122087
2026-06-16 15:10:00+03:00,0.5273266874369089,0.43159329898669163,0.29272050886837564,-0.0443738802217605,0.5945705112176125,0.5628587230106047
2026-06-16 15:15:00+03:00,0.5661185130687857,0.5067671886284468,0.3660526584695761,0.11547116556509893,0.5134426427347182,0.4048904978218089
2026-06-16 15:20:00+03:00,0.5811660756603805,0.5363008702128728,0.24745044719265302,-0.15479452828341406,0.4845158241845905,0.3493366837222735
2026-06-16 15:25:00+03:00,0.6608281195106597,0.6992205928963671,0.34260705246254164,0.06626806031668633,0.4541397648186972,0.29077747398836185
2026-06-16 15:30:00+03:00,0.57098899859001,0.5162975205749333,0.35494612532991765,0.09234577092166027,0.46849484801838714,0.31850645488417134
2026-06-16 15:35:00+03:00,0.4643111138444821,0.3104374089024822,0.3607772525217714,0.10452574019743563,0.39279168666890646,0.16999595437066198
2026-06-16 15:40:00+03:00,0.2420337917430566,-0.16886055061707844,0.35166408119974346,0.0854508760409119,0.3354362453095564,0.050907899910235886
2026-06-16 15:45:00+03:00,0.27822869967352404,-0.07848049346565597,0.3413098047868296,0.06350094742971435,0.331241207137,0.0418468307520231
2026-06-16 15:50:00+03:00,0.28492714381151896,-0.06258619003546678,0.26609702642150623,-0.10788019654777314,0.32474893723405956,0.027708515692822684
2026-06-16 15:55:00+03:00,0.41670139467599604,0.21764105758710656,0.2809086167900112,-0.07209384449721123,0.35598373257923566,0.09451957373066017
2026-06-16 16:00:00+03:00,0.35080170086514995,0.08363433491575964,0.24890245971761152,-0.1510592319762304,0.34185023592591246,0.06465433482239118
2026-06-16 16:05:00+03:00,0.3173985588976284,0.01152299174289887,0.24399366212702764,-0.1637467874667649,0.3264560900550082,0.031440155205798744
2026-06-16 16:10:00+03:00,0.3168853569804056,0.010385536182235887,0.22742757908446432,-0.20789913524212617,0.3240846511694085,0.02625371563110931
2026-06-16 16:15:00+03:00,0.3542626758666962,0.0909123735110441,0.2944071648322465,-0.04047012875102465,0.3260711564065765,0.03059961693794738
2026-06-16 16:20:00+03:00,0.3577325351266978,0.09817694693385631,0.38227589085944946,0.14872920457746497,0.32540738997080865,0.02914901704289026
2026-06-16 16:25:00+03:00,0.32356427973786256,0.025113007246109056,0.37459077979883837,0.13304672799938524,0.3246043969370022,0.027392101218211028
2026-06-16 16:30:00+03:00,0.18888306017895284,-0.32040359965863163,0.28538661965751516,-0.061504261965787704,0.30846019028650407,-0.008432525159974216
2026-06-16 16:35:00+03:00,0.15890537148682776,-0.4207744092416982,0.37514514631436513,0.13418220200478173,0.2894042807066578,-0.05208795919133738
2026-06-16 16:40:00+03:00,0.15066150949928983,-0.4510265269669949,0.5488003267019251,0.47306852806814137,0.28665444510154997,-0.05852432348228034
2026-06-16 16:45:00+03:00,0.15299817618735959,-0.44231700782936106,0.4309065712737157,0.24556484568376716,0.2859141100326659,-0.060263469203472184
2026-06-16 16:50:00+03:00,0.1555407051697534,-0.43296311097206597,0.4919050062227698,0.36353170464285006,0.2839346582958671,-0.06492678564476416
2026-06-16 16:55:00+03:00,0.1482490930039105,-0.46013576635440373,0.5056065321067468,0.38983977681252796,0.2896239556197747,-0.05157535103976917
2026-06-16 17:00:00+03:00,0.28376274533406975,-0.06533271192145673,0.5058789430687048,0.39036286161759876,0.29864381634908493,-0.030721396122841967
2026-06-16 17:05:00+03:00,0.396794120920827,0.1780364711315938,0.5357011124671163,0.44773629899169637,0.32126746440391946,0.020066649349504435
2026-06-16 17:10:00+03:00,0.3795457399481339,0.14317218687606603,0.570829406474456,0.5159848223468908,0.3201267411849268,0.017553302941649286
2026-06-16 17:15:00+03:00,0.453302868809613,0.28915678980663057,0.5009717315145322,0.38094073642418774,0.3481092195707124,0.07794952862468033
2026-06-16 17:20:00+03:00,0.41800344939437584,0.2202111625549854,0.5050692934273283,0.3888081870223615,0.3424842330125576,0.06600629426375075
2026-06-16 17:25:00+03:00,0.40941704260502154,0.20321912502056796,0.49268924632354016,0.36503776522062314,0.3397530304190533,0.060173546208663185
2026-06-16 17:30:00+03:00,0.41858273671458296,0.22135388140733273,0.49351263925820016,0.3666189409753073,0.3411802700501674,0.06322436395101183
2026-06-16 17:35:00+03:00,0.26702149009317233,-0.10561053233227903,0.5356587370010196,0.44765452374091136,0.30504359616390453,-0.016144241667637574
2026-06-16 17:40:00+03:00,0.34021214041387965,0.06115559928087622,0.5528162866990768,0.4808594681892066,0.30951393602199584,-0.006063662399737613
2026-06-16 17:45:00+03:00,0.3785338738912502,0.14110868499031207,0.5792879135905475,0.5325995945067551,0.3182525420466776,0.013413573525986221
2026-06-16 17:50:00+03:00,0.37966107845324726,0.14340726111701332,0.5298945268106724,0.43653963224042414,0.32430400369805773,0.026734273443210763
2026-06-16 17:55:00+03:00,0.3237498906032209,0.02551999521342414,0.49753197230027135,0.37433652531151373,0.3147382836886316,0.0056160191140597225
2026-06-17 09:55:00+03:00,0.3083188919460777,-0.008750509770596174,0.20122727392594747,-0.28265607518047603,0.2773032057779899,-0.0806948478420788
2026-06-17 10:00:00+03:00,0.270778008026351,-0.09643874901950808,0.36124566393872154,0.10550037898158521,0.3016340792220634,-0.023888447921293007
2026-06-17 10:05:00+03:00,0.2740577844344838,-0.08849618287517852,0.3271584745360075,0.03297256220325519,0.290084336229873,-0.05050180605067808
2026-06-17 10:10:00+03:00,0.24551721990321732,-0.1597906598611192,0.28267160945315933,-0.06791260849218597,0.27877642919446244,-0.07717211769314403
2026-06-17 10:15:00+03:00,0.23939174337692315,-0.17579910800675136,0.3784991252898191,0.1410377838630779,0.2785858474135595,-0.0776271861755818
2026-06-17 10:20:00+03:00,0.25493730927575814,-0.1356882275352944,0.34182286532448153,0.06459594161760848,0.2801214345435258,-0.07396593947741695
2026-06-17 10:25:00+03:00,0.27831889942590404,-0.07826492224190566,0.30607952375176867,-0.013800943950364367,0.2901590582754854,-0.05032765950224381
2026-06-17 10:30:00+03:00,0.23676016859515023,-0.1827625217540145,0.3566256036572904,0.09586288374448332,0.28154567496656135,-0.07058111749895893
2026-06-17 10:35:00+03:00,0.22595746163329214,-0.21192439643439284,0.3032591193440525,-0.020191282021593676,0.2699644670527906,-0.0984182124177824
2026-06-17 10:40:00+03:00,0.2428646319147342,-0.1666892721935342,0.3696805927564431,0.12295963730752774,0.27414884291071384,-0.08827651754866185
2026-06-17 10:45:00+03:00,0.24345081276267094,-0.16516040920582942,0.3141312730473922,0.0042644219221397855,0.27141620476879924,-0.09488853946665778
2026-06-17 10:50:00+03:00,0.2392938028242783,-0.17605732419688688,0.41845513906714477,0.22110221676198427,0.2771171137563692,-0.08114064450403377
2026-06-17 10:55:00+03:00,0.2779789887165773,-0.07907750968288435,0.3869543656433699,0.15821700287217452,0.3099094542697781,-0.005175671168540039
2026-06-17 11:00:00+03:00,0.23692864691150609,-0.1823151196410798,0.43131105582168344,0.24635646445292095,0.2359176421999615,-0.18500319340880794
2026-06-17 11:05:00+03:00,0.18036194658345284,-0.34757717807771027,0.33210819924278945,0.04372418101520396,0.2339956942339764,-0.19013535061569006
2026-06-17 11:10:00+03:00,0.1290326280820029,-0.5374805309186164,0.25094282045360283,-0.14583494042966239,0.21665095875823218,-0.2378488871900848
2026-06-17 11:15:00+03:00,0.1298994972897879,-0.5337886849327212,0.28830576911775424,-0.05465478971972612,0.22340822575696304,-0.21894856045583627
2026-06-17 11:20:00+03:00,0.13005203424562986,-0.5331412269166567,0.3244814195423705,0.0271228326687135,0.2256877793385207,-0.21266481071066068
2026-06-17 11:25:00+03:00,0.1399086891758752,-0.4926061597815097,0.24975805795302067,-0.14886503030165288,0.22597805786385475,-0.21186787509523566
2026-06-17 11:30:00+03:00,0.12430417516694743,-0.5579990502596597,0.2208327985425176,-0.2261031116582719,0.22229631621969057,-0.2220301852098314
2026-06-17 11:35:00+03:00,0.13778671948317534,-0.5011245601399358,0.2455273903626405,-0.15976430665601976,0.22015032760099718,-0.2280090193952232
2026-06-17 11:40:00+03:00,0.3041622197957543,-0.018141457238455495,0.39471247154971206,0.1738581698482602,0.33645344679024275,0.053096494526209674
2026-06-17 11:45:00+03:00,0.43734783953364137,0.25815039981445054,0.31705011029004004,0.01075080122332886,0.3919281351444103,0.16825740281952442
2026-06-17 11:50:00+03:00,0.4087241919348321,0.20184338592089512,0.26862918428901117,-0.10167531866789473,0.3725045390317238,0.12876753910849392
2026-06-17 11:55:00+03:00,0.2378546922257533,-0.17985986873632168,0.2243861871675185,-0.2162471873378765,0.2528875622604275,-0.1408817085363026
2026-06-17 12:00:00+03:00,0.2081528730199229,-0.2622345625349213,0.22866667441092836,-0.20452066264564905,0.24860322773694843,-0.15182780897128256
2026-06-17 12:05:00+03:00,0.2573443328681761,-0.12962444628061634,0.30036410973072625,-0.026785665257367586,0.2505979109499432,-0.14671607914317533
2026-06-17 12:10:00+03:00,0.23334426448876722,-0.19188149147901468,0.23290972629286422,-0.19304814599912107,0.24759044642437306,-0.1544337419268652
2026-06-17 12:15:00+03:00,0.2963719678878981,-0.03593900166044169,0.24148018972807142,-0.17031012525877198,0.2539606329457455,-0.13815940099695354
2026-06-17 12:20:00+03:00,0.23544749889724667,-0.18625592885491046,0.25856079345423294,-0.12657404218102486,0.25884600920072903,-0.12586018782314828
2026-06-17 12:25:00+03:00,0.25434896160866843,-0.1371761084914833,0.2418863149959717,-0.1692464890460676,0.25702398173656665,-0.130429326332958
2026-06-17 12:30:00+03:00,0.23613371664823465,-0.18442802417457405,0.25873217441285795,-0.12614503863909646,0.2535990554242434,-0.13907584853119526
2026-06-17 12:35:00+03:00,0.24353101119604392,-0.16495143185941297,0.317980350816382,0.012811280216801862,0.2562084223237834,-0.13248138111847654
2026-06-17 12:40:00+03:00,0.18355183997059485,-0.33729060078615775,0.2666476624588853,-0.10652771873036385,0.2444364728443926,-0.16259525082934762
2026-06-17 12:45:00+03:00,0.1828680618584553,-0.33948384172179225,0.27943750516920773,-0.07559508661702805,0.243709022550445,-0.16448774482542422
2026-06-17 12:50:00+03:00,0.23211513243930268,-0.195185410333059,0.3747745314912844,0.13342316951934288,0.2519936838387827,-0.1431552563778869
2026-06-17 12:55:00+03:00,0.20971151514627362,-0.25770809733640343,0.4320962119188826,0.24789258659928184,0.24952961009173474,-0.14945039839820784
2026-06-17 13:00:00+03:00,0.15802098874735301,-0.4239576534048599,0.5537231811236609,0.48262065245172264,0.2468930525771661,-0.15623232802395426
2026-06-17 13:05:00+03:00,0.17944199915380288,-0.3505700789296132,0.3964200901899535,0.1772862714820998,0.24647720566703513,-0.15730642693665453
2026-06-17 13:10:00+03:00,0.17271529675871417,-0.3728279663218988,0.4380379127020238,0.25949620556744424,0.24696034796442293,-0.15605862386198166
2026-06-17 13:15:00+03:00,0.08101436352941163,-0.7866445253815776,0.3751173616091082,0.13412530833199363,0.23642842118180987,-0.1836441351089383
2026-06-17 13:20:00+03:00,0.12420975468933022,-0.5584155349160134,0.3850473052674489,0.15435476228545314,0.22611207219261917,-0.21150019444917606
2026-06-17 13:25:00+03:00,0.13889020383184608,-0.49668112598840297,0.32085878439433785,0.019166750198369942,0.22561200844448423,-0.2128729529139157
2026-06-17 13:30:00+03:00,0.1292674066763425,-0.5364785694641339,0.3389596058667054,0.05847486146195452,0.22073935884874357,-0.22636380698792263
2026-06-17 13:35:00+03:00,0.07039603420928582,-0.8595919705978825,0.43778107125481397,0.25899535895964965,0.22227835075634933,-0.2220800661651543
2026-06-17 13:40:00+03:00,0.06364487798044027,-0.9114566888318957,0.40487881333179465,0.19419465681011813,0.2218810721088753,-0.22318384372768155
2026-06-17 13:45:00+03:00,0.06413032807761984,-0.9075605700712789,0.4689590145439852,0.3194011320822042,0.22227835075634933,-0.2220800661651543
2026-06-17 13:50:00+03:00,0.06591793723363557,-0.8934464627885901,0.47925278112942016,0.33921852103872485,0.22227835075634933,-0.2220800661651543
2026-06-17 13:55:00+03:00,0.071314654558334,-0.8528944200763171,0.4705632514711856,0.3224924984421085,0.2227280794506373,-0.22083226309048143
2026-06-17 14:00:00+03:00,0.20708270077071508,-0.2653569400690746,0.4936240099808607,0.36683280273012425,0.31117934388408774,-0.002328807629178734
2026-06-17 14:05:00+03:00,0.12130556252410171,-0.5713606291261073,0.36001630494272063,0.10294123544241038,0.2609572347086661,-0.12059191503286405
2026-06-17 14:10:00+03:00,0.16907622840975797,-0.38515599788640775,0.5590541681120795,0.4929878488606788,0.2678242877821746,-0.10364362150424057
2026-06-17 14:15:00+03:00,0.21264095276702047,-0.2492670748954947,0.570126879472642,0.5146086619677388,0.2886606746172466,-0.05382486768818309
2026-06-17 14:20:00+03:00,0.15850733441670212,-0.4222053182601809,0.5057520497137039,0.3901191995879536,0.2828901267214269,-0.06739546136288464
2026-06-17 14:25:00+03:00,0.2319588671102202,-0.19560632623571914,0.5254057663037089,0.4278949352186546,0.27469523650947575,-0.08695937472355608
2026-06-17 14:30:00+03:00,0.28781656103647907,-0.0557997661160419,0.7091716740698619,0.8069191639974699,0.41394892082321677,0.2122003918185477
2026-06-17 14:35:00+03:00,0.2347097317343327,-0.18822526523551802,0.6003447530640684,0.5743829631115553,0.3641300230055595,0.11148995495409522
2026-06-17 14:40:00+03:00,0.324018436443846,0.02610861906394022,0.5557912647721528,0.48663947784766887,0.35427416888744384,0.09093648810485204
2026-06-17 14:45:00+03:00,0.30627113790505256,-0.013367993804356245,0.5314293321788888,0.4394975096466448,0.3710383810269082,0.12575441013233102
2026-06-17 14:50:00+03:00,0.6615508118837344,0.7007690564677432,0.648368050970487,0.6727668851070332,0.4238434378827826,0.2317114502583594
2026-06-17 14:55:00+03:00,0.5108010206585285,0.3998157174418654,0.5589103031350778,0.49270773717791294,0.4117046790133913,0.20775646789718963
2026-06-17 15:00:00+03:00,0.37620489562929227,0.13635095734380787,0.45419628905542536,0.29088691734560657,0.34284494141204264,0.06677494714551224
2026-06-17 15:05:00+03:00,0.42270643392484525,0.22947581455660268,0.4274787309209755,0.23884884300970396,0.38767167894371435,0.1596679061381653
2026-06-17 15:10:00+03:00,0.5531878301841742,0.4815809205002333,0.4243248273676822,0.23265750397906215,0.3924215909238597,0.16925102231093447
2026-06-17 15:15:00+03:00,0.5200269710625621,0.41754644885604164,0.320104551060148,0.01750436473792727,0.3783940274056014,0.1408233264021129
2026-06-17 15:20:00+03:00,0.6417566272214342,0.6589063211309875,0.5429768839151092,0.4617926925480979,0.44444008946826996,0.2719604014461446
2026-06-17 15:25:00+03:00,0.5637980474838595,0.5022355118924772,0.37230549617279063,0.1283587664395144,0.3956205489238879,0.17568180212084272
2026-06-17 15:30:00+03:00,0.6448486289454105,0.6653741239052388,0.5074386160581521,0.3933578914694278,0.4140822428384915,0.2124641642160286
2026-06-17 15:35:00+03:00,0.6631553274689734,0.7042127335644776,0.49504620855605985,0.3695637071683539,0.4110971175576481,0.20655216515806885
2026-06-17 15:40:00+03:00,0.5720012206991059,0.5182815034094147,0.5726393072381247,0.5195327764287688,0.4259697089507817,0.23588800075143593
2026-06-17 15:45:00+03:00,0.6335691529812655,0.6418968754055603,0.4676366081316411,0.3168519265219946,0.39155069357381955,0.16749708872832705
2026-06-17 15:50:00+03:00,0.592612089428905,0.5589621161003157,0.5072730403430771,0.393039925333786,0.3753875601739078,0.13467851216097645
2026-06-17 15:55:00+03:00,0.6104066184257847,0.5946000280463462,0.5130348036768354,0.4041069173033441,0.3736973078390715,0.13121526526214905
2026-06-17 16:00:00+03:00,0.6085837871318274,0.5909239845104898,0.5260412969185442,0.4291183613993078,0.38001463312190087,0.14412767708515642
2026-06-17 16:05:00+03:00,0.605322593139839,0.5843623911760653,0.6493731057780476,0.6748842460266365,0.3809166073124509,0.1459644000817357
2026-06-17 16:10:00+03:00,0.6258366516185077,0.6259793266305819,0.5074705711972385,0.3934192574219083,0.3995693565726687,0.18359531861493283
2026-06-17 16:15:00+03:00,0.6235429139097837,0.6212834117089199,0.5360817426747215,0.448470875611808,0.37558111644518066,0.13507470107730693
2026-06-17 16:20:00+03:00,0.5884439676971222,0.5506882425286449,0.5872202284039533,0.54826391149206,0.35662130263547237,0.0958538861431254
2026-06-17 16:25:00+03:00,0.5293981419414496,0.43558323504110014,0.5692973943545625,0.5129845185783435,0.3377542527664732,0.05589054306820564
2026-06-17 16:30:00+03:00,0.6476169087191883,0.6711862535936642,0.45437362272604337,0.2912302595216761,0.39129745526653176,0.16698682189531638
2026-06-17 16:35:00+03:00,0.7347535230603992,0.8681229500838253,0.42409438786638337,0.232204666619527,0.42524572827950496,0.23446652585666491
2026-06-17 16:40:00+03:00,0.48603329540282564,0.35225268605974885,0.4232730477922738,0.23059011963774256,0.37915431697955165,0.14237421110823775
2026-06-17 16:45:00+03:00,0.483275564675568,0.34695297175069956,0.36011165994642047,0.10313987122361186,0.37915431697955165,0.14237421110823775
2026-06-17 16:50:00+03:00,0.5905745420435288,0.554914283401521,0.3903054061563638,0.1649867364008132,0.39579026654280486,0.17602247414459146
2026-06-17 16:55:00+03:00,0.6569783668776861,0.6909987859153828,0.36123296043683345,0.10547395364678804,0.44470806678460595,0.2724813058053615
2026-06-17 17:00:00+03:00,0.7184799383787172,0.8287920111972557,0.29879045414183053,-0.030385408880911208,0.45928346774401835,0.300727806752324
2026-06-17 17:05:00+03:00,0.672010432144228,0.7233665189575603,0.3996472114229421,0.18375107531204757,0.47310959510743184,0.32739692554105526
2026-06-17 17:10:00+03:00,0.627445174401043,0.6292793155580393,0.4375146123283622,0.258475689306954,0.49395809530458645,0.36747432924174783
2026-06-17 17:15:00+03:00,0.713770143965946,0.8176715240413018,0.4940190072472876,0.3675912941145918,0.49889087626313383,0.3769455897744331
2026-06-17 17:20:00+03:00,0.7149248329431062,0.8203876388839599,0.4608770835124065,0.30380710261174415,0.47659461041763684,0.33410498190315496
2026-06-17 17:25:00+03:00,0.580885716468855,0.5357480774224009,0.4127193801964252,0.2097666120973953,0.5170716832366594,0.411864603449351
2026-06-17 17:30:00+03:00,0.5544381516819878,0.48400961062066666,0.33362997290581836,0.04701342682383786,0.4659210241954991,0.3135434801296906
2026-06-17 17:35:00+03:00,0.633720904521779,0.642210648153071,0.4236370603262629,0.2313057785726198,0.4633137759485747,0.30851248497789857
2026-06-17 17:40:00+03:00,0.638133209202216,0.6513581820838045,0.5039578229738424,0.3866740430586159,0.47378379942312737,0.3286950262612176
2026-06-17 17:45:00+03:00,0.8448551560990332,1.1925613357903677,0.3707326519265509,0.1251254871462158,0.5503851003114169,0.47614144957293747
2026-06-17 17:50:00+03:00,0.7886594610167371,1.0111536858595596,0.36938639128267653,0.12235351640253257,0.5197801891316016,0.4170718875551237
2026-06-17 17:55:00+03:00,0.8532371641761005,1.223959058102927,0.3542651889522464,0.09091764648368217,0.5101812595381213,0.3986252820051516
2026-06-18 09:55:00+03:00,0.5956971906073812,0.5651031458388405,0.5645981968927617,0.5037975106500275,0.4007598491774614,0.18597591855956686
2026-06-18 10:00:00+03:00,0.2649721037199655,-0.11064880146051065,0.7428861852964196,0.888353669189073,0.30628895052294125,-0.013327754071277391
2026-06-18 10:05:00+03:00,0.2587753425573462,-0.12603700862326989,0.20928723912413932,-0.25893778235993875,0.29821274043507356,-0.0317096578899134
2026-06-18 10:10:00+03:00,0.2801751509536772,-0.07383808787032986,0.1293976381442604,-0.5359234504208266,0.28641413002855376,-0.05908856047220049
2026-06-18 10:15:00+03:00,0.20077245103386474,-0.28401542138795943,0.2510357528025871,-0.14559766436373955,0.27274595245347316,-0.09166584759107073
2026-06-18 10:20:00+03:00,0.2321985479880042,-0.19496080335793656,0.2100986642838025,-0.2565876114511235,0.2767362205717074,-0.0820536772602702
2026-06-18 10:25:00+03:00,0.2797286333153258,-0.07490130997474012,0.22006578407178204,-0.22824541545512173,0.28142177604635027,-0.0708751584748186
2026-06-18 10:30:00+03:00,0.26726975543447773,-0.10500186415203519,0.2559583909465353,-0.13311134998049765,0.28091429333940393,-0.07208035602288429
2026-06-18 10:35:00+03:00,0.18741743573581252,-0.3250090730287121,0.2234590595520889,-0.2188079376930226,0.2686060884323025,-0.10173174545180959
2026-06-18 10:40:00+03:00,0.08857258391239586,-0.7398675801236182,0.13742402131031306,-0.5025915745737412,0.2530405452605448,-0.14049313510711398
2026-06-18 10:45:00+03:00,0.11916864558556295,-0.581057325649006,0.14543967371182076,-0.47089973823587905,0.2476297656191793,-0.15433243864269472
2026-06-18 10:50:00+03:00,0.1574026930381335,-0.426191749945737,0.12428625727904022,-0.5580780644161266,0.24603232026725788,-0.15845688092446414
2026-06-18 10:55:00+03:00,0.15279263845646926,-0.44307871907112,0.15145632978926032,-0.44805160139434963,0.24603232026725788,-0.15845688092446414
2026-06-18 11:00:00+03:00,0.1094308876748137,-0.6272518444463266,0.10594910802884895,-0.6446448326305348,0.24555729097756282,-0.15968683388582416
2026-06-18 11:05:00+03:00,0.16740756013107677,-0.39087963423236194,0.12586135145521,-0.5511692422987184,0.2462121126559851,-0.1579917772362274
2026-06-18 11:10:00+03:00,0.20733100630449305,-0.26463141459493444,0.24821002316347512,-0.15283869627368424,0.25254852331160704,-0.14174341455394798
2026-06-18 11:15:00+03:00,0.11346513799296798,-0.6076958400911309,0.17326922364456235,-0.3709695340602264,0.24524362588998883,-0.1604998601028003
2026-06-18 11:20:00+03:00,0.16482083238580075,-0.3998430800232644,0.2602174279444088,-0.12243484387060666,0.24462594741049043,-0.16210295025537927
2026-06-18 11:25:00+03:00,0.0992467090307964,-0.6795969748185455,0.13889704158573768,-0.49665368469466376,0.24387345405509167,-0.1640596347254077
2026-06-18 11:30:00+03:00,0.12852477841532103,-0.539653198885933,0.20840156512756508,-0.26151066456090527,0.24343466048904444,-0.16520250369708617
2026-06-18 11:35:00+03:00,0.2245464597196147,-0.2158052735611207,0.3905811750909161,0.1655429012067424,0.2496577554753206,-0.1491219984116818
2026-06-18 11:40:00+03:00,0.251392254302428,-0.14468798134496974,0.29412479369297156,-0.041122762383612926,0.25382353871324065,-0.1385067760378782
2026-06-18 11:45:00+03:00,0.2976447300505624,-0.03301310379629436,0.29548845217161346,-0.037974354648846936,0.2557845927472827,-0.13354948268196343
2026-06-18 11:50:00+03:00,0.306157711400906,-0.013624261502693108,0.3421101403867919,0.06520871036349771,0.26912466360449855,-0.10046552354572275
2026-06-18 11:55:00+03:00,0.3759934819127305,0.13591849783461898,0.4261426426882818,0.23622744910682542,0.30288716172763347,-0.02103653960092373
2026-06-18 12:00:00+03:00,0.31996870864878296,0.01720473810815343,0.38426737939011113,0.15277317697423004,0.3028353371731279,-0.021154355220983287
2026-06-18 12:05:00+03:00,0.289928983222964,-0.05086395535362017,0.31757926280154447,0.011923267695108264,0.27860751495042013,-0.07757543911347846
2026-06-18 12:10:00+03:00,0.33366946848556955,0.047098694685555255,0.3314263277033103,0.04224789118317483,0.30659251317426434,-0.012642189253767908
2026-06-18 12:15:00+03:00,0.3533715299458868,0.08904149777151828,0.35466684121209313,0.09176017918087666,0.30382763262699347,-0.01890049049164959
2026-06-18 12:20:00+03:00,0.3011855280885302,-0.0249109457316341,0.26228506126877593,-0.11729262722381506,0.31284832755797665,0.0014030884252953298
2026-06-18 12:25:00+03:00,0.3196428209746386,0.01648565521615104,0.3174506952798056,0.011638491185296043,0.33075146337013783,0.04078526347481356
2026-06-18 12:30:00+03:00,0.5529204175148102,0.4810616547849742,0.25652433069038966,-0.13168600725505572,0.342712170702431,0.06649206395690993
2026-06-18 12:35:00+03:00,0.5783938138753104,0.5308391963445895,0.2584539492262628,-0.12684159007022403,0.3423495669138448,0.06571922765620934
2026-06-18 12:40:00+03:00,0.7081444898700096,0.8045311372860466,0.25101054683266244,-0.14566201479668567,0.3473685131143283,0.07638204956742939
2026-06-18 12:45:00+03:00,0.6178630544895546,0.6097033534863648,0.2519396723627823,-0.1432928037256573,0.34578529268119385,0.07302638854378447
2026-06-18 12:50:00+03:00,0.7000879233552998,0.7859686998186625,0.33016903039453366,0.03952174767393507,0.3473685131143283,0.07638204956742939
2026-06-18 12:55:00+03:00,0.6851338801446896,0.7522496286829805,0.36224093436678567,0.10756945123727818,0.3481109885677824,0.07795327030313523
2026-06-18 13:00:00+03:00,0.7232497416943287,0.8401701276032157,0.33584428500320707,0.05178622506872553,0.3481109885677824,0.07795327030313523
2026-06-18 13:05:00+03:00,0.72961095990635,0.8555348105318991,0.4710224828730676,0.3233772193140519,0.35093654361617715,0.08391850634935963
2026-06-18 13:10:00+03:00,0.7276307109987955,0.8507278185225465,0.40260925611773063,0.18966950241369268,0.349396339475757,0.08066963598146529
2026-06-18 13:15:00+03:00,0.5566201340715148,0.4882512336154325,0.39647704749794727,0.17740052735833373,0.35247860862542424,0.08716474739229879
2026-06-18 13:20:00+03:00,0.5489163627050062,0.4732934593152383,0.5785423824957587,0.5311316435405651,0.3301676455843027,0.03951874215550064
2026-06-18 13:25:00+03:00,0.5959332241897278,0.5655735947664046,0.49158110288393925,0.362909656336882,0.3301133636677734,0.03940092653544108
2026-06-18 13:30:00+03:00,0.712288599952302,0.8141961572201136,0.40397636173897816,0.1923962872631224,0.33073121925125365,0.04074136528363646
2026-06-18 13:35:00+03:00,0.757498870588222,0.9257887237340094,0.3627444660968515,0.1086153091742594,0.33021082050373984,0.03961244369640581
2026-06-18 13:40:00+03:00,0.7528674530091339,0.9137643988906603,0.393729295363746,0.17188207480552736,0.3287460591214201,0.036430020738762135
2026-06-18 13:45:00+03:00,0.7289200769524515,0.8538552114262321,0.3105005878516526,-0.0038496602278580427,0.3284935395879981,0.0358806532343142
2026-06-18 13:50:00+03:00,0.7319676575801404,0.8612845973306359,0.39711120381425574,0.17867226002252112,0.33720658261940284,0.054714828035360784
2026-06-18 13:55:00+03:00,0.6824258799615934,0.7462382360419536,0.40340802010883575,0.1912630550588821,0.34218257962797655,0.06536318703952455
2026-06-18 14:00:00+03:00,0.698194631150757,0.7816483252006277,0.22392650071541625,-0.21751591031693862,0.3434037766318878,0.06796503592871309
2026-06-18 14:05:00+03:00,0.7422675824163845,0.8868003762830865,0.25312871543496407,-0.14026925538254886,0.33308175538256934,0.0458293468049725
2026-06-18 14:10:00+03:00,0.7684973341111316,0.9549863961497103,0.1760155581050085,-0.3618242061080367,0.33681730065227394,0.05387856373985419
2026-06-18 14:15:00+03:00,0.7256144723840633,0.8458558761285423,0.19425275794256355,-0.30376039082566286,0.33064972880412735,0.040564644251269925
2026-06-18 14:20:00+03:00,0.6750987099195693,0.7301081601560673,0.24303893774041452,-0.1662343904451941,0.3354006343652558,0.05083122054707768
2026-06-18 14:25:00+03:00,0.7301183621907587,0.8567700723173733,0.17688013579154524,-0.3589684079866574,0.32475963253452494,0.027731925966523928
2026-06-18 14:30:00+03:00,0.680701759294797,0.742425210197642,0.17954875501398015,-0.35022215230556736,0.3116995645700435,-0.0011644077333264511
2026-06-18 14:35:00+03:00,0.6589632631888951,0.69523228208996,0.24066554562023484,-0.1724473493412142,0.3352681583981654,0.05054593089208998
2026-06-18 14:40:00+03:00,0.5093628093277882,0.3970532966312675,0.20544066184592674,-0.27017109018517427,0.31214430260235854,-0.00016980207549361723
2026-06-18 14:45:00+03:00,0.5800491939865995,0.5340992908984542,0.23588896346248772,-0.18507956079272347,0.31814530511343214,0.013176316966486584
2026-06-18 14:50:00+03:00,0.5365303355868938,0.4493367173924335,0.19463465940543276,-0.3025901051893605,0.3138623381002182,0.0036651469761321935
2026-06-18 14:55:00+03:00,0.5312511034025822,0.43915396935296597,0.21789964016313582,-0.23432466377710875,0.3057508724000272,-0.014543881132469261
2026-06-18 15:00:00+03:00,0.5059696011208658,0.3905369451051561,0.25325783892931647,-0.13994148091751918,0.29685728541821427,-0.03482247169199788
2026-06-18 15:05:00+03:00,0.5347262301706269,0.44585524175807806,0.2912886544620363,-0.0476982523695883,0.29831020933702584,-0.03148613406317838
2026-06-18 15:10:00+03:00,0.5232687910470317,0.42378229669725215,0.23123729481417618,-0.19755252395394962,0.3041573309778466,-0.01815254446140261
2026-06-18 15:15:00+03:00,0.6325354122613468,0.6397608899069869,0.22885219689890593,-0.20401593403112683,0.3044890027522565,-0.017400581898738898
2026-06-18 15:20:00+03:00,0.5635955224440563,0.501840259060839,0.2856908729002214,-0.06078841243346822,0.3073818451601236,-0.010861334076765516
2026-06-18 15:25:00+03:00,0.5632034490508174,0.501075196526665,0.3061281701007696,-0.013691013701048721,0.3077661651245762,-0.009995169886276802
2026-06-18 15:30:00+03:00,0.5333768410683521,0.44325240672427285,0.2952536602973728,-0.038515837732814556,0.30379620839657934,-0.018971802634444743
2026-06-18 15:35:00+03:00,0.4741588972216663,0.32941715274868755,0.40637575703938417,0.19717488870393313,0.3026809251718486,-0.021505456177923214
2026-06-18 15:40:00+03:00,0.45281677435923856,0.2882152134397316,0.3782200243690484,0.14046821330084736,0.3017715191551576,-0.023575318750140236
2026-06-18 15:45:00+03:00,0.4385085098304291,0.2604137127525482,0.33620598412875313,0.05256435893156851,0.299702047574435,-0.02829881695851108
2026-06-18 15:50:00+03:00,0.364805247028004,0.11288916065532748,0.3328317499954011,0.045289043291745434,0.26864292983666377,-0.10164173760590244
2026-06-18 15:55:00+03:00,0.19325164002618742,-0.306836495209325,0.2986527372159541,-0.030700953274581305,0.2433876562623989,-0.1653250123391749
2026-06-18 16:00:00+03:00,0.10685204443606572,-0.640086533035592,0.1274574223640555,-0.5442434987447612,0.1521478325660558,-0.4454737975370168
2026-06-18 16:05:00+03:00,0.09809591709326151,-0.6858079154874249,0.10795252386967237,-0.634576600673808,0.14793440354024517,-0.46133302749128247
2026-06-18 16:10:00+03:00,0.09512326520643094,-0.7021576068438399,0.2153197293747666,-0.24162231251648875,0.15555594387410404,-0.43290742598376364
2026-06-18 16:15:00+03:00,0.11113400076842046,-0.618920350799821,0.15791363888172544,-0.42434503195038265,0.14707189267577853,-0.4646253455925462
2026-06-18 16:20:00+03:00,0.11074551654976067,-0.6208108896178449,0.20170066981693913,-0.2812436580788443,0.14347634464065148,-0.4785248483071484
2026-06-18 16:25:00+03:00,0.08296202761388148,-0.7742233282715719,0.24093343696333971,-0.17174399060255247,0.14308632870641091,-0.48004990137930614
2026-06-18 16:30:00+03:00,0.10831949999079113,-0.6327501858229775,0.07068575478422877,-0.8574709793051568,0.2224029812291328,-0.2217340899935528
2026-06-18 16:35:00+03:00,0.08202735287628916,-0.7801506761445081,0.11888450941329771,-0.5823579449164953,0.21995758139442304,-0.2285480610813014
2026-06-18 16:40:00+03:00,0.10183664458003414,-0.6658497938804274,0.10137925402854459,-0.6682548459889056,0.1831499203697721,-0.338579001809098
2026-06-18 16:45:00+03:00,0.1079961108867304,-0.6343593858018735,0.07845880774940871,-0.8033623605498389,0.1807566194555579,-0.34629682341768414
2026-06-18 16:50:00+03:00,0.14317776108379873,-0.4796920691320855,0.14203318162163336,-0.484185326438492,0.18338155683594012,-0.3378361962401397
2026-06-18 16:55:00+03:00,0.15272338159282495,-0.4433355702664595,0.10032807195066586,-0.6738188785214618,0.19591580712995763,-0.29867686796083814
2026-06-18 17:00:00+03:00,0.11194571409238664,-0.6149887757092176,0.09351957015605435,-0.7111686918444398,0.18403509696229106,-0.33574435531171337
2026-06-18 17:05:00+03:00,0.11452769379650146,-0.6026462271282703,0.1250305790402515,-0.55480395713013,0.19225584874148163,-0.3099082778173379
2026-06-18 17:10:00+03:00,0.11816720235239364,-0.585653388093984,0.12152931466771362,-0.5703538507116356,0.1882822454207753,-0.32228822528980705
2026-06-18 17:15:00+03:00,0.12177455683093787,-0.5692522103888813,0.10978432933893091,-0.6255135387030851,0.18798481530721564,-0.3232229084735589
2026-06-18 17:20:00+03:00,0.07335260302323453,-0.8383157460731834,0.11828099749365478,-0.5851294382249651,0.18500121653980575,-0.3326625263924419
2026-06-18 17:25:00+03:00,0.06193407534029323,-0.9254117360652824,0.08951728835982445,-0.7342774267756392,0.18560861853481772,-0.33073133763955886
2026-06-18 17:30:00+03:00,0.1100063357177008,-0.6244241685122605,0.10877315238221713,-0.6304998875372461,0.18261255687607494,-0.3403050157883372
2026-06-18 17:35:00+03:00,0.11581640708621252,-0.5965762839919364,0.15044592350849897,-0.4518356665112776,0.1822809931061318,-0.34137196849422685
2026-06-18 17:40:00+03:00,0.10417055546535238,-0.6537246168717756,0.11582763789994707,-0.5965236446301444,0.18228005480227233,-0.3413749900396062
2026-06-18 17:45:00+03:00,0.113250723665963,-0.6087198022349852,0.17957893786109555,-0.35012381308915247,0.18404513629478012,-0.33571226649082236
2026-06-18 17:50:00+03:00,0.13808649325912312,-0.49991450468444554,0.25651701983951747,-0.13170440679157275,0.1829150435524935,-0.3393329430019735
2026-06-18 17:55:00+03:00,0.1494109351807679,-0.4557335393873823,0.19443253513785008,-0.30320927057865654,0.1900871101236121,-0.31664055053469825
2026-06-19 09:55:00+03:00,0.6783087385961905,0.7371509146586792,0.1362050619944301,-0.5075459116785432,0.6276639094220279,0.6297285100273543
2026-06-19 10:00:00+03:00,0.5333654034212314,0.44323034874057887,0.4883530776475622,0.35670948700151084,0.5164998116571131,0.4107653988757646
2026-06-19 10:05:00+03:00,0.25757787437183965,-0.1290380874247364,0.4424232988803,0.26803805040685835,0.2972570762107997,-0.03390349814156372
2026-06-19 10:10:00+03:00,0.14932411144037402,-0.4560615369304325,0.548743073128494,0.4729575480503189,0.292121537676884,-0.04576336170897734
2026-06-19 10:15:00+03:00,0.21340735728127982,-0.2470727627616274,0.6331058162190153,0.6409391845838129,0.2834357464516752,-0.06610524205262797
2026-06-19 10:20:00+03:00,0.6795834974453819,0.7399579343367139,0.6418970315614677,0.6591994778458525,0.30961534625394393,-0.00583592328211963
2026-06-19 10:25:00+03:00,0.30499425565005095,-0.016255962492067438,0.6783335962515182,0.737205595166187,0.29067092561109736,-0.04913541791476111
2026-06-19 10:30:00+03:00,0.2121700428380305,-0.2506182131468439,0.5694500106195178,0.5132832859044756,0.29686062429527044,-0.03481479386977603
2026-06-19 10:35:00+03:00,0.2352557411335653,-0.18676738009822863,0.5917227649571107,0.5571945967269316,0.2937604774956065,-0.041965332747858325
2026-06-19 10:40:00+03:00,0.12943469024009666,-0.5357656006750158,0.6089637879545643,0.5916898119130178,0.24647352921234073,-0.15731592835565286
2026-06-19 10:45:00+03:00,0.35742584255280907,0.09753611864886941,0.8661141156856683,1.275226185838738,0.2598220768388669,-0.12342109334091697
2026-06-19 10:50:00+03:00,0.339339002864568,0.05928737362377225,0.8200914875389606,1.1072009736512465,0.27016560420472246,-0.09792846741678167
2026-06-19 10:55:00+03:00,0.35797980357736325,0.09869343242477106,0.8484496265835881,1.2058505695098412,0.27696348780873375,-0.08150880549735139
2026-06-19 11:00:00+03:00,0.3586886364542287,0.10017314384131408,0.8217497597559923,1.1126152683085881,0.27060980741360846,-0.09684769833878754
2026-06-19 11:05:00+03:00,0.27581745563234145,-0.08425923280299033,0.2194840760068483,-0.229873726858489,0.29260634277671604,-0.044638591716054395
2026-06-19 11:10:00+03:00,0.24112819576645345,-0.1712329791546592,0.19673447837048266,-0.2961863827220258,0.28902376205120733,-0.052976439962762106
2026-06-19 11:15:00+03:00,0.28792925820636334,-0.0555358992020609,0.2417254301601996,-0.16966769848240115,0.290001386440257,-0.050695159181296336
2026-06-19 11:20:00+03:00,0.3794508137954959,0.1429786947443942,0.2992177119035869,-0.02940698366214503,0.2986768034319489,-0.03064580544990146
2026-06-19 11:25:00+03:00,0.3785201583366081,0.14108070004466727,0.29447627862018694,-0.040310444279374524,0.2989020326205752,-0.030129815500433393
2026-06-19 11:30:00+03:00,0.26066008088553566,-0.1213317463500822,0.313663461762995,0.003221806311291278,0.2944557793662277,-0.040357804656832946
2026-06-19 11:35:00+03:00,0.3996396609412179,0.18373597023511848,0.27654818200116305,-0.08250470741892185,0.3293496962528634,0.03774238876635716
2026-06-19 11:40:00+03:00,0.5181939790144966,0.4140220407647482,0.3810209379588071,0.14617674417845672,0.337577255626736,0.055510675465204024
2026-06-19 11:45:00+03:00,0.4393610612724176,0.26207535525110986,0.4809330109153,0.34244960533288593,0.3360628609376017,0.0522565032986976
2026-06-19 11:50:00+03:00,0.4355511663630413,0.2546442297553105,0.4947849923977057,0.369062132981201,0.3344817538923291,0.04885124036849888
2026-06-19 11:55:00+03:00,0.4288041704885455,0.2414472941000845,0.4696911617467283,0.32081213004937986,0.3343664571715485,0.04860261122811686
2026-06-19 12:00:00+03:00,0.5039331743921422,0.3866267160344299,0.5708529185000095,0.5160308890287384,0.34179350607962605,0.06453330328715333
2026-06-19 12:05:00+03:00,0.40320708442124875,0.19086228024871468,0.42751029802411133,0.2389107521479958,0.3359109762817864,0.05192973107671547
2026-06-19 12:10:00+03:00,0.6228347513185992,0.6198359073526559,0.6933838617418492,0.7707389640606874,0.370693070649641,0.12504404794222332
2026-06-19 12:15:00+03:00,0.40830807195762564,0.20101678343217802,0.594572917074569,0.5628635135204929,0.3438949390120039,0.06901024682345318
2026-06-19 12:20:00+03:00,0.5953217028467106,0.5643549263782089,0.5848681328928641,0.5436101753337512,0.3591013937053152,0.10103419389065435
2026-06-19 12:25:00+03:00,0.6220992147782439,0.6183335843167383,0.6706147568020102,0.7203304805225319,0.36416909538417,0.11157095127903693
2026-06-19 12:30:00+03:00,0.545111006958902,0.46592215384831753,0.6068261187370398,0.5873851347010531,0.37823788901228284,0.14050467520194512
2026-06-19 12:35:00+03:00,0.7037834055630386,0.7944467937697458,0.5710697781897659,0.5164558078221434,0.39076087071379,0.16590523154652176
2026-06-19 12:40:00+03:00,0.7487571868580345,0.9032193188781533,0.7217841599911295,0.8366613444024185,0.3860993515542362,0.15648627652638086
2026-06-19 12:45:00+03:00,0.6274677541831247,0.6293256804598897,0.6926585358390722,0.7691024917454564,0.38891377061628446,0.1621779497291294
2026-06-19 12:50:00+03:00,0.5435051402955992,0.4628145618908696,0.6780279946720784,0.7365335036660773,0.3429316692316797,0.0669597023957785
2026-06-19 12:55:00+03:00,0.45051473550571614,0.28375371086628925,0.7077146569961883,0.8035333171238743,0.33862074800688835,0.057748792766452735
2026-06-19 13:00:00+03:00,0.5962241735010257,0.5661536204405405,0.650367417729506,0.6769817241711887,0.3534147693852569,0.08913232412014238
2026-06-19 13:05:00+03:00,0.6435903613856482,0.6627390818019678,0.6873707398025353,0.7572362454404529,0.3556414155315187,0.09380272875348342
2026-06-19 13:10:00+03:00,0.6020899985570652,0.5778769360850764,0.7100658478247863,0.8090020176889567,0.3564573305622714,0.09551082567308812
2026-06-19 13:15:00+03:00,0.3864870085591032,0.15727115045274984,0.4049437934582917,0.1943240970114688,0.3328913232411865,0.045417809497249724
2026-06-19 13:20:00+03:00,0.36158367616316234,0.10620335084901285,0.477546837986096,0.3359370659334534,0.3347308648433457,0.04938828485070873
2026-06-19 13:25:00+03:00,0.40973245762154603,0.20384518294053536,0.5347487014704445,0.4458985948151308,0.3411762287604576,0.06321573414669214
2026-06-19 13:30:00+03:00,0.5500421816840775,0.4754763545629128,0.3593242089100661,0.10149882622542718,0.35684492162643316,0.09632162591904012
2026-06-19 13:35:00+03:00,0.5290426668634938,0.4348984012308742,0.3782313641775568,0.14049135803247112,0.3514509232195367,0.08500206452212293
2026-06-19 13:40:00+03:00,0.5248305906945905,0.42678783193223135,0.48902185658383657,0.35799416782169413,0.3477792225579763,0.07725138321754091
2026-06-19 13:45:00+03:00,0.5088391054038216,0.3960474772559794,0.48018184174023,0.34100521280213275,0.3421533983736019,0.06530095990473903
2026-06-19 13:50:00+03:00,0.5015388932437921,0.3820296663213143,0.3453165862548477,0.0720315714024903,0.33236917754511575,0.044288810027492076
2026-06-19 13:55:00+03:00,0.5522688298740269,0.4797966409431824,0.5357945215458481,0.447916561310703,0.343310340895696,0.06776612072354395
2026-06-19 14:00:00+03:00,0.47750868075821973,0.33586365762774917,0.4540429507010077,0.29059001523889233,0.34215441738432073,0.06530313292200426
2026-06-19 14:05:00+03:00,0.5492273331981722,0.47389631435879664,0.4724545706210256,0.32613557250740893,0.33842464211906687,0.057328435913041084
2026-06-19 14:10:00+03:00,0.3831515722149846,0.1505083678933221,0.47268544286737363,0.3265801740728339,0.3200992483647883,0.017492669883326494
2026-06-19 14:15:00+03:00,0.3919185272032499,0.16823805192235877,0.42057406286762594,0.22527867289889827,0.3198253779356952,0.016888521550645373
2026-06-19 14:20:00+03:00,0.3295189489527516,0.038110141301658296,0.31605269088177335,0.008537919429127294,0.31793863759561164,0.012718954648926972
2026-06-19 14:25:00+03:00,0.34929943187644025,0.08046500042306752,0.2771020200687784,-0.0811768105965037,0.31585967940625764,0.008109269666589645
2026-06-19 14:30:00+03:00,0.24984102806092545,-0.14865251856395903,0.22718309903150374,-0.20856725781419277,0.31388806404158265,0.003722484823413282
2026-06-19 14:35:00+03:00,0.300828513376046,-0.025725400446028147,0.17145983870373205,-0.37705757457076516,0.30560925271832046,-0.014864159125506418
2026-06-19 14:40:00+03:00,0.5381659050449181,0.4524945532629844,0.29446295352910073,-0.040341229637010506,0.327921235381349,0.034634780523868584
2026-06-19 14:45:00+03:00,0.4147570771482595,0.2137989163433356,0.22080986776920905,-0.22616708084784753,0.33178418229132395,0.04302285677174886
2026-06-19 14:50:00+03:00,0.3713729511020184,0.12644241914639168,0.23288624520821125,-0.19311123149589488,0.3290709981843005,0.03713662348987581
2026-06-19 14:55:00+03:00,0.29225259260989384,-0.04545920028997882,0.35167056444175915,0.0854645247801204,0.3217241902571635,0.021071630730014786
2026-06-19 15:00:00+03:00,0.3376729765227329,0.0557161217929343,0.23612624392952047,-0.18444790975479408,0.3028615398942769,-0.021094785703755923
2026-06-19 15:05:00+03:00,0.33093896905925974,0.041191794073721796,0.6720125314249402,0.7233710905279369,0.28089366893546147,-0.07212936400893827
2026-06-19 15:10:00+03:00,0.2652782528478501,-0.10989457988688912,0.39740546586206804,0.17926213539597768,0.3012982212982317,-0.024653973753237524
2026-06-19 15:15:00+03:00,0.1897671873215476,-0.31763862830215245,0.1973650947764134,-0.29427331119158195,0.2598755918392389,-0.12328753698465192
2026-06-19 15:20:00+03:00,0.15085614040681455,-0.4502968539253168,0.1521958459023218,-0.4452951693507552,0.2428090364951743,-0.1668344048688899
2026-06-19 15:25:00+03:00,0.11511463310341827,-0.5998743670914352,0.21926295121906209,-0.23049351064790707,0.2356381532945011,-0.1857477061875002
2026-06-19 15:30:00+03:00,0.15737927003624352,-0.4262765247577997,0.14880858691479693,-0.45801230040883323,0.23571694198812632,-0.1855377642004625
2026-06-19 15:35:00+03:00,0.19075989851639133,-0.3145458080299462,0.21845798196765037,-0.23275353943913452,0.24486137342465322,-0.1614916157996615
2026-06-19 15:40:00+03:00,0.12127721504751258,-0.5714882935189844,0.18196605290221932,-0.34238682505088663,0.23077329191196233,-0.19880625897889342
2026-06-19 15:45:00+03:00,0.22684224592283142,-0.2094995994452015,0.3549105772081741,0.09227124656407576,0.24962217088595742,-0.14921318025794542
2026-06-19 15:50:00+03:00,0.01755633188874229,-1.552697572461253,0.5235929972821907,0.424406126859791,0.32152745428604146,0.02063882421033516
2026-06-19 15:55:00+03:00,0.037957920793973816,-1.172524007330763,0.33907769804458193,0.05872781372346547,0.13304034611886426,-0.5205853391068483
2026-06-19 16:00:00+03:00,0.030959616617112523,-1.2738219011230687,0.48794556390466987,0.35592664063791823,0.1166421939544307,-0.592717552175792
2026-06-19 16:05:00+03:00,0.041553570849824396,-1.1272852594858602,0.4811266811964696,0.342821978870943,0.12463998424829091,-0.5565200067490308
2026-06-19 16:10:00+03:00,0.05718065743818808,-0.9661671631442251,0.5192509301768654,0.41605418562941776,0.11421950699196429,-0.6041066147894125
2026-06-19 16:15:00+03:00,0.0862515751855208,-0.7538339693625611,0.37809614328146546,0.14021535229615,0.1208491062110306,-0.5734194396735276
2026-06-19 16:20:00+03:00,0.09066579618272161,-0.7275524959776655,0.35436687533800515,0.0911309913687672,0.13300288352062103,-0.5207412576039501
2026-06-19 16:25:00+03:00,0.12939193317981784,-0.5359477581915252,0.363209537262637,0.10958072734068788,0.15568327440945157,-0.4324423109741781
2026-06-19 16:30:00+03:00,0.10830742883610923,-0.63281017658631,0.3928837741229411,0.17018127028939253,0.15753776382449575,-0.4257030886235534
2026-06-19 16:35:00+03:00,0.10222561858627467,-0.6638120138702718,0.7473361170951243,0.8996002428721861,0.11876092251494107,-0.5829244971135764
2026-06-19 16:40:00+03:00,0.4645036586009367,0.3108089682849284,0.4531543168181051,0.2888690594962417,0.29081684763254245,-0.048795763398990735
2026-06-19 16:45:00+03:00,0.3296769575177522,0.03845337587412225,0.5880028099931502,0.5498140236818526,0.28417554719764987,-0.06435824064225856
2026-06-19 16:50:00+03:00,0.47596009845973664,0.3328840011645743,0.44383965881727006,0.27079303326532767,0.2978396796314491,-0.03256558057278942
2026-06-19 16:55:00+03:00,0.41118467611755766,0.2067257559832569,0.6891640352594108,0.7612480849096493,0.31088043392136777,-0.00299833469308091
2026-06-19 17:00:00+03:00,0.15871469370818952,-0.4214595161348353,0.07023276018407898,-0.8607908269426477,0.29256185874769697,-0.044741751115569085
2026-06-19 17:05:00+03:00,0.18367495835884937,-0.33689636783181204,0.069112323841607,-0.8690879710230295,0.2920565168212739,-0.04591429638379859
2026-06-19 17:10:00+03:00,0.1796669272981736,-0.3498372069554344,0.07409480913391175,-0.8330988709024074,0.28064943341971815,-0.07270988657733264
2026-06-19 17:15:00+03:00,0.21536032192508986,-0.24150700163104416,0.03992919887292752,-1.1472378561030978,0.2823357857333634,-0.06870784778667596
2026-06-19 17:20:00+03:00,0.20165577157413636,-0.2813775093794061,0.03980261621431255,-1.148825200800506,0.2770439146576465,-0.08131604872823996
2026-06-19 17:25:00+03:00,0.19972769096846216,-0.2871466927321749,0.08323627429737024,-0.772495689217288,0.29366649163874226,-0.042182797030217906
2026-06-19 17:30:00+03:00,0.21970890824334843,-0.22924401158354296,0.08523157575326187,-0.7600795729361219,0.2744321570375434,-0.08759335364153138
2026-06-19 17:35:00+03:00,0.21453531651079774,-0.24385369251691513,0.08996931761879336,-0.7316214047068197,0.288074332790085,-0.055196315002631495
2026-06-19 17:40:00+03:00,0.2535563920411879,-0.13918403920575875,0.0298324574725182,-1.2921810432114602,0.32093405472023573,0.01933253821449046
2026-06-19 17:45:00+03:00,0.19412884082421872,-0.3041404932806478,0.05452687380024024,-0.9903262875477385,0.32338384394246017,0.024717249867167904
2026-06-19 17:50:00+03:00,0.1572506954898678,-0.42674205713423413,0.028975419040234696,-1.3065960995726644,0.31588134059990197,0.008157382974887715
2026-06-19 17:55:00+03:00,0.1993101724429908,-0.28840148239249874,0.03266302511732608,-1.247269252925767,0.33939071701535267,0.059398089801746046
2026-06-22 09:55:00+03:00,0.14653329492922526,-0.46668935618926777,0.003548169971730666,-2.326985384236976,0.2717709962849824,-0.09402772369222373
2026-06-22 10:00:00+03:00,0.18460785895852888,-0.3339157931032394,0.03985728277219601,-1.148139090227515,0.30931561763094867,-0.006509149259076645
2026-06-22 10:05:00+03:00,0.2186258550546977,-0.23228172537316924,0.04282429846897646,-1.1121901682408915,0.31806179542517704,0.01299152625090727
2026-06-22 10:10:00+03:00,0.2078804690554825,-0.26302821344830923,0.03750474539824475,-1.1785150592170366,0.3194003640214908,0.015950413041871184
2026-06-22 10:15:00+03:00,0.21187458571124992,-0.2514670598480362,0.027321939164155852,-1.3356157852450743,0.31177823184671377,-0.0009884209211746087
2026-06-22 10:20:00+03:00,0.22680435167140175,-0.2096033133870211,0.03484682536565145,-1.2151204256158674,0.3028609516014022,-0.021096123102423814
2026-06-22 10:25:00+03:00,0.19963787209887135,-0.28741646359502343,0.03884675604007455,-1.1609703609018043,0.3068330951743706,-0.012099128659799466
2026-06-22 10:30:00+03:00,0.2303008528244023,-0.2000846028579873,0.037145103142376096,-1.1833193082714875,0.3205378747185838,0.018459694401925922
2026-06-22 10:35:00+03:00,0.21881062270839707,-0.23176272997543504,0.032193800176749804,-1.254447358652767,0.31507726237563094,0.006370190815244192
2026-06-22 10:40:00+03:00,0.24520186483944642,-0.16060815851519375,0.056081601444302444,-0.9760419139674947,0.3247759532721665,0.02776764863630882
2026-06-22 10:45:00+03:00,0.25112925700684774,-0.14535898715943915,0.06348594124592753,-0.9127383004295033,0.32551540873640283,0.029385186182075657
2026-06-22 10:50:00+03:00,0.2090224946776796,-0.25970602376949475,0.04664556529598873,-1.0692444961154155,0.3263196042515181,0.031142184327960624
2026-06-22 10:55:00+03:00,0.2823425748752613,-0.06869176524342932,0.10338733187435546,-0.6577665902586889,0.3427056678390309,0.06647820751539096
2026-06-22 11:00:00+03:00,0.3173477347899386,0.01141038965456861,0.01906834635094521,-1.5123040789430955,0.345071535413654,0.0715112034825894
2026-06-22 11:05:00+03:00,0.36632378707303703,0.11603187892388118,0.012195000933839224,-1.7302118901890016,0.287957920755041,-0.05546879909407889
2026-06-22 11:10:00+03:00,0.3235742810230545,0.025134940114590047,0.013622052477696002,-1.6764006506815046,0.30566452327711896,-0.014739152890599082
2026-06-22 11:15:00+03:00,0.3373982151285746,0.055126323066023476,0.020071202086519694,-1.4872106857203933,0.28927625271133073,-0.05238681698991853
2026-06-22 11:20:00+03:00,0.33055565100923007,0.04036059875458948,0.021202869354796556,-1.4603284979653515,0.279905061163798,-0.07448108625704297
2026-06-22 11:25:00+03:00,0.3367808569960253,0.053800250326315295,0.01929236810994333,-1.5065882473124415,0.3121839418626665,-8.119101006424325e-05
2026-06-22 11:30:00+03:00,0.28792253489148945,-0.05555163931194626,0.012511746348605276,-1.7177502013157622,0.33951067389539963,0.05965487704860752
2026-06-22 11:35:00+03:00,0.3196823589223689,0.01657291782354607,0.02277738024324289,-1.425173544533982,0.35376780215895437,0.08987369670890237
2026-06-22 11:40:00+03:00,0.2843749259850398,-0.06388788742505201,0.02565262584902175,-1.366699223938395,0.3415706804981197,0.06405781765200423
2026-06-22 11:45:00+03:00,0.24773996232922402,-0.1540485816512464,0.04738968590763009,-1.0612730586939478,0.352795566825321,0.08783118031095666
2026-06-22 11:50:00+03:00,0.29436722142595656,-0.04056242625561422,0.053305620366067376,-1.001818518855527,0.35835625039262003,0.09947943817550732
2026-06-22 11:55:00+03:00,0.16358898888485454,-0.4041513362488285,0.04535736005152344,-1.0833348863972534,0.3239447754049192,0.025947187221706226
2026-06-22 12:00:00+03:00,0.26690030603277953,-0.10590776801036017,0.04191790058480422,-1.1229127161445536,0.3358307097585404,0.051757012189943455
2026-06-22 12:05:00+03:00,0.13232801757041077,-0.5235564240506256,0.0867428137218822,-0.7508498800478891,0.2925105149651109,-0.04486082986451846
2026-06-22 12:10:00+03:00,0.1738801722264869,-0.36892523118182396,0.13010678142800533,-0.5329090046583633,0.2937604017105583,-0.04196550808277408
2026-06-22 12:15:00+03:00,0.16489867921211432,-0.399571687997623,0.1584360331973033,-0.42246194788289104,0.2916047483724964,-0.046963544449772375
2026-06-22 12:20:00+03:00,0.1931865164491875,-0.3070370175903338,0.21404645741486736,-0.24524732604768862,0.30540353373749585,-0.015329548056536597
2026-06-22 12:25:00+03:00,0.18671893506501946,-0.32721374213942694,0.17888956417956756,-0.3523731014781995,0.29134308692645494,-0.047571699681513674
2026-06-22 12:30:00+03:00,0.19597397066851732,-0.298499668949403,0.2661755208005774,-0.10768728896655017,0.2890488603883745,-0.052917815975755594
2026-06-22 12:35:00+03:00,0.27746003470472375,-0.08031929614978763,0.32190800523024665,0.02147588617752695,0.30331656977504756,-0.02006078063437823
2026-06-22 12:40:00+03:00,0.22256078919523326,-0.22129621111880782,0.2569098709171434,-0.13071618744836402,0.30661166039823623,-0.012598959933262323
2026-06-22 12:45:00+03:00,0.20902814216578214,-0.2596896282917104,0.30335971903885683,-0.01996277420627668,0.3073173335341977,-0.011006786675228454
2026-06-22 12:50:00+03:00,0.2564842897680071,-0.1317867841980045,0.0586901297689008,-0.9528915714366322,0.30747324441271323,-0.0106552877467388
2026-06-22 12:55:00+03:00,0.22428858104761507,-0.21651642311527391,0.04928847228512983,-1.0414587517747325,0.3044920226219801,-0.017393737400556903
2026-06-22 13:00:00+03:00,0.23628393938169326,-0.18402836007319062,0.05650131328279756,-0.9722496115071253,0.3044920226219801,-0.017393737400556903
2026-06-22 13:05:00+03:00,0.25082924382026334,-0.1461250051080295,0.060890234278559996,-0.934104245290176,0.3061048083595801,-0.013743804975410352
2026-06-22 13:10:00+03:00,0.18529853650317363,-0.33171660899421296,0.06119673373261481,-0.9315375400466039,0.2963099997066121,-0.036081642867289966
2026-06-22 13:15:00+03:00,0.22467124763726015,-0.21546135543504844,0.07650039050634554,-0.8165144106296575,0.29747469329735166,-0.03340357543880683
2026-06-22 13:20:00+03:00,0.13810766762019439,-0.49982911651667283,0.06641714603854086,-0.8895685286845543,0.23794964775177474,-0.17960848258534512
2026-06-22 13:25:00+03:00,0.24093773598988083,-0.17173270770167232,0.0960544631635391,-0.6969874686621267,0.2544303914886082,-0.13697004425221002
2026-06-22 13:30:00+03:00,0.22053936688845718,-0.22692204747030106,0.1322014469312183,-0.5240857606517484,0.24901842142617658,-0.1507615505875084
2026-06-22 13:35:00+03:00,0.20036123185964494,-0.28524643375378245,0.1296922392522823,-0.5346694491890479,0.2533162238607244,-0.13979330952711636
2026-06-22 13:40:00+03:00,0.1460838637636185,-0.4684164781097031,0.049301076351523955,-1.041329661314506,0.25741587252608056,-0.1294447928401866
2026-06-22 13:45:00+03:00,0.23864282064088305,-0.17777545603550501,0.07773340947336455,-0.808198452898552,0.28296362687799376,-0.0672215688657555
2026-06-22 13:50:00+03:00,0.2303241257352841,-0.2000215871229658,0.08761599657226449,-0.7455831699749647,0.2856842273183641,-0.06080404332343225
2026-06-22 13:55:00+03:00,0.22272371301323987,-0.22084436942172372,0.1200740755645266,-0.5769305705757946,0.2754692587057303,-0.0850962901796625
2026-06-22 14:00:00+03:00,0.16399320510797954,-0.40273476287261323,0.28171698412424057,-0.07017469057597145,0.2760493591069274,-0.08370210515728049
2026-06-22 14:05:00+03:00,0.20007641003028767,-0.2861001773910086,0.23837785339406603,-0.1784757030054529,0.2748329293261318,-0.08662770773018243
2026-06-22 14:10:00+03:00,0.18954494532455468,-0.3183327254760981,0.17587538442656406,-0.362288253861457,0.27800711638111214,-0.07901024477008523
2026-06-22 14:15:00+03:00,0.20182366906209426,-0.2808770849383458,0.21423722364480413,-0.24470321687106167,0.2624054329347034,-0.11699406960392804
2026-06-22 14:20:00+03:00,0.17753906173368067,-0.35679925196076295,0.1684331375039652,-0.3873564807559702,0.27803415269496806,-0.07894559367397154
2026-06-22 14:25:00+03:00,0.11658410118603507,-0.5929882307376716,0.2365847693551872,-0.18322853609675294,0.26522553080460964,-0.11002442496616938
2026-06-22 14:30:00+03:00,0.15029555006629272,-0.452400614687272,0.21622930046799366,-0.23904227338783052,0.2755843790303057,-0.08481947108281117
2026-06-22 14:35:00+03:00,0.1374559524477512,-0.5024622913440082,0.457154953717923,0.2966124211929371,0.27313788122849614,-0.09071786995642211
2026-06-22 14:40:00+03:00,0.0807897398409444,-0.7880945143803469,0.39066665971931686,0.16571527610475606,0.22003956615125825,-0.22831873783387452
2026-06-22 14:45:00+03:00,0.06413018398222066,-0.9075617224678623,0.49651491227493383,0.3723837496839096,0.22511401161903666,-0.21424218187673016
2026-06-22 14:50:00+03:00,0.09173177637183418,-0.721379074860188,0.44204681694926734,0.2673054451913242,0.23642154968274176,-0.18366240502871115
2026-06-22 14:55:00+03:00,0.08225333821357232,-0.7787119506626137,0.42600900195550556,0.23596513136316818,0.2288977502745178,-0.20389204647413162
2026-06-22 15:00:00+03:00,0.07482125900357775,-0.8280390937669395,0.36041514388255075,0.10377191129527742,0.2561569358892527,-0.1326110712697351
2026-06-22 15:05:00+03:00,0.06626980950722774,-0.8907102377963605,0.3069137074539823,-0.011917217383575693,0.23536577863028627,-0.1864738557239364
2026-06-22 15:10:00+03:00,0.06809907092238986,-0.8766993209286091,0.2397809052771168,-0.17477381339510595,0.23221343436811165,-0.19492072580533917
2026-06-22 15:15:00+03:00,0.08466977632046978,-0.76354855161415,0.23903562553122729,-0.17673834527403265,0.23061771260633143,-0.19922702888520685
2026-06-22 15:20:00+03:00,0.07020659799784647,-0.8609831649336787,0.25964864105714436,-0.12385405641771838,0.23129243249060366,-0.19740365905606555
2026-06-22 15:25:00+03:00,0.08657327830577076,-0.7518780111377951,0.179588641638443,-0.35009219979978823,0.2313784549315493,-0.1971714586576303
2026-06-22 15:30:00+03:00,0.08799298915885365,-0.7433239476038289,0.38905205040001795,0.16245720735714003,0.29216768811023075,-0.04565624342950629
2026-06-22 15:35:00+03:00,0.07599627211152504,-0.8199498212649294,0.35066881239047876,0.0833542328548387,0.3051880483411293,-0.015817219514049262
2026-06-22 15:40:00+03:00,0.0921640394769846,-0.7188940741982592,0.3213963666444722,0.02035036246302499,0.25766977795922064,-0.12880743785699728
2026-06-22 15:45:00+03:00,0.06133118295266884,-0.9304154179017707,0.34368997077108115,0.06857415368726058,0.2568627735113788,-0.13083460906322247
2026-06-22 15:50:00+03:00,0.06895503816043556,-0.8702626645899239,0.3948011490656796,0.17403631918362447,0.25629243002352114,-0.1322698092125483
2026-06-22 15:55:00+03:00,0.08905125727864707,-0.7370284116789616,0.43115874415159655,0.2460583956171748,0.3051004210376332,-0.0160155867053031
2026-06-22 16:00:00+03:00,0.12472922666488337,-0.5561275207539043,0.4260067692920239,0.23596074878235446,0.25333747766159737,-0.13973937646512652
2026-06-22 16:05:00+03:00,0.1848013076721595,-0.3332991932257208,0.4979334986967659,0.3751074523438089,0.3376024767435098,0.055564810469076784
2026-06-22 16:10:00+03:00,0.15349632014065132,-0.44047438640815223,0.4829390439269557,0.34630612992787596,0.3344493437925754,0.04878135461301489
2026-06-22 16:15:00+03:00,0.23997937023585839,-0.17425137183763376,0.46115567416698217,0.30434525449041006,0.3239235463307037,0.0259006590977044
2026-06-22 16:20:00+03:00,0.2512667325685964,-0.14500817666821006,0.5673496884277409,0.509173858543124,0.31475221579042084,0.005647024391950808
2026-06-22 16:25:00+03:00,0.1534272494640266,-0.4407295843291328,0.3296394770189814,0.03837196631653418,0.2455258855434235,-0.15976820582475162
2026-06-22 16:30:00+03:00,0.19668373281376456,-0.29634052825508517,0.4277440390882446,0.23936912718006717,0.248589783581214,-0.15186235479343793
2026-06-22 16:35:00+03:00,0.14531968509692159,-0.4713632848015593,0.3616253255459102,0.10628995030310104,0.2642575212036481,-0.11241140155286723
2026-06-22 16:40:00+03:00,0.3910549152414596,0.16649800116207883,0.552518436252224,0.4802811936197872,0.264483466554547,-0.11185375177245348
2026-06-22 16:45:00+03:00,0.27907062560634366,-0.07647001416357235,0.3482636443320454,0.07827612543015766,0.2517480501957251,-0.14378095269745447
2026-06-22 16:50:00+03:00,0.24764972097909962,-0.1542810291163334,0.416551518821352,0.21734507352231308,0.2501588939301932,-0.14783880239598934
2026-06-22 16:55:00+03:00,0.5109865393982874,0.4001720735586101,0.43541600528408086,0.25438033332432125,0.532420471659807,0.44140823950607205
2026-06-22 17:00:00+03:00,0.5568031888864831,0.48860727031391893,0.4817079662712126,0.34393956172636997,0.5673379705653752,0.5091509451512166
2026-06-22 17:05:00+03:00,0.5654156189453188,0.505393906410351,0.530551173337769,0.43780498499561554,0.5837031106029525,0.5413079679416434
2026-06-22 17:10:00+03:00,0.6203485207413842,0.6147624159024994,0.5312450549599678,0.4391423111030817,0.5754613074151542,0.5250724004075965
2026-06-22 17:15:00+03:00,0.6730748182858224,0.7256863434857099,0.6824311027342845,0.7462498033598324,0.5847555242268834,0.5433875672537752
2026-06-22 17:20:00+03:00,0.4454719957334139,0.2739659175489617,0.49475696195107727,0.3690083100012361,0.2730217664745431,-0.09099863387970916
2026-06-22 17:25:00+03:00,0.3812985408828969,0.14674164043626187,0.4065335916874453,0.19748891539810676,0.2596431431594889,-0.1238677843754438
2026-06-22 17:30:00+03:00,0.4089797466522256,0.20235090433078698,0.49946982925630046,0.37805715445512544,0.2881145121369355,-0.05510228296315629
2026-06-22 17:35:00+03:00,0.40824096269393995,0.20088344966296798,0.5226949128024934,0.42267814557779715,0.2656339319486188,-0.10901903550105192
2026-06-22 17:40:00+03:00,0.228891636496191,-0.2039086725784198,0.5677656067551551,0.5099872509475696,0.2817901903950449,-0.07000105624638411
2026-06-22 17:45:00+03:00,0.5475426023943948,0.47063113347832874,0.7135950955675603,0.8172603406653067,0.289456731363914,-0.051965545413345395
2026-06-22 17:50:00+03:00,0.5382361331226488,0.4526301794412918,0.7189434981031304,0.8298926115133629,0.2866323696365087,-0.05857614277163486
2026-06-22 17:55:00+03:00,0.3565097155417383,0.09562043256795442,0.6752053817190885,0.730341612440946,0.2756317736350143,-0.08470552652296767
2026-06-23 09:55:00+03:00,0.7256928659215663,0.8460448848921742,0.8325197008442619,1.148779301546334,0.5180438816123831,0.4137334821255417
2026-06-23 10:00:00+03:00,0.6681580970004295,0.7150022971185369,0.7683014722026865,0.9544581290818984,0.4922922385753191,0.3642753576607556
2026-06-23 10:05:00+03:00,0.661961728239026,0.7016502187035082,0.8205895661581689,1.1088230977235205,0.4781864952041714,0.337167588084027
2026-06-23 10:10:00+03:00,0.6704230140951474,0.7199138917598993,0.7551599571014671,0.9196971024659263,0.5119271822957436,0.4019790113871423
2026-06-23 10:15:00+03:00,0.7170957191928187,0.8255120861007605,0.7773681616961701,0.9792492531239734,0.4986002970245122,0.3763876882514343
2026-06-23 10:20:00+03:00,0.7789036968757028,0.9835184770392122,0.7102017909998788,0.8093190108549682,0.5326731249304586,0.4418953856236958
2026-06-23 10:25:00+03:00,0.809578590071765,1.073749106444289,0.6519516755932431,0.6803293923668409,0.5270366209379322,0.43103473464635583
2026-06-23 10:30:00+03:00,0.8503549785071919,1.213000117961345,0.6012568401175288,0.5762083145844482,0.5558697649736469,0.48679209730196166
2026-06-23 10:35:00+03:00,0.8524857631054392,1.2210849842476659,0.6712818170836021,0.721780728331209,0.5750749128122462,0.5243133403580733
2026-06-23 10:40:00+03:00,0.7994034372133444,1.0426918370800857,0.5777707851818411,0.5296131103743321,0.6019518833240141,0.5776002419248271
2026-06-23 10:45:00+03:00,0.8353021933972887,1.1584222999120568,0.5790648165611303,0.532160242039215,0.6097086656877159,0.5931917609002106
2026-06-23 10:50:00+03:00,0.7570832666521301,0.9247033948266495,0.6200741003734423,0.614203218846558,0.6031198372378117,0.5799411013082593
2026-06-23 10:55:00+03:00,0.842392733453789,1.1836018869753677,0.6012116397828977,0.57611782255822,0.6391205281467383,0.6534116355092853
2026-06-23 11:00:00+03:00,0.7840166949293651,0.9978893868909834,0.5595118497371634,0.4938791045553422,0.6486548822968282,0.6733708726848948
2026-06-23 11:05:00+03:00,0.7967655926943831,1.034834671227357,0.5738800381944626,0.5219671824683929,0.6698985907553637,0.7187751348603635
2026-06-23 11:10:00+03:00,0.9223513085466276,1.5669160571903615,0.5737019562118605,0.5216176609916456,0.6957092615744981,0.7760001428697758
2026-06-23 11:15:00+03:00,0.8792480816375909,1.3320087773479732,0.5984875922135767,0.5706705312964586,0.744364172548922,0.8920747781837751
2026-06-23 11:20:00+03:00,0.7953295855263395,1.0305892536509071,0.6105895365275283,0.5949692546743244,0.6341455635722256,0.6430889965778188
2026-06-23 11:25:00+03:00,0.74710928907694,0.8990238231586782,0.6259413817776818,0.6261940128682191,0.659963062399992,0.6973692038079268
2026-06-23 11:30:00+03:00,0.7411837097679603,0.8840846599844974,0.6389077136663053,0.6529688119238,0.5728619687897567,0.5199695219529796
2026-06-23 11:35:00+03:00,0.43111356519369554,0.245969977011617,0.5719987010709707,0.5182765634103147,0.4689732267051674,0.31942852426580515
2026-06-23 11:40:00+03:00,0.3862840727163971,0.15686031061918732,0.5244335056352603,0.4260235931335143,0.35662976974524085,0.09587159902235404
2026-06-23 11:45:00+03:00,0.28959404673779215,-0.05164512942289893,0.545116423043548,0.46593263781711464,0.35328690232036514,0.08886371912502965
2026-06-23 11:50:00+03:00,0.40728168372119467,0.19897679291556936,0.546939571689611,0.46946291518179484,0.3581344490210705,0.09901637005842051
2026-06-23 11:55:00+03:00,0.27704513998652397,-0.08131311228390943,0.5126365309705176,0.4033417487910871,0.29212500189474877,-0.04575532067983468
2026-06-23 12:00:00+03:00,0.18731458622195418,-0.325333298168957,0.5375467674872683,0.4512989856469523,0.2910428866877207,-0.04826982336872183
2026-06-23 12:05:00+03:00,0.08772945452045965,-0.744902322168442,0.4026060419045132,0.18966308790745495,0.254295643045812,-0.13731105854590409
2026-06-23 12:10:00+03:00,0.0879815736468891,-0.7433922293829499,0.37948008549211354,0.14303836252951657,0.2607104001465974,-0.12120642684678005
2026-06-23 12:15:00+03:00,0.04186073904494173,-1.1235963368730855,0.2691613131473306,-0.10037609353094987,0.20083802827074193,-0.28381928612755464
2026-06-23 12:20:00+03:00,0.16873998423824554,-0.38630570064738445,0.38978825756419,0.16394338073692044,0.23628627593167054,-0.1840221451224109
2026-06-23 12:25:00+03:00,0.0813957547865389,-0.7841909465653902,0.37717693017832227,0.1383380746742365,0.21786070237054062,-0.23443433951179965
2026-06-23 12:30:00+03:00,0.06310955940128496,-0.9157852850037783,0.2611015656828143,-0.12023276724633808,0.192266587348739,-0.3098750871822012
2026-06-23 12:35:00+03:00,0.11155088951639036,-0.6168980038617172,0.29185055855295605,-0.04639252325416432,0.19376436964988752,-0.30525953821405183
2026-06-23 12:40:00+03:00,0.07706977532814567,-0.8126591097100049,0.2648584426177865,-0.11092895602317865,0.19418966577905242,-0.3039538962579637
2026-06-23 12:45:00+03:00,0.09649119861381657,-0.6945780722096326,0.290301375593293,-0.04999604932367119,0.20035436689019517,-0.28526700056106763
2026-06-23 12:50:00+03:00,0.12540777191111122,-0.5531511434534877,0.23613473856749867,-0.18442530478879893,0.20405627608387078,-0.27425206123434276
2026-06-23 12:55:00+03:00,0.1199488524405475,-0.5774997052546369,0.22534496866614845,-0.2136069048632142,0.20414625781745302,-0.27398618404681635
2026-06-23 13:00:00+03:00,0.10819586296556086,-0.633364910601307,0.24652712140431696,-0.15717743428373432,0.20205081149819118,-0.28020057359599815
2026-06-23 13:05:00+03:00,0.0680216441219851,-0.8772852426152031,0.18639515373216078,-0.32823784450537224,0.19109238210271576,-0.31351269707719587
2026-06-23 13:10:00+03:00,0.08505193088374376,-0.7611865759366582,0.28424593762936934,-0.06419216031439462,0.18998012617177967,-0.3169741700469424
2026-06-23 13:15:00+03:00,0.09850122797565203,-0.6836130440847963,0.28885533029512933,-0.05336993630739695,0.19944200816071136,-0.28800505678712024
2026-06-23 13:20:00+03:00,0.14531526500861158,-0.47138036679328427,0.3266687506158431,0.03190430016803786,0.19951546850560287,-0.28778424934262786
2026-06-23 13:25:00+03:00,0.13832558245662738,-0.4989509867278932,0.4125820148470143,0.20949457484118703,0.19438209555263122,-0.30336385781039066
2026-06-23 13:30:00+03:00,0.2160474401374321,-0.23955749840977886,0.40341643078329753,0.1912798290978397,0.2144616496585904,-0.24406355320443532
2026-06-23 13:35:00+03:00,0.2307850829043611,-0.19877437790648192,0.4116998369586563,0.20774687213464516,0.21597576221596662,-0.2397606540678459
2026-06-23 13:40:00+03:00,0.18186596376028147,-0.3427096360998763,0.45539720785831933,0.29321162476759577,0.2167416451753048,-0.2375924442187122
2026-06-23 13:45:00+03:00,0.21673797059300318,-0.23760283369050839,0.32616279369303053,0.030799761838375295,0.21734003617964293,-0.23590225653559693
2026-06-23 13:50:00+03:00,0.18903985274828367,-0.3199125323716673,0.42821230334691157,0.24028722097748662,0.22464986813851912,-0.2155202681499291
2026-06-23 13:55:00+03:00,0.24339882169417526,-0.16529591005864663,0.3348431249415202,0.049630235247586967,0.23213234686729228,-0.19513905368506448
2026-06-23 14:00:00+03:00,0.23828202237141707,-0.1787290938214868,0.2860400052321064,-0.05996753439959707,0.2419268664156316,-0.16914035227521024
2026-06-23 14:05:00+03:00,0.255678627489841,-0.13381670931729372,0.22959695005836567,-0.2019926639879695,0.2425712438084769,-0.1674554211779066
2026-06-23 14:10:00+03:00,0.26819750780251306,-0.10273047986813733,0.27222514913877544,-0.09292685886194826,0.24136673950985338,-0.1706074675525226
2026-06-23 14:15:00+03:00,0.27041763473703984,-0.0973151271259509,0.2898907008802458,-0.05095321440833797,0.23889563033764824,-0.17710783609466532
2026-06-23 14:20:00+03:00,0.2312383955939227,-0.1975495517421805,0.3138172414090345,0.0035646295469088374,0.23758400981896907,-0.1805768550466644
2026-06-23 14:25:00+03:00,0.24994159566275942,-0.14839499737180112,0.33005900082871514,0.03928292542938719,0.23566739456328428,-0.18566978363118294
2026-06-23 14:30:00+03:00,0.22274794620787805,-0.22077718289863146,0.2961436345798313,-0.03646467520933555,0.23250983547428816,-0.1941231187267382
2026-06-23 14:35:00+03:00,0.2232267473580772,-0.21945077458606718,0.33812492663390725,0.05668575985448826,0.23566739456328428,-0.18566978363118294
2026-06-23 14:40:00+03:00,0.23886953894636878,-0.17717671580591374,0.44208333059435845,0.2673765036308346,0.2379581627916402,-0.1795859431601999
2026-06-23 14:45:00+03:00,0.25408413464128626,-0.13784657317452387,0.3648117022288407,0.11290253185497567,0.23841377258135377,-0.17838074561213418
2026-06-23 14:50:00+03:00,0.25412660133823756,-0.13773902887607375,0.34265913367852063,0.06637904785031465,0.2376999338568089,-0.18026972549219042
2026-06-23 14:55:00+03:00,0.46574446559231153,0.3132029058535817,0.1751702765225348,-0.36462695135230516,0.23730680704254117,-0.18131169561876873
2026-06-23 15:00:00+03:00,0.3515420079378521,0.08519386180042464,0.27811886742489944,-0.07874304300391233,0.23999667630465873,-0.1742058291506906
2026-06-23 15:05:00+03:00,0.3415640513509763,0.06404366948528077,0.3602923661650354,0.10351624064247504,0.23953474508465963,-0.17542221993496035
2026-06-23 15:10:00+03:00,0.36886444371182436,0.12127769499395373,0.2641265258353332,-0.1127348477004417,0.2867632324862577,-0.05826899407071169
2026-06-23 15:15:00+03:00,0.4658463504341337,0.31339943953341526,0.3308570836097582,0.04101427276958744,0.3204456439047718,0.01825641439060157
2026-06-23 15:20:00+03:00,0.6052636323054389,0.5842439361716983,0.2812684076861391,-0.071239246396331,0.3416207103417355,0.06416458890108219
2026-06-23 15:25:00+03:00,0.7512486678153414,0.9095974392981562,0.17607022014990625,-0.3616433250822127,0.43964830370630803,0.26263503983408176
2026-06-23 15:30:00+03:00,0.7530998847643061,0.9143642099804342,0.12366080288861331,-0.5608423345812349,0.4447823528808037,0.2726256948266253
2026-06-23 15:35:00+03:00,0.5923403092779976,0.5584218296330656,0.15785460322803518,-0.4245581569025767,0.4274889602286979,0.23886890476915773
2026-06-23 15:40:00+03:00,0.39916069610645816,0.1827775842716246,0.13820883470743603,-0.4994212996946278,0.3623016734043786,0.10769564219652464
2026-06-23 15:45:00+03:00,0.30259735599425847,-0.021695517477953778,0.16131679188137668,-0.41216711086680224,0.3405845871690467,0.06195180495400988
2026-06-23 15:50:00+03:00,0.3658555157843258,0.1150633501903607,0.20720727075515377,-0.2649928779882852,0.3404767595900354,0.06172133768904173
2026-06-23 15:55:00+03:00,0.27571974196006005,-0.08449406811589878,0.2946621265380577,-0.039881158814415285,0.31607573658568067,0.008589091094606345
2026-06-23 16:00:00+03:00,0.28494024251490774,-0.06255533199003278,0.30984432430965225,-0.005321853634256926,0.29870359313913686,-0.03058441973536473
2026-06-23 16:05:00+03:00,0.27221678157321677,-0.09294713140548462,0.3212062672231454,0.019931933709532612,0.30015067957666997,-0.027273254359654883
2026-06-23 16:10:00+03:00,0.3776679732014586,0.13934113865047792,0.3209240857339418,0.019310582021970807,0.3378422869354948,0.05607944385527046
2026-06-23 16:15:00+03:00,0.4516878324936449,0.28602775075773745,0.21896454032283655,-0.2313306303388331,0.37533320946499676,0.13456724744022852
2026-06-23 16:20:00+03:00,0.4827555662435289,0.34595344664275585,0.2481955428299068,-0.15287594414295436,0.379526939514604,0.14313386662224606
2026-06-23 16:25:00+03:00,0.5097221364671732,0.39774343865427186,0.20289381605640217,-0.2776947572065401,0.4539826518049785,0.29047325659791984
2026-06-23 16:30:00+03:00,0.4141218093597866,0.21254244023785507,0.1824182873518978,-0.34092998094244015,0.35893127433776767,0.10067936185449687
2026-06-23 16:35:00+03:00,0.4039651141710208,0.19237386541716098,0.25227201016771683,-0.14244677136581296,0.366253458689899,0.11588645162799423
2026-06-23 16:40:00+03:00,0.3786593602603917,0.1413647064932033,0.29015330882283547,-0.050341058184750986,0.3345308005548553,0.04895699306597881
2026-06-23 16:45:00+03:00,0.4060598984913017,0.19654634316750466,0.39538360475041456,0.1752061026255124,0.32832189434404996,0.03550710820720895
2026-06-23 16:50:00+03:00,0.32869708713238194,0.03632349683448687,0.4366228457499482,0.256735981008255,0.3237411857074834,0.02550091075382313
2026-06-23 16:55:00+03:00,0.27037219392446116,-0.09742568506811408,0.4352546837580324,0.2540653351613259,0.3204397506265728,0.018243424344009586
2026-06-23 17:00:00+03:00,0.2794504252841081,-0.07556428779477738,0.4574279446524847,0.2971404027104577,0.32332247990037644,0.02458263128267272
2026-06-23 17:05:00+03:00,0.34247152646339196,0.06597921012963828,0.47573203078153264,0.33244509806835354,0.32481821914649245,0.027860155435427584
2026-06-23 17:10:00+03:00,0.4196401753630119,0.22343867588639255,0.47949756428302187,0.33968929382548585,0.3269059067042948,0.03242172471894549
2026-06-23 17:15:00+03:00,0.3685195975469922,0.12056656231628904,0.435279484361864,0.2541137628292467,0.3254930740588353,0.029336357608130744
2026-06-23 17:20:00+03:00,0.5161620262110933,0.4101161746449423,0.4609826045797889,0.30401094255421907,0.33544837426084456,0.050934015687288337
2026-06-23 17:25:00+03:00,0.30807416221155987,-0.00930145256344001,0.40717225392330025,0.19875920195011448,0.2413823350468195,-0.17056658747682463
2026-06-23 17:30:00+03:00,0.40771780339189245,0.19984379482513476,0.4469445866521311,0.2768263295639264,0.24961361488587294,-0.14923510542070742
2026-06-23 17:35:00+03:00,0.30305629543981993,-0.020652117879001543,0.5452577028256003,0.46620612180016857,0.2446725625854169,-0.1619818723251711
2026-06-23 17:40:00+03:00,0.3799753334425154,0.14404761144702458,0.5612028128294222,0.49717368342093016,0.2513357736834647,-0.14483204547966624
2026-06-23 17:45:00+03:00,0.38465324930850026,0.15355581979247637,0.5246705978063075,0.42647989882154563,0.25351156680607595,-0.13929772510178595
2026-06-23 17:50:00+03:00,0.3391277073686434,0.05883492026260873,0.4810567268240075,0.3426874775306101,0.25407797713509356,-0.13786216766405152
2026-06-23 17:55:00+03:00,0.34557175729709644,0.07257324425061921,0.5296707438145909,0.4361084499280017,0.2602740208712428,-0.12229374572773474
2026-06-24 09:55:00+03:00,0.3076565255252207,-0.010242209698384038,0.10675309921615896,-0.6405843800415312,0.25947295213799343,-0.12429283569550428
2026-06-24 10:00:00+03:00,0.3173284411925953,0.011367641677716131,0.5135371587483456,0.4050720961556351,0.2609129013210163,-0.12070225836694055
2026-06-24 10:05:00+03:00,0.29591965016734006,-0.03698056480209193,0.5288663080994881,0.4345586616843719,0.2689410377543164,-0.10091371223045341
2026-06-24 10:10:00+03:00,0.06592627054110152,-0.893381504663627,0.48493122663571286,0.35013498145412525,0.2079716848843498,-0.26276237011868614
2026-06-24 10:15:00+03:00,0.16484601173211225,-0.39975528774912766,0.290508773995831,-0.04951296722193624,0.21650200154573004,-0.23827027685686464
2026-06-24 10:20:00+03:00,0.1993361650851636,-0.28832330780244775,0.2774193185501782,-0.08041678485519452,0.22397894977127653,-0.21737105869082474
2026-06-24 10:25:00+03:00,0.22495133709082948,-0.21468991665058967,0.2603035429587918,-0.12222014880827273,0.25649501567114147,-0.13175978771233454
2026-06-24 10:30:00+03:00,0.1867748618927977,-0.32703698730886127,0.1867208603935073,-0.32720765652661676,0.2132784115902013,-0.24744154792041848
2026-06-24 10:35:00+03:00,0.2121319903322469,-0.25072748929891253,0.11240908132042156,-0.6127555915718635,0.2115907372194961,-0.2522833705360941
2026-06-24 10:40:00+03:00,0.1580074305379779,-0.4240065672336877,0.09001385484735877,-0.7313603652781233,0.19909960416799097,-0.2890350628830204
2026-06-24 10:45:00+03:00,0.1683392249610636,-0.3876783842516697,0.0796520703033552,-0.7954953705713812,0.19898091718621277,-0.28939240294327845
2026-06-24 10:50:00+03:00,0.19561538224942338,-0.29959276610427493,0.14767750996926582,-0.4623119608467514,0.21951584670470115,-0.2297847146438864
2026-06-24 10:55:00+03:00,0.2649068274354429,-0.11080968658647276,0.2014758401451158,-0.2819141472204998,0.30481201828054555,-0.01666868718680309
2026-06-24 11:00:00+03:00,0.2763971695443424,-0.08286706375276033,0.19600000187490052,-0.29842037606591043,0.3129129243379811,0.001547310000160555
2026-06-24 11:05:00+03:00,0.3070907655821062,-0.011517757902388384,0.18150448983608608,-0.3438766265813675,0.35715268075212664,0.09696514680644011
2026-06-24 11:10:00+03:00,0.2791018314601162,-0.07639556761482687,0.1920992377557402,-0.3103924879931287,0.3359531989583092,0.052020578372486914
2026-06-24 11:15:00+03:00,0.31457625787614446,0.0052553832926263665,0.2902210221424692,-0.050183267163415785,0.3940218763773982,0.17247031614853323
2026-06-24 11:20:00+03:00,0.3639764549450229,0.11117157517750727,0.28361704869694626,-0.06567685165428755,0.3896559013179472,0.16367626959479373
2026-06-24 11:25:00+03:00,0.41023239092076,0.20483718402686021,0.3117828923383289,-0.0009779956829168435,0.3624822069968255,0.10807066349319
2026-06-24 11:30:00+03:00,0.3408401146415063,0.062497820522436735,0.2868382112168088,-0.05809304896988654,0.33491060129078887,0.049775645359525916
2026-06-24 11:35:00+03:00,0.3289071440291174,0.03678035564266669,0.24692275778231837,-0.15615564844823554,0.3422148974506838,0.0654320997316856
2026-06-24 11:40:00+03:00,0.30906669000100273,-0.007068544026912271,0.21038694290384208,-0.25575426040219107,0.3621316264715718,0.107342330959547
2026-06-24 11:45:00+03:00,0.3161060463149209,0.008656389057179198,0.26769469024719594,-0.10396089102530312,0.3601092429339627,0.10313483658416292
2026-06-24 11:50:00+03:00,0.32013995291564956,0.017582439301133613,0.20971083635640198,-0.25771006322166284,0.33734895391757397,0.05502055477369296
2026-06-24 11:55:00+03:00,0.27215410761010045,-0.093098987334735,0.13651454196018742,-0.5062845381284637,0.29858853757847137,-0.030848079469885815
2026-06-24 12:00:00+03:00,0.2326797930252488,-0.19366608741973895,0.13483304010343192,-0.5131672368664831,0.2547174927946273,-0.13624385985391632
2026-06-24 12:05:00+03:00,0.2424870730219748,-0.16767533966429415,0.19906621783693187,-0.28913556550270236,0.2469359827582449,-0.15612151213148945
2026-06-24 12:10:00+03:00,0.20360054087611112,-0.2756000043510272,0.17782858436965124,-0.3558481521210853,0.25433605366843237,-0.13720877696482708
2026-06-24 12:15:00+03:00,0.21964386473460912,-0.22942613931008263,0.20635469637868914,-0.2674878132844123,0.3077953211878933,-0.009929483708311138
2026-06-24 12:20:00+03:00,0.20734526316755675,-0.2645897768639767,0.2741881279376358,-0.08818176215713788,0.30614289147137885,-0.013657748504963145
2026-06-24 12:25:00+03:00,0.19541705401931833,-0.3001979881143746,0.18900972483137166,-0.32000686740193846,0.25286683214450373,-0.14093437453188112
2026-06-24 12:30:00+03:00,0.1988410837960976,-0.28981361574286957,0.2068413064894898,-0.2660628879341944,0.3008961936402,-0.025570959754294673
2026-06-24 12:35:00+03:00,0.24179194069377077,-0.16949354541321812,0.14514420952334542,-0.4720417639451817,0.24652154138811117,-0.1571918533343544
2026-06-24 12:40:00+03:00,0.301518732315047,-0.024151305148706878,0.29602926320627204,-0.036728071534853995,0.2957909988703919,-0.03727698180581229
2026-06-24 12:45:00+03:00,0.26307477508172766,-0.1153355080131936,0.21909617625598013,-0.23096125641782284,0.2917502973274434,-0.046625397604290256
2026-06-24 12:50:00+03:00,0.23416244275816145,-0.1896889284778874,0.21370523458755233,-0.24622145286309127,0.2924286721586396,-0.04505066863554975
2026-06-24 12:55:00+03:00,0.16898761635621845,-0.38545880771472274,0.20448490834060357,-0.2729863228471569,0.28317307568551287,-0.06672618818278415
2026-06-24 13:00:00+03:00,0.2198415423878409,-0.2288727439336738,0.2179302385187512,-0.23423848758063565,0.2860036079570434,-0.060053083413228715
2026-06-24 13:05:00+03:00,0.2533123492093664,-0.1398031420583155,0.18373971429997343,-0.3366890973494314,0.25072825369441126,-0.14638299834872406
2026-06-24 13:10:00+03:00,0.24033965633189905,-0.17330370524845293,0.1334543044924366,-0.5188649229456695,0.2865096076877107,-0.05886435408183569
2026-06-24 13:15:00+03:00,0.23465969245077398,-0.18835899131867032,0.1544900999505204,-0.43681299414406105,0.28362992214389043,-0.06564643989484575
2026-06-24 13:20:00+03:00,0.2680312405160834,-0.10313717945593928,0.1587312139785565,-0.4214001322503651,0.2900507200377015,-0.050580160306732985
2026-06-24 13:25:00+03:00,0.2870516879280128,-0.05759225498762668,0.14020420640728545,-0.49142844500220717,0.24584784946052154,-0.15893432523001289
2026-06-24 13:30:00+03:00,0.1999325144514361,-0.2865318459767173,0.112417885558769,-0.6127132377195621,0.24509237454483093,-0.16089215747338334
2026-06-24 13:35:00+03:00,0.36465181108230266,0.11257130623148486,0.14763761019950558,-0.46246413146989096,0.29183109211343633,-0.046437733807492915
2026-06-24 13:40:00+03:00,0.3279512479461418,0.03470014374523613,0.11798232892229349,-0.5865055378902898,0.2846296156414804,-0.06328733965164973
2026-06-24 13:45:00+03:00,0.3475568634069065,0.07678078332983294,0.13207182769651593,-0.5246282923360922,0.2848500691078421,-0.06276778061545153
2026-06-24 13:50:00+03:00,0.3248346870926127,0.02789619693543177,0.13603325404626626,-0.5082472061782108,0.2853387201933303,-0.06161700196470879
2026-06-24 13:55:00+03:00,0.35327117232687283,0.08883067273952723,0.11163250283920959,-0.6165028676628088,0.2865274396766103,-0.05882248488725871
2026-06-24 14:00:00+03:00,0.31797743578461407,0.012804828468564164,0.12298237502500259,-0.5638543378864999,0.2316797665753235,-0.196358603497076
2026-06-24 14:05:00+03:00,0.2777308369009724,-0.07967112509271916,0.12304758261653659,-0.5635642175148634,0.22884850544889157,-0.20402597410647533
2026-06-24 14:10:00+03:00,0.4323485833731947,0.248386197729902,0.162164913680682,-0.4091645538387607,0.2887412491147413,-0.053636534272069325
2026-06-24 14:15:00+03:00,0.3718783518927055,0.1274812433617707,0.1486903030303955,-0.45846067713756933,0.28498581270011997,-0.06244798397754524
2026-06-24 14:20:00+03:00,0.3418989654553267,0.0647582901994192,0.14764604460636935,-0.4624319613089303,0.2810644032698848,-0.0717237288105693
2026-06-24 14:25:00+03:00,0.39157553973907333,0.1675471465893536,0.3467372430204706,0.07504492499054899,0.28586332984137963,-0.060382857470541895
2026-06-24 14:30:00+03:00,0.39338708477900924,0.1711938574856474,0.30271782741491676,-0.021421538894930092,0.28470576491555766,-0.0631078456338629
2026-06-24 14:35:00+03:00,0.5009312427286665,0.3808629996443516,0.3612076780965927,0.10542136109600186,0.28710291999778376,-0.05747210303551514
2026-06-24 14:40:00+03:00,0.5404654956525038,0.45693713133841846,0.2609185400368069,-0.12068822324397346,0.2854083005209492,-0.06145323589312518
2026-06-24 14:45:00+03:00,0.6360397768137651,0.647012193845068,0.4512814397457578,0.28524008053044014,0.2859244256649864,-0.06023921788556409
2026-06-24 14:50:00+03:00,0.5273153798007608,0.43157152386042236,0.27514402599786,-0.08587873462460865,0.2822705066077515,-0.06886249702942486
2026-06-24 14:55:00+03:00,0.667244782684333,0.713026511015651,0.2432546426067222,-0.16567177714366715,0.28299567186398833,-0.067145762857466
2026-06-24 15:00:00+03:00,0.9427652197138278,1.723835617232664,0.30434187196043166,-0.01773409830282481,0.7566146354540949,0.9234810994470684
2026-06-24 15:05:00+03:00,0.9854261353582573,2.4016690687951425,0.5040928241321548,0.38693325551399926,0.7929012868646742,1.0234602477859396
2026-06-24 15:10:00+03:00,0.9835541432022274,2.342752850919971,0.6485452185130529,0.6731399243770436,0.8068679978750398,1.065355026216206
2026-06-24 15:15:00+03:00,0.9901207598071631,2.590566825583155,0.4638683987942165,0.30958301035224023,0.7928643376751318,1.0233522512060673
2026-06-24 15:20:00+03:00,0.9783714763867127,2.2087293718525154,0.47334255917851187,0.3278454914326222,0.7328265824564926,0.8633881252706834
2026-06-24 15:25:00+03:00,0.9843296216901515,2.366315220921962,0.6454975752928983,0.6667347735874398,0.8079110736958027,1.068574493238573
2026-06-24 15:30:00+03:00,0.9844895265000184,2.37131627666367,0.6277555731994703,0.6299167827657549,0.8351940367567862,1.1580450427145266
2026-06-24 15:35:00+03:00,0.978932196173234,2.2216122175891715,0.6872700802776277,0.7570114298976576,0.814541729343452,1.0893590159199058
2026-06-24 15:40:00+03:00,0.9755831031305118,2.1491549668392427,0.7689520367612449,0.9562139985148116,0.6530257138422191,0.6826029622456342
2026-06-24 15:45:00+03:00,0.9785160063297541,2.212018497061887,0.5954663641898533,0.5646431608795182,0.8587104927488828,1.24527108743115
2026-06-24 15:50:00+03:00,0.9667963519833217,1.9972715367695673,0.6855386740471335,0.7531506059591538,0.8301697473311039,1.1407345189303197
2026-06-24 15:55:00+03:00,0.9704220551931979,2.0545695965984807,0.5875459252400332,0.5489089346687928,0.858983385802198,1.2463515674840593
2026-06-24 16:00:00+03:00,0.973930104751172,2.1168990024591863,0.6633978275895163,0.7047338973298032,0.8570346049841774,1.238673597189737
2026-06-24 16:05:00+03:00,0.9745867496029484,2.1294672425377956,0.648706231263872,0.673479023270147,0.856117884354752,1.235091961658265
2026-06-24 16:10:00+03:00,0.9447857475425355,1.7421142947868768,0.5684801516090356,0.5113850905115971,0.8480240129315222,1.204263622291683
2026-06-24 16:15:00+03:00,0.9397443034282096,1.6976067706401747,0.1815981909133146,-0.3435739464465636,0.8370824704119232,1.1646608117843449
2026-06-24 16:20:00+03:00,0.968213121807984,2.0189048453772616,0.1686620760488561,-0.3865723486711607,0.8538027671809718,1.2261305103425038
2026-06-24 16:25:00+03:00,0.9766964243301127,2.1721027584105803,0.22135200992826437,-0.2246559573778542,0.8630261589525051,1.2625670780725222
2026-06-24 16:30:00+03:00,0.9768520575075299,2.1753955927713418,0.1401918410683153,-0.4914776824942918,0.8585276482040165,1.2445481163505823
2026-06-24 16:35:00+03:00,0.9793965544900469,2.2325376574218043,0.2456293951017849,-0.15950003760102271,0.8611741643442838,1.2550896178165787
2026-06-24 16:40:00+03:00,0.9726419066246152,2.0931133255733396,0.47701756391925804,0.3349187832526467,0.8347728444951501,1.1565777883167843
2026-06-24 16:45:00+03:00,0.9721247469218477,2.083869358655953,0.41421262269304826,0.21272209157576544,0.8488146601006971,1.207214555821952
2026-06-24 16:50:00+03:00,0.9556464837727062,1.8527318134046855,0.1765217211807752,-0.360150958226161,0.6165209903334944,0.6069768719429007
2026-06-24 16:55:00+03:00,0.9159180667460189,1.525350892784794,0.0968783314622974,-0.692450455486913,0.231053349552525,-0.19804933298483185
2026-06-24 17:00:00+03:00,0.9334322964560541,1.6465544016607856,0.21489545951681413,-0.24282847731406287,0.28376343436315576,-0.06533108466808085
2026-06-24 17:05:00+03:00,0.9036404073363116,1.4534532065692323,0.27625729008400185,-0.08320281549020506,0.2819093833545253,-0.06971840699989997
2026-06-24 17:10:00+03:00,0.9582988674491236,1.8836599940208265,0.1230775213153066,-0.5634310590996433,0.28638065384641437,-0.05916718185238207
2026-06-24 17:15:00+03:00,0.8997270235621652,1.4322620449917682,0.10931122195816567,-0.6278415032771332,0.2226511156399304,-0.22104567683427956
2026-06-24 17:20:00+03:00,0.9357368620330316,1.6646495667167642,0.3059582733768603,-0.014074986141455206,0.3108063196325738,-0.0031643975949952764
2026-06-24 17:25:00+03:00,0.9269838471342092,1.5988467531473116,0.26290824147424247,-0.11574790730604934,0.2866483180576232,-0.0585387056834326
2026-06-24 17:30:00+03:00,0.9612873822945315,1.9208477290599397,0.2038144523810894,-0.27496703196339417,0.2803770655732104,-0.07335764029108365
2026-06-24 17:35:00+03:00,0.9208726553519179,1.5570915531878895,0.5127404120300189,0.4035413238944062,0.28780989741571195,-0.05581537011264101
2026-06-24 17:40:00+03:00,0.9301716477686436,1.6219214794937926,0.23559457986553722,-0.1858638337025469,0.27502394210912107,-0.08616777730539577
2026-06-24 17:45:00+03:00,0.880606989329143,1.3381823127300412,0.16003701275915375,-0.4167220708380118,0.24660023315651916,-0.15698853001530133
2026-06-24 17:50:00+03:00,0.9207660060037216,1.5563894597756902,0.3217543820924295,0.021138038513560997,0.2787955924721489,-0.07712637045270142
2026-06-24 17:55:00+03:00,0.8469487044273523,1.200270400468629,0.17686662461317618,-0.35901295251177895,0.24491387754940613,-0.1613553316887464
2026-06-25 09:55:00+03:00,0.7129904979107453,0.8158413146167803,0.07676793055928981,-0.8146996337542217,0.3401002451751932,0.060916310514230236
2026-06-25 10:00:00+03:00,0.6889730455444211,0.7608202136346972,0.5783423387338751,0.53073787755847,0.2907648635296525,-0.04891675234987472
2026-06-25 10:05:00+03:00,0.45885076135676767,0.29989142606782415,0.587024876358202,0.5478771009743699,0.2804282192196174,-0.07323595581835364
2026-06-25 10:10:00+03:00,0.30418250459983587,-0.018095454930513715,0.34102340112963797,0.06288934853803707,0.27034051875358617,-0.09750275798704258
2026-06-25 10:15:00+03:00,0.3759561249018126,0.13584207177279528,0.3406070497913092,0.06199981141308078,0.26734849509892117,-0.10480889440698477
2026-06-25 10:20:00+03:00,0.2540042768796032,-0.1380488401492158,0.3845414787342824,0.15332915082967125,0.1765912712927759,-0.35992133777950747
2026-06-25 10:25:00+03:00,0.12701728822375605,-0.5461459120803307,0.31392512028503544,0.0038050711096429962,0.16563414490650627,-0.3970127441047632
2026-06-25 10:30:00+03:00,0.09655319487063228,-0.6942368392084196,0.33654695192442485,0.053297514663701875,0.223482669272033,-0.21874263329956015
2026-06-25 10:35:00+03:00,0.10022882180173998,-0.6743468928454203,0.24647107101284615,-0.15732228137259807,0.28293905891021326,-0.06727969066850496
2026-06-25 10:40:00+03:00,0.09530766127838805,-0.7011302309710894,0.15639807745071327,-0.4298370098523715,0.1879572929120197,-0.3233094558621224
2026-06-25 10:45:00+03:00,0.11382201926724649,-0.6059952446528304,0.029045195698733445,-1.3054071220360244,0.13346853473619297,-0.5188058622001509
2026-06-25 10:50:00+03:00,0.12580560925046536,-0.5514124761402973,0.01646334681478866,-1.5840840103658773,0.13761735290076965,-0.501809196999683
2026-06-25 10:55:00+03:00,0.09429541383032146,-0.7067921215190526,0.011401082550269037,-1.762909234323733,0.1273658934487779,-0.5446386560243418
2026-06-25 11:00:00+03:00,0.07238100159717294,-0.8452189785200297,0.015634030285237455,-1.6092974740653878,0.12171529451584627,-0.5695182444919159
2026-06-25 11:05:00+03:00,0.10437031337078258,-0.6526980287595922,0.021243359390373383,-1.4593929076955185,0.12232717962823417,-0.5667767872194668
2026-06-25 11:10:00+03:00,0.14714776506558858,-0.46433509093295244,0.034283095520670576,-1.2232291292849746,0.12553572218478803,-0.552591448113634
2026-06-25 11:15:00+03:00,0.07173311947362464,-0.8498698156206971,0.04899033428390579,-1.0445214351540255,0.12431789132801735,-0.5579385714477298
2026-06-25 11:20:00+03:00,0.07214855154788771,-0.8468831938126741,0.0971192512343966,-0.6911302296747637,0.1233951169193592,-0.5620201999697142
2026-06-25 11:25:00+03:00,0.07186839966325534,-0.8488955120284888,0.12878480091016656,-0.5385398659139378,0.12308742486614041,-0.5633870171841372
2026-06-25 11:30:00+03:00,0.09490285347764627,-0.7033879874907734,0.2114314156607877,-0.25274190932455143,0.15428523767988084,-0.43756619073823555
2026-06-25 11:35:00+03:00,0.09396825325213543,-0.7086336993386347,0.2544038638545242,-0.13703716958921286,0.13260284206951276,-0.5224085441110552
2026-06-25 11:40:00+03:00,0.055936912329583525,-0.9773554402578235,0.24424554113749325,-0.16309159861209316,0.17533582661176156,-0.36407719106051717
2026-06-25 11:45:00+03:00,0.05833160840237334,-0.9560154539463944,0.30634005826409555,-0.013212305984495132,0.17328606302821253,-0.3709131113159673
2026-06-25 11:50:00+03:00,0.06718040557189693,-0.8836914287740205,0.23703247056283536,-0.18203952027808534,0.1744546453798784,-0.36700814610896054
2026-06-25 11:55:00+03:00,0.0845010345892452,-0.7645945706625499,0.21986121291722965,-0.22881769616250802,0.17623354337041167,-0.36110313855495785
2026-06-25 12:00:00+03:00,0.10428164067688095,-0.6531535175728479,0.2248557461809151,-0.21495312204275957,0.1360354795714351,-0.5082381171462285
2026-06-25 12:05:00+03:00,0.10273912026610314,-0.6611323472439822,0.2757215313488096,-0.08448976721389675,0.14048662515804217,-0.49030487103647397
2026-06-25 12:10:00+03:00,0.12406162984210811,-0.5590694550204939,0.34505000242945677,0.07146546962249933,0.1447971559254794,-0.47338566027343654
2026-06-25 12:15:00+03:00,0.13244481624866156,-0.5230683357357785,0.21521844910705956,-0.24191008723785362,0.19557870720806875,-0.29970464930844376
2026-06-25 12:20:00+03:00,0.19019179290843816,-0.31631424606349595,0.1746694300990635,-0.3662926629546117,0.24248699917530578,-0.16767553263107154
2026-06-25 12:25:00+03:00,0.24691196144889985,-0.15618351686237822,0.0635988461443463,-0.9118275666873823,0.2510277002716343,-0.14561822187784754
2026-06-25 12:30:00+03:00,0.3310193966843139,0.04136613331988273,0.08398800806059814,-0.7677864766319406,0.255378690107289,-0.13457349562294668
2026-06-25 12:35:00+03:00,0.27988198250532836,-0.07453604682653549,0.0811375597171975,-0.7858508263445199,0.25262514569000183,-0.14154860313674472
2026-06-25 12:40:00+03:00,0.22951067045007442,-0.2022268233788357,0.0674493790868569,-0.8816350927297213,0.20298639681525835,-0.2774200360348738
2026-06-25 12:45:00+03:00,0.23340744035716926,-0.19171200188524423,0.0833100432516601,-0.7720318591528046,0.19326212365400192,-0.306804219812881
2026-06-25 12:50:00+03:00,0.3876313222031394,0.15958630312704114,0.09200516137646864,-0.7198062151930112,0.2659181103157872,-0.10832003592005279
2026-06-25 12:55:00+03:00,0.24607712204217988,-0.15834096211269438,0.07019577546033122,-0.861062748956434,0.1969825467090277,-0.2954332780301257
2026-06-25 13:00:00+03:00,0.33722631100437384,0.0547571963600335,0.0793065421934903,-0.7977622405930845,0.20161958874906905,-0.2814853943576072
2026-06-25 13:05:00+03:00,0.3771422438264898,0.13826720067851125,0.09552876999707034,-0.6999006499718461,0.26877076319582976,-0.10132948634819346
2026-06-25 13:10:00+03:00,0.38503540847303536,0.15433064619544126,0.11835941965977208,-0.5847686110292287,0.266187337052925,-0.10765825251543476
2026-06-25 13:15:00+03:00,0.34810166187819125,0.0779335429386152,0.12902148154587945,-0.5375281394415371,0.25455354064353164,-0.13665848886435153
2026-06-25 13:20:00+03:00,0.364639219600986,0.11254521947540518,0.128168738119012,-0.541180768363577,0.24973818408101092,-0.14891594033668512
2026-06-25 13:25:00+03:00,0.26209394083690063,-0.11776684434894279,0.16809751926685348,-0.388507536768612,0.21837475879615625,-0.23298753835988695
2026-06-25 13:30:00+03:00,0.2708119839024087,-0.09635616222354929,0.17055429228044494,-0.3801236081930434,0.23134036889056284,-0.19727425687278738
2026-06-25 13:35:00+03:00,0.21118986777868318,-0.25343758393013044,0.22357409870590444,-0.21848978618565856,0.21102598791747867,-0.25390990106221484
2026-06-25 13:40:00+03:00,0.2477604713653781,-0.1539957615335297,0.31766818615220066,0.01212019647767855,0.20367342378284842,-0.27538428545907867
2026-06-25 13:45:00+03:00,0.2165008085066707,-0.23827365272869505,0.2633784378927306,-0.11458395753681949,0.21059711565682665,-0.25514722433377207
2026-06-25 13:50:00+03:00,0.3605903330360055,0.10413665700455654,0.28418542844273464,-0.06433492517562525,0.23480790942556087,-0.18796295043405908
2026-06-25 13:55:00+03:00,0.3212056855235687,0.019930653127662405,0.2476935390766642,-0.15416815352313729,0.22193818999675424,-0.22302506358831536
2026-06-25 14:00:00+03:00,0.2715461158616513,-0.0945732597823316,0.20897399543269804,-0.259846837537959,0.2298952411149244,-0.20118358958560628
2026-06-25 14:05:00+03:00,0.3240756700893272,0.02623403626261395,0.18051596078964266,-0.34707728235165297,0.21989162665658651,-0.22873259059213066
2026-06-25 14:10:00+03:00,0.42455248772577137,0.23310481654882284,0.10281958496768133,-0.6607135242508673,0.2936682884428894,-0.04217863920729756
2026-06-25 14:15:00+03:00,0.4323073708678738,0.24830559524831575,0.1642238504736049,-0.40192772488563167,0.2926215778270229,-0.04460326342787626
2026-06-25 14:20:00+03:00,0.38538361149181444,0.1550363762967979,0.15390834344832938,-0.43895401871121875,0.2731152372402394,-0.09077261696771297
2026-06-25 14:25:00+03:00,0.37021207575113335,0.12405410611185994,0.21680178702318434,-0.23742241795148855,0.25821084422084073,-0.1274506162640631
2026-06-25 14:30:00+03:00,0.4269722011520665,0.23785528229580946,0.17411072547075124,-0.3681552480869202,0.23690014116749938,-0.18239080256466905
2026-06-25 14:35:00+03:00,0.3820246191191585,0.14821839755111213,0.20572098853583065,-0.26934721312889887,0.24052891346864871,-0.17280628809076695
2026-06-25 14:40:00+03:00,0.3427890840145302,0.06665594295676648,0.23188018689564688,-0.1958183339806448,0.2464464918353056,-0.1573858066053975
2026-06-25 14:45:00+03:00,0.3527532637944684,0.08774225017513936,0.2494150250474617,-0.14974414245890505,0.2395750941424887,-0.1753159058810888
2026-06-25 14:50:00+03:00,0.5525453765358966,0.48033349497682454,0.2213698208701561,-0.22460635757235436,0.24070548575990644,-0.17234245110917773
2026-06-25 14:55:00+03:00,0.6466765907316112,0.6692097014816205,0.24524993478915325,-0.16048350039563597,0.2665593609043632,-0.10674448609065786
2026-06-25 15:00:00+03:00,0.5141672895388889,0.4062828460606253,0.31558125632417255,0.007490684931328193,0.26745373439688286,-0.10455103753614957
2026-06-25 15:05:00+03:00,0.42444070374236914,0.23288518855059281,0.2696826209489207,-0.09910486115671319,0.23844575346736543,-0.17829620793893175
2026-06-25 15:10:00+03:00,0.36744702691841397,0.11835295953734982,0.35270609279856163,0.08764308079980429,0.241356454896022,-0.1706344272629708
2026-06-25 15:15:00+03:00,0.49495163442909407,0.36938211127950954,0.3743548163238976,0.13256321456389142,0.2591706833092646,-0.12504819749952334
2026-06-25 15:20:00+03:00,0.4281320395955406,0.24012987126305782,0.3680989348188367,0.11969870736294293,0.24379542531602075,-0.1642627641697005
2026-06-25 15:25:00+03:00,0.3486057679799941,0.0789994513012548,0.3122528969959603,7.293920002288123e-05,0.21170048155942447,-0.2519676654250894
2026-06-25 15:30:00+03:00,0.297679347464222,-0.03293362427332477,0.38942247780784917,0.16320511233363133,0.21037574449163882,-0.25578661694052834
2026-06-25 15:35:00+03:00,0.2407606193831496,-0.17219766845074475,0.34206369883001947,0.06510966548834514,0.20112977922534736,-0.2829472674835707
2026-06-25 15:40:00+03:00,0.21488875294453058,-0.24284755743098413,0.44701264856060907,0.27695849128338157,0.1973413269207899,-0.29434533093341597
2026-06-25 15:45:00+03:00,0.18392646819182076,-0.33609165328931007,0.5428595079436486,0.4615656636715556,0.19496956114355787,-0.30156527612876133
2026-06-25 15:50:00+03:00,0.20703834392846363,-0.2654866142475794,0.4712474598788731,0.3238106086053243,0.19222381384959464,-0.31000729890245987
2026-06-25 15:55:00+03:00,0.1305542378706622,-0.5310141275978393,0.4040311888449519,0.1925055813381989,0.1811906145579808,-0.3448914165511732
2026-06-25 16:00:00+03:00,0.18947942148979838,-0.3185374858492244,0.40672208248534886,0.1978638850440309,0.19216033277229563,-0.3102035585152474
2026-06-25 16:05:00+03:00,0.2731453972696718,-0.09069969883722322,0.5510551720330327,0.47744133081434853,0.19302843509270015,-0.3075239807687473
2026-06-25 16:10:00+03:00,0.2910315520089191,-0.048296190779052305,0.5287178414568603,0.4342726646067122,0.19502632677014234,-0.30139170054078335
2026-06-25 16:15:00+03:00,0.3255430210615878,0.029445550471723054,0.5944907616674682,0.5626999318996742,0.19577662304864235,-0.29910106293364547
2026-06-25 16:20:00+03:00,0.3509313176345921,0.08390749390223456,0.47707580471848837,0.3350308389009139,0.3006572946864484,-0.0261161955687186
2026-06-25 16:25:00+03:00,0.2641540798730666,-0.11266680433454751,0.6028173753844378,0.5793346704331322,0.2741480415588854,-0.08827845049530021
2026-06-25 16:30:00+03:00,0.2565525197246027,-0.1316150659009757,0.591965021387703,0.5576759590372065,0.23283217210722637,-0.19325652393437973
2026-06-25 16:35:00+03:00,0.16381906979281474,-0.4033446744364953,0.4966507985053182,0.3726446568206324,0.22833159668207603,-0.20543299877721913
2026-06-25 16:40:00+03:00,0.3890018142402972,0.16235575902151342,0.34959441589943796,0.08108782362864121,0.33496595895218423,0.04989492909391163
2026-06-25 16:45:00+03:00,0.44705599342835,0.277042655767689,0.36873187145447894,0.12100434071123536,0.3294773211054859,0.038019701160754725
2026-06-25 16:50:00+03:00,0.47920079882454714,0.3391185449740547,0.4038448169709083,0.19213404229434083,0.33337560296653984,0.04646414121013163
2026-06-25 16:55:00+03:00,0.44737644143732225,0.2776648342458346,0.3946118251413349,0.17365595864897904,0.33057387514856124,0.040400127417979693
2026-06-25 17:00:00+03:00,0.6408519767558883,0.6570186736554707,0.395904369387333,0.1762514830059685,0.30691095976166133,-0.011923417442492363
2026-06-25 17:05:00+03:00,0.6300654190273446,0.6346673642470485,0.4818110659299984,0.3441377718442321,0.340559425731167,0.06189802884731683
2026-06-25 17:10:00+03:00,0.6416625548333379,0.6587099314402496,0.3755221272954653,0.13495396524469558,0.3917427884630875,0.167884075116667
2026-06-25 17:15:00+03:00,0.5733701120975184,0.520966450610439,0.32080135455420794,0.019040243266962575,0.3848578208615665,0.1539706237459192
2026-06-25 17:20:00+03:00,0.5403503686801133,0.4567146400174269,0.35891264581612836,0.10064050231158281,0.3843233096278432,0.15288663607405198
2026-06-25 17:25:00+03:00,0.5013351882498177,0.38163855941105895,0.2716159465365869,-0.0944038276447085,0.35233994121044904,0.08687310093711682
2026-06-25 17:30:00+03:00,0.46585571702576895,0.31341750721211753,0.2597483705276267,-0.12360506999313231,0.2666822828595517,-0.10644274319374004
2026-06-25 17:35:00+03:00,0.35464564177513697,0.09171572057566124,0.32831416167320826,0.03549027754011928,0.3132338278963205,0.0022635330673335197
2026-06-25 17:40:00+03:00,0.47755460781248654,0.33595201375498523,0.3995484939207239,0.18355357899297675,0.374496954543913,0.13285448504254466
2026-06-25 17:45:00+03:00,0.424970395334573,0.2339257679713378,0.25171421893373286,-0.14386716193794524,0.3728910875143815,0.12956113714511527
2026-06-25 17:50:00+03:00,0.4934864797821696,0.36656870756389437,0.30238934319897254,-0.022168729868518505,0.37335998133767645,0.13052334574241134
2026-06-25 17:55:00+03:00,0.45636526334874183,0.2950848293088339,0.24323958441518811,-0.16571104175146706,0.3723372605180964,0.12842400657079703
2026-06-26 09:55:00+03:00,0.49031232278002407,0.3604728600803614,0.06488337067672217,-0.9015708304218855,0.4156041617692034,0.21547346710121357
2026-06-26 10:00:00+03:00,0.420663136281251,0.22545411155983025,0.2606627893164642,-0.12132500063722523,0.3750818051825629,0.13405249834723898
2026-06-26 10:05:00+03:00,0.46703272891000946,0.3156875379414364,0.09380510115673558,-0.7095542262689919,0.22732846806196644,-0.20816992775118215
2026-06-26 10:10:00+03:00,0.38568867222658343,0.15565447113582195,0.04866297860053573,-1.0479046922772206,0.2296945052373293,-0.2017279775448739
2026-06-26 10:15:00+03:00,0.3786342058723423,0.14131338832306503,0.07005623766520454,-0.862089863806642,0.2458306267699142,-0.15897891303513162
2026-06-26 10:20:00+03:00,0.4451526865980532,0.2733454367404796,0.05989648913494826,-0.9425100476871564,0.247684723225171,-0.15419086211517088
2026-06-26 10:25:00+03:00,0.48042512260239983,0.3414730261844494,0.11440489290525713,-0.6032277262561638,0.2999689847374123,-0.027688499014845828
2026-06-26 10:30:00+03:00,0.37169123997324643,0.12709671212844983,0.08539982648512903,-0.7590446997582957,0.28740490003961916,-0.05676414468730487
2026-06-26 10:35:00+03:00,0.6198714485411607,0.6137903677506965,0.12756168293563638,-0.5437936702649413,0.33468030362305495,0.049279298793917806
2026-06-26 10:40:00+03:00,0.6328601708857347,0.6404316559749051,0.14949559355059125,-0.4554138733096619,0.33522005540327793,0.05044232630197407
2026-06-26 10:45:00+03:00,0.5342377464236601,0.4449128948315623,0.16553553666195253,-0.39735530730432733,0.3260270596563511,0.030503294926166588
2026-06-26 10:50:00+03:00,0.4858670047238793,0.35193316375391814,0.14480262830621204,-0.4733644488141223,0.30103363704108504,-0.025257386305811657
2026-06-26 10:55:00+03:00,0.5271074728216313,0.43117116677704825,0.18913948101696454,-0.3196006633853348,0.3059558528604076,-0.014080457453001925
2026-06-26 11:00:00+03:00,0.5055198526890262,0.38967333594396303,0.253761397454215,-0.13866427290547792,0.28344309969544884,-0.06608786420335386
2026-06-26 11:05:00+03:00,0.4507554696272012,0.28422045832711595,0.21814373139601514,-0.23363745603623348,0.2682285074534364,-0.10265467056396117
2026-06-26 11:10:00+03:00,0.4363073106745191,0.2561202265686464,0.21717797681948778,-0.23635966952777987,0.26895219545691407,-0.10088647331364925
2026-06-26 11:15:00+03:00,0.4904049816758673,0.3606508268232209,0.27404553839989376,-0.08852572811743328,0.2699466892231311,-0.09846151037195158
2026-06-26 11:20:00+03:00,0.41726152452487725,0.21874696784359013,0.1574297058328069,-0.42609399534217973,0.25976306514045167,-0.12356838839922835
2026-06-26 11:25:00+03:00,0.3269399121572575,0.032495901610313634,0.06085097856738877,-0.934433855025177,0.23710316926398467,-0.18185189855222184
2026-06-26 11:30:00+03:00,0.3144258825334969,0.004920589069361932,0.08248355287557227,-0.7772499948091945,0.2534900417753953,-0.13935232166710618
2026-06-26 11:35:00+03:00,0.20747496293769965,-0.26421108062551213,0.045022079844183854,-1.0870646672151334,0.23996007530669647,-0.1743021510632628
2026-06-26 11:40:00+03:00,0.2735546804766657,-0.08971066802539569,0.06293036501970106,-0.917241905493102,0.25243946133676276,-0.14202077073853725
2026-06-26 11:45:00+03:00,0.2284291107276394,-0.20516739430092598,0.0861094505287967,-0.7547001934532623,0.2525152186476741,-0.14182810343766714
2026-06-26 11:50:00+03:00,0.20554754089005478,-0.2698568756208848,0.06576252192266166,-0.894659325716094,0.2525739894226227,-0.1416786629513664
2026-06-26 11:55:00+03:00,0.1950640415897007,-0.30127639888897473,0.08073423934463055,-0.7884533471750058,0.24014042936118365,-0.1738276151208325
2026-06-26 12:00:00+03:00,0.1744320293870714,-0.3670835241094033,0.07586463059150758,-0.8208503603709668,0.21187463283585933,-0.2514669243903171
2026-06-26 12:05:00+03:00,0.17271329578912858,-0.37283468814237153,0.06659433949119689,-0.8881985704092655,0.2029210180335627,-0.277614029240567
2026-06-26 12:10:00+03:00,0.17091076953942821,-0.37891509531436024,0.04675056224107094,-1.0681124145534715,0.18950242576695348,-0.3184655918694911
2026-06-26 12:15:00+03:00,0.17533104324566715,-0.3640930699717566,0.04206299467584643,-1.1211814651946197,0.18555968405752035,-0.3308867401686629
2026-06-26 12:20:00+03:00,0.11869862424877631,-0.5832102808172871,0.03394165811561065,-1.2282031346145512,0.1833773612899702,-0.3378496439312603
2026-06-26 12:25:00+03:00,0.10991928594570358,-0.6248510859561079,0.05149815651868667,-1.0192916017150881,0.18237210881662452,-0.34107861336275713
2026-06-26 12:30:00+03:00,0.1048653778915625,-0.6501612736035519,0.06285181908977669,-0.9178816031572641,0.18261603072459506,-0.340293845116383
2026-06-26 12:35:00+03:00,0.10484139686540268,-0.6502839105575225,0.09085543426483882,-0.7264494839297969,0.1819501120445303,-0.34243822882467934
2026-06-26 12:40:00+03:00,0.08801437096530515,-0.7431960740588865,0.08759431705248763,-0.7457133569077132,0.1828331696957328,-0.33959593000920124
2026-06-26 12:45:00+03:00,0.09920451271423383,-0.6798235774584332,0.13015880208799696,-0.5326884245300418,0.18326693498704688,-0.3382036714783816
2026-06-26 12:50:00+03:00,0.08000641048128959,-0.7931799981367347,0.15447090853552603,-0.43688351862871644,0.19733048785766613,-0.2943781768981203
2026-06-26 12:55:00+03:00,0.09176339885393614,-0.7211969266224576,0.11968487641665512,-0.5787011501962175,0.19927496455561594,-0.288507384653394
2026-06-26 13:00:00+03:00,0.13223290300310772,-0.5239541667406045,0.1086182850777093,-0.631267163516653,0.22409007758693258,-0.21706423020309443
2026-06-26 13:05:00+03:00,0.132107518026974,-0.5244788625828748,0.12293575786770773,-0.5640618271357081,0.21785317044941604,-0.2344555562394483
2026-06-26 13:10:00+03:00,0.18306284036920287,-0.33885843608523014,0.11341550136939652,-0.6079327357206288,0.200324623038397,-0.2853561164648746
2026-06-26 13:15:00+03:00,0.12431877422407049,-0.5579346786810983,0.11313779858936496,-0.6092597698958157,0.20467079947843705,-0.27243800467231893
2026-06-26 13:20:00+03:00,0.11615289182323836,-0.5950010845582693,0.09536971225240327,-0.7007849094373267,0.2073175566695183,-0.26467069672255833
2026-06-26 13:25:00+03:00,0.08476737419381969,-0.7629444119708608,0.06902808053614841,-0.8697168368832452,0.19780241444562338,-0.29294934029937403
2026-06-26 13:30:00+03:00,0.07461675546761275,-0.829458891789815,0.1157417283878648,-0.5969264194882481,0.19646989604237905,-0.2969904124846864
2026-06-26 13:35:00+03:00,0.1034596645028562,-0.6573921712268492,0.09609525768522106,-0.6967619980974553,0.1835392241741565,-0.33733100894978735
2026-06-26 13:40:00+03:00,0.12273574633734426,-0.5649528310957131,0.08198654136971559,-0.7804108854506079,0.183149098347315,-0.33858163914578976
2026-06-26 13:45:00+03:00,0.09783118333327415,-0.6872458900130443,0.1047839682077939,-0.6505776965911587,0.1760891930315177,-0.36158055264082384
2026-06-26 13:50:00+03:00,0.08322830357718108,-0.7725458283301212,0.10909950768662847,-0.6288861246746298,0.175471173327203,-0.36362803400600785
2026-06-26 13:55:00+03:00,0.07066506914164065,-0.8576221485596575,0.11441435227885602,-0.603182913963362,0.17462764093515298,-0.36643181514205964
2026-06-26 14:00:00+03:00,0.09644190159045976,-0.6948495472778526,0.15310859493474108,-0.44190814833848224,0.17717725475927557,-0.35798952150819047
2026-06-26 14:05:00+03:00,0.12246728681183948,-0.5661507198215683,0.13027920559365916,-0.5321781720736332,0.1906080966108467,-0.31501795270357785
2026-06-26 14:10:00+03:00,0.09712492652050124,-0.6910991647042266,0.12095986524511591,-0.5729192543589394,0.18445350905773758,-0.3344081277374159
2026-06-26 14:15:00+03:00,0.13163300903403155,-0.5264683609067208,0.18110979636834024,-0.3451529313540477,0.19687314054115881,-0.29576533327926247
2026-06-26 14:20:00+03:00,0.12687875909650304,-0.5467458486289923,0.12634010498891798,-0.5490839655242797,0.1893652665315623,-0.31889434692813756
2026-06-26 14:25:00+03:00,0.1414696332281228,-0.48640874618360036,0.13415796581698405,-0.5159508283202212,0.20243423645767897,-0.2790598843299927
2026-06-26 14:30:00+03:00,0.19801397756915531,-0.2923096314276822,0.1636502914471949,-0.4039363208316603,0.20839308001882806,-0.2615353526940672
2026-06-26 14:35:00+03:00,0.2491158400419714,-0.15051154215619622,0.1442808781905607,-0.47538980332764125,0.20974598719298726,-0.257608266859468
2026-06-26 14:40:00+03:00,0.167273229698755,-0.3913423735210654,0.19272482699165194,-0.30846008481786524,0.2112841240882892,-0.2531660499715163
2026-06-26 14:45:00+03:00,0.12991502842993513,-0.5337227319271642,0.09983436890167034,-0.6764500001456593,0.2152114811103392,-0.2419298895082376
2026-06-26 14:50:00+03:00,0.14794149526197134,-0.4613060233049028,0.09703664116797828,-0.6915825982029377,0.21813752852770632,-0.2336549125526457
2026-06-26 14:55:00+03:00,0.133058120205258,-0.520511376756279,0.08851121642275625,-0.740232571879834,0.2195406862868731,-0.229715127840255
2026-06-26 15:00:00+03:00,0.1029117175249486,-0.6602343256786692,0.0708540651503339,-0.8562424956695309,0.21907890821162979,-0.23100970190743841
2026-06-26 15:05:00+03:00,0.1149224450012857,-0.6007806312324526,0.10157461961653651,-0.6672263991687568,0.2206754947332891,-0.22654203240817425
2026-06-26 15:10:00+03:00,0.12347257295701973,-0.5616765893626307,0.06594384979072365,-0.8932444994526108,0.21892360129875674,-0.23144553890161843
2026-06-26 15:15:00+03:00,0.08588708363551194,-0.7560580811678786,0.10285681942630948,-0.6605198151487272,0.2214265256686096,-0.22444846540367835
2026-06-26 15:20:00+03:00,0.08238665228568219,-0.7778648993805727,0.12811153869733694,-0.541426516367814,0.22180518196015345,-0.22339485346639953
2026-06-26 15:25:00+03:00,0.1041805722265869,-0.6536730977102978,0.166305808496515,-0.39468373430767156,0.2223555480268072,-0.22186574899387906
2026-06-26 15:30:00+03:00,0.1240541441416131,-0.5591025195912445,0.18286204237154494,-0.3395031776579545,0.2234813952666944,-0.2187461570679467
2026-06-26 15:35:00+03:00,0.09183042795064425,-0.7208110197075648,0.14410440947651057,-0.47607620585809085,0.2252964028642572,-0.2137404529805098
2026-06-26 15:40:00+03:00,0.14644061981885512,-0.467045138402316,0.1892543217824162,-0.31924133055455106,0.2419093713096097,-0.16918614139485275
2026-06-26 15:45:00+03:00,0.19061675367257655,-0.31499101919060185,0.1854364796606941,-0.3312781438570117,0.29675032012911634,-0.0350684671716784
2026-06-26 15:50:00+03:00,0.11555402195690606,-0.5978073600026103,0.16799727163244066,-0.38885170755242804,0.24841768989617313,-0.15230467362236857
2026-06-26 15:55:00+03:00,0.10779294021980886,-0.6353725404359694,0.14443272454813708,-0.47479973176047774,0.23110149087517678,-0.1979192836536726
2026-06-26 16:00:00+03:00,0.09678320042118932,-0.6929725750997258,0.24595611157837244,-0.15865409374664174,0.23756988762264725,-0.1806142774912931
2026-06-26 16:05:00+03:00,0.09786574795784503,-0.6870579459702566,0.2201240321504898,-0.2280825383341067,0.2411915826305339,-0.17106672437392617
2026-06-26 16:10:00+03:00,0.1118117231166236,-0.615636046581647,0.17942357007265725,-0.3506301572735302,0.22767530834542435,-0.20722264987280198
2026-06-26 16:15:00+03:00,0.17739992512419916,-0.35725675706007254,0.45095859524111115,0.28461425373829935,0.3332716030575726,0.04623950382096011
2026-06-26 16:20:00+03:00,0.16579304821628127,-0.3964610607375151,0.3233217672608722,0.024581067837264436,0.2857027854412041,-0.06076039382013519
2026-06-26 16:25:00+03:00,0.08468771636730181,-0.7634374537177454,0.31488085006301736,0.005933259249589373,0.2666692103986402,-0.1064748286346722
2026-06-26 16:30:00+03:00,0.12456128019061131,-0.556866345343398,0.4276804630207557,0.23924445838814729,0.3316219527162778,0.042671586570151604
2026-06-26 16:35:00+03:00,0.228859303011326,-0.2039966070132163,0.4480356656322286,0.2789445107133801,0.4396566359586774,0.26265127383867926
2026-06-26 16:40:00+03:00,0.12254894805008783,-0.5657861017164927,0.4105117974904056,0.2053914407947916,0.3063000434978447,-0.013302695060378471
2026-06-26 16:45:00+03:00,0.48471752261165074,0.3497243018051196,0.39898851839516125,0.18243297059175287,0.42664374407480693,0.2372108516198064
2026-06-26 16:50:00+03:00,0.16695090165956958,-0.39245393643711574,0.2953824172266585,-0.03821886422124088,0.35643125041437174,0.09545625460321915
2026-06-26 16:55:00+03:00,0.11262450343040517,-0.611720108187428,0.3579276566542222,0.09858452294139439,0.28926591666747337,-0.052410948003446915
2026-06-26 17:00:00+03:00,0.15064575761408086,-0.45108561483539694,0.4573814845552743,0.2970505494811234,0.293578611484737,-0.04238617073785491
2026-06-26 17:05:00+03:00,0.12284863163965792,-0.5644498004731627,0.4808369306711092,0.34226486593613414,0.27016472354549104,-0.09793061121636662
2026-06-26 17:10:00+03:00,0.12319682885194536,-0.5629006911242536,0.44838666081116313,0.27962571256458213,0.27016472354549104,-0.09793061121636662
2026-06-26 17:15:00+03:00,0.1266284537676664,-0.5478312823809172,0.49309283139427185,0.3658127856260149,0.26965262155776754,-0.0991779739387969
2026-06-26 17:20:00+03:00,0.11226110457485805,-0.6134678855227532,0.4409387654900149,0.26514850576519877,0.2750978096212459,-0.0859899684680588
2026-06-26 17:25:00+03:00,0.11576949296093296,-0.5967962207226554,0.4752611416299633,0.3315388372090029,0.2725609948426116,-0.09211350939858684
2026-06-26 17:30:00+03:00,0.09164655262537176,-0.721870252251797,0.45946732871539886,0.30108315669186936,0.2680012944552076,-0.10321044627684726
2026-06-26 17:35:00+03:00,0.12151648608476778,-0.570411530059881,0.4584643915561113,0.29914450830149275,0.2710386392034199,-0.09580538683415622
2026-06-26 17:40:00+03:00,0.12531353984214025,-0.5535636574682667,0.4847207655038386,0.3497305338211061,0.2706938037238417,-0.09664345655297392
2026-06-26 17:45:00+03:00,0.12329145967171422,-0.5624803345145802,0.4640264423486802,0.3098880321427108,0.2688257148655326,-0.10119528790594211
2026-06-26 17:50:00+03:00,0.10336281579053606,-0.6578935466843916,0.44566363891543276,0.27433827612505957,0.2647798252204553,-0.11112277903447439
2026-06-26 17:55:00+03:00,0.10598955762714218,-0.6444398996626134,0.4083009932027567,0.20100271956817128,0.2601315313383543,-0.12264904030291048
2026-06-29 09:55:00+03:00,0.08344170264783127,-0.7712049639132597,0.0583857843447181,-0.9555422529503368,0.25239059335424296,-0.14214507295410403
2026-06-29 10:00:00+03:00,0.3796351948624684,0.14335450954700318,0.41074836801453096,0.20586063446293362,0.4743887226921024,0.3298595777268808
2026-06-29 10:05:00+03:00,0.3209847703686381,0.019444231318750848,0.358179267768701,0.09910995107719213,0.39821288655414067,0.18087992220117624
2026-06-29 10:10:00+03:00,0.41670374743650784,0.2176457037208651,0.4949105211126749,0.36930316759940646,0.4763891220812017,0.33370958024565034
2026-06-29 10:15:00+03:00,0.45608027750099356,0.29453344353205885,0.4129890777714107,0.21030064080925764,0.48410240962004164,0.34854216537988514
2026-06-29 10:20:00+03:00,0.4925535795134261,0.36477723480966967,0.37630243462362484,0.13655044671339361,0.4708573831478559,0.32305916149065633
2026-06-29 10:25:00+03:00,0.4018316511962549,0.18811717212345833,0.4830964026625182,0.3466085999707451,0.41878336479726974,0.22174954272420527
2026-06-29 10:30:00+03:00,0.5314184898303422,0.4394766103159338,0.6206873396725907,0.6154530568483437,0.45730403471954656,0.2969007593088296
2026-06-29 10:35:00+03:00,0.5583765053816033,0.4916685764690008,0.5516341742296736,0.47856483444310854,0.4721990756070013,0.3256435272622302
2026-06-29 10:40:00+03:00,0.574438633962631,0.52306378276411,0.5539019604008109,0.482967922454443,0.46992706762512815,0.321266715261686
2026-06-29 10:45:00+03:00,0.47429781014552824,0.3296845692517584,0.49995424491497226,0.378987209324644,0.4768865464401795,0.33466670043454727
2026-06-29 10:50:00+03:00,0.41266501766205355,0.20965895618274363,0.5698553604001344,0.514076939431458,0.4930432994687838,0.36571766845753145
2026-06-29 10:55:00+03:00,0.35655533854079435,0.09571588528687877,0.5305062361243396,0.43771838488702036,0.4674659176319013,0.31652282298721446
2026-06-29 11:00:00+03:00,0.4210069546545786,0.22613119961981168,0.5241715713078575,0.42551950106746356,0.47135741801988273,0.3240224206364985
2026-06-29 11:05:00+03:00,0.4968585065567114,0.3730434629773053,0.6075402412400028,0.5888222553558607,0.4959717532312721,0.37134085178110054
2026-06-29 11:10:00+03:00,0.48602434976573944,0.3522354974514853,0.5869960358523265,0.5478199993833828,0.49314615383743055,0.3659151815120397
2026-06-29 11:15:00+03:00,0.5180682241055893,0.41378027955555263,0.5793595970013189,0.5327407765831784,0.5139489679773149,0.40586334765783577
2026-06-29 11:20:00+03:00,0.6131314996372412,0.6001068561413678,0.585388868611177,0.5446398091276119,0.5570135718302617,0.4890164965541277
2026-06-29 11:25:00+03:00,0.5299624481882693,0.43667050688509695,0.5475732062768154,0.4706904278805819,0.5571883535640495,0.4893565033761622
2026-06-29 11:30:00+03:00,0.5182375213579106,0.41410575104979197,0.5497828720661503,0.4749734815549708,0.5218978447170014,0.42114476416897595
2026-06-29 11:35:00+03:00,0.5858237472573338,0.5454999695599191,0.5939237529180585,0.561571233740463,0.5458851406452775,0.4674208629177043
2026-06-29 11:40:00+03:00,0.5589598246916057,0.49280415573472847,0.17819490568011567,-0.35464650134822917,0.5143268215424145,0.4065893886319445
2026-06-29 11:45:00+03:00,0.6256073708241255,0.6255094085050625,0.14306898338506538,-0.48011780599492393,0.4811630266981821,0.34289185984069726
2026-06-29 11:50:00+03:00,0.4699640592367103,0.32133799489436066,0.3064684267695063,-0.012922379749630328,0.49083802215972583,0.36148253614438836
2026-06-29 11:55:00+03:00,0.49657840096406464,0.3725056506921894,0.3185668942140402,0.014108817142459748,0.4825615511881478,0.34558049855424955
2026-06-29 12:00:00+03:00,0.6143322480432626,0.6025380241026235,0.31954722527039575,0.016274646148540656,0.488858860321304,0.3576810697406269
2026-06-29 12:05:00+03:00,0.5347887322431392,0.44597582539543207,0.31334814815664985,0.002518587448248538,0.5398228265564409,0.4556952322288069
2026-06-29 12:10:00+03:00,0.5087896466958787,0.3959524894241484,0.27919701268432157,-0.0761685291017263,0.48837238095722585,0.3567465685037914
2026-06-29 12:15:00+03:00,0.42783255038456397,0.23954268464435177,0.26473680752211026,-0.1112288502797204,0.4948323217877546,0.3691530129035258
2026-06-29 12:20:00+03:00,0.4767830663077496,0.33446759623780276,0.28392757335762925,-0.06494351189175068,0.4911575649922786,0.36209624178988314
2026-06-29 12:25:00+03:00,0.47903693178188084,0.3388033785469424,0.2802494619921318,-0.07366124321508247,0.4587531324949627,0.2997027021350036
2026-06-29 12:30:00+03:00,0.4409690808348001,0.26520753293025245,0.2715611113465867,-0.09453687351016213,0.4317742745418433,0.24726281197301334
2026-06-29 12:35:00+03:00,0.4033012537663051,0.1910501130866448,0.19935347001735917,-0.2882712663196927,0.41071290688772616,0.20579030912962334
2026-06-29 12:40:00+03:00,0.4737477549964151,0.3286256316771994,0.28511434201985386,-0.06214526778229659,0.4189602163181147,0.22209827003560012
2026-06-29 12:45:00+03:00,0.5374716588052261,0.4511539644877702,0.27603610589236266,-0.08373393703132032,0.4329637734135448,0.2495891553970388
2026-06-29 12:50:00+03:00,0.43462365842525846,0.25283293041874905,0.305497197895437,-0.015117634018274637,0.4208134961324789,0.22575023668173877
2026-06-29 12:55:00+03:00,0.4637069105858702,0.3092713259597275,0.30234723687539006,-0.02226454080740392,0.4295383251644714,0.2428856998976344
2026-06-29 13:00:00+03:00,0.4557006773810843,0.2937989131846493,0.31841387717256453,0.013770439452131952,0.42506417502726995,0.23410996289333447
2026-06-29 13:05:00+03:00,0.504796428110313,0.3882842478846741,0.35759978270904763,0.09789959319977316,0.43302846178280263,0.24971562507048212
2026-06-29 13:10:00+03:00,0.5691022094483026,0.5126024548316261,0.40374337825090595,0.19193179731323573,0.45207877915498834,0.2867853655284353
2026-06-29 13:15:00+03:00,0.38369535020722745,0.15161241151268948,0.36354604079381936,0.1102789271294787,0.35819389615929165,0.09914049386473373
2026-06-29 13:20:00+03:00,0.43019917256874085,0.2441799576234875,0.25964584971890403,-0.1238610262171006,0.3873793693964911,0.15907677350178812
2026-06-29 13:25:00+03:00,0.35272794231767135,0.08768901662352993,0.23056934507391597,-0.1993578811400762,0.31954486594259723,0.016269437964488768
2026-06-29 13:30:00+03:00,0.44335704494263894,0.2698544955362554,0.32836118321583424,0.03559261989280402,0.37336766943645244,0.13053911827680031
2026-06-29 13:35:00+03:00,0.334620643505816,0.049150689298096274,0.2201141220497422,-0.22811024742758929,0.2789910611923756,-0.07665985087475985
2026-06-29 13:40:00+03:00,0.44259831954880413,0.2683785834320501,0.33758940156825645,0.05553674595371647,0.3824702802539716,0.149124288424455
2026-06-29 13:45:00+03:00,0.470470158956933,0.3223131417111247,0.20516637008049185,-0.27097803785486546,0.3775994155264782,0.1392011252831567
2026-06-29 13:50:00+03:00,0.3737001783011135,0.13122115203280393,0.18873953219151893,-0.3208533970918445,0.29364363808597255,-0.04223568167865206
2026-06-29 13:55:00+03:00,0.34734346788831066,0.07632902171553481,0.14624453607995308,-0.46779852439561664,0.2674845874680649,-0.10447545368754865
2026-06-29 14:00:00+03:00,0.39862475388122076,0.18170473143353633,0.1636497032839427,-0.4039383834745779,0.27987681619359844,-0.07454835049634728
2026-06-29 14:05:00+03:00,0.4866300950002124,0.3533993692823747,0.16343056445578813,-0.40470730171082514,0.37526714623775503,0.1344319966341202
2026-06-29 14:10:00+03:00,0.31461248397761443,0.005336023792954785,0.31055305325548627,-0.0037320387164154756,0.23790164050509777,-0.1797355687949976
2026-06-29 14:15:00+03:00,0.4526102836619766,0.287815183460261,0.38465828750408215,0.15356603659190826,0.2824210233293409,-0.06850594865842516
2026-06-29 14:20:00+03:00,0.28290139979398365,-0.06736878885826962,0.3357696920277874,0.05162569953265019,0.24748452923945513,-0.15470668420729966
2026-06-29 14:25:00+03:00,0.329915081578929,0.03897048370048919,0.3728913666774135,0.12956171015629137,0.2690333763065175,-0.10068831078869149
2026-06-29 14:30:00+03:00,0.3066743991280871,-0.012457323178145123,0.25897037865552863,-0.125549069092203,0.22426091811558044,-0.2165927434259969
2026-06-29 14:35:00+03:00,0.3124009050253617,0.0004037076539729819,0.20624684535547722,-0.26780396656803596,0.22733947264377602,-0.20813985676880845
2026-06-29 14:40:00+03:00,0.35990534036448685,0.10271005408801946,0.23761627335407468,-0.1804913655661604,0.22321200764814164,-0.21949157728489663
2026-06-29 14:45:00+03:00,0.4279391966623709,0.2397517900751984,0.2579566021686303,-0.12808794298378448,0.2540524299920228,-0.13792687097631975
2026-06-29 14:50:00+03:00,0.4849971016512355,0.3502615727551966,0.40245896816974336,0.18936955951605677,0.3006413720901365,-0.026152544268005378
2026-06-29 14:55:00+03:00,0.45076234459103354,0.284233787196321,0.38737055152839744,0.1590589387307661,0.30562752293228096,-0.014822835713855073
2026-06-29 15:00:00+03:00,0.4582426945376828,0.29871588715985226,0.24002121430881496,-0.1741412587390091,0.2990847480812604,-0.02971138644385044
2026-06-29 15:05:00+03:00,0.40290016331322503,0.1902499878727195,0.20714297855644315,-0.2651807549951938,0.24195950284313653,-0.16905494051094888
2026-06-29 15:10:00+03:00,0.4213806695241588,0.2268669923316789,0.3155596746226445,0.007442723645472701,0.2928285740643351,-0.044123370328414666
2026-06-29 15:15:00+03:00,0.35982686985591184,0.10254655138756463,0.330707730464781,0.04069042951657362,0.28413237791802465,-0.06446010721355866
2026-06-29 15:20:00+03:00,0.22653201844968263,-0.21034903108276307,0.22380922830346925,-0.2178398757483932,0.221211757941517,-0.22504663013135634
2026-06-29 15:25:00+03:00,0.19868976147877804,-0.2902696870069573,0.1909998013130255,-0.3138002310606714,0.19232833958152376,-0.30968425224157536
2026-06-29 15:30:00+03:00,0.2343208702685581,-0.1892649879161914,0.15690685703159193,-0.42798852282272426,0.20818352936574971,-0.2621452929967925
2026-06-29 15:35:00+03:00,0.40613329384996477,0.19669241068987833,0.25876976116970835,-0.12605097560975062,0.24989196931020907,-0.14852206581713445
2026-06-29 15:40:00+03:00,0.37225889897946846,0.128263057330559,0.29857948971181075,-0.030868815910322367,0.25662832275538383,-0.1314243230768186
2026-06-29 15:45:00+03:00,0.3788101362284804,0.14167228086248126,0.4173288067150638,0.21887978016715495,0.2472033614626984,-0.15543161737137268
2026-06-29 15:50:00+03:00,0.2843908099794695,-0.06385042414526865,0.24553849402829536,-0.15973553621265096,0.23085951828195322,-0.198573142137565
2026-06-29 15:55:00+03:00,0.27147294751857504,-0.09475081952067715,0.21106503867054938,-0.2537973287546038,0.2296003950563733,-0.20198331568437136
2026-06-29 16:00:00+03:00,0.42126714910608537,0.22664350517599033,0.30285016655332386,-0.021120641607969087,0.20318297902244273,-0.2768370138087616
2026-06-29 16:05:00+03:00,0.35597983130788746,0.09451140582973913,0.21640155754889898,-0.2385545444359956,0.23859419504899768,-0.17790392217961037
2026-06-29 16:10:00+03:00,0.43773671800235114,0.2589088625405106,0.30759382644933053,-0.010383505164512516,0.30890326821495157,-0.007435923877696882
2026-06-29 16:15:00+03:00,0.3004741613373732,-0.026534325549822466,0.18578482500774282,-0.3301720159082718,0.2973178027068813,-0.03376397245256492
2026-06-29 16:20:00+03:00,0.659592360970072,0.6965765307080003,0.25533242563455005,-0.13469027968555858,0.6757589759720721,0.7315537989140295
2026-06-29 16:25:00+03:00,0.466048882706445,0.31379010364594795,0.09418721096483496,-0.7074005579359339,0.6646016192964851,0.7073237460144091
2026-06-29 16:30:00+03:00,0.42861234324743036,0.24107135221070905,0.0589315328838363,-0.9507982330708584,0.6311587975848245,0.6369203376270892
2026-06-29 16:35:00+03:00,0.3057379847904961,-0.014573023489346323,0.07106116936311731,-0.8547345527665144,0.6397329038012393,0.6546864996360354
2026-06-29 16:40:00+03:00,0.17541167232109448,-0.36382545843325215,0.06070573142392866,-0.9356551511763991,0.2682691702463547,-0.10255523856675224
2026-06-29 16:45:00+03:00,0.2690267091275448,-0.10070458395389317,0.08821030166307743,-0.7420256187937158,0.30283493848269893,-0.02115526163013863
2026-06-29 16:50:00+03:00,0.19294833984004556,-0.3077708267423918,0.08245910151223602,-0.7774050944106837,0.2709011428555652,-0.09613947023385498
2026-06-29 16:55:00+03:00,0.3197874490811009,0.016804830262032527,0.15292608434155275,-0.44258408061098,0.32355178267534673,0.0250856006284109
2026-06-29 17:00:00+03:00,0.13174914777924815,-0.5259808584988775,0.08614493934009473,-0.7544837743316294,0.26704852029048365,-0.1055442453856551
2026-06-29 17:05:00+03:00,0.25741140692518744,-0.12945600609292943,0.15749164139250013,-0.4258699128048168,0.3219131562194145,0.021487212753585297
2026-06-29 17:10:00+03:00,0.20989337181380713,-0.25718157929819785,0.15063607979427565,-0.45112192042297405,0.3115567512070697,-0.0014839580781436628
2026-06-29 17:15:00+03:00,0.23701609893887182,-0.18208297314442298,0.2725251918763342,-0.09220018698027196,0.3284138486738212,0.03570723733051274
2026-06-29 17:20:00+03:00,0.2166514033752229,-0.23784762971314496,0.1712595706438667,-0.37773454111568866,0.3125301680798698,0.0006925148771672787
2026-06-29 17:25:00+03:00,0.23940741869657248,-0.1757577874002105,0.27428806490792784,-0.08794075249277589,0.3219205577894796,0.021503487994131616
2026-06-29 17:30:00+03:00,0.16672079638273565,-0.39324851512726355,0.24953036683273463,-0.1494484587569933,0.3043922447318902,-0.01761990298742434
2026-06-29 17:35:00+03:00,0.11900404024565757,-0.5818104711876202,0.15505344953357147,-0.43474598280303445,0.28205524326741965,-0.06937261959176264
2026-06-29 17:40:00+03:00,0.17451183338932752,-0.3668175756407167,0.2785466777283152,-0.07772073866428922,0.3094596520935856,-0.006185585890202119
2026-06-29 17:45:00+03:00,0.1959112236907211,-0.2986908333983754,0.295331633023731,-0.03833598728871007,0.3110046378548523,-0.0027200880041262743
2026-06-29 17:50:00+03:00,0.15127886083327902,-0.44871473363392905,0.23350666813724502,-0.19144585584054635,0.30538995732965163,-0.015360267538375544
2026-06-29 17:55:00+03:00,0.30328471486995723,-0.020133138842585812,0.3869708402719433,0.1582503370613849,0.31089380945575107,-0.002968367347762678
2026-06-30 09:55:00+03:00,0.12864540289690202,-0.539136485021661,0.21096240221576937,-0.2540932333651715,0.20898504865762602,-0.2598147432475521
2026-06-30 10:00:00+03:00,0.15546297932419942,-0.43324720456957116,0.17850829686213282,-0.35362001289722506,0.20076719164795315,-0.2840311537872461
2026-06-30 10:05:00+03:00,0.12582388568148808,-0.5513327158740836,0.15188252634598995,-0.44646167418573535,0.1988779143642601,-0.2897026513556616
2026-06-30 10:10:00+03:00,0.12958233245908662,-0.5351369954409839,0.1426716241099297,-0.48167529616430826,0.19869469527413883,-0.29025481289228594
2026-06-30 10:15:00+03:00,0.08458202785290965,-0.7640922623073589,0.13963701860621472,-0.49369067827917823,0.18616176175684823,-0.32897690118696554
2026-06-30 10:20:00+03:00,0.07554625893466894,-0.8230342350248295,0.09824423270139411,-0.6850038093161271,0.18027577050213428,-0.34785703166865545
2026-06-30 10:25:00+03:00,0.10017432581945816,-0.6746370110299311,0.17269951248012755,-0.3728809918339488,0.18028810641976487,-0.34781696484026836
2026-06-30 10:30:00+03:00,0.12259625924255706,-0.5655749524749217,0.20068801151052326,-0.28426804261192107,0.18390678454277395,-0.3361546010550572
2026-06-30 10:35:00+03:00,0.2566694074803887,-0.13132095718486703,0.19262512840886087,-0.3087677267218752,0.22253248392655145,-0.2213747350671705
2026-06-30 10:40:00+03:00,0.17654633171395365,-0.36006969816097684,0.28429096147995647,-0.06408594331198283,0.2363937295015225,-0.18373637698458073
2026-06-30 10:45:00+03:00,0.1815088187443333,-0.34386264034367164,0.1085018492707107,-0.6318446670356821,0.23557430006502814,-0.18591788645152696
2026-06-30 10:50:00+03:00,0.13086231753382993,-0.529712685657368,0.06615829670561016,-0.8915759181168897,0.22783576577999423,-0.20678475854955838
2026-06-30 10:55:00+03:00,0.09552292596506956,-0.6999331157451749,0.03145848723899878,-1.2659020600086577,0.2078953998123103,-0.2629846927216459
2026-06-30 11:00:00+03:00,0.14118543951233442,-0.48753280879022776,0.04853345962309524,-1.0492492503518587,0.22711267791686618,-0.2087598009427283
2026-06-30 11:05:00+03:00,0.1367282987239589,-0.5054147166945557,0.047674773622708236,-1.0582505226041359,0.23035906341479717,-0.19992699523360144
2026-06-30 11:10:00+03:00,0.13042677028099234,-0.5315533610097923,0.07099328724382074,-0.8552283604001317,0.24605464121689158,-0.15839912657012728
2026-06-30 11:15:00+03:00,0.08583179218762224,-0.7563962138769761,0.03862082309253015,-1.1638829372260926,0.20597492817349675,-0.2686016051483531
2026-06-30 11:20:00+03:00,0.09583314927679802,-0.698212160148017,0.03237423784003949,-1.2516751685462821,0.20294087961663732,-0.2775550906349095
2026-06-30 11:25:00+03:00,0.10429287476418973,-0.6530957920302982,0.03506160759987946,-1.2120642210957568,0.20349566725905024,-0.2759105102613449
2026-06-30 11:30:00+03:00,0.14672009292497817,-0.4659727997638181,0.05772005830953263,-0.9613858420667643,0.22663841063085735,-0.21005762681378243
2026-06-30 11:35:00+03:00,0.12510115886504836,-0.5544943601962745,0.0826481012910827,-0.7762073201553489,0.22942692842480436,-0.2024541549846516
2026-06-30 11:40:00+03:00,0.08347406453559879,-0.7710018946059792,0.050459131175411,-1.0296003604622426,0.22739038194864566,-0.20800075600777979
2026-06-30 11:45:00+03:00,0.10164819102323792,-0.6668395580614525,0.14923498230190466,-0.4563984072632411,0.25071677324851877,-0.14641233111136936
2026-06-30 11:50:00+03:00,0.09307308238070322,-0.7137021319135279,0.10030020894458025,-0.6739670638303684,0.24554517770773224,-0.15971821871332778
2026-06-30 11:55:00+03:00,0.09074176170765445,-0.727110400545917,0.19029031306104763,-0.31600727650051164,0.24952093355595464,-0.1494726379474667
2026-06-30 12:00:00+03:00,0.10456962974866801,-0.6516754383782005,0.22265621618793296,-0.22103153184369362,0.25497912571446474,-0.13558256339365932
2026-06-30 12:05:00+03:00,0.11598050788961087,-0.5958075763549395,0.14464644980500374,-0.47397007316462014,0.25597857617567166,-0.13306047712860358
2026-06-30 12:10:00+03:00,0.1823444103639609,-0.3411677789439864,0.17352541033332303,-0.37011161232469175,0.26914205596707147,-0.10042308278726525
2026-06-30 12:15:00+03:00,0.28987774576632935,-0.050983422112763445,0.30740571927546795,-0.01080751006661683,0.3578540793471201,0.0984308438957443
2026-06-30 12:20:00+03:00,0.26270698361815986,-0.11624652111725602,0.23801290767365071,-0.1794410459655344,0.34846346680056006,0.07869863492902264
2026-06-30 12:25:00+03:00,0.17045957851550514,-0.38044503976357313,0.29081764223149914,-0.04879391413081202,0.2626808567459763,-0.11631126814142681
2026-06-30 12:30:00+03:00,0.22235295998994176,-0.22187293311165535,0.31203207726673304,-0.00042070807438628066,0.2746419045512481,-0.0870878656013528
2026-06-30 12:35:00+03:00,0.2666942295922972,-0.10641342164909436,0.39886121481719145,0.18217814034702928,0.31519830148277517,0.0066393766867797995
2026-06-30 12:40:00+03:00,0.17595272583712657,-0.36203217762661977,0.40827988217839123,0.20096077635100923,0.30655146597366456,-0.012734867950857343
2026-06-30 12:45:00+03:00,0.15573908157439376,-0.43223855546358153,0.27963656424970723,-0.07512066854872307,0.2547529531859199,-0.13615420492794506
2026-06-30 12:50:00+03:00,0.21005640688633845,-0.25670983894214405,0.3948849549023967,0.17420466873832033,0.31399425197388064,0.003959128973985402
2026-06-30 12:55:00+03:00,0.19366321691257443,-0.3055703933881116,0.40566171204409096,0.19575374801135365,0.31250447891551997,0.0006351238033800545
2026-06-30 13:00:00+03:00,0.1721259189060383,-0.3748105227366789,0.2596659771668895,-0.12381077031049509,0.26508644829878486,-0.11036703978428201
2026-06-30 13:05:00+03:00,0.1786588238308616,-0.35312747494753566,0.27600903992600806,-0.08379894762633303,0.26725687986577457,-0.10503342214391237
2026-06-30 13:10:00+03:00,0.192118203124549,-0.3103338348187548,0.3361476817594141,0.05243895930387418,0.271192282186384,-0.09543219687969608
2026-06-30 13:15:00+03:00,0.17575729817835203,-0.3626794065583365,0.31336231613016124,0.00255019340190335,0.2913413560151108,-0.04757572374725096
2026-06-30 13:20:00+03:00,0.1213985440517028,-0.5709420622117215,0.4000277656871724,0.1845122677611587,0.2621311630446782,-0.117674469356373
2026-06-30 13:25:00+03:00,0.17225447283834677,-0.3743776336619002,0.49386316974205535,0.3672920497451561,0.2630713219473269,-0.11534405755642625
2026-06-30 13:30:00+03:00,0.14199690871520973,-0.48432821535967446,0.42442459001785277,0.2328535277983831,0.2647012745348613,-0.11131647435515588
2026-06-30 13:35:00+03:00,0.17336925008755644,-0.3706344448345937,0.40058235096493544,0.1856211288790965,0.2655347872807399,-0.10926301603741399
2026-06-30 13:40:00+03:00,0.15352859324320225,-0.44035517803686586,0.35652355555812565,0.09564938931081084,0.26356919683241226,-0.11411212325840733
2026-06-30 13:45:00+03:00,0.16386543558556524,-0.4031822266522845,0.36636819321442643,0.11612369730607239,0.24270191789111042,-0.16711410325478063
2026-06-30 13:50:00+03:00,0.17561096323313044,-0.3631644181338603,0.46127355490168936,0.30457294985905814,0.2333039643123021,-0.19198962634526964
2026-06-30 13:55:00+03:00,0.17977581878801227,-0.34948266873903056,0.4586161377520976,0.2994378706682753,0.2466322284391324,-0.15690587327693029
2026-06-30 14:00:00+03:00,0.1640140389593824,-0.40266182687027513,0.43803524753494627,0.25949100876458914,0.23264520271796296,-0.19375908504070974
2026-06-30 14:05:00+03:00,0.14298856502914187,-0.48043272275283055,0.4332496858845981,0.2501480978634463,0.23174979043877908,-0.1961698043244306
2026-06-30 14:10:00+03:00,0.19851143830519735,-0.29080747173836174,0.4373867382227251,0.25822627397817,0.2981985816799083,-0.031742131424051016
2026-06-30 14:15:00+03:00,0.20833150026588626,-0.261714546328168,0.3485318335405234,0.07884316534749324,0.30023931917894536,-0.0270707298756015
2026-06-30 14:20:00+03:00,0.19686032301567555,-0.2958042444654677,0.3436813768086901,0.06855586635466482,0.30007989142413877,-0.027435016238961562
2026-06-30 14:25:00+03:00,0.23632458884680255,-0.18392024328387532,0.2682503282921042,-0.10260131127209005,0.3026216494697337,-0.02164026378732851
2026-06-30 14:30:00+03:00,0.16770409747950077,-0.3898591763930609,0.2487145964182644,-0.15154168638447718,0.24277399101273697,-0.16692590322604528
2026-06-30 14:35:00+03:00,0.19641893044610323,-0.29714538394763995,0.3673685637009712,0.11819091882640376,0.24911137689103582,-0.15052299465134047
2026-06-30 14:40:00+03:00,0.19592729235288614,-0.29864187432827083,0.44075933482767937,0.26479911781948434,0.24756915111487943,-0.1544886123781523
2026-06-30 14:45:00+03:00,0.15694177066064055,-0.4278618543832506,0.45844795351895257,0.2991127286776906,0.24603007219624143,-0.15846269789280032
2026-06-30 14:50:00+03:00,0.1820315801909496,-0.34217555889255147,0.3890539720305141,0.16246108785815241,0.28811332965255865,-0.0551050502290898
2026-06-30 14:55:00+03:00,0.27561349311304895,-0.08474947451838548,0.4746384069017453,0.3303402080572624,0.32737317285864515,0.033440636448654026
2026-06-30 15:00:00+03:00,0.464563221728167,0.31092390489484,0.618690022752768,0.6113852047304851,0.47805222453672,0.3369093003019443
2026-06-30 15:05:00+03:00,0.5822462711507419,0.5384316945721805,0.5715743347054296,0.5174446522226158,0.4441077218709059,0.27131424552630734
2026-06-30 15:10:00+03:00,0.7108508383240337,0.8108336789345432,0.6009126355313316,0.5755192966146132,0.4705475633296478,0.32246227315452386
2026-06-30 15:15:00+03:00,0.6810413617654404,0.7431753986889712,0.44949962219547046,0.281785061168043,0.5076149795474377,0.39369657753871173
2026-06-30 15:20:00+03:00,0.6413260361660263,0.6580075863618474,0.46437706751544594,0.31056468398254616,0.4986147182130661,0.3764153764463384
2026-06-30 15:25:00+03:00,0.6487911985919886,0.6736579963695847,0.4766944733263243,0.33429713308470654,0.5068158642031753,0.39216199506786437
2026-06-30 15:30:00+03:00,0.7207685007770401,0.8342363927953801,0.42395628282482084,0.23193324491250503,0.4877986818103053,0.3556444681495956
2026-06-30 15:35:00+03:00,0.7742629941782876,0.9706797261031229,0.4197236810595949,0.22360324941043663,0.48121340975259164,0.3429887299759452
2026-06-30 15:40:00+03:00,0.7533434006265951,0.9149930318715772,0.4437012551593961,0.2705239012515027,0.4769374936339576,0.33476472557820214
2026-06-30 15:45:00+03:00,0.771361350799558,0.9627470462134177,0.5382242644227627,0.4526072581126584,0.47368089536365293,0.32849690867836445
2026-06-30 15:50:00+03:00,0.8275403978786167,1.131837530012092,0.4977975889818066,0.3748465075488098,0.4475055267309634,0.27791544088189724
2026-06-30 15:55:00+03:00,0.8714049371157424,1.2975021878395707,0.5767597710094039,0.5276245248128675,0.4862621860196242,0.3526924824731585
2026-06-30 16:00:00+03:00,0.8947058337982119,1.4061227678532213,0.5075411013793012,0.39355470246159197,0.5165359135990539,0.41083478857633415
2026-06-30 16:05:00+03:00,0.8238614333490281,1.1195673369414347,0.4918473367978586,0.363420952916707,0.4886451939077263,0.35727063291061023
2026-06-30 16:10:00+03:00,0.7996325195003845,1.0433778275936783,0.5506149750145667,0.4765873464237877,0.4685350617323453,0.3185839706257432
2026-06-30 16:15:00+03:00,0.7724382368339295,0.9656827620064928,0.5156149639562994,0.40906477996151125,0.45904013094236606,0.300257474322873
2026-06-30 16:20:00+03:00,0.7751985935732849,0.973252893316568,0.5668055820765541,0.5081100547638305,0.456402752693027,0.2951573589336076
2026-06-30 16:25:00+03:00,0.7548380104049778,0.9188616918351215,0.5594572999715546,0.4937728680245979,0.4542761471142757,0.2910415362201858
2026-06-30 16:30:00+03:00,0.7257892070949593,0.8462772118749767,0.6563909835414751,0.6897482336181606,0.4521942313835581,0.2870090782155148
2026-06-30 16:35:00+03:00,0.8211902644356179,1.110784117588123,0.7906439087977434,1.016888216681787,0.4706313810744107,0.3226237578691083
2026-06-30 16:40:00+03:00,0.7845493118604698,0.9994004694904828,0.7949405316010121,1.0294428657627197,0.39584994953656505,0.1761422630808945
2026-06-30 16:45:00+03:00,0.7948181831087758,1.0290826868578271,0.6904866004209227,0.7642149809329792,0.3903514062307934,0.16507951816889346
2026-06-30 16:50:00+03:00,0.7032724608531017,0.7932709785153383,0.6813231718459629,0.7437982451061577,0.3825426277919072,0.14927131058326742
2026-06-30 16:55:00+03:00,0.6836471506905304,0.7489458667168464,0.5417118166043876,0.45934627741932277,0.4018201855043828,0.18809427584188124
2026-06-30 17:00:00+03:00,0.7784627700207909,0.9822904109104168,0.49223081746480746,0.36415740386361606,0.3931162265415517,0.17064898719295674
2026-06-30 17:05:00+03:00,0.7061482403788598,0.7999042769716461,0.46141119601358993,0.304838803274743,0.33421792530722033,0.04828224997577463
2026-06-30 17:10:00+03:00,0.7252504711338758,0.8449786996315444,0.5772910963979302,0.5286694414231855,0.39678967117154124,0.17802754761965167
2026-06-30 17:15:00+03:00,0.7574238918453386,0.9255928270925745,0.5765123931092784,0.5271381450672841,0.3722463837270901,0.1282373505814926
2026-06-30 17:20:00+03:00,0.792459313530381,1.0221693620785903,0.40989252318706276,0.20416283592580528,0.39614026210078157,0.17672485680115635
2026-06-30 17:25:00+03:00,0.7533166268935628,0.9149238746436191,0.49563198293862765,0.3706884633390449,0.3851989006311619,0.15466203811830576
2026-06-30 17:30:00+03:00,0.7743284823805385,0.9708595911068356,0.41305772384390294,0.21043655051674348,0.3147830897542746,0.005715730392465931
2026-06-30 17:35:00+03:00,0.7779472296504572,0.9808567471920691,0.4072092667264138,0.19883280051175367,0.3165384880208121,0.00961618000831473
2026-06-30 17:40:00+03:00,0.8011184178100661,1.04784171537422,0.398035901555396,0.18052540185830201,0.33478223306551447,0.04949900204568914
2026-06-30 17:45:00+03:00,0.8366047180778554,1.162981292936632,0.3899766224678235,0.16432346774279905,0.332148044958723,0.043810402015360586
2026-06-30 17:50:00+03:00,0.8163527759459972,1.0951352706958692,0.4194924776172869,0.22314757007620634,0.38659975111999834,0.15749936116630653
2026-06-30 17:55:00+03:00,0.821859102424092,1.1129736571899251,0.37212955976610984,0.1279973732650447,0.3183202974637035,0.01356345715425914
2026-07-01 09:55:00+03:00,0.8235003731642092,1.1183740315432718,0.07373633728924323,-0.8356124904062978,0.4048340859734984,0.19410555619885578
2026-07-01 10:00:00+03:00,0.8471346973482617,1.2009594474769767,0.5283141119810645,0.43349499413480586,0.44138082696411307,0.2660091612810583
2026-07-01 10:05:00+03:00,0.8722329768521403,1.3010587681380668,0.3146136326879337,0.005338580777956348,0.4848350581404397,0.34995017369450016
2026-07-01 10:10:00+03:00,0.9057759621837316,1.465343520020732,0.3603652879829088,0.10366809663291346,0.4510871382230461,0.2848634409699296
2026-07-01 10:15:00+03:00,0.7724777146361005,0.9657905689458588,0.22392565921379168,-0.21751823453793673,0.3377916596057297,0.05597081236438234
2026-07-01 10:20:00+03:00,0.6509795567723714,0.678274388404625,0.11224894476599294,-0.6135264538694613,0.23036859602590498,-0.19990118794701858
2026-07-01 10:25:00+03:00,0.7334093358486307,0.8648177497061666,0.02234833298937457,-1.4345117886929413,0.23410895176709715,-0.18983211146349788
2026-07-01 10:30:00+03:00,0.6185326514665277,0.6110650425172696,0.07857338026143137,-0.8026022718188318,0.2379962690378807,-0.17948508220832454
2026-07-01 10:35:00+03:00,0.31919416399785694,0.015495041111120222,0.03783361701841121,-1.17416045482374,0.20611703755294453,-0.26818464602295733
2026-07-01 10:40:00+03:00,0.34110222142186714,0.0630576895309201,0.0282193973918101,-1.3196597063828124,0.2040881405019683,-0.27415789858103423
2026-07-01 10:45:00+03:00,0.3286140208686313,0.036142792516380653,0.04766366904955514,-1.0583679329104618,0.20227466660537116,-0.2795344085469082
2026-07-01 10:50:00+03:00,0.31387610775506125,0.0036958370299457807,0.044136715682975364,-1.0970425180717787,0.26527429138480124,-0.10990433569762365
2026-07-01 10:55:00+03:00,0.20668425532647533,-0.26652250479700046,0.048380486375145214,-1.0508416840054629,0.26027013199304244,-0.1223034408877164
2026-07-01 11:00:00+03:00,0.24335606001003288,-0.1654073716975531,0.038733998434252855,-1.1624219184391635,0.2520514876528485,-0.1430080729958992
2026-07-01 11:05:00+03:00,0.24079070512581738,-0.17211867187654528,0.03609509530026134,-1.1976060877701913,0.25729600902060756,-0.12974581765646986
2026-07-01 11:10:00+03:00,0.19422775899660052,-0.3038370575864723,0.0216213233012158,-1.4507426090528481,0.24912687310226123,-0.15048323178867087
2026-07-01 11:15:00+03:00,0.27744504868664627,-0.08035517689011724,0.037391845512031945,-1.1800184363053625,0.24875030606711773,-0.1514499611714592
2026-07-01 11:20:00+03:00,0.25647155150752066,-0.13181884663287846,0.03588202593235487,-1.2005539406441128,0.24749228608276563,-0.1546866926239876
2026-07-01 11:25:00+03:00,0.32903375721908174,0.03705565845527267,0.048173709180025184,-1.053001823641663,0.25360979066935774,-0.13904862676418467
2026-07-01 11:30:00+03:00,0.36922925993161143,0.12202970873722252,0.05423816998216401,-0.9930209780172026,0.25028500060448156,-0.14751616835714995
2026-07-01 11:35:00+03:00,0.3156356120522389,0.007611472516015926,0.06871119437734456,-0.8720887344361937,0.25350754893607325,-0.13930791588399433
2026-07-01 11:40:00+03:00,0.33831334072465713,0.057089806249603955,0.07448189774283627,-0.830397121466304,0.25214625732465207,-0.14276681344351305
2026-07-01 11:45:00+03:00,0.3527015987056462,0.08763363238277348,0.08642342033301001,-0.7527883289167434,0.2650529766006232,-0.11044951087203662
2026-07-01 11:50:00+03:00,0.3177305096150416,0.012258199848820896,0.05934962625239193,-0.9471916586690934,0.25157397592493264,-0.14422461294195904
2026-07-01 11:55:00+03:00,0.3621440314835216,0.10736810762143992,0.05640379481952403,-0.9731283706176321,0.255735042920078,-0.13367443000202084
2026-07-01 12:00:00+03:00,0.3360058626394801,0.05213388287165147,0.10924504270457536,-0.6281678480991919,0.26331187962392455,-0.11474863829633175
2026-07-01 12:05:00+03:00,0.39568029804646215,0.1758017415296903,0.16593961844544655,-0.39595257107921455,0.2881895406079683,-0.05492671414106974
2026-07-01 12:10:00+03:00,0.35612887052323194,0.09482341350549037,0.11043132623218518,-0.6223441321154953,0.28311932095304543,-0.06685330575987104
2026-07-01 12:15:00+03:00,0.3957176225663673,0.17587666298560772,0.19673790131392233,-0.2961759862139749,0.29877967412060696,-0.030410105630737774
2026-07-01 12:20:00+03:00,0.37625997869891503,0.1364636172383982,0.18279798285866897,-0.33970898173166664,0.2924251759253862,-0.04505877902991939
2026-07-01 12:25:00+03:00,0.4349168144526633,0.2534055210551941,0.14348633382178758,-0.47848583364360575,0.29690989930550554,-0.03470149068631559
2026-07-01 12:30:00+03:00,0.4156699703093779,0.21560351865781632,0.22419536462319797,-0.21677362816443285,0.3184405816167385,0.01382949916643807
2026-07-01 12:35:00+03:00,0.3674557022582696,0.11837087479003068,0.22562519281590643,-0.2128367319633312,0.32557358692979965,0.029512368518425335
2026-07-01 12:40:00+03:00,0.45120228889156483,0.28508665576124964,0.2323772311343857,-0.19447986559743702,0.3319493428824247,0.04338038458109659
2026-07-01 12:45:00+03:00,0.35026810290582905,0.08250932236359168,0.15157405361556234,-0.4476120654812069,0.31780999689586126,0.012434188222820677
2026-07-01 12:50:00+03:00,0.19340993964363573,-0.30634928811029544,0.1891561060803826,-0.31954863377696857,0.2873126884883568,-0.056980277216934896
2026-07-01 12:55:00+03:00,0.3806654125436311,0.14545305169324355,0.1906280291987546,-0.31495594061525395,0.30202899229211744,-0.022988935963852753
2026-07-01 13:00:00+03:00,0.2707434111945427,-0.09652285189713607,0.17586164782853092,-0.3623337447912601,0.27613136594601384,-0.08350516027591176
2026-07-01 13:05:00+03:00,0.4267991148829479,0.2375157039337601,0.1711497369120048,-0.3781060790065325,0.26480573247749417,-0.11105890332141113
2026-07-01 13:10:00+03:00,0.330681537868015,0.04063362834013434,0.34393539866139966,0.06909631468559407,0.27298970385779303,-0.091076173994085
2026-07-01 13:15:00+03:00,0.15395527163820447,-0.4387810648362303,0.3087935893690966,-0.007682547349762578,0.24707406894847092,-0.15576515732792376
2026-07-01 13:20:00+03:00,0.23401603812936705,-0.19008087374477955,0.2571173088529018,-0.13019477490959114,0.2533665424548107,-0.13966562728244317
2026-07-01 13:25:00+03:00,0.153712467894736,-0.43967638441278095,0.2851513816648592,-0.06205804610418145,0.2502844176148817,-0.14751765964111946
2026-07-01 13:30:00+03:00,0.11952977598402119,-0.5794081333892126,0.24993588900985683,-0.14840960841997308,0.24498565868874822,-0.16116904247906816
2026-07-01 13:35:00+03:00,0.1374298448928648,-0.5025679940896611,0.4060317019132092,0.1964902256237175,0.24342213085953104,-0.16523515850879383
2026-07-01 13:40:00+03:00,0.13890446009001867,-0.4966239140131815,0.27892822105497345,-0.07680980775820082,0.244148788300711,-0.1633432184082519
2026-07-01 13:45:00+03:00,0.16249622676375106,-0.40799506532465646,0.37248527722210617,0.12872798517128578,0.24670453310563425,-0.15671910768056546
2026-07-01 13:50:00+03:00,0.16311341658962394,-0.4058215863470832,0.44874743914650483,0.28032579731326773,0.2527221628054071,-0.14130199446955202
2026-07-01 13:55:00+03:00,0.22488445957167694,-0.21487405263180304,0.23053114901729915,-0.19946122933629856,0.28376700455323167,-0.0653226531262997
2026-07-01 14:00:00+03:00,0.23295260453516797,-0.19293295852211834,0.2871296530950766,-0.05740941235469421,0.28565269035051866,-0.06087822353121845
2026-07-01 14:05:00+03:00,0.2342663752908165,-0.1894107900827903,0.31807365573490315,0.013017772389056367,0.2869151034672837,-0.0579126421554246
2026-07-01 14:10:00+03:00,0.3248912243160371,0.028019926241162764,0.2142938781267827,-0.24454169313285018,0.31061012432899243,-0.0036041042133659966
2026-07-01 14:15:00+03:00,0.29141092678239505,-0.04741399498423834,0.27679395405152096,-0.08191523544765433,0.3145870117733446,0.005279322347883133
2026-07-01 14:20:00+03:00,0.26443800521771005,-0.11196592917213535,0.3117245911362232,-0.0011084180881667932,0.3165639614047981,0.009672695420975406
2026-07-01 14:25:00+03:00,0.2016347305063144,-0.2814402449848446,0.41522889817716097,0.2147317532683412,0.2952033669883126,-0.038631857987675475
2026-07-01 14:30:00+03:00,0.18319858790700802,-0.3384228756230868,0.401178936577821,0.18681339891255666,0.271740739012183,-0.09410110814930267
2026-07-01 14:35:00+03:00,0.09653107604785606,-0.6943585607475763,0.41573622240015295,0.21573444076093024,0.24322558835462824,-0.16574753830548025
2026-07-01 14:40:00+03:00,0.2783798547301835,-0.07811926754672197,0.4196479314049882,0.22345396192200984,0.30228245819890204,-0.022411956372736692
2026-07-01 14:45:00+03:00,0.3964175479242741,0.17728117158740056,0.5296937530715738,0.43615278281702524,0.3138045855405236,0.0035364190761890996
2026-07-01 14:50:00+03:00,0.5179380423052717,0.4135300123742398,0.45283583669614214,0.28825214090608187,0.32722581359239855,0.0331193883273656
2026-07-01 14:55:00+03:00,0.8279374958333582,1.1331742718810494,0.45003340223167154,0.28282034269220147,0.34126311895532824,0.0634012693467863
2026-07-01 15:00:00+03:00,0.8109482310380431,1.0780253378224758,0.42901417741031106,0.24185881635385365,0.33952647423775,0.05968869696879407
2026-07-01 15:05:00+03:00,0.8635751430030545,1.2647999404014942,0.3089213720849221,-0.007395220235684646,0.359167123415895,0.10117127198482352
2026-07-01 15:10:00+03:00,0.852093086059555,1.219587827496473,0.41670417993294556,0.2176465577960552,0.3482950545733709,0.07834254748315245
2026-07-01 15:15:00+03:00,0.8861221628051119,1.3638797976132466,0.4046384741902766,0.19371584427189514,0.35068711533728036,0.08339281466748735
2026-07-01 15:20:00+03:00,0.8764354216883654,1.3194187893224303,0.3946702746603768,0.17377339321448415,0.35068711533728036,0.08339281466748735
2026-07-01 15:25:00+03:00,0.8866330695876937,1.3663147466157644,0.374459374594596,0.13277748030504366,0.35363307127037,0.08959079996559506
2026-07-01 15:30:00+03:00,0.8812363038802525,1.3410618903674334,0.40454341168947555,0.1935264321052826,0.3558458451438481,0.09423086124545682
2026-07-01 15:35:00+03:00,0.8314127423517647,1.144978627761415,0.253000509039966,-0.14059481120690898,0.3473647952268984,0.07637417785755679
2026-07-01 15:40:00+03:00,0.8213147975850698,1.111191308983887,0.39553479460560176,0.17550964937303795,0.3482827029699482,0.07831642834585845
2026-07-01 15:45:00+03:00,0.8287650881598924,1.1359680524592686,0.22777797783925235,-0.20694243785420063,0.3469130200559704,0.0754173615834374
2026-07-01 15:50:00+03:00,0.7965626894988592,1.0342334560987476,0.3140169962442514,0.004009809866684283,0.36027111505671194,0.10347198376039991
2026-07-01 15:55:00+03:00,0.7804774152901488,0.9879159516344175,0.3185574797141164,0.0140880006750186,0.35590864206143863,0.09436235335567977
2026-07-01 16:00:00+03:00,0.932844347303357,1.642031164992419,0.2615583767503871,-0.11909690089991803,0.3560661632635769,0.09469214546380046
2026-07-01 16:05:00+03:00,0.9530186253281208,1.8237823740500765,0.22538290868590632,-0.21350259013110773,0.37200209398417877,0.1277355007349406
2026-07-01 16:10:00+03:00,0.914782402414465,1.5183157466086619,0.2961346615061958,-0.0364853379929001,0.3683437463806269,0.1202038200282323
2026-07-01 16:15:00+03:00,0.9050349632567981,1.4611907234918937,0.302772288502114,-0.02129770262204078,0.36394533245516664,0.1111070445302491
2026-07-01 16:20:00+03:00,0.921063633364315,1.5583509628028143,0.3601500513242273,0.10321983852238502,0.3662777809149197,0.11593674724121379
2026-07-01 16:25:00+03:00,0.9226526961309618,1.5689395342823664,0.3761344445003608,0.13620685603541066,0.37067939277047035,0.12501590462393408
2026-07-01 16:30:00+03:00,0.9398515435568258,1.6985165617947282,0.46315007200683944,0.3081964725161709,0.35114718438016035,0.08436231633129526
2026-07-01 16:35:00+03:00,0.9079306315728677,1.47758753713171,0.5345471190867378,0.44550969900101195,0.3481395241723803,0.07801362590983524
2026-07-01 16:40:00+03:00,0.9268106882732604,1.597620133474926,0.5785054821086125,0.5310590050347229,0.34922548975669127,0.08030884238069133
2026-07-01 16:45:00+03:00,0.7755595086944855,0.9742475450866891,0.5280129848876219,0.4329150045963347,0.3125187622955528,0.0006670340152105895
2026-07-01 16:50:00+03:00,0.6990179494910539,0.7835251837645405,0.6008347410156151,0.5753633975300163,0.31811147182921257,0.013101453600383445
2026-07-01 16:55:00+03:00,0.8434908627053884,1.1875832060012397,0.5970329691720747,0.5677667155696486,0.3226586503585571,0.02312548765566057
2026-07-01 17:00:00+03:00,0.8613243192469354,1.2556927403633928,0.32420800619430207,0.02652398280054978,0.24852257764306046,-0.15203506451931442
2026-07-01 17:05:00+03:00,0.7956172317622241,1.0314378741819323,0.32168099624476504,0.020976618598979313,0.24994805756384067,-0.14837845288992205
2026-07-01 17:10:00+03:00,0.8520995479831702,1.2196124382194369,0.43234954272399023,0.24838807398457657,0.2533640229916229,-0.13967201996236325
2026-07-01 17:15:00+03:00,0.8241380926606088,1.1204829990763683,0.3235441331042379,0.02506882450395874,0.248287562606189,-0.1526392657512496
2026-07-01 17:20:00+03:00,0.6880883048788874,0.7588400190778352,0.2587515515332521,-0.12609654516574875,0.2337339474821401,-0.19083654957453633
2026-07-01 17:25:00+03:00,0.8724685278187644,1.302074094886199,0.3362365049685834,0.052630000388001155,0.2502701540791878,-0.1475541464024958
2026-07-01 17:30:00+03:00,0.5303770421390777,0.4374694158498986,0.3407159050599575,0.06223243203307808,0.2542939855295692,-0.1373152540423179
2026-07-01 17:35:00+03:00,0.7140990220145073,0.818444456193969,0.4366080653812496,0.25670713993202166,0.26113436857137795,-0.12015115967462593
2026-07-01 17:40:00+03:00,0.702868645707313,0.7923425238451838,0.39320079067421265,0.17081911428649324,0.2590746154900381,-0.1252883883560111
2026-07-01 17:45:00+03:00,0.6975263509887674,0.7801270324334798,0.30747059446344216,-0.010661261192734653,0.26548037568013344,-0.10939693975212789
2026-07-01 17:50:00+03:00,0.8108282931468057,1.0776499266879507,0.38448918590462133,0.15322309330872924,0.28545511440717125,-0.061343067004703586
2026-07-01 17:55:00+03:00,0.8313867766776537,1.1448897154814641,0.46006686515525763,0.3022417391466299,0.2894954707862139,-0.05187514051460029
2026-07-02 09:55:00+03:00,0.6269966061884439,0.6283584702465486,0.4887833669703688,0.3575360536916222,0.2327822561626041,-0.1933906671088508
2026-07-02 10:00:00+03:00,0.33917474663024066,0.058935658707901746,0.1592173411283213,-0.4196549360737406,0.21922752883759813,-0.23059283669929878
2026-07-02 10:05:00+03:00,0.40465539915209453,0.19374956578678879,0.049817068871063935,-1.0360715586307405,0.28578173687568337,-0.06057471566004688
2026-07-02 10:10:00+03:00,0.3367960997218985,0.05383300577702488,0.10600280432651579,-0.644372801856981,0.25576021578154107,-0.13361095087129057
2026-07-02 10:15:00+03:00,0.2723052928991045,-0.09273271009023638,0.1041040049922288,-0.6540670168226536,0.249030394320981,-0.15073082065141427
2026-07-02 10:20:00+03:00,0.3470760875947581,0.07576279018062128,0.3108119864434808,-0.0031516995854669883,0.27082632432340104,-0.09632130622729697
2026-07-02 10:25:00+03:00,0.12113926026644684,-0.5721099477760536,0.21436488709109733,-0.24433928815675227,0.15934779686653036,-0.41918733539590214
2026-07-02 10:30:00+03:00,0.16686051803664523,-0.39276593646351604,0.22293214080806492,-0.22026667379322173,0.18561321050139265,-0.33071675643202036
2026-07-02 10:35:00+03:00,0.2242925048851012,-0.21650559803334846,0.2160167009786775,-0.23964461596549458,0.19894503564261193,-0.2895004658110194
2026-07-02 10:40:00+03:00,0.18356585998304314,-0.33724569747014327,0.2578065149139659,-0.12846436978873974,0.2010094444582189,-0.2833068230204261
2026-07-02 10:45:00+03:00,0.19867814094760097,-0.29030472099517773,0.2660773836689906,-0.10792847619881957,0.2227521555853013,-0.22076551293287738
2026-07-02 10:50:00+03:00,0.34899682962619677,0.07982583904521745,0.31227823447555664,0.000129569488600767,0.24716518909105742,-0.1555300796429549
2026-07-02 10:55:00+03:00,0.3112920778618913,-0.002076386898397285,0.28910426984644955,-0.05278840282353642,0.21107344548575116,-0.25377309627306727
2026-07-02 11:00:00+03:00,0.21629363545898386,-0.2388600822996886,0.35637412783684264,0.09533672297597065,0.19196600660764468,-0.3108046492584382
2026-07-02 11:05:00+03:00,0.2490756458980981,-0.15061468572162554,0.3511171147320188,0.08429896850414419,0.18222586297318508,-0.3415495201934158
2026-07-02 11:10:00+03:00,0.20455649818351826,-0.27277511235773694,0.09246493884463519,-0.7171704341387222,0.1601732650880504,-0.41623572636030004
2026-07-02 11:15:00+03:00,0.1188599352464907,-0.5824705582351356,0.059242942753210924,-0.9481096683261934,0.11840744152879532,-0.5845477604067928
2026-07-02 11:20:00+03:00,0.10567314458461181,-0.6460448112610048,0.02965169230650612,-1.2951877273623773,0.12158745149495678,-0.5700925240350994
2026-07-02 11:25:00+03:00,0.14337081700823068,-0.47893714491732264,0.03739228146689108,-1.180012622735704,0.13439422741052606,-0.5149752877443445
2026-07-02 11:30:00+03:00,0.1191673710456885,-0.5810631538013414,0.03545858909053314,-1.2064626332385295,0.1465082239774927,-0.46678558584385643
2026-07-02 11:35:00+03:00,0.14755696272077112,-0.4627718104558672,0.08456731784172689,-0.7641834591876114,0.14826657760656214,-0.4600693063762629
2026-07-02 11:40:00+03:00,0.156899900172975,-0.42801376540389835,0.110683185139848,-0.6211147625295425,0.14308592345739743,-0.4800514877968156
2026-07-02 11:45:00+03:00,0.08330529724678579,-0.7720616889170911,0.16841927607842117,-0.38740398448063873,0.1425682043671904,-0.4820812532582513
2026-07-02 11:50:00+03:00,0.12269982961656424,-0.5651129638109077,0.1368414797278438,-0.5049546226261318,0.14277996757095,-0.4812502748379776
2026-07-02 11:55:00+03:00,0.2095889812253829,-0.2580630511664561,0.19078357447172445,-0.3144721953438595,0.15593917956215528,-0.43150847409266774
2026-07-02 12:00:00+03:00,0.24710001453854633,-0.1556982152730712,0.14273478462457567,-0.48142749064850976,0.21204224577600872,-0.25098526730273535
2026-07-02 12:05:00+03:00,0.42940649385783825,0.2426274519567689,0.11964586790397104,-0.578878885353448,0.271183795102453,-0.09545280805246328
2026-07-02 12:10:00+03:00,0.3811798528342668,0.14650014057799782,0.07939846411480019,-0.7971582984181731,0.2724376774925708,-0.09241208586579672
2026-07-02 12:15:00+03:00,0.20690956801224622,-0.2658631981375712,0.10293351824951587,-0.6601209916239448,0.22385743429232466,-0.21770669192487163
2026-07-02 12:20:00+03:00,0.19688588408144309,-0.2957266485915938,0.09386956708259654,-0.709190329129306,0.2529265811258413,-0.14078258671638355
2026-07-02 12:25:00+03:00,0.13848158965937968,-0.49832303871211575,0.12623861264219705,-0.549525463950559,0.19485937106825454,-0.30190232014552176
2026-07-02 12:30:00+03:00,0.1822537543276837,-0.3414596882865195,0.16986876155123873,-0.38245331506908414,0.22066879606066622,-0.2265607285186492
2026-07-02 12:35:00+03:00,0.20852090333787415,-0.26116351848185626,0.13659868571699485,-0.505942002672442,0.2338511681639356,-0.1905224571729459
2026-07-02 12:40:00+03:00,0.19923779914048118,-0.2886191902366493,0.14664525640663775,-0.46625978161122794,0.23588645740619515,-0.18508623436780322
2026-07-02 12:45:00+03:00,0.20534267359444744,-0.27045927315136487,0.14452498367521702,-0.4744414666263532,0.2382889647572048,-0.17871073481642646
2026-07-02 12:50:00+03:00,0.21471666702182038,-0.2433372878083554,0.13165351608355136,-0.5263822542763908,0.24039212621536854,-0.17316577388394092
2026-07-02 12:55:00+03:00,0.1951597572457972,-0.30098385303170794,0.16165905720897122,-0.4109538787525374,0.2339570616735318,-0.1902388099181554
2026-07-02 13:00:00+03:00,0.23025897721626687,-0.20019800009602545,0.27055749418639313,-0.09697492106464792,0.2313185963602158,-0.19733302852809081
2026-07-02 13:05:00+03:00,0.19674207719214648,-0.29616330300162413,0.1840980238418167,-0.33554324386098283,0.22584292291421545,-0.2122387866326403
2026-07-02 13:10:00+03:00,0.21725059495731242,-0.2361546741524258,0.21077249911898852,-0.25464100910520704,0.22648546909146955,-0.21047655849498662
2026-07-02 13:15:00+03:00,0.2406002259230851,-0.17261892972240364,0.19283449251860774,-0.30812182760844464,0.23179105023584312,-0.19605857782135133
2026-07-02 13:20:00+03:00,0.2565261763159686,-0.13168136234314676,0.19077188926692773,-0.31450852581671723,0.23844190849981683,-0.17830637124198603
2026-07-02 13:25:00+03:00,0.45242962972502043,0.28746518056733,0.07087681357623617,-0.8560766636140765,0.2571476761093058,-0.1301184673679191
2026-07-02 13:30:00+03:00,0.3059892989861735,-0.014004858302961769,0.10054746039217254,-0.672653368887552,0.24283486288036954,-0.16676698189643646
2026-07-02 13:35:00+03:00,0.29636183432956836,-0.03596232636978397,0.11172919970484348,-0.6160350302923792,0.2509612529943211,-0.14578787358566542
2026-07-02 13:40:00+03:00,0.3560659813419838,0.09469176462378256,0.13890849390140275,-0.49660772676607634,0.22671707278005557,-0.2098422362604251
2026-07-02 13:45:00+03:00,0.30297793981859256,-0.020830196225100767,0.1385416523814222,-0.4980814372214759,0.2447858506458149,-0.16168768369585212
2026-07-02 13:50:00+03:00,0.1975316992268145,-0.2937686612017115,0.16578457350611323,-0.39649047268999926,0.21495789932701148,-0.24265085756291033
2026-07-02 13:55:00+03:00,0.24830787153485817,-0.15258703832228251,0.21153742028576764,-0.2524367923317765,0.2099898557522297,-0.2569023715032385
2026-07-02 14:00:00+03:00,0.20386357799236102,-0.27482173718949326,0.18733561724586328,-0.3252669883529,0.2103348795943655,-0.2559047021323027
2026-07-02 14:05:00+03:00,0.22547750435990224,-0.21324255690505697,0.17315303277469096,-0.37135896623684383,0.2034760430036916,-0.2759686262589112
2026-07-02 14:10:00+03:00,0.251638221103284,-0.1440608485918828,0.1795979137179003,-0.3500619941567149,0.19447041890907707,-0.30309318440866895
2026-07-02 14:15:00+03:00,0.17379923122795804,-0.36919574253927634,0.19442767839950253,-0.3032241541856487,0.1931377068270457,-0.30718734128707714
2026-07-02 14:20:00+03:00,0.1586620979226798,-0.42164861073549564,0.20910721760937676,-0.25946009501996886,0.19228124919320105,-0.30982977297842895
2026-07-02 14:25:00+03:00,0.1987187111169004,-0.290182415315083,0.20637781662106108,-0.2674200547817338,0.19385683713427307,-0.304975481759366
2026-07-02 14:30:00+03:00,0.19202781956511786,-0.3106133987984273,0.1846724951191209,-0.3337097157500308,0.1957655415818912,-0.29913484601425155
2026-07-02 14:35:00+03:00,0.18605655255518802,-0.3293102892597234,0.18027903075096385,-0.34784644223387157,0.19726082419819393,-0.29458931342828093
2026-07-02 14:40:00+03:00,0.40990472149814455,0.20418704213854091,0.2132546535952284,-0.247509513602787,0.3238379998770563,0.025713149376860457
2026-07-02 14:45:00+03:00,0.3532057744987399,0.0886932744335351,0.17043959711189563,-0.3805128690865591,0.3202870412135727,0.017906776069751194
2026-07-02 14:50:00+03:00,0.3614337620503712,0.10589160620221302,0.26916818278775334,-0.10035933150279405,0.30561732601536495,-0.014845898841644676
2026-07-02 14:55:00+03:00,0.37454987414488006,0.1329629168654448,0.3371974139444949,0.05469513713961909,0.3122919001237182,0.00016011172196921705
2026-07-02 15:00:00+03:00,0.22868989469842585,-0.2044574742487871,0.24684292522809553,-0.156361738394654,0.3021948825501257,-0.022611279029441187
2026-07-02 15:05:00+03:00,0.36093338466678365,0.1048506705410125,0.26744154498763495,-0.10458090067443276,0.3033025847530336,-0.020092546991838017
2026-07-02 15:10:00+03:00,0.2680223030746464,-0.1031590454922417,0.20023377000314674,-0.28562838373773736,0.3017411242160262,-0.023644560513130148
2026-07-02 15:15:00+03:00,0.27971321670401966,-0.07493803764641248,0.19004088723761325,-0.31678467467256655,0.303155285483369,-0.0204271810038885
2026-07-02 15:20:00+03:00,0.0709655431224668,-0.8554303102130488,0.3103978319643874,-0.004080058981622253,0.2566961759000429,-0.13125361580366685
2026-07-02 15:25:00+03:00,0.05448800264442296,-0.9906883169242499,0.30860090446033134,-0.008115935365648322,0.24101516414082047,-0.1715295191352422
2026-07-02 15:30:00+03:00,0.20140482305274257,-0.28212605130081997,0.3618011321449038,0.10665544844329722,0.265321217035718,-0.10978877887448744
2026-07-02 15:35:00+03:00,0.1994675477590958,-0.2879282828207172,0.41065822485560993,0.20568186192627191,0.29144946598881427,-0.047324414004695
2026-07-02 15:40:00+03:00,0.20045875752772715,-0.28495431298429375,0.3912797123614492,0.16695106610896143,0.29470687151095487,-0.03977782707071811
2026-07-02 15:45:00+03:00,0.29215916138339065,-0.045676033791233216,0.31760612708803465,0.011982764188104372,0.30258717252165757,-0.021718679770693982
2026-07-02 15:50:00+03:00,0.28347318271569316,-0.06601677213270937,0.3219381418359777,0.021542152595134034,0.30389050919046257,-0.01875781490969199
2026-07-02 15:55:00+03:00,0.3097898415332048,-0.005444151786112938,0.2893537060563502,-0.0522060070394387,0.3050702463031793,-0.01608390246111393
2026-07-02 16:00:00+03:00,0.31005858661313795,-0.004841011311071386,0.42830814249373905,0.24047509512460247,0.3034535552631217,-0.01974966787801485
2026-07-02 16:05:00+03:00,0.3378331061624709,0.05605974518464379,0.48428456739334674,0.3488922493109593,0.3108752413039706,-0.003009968733621748
2026-07-02 16:10:00+03:00,0.2855936018052671,-0.061017222876336236,0.5296864356907721,0.43613868408981216,0.29328145310636355,-0.04307412331303925
2026-07-02 16:15:00+03:00,0.36463815380752085,0.11254301137015502,0.6555465028317122,0.6879520981959776,0.31695552460533216,0.01054111320829632
2026-07-02 16:20:00+03:00,0.35673780625363727,0.09609759093851697,0.7519498335109989,0.911400091208284,0.32383075117998766,0.0256972597337429
2026-07-02 16:25:00+03:00,0.30014575894501955,-0.02728449805943899,0.7500301864609091,0.9064728666276358,0.3804962151482464,0.14510854920475155
2026-07-02 16:30:00+03:00,0.31495480302381157,0.006097789547381532,0.483772004330135,0.3479071479089282,0.3579433088732237,0.098617213528581
2026-07-02 16:35:00+03:00,0.5015992374613296,0.382145525423156,0.5065582183046988,0.39166723897630185,0.38780021583669855,0.1599277923272505
2026-07-02 16:40:00+03:00,0.3573796581730173,0.09743959614217083,0.32322995321340575,0.024379623799081845,0.2808960494871169,-0.07212370719813684
2026-07-02 16:45:00+03:00,0.1691569348865369,-0.38488031339199913,0.16671361753284586,-0.3932733185868799,0.2519987016736486,-0.14314247879209815
2026-07-02 16:50:00+03:00,0.2203194766361036,-0.22753624948027584,0.22952795536592038,-0.20217990786192142,0.284631767630075,-0.063282266729916
2026-07-02 16:55:00+03:00,0.29047815651101416,-0.049584270085681684,0.32247557008673694,0.022723340108536688,0.3607329681526638,0.1044335677893361
2026-07-02 17:00:00+03:00,0.4024167872143191,0.18928536869785795,0.21516662815511464,-0.24205736774956899,0.3823249004326052,0.14882882057271302
2026-07-02 17:05:00+03:00,0.3758038134014861,0.13553043720515964,0.18558332468756134,-0.3308116600368357,0.4462053997550477,0.27539073636351213
2026-07-02 17:10:00+03:00,0.3473333816966855,0.07630766587997244,0.29242912670115145,-0.04504961421379039,0.36848457594481887,0.12049432620345624
2026-07-02 17:15:00+03:00,0.2936303094459577,-0.04226652615268027,0.3287359643776249,0.03640806330769572,0.35312397574986454,0.08852140217162223
2026-07-02 17:20:00+03:00,0.29196156519684235,-0.04613474563119423,0.3128325477118517,0.0013678551908872655,0.3850275499805929,0.15431471602784483
2026-07-02 17:25:00+03:00,0.279130481675958,-0.07632722244005231,0.33436433152716155,0.04859802702741688,0.3841790275918539,0.15259393541444077
2026-07-02 17:30:00+03:00,0.2947300828005234,-0.03972422770783288,0.46132488609452815,0.3046720972432345,0.3647303414379561,0.1127339950487234
2026-07-02 17:35:00+03:00,0.3099244057497069,-0.0051421153577868904,0.5887623961810123,0.5513194303646316,0.37271438284502334,0.12919839750772297
2026-07-02 17:40:00+03:00,0.2381706996445979,-0.17902353484152483,0.32700932524728704,0.03264730169670217,0.39377034968009295,0.17196462475340396
2026-07-02 17:45:00+03:00,0.3130773506146919,0.0019143421072916201,0.3599299387094866,0.10276130447228116,0.37421683252778115,0.13228041486170977
2026-07-02 17:50:00+03:00,0.32807878799797696,0.0349778742134482,0.45009914362185044,0.28294783450256267,0.37684165909731615,0.13765291353889414
2026-07-02 17:55:00+03:00,0.28936326899648057,-0.05218368494885723,0.36637921998321177,0.11614649657952887,0.3748602759440606,0.13359880394103263
2026-07-03 09:55:00+03:00,0.09296488877924147,-0.7143176800985949,0.3435884139046138,0.06835803406855595,0.243465348341882,-0.1651225296062067
2026-07-03 10:00:00+03:00,0.1508667490351586,-0.45025710433650534,0.2040422596239261,-0.27429348478684146,0.28125742154086647,-0.07126533152834132
2026-07-03 10:05:00+03:00,0.18852240540967255,-0.3215343424139194,0.14401343063828603,-0.4764303553331505,0.26746640726976884,-0.10451999086441413
2026-07-03 10:10:00+03:00,0.18237477127171356,-0.341070043064459,0.16437598903757544,-0.40139588393752945,0.2750967745397192,-0.08599245984103052
2026-07-03 10:15:00+03:00,0.3651595706121307,0.11362295206821896,0.3165622472127716,0.009668892380196595,0.45629335143132377,0.29494570058113223
2026-07-03 10:20:00+03:00,0.35801330348459065,0.09876339368562229,0.19927988090814755,-0.28849259584870746,0.4429640447199375,0.26909007567714877
2026-07-03 10:25:00+03:00,0.35451805295815364,0.09144812115538262,0.25783122446063017,-0.1284023871019493,0.42804169538967135,0.23995275087287407
2026-07-03 10:30:00+03:00,0.35549880432872694,0.09350399592302362,0.2671629410479929,-0.10526369522580054,0.46182953659342213,0.30564675732902985
2026-07-03 10:35:00+03:00,0.35149546186677455,0.08509585248697323,0.2598356580948363,-0.12338719717166491,0.5756153503685122,0.5253750634112045
2026-07-03 10:40:00+03:00,0.38281095266011705,0.14981649877204792,0.2699365018660398,-0.09848632251877726,0.5387028097976289,0.45353151153754767
2026-07-03 10:45:00+03:00,0.19499031327253435,-0.3015018166856794,0.21271878523877602,-0.24904396783473526,0.29955093965339324,-0.028644443865303626
2026-07-03 10:50:00+03:00,0.2014371283744578,-0.28202965026389165,0.1750841390142961,-0.3649131594636562,0.29635578168343846,-0.035976258143660435
2026-07-03 10:55:00+03:00,0.186185397465888,-0.3289020240845178,0.18592436261780493,-0.32972938040151045,0.2662815946072071,-0.10742665984363704
2026-07-03 11:00:00+03:00,0.19802917073310047,-0.2922637112818312,0.1373492143452409,-0.5028945529612335,0.26802884515783415,-0.10314303981157362
2026-07-03 11:05:00+03:00,0.205624083134596,-0.26963192287728993,0.1713253798627398,-0.3775120168373128,0.2789171791119465,-0.07683615954364821
2026-07-03 11:10:00+03:00,0.25107621233571964,-0.14549438081171873,0.1646529271110065,-0.40042878708171714,0.3283426166918505,0.035552210762155284
2026-07-03 11:15:00+03:00,0.29753656158749286,-0.033261486487638346,0.22579681401985002,-0.21236537994588855,0.3768703669215261,0.13771159036967462
2026-07-03 11:20:00+03:00,0.2587521366658305,-0.12609508084091473,0.19279190103869184,-0.30825318126059287,0.36515522379332616,0.11361395179695208
2026-07-03 11:25:00+03:00,0.2665480781937696,-0.10677218678271022,0.2088656449825227,-0.2601615115007031,0.36515522379332616,0.11361395179695208
2026-07-03 11:30:00+03:00,0.3625517780778063,0.10821516154758087,0.260185706173278,-0.12251394165914356,0.3776932724792983,0.13939280411347033
2026-07-03 11:35:00+03:00,0.44445119811487194,0.2719819960960724,0.3887709009167826,0.16188938479337917,0.3688630974240243,0.12127491925240363
2026-07-03 11:40:00+03:00,0.3990233644519036,0.18250271900417483,0.24870240862258047,-0.1515729944538221,0.31192001508957995,-0.0006712985031692841
2026-07-03 11:45:00+03:00,0.3478855485646716,0.0774763614447334,0.2766796662184866,-0.08218930887976222,0.3098765559054064,-0.005249508557749333
2026-07-03 11:50:00+03:00,0.30920138099951744,-0.006765833039238218,0.2236474396837688,-0.21828701571491776,0.3084411014771362,-0.008475478822958809
2026-07-03 11:55:00+03:00,0.34763325495431935,0.07694247390317194,0.3461595023476597,0.07382018240007887,0.33173979717611674,0.04292675978321151
2026-07-03 12:00:00+03:00,0.3982526174704526,0.1809595002502753,0.436086779865059,0.25568980954440135,0.3302757623727543,0.03975337385359408
2026-07-03 12:05:00+03:00,0.30735240047458057,-0.010927720097167602,0.48845148601102595,0.35689852797985616,0.3253712337820079,0.02906995712241408
2026-07-03 12:10:00+03:00,0.24391559531838308,-0.1639499481831525,0.28567017920062343,-0.06083708623218717,0.3237776944700276,0.025580950128277234
2026-07-03 12:15:00+03:00,0.3175001916290729,0.01174813268736692,0.516822392678095,0.41138542721816423,0.32835288267607377,0.035574554318662056
2026-07-03 12:20:00+03:00,0.28878131075877045,-0.053542906509163254,0.3352369354832911,0.05047868358377179,0.3264379975267851,0.03140065994367259
2026-07-03 12:25:00+03:00,0.387391330131479,0.15910096470810742,0.5164872047973712,0.4107411679519148,0.35068605047401097,0.08339057000758729
2026-07-03 12:30:00+03:00,0.36073239771866245,0.10443238046972986,0.5794253403724372,0.5328702654136012,0.34853364127756326,0.07884698680743271
2026-07-03 12:35:00+03:00,0.37254838414628155,0.1288575715225146,0.5185504220981119,0.41470731939612454,0.3298299635737229,0.03878566406902131
2026-07-03 12:40:00+03:00,0.4583098317192443,0.29884569116883736,0.5957828496712703,0.5652738664779249,0.3557895832347537,0.09411304413959115
2026-07-03 12:45:00+03:00,0.34090631015342526,0.06263923599818216,0.35470906440670025,0.09184872439798203,0.33729928177978324,0.05491389650682766
2026-07-03 12:50:00+03:00,0.3870201957103548,0.15835019800320085,0.42976878400263563,0.24333710499260838,0.3818494389047456,0.1478622001084715
2026-07-03 12:55:00+03:00,0.42237758804593534,0.22882892169217967,0.42883846571254963,0.24151450125567345,0.38384250147858734,0.1519110741186918
2026-07-03 13:00:00+03:00,0.43368289476373567,0.2509948309340903,0.34399412813443553,0.0692212384929668,0.3854614157211009,0.15519403563829248
2026-07-03 13:05:00+03:00,0.4338374049733629,0.2512967825327323,0.3870673807243267,0.15844566313235703,0.3838206276878917,0.1518666811542015
2026-07-03 13:10:00+03:00,0.3608591257676733,0.10469613620228313,0.4093967151521735,0.2031787725925837,0.3604018031733392,0.10374413262506713
2026-07-03 13:15:00+03:00,0.39444344903159423,0.173317629864196,0.4456323014664851,0.27427739028631126,0.3856094782884899,0.15549403087524047
2026-07-03 13:20:00+03:00,0.3260859178386446,0.030631859327352507,0.30833123781931343,-0.008722722801870211,0.36024160761961344,0.10341053061958488
2026-07-03 13:25:00+03:00,0.35346753876077813,0.08924316169357333,0.3004064910057778,-0.026688867199184785,0.364628931066991,0.11252390363036018
2026-07-03 13:30:00+03:00,0.42122571666797287,0.22656193323396154,0.36597477517988697,0.11531006491468421,0.3567273321395368,0.0960756824102564
2026-07-03 13:35:00+03:00,0.353857479891041,0.09006196754163118,0.28627290624115004,-0.05942027272839506,0.314046257583706,0.004075009769588394
2026-07-03 13:40:00+03:00,0.4325753010335773,0.24882957426353333,0.4388217861355791,0.2610243772237698,0.3236761307103744,0.025358276856708332
2026-07-03 13:45:00+03:00,0.34099859548580297,0.06283636582662741,0.3332803538143086,0.04625840660290732,0.3382152367730187,0.05687944002707088
2026-07-03 13:50:00+03:00,0.34264112472384933,0.06634067083003806,0.3240892018487872,0.02626368698448761,0.3106995432333923,-0.0034036825210838496
2026-07-03 13:55:00+03:00,0.36841055884086105,0.1203416479397922,0.24266233071731722,-0.16721749092074345,0.33671014131917676,0.053648278204680266
2026-07-03 14:00:00+03:00,0.34028679161723396,0.06131522021197812,0.2087666006307742,-0.2604492635945406,0.30631337305168727,-0.013272584291955953
2026-07-03 14:05:00+03:00,0.24062661281448247,-0.17254961337094238,0.2959261106352001,-0.036965681632798536,0.3172163637108038,0.011119289003593682
2026-07-03 14:10:00+03:00,0.46595311804975015,0.31360538608160055,0.4245479666516512,0.233095934045985,0.3691904028322406,0.12194962535000622
2026-07-03 14:15:00+03:00,0.4047839568798503,0.19400569114077174,0.274769773019933,-0.08677982240083168,0.29892237384465475,-0.030083225656131866
2026-07-03 14:20:00+03:00,0.46101158475495224,0.30406692372025307,0.27065677771656055,-0.09673348247367744,0.26804056492283046,-0.10311436717621245
2026-07-03 14:25:00+03:00,0.3950539536391428,0.1745441164464667,0.20363717232594272,-0.27549157537048274,0.2670375129997698,-0.10557123837311069
2026-07-03 14:30:00+03:00,0.5582600246477439,0.49144185478807617,0.15434875883632757,-0.43733256146312993,0.2755521812276676,-0.08489688691363688
2026-07-03 14:35:00+03:00,0.6384938855087771,0.6521080444627128,0.1310094752452691,-0.5290919556283021,0.2644659050976069,-0.11189708380269599
2026-07-03 14:40:00+03:00,0.737852718795899,0.8757845849897586,0.3090601972480914,-0.007083137991686542,0.28009220059404205,-0.07403552613564968
2026-07-03 14:45:00+03:00,0.7847742005292638,1.0000393125499876,0.2389626755361517,-0.1769308644521842,0.26422781848091254,-0.11248473277850625
2026-07-03 14:50:00+03:00,0.9309782699080472,1.6279143846823136,0.15614145232777987,-0.4307712336169629,0.26106478716744336,-0.12032427333256011
2026-07-03 14:55:00+03:00,0.9430433410061053,1.7263152885497535,0.17173360385449823,-0.37613317938689966,0.2345117036725623,-0.1887545955430851
2026-07-03 15:00:00+03:00,0.9830379563554088,2.3276670744793826,0.250168652726397,-0.14781383141295934,0.26178336551930614,-0.11853793449655163
2026-07-03 15:05:00+03:00,0.9836548109302139,2.345749087262821,0.27191197027910285,-0.09368587999606151,0.2784256381865002,-0.07800987936135818
2026-07-03 15:10:00+03:00,0.9261814354564071,1.5931850308887967,0.21831318286436646,-0.23316071301719266,0.2625485891687763,-0.1166391143017264
2026-07-03 15:15:00+03:00,0.999911034639521,4.856005330470427,0.41529959835520563,0.2148715080081406,0.9997751628446235,4.410929320006532
2026-07-03 15:20:00+03:00,0.9998731071599729,4.68554542913528,0.450507586219992,0.28373984878464953,0.9997777851371713,4.416561614724597
2026-07-03 15:25:00+03:00,0.9997318667197216,4.326378939211847,0.4507318185314739,0.28417460437304054,0.9997151669128759,4.297370450936183
2026-07-03 15:30:00+03:00,0.9998706631202139,4.676387278090726,0.6736619904721937,0.7269677439127451,0.999752169534768,4.364182576888245
2026-07-03 15:35:00+03:00,0.9998668270535545,4.662356274883417,0.5717877109014202,0.5178629206769131,0.9997772259607955,4.415355033045979
2026-07-03 15:40:00+03:00,0.9998690375719586,4.670391448942322,0.6846031938673156,0.7510693917999852,0.9997609434732275,4.381487886790122
2026-07-03 15:45:00+03:00,0.9998433865765936,4.584523699655441,0.5192581034155519,0.4160679783524354,0.9997747271011126,4.409999775208097
2026-07-03 15:50:00+03:00,0.9998320212227948,4.55089166511177,0.4922922911622915,0.36427545864918165,0.999760707234135,4.381013676718785
2026-07-03 15:55:00+03:00,0.9998746916243757,4.691577355296707,0.4085312440656439,0.20146013656447442,0.9997581543669856,4.3759188785355425
2026-07-03 16:00:00+03:00,0.9998743056294417,4.690100907126602,0.4204958123100226,0.22512454248957903,0.9997581543669856,4.3759188785355425
2026-07-03 16:05:00+03:00,0.9998344488746629,4.55788029361043,0.4772460446752982,0.3353583747370241,0.9995836389051962,4.115080132012602
2026-07-03 16:10:00+03:00,0.999849340345425,4.603129517309146,0.3763804687449886,0.13671002942454416,0.9997589574985212,4.377515881197432
2026-07-03 16:15:00+03:00,0.9999272595664046,4.952658517967378,0.2980950511071969,-0.03197960888538279,0.999766499608582,4.392778084601362
2026-07-03 16:20:00+03:00,0.9998449586001671,4.589366725524477,0.36613056482865475,0.1156322994438047,0.9997616312422184,4.382871139035315
2026-07-03 16:25:00+03:00,0.9999290573780729,4.964671552610714,0.37103307737812957,0.12574350167651696,0.999766499608582,4.392778084601362
2026-07-03 16:30:00+03:00,0.9997055652377568,4.281452272153832,0.3147590526964884,0.005662239353365586,0.9996139536457466,4.151379584331968
2026-07-03 16:35:00+03:00,0.9998837785638045,4.7277153935261715,0.2624439279140702,-0.11689860920013986,0.9997447726847027,4.350062738887937
2026-07-03 16:40:00+03:00,0.9998278926715876,4.539235271670134,0.3239688447918088,0.02599993858647759,0.9997759415728328,4.412595027435374
2026-07-03 16:45:00+03:00,0.9997888071218104,4.440985295528665,0.28584996362170956,-0.060414284630026904,0.9997715303720494,4.4032348610138055
2026-07-03 16:50:00+03:00,0.9998319616738881,4.5507215097616465,0.3229531617149691,0.02377215013516301,0.9997523796575888,4.364589807606916
2026-07-03 16:55:00+03:00,0.9999639931258727,5.290197610072869,0.4629982642286196,0.30790341058837606,0.9997732503139014,4.40686275205784
2026-07-03 17:00:00+03:00,0.999926594938441,4.948292473740341,0.4681029533694741,0.3177509993830322,0.9996519220183457,4.201091393008444
2026-07-03 17:05:00+03:00,0.9998611758745669,4.642405644671551,0.4954096065834355,0.37026147728606645,0.9997288215682402,4.320957045323781
2026-07-03 17:10:00+03:00,0.9998163592767412,4.50809629686156,0.4736566977622535,0.3284503212591134,0.9997650644500218,4.389836285640408
2026-07-03 17:15:00+03:00,0.9998782114046042,4.705254372153769,0.4299337313054634,0.24366015449677483,0.9997654947170479,4.3907163602619566
2026-07-03 17:20:00+03:00,0.9998518638633176,4.6112385182116356,0.4299720528621272,0.24373520295068313,0.9997676704686144,4.395191543478289
2026-07-03 17:25:00+03:00,0.9998098210601876,4.491301187065375,0.5049451016682256,0.3885697209727256,0.9997293774816941,4.321942293104978
2026-07-03 17:30:00+03:00,0.9997350375662502,4.332090451972775,0.42108055052113924,0.22627611373189857,0.999598057608655,4.132003807715105
2026-07-03 17:35:00+03:00,0.9993026827342429,3.867421430476046,0.26061673134789176,-0.1214397204022552,0.9992101013831587,3.8075397038531364
2026-07-03 17:40:00+03:00,0.9990901582867276,3.7396281050893396,0.3601973798552092,0.10331841633116824,0.9991183395551784,3.754743810284367
2026-07-03 17:45:00+03:00,0.9995735965046867,4.103635678151537,0.23876017086806914,-0.17746549717684423,0.9991142298089741,3.7525096332006176
2026-07-03 17:50:00+03:00,0.9994643368580105,3.9940886602860637,0.2632504620552742,-0.11490062348937913,0.9991291166824982,3.7606523554913673
2026-07-03 17:55:00+03:00,0.9819711108618354,2.2978679200952783,0.3324994104022283,0.04457048675307382,0.23929076776180955,-0.1760653271697581
2026-07-06 09:55:00+03:00,0.9908787171906797,2.62924922712323,0.11952856350743707,-0.5794136632565557,0.47599783146634556,0.3329566142948889
2026-07-06 10:00:00+03:00,0.978120652669899,2.2030719626974538,0.30721916575999064,-0.011228155467433595,0.2814141131228722,-0.07089334696134507
2026-07-06 10:05:00+03:00,0.9167618902507209,1.5306342578097005,0.28681556601571284,-0.05814618530383239,0.2687393523765311,-0.10140620305854449
2026-07-06 10:10:00+03:00,0.8960075668177456,1.412791598034757,0.21207645848466541,-0.2508869869395303,0.6754625557732787,0.7309046040856907
2026-07-06 10:15:00+03:00,0.7227611009616943,0.838998992070113,0.13637701585039438,-0.5068447672783238,0.4581633923597302,0.2985625593918701
2026-07-06 10:20:00+03:00,0.40269562658260377,0.18984186303744818,0.04192663734960314,-1.122808307766703,0.480895754492429,0.3423779704390683
2026-07-06 10:25:00+03:00,0.3995510483027002,0.1835586895491781,0.05437338737482061,-0.9917572133257617,0.45148513626248493,0.28563490069798025
2026-07-06 10:30:00+03:00,0.32151090769539975,0.020602416422655905,0.029523622532211,-1.2973286976358778,0.44608235868512885,0.2751517305685978
2026-07-06 10:35:00+03:00,0.3756421109434114,0.1351995334035347,0.016005216534216295,-1.5978536578133677,0.500479306307303,0.37999530192546027
2026-07-06 10:40:00+03:00,0.5533032100332124,0.4818049851657808,0.010950480618603828,-1.7824834543118766,0.5693641970580334,0.5131152908818584
2026-07-06 10:45:00+03:00,0.1352430850746633,-0.511482202305184,0.057444904358181594,-0.9638195756505554,0.591085358481168,0.5559284955248234
2026-07-06 10:50:00+03:00,0.46790436605453717,0.31736815362084553,0.02065320085233633,-1.4732054315340963,0.5697334878409636,0.5138383001505796
2026-07-06 10:55:00+03:00,0.5133353605018162,0.40468437335132607,0.01551163045374841,-1.6131297970583576,0.5902806958916983,0.5543310358515774
2026-07-06 11:00:00+03:00,0.5198428115597266,0.417192308628406,0.010292552566953704,-1.812544015531058,0.5954995633123138,0.5647093140518041
2026-07-06 11:05:00+03:00,0.46080724420985647,0.303672187066159,0.017625374007922825,-1.550779939024366,0.5935990696908062,0.5609251378829392
2026-07-06 11:10:00+03:00,0.4431420349540696,0.2694362994216521,0.011810749346809883,-1.745765871711401,0.6218076058907805,0.6177382953646563
2026-07-06 11:15:00+03:00,0.5365857020487572,0.44944358963886916,0.013776405697486812,-1.6709173134988864,0.6285083538821662,0.6314636714499144
2026-07-06 11:20:00+03:00,0.4543172333939194,0.29112108451704094,0.021829291078810677,-1.4460458013585034,0.6162595195533009,0.606446099937424
2026-07-06 11:25:00+03:00,0.3440071365070641,0.06924890730644713,0.04518442641042665,-1.0852553717163294,0.5928988583048669,0.5595323216340505
2026-07-06 11:30:00+03:00,0.3484341142678597,0.07863657828402043,0.12606084342618404,-0.5502995041286899,0.6264029407782284,0.6271404507155505
2026-07-06 11:35:00+03:00,0.46913899531825337,0.3197480156208918,0.21739883562300055,-0.2357363558569917,0.4858362037739452,0.3518739800402021
2026-07-06 11:40:00+03:00,0.3056680994523275,-0.014731065038460065,0.3563084782521066,0.09519933763144618,0.5131453509005841,0.40431930816630995
2026-07-06 11:45:00+03:00,0.39436473074928924,0.17315943896487127,0.12454436313135635,-0.5569408136677294,0.48929198735826507,0.35851304979872994
2026-07-06 11:50:00+03:00,0.5282470357767572,0.43336579776662204,0.045675997391281614,-1.0798145053001735,0.4938444386300621,0.3672560814868548
2026-07-06 11:55:00+03:00,0.5467519178696234,0.4690994383417476,0.03268459314347609,-1.2469417102212594,0.48443920330656154,0.3491894334468948
2026-07-06 12:00:00+03:00,0.4510814162674976,0.28485234893195865,0.03979096361087955,-1.1489715674063712,0.3911314146938731,0.1666521916138406
2026-07-06 12:05:00+03:00,0.3077671458050532,-0.009992960438821247,0.09520725385342384,-0.7016894373234835,0.3816925953130813,0.14754323388542645
2026-07-06 12:10:00+03:00,0.3319253213919126,0.04332839014441375,0.16927540125032986,-0.38447583492200155,0.538002913561316,0.4521797913939137
2026-07-06 12:15:00+03:00,0.40962367844786735,0.20362928706165417,0.10775896838679892,-0.6355421121506851,0.7414554205373833,0.8847647526119217
2026-07-06 12:20:00+03:00,0.3870039693935933,0.15831736778720637,0.09236495388876867,-0.7177426176982548,0.5408287245088517,0.4576391525790949
2026-07-06 12:25:00+03:00,0.283066691749392,-0.06697777586902247,0.1100835431168077,-0.6240457686111365,0.40809066473869904,0.2005848105895712
2026-07-06 12:30:00+03:00,0.5132578034033718,0.40453536211649105,0.08298286768181853,-0.7740918623849331,0.38821965601827974,0.1607756307133134
2026-07-06 12:35:00+03:00,0.550834285023794,0.47701278961592,0.03943190129593307,-1.153501955232445,0.4030000995339411,0.19044937230360082
2026-07-06 12:40:00+03:00,0.38957265780151584,0.16350825716342018,0.05953075317446947,-0.9456365993965705,0.3948094106325381,0.1740529156093918
2026-07-06 12:45:00+03:00,0.44358212733421715,0.27029223833830357,0.0837505694090837,-0.7692697510596302,0.4137365096691769,0.21178009309327955
2026-07-06 12:50:00+03:00,0.3669473550188448,0.11732079850981454,0.057924039257332235,-0.9595886526776678,0.39490865063970315,0.17425226659421944
2026-07-06 12:55:00+03:00,0.454019868731912,0.2905453212077656,0.03296339187213688,-1.2427264283238424,0.3955752507343471,0.17559086710823713
2026-07-06 13:00:00+03:00,0.4092921555364249,0.20297119951807766,0.0848450047893863,-0.7624643220925138,0.3008195119985051,-0.025745942326675944
2026-07-06 13:05:00+03:00,0.5331526327752214,0.44282002390599734,0.11238576587472239,-0.6128677673371677,0.41690828102547717,0.21804957954831417
2026-07-06 13:10:00+03:00,0.4075150372140465,0.19944073355630063,0.1614670192840933,-0.4116343422747354,0.40877954741179656,0.2019533273286174
2026-07-06 13:15:00+03:00,0.5197117066363323,0.41694019911443586,0.2629213829945939,-0.11571535789744092,0.42424339732160515,0.23249749294719402
2026-07-06 13:20:00+03:00,0.6279816357078171,0.6303811843596492,0.3086712463571563,-0.007957704609722754,0.4246711029031368,0.23333784957997722
2026-07-06 13:25:00+03:00,0.574581281484349,0.523343879147503,0.5390877356466333,0.4542750498959662,0.3938846629209056,0.172194464162814
2026-07-06 13:30:00+03:00,0.560025771017757,0.4948801121352479,0.5517515622095459,0.4787926486698518,0.39092942394801966,0.16624504055763517
2026-07-06 13:35:00+03:00,0.43701250552598914,0.2574962488297607,0.6584243564982694,0.6940817039343512,0.35712510065822856,0.09690748720046191
2026-07-06 13:40:00+03:00,0.45119839163561964,0.28507910125813324,0.4991389545090373,0.37742188979123253,0.37543705598206395,0.13477983251992287
2026-07-06 13:45:00+03:00,0.4763141837084831,0.333565379643516,0.3975878880613356,0.17962774279197613,0.36482482113899245,0.11292970584508408
2026-07-06 13:50:00+03:00,0.592751695524522,0.5592396903897823,0.3302031224175794,0.039595737171015805,0.37301268447425834,0.12981071110777656
2026-07-06 13:55:00+03:00,0.4825334442365036,0.34552646874731524,0.270604936188135,-0.0968595442225689,0.3622602521697192,0.10760958674776536
2026-07-06 14:00:00+03:00,0.40210051530129476,0.18865401579876845,0.8042110185368265,1.057213502364931,0.30051153856584534,-0.02644897407628209
2026-07-06 14:05:00+03:00,0.5507647704456857,0.47687793296903414,0.831466178123144,1.1451616381608456,0.3654613827591061,0.11424775564173506
2026-07-06 14:10:00+03:00,0.5251938716536343,0.42748706351374116,0.6935135899968105,0.7710318829167516,0.3381407907449213,0.056719784042668475
2026-07-06 14:15:00+03:00,0.6236335053279246,0.6214686608378708,0.5662551679441772,0.5070342388045619,0.3351952887485316,0.05038898082166661
2026-07-06 14:20:00+03:00,0.5459950243784196,0.467633630514762,0.47457830792176825,0.3302245225944607,0.29774974202095505,-0.032772018979939053
2026-07-06 14:25:00+03:00,0.5642277386490044,0.5030742454190168,0.433347366828591,0.2503390385693949,0.31261869751328164,0.0008902750271884034
2026-07-06 14:30:00+03:00,0.4670542607464329,0.3157290584061218,0.22367369456992897,-0.2182144386667787,0.3130587179739739,0.001872755625030901
2026-07-06 14:35:00+03:00,0.27536897507496066,-0.08533749130413575,0.3484867768203779,0.07874791485978533,0.2785978176129352,-0.07759859828063215
2026-07-06 14:40:00+03:00,0.24703189871486705,-0.15587397056139896,0.4558505119734741,0.2940888565948672,0.2864820708175738,-0.05892901322957444
2026-07-06 14:45:00+03:00,0.27883064015337106,-0.07704270840334106,0.5192799720607557,0.4161100275376391,0.2771468787740614,-0.08106932789229869
2026-07-06 14:50:00+03:00,0.3655690784439051,0.11447065142532012,0.49383609406292217,0.3672400578921841,0.28214953608246107,-0.06914913912992737
2026-07-06 14:55:00+03:00,0.15361671780800057,-0.440029773469301,0.7228558880239837,0.8392260706293659,0.23953040042436916,-0.17543366823115053
2026-07-06 15:00:00+03:00,0.19770275915461816,-0.2932508491734568,0.7956039085209754,1.0313985480579695,0.26992207104350585,-0.09852147098516355
2026-07-06 15:05:00+03:00,0.16536011417635682,-0.3979651263254152,0.7439370445084557,0.890997958067215,0.21854819774832082,-0.2324999519071887
2026-07-06 15:10:00+03:00,0.19784487542630372,-0.2928209086103561,0.6137320967329473,0.601322541290781,0.22027259921829767,-0.2276672453139913
2026-07-06 15:15:00+03:00,0.27077135681746745,-0.09645491719528915,0.5534825345053588,0.48215325076920695,0.23802605944993205,-0.1794062396329349
2026-07-06 15:20:00+03:00,0.18795222870000725,-0.3233253819296291,0.5447659465584934,0.4652542594844618,0.21159093057224734,-0.2522828142066195
2026-07-06 15:25:00+03:00,0.24153930689635375,-0.17015522248861398,0.5597890902899779,0.49441907822918635,0.24872222516666004,-0.15152209014041543
2026-07-06 15:30:00+03:00,0.3529106535704185,0.08807309303988128,0.6011292892370889,0.5759529638990566,0.27207657552977066,-0.0932868740501564
2026-07-06 15:35:00+03:00,0.18836169967074146,-0.32203872986730775,0.9291153443575872,1.6141696214380774,0.2886882266525848,-0.053760464530770706
2026-07-06 15:40:00+03:00,0.6991371718627609,0.7837972082853644,0.9820976416909931,2.3013103044183363,0.36776771222339955,0.11901508196554694
2026-07-06 15:45:00+03:00,0.5581329359400772,0.4911944996538498,0.9846653494530472,2.3768740908710755,0.3647011105540245,0.11267344010813668
2026-07-06 15:50:00+03:00,0.33767633780181333,0.05572333560726776,0.9858597245764122,2.4163771429525474,0.29749711518080024,-0.03335207856276498
2026-07-06 15:55:00+03:00,0.3857023131527534,0.15568210526740944,0.9847626330657545,2.3799762719867443,0.2908042849776088,-0.048825000830728535
2026-07-06 16:00:00+03:00,0.27857275073964194,-0.07765846524338992,0.9901292161035958,2.5909819543202492,0.3140828031401699,0.0041564356861826315
2026-07-06 16:05:00+03:00,0.20351128860520257,-0.27586425161020933,0.9838736701743055,2.3523262403870673,0.31208695137555403,-0.0002980180048795987
2026-07-06 16:10:00+03:00,0.19174642680641132,-0.31148441322931636,0.97897695056423,2.2226548849207006,0.23518116573884554,-0.18696636356888052
2026-07-06 16:15:00+03:00,0.18749630759616442,-0.32476052831455354,0.9889888391035114,2.5379516878817268,0.29339030596116944,-0.04282207033849127
2026-07-06 16:20:00+03:00,0.3091755643876587,-0.006823848881833436,0.9906962074154356,2.6196514501827366,0.2212209447434643,-0.22502103481317332
2026-07-06 16:25:00+03:00,0.27798019233846943,-0.0790746312379753,0.9899254741734846,2.5810766546050803,0.22505663430164624,-0.2144000772506398
2026-07-06 16:30:00+03:00,0.21554449459783476,-0.24098402197659197,0.9701062850761976,2.0493162608383093,0.20705558114362427,-0.2654362199959002
2026-07-06 16:35:00+03:00,0.1983764065058404,-0.2912149407471737,0.9707211815199273,2.059596430421359,0.21499609520709595,-0.24254222191086655
2026-07-06 16:40:00+03:00,0.1942166414202548,-0.30387115537252807,0.966781545456432,1.9970501920660066,0.21275259568198698,-0.24894706863897176
2026-07-06 16:45:00+03:00,0.2366234531739784,-0.18312573743382948,0.8261491633901208,1.1271733754158648,0.2629276605416238,-0.11569980980378892
2026-07-06 16:50:00+03:00,0.06767694341453723,-0.8799012671316282,0.45118135631792616,0.2850460795902242,0.03922123320269362,-1.1561784609217935
2026-07-06 16:55:00+03:00,0.32664649027454085,0.031855722875713366,0.29450635023241767,-0.04024097191397119,0.31179656609584233,-0.0009474088051254401
2026-07-06 17:00:00+03:00,0.21775705761272515,-0.2347263437217947,0.06074796241514013,-0.9352997745351346,0.2245737303863434,-0.21573010343917073
2026-07-06 17:05:00+03:00,0.2178791907485305,-0.2343822616986226,0.08024463217240317,-0.7916286388558363,0.2265073002013776,-0.21041674730781593
2026-07-06 17:10:00+03:00,0.20835563447280428,-0.2616443124872501,0.045307832004281505,-1.0838841980226868,0.20012234114808183,-0.2859624388509625
2026-07-06 17:15:00+03:00,0.2040973740042947,-0.2741306146689379,0.055893077731919934,-0.9777540132653741,0.21045076006222108,-0.25556989209140357
2026-07-06 17:20:00+03:00,0.1836680349036523,-0.33691853174237163,0.047065485452304004,-1.0647313418935742,0.203516267024445,-0.27584950984088474
2026-07-06 17:25:00+03:00,0.09709279594643025,-0.6912750600973449,0.022588387708796294,-1.4292656192696978,0.180907011455654,-0.3458095114632609
2026-07-06 17:30:00+03:00,0.18445234973162014,-0.33441182688159804,0.07988846782866103,-0.793949631695941,0.18374383614199,-0.3366759060951521
2026-07-06 17:35:00+03:00,0.19622216173926169,-0.2977439852678557,0.06941158319226792,-0.8668597596687756,0.18479467693624166,-0.33332031981896676
2026-07-06 17:40:00+03:00,0.19827659476533693,-0.2915162646529176,0.08628223719640875,-0.7536472594874755,0.18161743654937776,-0.34351179281726
2026-07-06 17:45:00+03:00,0.16671375920148435,-0.393272829102947,0.06795286401312949,-0.8778062498682401,0.1800347911052938,-0.348640157581437
2026-07-06 17:50:00+03:00,0.1939438667510352,-0.3047082242132318,0.08874859608597896,-0.7388219880164446,0.1818511826666201,-0.3427573203145208
2026-07-06 17:55:00+03:00,0.653434475872339,0.6834691124836733,0.17985328725000035,-0.3492305423691305,0.24658583870702663,-0.15702571904531257
2026-07-07 09:55:00+03:00,0.9312570781238498,1.6300009115139997,0.3686470930746274,0.12082951247777432,0.5972711097102131,0.5682418729504602
2026-07-07 10:00:00+03:00,0.9095190276843262,1.486779620758763,0.5937033464193183,0.561132623166624,0.6557538111537636,0.6883928305325026
2026-07-07 10:05:00+03:00,0.8339658504728511,1.1537749230945544,0.6267117009502827,0.6277738342403947,0.5184738227871744,0.41456005057157574
2026-07-07 10:10:00+03:00,0.8847576329311082,1.3574228783900784,0.788822665426741,1.0116238100453452,0.5861786700829051,0.5462021788888294
2026-07-07 10:15:00+03:00,0.9293783672156828,1.6160898253114064,0.7241118440319539,0.8422394644930592,0.5458086263061488,0.46727271350746485
2026-07-07 10:20:00+03:00,0.9338754372865787,1.649988177872433,0.7618438973859298,0.9372122637284791,0.6341353266394875,0.6430678178327185
2026-07-07 10:25:00+03:00,0.9129631946364005,1.5072214131511736,0.7575343733423802,0.9258814959934232,0.569308905418098,0.5130070521688151
2026-07-07 10:30:00+03:00,0.8883399694872672,1.3745197613323115,0.559902156721697,0.49463931539258543,0.6251078547303927,0.6244860344338479
2026-07-07 10:35:00+03:00,0.8923744914749597,1.3943588512987874,0.7662586744340453,0.948966890519983,0.6667183410271245,0.7118888878272388
2026-07-07 10:40:00+03:00,0.9529129278268451,1.8226504850457306,0.7759642151122522,0.9753642347852453,0.6959693233267751,0.7765899291617316
2026-07-07 10:45:00+03:00,0.8354385946892955,1.1588983599370168,0.3041824517242993,-0.018095574840529816,0.6228149732435321,0.6197954958265847
2026-07-07 10:50:00+03:00,0.906028834315463,1.4667673937292733,0.2629418325570358,-0.11566470973846771,0.6550811635592214,0.6869632564462469
2026-07-07 10:55:00+03:00,0.9018205627437621,1.4435050841086712,0.07489136350210765,-0.8275532031280072,0.6111593162058548,0.5961197782586813
2026-07-07 11:00:00+03:00,0.869517984365268,1.2894697121914203,0.1401030598349507,-0.4918313068995944,0.5967312947040301,0.5671649211267102
2026-07-07 11:05:00+03:00,0.9395910957309348,1.6963096306475982,0.3664311601453021,0.11625388570401414,0.6045648347600473,0.5828404876112988
2026-07-07 11:10:00+03:00,0.9178992398869,1.537833050659839,0.24344996533191224,-0.16516261765072066,0.6194320161118739,0.6128954291132785
2026-07-07 11:15:00+03:00,0.9095630677643787,1.4870365446429075,0.25334529530234223,-0.13971953938650097,0.6052567960949476,0.5842302023113646
2026-07-07 11:20:00+03:00,0.8666618617938523,1.2774973688636395,0.12064005531350001,-0.5743645873234632,0.5555278084544549,0.48612730774846435
2026-07-07 11:25:00+03:00,0.9450200476922126,1.74427446251056,0.36510821031201274,0.1135166054967711,0.6586475142196091,0.6945580446159098
2026-07-07 11:30:00+03:00,0.9401156461072748,1.7007636143483869,0.434307256624632,0.25221483603024436,0.6387054549622867,0.6525480579286078
2026-07-07 11:35:00+03:00,0.788504663610564,1.0107080242780977,0.18758954752802,-0.32446680997220473,0.4307146243370129,0.24518912229021972
2026-07-07 11:40:00+03:00,0.821756085560786,1.1126359974989335,0.3269591356577294,0.03253783252691239,0.4464840614947639,0.2759319861459097
2026-07-07 11:45:00+03:00,0.9162692657694429,1.5275439475830883,0.39699141925332565,0.17843209813592825,0.4889653544341027,0.3578856338525004
2026-07-07 11:50:00+03:00,0.9489391866695296,1.781756639397871,0.37497189591418917,0.1338274163160431,0.5596426022438293,0.49413375852794034
2026-07-07 11:55:00+03:00,0.9319478266208626,1.6352042546134866,0.40474478354738597,0.19392764893219522,0.5639450068666353,0.5025223474218969
2026-07-07 12:00:00+03:00,0.9171012146518889,1.5327725786188036,0.4219540614407756,0.22799557703112044,0.5337975375885795,0.44406378487712944
2026-07-07 12:05:00+03:00,0.9475958579614214,1.768612216753843,0.3180448908335074,0.012954116523491599,0.5621547891039987,0.49902967493571415
2026-07-07 12:10:00+03:00,0.9489283815437694,1.7816496131081054,0.4048433278989445,0.19412396713965302,0.5050893248480839,0.3888466503446134
2026-07-07 12:15:00+03:00,0.893353088802309,1.3992692354057787,0.25337264535676346,-0.1396501424520271,0.4360548248269328,0.25562743778732644
2026-07-07 12:20:00+03:00,0.9100676042379994,1.4899880113095598,0.17720241089106054,-0.357906701428831,0.39779610092611567,0.18004496970186318
2026-07-07 12:25:00+03:00,0.8328856552343165,1.1500401949850276,0.11997078122668274,-0.5774000026452296,0.35182571443145816,0.08579111742805441
2026-07-07 12:30:00+03:00,0.8778611010702999,1.3257692037809745,0.12319901547342718,-0.5628909748696762,0.3921992157726959,0.1688033039891482
2026-07-07 12:35:00+03:00,0.8747416703119032,1.3119555848148283,0.19344709603668603,-0.3062349738498239,0.4328044786841581,0.2492777055120902
2026-07-07 12:40:00+03:00,0.77283925708972,0.9667784923523581,0.16702597949219264,-0.39219487395383534,0.403238995153269,0.19092593189022342
2026-07-07 12:45:00+03:00,0.7085779984402669,0.8055383656514179,0.1803789399427251,-0.3475220050922995,0.38703520594950386,0.1583805673143613
2026-07-07 12:50:00+03:00,0.7369717663664531,0.8736008588025183,0.182462674406459,-0.3407871422159891,0.3845789883292206,0.153405222451506
2026-07-07 12:55:00+03:00,0.5701193090731521,0.5145938355484236,0.1756579092234902,-0.36300878601755615,0.3692197044570328,0.12201001549734451
2026-07-07 13:00:00+03:00,0.3673698796479998,0.11819363661424205,0.1777323177079189,-0.3561642592914086,0.32481666251261726,0.027856748560815187
2026-07-07 13:05:00+03:00,0.3234985858468236,0.024968931421872172,0.11346667131720851,-0.6076885235906241,0.32315151460280755,0.024207502377006005
2026-07-07 13:10:00+03:00,0.29291534959633414,-0.043922251994961276,0.24395021723509963,-0.16385984282660793,0.24050403493663308,-0.17287166009389274
2026-07-07 13:15:00+03:00,0.227537621073587,-0.20759857452823327,0.05764350269324305,-0.9620618800534912,0.20475230117824827,-0.27219771789254826
2026-07-07 13:20:00+03:00,0.17341149840368608,-0.3704929585989136,0.03194516354216094,-1.2582920486406488,0.1868823941088093,-0.3266972499323545
2026-07-07 13:25:00+03:00,0.13124222684310732,-0.528111387432898,0.023638967974638544,-1.406928897168429,0.1868823941088093,-0.3266972499323545
2026-07-07 13:30:00+03:00,0.13729116894974042,-0.5031297403198638,0.01611136011040562,-1.5946291986808352,0.1976231950441595,-0.2934916540513079
2026-07-07 13:35:00+03:00,0.10844799265207321,-0.6321119716232687,0.016206673174663098,-1.5917515083254066,0.19631916520392786,-0.2974488288229922
2026-07-07 13:40:00+03:00,0.1054092198589735,-0.6473867361424606,0.024869296050843027,-1.3819703328456088,0.19674870045661508,-0.29614318686690405
2026-07-07 13:45:00+03:00,0.09367700806945649,-0.7102779517127746,0.03154012543218521,-1.2646175930943735,0.19628441828670015,-0.29755454202929227
2026-07-07 13:50:00+03:00,0.022570276770405993,-1.4296595125684985,0.24979351699700703,-0.14877420312004142,0.03938381773945732,-1.1541116394984912
2026-07-07 13:55:00+03:00,0.023151419856493355,-1.4171716703840176,0.34203066008658733,0.0650392005650618,0.04683722975586464,-1.0671797817866067
2026-07-07 14:00:00+03:00,0.01741313438818861,-1.5566985833694391,0.3940167151756668,0.17245994075025822,0.04372687630072988,-1.101726110498092
2026-07-07 14:05:00+03:00,0.023614042322693218,-1.4074475315783121,0.4278719022022944,0.23961984478632986,0.033896929543011496,-1.2288583062955745
2026-07-07 14:10:00+03:00,0.03315895329616862,-1.2397901488339564,0.42472872822863217,0.23345105494463972,0.03216678991085605,-1.2548636281905523
2026-07-07 14:15:00+03:00,0.014441543964005,-1.6479612663161303,0.39379311326151545,0.17201039531441545,0.03599461767846431,-1.1989941205449035
2026-07-07 14:20:00+03:00,0.007068565780225861,-1.9944667014693558,0.5621421912186775,0.49900510805716203,0.03156792129683994,-1.2641809965420454
2026-07-07 14:25:00+03:00,0.014976843405375131,-1.6302307674661265,0.5303103925885848,0.4373409789279196,0.031394822932367165,-1.2669059721660567
2026-07-07 14:30:00+03:00,0.007618176757560846,-1.9582597083222097,0.5792311347074091,0.5324877719037602,0.02993520854311142,-1.290479837014532
2026-07-07 14:35:00+03:00,0.005561356596438959,-2.1103032770692143,0.6852688356216794,0.7525499386059601,0.028691698979101146,-1.3114594073800103
2026-07-07 14:40:00+03:00,0.0053934021459491254,-2.12510349473575,0.43089996617442133,0.24555191731595058,0.09950021000381036,-0.678237425642182
2026-07-07 14:45:00+03:00,0.003424059291971214,-2.344135224600852,0.2670422482008297,-0.10555962623527529,0.053281173711033095,-1.0020510926988144
2026-07-07 14:50:00+03:00,0.0012850731248399405,-2.815557763938926,0.16779626977082454,-0.38954228247136136,0.0046356919455223305,-2.1981348125842097
2026-07-07 14:55:00+03:00,0.0007246725371568725,-3.090788540542493,0.19654621312652437,-0.2967584113451858,0.003945045125955825,-2.275901819477493
2026-07-07 15:00:00+03:00,0.0006957878313668703,-3.1103259707017865,0.11748907081015923,-0.5887848203609737,0.00418755794812113,-2.2471501425304075
2026-07-07 15:05:00+03:00,0.0007183109071330169,-3.0950238344002368,0.07283871239829652,-0.8419563722474535,0.004329307987975069,-2.2311030299249563
2026-07-07 15:10:00+03:00,0.0008240265973666877,-3.0290705728023566,0.09446450140433715,-0.7058425750492777,0.006228003263088853,-2.055640195433639
2026-07-07 15:15:00+03:00,0.0012308147869497283,-2.8362901526592497,0.15301998703363867,-0.44223622728346423,0.006751632778358983,-2.0166384765222576
2026-07-07 15:20:00+03:00,0.0010984109810609434,-2.8909820609353534,0.1405864510451179,-0.48990817601261516,0.006525848090025023,-2.033073616113554
2026-07-07 15:25:00+03:00,0.0011416741580376956,-2.8724187793036657,0.12406969874642607,-0.5590338163381805,0.0073501175395359435,-1.975582875307435
2026-07-07 15:30:00+03:00,0.001673325130966524,-2.6886557262009125,0.1299408073912282,-0.5336132763409236,0.0068389810195160945,-2.0104263185159827
2026-07-07 15:35:00+03:00,0.0011143573182213853,-2.884056204291692,0.15590550254088226,-0.4316312952396577,0.00629427723719422,-2.0505274806435425
2026-07-07 15:40:00+03:00,0.0013447840086772303,-2.7937290797967864,0.17017142207458302,-0.3814238342072494,0.0073448431778120665,-1.975929983188879
2026-07-07 15:45:00+03:00,0.0035108363911830975,-2.332080521456451,0.2149568137979883,-0.2426539451989882,0.006442035355971848,-2.0393186133498897
2026-07-07 15:50:00+03:00,0.003612727279307793,-2.318299627242238,0.16353770883691413,-0.404331248030934,0.006616542337679877,-2.026405000234108
2026-07-07 15:55:00+03:00,0.0035418118440145776,-2.327849330581571,0.1964114242841978,-0.29716821055597287,0.006575134075819931,-2.029438351306095
2026-07-07 16:00:00+03:00,0.0027217382697705276,-2.4546574699385935,0.17290627202413109,-0.37218670996649766,0.006917718929573358,-2.004893682461413
2026-07-07 16:05:00+03:00,0.00047186786102925766,-3.296834762984859,0.16465756942163687,-0.4004125867801517,0.008197898424409496,-1.9227765578824807
2026-07-07 16:10:00+03:00,0.0004381216999136788,-3.332467152683446,0.18307149557380772,-0.3388306574596709,0.006504559155894802,-2.0346523004926094
2026-07-07 16:15:00+03:00,0.0001406866215223858,-3.877857825975891,0.07187642967123278,-0.8488377321946093,0.004305608899444323,-2.2337491765137054
2026-07-07 16:20:00+03:00,5.769144137383577e-05,-4.30577132025888,0.11473897555330424,-0.601647013740556,0.0032864834761428315,-2.3638851268827468
2026-07-07 16:25:00+03:00,1.7448305657767515e-05,-4.879791903772552,0.1672563051803094,-0.3914006958876585,0.0027727258787112897,-2.445724277110314
2026-07-07 16:30:00+03:00,1.9850764559586307e-05,-4.817872331579187,0.23552686453641924,-0.18604433127014508,0.00329172853192208,-2.363117176156176
2026-07-07 16:35:00+03:00,7.121444026215705e-05,-4.204685737942263,0.34905689946072593,0.07995273995703873,0.0078120274814368,-1.9461050636130324
2026-07-07 16:40:00+03:00,5.843347287971499e-05,-4.2996366914365085,0.19054321626865012,-0.31521983566999606,0.004464363081104504,-2.216293246567571
2026-07-07 16:45:00+03:00,1.844384662145742e-05,-4.8531577403710555,0.20178956047309013,-0.28097872161630444,0.003832769229496087,-2.2898145206637492
2026-07-07 16:50:00+03:00,1.9117984597372183e-05,-4.83592647970583,0.2269449308789109,-0.20921861934875025,0.004021494384638766,-2.266652486095294
2026-07-07 16:55:00+03:00,3.897654455600023e-05,-4.494006950993131,0.2306812057520135,-0.1990552853609175,0.00463660581132258,-2.1980397579233637
2026-07-07 17:00:00+03:00,3.7012039738331695e-05,-4.5188313217543685,0.27949019401824815,-0.07546949301127823,0.003654350198776557,-2.3127811582844675
2026-07-07 17:05:00+03:00,3.006732024957204e-05,-4.618578230206392,0.3325476435910338,0.04467479481190602,0.004364258412171263,-2.2272268053726725
2026-07-07 17:10:00+03:00,0.0001743208031158384,-3.7749503244947737,0.18442745777516814,-0.33449125575562394,0.0036933567676662353,-2.3076661224127046
2026-07-07 17:15:00+03:00,0.00016374263608630302,-3.805003310513363,0.1683818357686477,-0.38753230968130126,0.0034453757815634096,-2.341146055233261
2026-07-07 17:20:00+03:00,0.00010448373074591049,-4.020673266078539,0.0930798711490088,-0.713663529841799,0.0034741694965581566,-2.337137498508254
2026-07-07 17:25:00+03:00,6.285615286866106e-05,-4.26461468667544,0.17661133375489355,-0.3598551145463001,0.0031812972213390582,-2.379549349122204
2026-07-07 17:30:00+03:00,9.339550471098313e-05,-4.074527539616763,0.20685570482020954,-0.26602076352345494,0.003146929171090433,-2.3847794938033697
2026-07-07 17:35:00+03:00,9.237463673569014e-05,-4.079803464519074,0.039311505103519995,-1.1550298861820774,0.003373064944716322,-2.351361985137318
2026-07-07 17:40:00+03:00,0.00020134610735451962,-3.705757636731675,0.037231875427945725,-1.182156088849422,0.011055785721910153,-1.7778386048801884
2026-07-07 17:45:00+03:00,0.0002351463341624979,-3.631255618690797,0.034386851631536416,-1.2217270909675921,0.004138238705093807,-2.2528605563645723
2026-07-07 17:50:00+03:00,0.0004790907812621924,-3.2895397459892934,0.0415626403192733,-1.1271759669302674,0.006680810099982744,-2.0217342278104162
2026-07-07 17:55:00+03:00,0.00047827604654920755,-3.2903570923124565,0.039563207215544106,-1.1518406622182067,0.009098076364570029,-1.87233309983246
2026-07-08 09:55:00+03:00,0.013326064153624478,-1.687089109925269,0.03125097479977078,-1.269181563202736,0.025896252479185474,-1.362042190109643
2026-07-08 10:00:00+03:00,0.006522852920851567,-2.033295413835862,0.25263549934616847,-0.14152228209846224,0.008563560239671976,-1.9016537621097611
2026-07-08 10:05:00+03:00,0.005791365160154172,-2.090740271998651,0.19573667057729802,-0.2992228692699867,0.007286030777157922,-1.979817299817203
2026-07-08 10:10:00+03:00,0.0050796728868597206,-2.154020311458029,0.10346590281348302,-0.6573598903930946,0.007793046712606068,-1.9472818842790733
2026-07-08 10:15:00+03:00,0.008255018598501395,-1.919416118610086,0.06648352291136285,-0.8890549435426792,0.008064127157861324,-1.9307382215659172
2026-07-08 10:20:00+03:00,0.0048223918965035854,-2.1790926579234977,0.10765858116791853,-0.6360434736395462,0.007725042900030519,-1.951521640050647
2026-07-08 10:25:00+03:00,0.003950184318107074,-2.275274471928301,0.1202217182989965,-0.5762601975871519,0.006416601003878741,-2.041229732583166
2026-07-08 10:30:00+03:00,0.004346823390281264,-2.229156581480515,0.14201286341341546,-0.4842653616782431,0.009955146701424581,-1.8287060529083075
2026-07-08 10:35:00+03:00,0.004262472327779668,-2.23860307244368,0.1520647438644315,-0.4457830289658742,0.010577366543460814,-1.7993041646435506
2026-07-08 10:40:00+03:00,0.003996603078426882,-2.2696446306931857,0.12693636115835857,-0.5464963199072663,0.014167109345367121,-1.6573039573108026
2026-07-08 10:45:00+03:00,0.001023703237436672,-2.92482729053829,0.22584935510969517,-0.21222112830753126,0.02513491787282595,-1.3767401403098145
2026-07-08 10:50:00+03:00,0.002243607233911485,-2.547614373105363,0.18710511899893909,-0.3259940512683931,0.020599907621496456,-1.4744717050011398
2026-07-08 10:55:00+03:00,0.001249763070121195,-2.8289479790500693,0.12819244073814004,-0.5410789613333424,0.03683773446099383,-1.1874608410486207
2026-07-08 11:00:00+03:00,0.0014993213980592946,-2.7414421091952876,0.30315881447667703,-0.020419162774431288,0.07011744082426272,-0.8616391247157916
2026-07-08 11:05:00+03:00,0.0018535847227513578,-2.639462115476247,0.43350104297974384,0.25063941477646623,0.0620312973329567,-0.9246091094058175
2026-07-08 11:10:00+03:00,0.0015540966589836342,-2.724192928199458,0.5730297231039461,0.5202986064361126,0.10542955478944402,-0.6472832379055611
2026-07-08 11:15:00+03:00,0.06789569128468179,-0.8782397037994472,0.013110340490725823,-1.695027711422006,0.46990816244877487,0.3212302863779361
2026-07-08 11:20:00+03:00,0.32027095161062236,0.017871301559661122,0.26934585607112194,-0.09992589979176508,0.7525279140392859,0.9128888686636375
2026-07-08 11:25:00+03:00,0.5357761666696569,0.447881139397828,0.2998105284439646,-0.028050751743315255,0.5147981283824744,0.4074950431267111
2026-07-08 11:30:00+03:00,0.16190432673138236,-0.4100857435468165,0.09524418311345063,-0.7014837031986074,0.44519034849486705,0.27341862582249654
2026-07-08 11:35:00+03:00,0.23182132771994782,-0.19597696579093335,0.24439953359261188,-0.16269125796883416,0.47933610738377086,0.339378778213836
2026-07-08 11:40:00+03:00,0.4506249161447833,0.28396734021003045,0.7749902415888451,0.972679208903902,0.4912208543650957,0.36221779204937804
2026-07-08 11:45:00+03:00,0.2831483367279735,-0.06678468831312219,0.5022591801353123,0.3834126022854043,0.47254951465635914,0.3263184134465855
2026-07-08 11:50:00+03:00,0.38607518264371915,0.15643733300843982,0.5828696039191716,0.5396620056073838,0.5016348062806589,0.3822138165394323
2026-07-08 11:55:00+03:00,0.4767442864127465,0.33439297957664404,0.24886214021899075,-0.1511627565245512,0.49914382728307427,0.37743124530781486
2026-07-08 12:00:00+03:00,0.5850838174761316,0.5440365958306849,0.44602953714000554,0.275049121418268,0.5078902569478639,0.3942252238563324
2026-07-08 12:05:00+03:00,0.7637815691869794,0.9423527362378081,0.7246213430263982,0.843464315852183,0.5324804868946618,0.4415239532380035
2026-07-08 12:10:00+03:00,0.8232295072250928,1.1174800770411992,0.7674622379107234,0.9521981192604303,0.5427830545651438,0.4614177923211129
2026-07-08 12:15:00+03:00,0.7457254266846964,0.8955145052012057,0.6873543019257793,0.7571995299731543,0.5309579985388466,0.4385890359869796
2026-07-08 12:20:00+03:00,0.7473828311959454,0.8997189961653885,0.6760366865386859,0.7321622976253208,0.5222498924337572,0.4218219986246074
2026-07-08 12:25:00+03:00,0.5784374809778325,0.5309251491563154,0.17105050252501602,-0.37844192489775974,0.48471365481662904,0.34971686888120496
2026-07-08 12:30:00+03:00,0.5607904335910774,0.49636997422203316,0.1260169333690386,-0.5504908405125941,0.46732928520495365,0.316259375284139
2026-07-08 12:35:00+03:00,0.4151235365898193,0.21452346968442312,0.18596515204392172,-0.32960003827130596,0.4553065727696648,0.29303621109190453
2026-07-08 12:40:00+03:00,0.47311356612575556,0.32740457181559995,0.4000403226093696,0.18453738025662547,0.469613408753468,0.32066229610770336
2026-07-08 12:45:00+03:00,0.4726134605946743,0.32644155684050175,0.5918453677183382,0.557438196714803,0.4586912338647603,0.29958304425724014
2026-07-08 12:50:00+03:00,0.3362359495273203,0.05262880582153597,0.7143907568031849,0.8191305402549662,0.3531302507736675,0.08853458764096861
2026-07-08 12:55:00+03:00,0.3487609450633687,0.07932742153136277,0.6174097565489001,0.6087820460197434,0.29563232729110045,-0.037642669571012276
2026-07-08 13:00:00+03:00,0.1927466793307086,-0.3083926708087394,0.08227693096603747,-0.7785619560024095,0.20998628363405056,-0.25691270691481577
2026-07-08 13:05:00+03:00,0.1726435496135064,-0.3730690237083284,0.11062139337536,-0.6214161525308808,0.2042784083944196,-0.2735958646509129
2026-07-08 13:10:00+03:00,0.0976798615432814,-0.6880693950181653,0.044314799528039,-1.0950203152607434,0.15715363406745797,-0.42709369445137724
2026-07-08 13:15:00+03:00,0.13058065839989524,-0.5309024153141545,0.04662010842685975,-1.0695193381804888,0.17022133298115322,-0.381254205227231
2026-07-08 13:20:00+03:00,0.08071978842627657,-0.7885468150331173,0.03531309132480573,-1.2085086255538549,0.15621709796182812,-0.43049572162142596
2026-07-08 13:25:00+03:00,0.11606014573236774,-0.5954348643618849,0.020062433298450977,-1.48742472566995,0.1460719348422785,-0.4684623797953884
2026-07-08 13:30:00+03:00,0.14513923628114378,-0.4720610029872201,0.02843890071500966,-1.3158321575929872,0.1615775233686836,-0.4112427044502902
2026-07-08 13:35:00+03:00,0.1943448828015527,-0.3034779269539011,0.06683202592044545,-0.8863662211709086,0.17641243123239567,-0.36051192381667746
2026-07-08 13:40:00+03:00,0.13958141406633628,-0.49391287141885615,0.04589589716254447,-1.0773986117703063,0.16330660590944343,-0.4051426170841481
2026-07-08 13:45:00+03:00,0.06557137811993574,-0.8961546733920714,0.02884047189743193,-1.308903468610063,0.11679822104712675,-0.5919911352479967
2026-07-08 13:50:00+03:00,0.08357802901908193,-0.77035000624596,0.05999323994972432,-0.9416859482098865,0.14182884186355552,-0.4849906745841346
2026-07-08 13:55:00+03:00,0.09102231433712014,-0.7254805544754075,0.06345787349840469,-0.9129649398430344,0.14434525723622885,-0.47513956478002073
2026-07-08 14:00:00+03:00,0.08773166857657141,-0.7448890437969025,0.026896505295633692,-1.3433584386152944,0.11674791803816853,-0.5922252394446775
2026-07-08 14:05:00+03:00,0.10297262658925913,-0.6599177347988213,0.08819201197637484,-0.7421347787059673,0.16854947088086297,-0.3869579238943339
2026-07-08 14:10:00+03:00,0.14034867108778104,-0.49085347076971636,0.0479271398952229,-1.0555891960201016,0.15107644018656707,-0.44947188148526507
2026-07-08 14:15:00+03:00,0.17286134061395653,-0.37233753014142756,0.04658102519894577,-1.0699415735297817,0.12558289448684898,-0.5523852246722453
2026-07-08 14:20:00+03:00,0.22435440950761432,-0.21633483338719708,0.03947305518215872,-1.1529807029447932,0.14801673203838123,-0.46101959907567264
2026-07-08 14:25:00+03:00,0.177828216093497,-0.355849361159877,0.022762573068190087,-1.4254929505320366,0.12177097816919649,-0.569268272173679
2026-07-08 14:30:00+03:00,0.08267713679849224,-0.7760235303574642,0.01792720906321182,-1.5424822228007125,0.1163304870438838,-0.5941712984627123
2026-07-08 14:35:00+03:00,0.1775748189476566,-0.3566817215077138,0.013322971231379127,-1.6872020305827118,0.13248770649050698,-0.52288919387793
2026-07-08 14:40:00+03:00,0.09288903436073881,-0.7147496237926637,0.0027151835284091354,-2.455817969892599,0.09539945778899613,-0.7006194430211249
2026-07-08 14:45:00+03:00,0.05137087949101092,-1.020543757810813,0.0008920314690774551,-2.990975538465743,0.07883759134659704,-0.8008533187732322
2026-07-08 14:50:00+03:00,0.17013951310307587,-0.38153230189692944,0.0017063066181060341,-2.679271265078982,0.06824923299843783,-0.8755647382253369
2026-07-08 14:55:00+03:00,0.18112910870513163,-0.34509043144232193,0.0015235575428797438,-2.7337336210977226,0.06902218556262113,-0.8697608687277579
2026-07-08 15:00:00+03:00,0.15873485511261287,-0.4213870444776986,0.0012761466937420115,-2.8189078001531387,0.06998842992422866,-0.8625896686216256
2026-07-08 15:05:00+03:00,0.22183960612972708,-0.22329913194677548,0.0013990283033490133,-2.774722121480745,0.08693388361759723,-0.7496933326547454
2026-07-08 15:10:00+03:00,0.13076299088822493,-0.5301319933817971,0.000424056339056867,-3.3481361036542534,0.07294626201273367,-0.8411924902244351
2026-07-08 15:15:00+03:00,0.2612735478447958,-0.1198049808592361,0.0002294280071753969,-3.64307505627639,0.41081400682452796,0.20599080232668635
2026-07-08 15:20:00+03:00,0.3131000227663502,0.001964942620595948,0.0003275452947318138,-3.472134489401281,0.45373802775142946,0.2899995565309931
2026-07-08 15:25:00+03:00,0.3863549670657104,0.15700384399125078,0.001687030904628883,-2.684733693634443,0.3644931477224647,0.11224256288030149
2026-07-08 15:30:00+03:00,0.457885517225265,0.29802526591435385,0.0037598602275196224,-2.299068197454396,0.40048041460711986,0.18541735132735776
2026-07-08 15:35:00+03:00,0.31719359799599917,0.011068836679485022,0.004277409497150177,-2.2369167699131833,0.4059880817055115,0.1964034091522527
2026-07-08 15:40:00+03:00,0.26551815904057974,-0.10930394140067888,0.006376206298814077,-2.044280485862693,0.4028127709405129,0.19007561670042608
2026-07-08 15:45:00+03:00,0.23997637011351033,-0.17425926719444867,0.018482201845401943,-1.5275767420432118,0.4263166794969509,0.23656902686345507
2026-07-08 15:50:00+03:00,0.2526150229328133,-0.1415743378746458,0.032241062690940486,-1.2537197825668407,0.4260062218058063,0.23595967409974716
2026-07-08 15:55:00+03:00,0.26536891600332563,-0.10967133109997115,0.03355143283373616,-1.2339473395506455,0.44059385083176217,0.26447686015569166
2026-07-08 16:00:00+03:00,0.22669782455212642,-0.20989493635140605,0.035527737378940764,-1.205493102062437,0.45372611744514657,0.289976491822164
2026-07-08 16:05:00+03:00,0.29678628350498937,-0.03498575398922232,0.04160165277111214,-1.1267061034354278,0.4633357315164339,0.3085548666253798
2026-07-08 16:10:00+03:00,0.29189995998138807,-0.046277797034363403,0.05377551897102513,-0.9973675758571978,0.47165725218728677,0.32459996313241357
2026-07-08 16:15:00+03:00,0.2652772066299075,-0.10989715637650295,0.05104754507046758,-1.023737978973849,0.43995122605509535,0.2632251910124542
2026-07-08 16:20:00+03:00,0.2406577259180416,-0.17246788829110715,0.08537873649906219,-0.7591743182242897,0.4691566396815193,0.3197820214142522
2026-07-08 16:25:00+03:00,0.20239446228051375,-0.2791781375035069,0.06768522616945265,-0.8798382623902231,0.46492978189254414,0.311631198727322
2026-07-08 16:30:00+03:00,0.2670213238282373,-0.10561094008186103,0.05846202220311306,-0.9548770487527964,0.4517194457710753,0.2860890183478601
2026-07-08 16:35:00+03:00,0.29326229279082155,-0.043118495424638255,0.060872801770806034,-0.9342505924296274,0.4381300859837101,0.25967592973873654
2026-07-08 16:40:00+03:00,0.1769767871710387,-0.3586498393556947,0.07310493882448238,-0.8400673647034046,0.44088532805995995,0.2650444553798481
2026-07-08 16:45:00+03:00,0.49021913307141185,0.36029387253420997,0.07270374470340286,-0.8429164658338234,0.4433931279225726,0.26992467316644636
2026-07-08 16:50:00+03:00,0.4675296210784551,0.31664564951766744,0.103120469686467,-0.6591499703584325,0.43168389979694827,0.247086000445002
2026-07-08 16:55:00+03:00,0.3728464701549232,0.12946955313611447,0.08214246193582998,-0.779417389160723,0.3785247322011943,0.1410900325113007
2026-07-08 17:00:00+03:00,0.33317046940882955,0.04602102386143419,0.04638154726658822,-1.0721018949097356,0.39832343834013745,0.18110134248994103
2026-07-08 17:05:00+03:00,0.21826564915651084,-0.23329441974216458,0.07358743584262292,-0.8366599008790115,0.3751475569362954,0.13418713806323998
2026-07-08 17:10:00+03:00,0.24115223029073324,-0.17116993648740256,0.020032014261139052,-1.4881679439616402,0.3329741784481079,0.04559687993631606
2026-07-08 17:15:00+03:00,0.19365766412254246,-0.3055874613866786,0.013138650411449041,-1.6939785940904324,0.335960869092609,0.052037081006853045
2026-07-08 17:20:00+03:00,0.21923603242781903,-0.2305689911729259,0.010972782671405007,-1.7814960685223713,0.31947189621110855,0.016108348201492942
2026-07-08 17:25:00+03:00,0.28601295747460165,-0.06003110746385755,0.009074876347367474,-1.873569865761763,0.29839828448629996,-0.03128418888238467
2026-07-08 17:30:00+03:00,0.20390019576636143,-0.274713452758184,0.01153666216655074,-1.7571691461988739,0.30189287393608544,-0.02329890366411353
2026-07-08 17:35:00+03:00,0.4246128486731268,0.2332234046391499,0.013745174607259313,-1.672021880133512,0.292835037058463,-0.04410838994169678
2026-07-08 17:40:00+03:00,0.3473894142617449,0.0764263018598003,0.006622905048435557,-2.025940573675338,0.38177173687782345,0.14770418702522833
2026-07-08 17:45:00+03:00,0.13476550231974002,-0.5134451906693538,0.008377898708388967,-1.9122644379005762,0.3494811229964306,0.08084864810033127
2026-07-08 17:50:00+03:00,0.12021850969322678,-0.5762747587287252,0.007412541937641411,-1.9714933762241151,0.3684245047102555,0.12037041566139775
2026-07-08 17:55:00+03:00,0.08525059578952165,-0.7599624920644061,0.14199283454726688,-0.4843442665266482,0.06746832314258025,-0.8814905500011712
2026-07-09 09:55:00+03:00,0.6090379544125964,0.5918393129016647,0.2498724343137382,-0.14857208985811537,0.608606880512919,0.5909705177334899
2026-07-09 10:00:00+03:00,0.7539919782490022,0.916669869870245,0.707034423718822,0.8019559720386381,0.7048754636070115,0.796963846964228
2026-07-09 10:05:00+03:00,0.7816216596438662,0.9911275804729553,0.4395382053391551,0.2624205252939969,0.7961974060390117,1.033152222261981
2026-07-09 10:10:00+03:00,0.9297731676459433,1.61898451481653,0.7455119233864148,0.8949742078546519,0.9342012888480873,1.652526780477257
2026-07-09 10:15:00+03:00,0.818484714163904,1.1019918600707372,0.8498209859640424,1.2109888706010588,0.905715916806742,1.4650059193094647
2026-07-09 10:20:00+03:00,0.8018849017158695,1.050154165644579,0.74469213590447,0.8929023990370054,0.8720876715817609,1.30043323596815
2026-07-09 10:25:00+03:00,0.7972091701463089,1.036150578696015,0.7136272385457626,0.8173358322644725,0.6243270538695163,0.6228874755995712
2026-07-09 10:30:00+03:00,0.8048398828137323,1.0591328668353497,0.7609506721149757,0.9348523022029175,0.5115628709019898,0.40127916504800326
2026-07-09 10:35:00+03:00,0.6067770272371484,0.587286375387999,0.6496667857389745,0.6755034714256786,0.3561770405235364,0.09492424300670742
2026-07-09 10:40:00+03:00,0.7649119425564429,0.9453649719384486,0.6879578643797962,0.7585483319828017,0.3223140564184571,0.02236846564561055
2026-07-09 10:45:00+03:00,0.927561276401452,1.6029565981010305,0.33762062672618354,0.05560376665189251,0.49320378203492016,0.3660258454659727
2026-07-09 10:50:00+03:00,0.8914936273288849,1.3899723352355078,0.28522400569125805,-0.06188704939535766,0.6032411294898823,0.5801843345825377
2026-07-09 10:55:00+03:00,0.8910736713197149,1.3878920460790882,0.28515880049905107,-0.062040576907478384,0.7705377995776256,0.9605085099230631
2026-07-09 11:00:00+03:00,0.928035250947607,1.6063527374234936,0.195750995819071,-0.2991791925817635,0.7918277541561867,1.020328262567474
2026-07-09 11:05:00+03:00,0.8375207413662555,1.1662050274320215,0.14458016838452148,-0.47422726151302697,0.7270637048742912,0.8493554638265721
2026-07-09 11:10:00+03:00,0.8335720448669363,1.1524111113612725,0.19564566778549763,-0.29950038709659477,0.606977367631417,0.5876894353918994
2026-07-09 11:15:00+03:00,0.7525862372447037,0.9130392026354025,0.2817071629348372,-0.07019798705502114,0.5840138043132705,0.5419217498140321
2026-07-09 11:20:00+03:00,0.7722551556870203,0.9651829719390874,0.20825411150073667,-0.26193979865592487,0.547850970274806,0.4712286219254359
2026-07-09 11:25:00+03:00,0.8002886926247955,1.045346007766545,0.21951688258894445,-0.22978181255471852,0.5935506664273108,0.5608288328879809
2026-07-09 11:30:00+03:00,0.8464378593019947,1.1983813980079874,0.3118379234570827,-0.0008549008385724255,0.5964510084912722,0.5666059237757488
2026-07-09 11:35:00+03:00,0.7011806100460551,0.7884692339345004,0.3575249953469849,0.09774332318411195,0.5169185666490194,0.4115702870162211
2026-07-09 11:40:00+03:00,0.7285497051988857,0.8529559113351558,0.2891712302047218,-0.05263203127046667,0.5540631427545999,0.4832810345111187
2026-07-09 11:45:00+03:00,0.7032034782542218,0.7931123215523331,0.22033600756480098,-0.22749005966602126,0.516712183148001,0.4111735920603961
2026-07-09 11:50:00+03:00,0.6134621814306124,0.600776111851302,0.2921669428253362,-0.04565797320724935,0.4582133791740555,0.2986592074877036
2026-07-09 11:55:00+03:00,0.5881070911499533,0.550020646781306,0.2395262060951613,-0.17544472053586285,0.4407013071708632,0.26468611974098094
2026-07-09 12:00:00+03:00,0.38531433254914366,0.15489598225952392,0.2720084091529704,-0.09345209216654099,0.37100897804031263,0.1256939337574016
2026-07-09 12:05:00+03:00,0.44292192817693715,0.2690081470893508,0.27371590928999984,-0.08932131276360375,0.35367386854851657,0.08967646785611018
2026-07-09 12:10:00+03:00,0.37901389246242506,0.14208785607636498,0.33141520056547474,0.0422237876283624,0.3391925447915449,0.05897377315993969
2026-07-09 12:15:00+03:00,0.35666681530150285,0.09594909474670675,0.2540040321285648,-0.13804946012901986,0.30949706917289427,-0.006101544634523386
2026-07-09 12:20:00+03:00,0.4287352378378092,0.24131220513203874,0.2711291829894023,-0.09558544512153963,0.31263507251717254,0.0009268507380250105
2026-07-09 12:25:00+03:00,0.4106556913806908,0.20567683734944142,0.23993144953530401,-0.17437749178188017,0.31084423418739854,-0.0030794422867059124
2026-07-09 12:30:00+03:00,0.3719532422580515,0.12763512743838948,0.2913671025865771,-0.04751586893030754,0.28110712130984583,-0.07162226162508778
2026-07-09 12:35:00+03:00,0.16093702062857404,-0.413515726383256,0.17734622966692495,-0.35743339222025255,0.2135696967502589,-0.24660870209101024
2026-07-09 12:40:00+03:00,0.1989776617613126,-0.2894022065592049,0.17172641284796822,-0.3761574455880587,0.22032922100767263,-0.22750902199088266
2026-07-09 12:45:00+03:00,0.24035338962281003,-0.17326760156817544,0.11239839529272902,-0.6128070018915399,0.23507297848140507,-0.18725510853417238
2026-07-09 12:50:00+03:00,0.5802708657314422,0.5345361174106034,0.05389249200333495,-0.996265295397528,0.22799785758889501,-0.2063426276632982
2026-07-09 12:55:00+03:00,0.17527449578268806,-0.3642808113678262,0.054026543448277835,-0.9950048496449779,0.22606094406901173,-0.21164045095658796
2026-07-09 13:00:00+03:00,0.1411016318202658,-0.4878646516972618,0.046626070957221016,-1.0694549516309175,0.21022464192235704,-0.2562233342331378
2026-07-09 13:05:00+03:00,0.17772052850328512,-0.35620298027666775,0.02834581775957047,-1.3174517598283269,0.21400577789900335,-0.24536339902292692
2026-07-09 13:10:00+03:00,0.29900934796400824,-0.029884039337927593,0.05103982676682259,-1.0238144617849219,0.2212343472456965,-0.22498369551139658
2026-07-09 13:15:00+03:00,0.2384063525166685,-0.17840036078504123,0.03579426186379115,-1.201773075450915,0.21979667060481808,-0.2289983303905471
2026-07-09 13:20:00+03:00,0.24402128525877834,-0.1636749116963267,0.0249912479583661,-1.3795623300870767,0.2291382093389047,-0.20323837793442678
2026-07-09 13:25:00+03:00,0.28462896180142677,-0.06328888096523788,0.03349286859715944,-1.2348149785049967,0.24213790171570618,-0.16858819699888591
2026-07-09 13:30:00+03:00,0.33397500856631174,0.04775816164925261,0.031051778842387114,-1.272349518245568,0.2633031133592564,-0.11477033008339806
2026-07-09 13:35:00+03:00,0.33903754352378646,0.058641807957796624,0.044673085818192376,-1.0909752239858581,0.3033836276982912,-0.019908473022516127
2026-07-09 13:40:00+03:00,0.23423186299673282,-0.18950314044134256,0.04083755345888607,-1.1359865529085464,0.2810934134658274,-0.0716548205309166
2026-07-09 13:45:00+03:00,0.20279322981797956,-0.27799333952027744,0.04882995398082914,-1.0461762946872288,0.30265218943943845,-0.021570806475421134
2026-07-09 13:50:00+03:00,0.19710949677664305,-0.2950481502451313,0.05228691201741019,-1.0115964336375316,0.3099923168071806,-0.004989712865650799
2026-07-09 13:55:00+03:00,0.1880125239617896,-0.3231357852068835,0.08243949824791028,-0.777529471841902,0.28054616547778555,-0.07295543646018118
2026-07-09 14:00:00+03:00,0.2129630701795893,-0.24834411083034946,0.09339656078341521,-0.7118655811555569,0.3155015628315349,0.007313572293658972
2026-07-09 14:05:00+03:00,0.23542920901293996,-0.18630469871010694,0.06721823810146868,-0.8834017331894557,0.3224083852796049,0.022575734371928266
2026-07-09 14:10:00+03:00,0.2690422326777461,-0.10066669466512781,0.06853079438866579,-0.8734435604163813,0.29436391788118826,-0.0405700601061051
2026-07-09 14:15:00+03:00,0.3835519464786896,0.15132131343577948,0.0490214613920472,-1.0442008504162144,0.3147156506497469,0.005565648702453046
2026-07-09 14:20:00+03:00,0.45552411210018284,0.2934572235661681,0.06317486577330299,-0.9152553869121733,0.29460056150052166,-0.04002334888637357
2026-07-09 14:25:00+03:00,0.40086431065991,0.1861846955168033,0.08895648851442758,-0.7375894209621993,0.29513140478995425,-0.03879788558820712
2026-07-09 14:30:00+03:00,0.3332973299520811,0.04629507657857743,0.07848272893057244,-0.8032035805377424,0.3107127290899514,-0.0033741306942798185
2026-07-09 14:35:00+03:00,0.375328633281629,0.13455787895679705,0.09109920036013981,-0.7250346811029493,0.3262336265289141,0.03095444787973004
2026-07-09 14:40:00+03:00,0.4322981062649832,0.24828747549623142,0.08010403828851798,-0.7925437121240466,0.3355597152296206,0.051173730640127826
2026-07-09 14:45:00+03:00,0.35939076937720876,0.10163759895699002,0.0504565205107242,-1.029626514487027,0.3295806553234286,0.03824419310308356
2026-07-09 14:50:00+03:00,0.49508634962614695,0.3696407835739609,0.05587569102848633,-0.9779121860739042,0.326467025191534,0.03146402562254957
2026-07-09 14:55:00+03:00,0.5149071941364894,0.4077046290069324,0.04359678228132958,-1.103221569288858,0.3270153784236472,0.03266050377503679
2026-07-09 15:00:00+03:00,0.42538870538795304,0.2347472990178746,0.06286300855967458,-0.9177904277820363,0.32213563274730356,0.021976328449204975
2026-07-09 15:05:00+03:00,0.3667342730903623,0.11688046037780002,0.10315187974239629,-0.6589869801878268,0.3196729631464812,0.01655218130439985
2026-07-09 15:10:00+03:00,0.36583569471273564,0.11502234257553022,0.08766233980844411,-0.7453049734403545,0.3196729631464812,0.01655218130439985
2026-07-09 15:15:00+03:00,0.35124393662464526,0.08456612772036957,0.07179500193031417,-0.8494239208124457,0.3216590369523539,0.02092831305526257
2026-07-09 15:20:00+03:00,0.509898371254719,0.3980819311801194,0.1747916979600671,-0.3658856784093924,0.32897318286884253,0.03692395467493376
2026-07-09 15:25:00+03:00,0.4321218511866167,0.24794273736177486,0.14708508293058448,-0.4645748765356049,0.32132435714619123,0.020191877346103716
2026-07-09 15:30:00+03:00,0.4361559745941349,0.25582486441065294,0.16881413961924213,-0.38605198808992897,0.3353938369582878,0.050816583553624124
2026-07-09 15:35:00+03:00,0.5275217531583827,0.4319689457604621,0.09826405902477378,-0.6848964011315087,0.31801403384582766,0.012885827518009683
2026-07-09 15:40:00+03:00,0.4422066939533256,0.2676165694704098,0.09851721404636739,-0.6835266400973007,0.312856604130371,0.001421567965952291
2026-07-09 15:45:00+03:00,0.2961399299463318,-0.03647320602596181,0.09633234180035717,-0.6954533291070242,0.31406657793715426,0.00412028549490145
2026-07-09 15:50:00+03:00,0.47260362107186554,0.32642260856864524,0.1276462673136363,-0.543428964590488,0.3198220901260277,0.016881267096608324
2026-07-09 15:55:00+03:00,0.4514004730686585,0.2854708038550145,0.09302553558840684,-0.7139725617662461,0.32152607891025253,0.02063579798159489
2026-07-09 16:00:00+03:00,0.6678333176515149,0.7142993845795398,0.10256533464611518,-0.6620379025768566,0.32651747769113815,0.03157415354374038
2026-07-09 16:05:00+03:00,0.30027731426914567,-0.026983928837791313,0.16560449633540641,-0.3971157254970151,0.29601511259514396,-0.036760664373699355
2026-07-09 16:10:00+03:00,0.5907128602406112,0.5551888719977799,0.10677056376371684,-0.6404964769234551,0.30773950189098304,-0.010055242952434446
2026-07-09 16:15:00+03:00,0.3506343217031881,0.08328152547464586,0.10013099708727788,-0.6748677786572717,0.26207270017555095,-0.11781956145409576
2026-07-09 16:20:00+03:00,0.39535920809219677,0.17515711722860106,0.11697202241412608,-0.5911829571957022,0.2672428396392313,-0.10506783581056307
2026-07-09 16:25:00+03:00,0.3012054130603064,-0.02486559847073963,0.10831082737120941,-0.6327932860823601,0.2641225640669267,-0.11274463147041733
2026-07-09 16:30:00+03:00,0.2700915802917781,-0.09810868010406747,0.0975567378240066,-0.6887402837352907,0.24116172463463045,-0.17114503396097888
2026-07-09 16:35:00+03:00,0.26123616399834104,-0.11989795350769561,0.1080219726397164,-0.6342305407857147,0.24794613717652353,-0.15351772078422393
2026-07-09 16:40:00+03:00,0.06785915835720335,-0.8785168547223937,0.13908886996017267,-0.4958842998286075,0.23671290208555248,-0.18288807964168033
2026-07-09 16:45:00+03:00,0.1402546489128181,-0.49122762584275703,0.1919797206765942,-0.31076221361733375,0.23306256014295484,-0.19263764285086157
2026-07-09 16:50:00+03:00,0.12116196947706545,-0.5720075731821839,0.17711836336135772,-0.35818344234646876,0.2275637703324938,-0.20752716741769783
2026-07-09 16:55:00+03:00,0.12620508133582292,-0.5496713940880588,0.15743315315252251,-0.42608152107339514,0.22530222452905263,-0.21372444326500237
2026-07-09 17:00:00+03:00,0.06948786717142995,-0.8662931901125721,0.14515702184323565,-0.4719922018660906,0.22464653749342853,-0.21552944633560336
2026-07-09 17:05:00+03:00,0.12554893782541218,-0.5525336665256795,0.11954623450469193,-0.5793330741069044,0.22297432314030083,-0.2201498046428963
2026-07-09 17:10:00+03:00,0.09133781055792961,-0.7236530979555669,0.10656651182773358,-0.6415243088295165,0.22125181666132035,-0.22493502824099354
2026-07-09 17:15:00+03:00,0.0602886682573398,-0.9391772401993093,0.12622451190930398,-0.5495868270947631,0.21948831084991138,-0.22986186153036314
2026-07-09 17:20:00+03:00,0.05360476251375425,-0.9989807446184931,0.1182693643694293,-0.5851829808806038,0.22563549132245342,-0.21280844028912202
2026-07-09 17:25:00+03:00,0.05162041177937436,-1.0180916026468052,0.1092740859200297,-0.6280246081048754,0.22006704041842173,-0.22824190204923905
2026-07-09 17:30:00+03:00,0.06649889401571474,-0.8889360789072924,0.15297920467933973,-0.44238728002873595,0.2215722360737567,-0.2240428734527919
2026-07-09 17:35:00+03:00,0.06555643580646187,-0.8962717401640189,0.19506245650257967,-0.30128124447329785,0.2227965696462556,-0.22064239016041465
2026-07-09 17:40:00+03:00,0.04819607690904645,-1.0527677305293466,0.2073433461897998,-0.2645953753501117,0.22643430090302924,-0.21061676112103428
2026-07-09 17:45:00+03:00,0.04130918585533817,-1.1302388710621636,0.1527129244579995,-0.4433743606765722,0.15052282688060342,-0.4515469225971415
2026-07-09 17:50:00+03:00,0.03103066212416915,-1.2726865048042897,0.20944176324657882,-0.2584897110122064,0.1405882625114094,-0.4899009796592405
2026-07-09 17:55:00+03:00,0.03600348479798757,-1.1988714771181084,0.24250744740191102,-0.16762210143714085,0.14464330658312322,-0.47398226743294464
2026-07-10 09:55:00+03:00,0.08919058837000927,-0.7362045810269214,0.1261779317849484,-0.5497895747702048,0.1700058109957817,-0.3819869694050053
2026-07-10 10:00:00+03:00,0.0380976683759198,-1.1706903788867793,0.9445014179824914,1.7395044349092987,0.13443524862981532,-0.5148060559134363
2026-07-10 10:05:00+03:00,0.671963035969703,0.7232633090447886,0.8650048437701081,1.270650636054416,0.7460129937827193,0.8962427032204467
2026-07-10 10:10:00+03:00,0.21903217597389296,-0.23114082295630134,0.8417656847771648,1.1813385995394623,0.5854647068320956,0.544789792991687
2026-07-10 10:15:00+03:00,0.4887165998829608,0.35740779920411747,0.8041224752689173,1.0569436332205258,0.5975325805534447,0.5687636862790049
2026-07-10 10:20:00+03:00,0.2667771755076745,-0.10620986581893714,0.6696619748104893,0.7182616367026288,0.5484982472802102,0.4724830071280177
2026-07-10 10:25:00+03:00,0.8789962757552082,1.3308714109909612,0.5523272548893111,0.47991005491667243,0.8170963545655605,1.0975196631431294
2026-07-10 10:30:00+03:00,0.4763751428578282,0.3336826807986955,0.6039965588768123,0.5816998083261344,0.6350596809263864,0.644981187980212
2026-07-10 10:35:00+03:00,0.797201203488067,1.0361269260650021,0.6220220448989457,0.6181760325782285,0.8878085425580806,1.3719535333178998
2026-07-10 10:40:00+03:00,0.8483319797338543,1.205411544713212,0.3769083486845377,0.13778921978319575,0.4975479783750588,0.37436725694001405
2026-07-10 10:45:00+03:00,0.710333274339353,0.8096256882970454,0.5141226973079474,0.4061971625729552,0.7740235208960949,0.9700223212108816
2026-07-10 10:50:00+03:00,0.7134303865928711,0.8168735816405982,0.5326339399390826,0.4418198301020758,0.8155431401017547,1.0925475497962804
2026-07-10 10:55:00+03:00,0.8388850389519216,1.1710336315210919,0.5514630471312892,0.47823274899096074,0.49524255400837414,0.36994071644060766
2026-07-10 11:00:00+03:00,0.7584426347195581,0.9282580235739701,0.5425358786434786,0.4609397467244288,0.447258177035932,0.2774352232398662
2026-07-10 11:05:00+03:00,0.8330022314460087,1.1504423210101673,0.42553294798804464,0.23503053247234357,0.4531744327974171,0.2889080230757456
2026-07-10 11:10:00+03:00,0.23170656711168844,-0.19628633886545593,0.06995843470377035,-0.8628109035838291,0.19770649068587923,-0.29323955729499357
2026-07-10 11:15:00+03:00,0.11679034548379127,-0.5920277814017727,0.05567126136427981,-0.9797754342012248,0.09106019571909868,-0.7252608324264416
2026-07-10 11:20:00+03:00,0.21588458007659897,-0.2400191608488675,0.04744616105851836,-1.0606729322830517,0.21961736505594015,-0.22950035192526805
2026-07-10 11:25:00+03:00,0.13876378330470385,-0.49718868147195316,0.045163091131701444,-1.0854927920890793,0.15839105665908776,-0.42262387709639077
2026-07-10 11:30:00+03:00,0.12253526587958118,-0.5658471781401437,0.03936828538283813,-1.1543087374055394,0.15623603438706304,-0.43042676952236064
2026-07-10 11:35:00+03:00,0.03448475265135128,-1.2203138169698373,0.031173846994370025,-1.2704058566766137,0.06932135752540111,-0.8675306199717798
2026-07-10 11:40:00+03:00,0.01691089014542728,-1.5709916533408819,0.037508496663537866,-1.178465181988145,0.06294274773643338,-0.9171411255298519
2026-07-10 11:45:00+03:00,0.0226784430290795,-1.4273115831687624,0.09468590593866195,-0.7046015308477974,0.06675068072920455,-0.8869926376377855
2026-07-10 11:50:00+03:00,0.08562188270010813,-0.7576817068917979,0.07896829687140705,-0.7999900904874707,0.09393005597805631,-0.7088490851835784
2026-07-10 11:55:00+03:00,0.17570393300123763,-0.3628562429264204,0.12842198612474948,-0.5400938521373617,0.14066722606108112,-0.48958735907317225
2026-07-10 12:00:00+03:00,0.15156728732839714,-0.44763732062287226,0.14520188554448943,-0.4718186835912014,0.1500663292454065,-0.4532626857733943
2026-07-10 12:05:00+03:00,0.18902417669342716,-0.3199616150134993,0.11970944624279595,-0.5785892279649139,0.14090134692950862,-0.48865836264094364
2026-07-10 12:10:00+03:00,0.13214146520905712,-0.524336762870665,0.11176832566805528,-0.6158458322100129,0.16118349622650685,-0.41264016808331205
2026-07-10 12:15:00+03:00,0.19575807529392208,-0.2991576086371396,0.13553916518647088,-0.5102681714399657,0.17920841227724296,-0.35133192334106234
2026-07-10 12:20:00+03:00,0.29037643675087593,-0.049821189814353385,0.15532983950555834,-0.4337341096531325,0.18330544438768537,-0.3380801912719689
2026-07-10 12:25:00+03:00,0.30885878413417905,-0.007535944787817018,0.1507724951238459,-0.4506103459203442,0.1830257247299841,-0.33897756919803657
2026-07-10 12:30:00+03:00,0.07921051630661176,-0.7983938300774688,0.0813751038784396,-0.7843235300398702,0.17838468409027003,-0.35402472828915443
2026-07-10 12:35:00+03:00,0.04885739978341246,-1.045892734061864,0.0614061902748776,-0.9297904005518696,0.1598016604295238,-0.41756293690758073
2026-07-10 12:40:00+03:00,0.03715563080798192,-1.1831780412671735,0.10316719574611351,-0.6589075197212308,0.15596365680527408,-0.4314192183932251
2026-07-10 12:45:00+03:00,0.01232326528720862,-1.7251275180013252,0.15298420124138834,-0.44236877161366894,0.13579056334697429,-0.5092391062692998
2026-07-10 12:50:00+03:00,0.03108691966585417,-1.2717892224597311,0.26020420035189373,-0.12246782592594982,0.10674131941176836,-0.6406436776797143
2026-07-10 12:55:00+03:00,0.04615397069993624,-1.0745773421573075,0.2937070321509039,-0.04208898949115089,0.10328811246808361,-0.6582805618303165
2026-07-10 13:00:00+03:00,0.031988940344460225,-1.257613030146372,0.23913006596599048,-0.17648917144901777,0.10532067143775316,-0.6478376244933695
2026-07-10 13:05:00+03:00,0.03239996641027585,-1.2512810996443375,0.24687930292803834,-0.15626782280075996,0.10451941007408587,-0.6519329274838885
2026-07-10 13:10:00+03:00,0.040913180692087596,-1.1350606363548013,0.2108586639304483,-0.2543924217884862,0.11622512789745713,-0.5946634398653572
2026-07-10 13:15:00+03:00,0.019667430224423514,-1.4971627694868008,0.21412637480659796,-0.24501934033769274,0.09526549281372981,-0.7013650186289595
2026-07-10 13:20:00+03:00,0.01782203725618071,-1.54535781281923,0.34935545038173743,0.08058329546749969,0.08625852554677699,-0.7537916413298398
2026-07-10 13:25:00+03:00,0.03439806420187672,-1.221565032566831,0.3768446904251907,0.1376591094493334,0.13078885521871914,-0.5300227809873198
2026-07-10 13:30:00+03:00,0.030480261090711558,-1.2815491852796077,0.27814007194347223,-0.07869234949830664,0.12751778339444086,-0.5439830349769917
2026-07-10 13:35:00+03:00,0.03463155797648285,-1.2182018068358875,0.22000540056217807,-0.22841429648176126,0.1409999450041544,-0.48826750960296467
2026-07-10 13:40:00+03:00,0.028415557362643715,-1.316237837608644,0.28222763791253525,-0.06896406673852296,0.15177041247467216,-0.4468795597667692
2026-07-10 13:45:00+03:00,0.12352920316604596,-0.5614254835078638,0.36829013445936537,0.12009321606846625,0.17913861892084554,-0.3515597052044041
2026-07-10 13:50:00+03:00,0.045929902885721775,-1.077025997474302,0.3860750504211103,0.1564370652464649,0.17061643139621085,-0.3799128027382364
2026-07-10 13:55:00+03:00,0.058809861451889274,-0.9518523056569993,0.3435953572636592,0.06837281095758828,0.17744236119802764,-0.35711719013482013
2026-07-10 14:00:00+03:00,0.16897445380190693,-0.38550379828557957,0.4142379268629727,0.21277214745568523,0.19412434321285668,-0.30415429268365196
2026-07-10 14:05:00+03:00,0.26079912422321316,-0.12098549875798659,0.41021449831045564,0.20480168667544274,0.21859515985215022,-0.23236797597481104
2026-07-10 14:10:00+03:00,0.29474995626521355,-0.03967833798154816,0.4008305026914489,0.18611712880540393,0.20747555923755873,-0.26420933995814494
2026-07-10 14:15:00+03:00,0.22909530535457337,-0.20335497359719143,0.476925386269117,0.3347414304401498,0.22385266687936958,-0.21771986245534816
2026-07-10 14:20:00+03:00,0.39519693182567084,0.17483126041854843,0.3742475914997346,0.13234345942988718,0.21693226124676648,-0.23705367313125777
2026-07-10 14:25:00+03:00,0.34713284557931684,0.07588300369531757,0.3732665301320433,0.13033161523618197,0.21854881193662298,-0.2324982257437931
2026-07-10 14:30:00+03:00,0.31033704421091657,-0.004216376732641978,0.23129995516376997,-0.1973833506936769,0.21805590298085287,-0.23388466184016554
2026-07-10 14:35:00+03:00,0.37322602304624425,0.13024850226235482,0.3183417502969595,0.013610910014035707,0.2371015143755444,-0.1818562898898133
2026-07-10 14:40:00+03:00,0.4118154052776688,0.20797589090131255,0.21788471462527206,-0.23436670273585497,0.32248176314252375,0.02273694550671779
2026-07-10 14:45:00+03:00,0.30633919874362286,-0.01321424747999538,0.295015926290791,-0.039064361021216465,0.31022745690886405,-0.004462165556622013
2026-07-10 14:50:00+03:00,0.27841333067740986,-0.07803928400842232,0.2628448985875021,-0.11590481201817332,0.3072152726125311,-0.011236935344671984
2026-07-10 14:55:00+03:00,0.28057375099452486,-0.07288983839069806,0.18301702323524718,-0.3390055018123226,0.3101859156083584,-0.004555349306368845
2026-07-10 15:00:00+03:00,0.3136438083302724,0.0031779860480772104,0.23374603315018386,-0.19080416100948905,0.31685171168662496,0.010310930630130069
2026-07-10 15:05:00+03:00,0.3070083836631867,-0.011703603153608525,0.19939434605747242,-0.2881483524235891,0.3093319032133546,-0.006472560664669788
2026-07-10 15:10:00+03:00,0.27955848036968683,-0.0753067414373104,0.21918935396198427,-0.23069989379966105,0.3074482762858625,-0.010711571377856633
2026-07-10 15:15:00+03:00,0.2614232080385754,-0.11943286594572382,0.23264256169311504,-0.19376618595252532,0.30751095612497836,-0.01057028209810623
2026-07-10 15:20:00+03:00,0.2919381142679994,-0.04618919815466187,0.2385283917199948,-0.17807779959073183,0.3034348455163389,-0.019792155593903075
2026-07-10 15:25:00+03:00,0.40119228571721677,0.1868400703191967,0.2470052835438356,-0.15594265298252213,0.309364133290372,-0.006400152928160034
2026-07-10 15:30:00+03:00,0.49604333161681186,0.3714782875606223,0.27863423856968395,-0.07751162036544951,0.3051046890802161,-0.01600592414065243
2026-07-10 15:35:00+03:00,0.42311057705106775,0.23027064475359807,0.2494727867878234,-0.14959605630760553,0.3052116057423399,-0.015763896657601018
2026-07-10 15:40:00+03:00,0.38905426016948,0.1624616697194406,0.18068356173235575,-0.3465336648212516,0.2971064333058739,-0.0342496875265364
2026-07-10 15:45:00+03:00,0.39979158513157836,0.18403988304039612,0.1753287875215458,-0.3641005582150856,0.30806559294031355,-0.009320748357031106
2026-07-10 15:50:00+03:00,0.4065920205200667,0.19760515524540317,0.25919552488150843,-0.12498609747921338,0.3087341540160567,-0.007816213724395933
2026-07-10 15:55:00+03:00,0.40229424253762863,0.18904076005015044,0.23067193279639778,-0.19908036584797328,0.3066973655870099,-0.012405478946898259
2026-07-10 16:00:00+03:00,0.4362729946261397,0.2560532540753083,0.3015737403639613,-0.024025943441956216,0.3097977088749334,-0.0054264911360898125
2026-07-10 16:05:00+03:00,0.5348551311916477,0.4461039294842688,0.2852594526646972,-0.06180359732056595,0.3121085769025594,-0.00024966988948992063
2026-07-10 16:10:00+03:00,0.47110089430987945,0.3235282714366014,0.18533518652657363,-0.3316000889014943,0.29676232597728547,-0.03504085393865273
2026-07-10 16:15:00+03:00,0.284699576937762,-0.06312243044568824,0.15655098378697024,-0.42928095980446657,0.2591781557350369,-0.12502951720438515
2026-07-10 16:20:00+03:00,0.2634774692225235,-0.11433898028854665,0.09379966851040891,-0.7095849027024903,0.23790533421818977,-0.17972579006163072
2026-07-10 16:25:00+03:00,0.12180727128074029,-0.5691053999167168,0.10369300234771393,-0.6561859089992288,0.2281345409631179,-0.20596997438411532
2026-07-10 16:30:00+03:00,0.10310665274081426,-0.659221681896059,0.1035344825768355,-0.6570051302136387,0.22794635002835847,-0.2064830986105784
2026-07-10 16:35:00+03:00,0.1405521377654628,-0.49004450591669724,0.12901424831607525,-0.5375590355224498,0.22193592716480487,-0.22303135340479213
2026-07-10 16:40:00+03:00,0.05044822115646801,-1.0297096671570818,0.053517216049933196,-0.999809693415874,0.23369812075588145,-0.19093256900109734
2026-07-10 16:45:00+03:00,0.08179842635202442,-0.78161181155466,0.03674117643244573,-1.188768740238623,0.2299208203497947,-0.2011142436451415
2026-07-10 16:50:00+03:00,0.06599530148885864,-0.8928437017267147,0.04664758336822397,-1.0692227143413373,0.23158187760245022,-0.1966225997247358
2026-07-10 16:55:00+03:00,0.10176926357034909,-0.6662034944461015,0.04994045257186163,-1.0348218937927784,0.2295600554966174,-0.20209278678494771
2026-07-10 17:00:00+03:00,0.10071192811741128,-0.6717811081918055,0.055605166377114434,-0.9803792260069049,0.2315017133653102,-0.1968388522798137
2026-07-10 17:05:00+03:00,0.07608003640431597,-0.819377547823702,0.04186555139820271,-1.1235387493593134,0.2299806650303755,-0.20095202436842372
2026-07-10 17:10:00+03:00,0.12039879682394007,-0.5754571079744094,0.04874190170547033,-1.0470870423972556,0.23154839319711248,-0.19671292152521155
2026-07-10 17:15:00+03:00,0.08634141336679771,-0.7532870884432342,0.053174548524155554,-1.0030666529327343,0.2323223397761114,-0.19462758194338192
2026-07-10 17:20:00+03:00,0.06225381704613717,-0.9227764861001785,0.05980129944696194,-0.943322067125071,0.23133322611259122,-0.19729353729627785
2026-07-10 17:25:00+03:00,0.11379172150823169,-0.6061394375534014,0.05594471987472417,-0.9772844797502016,0.23084988643121143,-0.19859917925236592
2026-07-10 17:30:00+03:00,0.13630812146113536,-0.5071255957296172,0.04902901910270276,-1.0441230410694287,0.257824973376737,-0.1284180672732062
2026-07-10 17:35:00+03:00,0.08470137716469142,-0.7633528703873173,0.0853946772722596,-0.7590763439988593,0.22476207727525904,-0.2152111123472701
2026-07-10 17:40:00+03:00,0.11026250448453694,-0.6231695574785141,0.11569118720779592,-0.5971634962241494,0.23652907682736965,-0.1833765542006379
2026-07-10 17:45:00+03:00,0.08060919254190924,-0.7892626498645017,0.14492438061452773,-0.47289269760138497,0.24311694322779212,-0.16603089313388003
2026-07-10 17:50:00+03:00,0.13703609618945822,-0.5041642319917573,0.19128661261970417,-0.312909808699643,0.26427111595556685,-0.11237784006788734
2026-07-10 17:55:00+03:00,0.13201068886694017,-0.5248843504957428,0.20793409393987616,-0.2628719163632543,0.27953055309381286,-0.07537329950035788
2026-07-13 09:55:00+03:00,0.8795973402072444,1.3335897136599275,0.11542579424556071,-0.5984098714888226,0.6231280783188994,0.620435345580946
2026-07-13 10:00:00+03:00,0.7302740217401067,0.85714931601092,0.6547147877514098,0.686185155590063,0.6820159657462993,0.7453306811147542
2026-07-13 10:05:00+03:00,0.7324051076586817,0.8623553878030357,0.69131194584954,0.7660700129540722,0.45768265016419607,0.29763297448364634
2026-07-13 10:10:00+03:00,0.5924063799436111,0.5585531647386563,0.6337065344463196,0.6421809331680614,0.8581597683824289,1.243095873291925
2026-07-13 10:15:00+03:00,0.9492093825465138,1.7844399600197627,0.3129671100670059,0.0016682749065659724,0.3875352297495412,0.15939198762831772
2026-07-13 10:20:00+03:00,0.7770039710159828,0.9782397869254869,0.6548844727333337,0.6865454802319981,0.8752595744774893,1.3142283991776496
2026-07-13 10:25:00+03:00,0.6377036976747148,0.6504656300704703,0.637122342037653,0.6492582637665657,0.877496343697021,1.3241384176370445
2026-07-13 10:30:00+03:00,0.3647850104785622,0.11284724233804475,0.5773047794128151,0.5286963553864399,0.8830953579169548,1.3496462663729671
2026-07-13 10:35:00+03:00,0.39612063087580085,0.17668546586776632,0.7482898492342737,0.9020276427343891,0.8862087732087152,1.3642919060072765
2026-07-13 10:40:00+03:00,0.6978894029921007,0.7809532580361219,0.6652533370799318,0.7087277773739301,0.8289299760329848,1.1365259586211323
2026-07-13 10:45:00+03:00,0.5999909475158058,0.5736752708445207,0.6814464253924917,0.7440707477524926,0.7800528174387609,0.9867272662328488
2026-07-13 10:50:00+03:00,0.7234428728017631,0.8406333608615096,0.6800512247903212,0.7409893483231398,0.8216645952396483,1.1123362466095665
2026-07-13 10:55:00+03:00,0.652543856167855,0.681582539126012,0.6922447484146735,0.7681698717910623,0.8648852300134858,1.2701591487279311
2026-07-13 11:00:00+03:00,0.8385275365011029,1.1697651560735505,0.7379741403373503,0.8760859381805125,0.9048078804032704,1.4599238851166603
2026-07-13 11:05:00+03:00,0.7280801959003188,0.8518170009747043,0.7197443066241154,0.8317965288551495,0.8509499371044321,1.2152479674227294
2026-07-13 11:10:00+03:00,0.2914819685532708,-0.047248870086089884,0.7319290191238895,0.8611900713780999,0.8462049000759617,1.1975216692602997
2026-07-13 11:15:00+03:00,0.32304785375173595,0.023980001145929335,0.3330807874767218,0.045827255389990953,0.1833442282630776,-0.33795585129620453
2026-07-13 11:20:00+03:00,0.3858208131524411,0.15592215025276668,0.22628300648770108,-0.21103144424762005,0.15053030932903305,-0.4515188352320031
2026-07-13 11:25:00+03:00,0.2815896864602095,-0.07047668692328224,0.3695488753985922,0.12268829475051508,0.12747489760814987,-0.5441680805213651
2026-07-13 11:30:00+03:00,0.25667437883719985,-0.13130845038227895,0.29720065751080477,-0.034033140942150486,0.11743121407888822,-0.5890527120734342
2026-07-13 11:35:00+03:00,0.3338799613091503,0.047553047254638124,0.2945859410712821,-0.04005711864432707,0.3558712082270413,0.09428397091951539
2026-07-13 11:40:00+03:00,0.053594169061630406,-0.9990809825970554,0.30639133543495745,-0.013096485977853942,0.3369345207943986,0.05413042867791027
2026-07-13 11:45:00+03:00,0.02051734116430797,-1.4764398720279621,0.17720903939434232,-0.3578848803260948,0.11123349931131271,-0.6184370765326858
2026-07-13 11:50:00+03:00,0.025139573514246182,-1.3766489500223107,0.12671304340421952,-0.5474642595694496,0.11825005042969175,-0.5852718853540404
2026-07-13 11:55:00+03:00,0.01679014649956236,-1.5744900054711914,0.017553657098527162,-1.55277201325723,0.06863725276444081,-0.8726436460394241
2026-07-13 12:00:00+03:00,0.007593962410336034,-1.959799489350968,0.01764842347150182,-1.5501413861725108,0.06579674259929151,-0.8943920385802865
2026-07-13 12:05:00+03:00,0.010836178204100566,-1.7875754239637884,0.06771196898182141,-0.8796348856409678,0.08625788523365258,-0.7537955407382458
2026-07-13 12:10:00+03:00,0.007499324332266602,-1.9658645878298087,0.09040225318418871,-0.7290888231336765,0.06537149181742509,-0.8977227567219765
2026-07-13 12:15:00+03:00,0.006503164209674083,-2.034755922073726,0.09303446429572275,-0.7139217688822127,0.05561578044698739,-0.9802822187067761
2026-07-13 12:20:00+03:00,0.01070024890734447,-1.7937004407117405,0.1163282800306299,-0.5941816036367048,0.06301604429244699,-0.9165449608927227
2026-07-13 12:25:00+03:00,0.015735305442096288,-1.606148819179208,0.07491284844135726,-0.8274043758152225,0.07252651095602393,-0.8441797170794062
2026-07-13 12:30:00+03:00,0.009166321422665642,-1.8687130682345803,0.11553896099300216,-0.5978780977498213,0.05934300454041908,-0.9472485933634626
2026-07-13 12:35:00+03:00,0.01117587052990695,-1.7725949364236981,0.07642198525280954,-0.8170473517550603,0.061178935508098456,-0.931686257903808
2026-07-13 12:40:00+03:00,0.014234809567247937,-1.6549827439983529,0.06901003276272616,-0.8698516536943656,0.06306682416459412,-0.9161323170373072
2026-07-13 12:45:00+03:00,0.014062027597509602,-1.6609286019945875,0.08340299847071975,-0.7714479248136772,0.06260001404257888,-0.9199374065645413
2026-07-13 12:50:00+03:00,0.01880483649915664,-1.519112322344503,0.07410159284009177,-0.8330514112376661,0.06470627968554928,-0.9029735786417962
2026-07-13 12:55:00+03:00,0.02339420643743544,-1.4120449858334945,0.05402920864652615,-0.9949798194914143,0.0708962906308562,-0.8559347183477176
2026-07-13 13:00:00+03:00,0.014206225577314789,-1.6559614630554207,0.08938192978048216,-0.7350751158788998,0.13154830361184278,-0.52682414941145
2026-07-13 13:05:00+03:00,0.02986512099370713,-1.2916396321534835,0.0974650692163783,-0.689240267322252,0.12997446745632513,-0.5334703859660639
2026-07-13 13:10:00+03:00,0.035844567587470164,-1.2010739246966347,0.1104571606016655,-0.6222179168637886,0.13245711428770426,-0.5230169648638037
2026-07-13 13:15:00+03:00,0.02675537121376988,-1.345953320892861,0.06148378504916307,-0.9291445730099241,0.1093124691496149,-0.6278353547591189
2026-07-13 13:20:00+03:00,0.03417365693421038,-1.2248181893843488,0.08125846326382825,-0.7850729652992557,0.12454243742803943,-0.5569492910987984
2026-07-13 13:25:00+03:00,0.03063305764621565,-1.279073380681742,0.06054126765003767,-0.9370413324768896,0.11095214955174428,-0.619804599292451
2026-07-13 13:30:00+03:00,0.03223974178197559,-1.2537401031036954,0.05398341264685577,-0.9954100736207601,0.10118053006946404,-0.6693027774913999
2026-07-13 13:35:00+03:00,0.033909930025487305,-1.2286677928953154,0.07779509233760186,-0.807785621391004,0.08561212871619883,-0.7577415100456464
2026-07-13 13:40:00+03:00,0.02567695115500112,-1.3662323039302877,0.055852764527325904,-0.9781208271255419,0.0924780916142028,-0.7170952061932092
2026-07-13 13:45:00+03:00,0.028138571960306637,-1.3210763705934934,0.06369124112521646,-0.9110833942553642,0.08851747316603754,-0.7401953485631355
2026-07-13 13:50:00+03:00,0.04436379506264876,-1.0944653136577487,0.044199475757033216,-1.096328969489229,0.06055584181967367,-0.9369183520686245
2026-07-13 13:55:00+03:00,0.024248451109481744,-1.3944105061934102,0.051604659425269254,-1.0182460692858837,0.05481320689810196,-0.9876669718161302
2026-07-13 14:00:00+03:00,0.01883380609251132,-1.5183592793595242,0.20767401982579817,-0.26363021585688234,0.04917016666338562,-1.0426719623755503
2026-07-13 14:05:00+03:00,0.04147804471553666,-1.1281962820893732,0.07714337637399354,-0.8121626645563053,0.05030322784720719,-1.0311644740898347
2026-07-13 14:10:00+03:00,0.037185148077046905,-1.1827821646274774,0.09607613856748244,-0.696867658453427,0.047578500819964835,-1.0592692941961122
2026-07-13 14:15:00+03:00,0.03506072257381678,-1.2120767773516983,0.23566035947472988,-0.1856885302260367,0.04071565638542917,-1.1374824199444153
2026-07-13 14:20:00+03:00,0.055089023531297555,-0.9851176729169012,0.09173298661771276,-0.7213721027002478,0.025869459563098465,-1.3625522566869424
2026-07-13 14:25:00+03:00,0.03398569059743171,-1.2275589722817157,0.3745074371811036,0.13287596436735288,0.027818180900957227,-1.3267311646743436
2026-07-13 14:30:00+03:00,0.016722137860185112,-1.5764713482748018,0.4049644013878964,0.19436514655422674,0.032052839231006346,-1.2566235108273163
2026-07-13 14:35:00+03:00,0.018073166771423472,-1.538518793122806,0.4312469343915421,0.24623098406469837,0.02226785646229955,-1.4362828574252993
2026-07-13 14:40:00+03:00,0.021057375340089248,-1.4637048681752796,0.38429900891386093,0.1528373408341033,0.02221537360345783,-1.4374412347316972
2026-07-13 14:45:00+03:00,0.01781101181820303,-1.545660232798341,0.2222233546651445,-0.22223278024303184,0.01988052358384204,-1.4918858069149075
2026-07-13 14:50:00+03:00,0.014130219253365498,-1.658573400698388,0.3308921108130051,0.04109021174751758,0.020138588559220127,-1.485568879311605
2026-07-13 14:55:00+03:00,0.01854556536577526,-1.5259030010511472,0.2880808213250224,-0.05518112930499536,0.008056312381863698,-1.9312073746820904
2026-07-13 15:00:00+03:00,0.01029685366714816,-1.8123413919097402,0.3101237858244051,-0.004694729120257521,0.008860126107963157,-1.8851689877027706
2026-07-13 15:05:00+03:00,0.014382290304043813,-1.6499635647711293,0.2607353723503196,-0.12114423969288896,0.008759031653316597,-1.8907261111098799
2026-07-13 15:10:00+03:00,0.006309934552028524,-2.049327407632195,0.3030468038281759,-0.02067368802193678,0.007701763712967479,-1.9529815134686266
2026-07-13 15:15:00+03:00,0.008978627214637996,-1.87873447776037,0.1930212781442935,-0.3075460346340976,0.008699588595035305,-1.8940234292311566
2026-07-13 15:20:00+03:00,0.015391245372856535,-1.6169281823615154,0.24307294335081314,-0.1661456726421549,0.008336539280712282,-1.9146598960650822
2026-07-13 15:25:00+03:00,0.019591276177411198,-1.4990622177158486,0.195581380966746,-0.2996964920342672,0.009870125572424211,-1.83286417320465
2026-07-13 15:30:00+03:00,0.014161113123153548,-1.6575100743999993,0.15294669121925775,-0.44250772946350536,0.010363286842923999,-1.8092223366169804
2026-07-13 15:35:00+03:00,0.01432880610549707,-1.6517778942311316,0.1352226599928821,-0.5115660348380188,0.012288431290376692,-1.7265031421272028
2026-07-13 15:40:00+03:00,0.01054738860595101,-1.8006810004713678,0.20801297554078083,-0.2626420591263282,0.01363845995688191,-1.6758148789892047
2026-07-13 15:45:00+03:00,0.007950769771687134,-1.9375881286922034,0.3257602877245547,0.029920432516489084,0.026036103705120175,-1.3593881012448643
2026-07-13 15:50:00+03:00,0.006944727650996005,-2.0030102693812037,0.11002559397665154,-0.6243297603979263,0.023440592902202104,-1.4110714005698894
2026-07-13 15:55:00+03:00,0.013220777854768736,-1.6909476644196821,0.07852618213290384,-0.8029152673680073,0.022202724062238187,-1.437720829500538
2026-07-13 16:00:00+03:00,0.013783240100791981,-1.670675926808044,0.05722357156929355,-0.9657852189714886,0.010161433865989224,-1.818761535389523
2026-07-13 16:05:00+03:00,0.14649279073897273,-0.46684482991584003,0.014995548457074173,-1.629622554781007,0.03861902798440798,-1.1639061439743748
2026-07-13 16:10:00+03:00,0.15298773794990123,-0.44235567113125196,0.007126234023572024,-1.9905387745493157,0.05735188468188412,-0.9646448098575656
2026-07-13 16:15:00+03:00,0.13770954218512668,-0.5014364490619359,0.00572133430150637,-2.096613610175748,0.07271040839538873,-0.842869025087225
2026-07-13 16:20:00+03:00,0.16860459343254086,-0.38676915122212113,0.009561983832478374,-1.8482374738906104,0.0842817136656934,-0.7659569642300162
2026-07-13 16:25:00+03:00,0.1672547638506731,-0.3914060075872467,0.03334854885083656,-1.2369593671355248,0.08080575193041854,-0.7879910316420193
2026-07-13 16:30:00+03:00,0.1592821435351279,-0.4194226219455521,0.07033577860395247,-0.8600341040526494,0.31934847374324965,0.015835833301620396
2026-07-13 16:35:00+03:00,0.2916339781853926,-0.04689562827375122,0.17114256320393115,-0.3781303523071661,0.35969507241352255,0.10227190049001975
2026-07-13 16:40:00+03:00,0.38060654308964426,0.14533319441069792,0.18285591907723375,-0.33952284755359446,0.36341651324831103,0.11001020765607153
2026-07-13 16:45:00+03:00,0.42548893401706855,0.23494410968127905,0.28186925278558944,-0.06981356286015417,0.3217886146586038,0.0212133300354462
2026-07-13 16:50:00+03:00,0.46217258154399826,0.3063092130960582,0.2759941564839643,-0.08383469831439797,0.28945149102676737,-0.051977775164043095
2026-07-13 16:55:00+03:00,0.507744117596942,0.39394457481304773,0.5304727775722516,0.4376539063357739,0.30913324291648964,-0.006918960715461282
2026-07-13 17:00:00+03:00,0.47465791041076444,0.3303777503614912,0.5196941817453327,0.416906499847613,0.3112460721877432,-0.002179391367741758
2026-07-13 17:05:00+03:00,0.6037280846611572,0.5811611061384837,0.4781611774496001,0.3371188864251858,0.3409020380532287,0.06263010978145116
2026-07-13 17:10:00+03:00,0.6667040395036556,0.7118579952561518,0.5059885052422552,0.3905732452889623,0.3943399503027741,0.17310963832875953
2026-07-13 17:15:00+03:00,0.6574848702948793,0.6920779648641522,0.3036699774599817,-0.01925830497286811,0.4505290860985833,0.28378153577672977
2026-07-13 17:20:00+03:00,0.5841457208731784,0.542182393577234,0.36946502255493224,0.12251553398870277,0.5068371805583158,0.3922029290626069
2026-07-13 17:25:00+03:00,0.44537204060496877,0.27377169439281107,0.30158968286056675,-0.023989613395189485,0.5091911936374826,0.39672368938749464
2026-07-13 17:30:00+03:00,0.5221871977394842,0.42170138970176607,0.3327589306490991,0.04513163025467561,0.5257054741820272,0.4284718669284738
2026-07-13 17:35:00+03:00,0.6199382513274413,0.613926451869001,0.3188314305289916,0.014693601438760306,0.5152043065278401,0.40827558804478387
2026-07-13 17:40:00+03:00,0.5825941295629522,0.5391182203482021,0.28305204893465286,-0.06701240918434509,0.5194264221362019,0.416391626444082
2026-07-13 17:45:00+03:00,0.6045855151680766,0.5828820093078627,0.3278645012781163,0.03451121311234226,0.4484970467842855,0.2798399259862657
2026-07-13 17:50:00+03:00,0.7426352891901085,0.8877233827231481,0.3219393027382687,0.02154470520084706,0.5160975268525291,0.40999221000812647
2026-07-13 17:55:00+03:00,0.7373098519180811,0.8744383558102355,0.3764912133683845,0.13693648382786938,0.4906274444069188,0.36107809816562536
2026-07-14 09:55:00+03:00,0.6530437126198646,0.6826410908532574,0.30536292867948633,-0.015421427829785603,0.6506926103290346,0.6776683081804097
2026-07-14 10:00:00+03:00,0.9601414238568682,1.9062729819987705,0.5200577164891278,0.41760557357924677,0.5734811476432684,0.521184332133968
2026-07-14 10:05:00+03:00,0.9117585496892332,1.499989872407377,0.5769710757091642,0.5280400394893822,0.30867426508737045,-0.007950914566191052
2026-07-14 10:10:00+03:00,0.6058386845667826,0.5853995056946791,0.5641863540977371,0.502993456877175,0.058002057629849314,-0.9589028360346075
2026-07-14 10:15:00+03:00,0.6832025576599243,0.7479595296641752,0.5626239954037452,0.4999447761592524,0.26918603343400094,-0.10031577691513496
2026-07-14 10:20:00+03:00,0.3312482487654827,0.041862088384263044,0.4319090749971433,0.24752652261988917,0.12092607218389745,-0.5730718211771629
2026-07-14 10:25:00+03:00,0.17627700876854355,-0.36095944439423894,0.6276935802048702,0.6297894502422284,0.3509542740621311,0.08395586826160004
2026-07-14 10:30:00+03:00,0.0966449686393957,-0.6937320671590008,0.6653136243500033,0.7088577260805582,0.3261004140785762,0.030663521742518317
2026-07-14 10:35:00+03:00,0.07117202344224736,-0.8539290819276065,0.7620825863276612,0.937843925375119,0.7186512037455105,0.829198507085994
2026-07-14 10:40:00+03:00,0.06766438660564092,-0.8799967971190857,0.6554397817922357,0.6877252610085245,0.4109167043120627,0.2061944483640217
2026-07-14 10:45:00+03:00,0.2536819346716955,-0.13886570822038846,0.6800426355070481,0.7409704003836812,0.43016185012349795,0.24410687530980835
2026-07-14 10:50:00+03:00,0.2002240693294874,-0.28565746007000054,0.33059328127988513,0.04044221864209653,0.36001352875294396,0.10293545196515758
2026-07-14 10:55:00+03:00,0.150877635783169,-0.4502163150475899,0.4396386014318515,0.26261613648634063,0.35065550289681946,0.08332617644171485
2026-07-14 11:00:00+03:00,0.11070433908616206,-0.6210116177763837,0.2607244738638606,-0.1211713792285562,0.40719810710295024,0.1988106102423781
2026-07-14 11:05:00+03:00,0.16115236862446503,-0.41275068333976705,0.2587251897514205,-0.12616251913768117,0.35363665825428653,0.08959833224913051
2026-07-14 11:10:00+03:00,0.18198392531564123,-0.3423291968387455,0.22757286061654183,-0.20750234547276397,0.45103533167136994,0.2847630128091532
2026-07-14 11:15:00+03:00,0.270161820072189,-0.09793767920826849,0.1414889883845961,-0.48633225996074736,0.48665078347547924,0.35343911852543053
2026-07-14 11:20:00+03:00,0.1933969664281538,-0.3063892050536748,0.18864217225761218,-0.32115865947324984,0.4570120120378333,0.29633594322331036
2026-07-14 11:25:00+03:00,0.10282777798720913,-0.6606708954351295,0.33848773071551186,0.057463680541688156,0.3980743009870012,0.18060232465972542
2026-07-14 11:30:00+03:00,0.04067992057075665,-1.1379217669658426,0.18602338542082758,-0.3294154197866949,0.2038175686110338,-0.274957814572866
2026-07-14 11:35:00+03:00,0.03817769472944819,-1.1696432594753217,0.19647739291584632,-0.2969676192489575,0.14512897182759454,-0.4721007128690163
2026-07-14 11:40:00+03:00,0.01630182887556747,-1.5888951253896764,0.06945398126943847,-0.8665447933716305,0.05310106981585612,-1.003767626089249
2026-07-14 11:45:00+03:00,0.012593532582274004,-1.71458309278613,0.053479932619088365,-1.0001631065075984,0.04797278746967672,-1.055109241695996
2026-07-14 11:50:00+03:00,0.01304245003090912,-1.6975527520214992,0.05152628218005267,-1.019015295292157,0.04749705165055156,-1.0601327306245065
2026-07-14 11:55:00+03:00,0.024809998441181577,-1.3831453552747779,0.04621892156968795,-1.073869661652394,0.052799384637501445,-1.0066552769523538
2026-07-14 12:00:00+03:00,0.011040303160303735,-1.7785187671067872,0.17380852497956514,-0.3691646770159088,0.053001918104671884,-1.0047149676274385
2026-07-14 12:05:00+03:00,0.01244223135521294,-1.720458227206856,0.19986740977113873,-0.286727228376415,0.04358595693069785,-1.1033462008978163
2026-07-14 12:10:00+03:00,0.007433125224690614,-1.970152430403311,0.2229211690629096,-0.22029707437735296,0.03545743825726638,-1.2064787845240843
2026-07-14 12:15:00+03:00,0.011756675776595497,-1.7479947270325429,0.316412946346355,0.009337616765844783,0.0354007603799852,-1.2072748515339935
2026-07-14 12:20:00+03:00,0.01145952335423988,-1.7604267740313857,0.1302107109373537,-0.5324683932192388,0.07072922511538067,-0.8571534342659568
2026-07-14 12:25:00+03:00,0.020062840890362317,-1.4874147746075146,0.21142837331621434,-0.25275066786876405,0.034555040291326125,-1.2193015466070558
2026-07-14 12:30:00+03:00,0.03363222907140712,-1.2327527263751747,0.2144519668520925,-0.24409114129063664,0.0333287778375287,-1.2372538341390422
2026-07-14 12:35:00+03:00,0.03697982406236609,-1.1855421902643815,0.2270057337260522,-0.20905228492688704,0.08715215908313195,-0.7483749208305019
2026-07-14 12:40:00+03:00,0.02683002701718274,-1.3445790503103663,0.3949175363922337,0.17427011523519448,0.0759967017922503,-0.8199468842310139
2026-07-14 12:45:00+03:00,0.04307113886847788,-1.109307651416027,0.4400229651628561,0.26336493985716314,0.08234359239645883,-0.7781383569100403
2026-07-14 12:50:00+03:00,0.037151716623346716,-1.183230559825527,0.40717776633774533,0.1987701633108901,0.10868524595467073,-0.6309352941418555
2026-07-14 12:55:00+03:00,0.08635625769015572,-0.7531967747217571,0.3894491258672352,0.16325890568553766,0.12376967691002051,-0.5603602912743291
2026-07-14 13:00:00+03:00,0.060052068413915256,-0.9411854699824239,0.4491372671266958,0.281082134836995,0.09038386036255013,-0.7291961948139314
2026-07-14 13:05:00+03:00,0.056287758129038634,-0.9741758643928663,0.5528789165551469,0.4809810729697362,0.09362961393931753,-0.7105459532622932
2026-07-14 13:10:00+03:00,0.04778909810996073,-1.0570432609120834,0.3141090550718321,0.004214923556170189,0.08479554440380262,-0.7627701532109308
2026-07-14 13:15:00+03:00,0.024423279844439448,-1.390876252429076,0.2824255994981863,-0.06849511030257116,0.07303471581101043,-0.8405650154059993
2026-07-14 13:20:00+03:00,0.06116855670642164,-0.931772999446234,0.2553689699463505,-0.13459803078883303,0.07947099482241599,-0.7966822104968014
2026-07-14 13:25:00+03:00,0.04373092258743196,-1.1016796656761814,0.34730411750110385,0.0762457021641466,0.06071950978299315,-0.9355391799467054
2026-07-14 13:30:00+03:00,0.07354559201544379,-0.8369545921133854,0.330232939735269,0.039660446152747705,0.0846734539135546,-0.7635257755263553
2026-07-14 13:35:00+03:00,0.036214221714560194,-1.1959652446504054,0.3268956005356839,0.032399242848249424,0.08011810153220401,-0.7924521137410377
2026-07-14 13:40:00+03:00,0.05772488348566437,-0.9613432606946635,0.24800752679214472,-0.15335971142331956,0.07789785342745174,-0.8070985263463567
2026-07-14 13:45:00+03:00,0.1135950303299493,-0.6070763436158874,0.22348235072382194,-0.2187435143699708,0.11889866871034821,-0.5822930678143395
2026-07-14 13:50:00+03:00,0.0720802615062354,-0.8473730529016731,0.2959434078379736,-0.036925834486660813,0.071549548731587,-0.8511946282273147
2026-07-14 13:55:00+03:00,0.07851866110058986,-0.8029651591741608,0.2577870403648683,-0.12851322347280458,0.08614807823472849,-0.7544646365009023
2026-07-14 14:00:00+03:00,0.08850047768262607,-0.7402964655318001,0.356642555015928,0.09589834497870359,0.06256644665834704,-0.9202120422977456
2026-07-14 14:05:00+03:00,0.04106710520014908,-1.1331811638000926,0.3097037733878013,-0.005637374159599126,0.06973227907094376,-0.8644817837024926
2026-07-14 14:10:00+03:00,0.07900722805709524,-0.7997332268341848,0.4265272904584277,0.2369823399174547,0.07258621779684407,-0.8437538330981751
2026-07-14 14:15:00+03:00,0.053722647359335476,-0.9978665470083348,0.5907735116968316,0.5553092859529527,0.06963549527928403,-0.8651983724988901
2026-07-14 14:20:00+03:00,0.05789737915557131,-0.9598232057293893,0.33600622540060304,0.052134663312064816,0.025933216932509558,-1.361339326842986
2026-07-14 14:25:00+03:00,0.08715497649138103,-0.7483579228581958,0.5192635513019038,0.41607845357345213,0.033001332417140934,-1.2421554525412293
2026-07-14 14:30:00+03:00,0.044691932143355165,-1.0907633041378824,0.4223359106280844,0.22874692583867517,0.032792305389470255,-1.2453090580872317
2026-07-14 14:35:00+03:00,0.01650049071655964,-1.5829841746633622,0.42739162101701733,0.23867799778612314,0.03047652192245412,-1.2816099226102002
2026-07-14 14:40:00+03:00,0.027436575155728483,-1.3335495172491536,0.4549695902043915,0.29238397016313,0.035871969700627455,-1.2006934865067835
2026-07-14 14:45:00+03:00,0.03582592049578391,-1.201332972387519,0.5483047425664801,0.4721079731148187,0.053300297150298895,-1.0018691528234658
2026-07-14 14:50:00+03:00,0.01848283992929888,-1.5275598590762978,0.5953626287988686,0.5644364670762709,0.08633421686513991,-0.7533308774358123
2026-07-14 14:55:00+03:00,0.01752812181263368,-1.5534832348484136,0.3677038963842182,0.11888333997891934,0.052046050677171135,-1.0139345948472618
2026-07-14 15:00:00+03:00,0.021621059662380548,-1.4507485911429805,0.3291654764218719,0.037342006294133465,0.04553526299016346,-1.0813664794982507
2026-07-14 15:05:00+03:00,0.026462231747185396,-1.3513857750345277,0.29533809663578514,-0.03832107967924642,0.04369405495059595,-1.102102998102777
2026-07-14 15:10:00+03:00,0.03691325263738946,-1.186440226879111,0.3408288644136243,0.06247378500162507,0.045161482445182304,-1.0855106979894031
2026-07-14 15:15:00+03:00,0.012384316750545691,-1.7227257805631717,0.35602887922983256,0.09461409215194985,0.0439384469894135,-1.09930310283993
2026-07-14 15:20:00+03:00,0.009301268589570828,-1.8616327912938428,0.24152003821348314,-0.17020570874516433,0.04150291766565218,-1.1278960807414453
2026-07-14 15:25:00+03:00,0.011628716788795805,-1.7533096703118562,0.22964412825178,-0.20186465038877388,0.04451729577281484,-1.0927302958532392
2026-07-14 15:30:00+03:00,0.0077717922241461335,-1.948603057006799,0.24115443452726665,-0.17116415497947302,0.03383680326493853,-1.2297403348977707
2026-07-14 15:35:00+03:00,0.006496687420993145,-2.035237330500097,0.04996067572346717,-1.0346173470963773,0.01556375861557929,-1.6114940453999096
2026-07-14 15:40:00+03:00,0.013468915574600449,-1.6819016685764374,0.04061857244673685,-1.138676862103349,0.02025428995483299,-1.4827624366821845
2026-07-14 15:45:00+03:00,0.010011315074462178,-1.8259782716528035,0.01470689607515029,-1.6390926604011933,0.017933311403440788,-1.542315882405953
2026-07-14 15:50:00+03:00,0.0095529575920277,-1.8486951570181764,0.011314375518629351,-1.7666156656137835,0.021210490722567574,-1.460152259999526
2026-07-14 15:55:00+03:00,0.00987127954933136,-1.8328074987473217,0.013740968534756303,-1.6721708275967493,0.021193221884792855,-1.4605516768086408
2026-07-14 16:00:00+03:00,0.017710817629486716,-1.5484169445150338,0.014331351889129327,-1.651691383171561,0.023326225376033464,-1.4134752201849423
2026-07-14 16:05:00+03:00,0.012608209600786277,-1.7140168863386525,0.012234835776074855,-1.7286272134656138,0.018671630157825827,-1.5225896322930792
2026-07-14 16:10:00+03:00,0.014504421179611525,-1.6458453541805258,0.01360427945098801,-1.6770359600749702,0.019402209132389017,-1.5038094261650763
2026-07-14 16:15:00+03:00,0.004651121235445777,-2.19653244867434,0.011358140425269695,-1.764741368482485,0.014421880100656757,-1.6486248482696197
2026-07-14 16:20:00+03:00,0.0047268905074028065,-2.1887396551275295,0.009311573449820622,-1.8610963152485964,0.014717555209528051,-1.6387397124109118
2026-07-14 16:25:00+03:00,0.00913764545329071,-1.8702309097190841,0.007371043381412292,-1.9742081691568276,0.01542098166328828,-1.615987231546958
2026-07-14 16:30:00+03:00,0.0046084691620813375,-2.2009749443790447,0.026406250749302883,-1.3524298673081034,0.014838315441649676,-1.634758561344372
2026-07-14 16:35:00+03:00,0.028456701496121874,-1.3155230181214932,0.04447524279061266,-1.0932050525197483,0.10693721315533404,-0.639658327989574
2026-07-14 16:40:00+03:00,0.18961101569865418,-0.3181263120831076,0.14174242487707717,-0.4853315544494319,0.30096067471838117,-0.025423837741803176
2026-07-14 16:45:00+03:00,0.18831820899770274,-0.3221752855348712,0.17380482913534395,-0.3691770306788719,0.2986928907529197,-0.030608942715912968
2026-07-14 16:50:00+03:00,0.2387959727133749,-0.17737095406134695,0.19812083266688132,-0.291986726550293,0.3178586549383378,0.012541907691081038
2026-07-14 16:55:00+03:00,0.25006892412544696,-0.14806904933638487,0.20382098567763862,-0.27494770746833763,0.31822536304035,0.013353445314922557
2026-07-14 17:00:00+03:00,0.23304261960563125,-0.192691191382513,0.24891907054950063,-0.1510165851816525,0.31576008292361835,0.007888025555293266
2026-07-14 17:05:00+03:00,0.29511763436078275,-0.038829658718779206,0.24638844587241565,-0.15753584414544525,0.3168919229514056,0.010400095164279886
2026-07-14 17:10:00+03:00,0.2524449313869064,-0.1420068579300682,0.19122311187616167,-0.31310686252701314,0.30410663791008274,-0.01826751586466774
2026-07-14 17:15:00+03:00,0.29417735809266193,-0.041001244627933066,0.1449320532364411,-0.47286297967503244,0.30790301262027314,-0.009686893841214274
2026-07-14 17:20:00+03:00,0.21578871186714074,-0.2402910382587571,0.10285944647546154,-0.6605061504939049,0.28947820646125083,-0.05191542880880884
2026-07-14 17:25:00+03:00,0.3036268613068838,-0.019356179717920214,0.24328977552440464,-0.16558017360213023,0.3011500017706998,-0.024991966994874115
2026-07-14 17:30:00+03:00,0.3332667137499418,0.046228942167298066,0.3208772158632314,0.019207348659702486,0.2992128017460569,-0.029418223428450397
2026-07-14 17:35:00+03:00,0.31797176372455005,0.012792274585728946,0.23864428737605578,-0.17777158128094694,0.2765188360717886,-0.0825751137821022
2026-07-14 17:40:00+03:00,0.3326671822702948,0.04493327388182488,0.2717725682732525,-0.09402391121143605,0.2765188360717886,-0.0825751137821022
2026-07-14 17:45:00+03:00,0.25862099900449154,-0.12642331359878226,0.20423891201940172,-0.27371250130900415,0.25864846009656717,-0.1263545705239581
2026-07-14 17:50:00+03:00,0.3605533834921044,0.10405973408902955,0.21675713255881035,-0.237548656768435,0.2509479997401966,-0.1458217150714027
2026-07-14 17:55:00+03:00,0.3953029207014005,0.17504409529137294,0.20492384683082604,-0.27169219165085146,0.29672877473559134,-0.03511802280531786
2026-07-16 09:55:00+03:00,0.29024328521817566,-0.05013139270853801,0.022125068966411556,-1.4394406710661516,0.23906784040926457,-0.1766533412096279
2026-07-16 10:00:00+03:00,0.29341148118478416,-0.042773044648155414,0.10807422942788213,-0.6339702766201778,0.23701570592375362,-0.1820840162938244
2026-07-16 10:05:00+03:00,0.07647881155710866,-0.8166610384364825,0.10315110015759882,-0.6589910250059057,0.20130716584164005,-0.28241753666504976
2026-07-16 10:10:00+03:00,0.050689918038928625,-1.0272933511948423,0.09433140608375556,-0.7065898718188187,0.18625612912054101,-0.32867799245215457
2026-07-16 10:15:00+03:00,0.10101540915632663,-0.6701749002141424,0.11245285032428995,-0.6125450640819223,0.1858376182086603,-0.3300045173109738
2026-07-16 10:20:00+03:00,0.0596460672572592,-0.9446488814765415,0.06261392686712366,-0.9198236173421113,0.1797048948727394,-0.3497135698332883
2026-07-16 10:25:00+03:00,0.048825883525599696,-1.0462183621097279,0.053438672411038154,-1.000554486916355,0.1798331566751916,-0.34929605053677437
2026-07-16 10:30:00+03:00,0.08196650583360143,-0.7805386728152052,0.07508236926050721,-0.8262314699192544,0.1812095421097517,-0.34483018313375824
2026-07-16 10:35:00+03:00,0.10711579264260904,-0.6387614528506237,0.04608603141655617,-1.0753185981438065,0.2487897090184897,-0.1513487594164689
2026-07-16 10:40:00+03:00,0.060934630244959966,-0.9337317148822687,0.04521856200410774,-1.0848757306483057,0.23868252931961448,-0.1776705612160226
2026-07-16 10:45:00+03:00,0.06099687039779186,-0.9332098794568457,0.044628110318781486,-1.0914813011506317,0.24086703496186515,-0.17191828174582827
2026-07-16 10:50:00+03:00,0.0725105300515885,-0.8442937623823455,0.07896423012229803,-0.8000169291260365,0.22477662749753838,-0.21517103196743587
2026-07-16 10:55:00+03:00,0.11637268559050122,-0.5939742940676496,0.06129321202225654,-0.9307320926426079,0.23879639231567595,-0.17736984606136771
2026-07-16 11:00:00+03:00,0.14535978240685632,-0.4712083433593253,0.037057239145415526,-1.1844998275998178,0.24264254086922407,-0.16726917928647425
2026-07-16 11:05:00+03:00,0.19570147188765225,-0.29933019795502414,0.06474680649361131,-0.9026522483864681,0.24274386074524007,-0.16700457588817813
2026-07-16 11:10:00+03:00,0.21865910570472766,-0.23218830404714993,0.06353737582902601,-0.9123232224963704,0.24568810456384202,-0.15934796946014262
2026-07-16 11:15:00+03:00,0.11917915592945197,-0.5810092665277751,0.051297527962471855,-1.0212667263426167,0.24240099005370142,-0.16790030792172173
2026-07-16 11:20:00+03:00,0.13040278310044662,-0.5316548854211475,0.07119761412628708,-0.8537433034333897,0.24240099005370142,-0.16790030792172173
2026-07-16 11:25:00+03:00,0.15151519017668116,-0.44783180406858564,0.07025322792857815,-0.8606403992673796,0.24065332489509378,-0.17247944806093948
2026-07-16 11:30:00+03:00,0.1878415809063912,-0.3236734323840608,0.04577683126262199,-1.0787053386883367,0.24164731787601162,-0.1698722715903745
2026-07-16 11:35:00+03:00,0.2028890722399266,-0.27770883637169397,0.05249682692952146,-1.0095669694282423,0.26997927569379,-0.09838214730271837
2026-07-16 11:40:00+03:00,0.31863009338806036,0.014248548804321685,0.040592896468516534,-1.1389932156825453,0.27307490345639984,-0.09087014011771881
2026-07-16 11:45:00+03:00,0.19253172271883195,-0.30905606054271345,0.03830404272882582,-1.167994319260141,0.27739186706666763,-0.08048251827683543
2026-07-16 11:50:00+03:00,0.1556336667343257,-0.43262348177162696,0.06400655256180315,-0.9085513492153232,0.26519803938891057,-0.11009213800939183
2026-07-16 11:55:00+03:00,0.2213029115483317,-0.22479270104783708,0.08054622805132572,-0.7896705895833708,0.25220279415684144,-0.14262291362940302
2026-07-16 12:00:00+03:00,0.21338263249999506,-0.24714346314241084,0.10864475183435157,-0.6311359683514511,0.2517283368186078,-0.14383118563423497
2026-07-16 12:05:00+03:00,0.21460678448244125,-0.24365014600894508,0.09467496139275322,-0.7046628174904606,0.2551130068515813,-0.13524434160561427
2026-07-16 12:10:00+03:00,0.2232327060318095,-0.21943428023590072,0.08557948261840921,-0.7579417131543694,0.2616768556995316,-0.11880251085715607
2026-07-16 12:15:00+03:00,0.06312352060883472,-0.9156719603349909,0.0935229562143199,-0.7111495203190149,0.24795564777430149,-0.15349323995257783
2026-07-16 12:20:00+03:00,0.08698047677376379,-0.7494116528090229,0.06526243345880263,-0.898580187241097,0.15296618459652828,-0.44243551173737944
2026-07-16 12:25:00+03:00,0.08410264905793936,-0.767071679692193,0.07480426121057947,-0.8281569676129666,0.14603856544429142,-0.46859079949686877
2026-07-16 12:30:00+03:00,0.0647623754681207,-0.9025288543734941,0.1005834127756338,-0.6724625859182254,0.14152096721348206,-0.4862059076216335
2026-07-16 12:35:00+03:00,0.07595168456219693,-0.8202546772828411,0.11525526693320365,-0.5992120410351316,0.14133839386096503,-0.48692759853867673
2026-07-16 12:40:00+03:00,0.0741658511528866,-0.8326020501104504,0.11175088096798742,-0.6159301809042153,0.17004440298536702,-0.381855704270766
2026-07-16 12:45:00+03:00,0.08218299759344506,-0.7791593848805343,0.09557855306836799,-0.6996241584714913,0.16761530497734292,-0.39016458194055353
2026-07-16 12:50:00+03:00,0.076692603544226,-0.815210004426827,0.12124762688740637,-0.5716215728353737,0.14391547163417198,-0.476811884318974
2026-07-16 12:55:00+03:00,0.06831788531367029,-0.8750467909633474,0.1473592730776469,-0.46352660680646474,0.1461487253279398,-0.4681669495401144
2026-07-16 13:00:00+03:00,0.06502015606533425,-0.9004897820541039,0.15667877387044243,-0.4288165852132092,0.14156959017245263,-0.48601383793172964
2026-07-16 13:05:00+03:00,0.03044064684953553,-1.2821930279106646,0.24014460443531227,-0.1738166328230245,0.13964373893761398,-0.493663829170023
2026-07-16 13:10:00+03:00,0.029364295851198437,-1.3000048013579266,0.23614522287163625,-0.18439740592373627,0.1360222605166866,-0.5082921055278302
2026-07-16 13:15:00+03:00,0.03706976031926463,-1.1843314318199456,0.30741982560779774,-0.010775708541089113,0.13471155961522605,-0.5136672779966593
2026-07-16 13:20:00+03:00,0.11369732888118489,-0.6065888849720596,0.21147114501182243,-0.25262754176593305,0.24299374327511336,-0.1663523120824685
2026-07-16 13:25:00+03:00,0.1001012675474337,-0.6750261687046186,0.18347834660985907,-0.3375260289366705,0.2475164308395219,-0.1546244674351547
2026-07-16 13:30:00+03:00,0.1188153725781907,-0.5826748220414049,0.24987899563829868,-0.14855528772296261,0.246898008045493,-0.1562195357874474
2026-07-16 13:35:00+03:00,0.13484099463460797,-0.5131345074885995,0.18508049347602945,-0.3324101936384288,0.2482508261762059,-0.15273374621054298
2026-07-16 13:40:00+03:00,0.16075667416240177,-0.41415706017009074,0.2967484797720595,-0.03507270001660795,0.25140682186983704,-0.14465082759118517
2026-07-16 13:45:00+03:00,0.19462050174278758,-0.3026334583386596,0.3453567023713845,0.07211674174939266,0.24754842937610402,-0.15454200798152157
2026-07-16 13:50:00+03:00,0.259899239823672,-0.12322852485062821,0.4266896316252219,0.23730089031458665,0.253069783342055,-0.14041888871278851
2026-07-16 13:55:00+03:00,0.06850464966621624,-0.8736401845204246,0.3324076633123018,0.04437205550150971,0.14553145986236748,-0.47054535914959145
2026-07-16 14:00:00+03:00,0.11678360607578579,-0.5920591425605174,0.35560320600737766,0.09372269515151795,0.14610176564072622,-0.4683475987223201
2026-07-16 14:05:00+03:00,0.20161642840302044,-0.28149481813056837,0.2381802823156833,-0.1789981856098507,0.16100757280841582,-0.41326499238293934
2026-07-16 14:10:00+03:00,0.15486236269706313,-0.43544641961651515,0.20850713029516363,-0.26120357577881376,0.20100688327040048,-0.28331447749910416
2026-07-16 14:15:00+03:00,0.18688941554412314,-0.3266750716406914,0.1671310074408238,-0.3918326221999047,0.23493166197377852,-0.1876324120626687
2026-07-16 14:20:00+03:00,0.14072398592747068,-0.48936201609432545,0.15220778920361394,-0.4452507428306065,0.20925756924530428,-0.2590238435094206
2026-07-16 14:25:00+03:00,0.1396752808908656,-0.4935378270252874,0.13892421044271014,-0.4965446617523529,0.20802823814200586,-0.262597592053141
2026-07-16 14:30:00+03:00,0.26942328090466305,-0.0997370793730525,0.17625007799576847,-0.36104847273123825,0.2547277974759157,-0.13621780555981725
2026-07-16 14:35:00+03:00,0.19656514210223436,-0.2967008784852304,0.224574991643251,-0.2157266270094278,0.2276916026536809,-0.20717817247768266
2026-07-16 14:40:00+03:00,0.18979613322901054,-0.31754827145109077,0.2640246243456505,-0.11298652805325052,0.17703187252543012,-0.3584683358830648
2026-07-16 14:45:00+03:00,0.35985761597421684,0.10261061646641885,0.243745981973347,-0.16439150106901423,0.2565975851245439,-0.1315016635908495
2026-07-16 14:50:00+03:00,0.360938306651735,0.10486091280667506,0.3439054729647878,0.0690326556574013,0.19965125703191802,-0.2873762561902387
2026-07-16 14:55:00+03:00,0.308392128719724,-0.008585684119977921,0.38170688904243927,0.14757230451846404,0.17619729045090132,-0.3612230099762616
2026-07-16 15:00:00+03:00,0.18131688780157498,-0.3444829981953069,0.2679807792310363,-0.10326064235971755,0.16730573483045555,-0.3912303731472192
2026-07-16 15:05:00+03:00,0.28609834098610254,-0.059830434274951716,0.31028098609285215,-0.004342101199016998,0.19471418622905481,-0.3023466250836108
2026-07-16 15:10:00+03:00,0.2666875334964547,-0.10642985615445176,0.23904706819885355,-0.17670815108117904,0.21486435694959938,-0.24291696738943983
2026-07-16 15:15:00+03:00,0.42072160384661506,0.22556926352521772,0.206810788030818,-0.26615218129085777,0.22699304260813816,-0.20908700059944213
2026-07-16 15:20:00+03:00,0.4795375907614563,0.3397662718943675,0.2556112772609139,-0.13398659310941435,0.3019409343850932,-0.023189451714527957
2026-07-16 15:25:00+03:00,0.48335101955475795,0.3470980029802443,0.22949882467949015,-0.20225897714914215,0.32714362871072167,0.03294019026711258
2026-07-16 15:30:00+03:00,0.43419611980328676,0.2519977042368583,0.2866924528223438,-0.05843511088257966,0.33415139520439513,0.04813873139983588
2026-07-16 15:35:00+03:00,0.5460349534939974,0.4677109473092673,0.3403190858241993,0.06138426717860589,0.3249938906254622,0.02824457853516428
2026-07-16 15:40:00+03:00,0.5636288552842454,0.5019053093992567,0.34236860712723666,0.06575981880631318,0.31867357294660165,0.01434467236320631
2026-07-16 15:45:00+03:00,0.8011441272668458,1.0479191709968927,0.37248034673848684,0.12871786033789195,0.34093045397029975,0.06269081186539807
2026-07-16 15:50:00+03:00,0.5135080842596779,0.4050162336920953,0.4674765501568217,0.3165433236864311,0.32924646873233115,0.037518048631180946
2026-07-16 15:55:00+03:00,0.7087660319922318,0.8059755233207325,0.3522272969015693,0.08663614796739422,0.3408331428457289,0.06248292569218628
2026-07-16 16:00:00+03:00,0.7370890829683941,0.8738913940232638,0.44752451838031904,0.2779523101757184,0.3378395788721638,0.056073633342674636
2026-07-16 16:05:00+03:00,0.5535656012362103,0.4823145836119846,0.41129007228285497,0.20693469629059982,0.3364837397177942,0.05316162218378994
2026-07-16 16:10:00+03:00,0.6446508518708234,0.6649596658301006,0.44793682792724127,0.27875267109451285,0.33204077542519567,0.0435782727058844
2026-07-16 16:15:00+03:00,0.6544939619203445,0.6857163590721806,0.4446384736491787,0.2723460340797347,0.33456604589240396,0.04903298306818584
2026-07-16 16:20:00+03:00,0.6301759642506202,0.6348950240911624,0.4279280164781205,0.23972986927721057,0.33556798013946143,0.05119152326115583
2026-07-16 16:25:00+03:00,0.696892232377912,0.778685265245776,0.4082795598416316,0.20096013592965972,0.3373404171146423,0.05500222471201204
2026-07-16 16:30:00+03:00,0.774854770849412,0.9723064007563887,0.4993306675771993,0.3777899704180588,0.34167191604000063,0.06427386181172713
2026-07-16 16:35:00+03:00,0.757568130536832,0.9259697154967134,0.5132587285943203,0.404537139687941,0.35346346626787994,0.08923460803664834
2026-07-16 16:40:00+03:00,0.6423117374174547,0.6600656583801302,0.5796249291101028,0.5332634114935082,0.3677652315555945,0.1190099610315072
2026-07-16 16:45:00+03:00,0.582671454809848,0.5392708497831941,0.4336411826145966,0.25091331064426486,0.36144427413574814,0.10591346778973451
2026-07-16 16:50:00+03:00,0.662381437536729,0.7025507776458734,0.528340400147532,0.43354562865833673,0.3677659456496916,0.11901143516376944
2026-07-16 16:55:00+03:00,0.3518927652934299,0.08593223994071954,0.489782674056156,0.3594555571483765,0.2533320361269297,-0.13975318446947602
2026-07-16 17:00:00+03:00,0.27482951919716453,-0.08663592061749023,0.5028100034484674,0.3844701835214856,0.23976791222764848,-0.17480802677712212
2026-07-16 17:05:00+03:00,0.18960775875772673,-0.3181364859458379,0.3729724898673266,0.12972821658042388,0.23734627581251555,-0.18120703124532989
2026-07-16 17:10:00+03:00,0.4615945080091126,0.30519285223375087,0.5328481291952077,0.4422328339756098,0.25408911808317514,-0.1378339523006667
2026-07-16 17:15:00+03:00,0.22735818634863256,-0.2080887222922228,0.41113371256679127,0.20662471862023407,0.2552504698375679,-0.134897192458873
2026-07-16 17:20:00+03:00,0.5312611304300653,0.43917329628310087,0.23861873683052448,-0.17783908189362985,0.25692217250541094,-0.13068525870110662
2026-07-16 17:25:00+03:00,0.2938135075944074,-0.041842649747196176,0.23457085757545543,-0.18859644431537087,0.2289855850819355,-0.20365321871193617
2026-07-16 17:30:00+03:00,0.2994422185876091,-0.028893181675372952,0.23447154854138616,-0.18886196827276325,0.2272189308733693,-0.20846930372929168
2026-07-16 17:35:00+03:00,0.27412961144419673,-0.08832290688087129,0.2536958807265046,-0.13883035245681236,0.23096629826481171,-0.19828454212349608
2026-07-16 17:40:00+03:00,0.29952571652396803,-0.028702146071602434,0.23357469440388157,-0.19126344307981263,0.2307564270042346,-0.19885186113810413
2026-07-16 17:45:00+03:00,0.36816652271588063,0.11983817353222331,0.29199846656446177,-0.04604906669865527,0.23214659794349257,-0.19510067884709742
2026-07-16 17:50:00+03:00,0.3126109038242229,0.0008728664374367441,0.3161331217545995,0.008716502856541838,0.2291097447591818,-0.20331573142712783
2026-07-16 17:55:00+03:00,0.3192227949650923,0.015558279047785293,0.28120618385678064,-0.07138699674595203,0.2297572468124437,-0.2015577889616763
2026-07-17 09:55:00+03:00,0.4985044596046927,0.3762036835267898,0.06755448950253307,-0.8808335772647818,0.2884770606185831,-0.05425416056935454
2026-07-17 10:00:00+03:00,0.40610308164668574,0.19663228498760343,0.3174669478580344,0.01167449398180831,0.23906713057927706,-0.1766552141239707
2026-07-17 10:05:00+03:00,0.32394729085066454,0.02595270026180622,0.5575699600431602,0.4900989468690488,0.2730249455097377,-0.09099094602255205
2026-07-17 10:10:00+03:00,0.47093109898537483,0.3232011735304983,0.6790658577326661,0.7388173826915195,0.29204651885069816,-0.04593750669481769
2026-07-17 10:15:00+03:00,0.6682589999272016,0.7152207494955277,0.6761516370318572,0.7324142480582551,0.6147356877804145,0.6033555037039381
2026-07-17 10:20:00+03:00,0.5886222663528281,0.5510416473825357,0.6292670024055191,0.6330239153739191,0.4676114524393978,0.31680342546128765
2026-07-17 10:25:00+03:00,0.414412733580458,0.2131179199355596,0.42013450568399846,0.22441277330939732,0.2714204477088929,-0.09487824083044959
2026-07-17 10:30:00+03:00,0.3420417424976721,0.06506283745920666,0.31393855638453866,0.0038350144889076204,0.28459296065215994,-0.06337375066976399
2026-07-17 10:35:00+03:00,0.3515242986216726,0.08515657303943894,0.33210940483654555,0.04372678984119391,0.2830478553810443,-0.06702232801427274
2026-07-17 10:40:00+03:00,0.3709050623252649,0.12548018305691297,0.3337830100802617,0.047343794033852526,0.3382542634411633,0.05696312924729944
2026-07-17 10:45:00+03:00,0.34907029426037695,0.07998103584526589,0.34919128804891697,0.08023660676039855,0.28025983912492275,-0.07363655009847865
2026-07-17 10:50:00+03:00,0.37462181919236437,0.1331103218140652,0.28977015154950375,-0.05123433263182184,0.2838060240088833,-0.0652305069777852
2026-07-17 10:55:00+03:00,0.49786337362497995,0.3749728132401535,0.3293978541947912,0.03784703620369011,0.3488511058790493,0.07951794729472014
2026-07-17 11:00:00+03:00,0.4847349744552086,0.3497578397913475,0.32806146546190174,0.03494015600409171,0.3488511058790493,0.07951794729472014
2026-07-17 11:05:00+03:00,0.4811603324799122,0.34288667971941195,0.3732339449793601,0.1302647568763829,0.298222372659289,-0.03168756659847632
2026-07-17 11:10:00+03:00,0.45728880670498623,0.29687130742872875,0.24770026223217362,-0.15415083583311545,0.28362209013948614,-0.0656649418357897
2026-07-17 11:15:00+03:00,0.4850437706255342,0.3503512554091563,0.3807839457474153,0.14569436176658238,0.2777110645570571,-0.07971843746487894
2026-07-17 11:20:00+03:00,0.39980539485347116,0.1840675064273949,0.24203135425897518,-0.16886692807579823,0.26855727506157506,-0.10185101423971052
2026-07-17 11:25:00+03:00,0.3830225887559793,0.15024640312931664,0.24030032319114505,-0.17340711661084512,0.2691670612592914,-0.10036206803101085
2026-07-17 11:30:00+03:00,0.4139200841720852,0.21214333635084384,0.38196877307601745,0.14810485144825986,0.2787063343976454,-0.07733946685715723
2026-07-17 11:35:00+03:00,0.40128000648273304,0.1870153279826579,0.3169244603324472,0.01047223917449168,0.2807264019495315,-0.07252690711476477
2026-07-17 11:40:00+03:00,0.28820304234116584,-0.05489512257787693,0.2342981825475189,-0.18932568640968128,0.271653162416755,-0.09431354086276683
2026-07-17 11:45:00+03:00,0.30619789846361933,-0.013533459673025059,0.43801961191900823,0.25946052077433,0.33468578670092447,0.04929111810978504
2026-07-17 11:50:00+03:00,0.39265086144653116,0.16971252935299835,0.2328307457630735,-0.1932603567869049,0.27206246676261925,-0.09332106801795075
2026-07-17 11:55:00+03:00,0.3079387722872614,-0.009606350656327232,0.24795016119302887,-0.15350736265495807,0.3059862118349543,-0.014011836077793256
2026-07-17 12:00:00+03:00,0.35478785368032867,0.09201393874505084,0.297879621775806,-0.03247391083291826,0.3010773470919178,-0.02515768007717166
2026-07-17 12:05:00+03:00,0.2891938635577084,-0.05257918078704169,0.24257828307716897,-0.16743703157364798,0.3010773470919178,-0.02515768007717166
2026-07-17 12:10:00+03:00,0.2693484338050136,-0.09991961277167796,0.18321422526485287,-0.33837271757539394,0.29310955548094425,-0.04347227036577487
2026-07-17 12:15:00+03:00,0.27328719787985684,-0.09035693377066467,0.23115844064707208,-0.1977654635750748,0.274601372500149,-0.08718552846632799
2026-07-17 12:20:00+03:00,0.2839167073990529,-0.06496916492754666,0.18638902461684637,-0.3282572437751198,0.2937054920481703,-0.04209255302885448
2026-07-17 12:25:00+03:00,0.26927530849478454,-0.10009797808580657,0.245174928007778,-0.16067802007209753,0.2956688921903039,-0.03755838895768779
2026-07-17 12:30:00+03:00,0.3113377663241098,-0.001974100907017143,0.18873970702892848,-0.32085284901525846,0.3110390599332688,-0.0026429850585405284
2026-07-17 12:35:00+03:00,0.2545772903921101,-0.1365984157281272,0.24502426405759037,-0.1610688675696157,0.2963275527097595,-0.0360412368053884
2026-07-17 12:40:00+03:00,0.7749636085701165,0.972605903701586,0.5651649535143091,0.5049042924235896,0.4348404078011059,0.25325629261349314
2026-07-17 12:45:00+03:00,0.39047513598811706,0.1653290605511572,0.4687422303280713,0.3189832952507221,0.3636143678349647,0.1104206627255544
2026-07-17 12:50:00+03:00,0.260137367122219,-0.12263448642417865,0.38174916519670865,0.14765828346017273,0.28192456014929373,-0.06968242258830168
2026-07-17 12:55:00+03:00,0.26956176408098476,-0.09939943783754027,0.3080303716045863,-0.0094000608684989,0.29356958346073914,-0.04240706555542301
2026-07-17 13:00:00+03:00,0.2772779333234878,-0.08075537897890832,0.2656870626398227,-0.10888831255613085,0.29356958346073914,-0.04240706555542301
2026-07-17 13:05:00+03:00,0.3256127448088174,0.02959796425744076,0.30660218363726155,-0.012620355741562034,0.31438114215596613,0.004820962792565145
2026-07-17 13:10:00+03:00,0.4200380064570581,0.22422264263462882,0.37532518432878825,0.13455081813933614,0.3303909578007817,0.04000332456366812
2026-07-17 13:15:00+03:00,0.30483598684883745,-0.016614396117973915,0.2591465863261584,-0.12510843986200282,0.31053507461889274,-0.0037723435595521677
2026-07-17 13:20:00+03:00,0.344548957079281,0.07040091858776057,0.20120619370150583,-0.28271902759700385,0.29072694239498414,-0.04900501888844748
2026-07-17 13:25:00+03:00,0.31707431940157815,0.010804465273761213,0.2542663664150471,-0.13738516605221746,0.309574158170981,-0.005928415274205956
2026-07-17 13:30:00+03:00,0.2848057735953254,-0.06287215570209141,0.20541706272158125,-0.2702404857749245,0.3020668618527126,-0.022902713776974143
2026-07-17 13:35:00+03:00,0.19621507320483395,-0.29776555816770606,0.17374321287259833,-0.369383018663513,0.2782925393258855,-0.07832791663372354
2026-07-17 13:40:00+03:00,0.22448332135423946,-0.2159793359547691,0.21499460907620468,-0.24254644846066853,0.25913134444789476,-0.12514654637790265
2026-07-17 13:45:00+03:00,0.23952211417363026,-0.17545550311807295,0.3276976925376042,0.034147838640494865,0.27641573565417094,-0.08282250753877082
2026-07-17 13:50:00+03:00,0.2434733060829416,-0.16510179244826817,0.4836245334404201,0.3476237096851852,0.27556161448645783,-0.08487420517149538
2026-07-17 13:55:00+03:00,0.1748196557505626,-0.3657926487756101,0.368685525231424,0.12090876855429418,0.24738650422704492,-0.15495935868834515
2026-07-17 14:00:00+03:00,0.1378912385543305,-0.5007024115371345,0.7949440582090235,1.0294532500267333,0.25711477817347184,-0.13020113432518604
2026-07-17 14:05:00+03:00,0.09371888687929372,-0.7100412390314623,0.6737472237395566,0.7271538492842794,0.2386223354695272,-0.17782957454247036
2026-07-17 14:10:00+03:00,0.08723475893430185,-0.7478767860421841,0.8555231332879193,1.2327784067591474,0.2322506462733413,-0.194820550652595
2026-07-17 14:15:00+03:00,0.13923268787973953,-0.4953080585478013,0.9351861170765124,1.6602709354662628,0.24728394696106323,-0.15522378770120904
2026-07-17 14:20:00+03:00,0.06995164708962497,-0.8628609789826356,0.814010623594943,1.0876733475813274,0.22960959791797594,-0.2019583433968092
2026-07-17 14:25:00+03:00,0.119728072177748,-0.578504394997811,0.7388093643355137,0.8781613066211692,0.2967790394880055,-0.0350024142422483
2026-07-17 14:30:00+03:00,0.19633196486093296,-0.29740989101037185,0.4252797985824268,0.23453343408510843,0.2509013023961075,-0.1459409637501897
2026-07-17 14:35:00+03:00,0.15494495583633278,-0.43514358444558304,0.5612601754087961,0.497285493619705,0.2509569148200385,-0.1457989507541639
2026-07-17 14:40:00+03:00,0.24664532968318245,-0.15687202955312698,0.7375431653030211,0.8750167185157857,0.31479708614706203,0.0057468763483843575
2026-07-17 14:45:00+03:00,0.2385633193742838,-0.17798550334872654,0.5272522784461056,0.43145001050872617,0.26858787964082914,-0.1017762345366528
2026-07-17 14:50:00+03:00,0.32972908463643924,0.038566590819282355,0.5889685692345622,0.5517281844445057,0.3069288222997579,-0.011883111885589635
2026-07-17 14:55:00+03:00,0.3878756924393377,0.160080382254463,0.7583276362867056,0.927956786309259,0.3274315157784171,0.03356780544824253
2026-07-17 15:00:00+03:00,0.36508347153139276,0.11346537914113598,0.5821534278685242,0.5382484884281141,0.3091190489415297,-0.006950861382680133
2026-07-17 15:05:00+03:00,0.3374057827665307,0.05514257080010511,0.7507749057867735,0.9083813511993923,0.3206347164475456,0.018673103784544946
2026-07-17 15:10:00+03:00,0.28683840670675953,-0.05809259026907766,0.615063748369825,0.6040204800218372,0.29934944714474243,-0.029105469982952163
2026-07-17 15:15:00+03:00,0.3902914307985164,0.16495854744087196,0.5520642860844822,0.47939960492101025,0.32413992487505894,0.026374825285042605
2026-07-17 15:20:00+03:00,0.21770450398522184,-0.23487444433498003,0.5590741432975388,0.4930267429847759,0.3044505095185616,-0.017487829691051584
2026-07-17 15:25:00+03:00,0.8519468179224401,1.2190309918105524,0.7574934002520832,0.925774430017763,0.4548499826527643,0.29215244661670364
2026-07-17 15:30:00+03:00,0.6892722190921252,0.7614905114838189,0.7358150058379812,0.8707405821285988,0.4281637862262794,0.2401921085033833
2026-07-17 15:35:00+03:00,0.5227134118020244,0.42271373614131,0.5618003780588394,0.4983386047342385,0.41020143519441016,0.20477577031444588
2026-07-17 15:40:00+03:00,0.5694345310323927,0.5132529813077621,0.6541547413374067,0.6849964948636523,0.4295339224732322,0.2428770756619672
2026-07-17 15:45:00+03:00,0.5040470541129293,0.3868453734817843,0.5982140305257775,0.5701241664637957,0.41011261799269777,0.2045995561765118
2026-07-17 15:50:00+03:00,0.5223928587191631,0.42209703507718505,0.5937322426183022,0.5611901225359157,0.4069415466394358,0.19830040195647633
2026-07-17 15:55:00+03:00,0.5187260947598931,0.4150450716801732,0.5037725353035247,0.38631827848549544,0.3851523770389023,0.1545677420487461
2026-07-17 16:00:00+03:00,0.5422376207459729,0.46036296096221874,0.5075706174789563,0.3936113848806326,0.40189569213046616,0.1882450539878989
2026-07-17 16:05:00+03:00,0.5189998237909558,0.41557136715809107,0.45966496189439665,0.30146510053668035,0.3828795651871427,0.14995588385607353
2026-07-17 16:10:00+03:00,0.530210939995976,0.43714933282236856,0.5907630432343789,0.5552885020708824,0.39143358528234945,0.16726113402609422
2026-07-17 16:15:00+03:00,0.33525930617618677,0.050526865463422485,0.43468225345649086,0.25294738501975916,0.34752797361128246,0.07671963077620778
2026-07-17 16:20:00+03:00,0.33604590922434513,0.05222003615466841,0.32955032093660974,0.0381782958425725,0.34401363849910044,0.06926273685943848
2026-07-17 16:25:00+03:00,0.4360319696922577,0.25558282713098723,0.3664964945446523,0.11638895903264959,0.35036589540211655,0.08271556243352726
2026-07-17 16:30:00+03:00,0.44178594552014355,0.2667977332469022,0.3663019294097062,0.1159866822055474,0.3451364907976,0.07164915390822721
2026-07-17 16:35:00+03:00,0.43211088278370857,0.2479212831009823,0.3705137746436053,0.12467509833914467,0.336608223546153,0.05342922330572633
2026-07-17 16:40:00+03:00,0.3952045706966888,0.17484660059661689,0.3869971387642327,0.15830354742961678,0.38139341950314787,0.1469346734443961
2026-07-17 16:45:00+03:00,0.3676576999114788,0.11878796559938933,0.4697255033166153,0.32087830708444487,0.3050663835038873,-0.01609264813249672
2026-07-17 16:50:00+03:00,0.3044896518174239,-0.017399110797172216,0.5143542985446342,0.4066421865708575,0.27564180083770096,-0.08468142100562169
2026-07-17 16:55:00+03:00,0.2596849057481051,-0.1237635101430085,0.6325395687329689,0.6397694732356086,0.26589209255786517,-0.10838401252973179
2026-07-17 17:00:00+03:00,0.7995072525054204,1.0430026408401818,0.7695867951547959,0.9579305438001338,0.3347056965720106,0.04933403499419941
2026-07-17 17:05:00+03:00,0.8455438365323558,1.195087822293824,0.7032884659594313,0.7933077926076445,0.33431584659478386,0.04849345966181842
2026-07-17 17:10:00+03:00,0.8252781025312803,1.1242681046858756,0.6456282138640421,0.6670088198682017,0.31971926768552167,0.016654372500893078
2026-07-17 17:15:00+03:00,0.8424338218904965,1.1837504480466403,0.5962927421829083,0.5662903360302605,0.31931144088114466,0.01575405441250875
2026-07-17 17:20:00+03:00,0.8498710738648388,1.2111772728111392,0.6039125461869915,0.5815312206459837,0.332102779750115,0.043712453528918525
2026-07-17 17:25:00+03:00,0.8562321727396547,1.2355374491248523,0.6791056165080456,0.7389049515320373,0.3336183534783421,0.046988340430950515
2026-07-17 17:30:00+03:00,0.7826283882810634,0.9939632768922272,0.4368718843465857,0.25722189943996676,0.31962923820894645,0.016455675922012993
2026-07-17 17:35:00+03:00,0.773416533881283,0.96835821945336,0.43750897442969283,0.25846469306444975,0.327092171767707,0.032827980431576004
2026-07-17 17:40:00+03:00,0.7897113953189708,1.0141885544147662,0.48532452683027366,0.35089076738406294,0.32372482766661254,0.025465046950405017
2026-07-17 17:45:00+03:00,0.9958003343853948,3.003908613230109,0.4439668136558194,0.27104027651477053,0.7342110332889057,0.8667877478074147
2026-07-17 17:50:00+03:00,0.9956528358009734,2.9872688993693313,0.4395318358773748,0.2624081147448255,0.7188928930571863,0.8297724094717036
2026-07-17 17:55:00+03:00,0.9964051203731581,3.078835458679527,0.2816917295979329,-0.07023459689838368,0.807759792525464,1.0681067377277742
2026-07-20 09:55:00+03:00,0.9977070290457196,3.2952945747659066,0.038937589216580915,-1.1598039794593982,0.7898382418520147,1.0145552627843775
2026-07-20 10:00:00+03:00,0.5838154921801186,0.5415299648865994,0.27959590742869,-0.07521754926601659,0.323479124306582,0.024926246630937867
2026-07-20 10:05:00+03:00,0.6069083359138333,0.587550543974895,0.6625595501096766,0.7029331148231815,0.4876473904086255,0.3553538207895089
2026-07-20 10:10:00+03:00,0.8513667892240614,1.2168273148502602,0.6259525629234309,0.6262169345151983,0.6615625795416454,0.7007942835641806
2026-07-20 10:15:00+03:00,0.8354344216855932,1.158883790859478,0.5848673186619101,0.5436085656754945,0.75041850606755,0.9074675351112795
2026-07-20 10:20:00+03:00,0.33376959369273457,0.04731483458799887,0.5250195585267868,0.42715154481752526,0.43873965997955067,0.26086429923988147
2026-07-20 10:25:00+03:00,0.43170467671783885,0.24712664974686602,0.40780917873030814,0.20002541149705802,0.428114977304178,0.24009642125225258
2026-07-20 10:30:00+03:00,0.39100282489607624,0.16639300294156822,0.5217671100507196,0.42089328048518765,0.30801481641600714,-0.00943509013316103
2026-07-20 10:35:00+03:00,0.6997487316320947,0.785193544605523,0.9793701871110715,2.2319108604899744,0.49241782625205915,0.3645165362722962
2026-07-20 10:40:00+03:00,0.41691162439785956,0.2180561809641028,0.963940509926883,1.95624763851649,0.4548750160384879,0.2922009044093936
2026-07-20 10:45:00+03:00,0.3923813964346857,0.16917010351853226,0.9332568898516211,1.645201086321794,0.356731766272937,0.09608495724747006
2026-07-20 10:50:00+03:00,0.5094307930093882,0.39718386810917394,0.9334577128092594,1.6467507711800973,0.45279121654355603,0.2881657025427677
2026-07-20 10:55:00+03:00,0.8714969892875603,1.2978966020037381,0.9120826744666429,1.501926791977209,0.4713301793882362,0.3239699514432582
2026-07-20 11:00:00+03:00,0.8605333628421262,1.252521862917912,0.8849793678943808,1.3584675784725253,0.45653428570607124,0.29541182475908695
2026-07-20 11:05:00+03:00,0.8492534473081043,1.2088577176738804,0.9173336420570241,1.534241865537377,0.4586043688528469,0.2994151190503018
2026-07-20 11:10:00+03:00,0.5523483204413941,0.4799509478139204,0.5689742934760776,0.5123520891369377,0.4027245635877585,0.1898996069382997
2026-07-20 11:15:00+03:00,0.48126333834698914,0.34308472560857467,0.6482015231780403,0.6724163270319304,0.36634849086245247,0.11608295941945043
2026-07-20 11:20:00+03:00,0.3789436950411255,0.14194469332100731,0.47091502513384026,0.32317020779566774,0.30969898046111927,-0.005648135115971193
2026-07-20 11:25:00+03:00,0.40455558867847746,0.19355069556959742,0.5052076330093458,0.38907382034350346,0.31897396671842576,0.015008585098082207
2026-07-20 11:30:00+03:00,0.5845857155670501,0.5430519176468107,0.6612873020134153,0.7002042652720376,0.3757030078092074,0.1353241578588228
2026-07-20 11:35:00+03:00,0.6980268551106507,0.7812662153823711,0.6692669319338825,0.7174047393352707,0.47075157241861354,0.3228553150221149
2026-07-20 11:40:00+03:00,0.627790679959897,0.6299888952636248,0.6504830395260418,0.6772258043337981,0.45286110676564384,0.28830109354875444
2026-07-20 11:45:00+03:00,0.5247437460937737,0.4266206837390557,0.6131763320331515,0.6001975785279274,0.43685895057270085,0.2571966648863381
2026-07-20 11:50:00+03:00,0.601117893819296,0.5759301521619662,0.5676702159824744,0.5098006831180911,0.5295708987087423,0.43591607703700463
2026-07-20 11:55:00+03:00,0.48124558110400184,0.34305058457828774,0.5467971154419538,0.4691869816089736,0.45991803253646985,0.3019541464719058
2026-07-20 12:00:00+03:00,0.3966860373953663,0.17781971111076003,0.5616402539161708,0.4980264171849153,0.42415954442141174,0.23233271253065915
2026-07-20 12:05:00+03:00,0.5344215389441248,0.44526743888501774,0.5370453213721624,0.45033084672288515,0.5850634327546389,0.543996291339
2026-07-20 12:10:00+03:00,0.5503421327206526,0.47605810831144185,0.6154140300734279,0.6047307324961629,0.6502430083073851,0.6767191348194666
2026-07-20 12:15:00+03:00,0.4883401258078408,0.3566846065843959,0.5288192158541495,0.4344679449945782,0.48036123286186844,0.3413501720779783
2026-07-20 12:20:00+03:00,0.4527224012098223,0.28803239028227756,0.4567993545829805,0.29592459556551914,0.5250513211016555,0.4272126806887324
2026-07-20 12:25:00+03:00,0.47500301822181923,0.33104202387282045,0.35124322333609076,0.08456462525171543,0.45773064603740227,0.29772578829886764
2026-07-20 12:30:00+03:00,0.47495447054815576,0.3309485806967663,0.3925254264675599,0.16946004850042967,0.5146167277712063,0.40714646117307984
2026-07-20 12:35:00+03:00,0.5185498794999213,0.4147062761981153,0.41766282214313033,0.2195390232746613,0.6314149627993072,0.637448582197542
2026-07-20 12:40:00+03:00,0.4532609134498066,0.2890755281165991,0.3423331496960297,0.06568422750762588,0.519052819515593,0.41567326391708415
2026-07-20 12:45:00+03:00,0.5263092648490143,0.42963426066024873,0.4422077582936154,0.2676186406225973,0.4388811462124486,0.2611400761417503
2026-07-20 12:50:00+03:00,0.5000707736189669,0.3792109387660479,0.36883751386765085,0.1212221709338499,0.4474121489559197,0.2777341583224539
2026-07-20 12:55:00+03:00,0.5376217295718964,0.4514437270340187,0.3032337122545012,-0.02024899988671941,0.43731116622336896,0.2580788650056276
2026-07-20 13:00:00+03:00,0.46603457745845167,0.31376251099059316,0.3113520601526464,-0.0019421019913187926,0.43614965613624335,0.2558125321916817
2026-07-20 13:05:00+03:00,0.4456284135326561,0.27426983632276586,0.29535185773364786,-0.03828934185356361,0.43134524098919935,0.24642336018457078
2026-07-20 13:10:00+03:00,0.48376179437448064,0.3478875246069624,0.32260809376400607,0.023014448804948948,0.4382257033003241,0.2598623604661826
2026-07-20 13:15:00+03:00,0.4212924831018906,0.22669338152338533,0.4540301828364657,0.290565292640858,0.432389493177793,0.24846620638509884
2026-07-20 13:20:00+03:00,0.4209744920091652,0.2260672767758724,0.2753876550644377,-0.08529255826531676,0.4198325048083584,0.22381770630869596
2026-07-20 13:25:00+03:00,0.4087737697140216,0.2019418524688154,0.3079203835890882,-0.009647767740213212,0.4029771732136819,0.19040363303815672
2026-07-20 13:30:00+03:00,0.4022224872822079,0.1888975197069859,0.30546415111088626,-0.015192397817427344,0.39182007349786707,0.16803975127753548
2026-07-20 13:35:00+03:00,0.3439523354864851,0.06913234214697081,0.2730118280067724,-0.0910226684254381,0.3969488582103675,0.17834675947320983
2026-07-20 13:40:00+03:00,0.36499102161284097,0.11327393092127327,0.29170116854701356,-0.04673952502690687,0.34992529911736725,0.08178615451856047
2026-07-20 13:45:00+03:00,0.3286055522022207,0.036124368269070624,0.36080923817106303,0.10459231128405128,0.3393466910724184,0.059303834028284486
2026-07-20 13:50:00+03:00,0.3775677924674386,0.13913653905008708,0.41852835161745805,0.2212466186876162,0.3401586080798534,0.061041124760580615
2026-07-20 13:55:00+03:00,0.4671332411275782,0.31588135654090355,0.40467078524417266,0.19378022084550867,0.33306955018230466,0.04580297403917176
2026-07-20 14:00:00+03:00,0.4283599565888935,0.24057666226437482,0.4616259828015116,0.305253640656717,0.3177142356360664,0.012222165634979926
2026-07-20 14:05:00+03:00,0.36942011987579176,0.1224230149954787,0.5183052561661,0.41423597247947036,0.33521677052903265,0.050435251046452925
2026-07-20 14:10:00+03:00,0.40142267705947476,0.18730034311335236,0.40581112338672526,0.1960511820674376,0.34462432070985843,0.07056108753357923
2026-07-20 14:15:00+03:00,0.5109606346670502,0.4001223137671802,0.467405151329696,0.3164056576550237,0.38468037887057216,0.15361083439169296
2026-07-20 14:20:00+03:00,0.5080785582727328,0.3945868454544019,0.37255946989214905,0.12888033452762124,0.387486351405227,0.15929314040527823
2026-07-20 14:25:00+03:00,0.5138860785890843,0.40574250946888335,0.2630984931229323,-0.1152767869609218,0.33164513127056994,0.042721779607468126
2026-07-20 14:30:00+03:00,0.1254771850779543,-0.5528474474398258,0.7768139466972827,0.9777135429056826,0.26283655621207785,-0.11592547847215251
2026-07-20 14:35:00+03:00,0.06710412941608496,-0.8842759599099995,0.20278456460843505,-0.27801906667662885,0.23186500567913618,-0.19585924630167234
2026-07-20 14:40:00+03:00,0.0869337202393757,-0.7496943206013065,0.15684811206844235,-0.4282017043474957,0.2047640957003277,-0.2721629506637245
2026-07-20 14:45:00+03:00,0.08019495080233417,-0.7919518290801085,0.15328400722534172,-0.4412591265710185,0.20178995870174082,-0.28097753490163024
2026-07-20 14:50:00+03:00,0.14051952646013915,-0.490174099520768,0.11657382670437401,-0.593036116038719,0.1922218248438139,-0.3100134474105747
2026-07-20 14:55:00+03:00,0.1855725187915618,-0.3308459774992402,0.08073543877211647,-0.7884455900205272,0.25604166641492,-0.1329014877025237
2026-07-20 15:00:00+03:00,0.14191059674937162,-0.48466834436868644,0.06274266458907769,-0.9187718241903271,0.2511617413020678,-0.145276082138416
2026-07-20 15:05:00+03:00,0.17814564610790806,-0.35480797578160006,0.07665603778944433,-0.8154579177845143,0.25024486748253594,-0.14761883405121135
2026-07-20 15:10:00+03:00,0.1631813685343023,-0.4055826935733993,0.05179842825704437,-1.0163490747657482,0.24795360283217815,-0.15349850369938303
2026-07-20 15:15:00+03:00,0.15516687383372177,-0.43433055456295294,0.06252993925306186,-0.9205108883266648,0.2475094064903723,-0.1546425699702849
2026-07-20 15:20:00+03:00,0.17856035019001798,-0.3534496529146975,0.0499560633037413,-1.0346639924250176,0.2467282113596924,-0.15665795388657947
2026-07-20 15:25:00+03:00,0.208976082110097,-0.25984077853816145,0.03348876604910227,-1.2348758133176674,0.24579110805908969,-0.15908123094225546
2026-07-20 15:30:00+03:00,0.2642751334431785,-0.11236792227226933,0.053529595218404794,-0.9996924014985284,0.254023552635542,-0.1380000138944414
2026-07-20 15:35:00+03:00,0.2457322391298445,-0.15923366907262873,0.05228486103899817,-1.0116163005095138,0.2617776148025354,-0.11855221782463271
2026-07-20 15:40:00+03:00,0.26775047724958023,-0.10382430615097128,0.045178910440679065,-1.085316743548959,0.2903897090575473,-0.049790273951421736
2026-07-20 15:45:00+03:00,0.27314857309940815,-0.09069202090221372,0.05250555109021039,-1.0094827899804,0.275267036831742,-0.08558272790667586
2026-07-20 15:50:00+03:00,0.3370670918162816,0.054415225340910554,0.03807999510908056,-1.1709219127142987,0.344751810371495,0.07083200117673424
2026-07-20 15:55:00+03:00,0.3630636463835989,0.1092779369669882,0.02909305333258879,-1.3045932403382692,0.33704897212152807,0.054376302824376686
2026-07-20 16:00:00+03:00,0.3607011893854765,0.10436742119838245,0.040148183218600704,-1.1445031495114197,0.3121020044517528,-0.0002643637012756944
2026-07-20 16:05:00+03:00,0.3530500094524547,0.08836597157766096,0.05771490578934915,-0.9614313158848409,0.32021667530845177,0.0177516256979473
2026-07-20 16:10:00+03:00,0.4072583052607732,0.1989303085606636,0.05313190725088543,-1.0034733312971755,0.321633037827285,0.020871118539139165
2026-07-20 16:15:00+03:00,0.4004172757760755,0.1852911239738792,0.07996365193882453,-0.7934588987817148,0.3172466362126409,0.011186374519152421
2026-07-20 16:20:00+03:00,0.27624232829141177,-0.08323873440280731,0.083056314605224,-0.7736287747173617,0.2922802879372753,-0.0453949332951991
2026-07-20 16:25:00+03:00,0.3836593023818384,0.15153924118176404,0.11583436237442934,-0.5964921288190812,0.318549867725378,0.01407116951329419
2026-07-20 16:30:00+03:00,0.3838545313178795,0.1519354883294365,0.1029921655325947,-0.659816211120442,0.3213741051027826,0.020301369214098385
2026-07-20 16:35:00+03:00,0.4410145342212115,0.2652960338490604,0.06414966498912225,-0.9074059458512,0.3757416129590737,0.13540315851031004
2026-07-20 16:40:00+03:00,0.41202945619269504,0.2084000192177336,0.07042090408472682,-0.8594095865784609,0.32671804308428604,0.032011861845325056
2026-07-20 16:45:00+03:00,0.4469467376325194,0.27683050636843964,0.12067263776024148,-0.5742171847314425,0.33981581588677273,0.06030788459615811
2026-07-20 16:50:00+03:00,0.3658912342860533,0.11513724546493975,0.12212408438469394,-0.5676854126389154,0.32322626097912366,0.024371522250396394
2026-07-20 16:55:00+03:00,0.4763206252980706,0.3335777749904953,0.19803564381630132,-0.2922441477017724,0.32377178750112934,0.025568000402883623
2026-07-20 17:00:00+03:00,0.32340993825388165,0.024774490739037244,0.10374490369558508,-0.655917926436426,0.3191645335133882,0.015429592343086109
2026-07-20 17:05:00+03:00,0.2719162254207062,-0.09367556355506253,0.047331411221317635,-1.0618930205047241,0.2935229332596215,-0.04251504061957538
2026-07-20 17:10:00+03:00,0.28286085021400814,-0.06746473366335935,0.04247871789884267,-1.1162525185368444,0.2842629440968126,-0.0641520386981132
2026-07-20 17:15:00+03:00,0.5109978259694515,0.4001937537042134,0.10183406365247875,-0.6658633380227525,0.2989127586820587,-0.030105248141894525
2026-07-20 17:20:00+03:00,0.34476858476522354,0.07086764298005967,0.07394376450017683,-0.8341566350215458,0.27426843865465456,-0.08798807918120496
2026-07-20 17:25:00+03:00,0.3987479301289688,0.18195134943552035,0.07259613974145815,-0.8436830919741386,0.3018647679067684,-0.02336291638169002
2026-07-20 17:30:00+03:00,0.3977656663131911,0.1799839879964394,0.08286910509535976,-0.7748098793651554,0.3030069061826362,-0.02076436151223225
2026-07-20 17:35:00+03:00,0.35069759827653335,0.08341491182857663,0.09502739831999042,-0.7026924403506134,0.3065173584984581,-0.012811883009362639
2026-07-20 17:40:00+03:00,0.29470430826324007,-0.039783746256783895,0.10062269567794037,-0.6722541986285864,0.28956988963461816,-0.05170149183759919
2026-07-20 17:45:00+03:00,0.3592583236913905,0.10136145020969296,0.13180336705936693,-0.5257533931990043,0.30884077556447265,-0.007576438696851722
2026-07-20 17:50:00+03:00,0.5093917548769034,0.3971088902309538,0.12194252039308097,-0.5684988116011298,0.3177394832837793,0.012278069128130535
2026-07-20 17:55:00+03:00,0.4802619199225662,0.34115919995825345,0.15152662881410722,-0.4477890978803395,0.3213202553157682,0.020182849098120702
2026-07-21 09:55:00+03:00,0.4732831191169981,0.3277310433655717,0.34099768902110095,0.06283442966114333,0.43040148254669913,0.2445760804700401
2026-07-21 10:00:00+03:00,0.16195842681986483,-0.4098943983268014,0.3354690975038299,0.050978635412193676,0.24102701433557336,-0.1714984255384248
2026-07-21 10:05:00+03:00,0.3008983138406991,-0.02556612195408902,0.2496849489242482,-0.14905232384451877,0.3020123020455365,-0.02302693860422089
2026-07-21 10:10:00+03:00,0.4304423616418101,0.24465611618967403,0.1719695928921328,-0.3753372759669787,0.3153474398279863,0.00697097737105481
2026-07-21 10:15:00+03:00,0.4442617786588879,0.27161375941675575,0.21438941109942738,-0.24426939589646696,0.3165319376157049,0.009601646842993463
2026-07-21 10:20:00+03:00,0.47357600968656455,0.3282949715267144,0.20366349708836415,-0.27541366311817644,0.34463295428687657,0.07057943525648765
2026-07-21 10:25:00+03:00,0.3766827266062611,0.1373280344063026,0.46199757189975893,0.3059712598058639,0.32676617889806403,0.03211689151164052
2026-07-21 10:30:00+03:00,0.2682850266585951,-0.10251646775372658,0.4581938239125895,0.29862139813491234,0.2911116788661557,-0.04810980785621984
2026-07-21 10:35:00+03:00,0.2992276584219687,-0.029384215563338627,0.48003645103812775,0.3407256272605687,0.294046448344577,-0.041303903745058206
2026-07-21 10:40:00+03:00,0.35294426142238966,0.08814373009176776,0.32888099953490546,0.03672350133801813,0.2747661720830645,-0.08678849606597284
2026-07-21 10:45:00+03:00,0.3143207193697502,0.004686403301580403,0.32188421910108733,0.021423581318536444,0.258447782799935,-0.12685703357447017
2026-07-21 10:50:00+03:00,0.2278933839607174,-0.20662757051594932,0.3848251368779746,0.1539043569010393,0.2460823970115234,-0.15832731474565911
2026-07-21 10:55:00+03:00,0.3595039159167735,0.10187347367435592,0.37053829021461016,0.12472555003179049,0.261170647395689,-0.12006091233071899
2026-07-21 11:00:00+03:00,0.6514529002512089,0.6792746767125508,0.41192158670839124,0.20818629092566676,0.30256928908350217,-0.021759356691245714
2026-07-21 11:05:00+03:00,0.4613045168558716,0.30463275377815713,0.2997481498678162,-0.028193387715985424,0.2713889563367627,-0.0949546803733062
2026-07-21 11:10:00+03:00,0.4357051616072203,0.2549448763286022,0.3114884735567478,-0.00163676025445951,0.2711139850602386,-0.09562235949158343
2026-07-21 11:15:00+03:00,0.28149219403043024,-0.07070803055220651,0.13443738073186137,-0.5147972611818501,0.27144868663706834,-0.09480970073242592
2026-07-21 11:20:00+03:00,0.3196420549839355,0.016483964572506477,0.14465150823789094,-0.47395044921274854,0.2738807412356228,-0.08892340392153683
2026-07-21 11:25:00+03:00,0.32422253324486683,0.026555807611833945,0.1348038300922381,-0.5132874371285349,0.28527242162681676,-0.061773066318884115
2026-07-21 11:30:00+03:00,0.5994937667466322,0.5726811475782684,0.2095158639834994,-0.258274928390271,0.31703889113744416,0.01072593111639865
2026-07-21 11:35:00+03:00,0.5393617985178304,0.4548044956673699,0.19948917762121618,-0.2878632675897212,0.3124290269602418,0.00046654490556055834
2026-07-21 11:40:00+03:00,0.3174814521456014,0.011706623123210264,0.1306606229211237,-0.5305644232939205,0.29838610346705885,-0.03131211637770113
2026-07-21 11:45:00+03:00,0.30299800459629006,-0.02078459264691603,0.13842591272436536,-0.49854707699241796,0.29498112252356007,-0.03914468525926882
2026-07-21 11:50:00+03:00,0.33977705620178417,0.060224954191676665,0.22517906432880855,-0.21406319929366274,0.30083315944823025,-0.02571479786587239
2026-07-21 11:55:00+03:00,0.26712533764977997,-0.10535588719818381,0.2000976817839418,-0.28603638456800784,0.3018211667785439,-0.023462226563607587
2026-07-21 12:00:00+03:00,0.28690932516758416,-0.05792619836445827,0.17024290827118146,-0.3811808909186851,0.3008092446849184,-0.025769373604604358
2026-07-21 12:05:00+03:00,0.2892422762687184,-0.05246614191112807,0.19023206403818074,-0.3161887543876343,0.30451190784022664,-0.017348668747023687
2026-07-21 12:10:00+03:00,0.4147131489934862,0.2137120503251973,0.20939218412171537,-0.2586334483912537,0.3019335005440591,-0.02320638075587776
2026-07-21 12:15:00+03:00,0.28300555064008254,-0.06712239455250925,0.31132666953614574,-0.001998943314702309,0.29998623567828225,-0.027649067610636915
2026-07-21 12:20:00+03:00,0.348179276942679,0.07809770308181735,0.3557569184573186,0.09404463755829348,0.30425942986952104,-0.0179210178627766
2026-07-21 12:25:00+03:00,0.34582139828400427,0.07310299534344192,0.37826660613393853,0.1405632856977551,0.30425942986952104,-0.0179210178627766
2026-07-21 12:30:00+03:00,0.3319554246415133,0.0433935482281954,0.27069239251775556,-0.09664688765129181,0.3031903774804385,-0.020347450784644627
2026-07-21 12:35:00+03:00,0.44781222168561,0.27851080450468135,0.36742788655071107,0.11831343255981958,0.31359161487691156,0.0030616057106551326
2026-07-21 12:40:00+03:00,0.2772432819767334,-0.08083837942955568,0.41118309930970803,0.20672262995263657,0.31316589803037753,0.002111954062766853
2026-07-21 12:45:00+03:00,0.23887507799204466,-0.17716209262525615,0.33471885498377174,0.04936239801936223,0.31454721128046015,0.005190720980225696
2026-07-21 12:50:00+03:00,0.7718531748487573,0.9640866042249209,0.46019040133497613,0.3024804404792152,0.4516280571848851,0.2859119021423441
2026-07-21 12:55:00+03:00,0.5856649818098765,0.5451859116904249,0.48570399851265433,0.35161994661449536,0.35706425118048934,0.09678026682093524
2026-07-21 13:00:00+03:00,0.7141108901263784,0.8184723586984045,0.5307078043014204,0.43810684159102625,0.4239658450806934,0.23195203863353953
2026-07-21 13:05:00+03:00,0.40622590891955185,0.1968767163471034,0.3602238093645873,0.10337346233593478,0.3235102565256122,0.02499452795585251
2026-07-21 13:10:00+03:00,0.3950253373286335,0.17448664180500031,0.26526913568502586,-0.10991703266913788,0.3303122537729141,0.03983255756913809
2026-07-21 13:15:00+03:00,0.39250701746568184,0.16942299167810426,0.3546083988654156,0.09163761334651974,0.3532216270023908,0.08872658099029601
2026-07-21 13:20:00+03:00,0.4266070916458137,0.2371389319265592,0.29233556180235615,-0.04526668100137024,0.33555344012071847,0.05116022149918514
2026-07-21 13:25:00+03:00,0.33900026645677006,0.058561960883406414,0.30027001233165257,-0.02700060986829589,0.3372824186112069,0.05487768539304005
2026-07-21 13:30:00+03:00,0.3376007602675341,0.055561126260790177,0.19772735422187596,-0.2931764257132546,0.3561901179377565,0.09495161561391142
2026-07-21 13:35:00+03:00,0.35788657891452125,0.09849872663801058,0.2254056772473662,-0.21343999476077385,0.37528993384546866,0.13447865062582992
2026-07-21 13:40:00+03:00,0.36925483817702665,0.12208242287319385,0.23490181356219905,-0.18771212499604772,0.38190714006161075,0.14797953192195806
2026-07-21 13:45:00+03:00,0.44392870986856414,0.27096618799664957,0.1765407728516624,-0.3600880518618161,0.41701989736490214,0.2182699554222252
2026-07-21 13:50:00+03:00,0.46263994933480707,0.3072116381239774,0.18716551350227342,-0.32580348166294293,0.41889971253503533,0.2219789693734827
2026-07-21 13:55:00+03:00,0.4479758637134435,0.2788284387840602,0.15855442205254885,-0.4220358903056244,0.4108393487650785,0.2060410560662779
2026-07-21 14:00:00+03:00,0.308296073468544,-0.008801869147985945,0.2614427125225155,-0.11938438016091665,0.4371510981379399,0.25776662119322025
2026-07-21 14:05:00+03:00,0.5064962049622777,0.39154815608300725,0.2667950132708051,-0.10616609579954953,0.42039180046376673,0.22491965779112671
2026-07-21 14:10:00+03:00,0.2104098626657932,-0.25568804029572867,0.27508556501979925,-0.08601944078881343,0.4485369644987683,0.27991738729977755
2026-07-21 14:15:00+03:00,0.24055795525853294,-0.17272998235936854,0.3247323212801034,0.027672145277455484,0.4682264726661581,0.31798911573211314
2026-07-21 14:20:00+03:00,0.35970005872369165,0.10228229219639066,0.26396578357688133,-0.1131318836929065,0.4751674022504002,0.33135841881457695
2026-07-21 14:25:00+03:00,0.3350463471102514,0.050068130692900045,0.2548504141360664,-0.13590783555672267,0.5214577663129495,0.42029824378463393
2026-07-21 14:30:00+03:00,0.3940013135644454,0.17242897910267993,0.1681496182039865,-0.3883287350559032,0.5887007946924969,0.5511973126282796
2026-07-21 14:35:00+03:00,0.3786551862097376,0.14135619098794655,0.1804347414781748,-0.34734086063313574,0.5186652448321077,0.41492807921162217
2026-07-21 14:40:00+03:00,0.3815722639976134,0.14729848714419608,0.14227631369632324,-0.4832283477753542,0.48852871557952016,0.3570468836082168
2026-07-21 14:45:00+03:00,0.3944671733008931,0.17336530358692512,0.13582661056591513,-0.5090916834142327,0.4917634098838662,0.36325977403228443
2026-07-21 14:50:00+03:00,0.054618547295379266,-0.9894734418646479,0.591981857903144,0.5577094164061676,0.3377677242676228,0.05591945132960672
2026-07-21 14:55:00+03:00,0.21402945061949072,-0.24529585046729038,0.5427518588422019,0.4613574566219976,0.3410190508810372,0.06288005691746194
2026-07-21 15:00:00+03:00,0.19136409758859754,-0.31266942703313033,0.6238999579675404,0.6220136286672613,0.40049667682776097,0.18544986174083275
2026-07-21 15:05:00+03:00,0.3325258266376799,0.044627614877298986,0.6703343690785468,0.7197213392980665,0.4300935256463973,0.24397308286509867
2026-07-21 15:10:00+03:00,0.20604337206627546,-0.2684007592690434,0.6684816406499529,0.7157028796511367,0.3432334291908493,0.06760236411932753
2026-07-21 15:15:00+03:00,0.19693986483929526,-0.2955628038784065,0.6234647094564851,0.6211235067186079,0.5054602427482949,0.3895588739589993
2026-07-21 15:20:00+03:00,0.22743067065155304,-0.2078906897591327,0.7470447661833601,0.8988599188363913,0.5188206539835075,0.4152268770895802
2026-07-21 15:25:00+03:00,0.021011460203636503,-1.4647751258670492,0.6171958196951626,0.6083473733797196,0.0577685536752948,-0.9609580304678979
2026-07-21 15:30:00+03:00,0.005561162982766475,-2.110320081160544,0.4495265018587118,0.2818372004105607,0.018810291860212037,-1.5189704273791116
2026-07-21 15:35:00+03:00,0.018203034369023076,-1.5350186109917563,0.46563897481128497,0.3129994105844583,0.015770493965931758,-1.6050594707720967
2026-07-21 15:40:00+03:00,0.01914755498979683,-1.5102756114007405,0.39685605978713095,0.1781606795664895,0.015166547393273035,-1.6240967415056624
2026-07-21 15:45:00+03:00,0.02342461816960424,-1.4114064748092066,0.4358977675819012,0.2553208689733461,0.04651060988083117,-1.0707031560403264
2026-07-21 15:50:00+03:00,0.02055716022187078,-1.4754897243519143,0.29190128957631306,-0.04627470943927503,0.013814737595355566,-1.6695649788453708
2026-07-21 15:55:00+03:00,0.010786505130328285,-1.7898048511792497,0.30245902500683935,-0.022010188827262578,0.03718394426931577,-1.1827983038206134
2026-07-21 16:00:00+03:00,0.017963512069918898,-1.5414934759135093,0.30458410278205444,-0.01718505714984432,0.044670311144779894,-1.0910064313430674
2026-07-21 16:05:00+03:00,0.017412055842446098,-1.5567288409433402,0.24332663210148586,-0.16548408553659621,0.04653020825331766,-1.0704910781885055
2026-07-21 16:10:00+03:00,0.01861043572218001,-1.5241952593429073,0.300905966467845,-0.02554866061552441,0.040623620119624816,-1.138614692280832
2026-07-21 16:15:00+03:00,0.01407167923142745,-1.6605945710846175,0.6200200092609612,0.6140930137502845,0.10543417362388847,-0.6472597319822999
2026-07-21 16:20:00+03:00,0.011910099855627385,-1.7416969034422103,0.5484153026405055,0.4723222475645086,0.10146586634175574,-0.6677986832474729
2026-07-21 16:25:00+03:00,0.036377511997597776,-1.1937245102510243,0.5946837098408284,0.5630841323825225,0.07027975153468931,-0.8604455242978571
2026-07-21 16:30:00+03:00,0.02656902108682069,-1.3494000101586499,0.2139358122231862,-0.24556307328218113,0.06060066238076466,-0.9365403186551743
2026-07-21 16:35:00+03:00,0.034244138490810566,-1.223794227989415,0.4196687472049203,0.2234949864627277,0.05871861097994996,-0.9526441756997204
2026-07-21 16:40:00+03:00,0.051810248861477365,-1.0162335684271158,0.24565662209334432,-0.15942951171388792,0.07718938495305762,-0.8118525533058487
2026-07-21 16:45:00+03:00,0.058597554651567206,-0.9536964830622101,0.3898263935731408,0.16402033779968705,0.11387647565543212,-0.6057361602347996
2026-07-21 16:50:00+03:00,0.0555303084946561,-0.981063884972954,0.6136380560313995,0.6011321447548581,0.10190068876583971,-0.6655138014600852
2026-07-21 16:55:00+03:00,0.041279845937519946,-1.1305945937360118,0.6888342031196347,0.7605092575907858,0.1042159664735218,-0.6534910896984293
2026-07-21 17:00:00+03:00,0.0750422380669717,-0.8265089155856467,0.3940800858004031,0.17258732939361499,0.07265348138342365,-0.8432744340837972
2026-07-21 17:05:00+03:00,0.09490059354709907,-0.7034006160987905,0.2598657869476831,-0.1233120055282918,0.07717365716706197,-0.8119585441144294
2026-07-21 17:10:00+03:00,0.0483028284775375,-1.0516519233916937,0.3188429870457561,0.014719142401712806,0.09233019871208395,-0.7179416413361611
2026-07-21 17:15:00+03:00,0.07977246765266485,-0.7947076024061189,0.3305622725022151,0.04037496108401541,0.09851280467818549,-0.683550471285101
2026-07-21 17:20:00+03:00,0.03855047834017401,-1.1647931137312801,0.6424031306588254,0.6602566078046352,0.10131399450429311,-0.6685987780385091
2026-07-21 17:25:00+03:00,0.0725122286285093,-0.8442816396451384,0.3128369601294154,0.0013777073326448203,0.11185645295216481,-0.615419894593979
2026-07-21 17:30:00+03:00,0.54490075669496,0.46551518626899047,0.28386720903607354,-0.065086031262415,0.2479132055730585,-0.15360249350980593
2026-07-21 17:35:00+03:00,0.4623445733565072,0.30664132124793386,0.19588356164218068,-0.2987751230855439,0.19925357163651966,-0.28857173955643173
2026-07-21 17:40:00+03:00,0.4515211651011345,0.2857047312651496,0.23784449785094625,-0.17988686152310668,0.19079060388264163,-0.31445034101999636
2026-07-21 17:45:00+03:00,0.3729788782681738,0.12974132823456166,0.23171416085438315,-0.19626586425386894,0.24032154994034186,-0.17335130760235565
2026-07-21 17:50:00+03:00,0.42815591140044107,0.24017667051883357,0.23607466121103646,-0.18458518789402928,0.26200672519827606,-0.1179833220362758
2026-07-21 17:55:00+03:00,0.41002446018196037,0.2044246387747422,0.2954012338055146,-0.03817547071497368,0.18336069232279487,-0.33790307416721893
2026-07-22 09:55:00+03:00,0.35420633895900155,0.0907941626080833,0.0329591822849934,-1.242789818463889,0.08391038862266922,-0.7682709441204782
2026-07-22 10:00:00+03:00,0.011267200492900377,-1.7686440495614482,0.03855646292661912,-1.1647156183609741,0.023590019128599433,-1.407947894104241
2026-07-22 10:05:00+03:00,0.012915335256354113,-1.7023155877869012,0.07674502673278749,-0.8148547677452378,0.01913844690631956,-1.5105084427862514
2026-07-22 10:10:00+03:00,0.031721445900818025,-1.2617762265710022,0.1735270144662384,-0.37010624353481225,0.057559487338531,-0.9628047633993684
2026-07-22 10:15:00+03:00,0.01315765006490004,-1.6932757494051944,0.20171146266395623,-0.28121148560466946,0.0930168291658231,-0.7140220943487536
2026-07-22 10:20:00+03:00,0.008331084260520812,-1.9149767195839458,0.23716500744296745,-0.18168782267898526,0.06011120716411176,-0.9406828144039604
2026-07-22 10:25:00+03:00,0.010566862481397769,-1.7997861585393509,0.21186398871441278,-0.2514975210317391,0.08917498539320574,-0.7362967798597333
2026-07-22 10:30:00+03:00,0.04092319171837204,-1.1349381925540918,0.1622236906919649,-0.40895693879065675,0.06883805478699954,-0.8711379689184154
2026-07-22 10:35:00+03:00,0.046360634999399054,-1.0723288838155125,0.13691413123508497,-0.5046594544390153,0.07926087243261225,-0.7980625363523502
2026-07-22 10:40:00+03:00,0.019871256282983325,-1.492114143679423,0.13899259692505372,-0.496270320224952,0.07201176033138382,-0.8478648567199589
2026-07-22 10:45:00+03:00,0.043795763996068625,-1.100935950121287,0.04873176551568002,-1.0471919838259962,0.054232749190220995,-0.9930717035498305
2026-07-22 10:50:00+03:00,0.052796159873910876,-1.0066862276042756,0.05285303462729263,-1.0061406165147382,0.05506754600732347,-0.9853157518140564
2026-07-22 10:55:00+03:00,0.03911030771367639,-1.1575932989317257,0.15718075714117008,-0.426995414304037,0.06396647119882891,-0.9088725689211634
2026-07-22 11:00:00+03:00,0.034835343844919715,-1.2152843105963167,0.12733501714900697,-0.5447720128074149,0.07539100623425897,-0.8241022599824552
2026-07-22 11:05:00+03:00,0.04138246232416157,-1.1293515081993286,0.16548717781322475,-0.39752336482559136,0.05607901380525223,-0.9760653772349492
2026-07-22 11:10:00+03:00,0.046607274282553735,-1.0696579546208573,0.2409380231460154,-0.1717319540582315,0.09096342157983114,-0.7258223115282569
2026-07-22 11:15:00+03:00,0.03744715380643644,-1.179281405679327,0.4622620399844755,0.3064819553283141,0.09158204659734814,-0.7222422985526271
2026-07-22 11:20:00+03:00,0.060032324431228225,-0.9413533890696754,0.5959287322123649,0.5655646407833275,0.08934434210270022,-0.7352968191502969
2026-07-22 11:25:00+03:00,0.09444849174954129,-0.7059324153184351,0.631827058676102,0.6382986960865384,0.09587390984835703,-0.6979864123104239
2026-07-22 11:30:00+03:00,0.07769341738331362,-0.8084662725629024,0.35929356437479215,0.10143493126441701,0.1250716908416067,-0.5546236028604206
2026-07-22 11:35:00+03:00,0.08658082962032558,-0.7518321781605604,0.12883660970833982,-0.5383182661654757,0.14046864064074885,-0.4903763642224977
2026-07-22 11:40:00+03:00,0.16481428950119645,-0.39986589471747486,0.14731618653712175,-0.46369122613897473,0.14524668093857582,-0.47164547390477374
2026-07-22 11:45:00+03:00,0.10607207665714045,-0.6440220407151904,0.13429736350188276,-0.5153750701827137,0.1410242519364216,-0.4881711894957115
2026-07-22 11:50:00+03:00,0.10125365197860763,-0.6689169713733407,0.14470630134991824,-0.4737379184483427,0.1348535667462875,-0.5130827821325523
2026-07-22 11:55:00+03:00,0.059836587900132875,-0.9430208964890036,0.10001764088336922,-0.6754719307375664,0.13180655663038254,-0.5257400145134833
2026-07-22 12:00:00+03:00,0.04650758958624605,-1.0707358468025547,0.1587081724555679,-0.4214829588576622,0.09614491819389807,-0.6964876408059822
2026-07-22 12:05:00+03:00,0.06001003265739873,-0.9415430388193272,0.13113243576487912,-0.5285737463716278,0.10324755899087389,-0.6584907607641685
2026-07-22 12:10:00+03:00,0.08081353905786262,-0.7879407118484141,0.1330680590431622,-0.5204700224500621,0.10545308832644777,-0.6471634817733469
2026-07-22 12:15:00+03:00,0.08911439996107955,-0.7366549204690681,0.10189204516414434,-0.6655591371074501,0.11970237694629829,-0.5786214284965411
2026-07-22 12:20:00+03:00,0.09192786698493498,-0.7202504848415431,0.06618030720399459,-0.8914049420159452,0.12778119487979572,-0.5428476190819915
2026-07-22 12:25:00+03:00,0.11353410984068917,-0.6073668151998683,0.06903416371400144,-0.8696714029174418,0.3083299586947681,-0.00872560171043602
2026-07-22 12:30:00+03:00,0.10091242650340797,-0.670719466838802,0.02473112610800037,-1.384712512637427,0.3017794935461025,-0.023557153194579697
2026-07-22 12:35:00+03:00,0.5766956977394846,0.5274985405011047,0.04694910594214243,-1.0659783007429924,0.32840232031843725,0.03568214862319177
2026-07-22 12:40:00+03:00,0.5141226341776426,0.4061970412690665,0.03406173926648631,-1.2264483309655292,0.24849305729614746,-0.1521109375030713
2026-07-22 12:45:00+03:00,0.33298205702236927,0.045613906307058624,0.055636335693937375,-0.9800944035436272,0.3876282667262702,0.15958012469853539
2026-07-22 12:50:00+03:00,0.1270242633447959,-0.5461157192860607,0.028290021560369312,-1.3184250659213714,0.3252137891390675,0.028725632145398524
2026-07-22 12:55:00+03:00,0.20373205379204554,-0.27521079399860937,0.04570291467442353,-1.0795181888559873,0.34002354499416315,0.06075226459073464
2026-07-22 13:00:00+03:00,0.18929574488925127,-0.31911176008880127,0.05081345588222814,-1.0260625153635692,0.35138524678740846,0.08486375539560578
2026-07-22 13:05:00+03:00,0.2208245215597982,-0.22612620112326887,0.07000609192885102,-0.8624594404476426,0.3746480713484282,0.1331641058404725
2026-07-22 13:10:00+03:00,0.2102436733022221,-0.2561683169828469,0.06298137653836855,-0.9168268537668887,0.3609233534486854,0.1048297961726477
2026-07-22 13:15:00+03:00,0.34753177134112945,0.07672766976683519,0.05830671734386423,-0.9562330036951683,0.43964989947738137,0.26263814893310344
2026-07-22 13:20:00+03:00,0.27960987454205655,-0.07518426620449188,0.0653305278252834,-0.8980446646494262,0.437885316031978,0.25919864644927393
2026-07-22 13:25:00+03:00,0.36441807542644744,0.11208699519203125,0.20401740062906568,-0.27436695703572006,0.44526267814850573,0.27355918198726553
2026-07-22 13:30:00+03:00,0.43057833827310343,0.2449223266256021,0.11678248056757416,-0.5920643801530573,0.4848465065178778,0.34997217424506466
2026-07-22 13:35:00+03:00,0.41917016953962455,0.22251221613046382,0.230028565695928,-0.20082220272442736,0.4602443450845113,0.3025846696895212
2026-07-22 13:40:00+03:00,0.4111403255321311,0.20663782931296135,0.22826242376504288,-0.20562145735724258,0.45158826617213904,0.28583478295282383
2026-07-22 13:45:00+03:00,0.47409151078529416,0.3292874266612411,0.2743267155059505,-0.0878475567147615,0.4507726820202959,0.28425382886843126
2026-07-22 13:50:00+03:00,0.5488661614720761,0.4731961449272739,0.3112504312967962,-0.002169631176497197,0.4419133963672283,0.2670457878189418
2026-07-22 13:55:00+03:00,0.6270519571809293,0.6284720734879561,0.30461978408510804,-0.017104202538788277,0.4513813900434901,0.28543381578768473
2026-07-22 14:00:00+03:00,0.6254036924193475,0.6250920601947371,0.26604647253722546,-0.10800445684531665,0.4674285985712301,0.31645086720630267
2026-07-22 14:05:00+03:00,0.6486465665130161,0.6733533587613773,0.34854799306478446,0.07887732539514183,0.45838586738197024,0.29899269609729273
2026-07-22 14:10:00+03:00,0.6114334572334594,0.5966735539298442,0.23834117497359553,-0.1785726776822691,0.4559629554452655,0.29430643466423095
2026-07-22 14:15:00+03:00,0.5605204180673041,0.49584381440676595,0.31737460200919265,0.011469915856376953,0.4616517408474493,0.30530338767756326
2026-07-22 14:20:00+03:00,0.5912745492069549,0.5563042275346357,0.2883409289129711,-0.05457254386196425,0.46490965936175477,0.31159237332938206
2026-07-22 14:25:00+03:00,0.5521945177459735,0.4796523911346304,0.3315270910328401,0.04246614566934913,0.46637996087435074,0.3144286732588137
2026-07-22 14:30:00+03:00,0.5140901517782513,0.4061346269637512,0.30308336768707145,-0.02059059699542007,0.47593732614478484,0.3328401780276756
2026-07-22 14:35:00+03:00,0.6108308522166291,0.5954564550303157,0.29300378053819115,-0.0437173328439423,0.481672979234037,0.34387229812029524
2026-07-22 14:40:00+03:00,0.6655894490443113,0.7094524123628948,0.28400781574597733,-0.06475408897278723,0.48177825390671675,0.34407469072745
2026-07-22 14:45:00+03:00,0.3930999989032482,0.1706163387699295,0.4021507282583947,0.18875426348078728,0.47448432053697026,0.33004360196993493
2026-07-22 14:50:00+03:00,0.5447373750509866,0.4651989605897493,0.3179593629267696,0.012764827675385754,0.4554041065503669,0.2932249761495791
2026-07-22 14:55:00+03:00,0.4908592347663203,0.3615232769644282,0.2761032442962522,-0.08357269221236788,0.44225542745982666,0.26771140134190946
2026-07-22 15:00:00+03:00,0.4957149667602184,0.3708478001684562,0.24078313232358473,-0.1721385552592633,0.4020945654784304,0.18864213700046886
2026-07-22 15:05:00+03:00,0.28779367383029875,-0.055853361285693535,0.339482316983625,0.05959417843958937,0.3210426676650193,0.019571729479812658
2026-07-22 15:10:00+03:00,0.4211999592762939,0.22651122113086722,0.3662545741338487,0.11588875827089237,0.33492254397185434,0.04980138007070279
2026-07-22 15:15:00+03:00,0.42812139714167874,0.24010900715294686,0.4441134846354948,0.2713254497449409,0.38365635399134784,0.15153325638672385
2026-07-22 15:20:00+03:00,0.4110501534519173,0.2064590510119249,0.35895341242579537,0.10072554128290032,0.37993619250459754,0.14396786602778525
2026-07-22 15:25:00+03:00,0.3356405573708808,0.05134775753645741,0.35775229169811074,0.09821821956266162,0.30705139732225695,-0.011606565238379085
2026-07-22 15:30:00+03:00,0.1095795563145215,-0.6265200595381714,0.2274108221274833,-0.20794491298168727,0.2083732187589345,-0.2615931435857485
2026-07-22 15:35:00+03:00,0.15757361150800714,-0.42557345548420855,0.251807984316174,-0.14362824670020544,0.22335534713027166,-0.21909486407387788
2026-07-22 15:40:00+03:00,0.11761961395315165,-0.5881807915058005,0.19114341614620348,-0.31335424292585806,0.20224955894828733,-0.2796090984092927
2026-07-22 15:45:00+03:00,0.13659991229725663,-0.505937010778698,0.16165693536212197,-0.4109613936982003,0.21707523820204896,-0.23664977730544978
2026-07-22 15:50:00+03:00,0.1554081912689863,-0.4334475285243377,0.1411445255729647,-0.4876947900625026,0.24593118722325885,-0.1587186019199599
2026-07-22 15:55:00+03:00,0.2332527913536434,-0.192126954175867,0.17789064442754396,-0.35564443896388565,0.2765008986186699,-0.08261815135400624
2026-07-22 16:00:00+03:00,0.1258294052428895,-0.5513086298778455,0.2359458392148948,-0.18492811503928858,0.24790992590863017,-0.15361093645440474
2026-07-22 16:05:00+03:00,0.13769108246491868,-0.5015110702551125,0.22390570984437166,-0.21757333636244125,0.22589143173139306,-0.21210562401960822
2026-07-22 16:10:00+03:00,0.14411682486528107,-0.4760278914197842,0.20321042648273563,-0.27675564375266415,0.20310959997083372,-0.27705459173498453
2026-07-22 16:15:00+03:00,0.17069894277918876,-0.3796329790845488,0.22058654735582917,-0.22679031924199666,0.21547248555877163,-0.2411884613847934
2026-07-22 16:20:00+03:00,0.2041283940701746,-0.2740389607474288,0.16891005126956812,-0.38572397110014384,0.20404682206399538,-0.2742800009448217
2026-07-22 16:25:00+03:00,0.13678207856641494,-0.5051960553726346,0.2671559019974883,-0.10528095218635347,0.20692537462669375,-0.2658169649812346
2026-07-22 16:30:00+03:00,0.07452978212392238,-0.8300638024258127,0.18393327045303387,-0.3360699010591931,0.18957242038111186,-0.3182468827367506
2026-07-22 16:35:00+03:00,0.05747418379717265,-0.9635600795640602,0.16352929968916186,-0.4043607551574291,0.19124592029162785,-0.3130360783064059
2026-07-22 16:40:00+03:00,0.06140128420676267,-0.9298312597817705,0.20961273123325305,-0.25799424070455995,0.18990945093560835,-0.317194643090826
2026-07-22 16:45:00+03:00,0.11286351034340115,-0.6105732798155841,0.21224972612238852,-0.2503894314258859,0.1907443841391053,-0.3145940487294291
2026-07-22 16:50:00+03:00,0.09205991711994083,-0.7194916952192864,0.12905533061703828,-0.5373835758291846,0.18743997113201966,-0.32493805021907995
2026-07-22 16:55:00+03:00,0.12404253155364008,-0.5591538161410164,0.145776517138908,-0.4696001199122056,0.18023894955261568,-0.3479766381408346
2026-07-22 17:00:00+03:00,0.131554263982264,-0.5267991076882292,0.19806156309502976,-0.2921658167671323,0.1830952516593957,-0.3387544182354301
2026-07-22 17:05:00+03:00,0.11629161299543342,-0.594352837322224,0.19677559494661725,-0.2960615083540983,0.18197831592144112,-0.3423472834218184
2026-07-22 17:10:00+03:00,0.06474702380140916,-0.9026505258940916,0.21608927666256383,-0.23943894433961432,0.1821276887827598,-0.341865802658267
2026-07-22 17:15:00+03:00,0.04542391558848946,-1.082597623260627,0.11189515076522895,-0.6152329526345879,0.18427740752997068,-0.33497023372622414
2026-07-22 17:20:00+03:00,0.07892207584389885,-0.8002952020771765,0.1113311785926749,-0.6179630063363917,0.20114162579967843,-0.2829118790912523
2026-07-22 17:25:00+03:00,0.06399304512131322,-0.9086595794852816,0.1331097431958012,-0.5202966081902184,0.18559461749332062,-0.3307757978906701
2026-07-22 17:30:00+03:00,0.07160493335387134,-0.8507945925605487,0.12404983356738879,-0.5591215603080485,0.20142810919894802,-0.28205656286664343
2026-07-22 17:35:00+03:00,0.066581927099661,-0.8882944255784256,0.08318926031175239,-0.7727914896380673,0.1894228643226508,-0.31871426923689317
2026-07-22 17:40:00+03:00,0.06541209231077993,-0.8974038903487194,0.17534572395714548,-0.3640443368140719,0.20504015880245183,-0.2713496116838932
2026-07-22 17:45:00+03:00,0.041810280509648426,-1.1242005355659899,0.21235663283793837,-0.25008258601523403,0.1823554051471515,-0.3411323837855829
2026-07-22 17:50:00+03:00,0.2224192531651604,-0.22168892905882479,0.4464389621253058,0.2758443932570449,0.28601770131293447,-0.060019957283028565
2026-07-22 17:55:00+03:00,0.23098789318709506,-0.19822618771342804,0.49146492167150485,0.3626865299276603,0.27696456853209017,-0.08150621512918421
2026-07-23 09:55:00+03:00,0.3574280981077906,0.09754083247797016,0.25205363146815374,-0.1430026147210173,0.31952142602184225,0.01621769355000301
2026-07-23 10:00:00+03:00,0.34355650984768094,0.0682901338767116,0.3616863437149315,0.10641681448744326,0.3318723413053617,0.04321370822900592
2026-07-23 10:05:00+03:00,0.2728161538581956,-0.09149598542986118,0.1284766907458557,-0.5398593052143864,0.33502746712947423,0.050027454379586604
2026-07-23 10:10:00+03:00,0.3147709242465518,0.005688658068526236,0.07121644991716461,-0.8536066022456906,0.33994132937608124,0.060576402358610254
2026-07-23 10:15:00+03:00,0.3491050378194685,0.08005442764338178,0.07133779213970903,-0.8527267576373273,0.33447842716340487,0.04884406711269694
2026-07-23 10:20:00+03:00,0.3523636242622451,0.08692291503224071,0.08731248567162408,-0.7474084289628594,0.34725783935889104,0.07614770830082522
2026-07-23 10:25:00+03:00,0.31980068497976394,0.016834036313350037,0.08129742460122003,-0.7848225232547383,0.33754496368946146,0.055441360644852174
2026-07-23 10:30:00+03:00,0.27458330465911457,-0.08722906621174153,0.09536530235180402,-0.7008094444572445,0.33249659421154903,0.044564396284943165
2026-07-23 10:35:00+03:00,0.29406751115923957,-0.04125520189111892,0.10250506427922113,-0.6623522744408584,0.31786215176385696,0.012549648645336853
2026-07-23 10:40:00+03:00,0.3921491860167682,0.16870256433327022,0.1214983072793282,-0.5704932738453129,0.3310286972969253,0.04138629244745182
2026-07-23 10:45:00+03:00,0.5137787258657358,0.4055362395972121,0.17677011605724283,-0.3593312058744154,0.3642689102253673,0.11177784876161814
2026-07-23 10:50:00+03:00,0.44858228509239345,0.2800053314744752,0.2522214153939889,-0.14257552278986801,0.3557857643016807,0.09410504667460055
2026-07-23 10:55:00+03:00,0.6187856670547508,0.6115798119525874,0.12336375279185605,-0.5621593902821674,0.4194253782864859,0.22301531083557538
2026-07-23 11:00:00+03:00,0.5565723257500181,0.4881582526431291,0.12398339233512136,-0.5594151171318901,0.37300310803911757,0.1297910569696872
2026-07-23 11:05:00+03:00,0.551034283471129,0.47740080340505564,0.11685166867108586,-0.5917424922352112,0.37050221511979226,0.12465130900042405
2026-07-23 11:10:00+03:00,0.530282097763141,0.4372864540548144,0.14343138924293997,-0.4787004582320734,0.36276195140473616,0.10865161569164579
2026-07-23 11:15:00+03:00,0.5646925336916733,0.5039817118373574,0.21753895196725115,-0.23534115281150586,0.35257236312700924,0.08736190301235623
2026-07-23 11:20:00+03:00,0.6156245792494094,0.605157771521809,0.2757079616301958,-0.08452238326904152,0.36444321489873643,0.11213909169201582
2026-07-23 11:25:00+03:00,0.7141577743812714,0.8185825926396009,0.21805182233410292,-0.23389614915717466,0.4705916805803678,0.3225472706100041
2026-07-23 11:30:00+03:00,0.5107945925249489,0.39980336997975563,0.07431672592735526,-0.8315483823491073,0.3500407712426159,0.08202978729009626
2026-07-23 11:35:00+03:00,0.33326401048079635,0.04622310265845791,0.06494382327778193,-0.9010927974720819,0.31340835306516135,0.0026528873584641295
2026-07-23 11:40:00+03:00,0.46300200177428286,0.30791062600548424,0.04441573933834766,-1.0938775478587326,0.33105451933040847,0.04144226034323868
2026-07-23 11:45:00+03:00,0.4267110195315214,0.23734285595276447,0.04791449662383418,-1.0557222085019478,0.2793840901754334,-0.07572242592231476
2026-07-23 11:50:00+03:00,0.3384098794093146,0.05729678693887066,0.04573141965312497,-1.0792045755073045,0.25726598240638365,-0.12982124075127177
2026-07-23 11:55:00+03:00,0.39859830029870286,0.18165176389748722,0.04390573626196951,-1.0996769931010884,0.3389465488305225,0.05844689078567066
2026-07-23 12:00:00+03:00,0.2750406934175016,-0.0861274521001437,0.04204508122420636,-1.1213948978152544,0.3359365765906904,0.05198481397193049
2026-07-23 12:05:00+03:00,0.3893761860865667,0.16311166195159443,0.048578170192317076,-1.048784718077219,0.31671944644391553,0.010017602618316756
2026-07-23 12:10:00+03:00,0.682679839650291,0.746800819971544,0.054315170637295226,-0.9923009532795719,0.4662549572211989,0.3141875782250302
2026-07-23 12:15:00+03:00,0.6714407143112645,0.7221264061591774,0.048041890710433265,-1.0543834909688872,0.45935645334454556,0.30086886931171913
2026-07-23 12:20:00+03:00,0.7234820957698203,0.8407274632422123,0.0486014084848436,-1.0485434379093055,0.4280547539376477,0.239978352820503
2026-07-23 12:25:00+03:00,0.39459179788086834,0.17361571924097446,0.037263760457032676,-1.1817293111442009,0.42433353174166355,0.23267460770213966
2026-07-23 12:30:00+03:00,0.36640245498435503,0.11619453700811848,0.042328809915648045,-1.1180245383960055,0.395142942425246,0.1747228374070027
2026-07-23 12:35:00+03:00,0.1376404203421535,-0.5017159089834808,0.058966887075842814,-0.9504923326291779,0.3077210423943625,-0.010096834446414018
2026-07-23 12:40:00+03:00,0.12329652366638715,-0.5624578477189686,0.05497621927279323,-0.9861588362151494,0.3075434042073833,-0.01049714579105496
2026-07-23 12:45:00+03:00,0.12631203769259794,-0.5492060297620444,0.06237626349306179,-0.9217706511621251,0.3377125761873239,0.05580110643972037
2026-07-23 12:50:00+03:00,0.14082178096749068,-0.48897393714011295,0.05502181889141779,-0.9857377177747704,0.2705572323388582,-0.09697555790154189
2026-07-23 12:55:00+03:00,0.1622264390222294,-0.4089472324879935,0.06992627558372122,-0.8630481962267417,0.30042768740816295,-0.026640457926471784
2026-07-23 13:00:00+03:00,0.14456312524378373,-0.4742934089605111,0.43160037065803863,0.24692257392701153,0.20568754306205286,-0.269445465276826
2026-07-23 13:05:00+03:00,0.1284519549592243,-0.5399653497399733,0.6038495414407717,0.5814047975351342,0.34081236826794736,0.06243854116023058
2026-07-23 13:10:00+03:00,0.14764841208395724,-0.4624229316482965,0.6120699183064512,0.5979597802639727,0.32289378175446554,0.023641793613935574
2026-07-23 13:15:00+03:00,0.10107380933061128,-0.6698663022244329,0.46546077520333295,0.31265564406269386,0.26160569929698263,-0.11897930608703831
2026-07-23 13:20:00+03:00,0.15472913902310845,-0.43593517432075185,0.24874584943674788,-0.15146140816701664,0.31069810024873423,-0.003406916545652471
2026-07-23 13:25:00+03:00,0.24177057566950114,-0.16954948464149447,0.3608758297463707,0.10473089874172087,0.3253841261551655,0.02909814839180802
2026-07-23 13:30:00+03:00,0.2695129694422612,-0.09951839356312399,0.3363780054161707,0.05293428832804335,0.30676222846254186,-0.012259069895754413
2026-07-23 13:35:00+03:00,0.37841821178953633,0.1408726779042325,0.4264648640796711,0.23685983685714346,0.32785460856164617,0.034489665561387835
2026-07-23 13:40:00+03:00,0.11617269218019723,-0.5949085159090283,0.7442138249532912,0.891695606660942,0.4923307632685876,0.36434934069032265
2026-07-23 13:45:00+03:00,0.14780295778320088,-0.461833746523598,0.7295952182409355,0.8554965110837879,0.3895939162329201,0.1635511648116117
2026-07-23 13:50:00+03:00,0.3544246193041109,0.09125212980264137,0.25983631569079996,-0.1233855559694236,0.2360126709601463,-0.18475019123476527
2026-07-23 13:55:00+03:00,0.3787867623237706,0.14162460256115345,0.11863788467065006,-0.5834890392666624,0.23276694180570998,-0.19343182664126857
2026-07-23 14:00:00+03:00,0.2776832382694867,-0.07978502527696273,0.11777679906097321,-0.5874542596259557,0.1794161251179757,-0.35065442900703864
2026-07-23 14:05:00+03:00,0.2532553578752575,-0.13994777792620486,0.10103422182703524,-0.6700754730817825,0.17510885036020749,-0.3648310400144018
2026-07-23 14:10:00+03:00,0.30986926629229844,-0.005265870016454855,0.218859017305702,-0.23162684613662904,0.12565955500354814,-0.5520502288799656
2026-07-23 14:15:00+03:00,0.3665349479198641,0.11646845337942673,0.43075969097828304,0.24527734090741568,0.1533754202983578,-0.4409211411988397
2026-07-23 14:20:00+03:00,0.2074316602982989,-0.2643374958471822,0.31259883533387445,0.0008459088522832364,0.1414931186875833,-0.48631593927756867
2026-07-23 14:25:00+03:00,0.2910647767816978,-0.048218903031177526,0.3703205864672269,0.12427747965030532,0.14135023523454635,-0.48688076737844377
2026-07-23 14:30:00+03:00,0.43027512843720844,0.2443286845236355,0.3838650656794402,0.15195686727449997,0.16072696965296568,-0.4142627487702072
2026-07-23 14:35:00+03:00,0.3202410847801336,0.01780544838826101,0.4152744779289968,0.21482185264817222,0.1532687059071533,-0.44131571690011745
2026-07-23 14:40:00+03:00,0.46510643316475864,0.31197202891634973,0.3699790950142325,0.12357441497184718,0.1826413451363974,-0.34021244787626415
2026-07-23 14:45:00+03:00,0.19436766070263284,-0.30340810333708806,0.2655273040605901,-0.10928143350870553,0.15021448832382492,-0.4527053540647084
2026-07-23 14:50:00+03:00,0.4164946442779577,0.2172327462019682,0.5305474987073322,0.43779790344826586,0.20063919530641802,-0.2844141243882202
2026-07-23 14:55:00+03:00,0.24985740778963167,-0.14861057064965258,0.5102196428857129,0.3986990068485027,0.12836919399351795,-0.5403202800183505
2026-07-23 15:00:00+03:00,0.22777329057299914,-0.20695522869480298,0.44334179063916873,0.26982482715848255,0.12803927638268922,-0.5417371134942085
2026-07-23 15:05:00+03:00,0.2649214184225467,-0.11077372227821418,0.3730176329851454,0.12982086707373128,0.15153236814433255,-0.4477676710708499
2026-07-23 15:10:00+03:00,0.375733838918444,0.13538725016014644,0.28880980713826376,-0.05347631253334173,0.1482882640028108,-0.45998688413228433
2026-07-23 15:15:00+03:00,0.24800381977440805,-0.15336925208976324,0.2707215975541899,-0.0965758830562258,0.1482802877747821,-0.4600171977677636
2026-07-23 15:20:00+03:00,0.2576295647362468,-0.1289083539929258,0.16457336480223436,-0.4007064932083191,0.13514115621099182,-0.5119006646752826
2026-07-23 15:25:00+03:00,0.2610828688230694,-0.1202792845712248,0.20578788849796734,-0.2691507178617008,0.1515847508330362,-0.4475721400459035
2026-07-23 15:30:00+03:00,0.27470897538050654,-0.08692627663833194,0.21716546438331144,-0.2363949961672031,0.14748408240139607,-0.46304997650898355
2026-07-23 15:35:00+03:00,0.3089622407052298,-0.007303338560798175,0.18952451423079575,-0.3183965663224268,0.1611521128619046,-0.41275159146909635
2026-07-23 15:40:00+03:00,0.3302789774973486,0.03976035062099687,0.19242476768646205,-0.3093863506600393,0.17791898781625914,-0.3555514198510874
2026-07-23 15:45:00+03:00,0.38794150959878154,0.16021343495018128,0.14604817104447781,-0.46855383055005984,0.20615004393860983,-0.2680878333786597
2026-07-23 15:50:00+03:00,0.41794305127149045,0.22009199384534175,0.12961802134624165,-0.5349851370309686,0.2164197481811979,-0.23850305586182283
2026-07-23 15:55:00+03:00,0.46157942002865526,0.3051637120531028,0.13532446191056627,-0.5111483059163392,0.234288236404547,-0.1893522975034948
2026-07-23 16:00:00+03:00,0.529282512401051,0.4353604648590638,0.11337292902914413,-0.6081359884083587,0.25327967399036055,-0.13988606446790428
2026-07-23 16:05:00+03:00,0.58252796976962,0.5389876363519328,0.13680339534798847,-0.5051094043406443,0.31618488718939275,0.008831426505563622
2026-07-23 16:10:00+03:00,0.4370205747751515,0.2575119911899199,0.1584351116721949,-0.4224652652790234,0.25265095641577784,-0.14148298850427346
2026-07-23 16:15:00+03:00,0.4623858242896428,0.3067209722959807,0.17998235456021625,-0.3488106722713507,0.25085935412077265,-0.14604809755479278
2026-07-23 16:20:00+03:00,0.48444803646139933,0.3492064091067808,0.11971711545172527,-0.5785542966998009,0.2738610233201226,-0.08897099565421582
2026-07-23 16:25:00+03:00,0.40317711312136334,0.19080249566208904,0.10591643051974525,-0.6448104396239563,0.3083686684752523,-0.008638481054000089
2026-07-23 16:30:00+03:00,0.24353478802406187,-0.1649415915273704,0.15197142936403926,-0.4461304831324301,0.28964522961898126,-0.05152572071329839
2026-07-23 16:35:00+03:00,0.2781109135679046,-0.07876205885120954,0.21870817827168273,-0.23205044800967417,0.30423467853550246,-0.017977141706128866
2026-07-23 16:40:00+03:00,0.5582831495511837,0.49148686481744414,0.4328050847388014,0.24927889050949767,0.3994907939818911,0.1834381357178516
2026-07-23 16:45:00+03:00,0.4716922832326154,0.32466743757858424,0.3688445172528042,0.12123661070338371,0.39107125597709885,0.16653093806104122
2026-07-23 16:50:00+03:00,0.4066577828503259,0.19773597825472897,0.3833162261667883,0.15084273071261484,0.3857448567665096,0.1557682888553391
2026-07-23 16:55:00+03:00,0.3550439161548935,0.09255076580041802,0.5001512280104607,0.3793654072899701,0.3823362929328579,0.14885197607104422
2026-07-23 17:00:00+03:00,0.359300143560909,0.10144864930646161,0.44986259620302965,0.2824890839456027,0.39375249081969654,0.171928715428743
2026-07-23 17:05:00+03:00,0.3194942722278408,0.016157748117810275,0.5964352872842963,0.5665745734300269,0.4005998886386136,0.18565618611918913
2026-07-23 17:10:00+03:00,0.25328129055314996,-0.13988196182631057,0.5362216199360079,0.44874084448434853,0.3945030303084715,0.17343735605013375
2026-07-23 17:15:00+03:00,0.14704772864975008,-0.4647178126299677,0.3141712839498475,0.00435355551465251,0.34394539855876216,0.06911758624284231
2026-07-23 17:20:00+03:00,0.2058145960521006,-0.2690722869703247,0.2664145322606699,-0.10710011815655998,0.33779656677176717,0.05598134206121607
2026-07-23 17:25:00+03:00,0.2022651139730962,-0.2795628247511196,0.2962241392382462,-0.03627930898307957,0.3250847516678894,0.028443368094223563
2026-07-23 17:30:00+03:00,0.26169882140592887,-0.11874794112267213,0.31195667876218197,-0.0005893067686301434,0.3257900405111177,0.02998545074865186
2026-07-23 17:35:00+03:00,0.2823586596605232,-0.06865366353593838,0.29510780400142383,-0.03885234127629478,0.32730638508078286,0.033295046064134366
2026-07-23 17:40:00+03:00,0.19082885968787772,-0.3143314151313681,0.22583561882589162,-0.21225883899964243,0.31890225519407983,0.014850122713233991
2026-07-23 17:45:00+03:00,0.23386889566972002,-0.1904749659076593,0.22357233120135508,-0.21849467350241653,0.3094330824443048,-0.006245266499373461
2026-07-23 17:50:00+03:00,0.2194781331343521,-0.22989037807939788,0.2109764886144426,-0.2540526155254364,0.31221209775081915,-1.825403088665221e-05
2026-07-23 17:55:00+03:00,0.3429872511852024,0.06707809622910307,0.2964990307692071,-0.035646576455209134,0.3132627661942858,0.002328100682971109
2026-07-24 09:55:00+03:00,0.3436620410216828,0.06851472039703482,0.05292550827812355,-1.0054461647415065,0.3582232971858763,0.09920187894436135
2026-07-24 10:00:00+03:00,0.2256128386032337,-0.21287067220431774,0.3148964492909017,0.0059679660966401454,0.35349711478328544,0.08930528032662705
2026-07-24 10:05:00+03:00,0.3173516815134602,0.0114191340653069,0.2849059638042311,-0.06263608789620123,0.315620796852918,0.00757855175853039
2026-07-24 10:10:00+03:00,0.19770844081936736,-0.2932336561165352,0.32518365182508097,0.028659713231085654,0.3200851788271921,0.017461639658079824
2026-07-24 10:15:00+03:00,0.2475867594626387,-0.15444324169147042,0.309824848559868,-0.0053655697258616075,0.29703268975561065,-0.03441919301596712
2026-07-24 10:20:00+03:00,0.18077959299400473,-0.34622236231547643,0.2636932521399921,-0.1138053952936709,0.29518404389386144,-0.03867643695857015
2026-07-24 10:25:00+03:00,0.22122589874112591,-0.22500723281267948,0.18391516025415053,-0.3361278151236507,0.26306521022249185,-0.11535918962499174
2026-07-24 10:30:00+03:00,0.30087877757455184,-0.025610699865694312,0.26686000949257493,-0.10600662485155896,0.3007838250547546,-0.025827386301487315
2026-07-24 10:35:00+03:00,0.25861345037410777,-0.12644221084190885,0.29782101197759225,-0.0326084264427772,0.3054755818212072,-0.015166536896933435
2026-07-24 10:40:00+03:00,0.2975331177630585,-0.033269395251620065,0.3119641995779887,-0.0005724884627134191,0.30444382007168436,-0.017502992455154714
2026-07-24 10:45:00+03:00,0.2851821192589497,-0.061985669789068144,0.41867131909294486,0.2215285824368214,0.31185161610280465,-0.0008242746663460593
2026-07-24 10:50:00+03:00,0.2809189578087083,-0.07206927255219427,0.42739958215103485,0.23869361201119207,0.3136261991711747,0.003138722531677068
2026-07-24 10:55:00+03:00,0.35036659996578207,0.08271704823104396,0.5393086679134262,0.45470185222807996,0.34956389593637033,0.0810233956876471
2026-07-24 11:00:00+03:00,0.34760753008866563,0.07688802643105488,0.3966950980086954,0.17783788282237017,0.3329312437591855,0.04550409032179143
2026-07-24 11:05:00+03:00,0.3464733627360207,0.07448564873774315,0.3707051094794175,0.12506881843363632,0.333508642774455,0.046751453044221715
2026-07-24 11:10:00+03:00,0.4011559217219347,0.1867674148423957,0.4599226594699134,0.30196308740904865,0.34685293798931405,0.07529006958652093
2026-07-24 11:15:00+03:00,0.3779824996617448,0.139983359026693,0.44760381076448646,0.27810624063204503,0.3247456722537891,0.02770136910215328
2026-07-24 11:20:00+03:00,0.3846792322616092,0.1536085092736612,0.580274472947327,0.5345432263203074,0.3303356497693245,0.03988332286749222
2026-07-24 11:25:00+03:00,0.3192137054926821,0.015538203228084415,0.5264878013979744,0.4299780003333439,0.32423860357233986,0.02659101245832141
2026-07-24 11:30:00+03:00,0.3409822082003359,0.06280136298096868,0.4171009414871993,0.21842995883018124,0.31779186835369616,0.012394052894426952
2026-07-24 11:35:00+03:00,0.3417178916869496,0.06437196708667797,0.5644547343214622,0.5035174044195956,0.3164972988162492,0.009524792209289574
2026-07-24 11:40:00+03:00,0.32092547651341774,0.019313645165630795,0.2845322013765555,-0.0635170002555181,0.2589579351574879,-0.1255801929798998
2026-07-24 11:45:00+03:00,0.2810842455904966,-0.07167659663123113,0.2085821552690393,-0.2609853979457581,0.2267168785372187,-0.20984276806580288
2026-07-24 11:50:00+03:00,0.16135139627239697,-0.41204435385794846,0.21301095985670981,-0.24820697936589864,0.21533466646974328,-0.2415798790137766
2026-07-24 11:55:00+03:00,0.32473380154616116,0.027675385449088562,0.3578071621367148,0.09833284181063796,0.22798506863335494,-0.20637750349856387
2026-07-24 12:00:00+03:00,0.2465476829813946,-0.15712430399982788,0.3043340550089315,-0.017751820322397083,0.21926564803657153,-0.23048594911541062
2026-07-24 12:05:00+03:00,0.1612361259658823,-0.41245335097737856,0.2465608857274091,-0.15709019020949844,0.1935975946240383,-0.3057721249749879
2026-07-24 12:10:00+03:00,0.17135635312972702,-0.37740730871657147,0.4659498348546847,0.3135990531396994,0.2140550387581673,-0.24522284250550985
2026-07-24 12:15:00+03:00,0.16785525768572243,-0.3893395513704231,0.35232856962617576,0.08684918180564753,0.21600767615018016,-0.23967019485101038
2026-07-24 12:20:00+03:00,0.15664402765291277,-0.42894281846808996,0.338212824518227,0.05687426700619933,0.2413658162230988,-0.17060988779064118
2026-07-24 12:25:00+03:00,0.15909599746376032,-0.4200901546528879,0.31115438591650246,-0.002384697366793198,0.2663274712868897,-0.10731395883242945
2026-07-24 12:30:00+03:00,0.1226091003966831,-0.5655176546652118,0.3282799378471898,0.03541578469659949,0.24223333761900404,-0.1683386049037198
2026-07-24 12:35:00+03:00,0.1763405977141091,-0.3607492730829433,0.31586829265829053,0.008128401421962084,0.25467350463752186,-0.13635508704836383
2026-07-24 12:40:00+03:00,0.21231039368177385,-0.25021528854934777,0.29890905173411847,-0.030113738612127156,0.23817219881428706,-0.17901956901167326
2026-07-24 12:45:00+03:00,0.16920311586320996,-0.3847226113455541,0.21210651114459775,-0.25080066640531784,0.2225657117853495,-0.2212825556887433
2026-07-24 12:50:00+03:00,0.20540183660205216,-0.27028526284249454,0.281773770132852,-0.07004000026838927,0.23831282990481403,-0.17864762669799358
2026-07-24 12:55:00+03:00,0.22661970758702304,-0.2101088467549114,0.30958810613759996,-0.0058970929491464485,0.24682183914859462,-0.156416180171889
2026-07-24 13:00:00+03:00,0.1942248706384299,-0.30384591608515693,0.2611864766311344,-0.12002153800294338,0.2593852954534159,-0.12451182853471474
2026-07-24 13:05:00+03:00,0.2068147932014652,-0.2661404620857316,0.2737632638484116,-0.08920698227992843,0.2577818322624949,-0.12852628888123452
2026-07-24 13:10:00+03:00,0.1998379254205545,-0.2868157280939108,0.28081057429074935,-0.07232683684048996,0.2537218534640009,-0.1387645103032581
2026-07-24 13:15:00+03:00,0.1758850080968676,-0.36225638521101267,0.20183510164359306,-0.28084302103576564,0.23931656797595247,-0.1759972983616615
2026-07-24 13:20:00+03:00,0.2127660402910424,-0.248908540122377,0.3066617980171013,-0.012485769707099442,0.24308686373632993,-0.16610935794722953
2026-07-24 13:25:00+03:00,0.224857160227744,-0.21494922794788107,0.3666183232218338,0.11664080238820086,0.23881188415549848,-0.17732893931298171
2026-07-24 13:30:00+03:00,0.18575689763887804,-0.33026063677949885,0.3133253835800205,0.002467802541988834,0.2470356684574861,-0.1558642428632302
2026-07-24 13:35:00+03:00,0.17474052549610467,-0.36605598532430733,0.1800242883315238,-0.3486743077035674,0.24727049925272884,-0.15525846612398678
2026-07-24 13:40:00+03:00,0.18193675474660953,-0.34248130420495304,0.22934942508968809,-0.2026646025596004,0.24492794170413829,-0.16131882894105207
2026-07-24 13:45:00+03:00,0.20418888627072207,-0.27386025630688354,0.29372096731500347,-0.04205674637034987,0.24620837939755943,-0.1580014324508117
2026-07-24 13:50:00+03:00,0.15595554518107924,-0.4314487959775276,0.26337717034370295,-0.11458709350048024,0.2440736129649382,-0.16353876938557244
2026-07-24 13:55:00+03:00,0.23720871112279968,-0.1815718810374364,0.3930094274934948,0.17043410921860858,0.25712841117081997,-0.1301668760659254
2026-07-24 14:00:00+03:00,0.2040224990651596,-0.2743518877596614,0.2905911186899969,-0.049321222584838315,0.2549030417575465,-0.13577482513783873
2026-07-24 14:05:00+03:00,0.20961109513721607,-0.2579989807518384,0.3398202022026531,0.06031726928911984,0.2581489433545693,-0.1276057498883549
2026-07-24 14:10:00+03:00,0.30513115190512696,-0.015946015756713054,0.22980011435039327,-0.20144152810908722,0.2518105438827882,-0.14362172572370877
2026-07-24 14:15:00+03:00,0.26237766161528103,-0.11706294292369687,0.25708709362884763,-0.13027070627006987,0.25390984410764017,-0.13828807742818325
2026-07-24 14:20:00+03:00,0.27300164282558353,-0.09104730017377324,0.3204569905722061,0.018281424518830636,0.2569553877359705,-0.13060175355386006
2026-07-24 14:25:00+03:00,0.3006120223494768,-0.026219547831581886,0.38528154761368705,0.15482954018163694,0.2604155352773971,-0.1219410073680039
2026-07-24 14:30:00+03:00,0.24885909021127103,-0.15117058819604698,0.4070732158688525,0.19856225821141216,0.2503037165742239,-0.14746829424608543
2026-07-24 14:35:00+03:00,0.26972584762577306,-0.098999520618938,0.38431999385595395,0.1528799099303665,0.2593285515224125,-0.12465361763122405
2026-07-24 14:40:00+03:00,0.25233538816548445,-0.1422855138760458,0.3826723502638869,0.1495349016112865,0.24881095412347268,-0.15129419836040978
2026-07-24 14:45:00+03:00,0.22362154543095578,-0.21835860179666733,0.284080069364416,-0.06458355224265849,0.2497414107028403,-0.14890767465586413
2026-07-24 14:50:00+03:00,0.21411114034040798,-0.24506279594583427,0.2706926972953,-0.09664614663757731,0.2459186482022645,-0.15875105655524882
2026-07-24 14:55:00+03:00,0.1975293151869132,-0.29377588026814416,0.2909980208796902,-0.04837419644959429,0.23975440336020265,-0.1748435997602796
2026-07-24 15:00:00+03:00,0.20912443779109557,-0.2594101182516965,0.34771472343014104,0.07711489203079308,0.24644680215863943,-0.15738500454376794
2026-07-24 15:05:00+03:00,0.20229851532032594,-0.27946347017386414,0.28320103021429166,-0.06666008792249145,0.234666990176555,-0.18833948748419485
2026-07-24 15:10:00+03:00,0.20876710943205284,-0.26044778512493083,0.3360101508468022,0.0521431084485593,0.23636878714011839,-0.18380270212488312
2026-07-24 15:15:00+03:00,0.3716601448017052,0.12703280119434682,0.4549381236635043,0.292323061564119,0.2716048232234519,-0.09443081462398227
2026-07-24 15:20:00+03:00,0.2525782790181944,-0.14166775640365092,0.3458897603054129,0.07324803163869315,0.24444805125076155,-0.16256515993715387
2026-07-24 15:25:00+03:00,0.2596108084333478,-0.1239485262846808,0.3673913726727594,0.11823802496707445,0.2526701250074592,-0.14143426201741316
2026-07-24 15:30:00+03:00,0.30595081525935713,-0.014091844474400175,0.42759210704746886,0.23907118993312765,0.2775598859043003,-0.08008025477432654
2026-07-24 15:35:00+03:00,0.3269363512073903,0.03248813421292496,0.4277410848240928,0.23936333415189587,0.32274120569430725,0.023306786646990253
2026-07-24 15:40:00+03:00,0.3334403113267864,0.04660389208597598,0.400095184275058,0.1846470946142743,0.3325614368937394,0.04470462251634763
2026-07-24 15:45:00+03:00,0.33046229487905665,0.04015808941555669,0.3707156052091979,0.1250904136502923,0.29047427117047375,-0.04959331869387205
2026-07-24 15:50:00+03:00,0.3667305375227518,0.1168727397915755,0.39867997568864366,0.18181529725423684,0.33255236052092363,0.044684995135714486
2026-07-24 15:55:00+03:00,0.41036098679027977,0.2050922929632244,0.36486363520052334,0.11301010131714145,0.3375790439235176,0.05551451395902146
2026-07-24 16:00:00+03:00,0.3404150216905181,0.06158936515617678,0.29942578023427324,-0.028930794709847718,0.3399902352790514,0.06068101636933597
2026-07-24 16:05:00+03:00,0.34274825477916165,0.06656895039932662,0.354015800282275,0.09039429517344053,0.3473724286696161,0.07639033974764384
2026-07-24 16:10:00+03:00,0.33861584023443775,0.05773827430907819,0.323163902421284,0.0242346869837127,0.29126935009890076,-0.04774313736949555
2026-07-24 16:15:00+03:00,0.30693080127852035,-0.01187864654005913,0.2746340960372481,-0.08710667969032454,0.2538405850819068,-0.13846357650570126
2026-07-24 16:20:00+03:00,0.19179275351408215,-0.31134094797246387,0.287469091406489,-0.056613712448856296,0.2480889293783465,-0.15315023154246898
2026-07-24 16:25:00+03:00,0.3350291504313465,0.05003108104568565,0.40876579315677625,0.2019260104578853,0.3337677407843025,0.04731083501555204
2026-07-24 16:30:00+03:00,0.19443940831649398,-0.30318820801743446,0.28917274753608313,-0.05262848811745993,0.24305880545599257,-0.16618255620786868
2026-07-24 16:35:00+03:00,0.26303824467128123,-0.11542595654886653,0.39806980167680345,0.1805933116473245,0.27332303914311046,-0.09027031466993328
2026-07-24 16:40:00+03:00,0.5055350358076045,0.38970249035565446,0.45794002576701115,0.29813066646032027,0.3755200359379473,0.1349496846273655
2026-07-24 16:45:00+03:00,0.1844011279048145,-0.33457528196381303,0.4219593920264811,0.2280060670650383,0.24296825533841895,-0.16641882190890134
2026-07-24 16:50:00+03:00,0.2174659391428244,-0.23554706509144505,0.43098010994205105,0.24570878197446236,0.2535589129012815,-0.13917764618699194
2026-07-24 16:55:00+03:00,0.3018355692619173,-0.02342942116214846,0.41272042322185326,0.20976867759373397,0.2926615560327649,-0.044510563802610544
2026-07-24 17:00:00+03:00,0.23356596024842016,-0.19128686169263628,0.351994276154496,0.08614586731916925,0.26253961266295195,-0.11666136784788916
2026-07-24 17:05:00+03:00,0.2898031155930973,-0.051157454376793414,0.2758139650849731,-0.08426762074975522,0.27525881495973337,-0.08560251002248341
2026-07-24 17:10:00+03:00,0.3217524871966074,0.021133870733699038,0.2182062874457852,-0.23346142672260206,0.2624813513598721,-0.11680581464691181
2026-07-24 17:15:00+03:00,0.2916112715401066,-0.0469483873651566,0.18551014421294035,-0.3310440974163453,0.24117761266917603,-0.17110336304610022
2026-07-24 17:20:00+03:00,0.28506902484496155,-0.06225199081530412,0.2082427464744262,-0.2619728835696408,0.24128063199087743,-0.1708332108334119
2026-07-24 17:25:00+03:00,0.2965654607641091,-0.03549372192054194,0.20134766102625776,-0.2822966545860031,0.2395218981634628,-0.17545607232784843
2026-07-24 17:30:00+03:00,0.2847687792784898,-0.06295933420895464,0.2876552312115144,-0.056177607737990354,0.23844779129959046,-0.17829082143547706
2026-07-24 17:35:00+03:00,0.2675126048322029,-0.10440682154848353,0.31854201196290943,0.014053799109493406,0.23572905468546082,-0.18550549276035316
2026-07-24 17:40:00+03:00,0.25741280877880857,-0.1294524859843355,0.3344727180829267,0.04883175683111053,0.2363740306227455,-0.18378875858839427
2026-07-24 17:45:00+03:00,0.24334426703387482,-0.16543811333978745,0.4376924293767451,0.2588224902179688,0.2351536159312403,-0.1870398835356766
2026-07-24 17:50:00+03:00,0.24546780076054875,-0.15991872285021105,0.494764529312839,0.36902284056296086,0.23618701516274837,-0.18428620461495435
2026-07-24 17:55:00+03:00,0.2850236228434903,-0.062358923846927275,0.4738270336479676,0.32877826232051954,0.24523201851981907,-0.16052996010195872
2026-07-27 09:55:00+03:00,0.6196129063978864,0.6132637780324317,0.2270332855622907,-0.20897692350858338,0.14376998770538782,-0.47737891141928435
2026-07-27 10:00:00+03:00,0.7247328630309787,0.8437326006975983,0.2077307670016935,-0.2634646980822603,0.7663256034451705,0.9491462717295199
2026-07-27 10:05:00+03:00,0.6499730807638897,0.6761495505989374,0.264376374884822,-0.11211802384638675,0.9486924369623765,1.779317874477116
2026-07-27 10:10:00+03:00,0.813312252272569,1.0854624400926935,0.11225291576841806,-0.6135073267220044,0.9271903318233317,1.600312953717114
2026-07-27 10:15:00+03:00,0.8812445600370984,1.3410997559932913,0.11858960837272821,-0.583710686796659,0.9733644066626712,2.1063161269753934
2026-07-27 10:20:00+03:00,0.7366541804323437,0.872814773300422,0.032035632479189634,-1.2568897817254474,0.9564607156714756,1.8620339919733429
2026-07-27 10:25:00+03:00,0.7120732843257201,0.8136919652802276,0.039735777185958304,-1.1496653143750455,0.9679271724332315,2.0144644826912734
2026-07-27 10:30:00+03:00,0.9300196271882734,1.6207992003636031,0.01567361604014121,-1.6080643660937002,0.9382030662939729,1.6846960404080613
2026-07-27 10:35:00+03:00,0.8973708275212053,1.4198552148220136,0.01821378906070187,-1.5347298511245164,0.9390982962497816,1.692158093352881
2026-07-27 10:40:00+03:00,0.932855354235161,1.6421155058041346,0.008747533852432836,-1.8913621627167223,0.9538658825673413,1.8329439588081926
2026-07-27 10:45:00+03:00,0.9410739685545664,1.7089959631899327,0.010513182385098723,-1.8022567712763686,0.9382001131261832,1.6846715923209985
2026-07-27 10:50:00+03:00,0.9264171995282002,1.5948426522752746,0.011954546630745157,-1.7398874005635212,0.9360217494405646,1.6669282611436773
2026-07-27 10:55:00+03:00,0.9180800892368538,1.5389860816028513,0.016102672520191513,-1.5948923264017207,0.952373657062531,1.8169128917358497
2026-07-27 11:00:00+03:00,0.8991174127637038,1.429027461153352,0.028121281582082262,-1.3213799399461148,0.931666711683978,1.6330807630141109
2026-07-27 11:05:00+03:00,0.9345028468402243,1.6548865532357637,0.04335349074013421,-1.1060297244753263,0.929730659270516,1.6186721204681935
2026-07-27 11:10:00+03:00,0.9242271070006838,1.5796288850944975,0.05638812242054858,-0.9732697310727076,0.9298049101494887,1.6192179047240602
2026-07-27 11:15:00+03:00,0.9413257655849018,1.7111798055808982,0.031752305144155,-1.261294214434206,0.9307427458908475,1.6261578568757522
2026-07-27 11:20:00+03:00,0.9746248797967951,2.1302067388943997,0.03702688817440403,-1.1849082413461833,0.9389477577126633,1.690896161150088
2026-07-27 11:25:00+03:00,0.9629687280070877,1.9429993449212974,0.039009539809533235,-1.158881919290079,0.9063550063648754,1.4686090854528697
2026-07-27 11:30:00+03:00,0.9608200436468386,1.9148546057514313,0.2021142743204749,-0.2800116601595477,0.899782667722978,1.4325581612496103
2026-07-27 11:35:00+03:00,0.9414028867765131,1.7118504377192452,0.2527151991195444,-0.1413196934369035,0.8967571136365878,1.416665098590617
2026-07-27 11:40:00+03:00,0.9500078784425674,1.7924495582719873,0.032126471862838485,-1.255485620122629,0.9075785918487621,1.4755695924712413
2026-07-27 11:45:00+03:00,0.9378270597053763,1.6815919743407475,0.07991295597463291,-0.7937897492464018,0.9336283563198657,1.6480709883569546
2026-07-27 11:50:00+03:00,0.9322143761016706,1.6372252450193088,0.06766100648888786,-0.8800225152597534,0.934185131111301,1.6524006258030959
2026-07-27 11:55:00+03:00,0.9419744304738783,1.7168464393505012,0.08254942147002008,-0.7768323860052169,0.9291237606091264,1.614230962442833
2026-07-27 12:00:00+03:00,0.944007471709307,1.735000279753112,0.10190655077834036,-0.6654830571740743,0.9263068060825217,1.5940658850517906
2026-07-27 12:05:00+03:00,0.9285128682750777,1.6097959142568847,0.12928427214026192,-0.5364066526303127,0.9280575338131336,1.6065129066250534
2026-07-27 12:10:00+03:00,0.8953428178191869,1.4093769094721493,0.29121027297555463,-0.0478805097781696,0.9514247671928596,1.8069653380847523
2026-07-27 12:15:00+03:00,0.8539917075633359,1.2268574377337729,0.39155398712772205,0.16750372435516242,0.8692399292529296,1.288294438582491
2026-07-27 12:20:00+03:00,0.8883200098112446,1.3744231845266395,0.49385276448126747,0.3672720691358243,0.8095314041657261,1.0736022048228895
2026-07-27 12:25:00+03:00,0.8711688717646492,1.2964918219858683,0.43846511130673366,0.2603291091827137,0.797348212759208,1.0365635012499022
2026-07-27 12:30:00+03:00,0.8850266992717534,1.3586908062490202,0.5998283621092423,0.5733501327384336,0.8254483723492544,1.1248351100088398
2026-07-27 12:35:00+03:00,0.9076652432233112,1.4760656497147637,0.464439532939494,0.31068522534901394,0.8614916389350405,1.2563654539553566
2026-07-27 12:40:00+03:00,0.920463572941896,1.5544031708089519,0.2712860591329029,-0.09520448332124459,0.8400707665912468,1.1752571339381646
2026-07-27 12:45:00+03:00,0.903111658323561,1.4505456555160643,0.5325741037501968,0.4417044569545982,0.8710432727677457,1.2959548978457898
2026-07-27 12:50:00+03:00,0.9217759635250893,1.5630731546332632,0.4941859066598047,0.36791177745359765,0.7813028038605736,0.9902314111127539
2026-07-27 12:55:00+03:00,0.9195507763096096,1.5484497532333235,0.5481997299544273,0.4719044586566447,0.7887470038043515,1.01140582724281
2026-07-27 13:00:00+03:00,0.9265614549363552,1.5958593026925885,0.5579985513436144,0.4909329605139883,0.7436600825516172,0.8903003468030681
2026-07-27 13:05:00+03:00,0.9483399941741331,1.7758536562478506,0.5164312922992849,0.41063370222390866,0.7442232620924901,0.8917194025012841
2026-07-27 13:10:00+03:00,0.9305020541257932,1.6243684912429612,0.42650447630091487,0.23693757084864453,0.751742449095658,0.9108665642643291
2026-07-27 13:15:00+03:00,0.9461042398682595,1.7543846447400104,0.44267302090828825,0.2685239194157635,0.7367887276173531,0.8731477287010656
2026-07-27 13:20:00+03:00,0.9369555124815236,1.6744639030647015,0.46600245710330523,0.3137005553008367,0.7384891734225495,0.877365188918527
2026-07-27 13:25:00+03:00,0.9353117645588831,1.6612668224241802,0.4477632757240524,0.278415794607382,0.7440652024869856,0.8913209295915513
2026-07-27 13:30:00+03:00,0.9334048441992638,1.6463423807315625,0.45372825359252317,0.2899806285509755,0.7417789914451023,0.885575258832179
2026-07-27 13:35:00+03:00,0.9313049612296129,1.6303600443358308,0.48366847081377257,0.34770815764165336,0.7421929271486126,0.8866130839097908
2026-07-27 13:40:00+03:00,0.9173160502811047,1.5341305279654411,0.4273246580260135,0.2385466599063989,0.7348126819060362,0.8682686601548744
2026-07-27 13:45:00+03:00,0.9073072558656332,1.474018959704067,0.21949997583772293,-0.22982917901944439,0.7344565922947295,0.8673919138469326
2026-07-27 13:50:00+03:00,0.9634669818079474,1.9497496852392766,0.41155972418508413,0.20746918836802525,0.7289245429293332,0.8538660599758585
2026-07-27 13:55:00+03:00,0.9460649448040557,1.754014880092964,0.5538534521227494,0.4828736948227687,0.7093357968620223,0.8073011815857444
2026-07-27 14:00:00+03:00,0.9909362808119221,2.6323158706824854,0.10736485793567785,-0.6375127735041541,0.813594918643172,1.0863565373352373
2026-07-27 14:05:00+03:00,0.9955710039043622,2.9782780496598034,0.18300740636016108,-0.3390363740822807,0.8291298810433987,1.137202919616874
2026-07-27 14:10:00+03:00,0.9970612328066261,3.175878726002498,0.06502719222291492,-0.9004342308258058,0.8741733691835334,1.309470850395715
2026-07-27 14:15:00+03:00,0.9716155802455517,2.0749295902268123,0.06215015196339698,-0.9236294865716888,0.7585340976601287,0.9284976796326014
2026-07-27 14:20:00+03:00,0.9217806707009291,1.5631044901605602,0.0644513561365185,-0.9049991307541165,0.7438769002364811,0.8908464247542008
2026-07-27 14:25:00+03:00,0.9653957027183253,1.9767434522093248,0.15710971566716794,-0.4272528615392269,0.8009016567553062,1.047188972123273
2026-07-27 14:30:00+03:00,0.9644086595711319,1.9627530380268763,0.21633998304190621,-0.23872885429669027,0.7697249380738632,0.958304555447955
2026-07-27 14:35:00+03:00,0.9634316964786239,1.9492687348072553,0.20727721858285558,-0.2647885227961583,0.7536091843610997,0.9156798320161095
2026-07-27 14:40:00+03:00,0.9589904049327901,1.8920327062296005,0.30265047212595525,-0.02157471207076006,0.8357917356491653,1.1601323464110975
2026-07-27 14:45:00+03:00,0.9821187771386819,2.3018876403423723,0.343534426351695,0.06824313265136507,0.8356327815078177,1.159576646697988
2026-07-27 14:50:00+03:00,0.9234703729341385,1.5744659239955967,0.30622006931869494,-0.013483367938364951,0.8753580162933952,1.3146613242632583
2026-07-27 14:55:00+03:00,0.9698717592856158,2.045449244420711,0.523553984260571,0.4243310568886206,0.9166500576453683,1.5299312586352476
2026-07-27 15:00:00+03:00,0.9207264085686061,1.5561290020168421,0.9470346589633003,1.763214978126835,0.8119691133197711,1.0812281671695496
2026-07-27 15:05:00+03:00,0.8886157228763693,1.3758555677710589,0.955142077309172,1.8470505868577887,0.9196467841800001,1.5490730230395215
2026-07-27 15:10:00+03:00,0.9537303886287728,1.8314681353060969,0.9617568692421797,1.9269387287753594,0.9325636292018534,1.6398844812194164
2026-07-27 15:15:00+03:00,0.9650322958303612,1.971548290363218,0.9776742533975277,2.1931583372500163,0.9553550396586998,1.8494417566783141
2026-07-27 15:20:00+03:00,0.9680337878541341,2.016115566915172,0.985578170119291,2.406776657868924,0.9813021622718237,2.2800536868271597
2026-07-27 15:25:00+03:00,0.9719533589489847,2.080842610396712,0.9926177019690451,2.731620518958354,0.9809519672370103,2.2709757379459194
2026-07-27 15:30:00+03:00,0.9773354303630942,2.1857622297536485,0.990048057941792,2.5870122571721295,0.9796221626556121,2.237933076669648
2026-07-27 15:35:00+03:00,0.9668067945684976,1.9974277016621316,0.9826514225071095,2.316663029983412,0.9868646473459578,2.452250802233665
2026-07-27 15:40:00+03:00,0.948697375426196,1.7793665751599284,0.9884981304039407,2.516785901722825,0.9858598315459836,2.416380826100026
2026-07-27 15:45:00+03:00,0.9721061026964278,2.0835392227795007,0.9923150311700579,2.712187581384245,0.9879560425061744,2.4944174936097867
2026-07-27 15:50:00+03:00,0.9882560865314118,2.5066723669655127,0.99448651154682,2.8726257663453167,0.9858039647910352,2.414460965513082
2026-07-27 15:55:00+03:00,0.985142772561878,2.3922880875339727,0.9942649117836311,2.853604592622957,0.9853535949007951,2.3992505521464356
2026-07-27 16:00:00+03:00,0.9362477543774307,1.6687427136606188,0.9928733182951721,2.7486585192027047,0.7897098972501461,1.0141842245262396
2026-07-27 16:05:00+03:00,0.9647585385907598,1.9676689855469602,0.9933099532253944,2.7792167206829608,0.9820901604640726,2.3011061075538337
2026-07-27 16:10:00+03:00,0.9717316715384421,2.0769540962141786,0.9941610030454583,2.84493581618387,0.7846433010465439,0.9996674064548937
2026-07-27 16:15:00+03:00,0.5982152326949168,0.5701265672011786,0.9941105849217564,2.84078470240395,0.7819905603532855,0.9921655823913585
2026-07-27 16:20:00+03:00,0.5290313152626198,0.4348765329570094,0.9937374243778765,2.8111165112807526,0.8378887298535832,1.1675042028629177
2026-07-27 16:25:00+03:00,0.462372349677724,0.3066949544009486,0.9957338944283055,2.9963424772780565,0.7615125171657069,0.9363360267472295
2026-07-27 16:30:00+03:00,0.5962443171528031,0.5661937830604821,0.7922693668471855,1.021615202170295,0.8076797550530209,1.0678593784185304
2026-07-27 16:35:00+03:00,0.026849628774494767,-1.344218835801214,0.59310233081489,0.5599369786498518,0.12360821754069994,-0.5610752884920993
2026-07-27 16:40:00+03:00,0.01744448340407423,-1.5558199200012304,0.4236273628862619,0.23128671524756014,0.2781823799073693,-0.07859121122016026
2026-07-27 16:45:00+03:00,0.08631681349573417,-0.7534367864419369,0.35522265892449395,0.09292539133613696,0.16192504021446996,-0.41001247646469385
2026-07-27 16:50:00+03:00,0.1093898557793825,-0.6274539674230333,0.35569626905940394,0.09391761812115122,0.13163308829610654,-0.5264680280729085
2026-07-27 16:55:00+03:00,0.12568066816101986,-0.5519579980555273,0.25301350506311876,-0.14056180530324996,0.35573261180832266,0.09399373274558404
2026-07-27 17:00:00+03:00,0.12205836924789176,-0.5679796933570412,0.19360877372470947,-0.3057377552706999,0.37540451185866774,0.13471321369529454
2026-07-27 17:05:00+03:00,0.03699847539801135,-1.1852908658691266,0.06055294246741092,-0.9369428153056503,0.35716609291899554,0.09699318588911454
2026-07-27 17:10:00+03:00,0.0862344385872821,-0.7539383452644307,0.08569215517624895,-0.7572510380859361,0.4091078981700112,0.2026053698076936
2026-07-27 17:15:00+03:00,0.08479488910670858,-0.7627742062317494,0.08658893878742337,-0.7517829633062872,0.4330939457676363,0.24984364567461395
2026-07-27 17:20:00+03:00,0.08081870038870521,-0.7879073621790337,0.09126586130648146,-0.7240693509469763,0.41754050410117055,0.21929762264113406
2026-07-27 17:25:00+03:00,0.08826308041767339,-0.74171072938486,0.07543558068309049,-0.823795413839125,0.3935091546666729,0.1714393754917552
2026-07-27 17:30:00+03:00,0.13562278254888568,-0.509925716340028,0.08865760957832326,-0.7393622551587368,0.4042003154646579,0.19284269357549091
2026-07-27 17:35:00+03:00,0.20014079809389415,-0.28590709671612985,0.19864427139704652,-0.29040684090601016,0.40539931520038835,0.19523130882823467
2026-07-27 17:40:00+03:00,0.21138141341213446,-0.25288587148804803,0.10138133815590822,-0.6682438654162033,0.4460999442698478,0.27518589114026387
2026-07-27 17:45:00+03:00,0.26864481883131447,-0.10163712278223767,0.2091244473149891,-0.2594100906120929,0.4042179414389493,0.1928778240000809
2026-07-27 17:50:00+03:00,0.2570535773356335,-0.13035494009969786,0.27941652665524347,-0.0756450968158971,0.41753881219687977,0.21929428344500596
2026-07-27 17:55:00+03:00,0.2565129547155408,-0.13171463781456363,0.4310023704443802,0.24575235099463766,0.42506097488522765,0.2341036775929884
2026-07-28 09:55:00+03:00,0.168651672326231,-0.38660796380955764,0.18916425864380573,-0.31952312088892815,0.3932915516520787,0.171001693935503
2026-07-28 10:00:00+03:00,0.10219169781753513,-0.6639894462258739,0.9507045604665236,1.7995375032857308,0.5957526226449852,0.5652136219371652
2026-07-28 10:05:00+03:00,0.16316985950874663,-0.4056231492249329,0.9182109090908288,1.539821588230539,0.6000653577290063,0.5738240909907241
2026-07-28 10:10:00+03:00,0.3066294166818613,-0.012558872330468096,0.8843432086700906,1.35547500436726,0.5795418153151508,0.5330996893053946
2026-07-28 10:15:00+03:00,0.21292255853675907,-0.2484601329529726,0.8941756534455207,1.403427469909933,0.4394185618927167,0.2621874000728369
2026-07-28 10:20:00+03:00,0.2921978065548729,-0.04558634183913286,0.8937829977986451,1.4014389750039988,0.3438110887577166,0.06883186087558377
2026-07-28 10:25:00+03:00,0.4930927148342623,0.3658125617937535,0.8535091274063119,1.2250023072459266,0.3822845688189359,0.1487468435996738
2026-07-28 10:30:00+03:00,0.6316341357504389,0.6379006654274704,0.8235291506536945,1.1184690708718295,0.37104440134009453,0.12576679253398784
2026-07-28 10:35:00+03:00,0.5937314183409765,0.561188482322152,0.8564722352303025,1.2364741549826164,0.3200984401304221,0.01749088735001067
2026-07-28 10:40:00+03:00,0.6305002935778121,0.635563119111884,0.8540975465300903,1.2272649823725086,0.36796470030979844,0.11942168563699833
2026-07-28 10:45:00+03:00,0.7343294570178989,0.8670790695168608,0.8472174625954444,1.2012662883667893,0.5148647015630865,0.4076229729569226
2026-07-28 10:50:00+03:00,0.8525684763395752,1.2214007644326148,0.8558623373150971,1.2340969226257066,0.517799807580761,0.4132642690235319
2026-07-28 10:55:00+03:00,0.3740860882923767,0.13201241405980454,0.8663245544972,1.2760978213651346,0.4001968048538777,0.1848503059157682
2026-07-28 11:00:00+03:00,0.33613444291675926,0.05241048304882366,0.8623138451894028,1.2596811048476273,0.39801685594039393,0.1804872482239428
2026-07-28 11:05:00+03:00,0.2832425245565809,-0.06656197918925105,0.8254546204297675,1.124855924660945,0.42635193795767085,0.2366382234093843
2026-07-28 11:10:00+03:00,0.33961265328985746,0.0598731458845412,0.5842105673756368,0.542310527513866,0.40246961250930674,0.1893908045647989
2026-07-28 11:15:00+03:00,0.16498348367388105,-0.39927615703925673,0.2644620782923829,-0.11190652650067809,0.2893311530572557,-0.05225865263224807
2026-07-28 11:20:00+03:00,0.17336689370708175,-0.3706423369667494,0.18824781546891303,-0.32239636438469005,0.27666286697439246,-0.08222960100668936
2026-07-28 11:25:00+03:00,0.11070844908205234,-0.6209915798055046,0.1924065049981141,-0.3094427620334902,0.2625537333651083,-0.1166263616081592
2026-07-28 11:30:00+03:00,0.1113452610015404,-0.6178946897114116,0.18329974282921369,-0.33809847202260557,0.27118777320002546,-0.09544314705641047
2026-07-28 11:35:00+03:00,0.1282396844062972,-0.5408760891308115,0.30721015431497195,-0.011248478290711988,0.23911760539333107,-0.17652204384673081
2026-07-28 11:40:00+03:00,0.0657839006082364,-0.8944923282546381,0.26769455089992783,-0.10396123221571552,0.12237352293123133,-0.5665696344171169
2026-07-28 11:45:00+03:00,0.07399884385054131,-0.8337706847634235,0.2450583414378303,-0.1609804509424541,0.14167460104633292,-0.4855992134211942
2026-07-28 11:50:00+03:00,0.09477977072157051,-0.7040761725159002,0.36422909890313626,0.11169533024580929,0.14530150154648475,-0.4714335602000867
2026-07-28 11:55:00+03:00,0.10308065875299628,-0.6593566167382122,0.3472604493220252,0.07615323505456899,0.15647609646911886,-0.42955323525261213
2026-07-28 12:00:00+03:00,0.1211849943922187,-0.5719037922595266,0.2841738990102687,-0.06436212969952093,0.15685404386466265,-0.4281801753079979
2026-07-28 12:05:00+03:00,0.1878630090333642,-0.323606016394551,0.30576526264174636,-0.014511341731696839,0.19346894204284945,-0.3061677708643907
2026-07-28 12:10:00+03:00,0.5432930701410975,0.4624043066754806,0.32356506826900694,0.025114736511697267,0.3169936666296385,0.010625674703559922
2026-07-28 12:15:00+03:00,0.611381705488042,0.5965690024732697,0.35979968864701695,0.10248991244351084,0.3178638774534146,0.012553468803148142
2026-07-28 12:20:00+03:00,0.6209661424196227,0.6160215420649566,0.3555609831637923,0.093634250775077,0.33312510824220126,0.04592301893348569
2026-07-28 12:25:00+03:00,0.4525924057849941,0.28778054754991145,0.4493754801153969,0.2815442518398002,0.30510418654971105,-0.01600706183236738
2026-07-28 12:30:00+03:00,0.4705582900845891,0.32248293968422576,0.3914357328443071,0.16726546125070807,0.3187306334159704,0.014470809680835169
2026-07-28 12:35:00+03:00,0.5310808627980087,0.4388258408052079,0.3360804445411691,0.05229432882841215,0.32924789043862407,0.03752113861029049
2026-07-28 12:40:00+03:00,0.4527057686798413,0.28800016844756565,0.24190010546009402,-0.16921039338111887,0.32313840799860405,0.0241787398288788
2026-07-28 12:45:00+03:00,0.6549980022103745,0.6867866059157307,0.31670397748260026,0.009983292415817482,0.3268930774329952,0.03239373889784399
2026-07-28 12:50:00+03:00,0.7417696630303147,0.8855518830118125,0.34832397368248375,0.07840369916702948,0.33361678574285686,0.04698495565002691
2026-07-28 12:55:00+03:00,0.7349824305257002,0.8686868716413426,0.44992730148963117,0.28261457513752875,0.3380401402537484,0.056503902969141186
2026-07-28 13:00:00+03:00,0.7548434382675311,0.9188757703037657,0.4119194651815864,0.2081820872490685,0.34322434106499156,0.0675830129734213
2026-07-28 13:05:00+03:00,0.7900903723774778,1.0152846449271782,0.34512481493833047,0.0716243579506552,0.3439710241206735,0.06917209502008886
2026-07-28 13:10:00+03:00,0.7712750177444778,0.9625121142328221,0.3457258877586869,0.0729003383749171,0.3439710241206735,0.06917209502008886
2026-07-28 13:15:00+03:00,0.7566274468221211,0.9235144931279108,0.3541374768341655,0.09064965869562368,0.34014741717502456,0.061017192822480686
2026-07-28 13:20:00+03:00,0.7670461274580248,0.9510796661146225,0.40544840952280414,0.19532906511956344,0.3508725539173554,0.08378365890138655
2026-07-28 13:25:00+03:00,0.7500446624820273,0.9065099280012644,0.36262912298845,0.10837579168986396,0.35706326246607106,0.09677819959751037
2026-07-28 13:30:00+03:00,0.8244848715685678,1.1216323384687115,0.3949231572919675,0.17428140575684065,0.35763989227488385,0.09798339714557606
2026-07-28 13:35:00+03:00,0.8234890074640856,1.11833649901296,0.4649044049855877,0.3115822352419869,0.3480277898418341,0.07777728366250411
2026-07-28 13:40:00+03:00,0.7553744333744395,0.920254053090244,0.3811528047523163,0.14644510060186533,0.3494065870865127,0.0806912738783898
2026-07-28 13:45:00+03:00,0.7030995592203615,0.7928733525438046,0.32996964804882484,0.03908895300657174,0.3493160748282452,0.08050014648958094
2026-07-28 13:50:00+03:00,0.7402059001549463,0.8816410358142632,0.4119875765298696,0.2083170425144279,0.3520556707179534,0.08627505717165805
2026-07-28 13:55:00+03:00,0.7881744100706843,1.0097580218165794,0.3738204211888112,0.13146773090578767,0.35375381174699827,0.08984432307202367
2026-07-28 14:00:00+03:00,0.710546452979226,0.8101230906502194,0.2125756269829167,-0.24945437750587707,0.3576713054514591,0.09804902815940725
2026-07-28 14:05:00+03:00,0.7398705844673382,0.8808044306918209,0.16776121605985878,-0.38966278287186773,0.3563891286715138,0.09536811374193217
2026-07-28 14:10:00+03:00,0.8222355792799709,1.1142089426650579,0.11979603282999958,-0.5781949606929202,0.33731869142951754,0.05495557470483244
2026-07-28 14:15:00+03:00,0.594914125873301,0.5635430155902925,0.12992157055857698,-0.5336949527776025,0.3533812686552715,0.08906195479961841
2026-07-28 14:20:00+03:00,0.6275597027259187,0.6295144976709269,0.19375914356930468,-0.3052755956009819,0.3316148056518126,0.04265610928313737
2026-07-28 14:25:00+03:00,0.6005763911939879,0.5748464059216339,0.11647742301142786,-0.593485594125042,0.36027623288587235,0.10348264209282279
2026-07-28 14:30:00+03:00,0.39183049898191946,0.16806075061717268,0.1405852930852884,-0.489912776242702,0.34554575879755156,0.07251806371037339
2026-07-28 14:35:00+03:00,0.2684056754497375,-0.10222151463229605,0.15145446469327994,-0.4480585672101276,0.309751070233121,-0.005531189415418088
2026-07-28 14:40:00+03:00,0.16951494553407517,-0.3836586494848946,0.2145325142649157,-0.2438616745416914,0.27910814014366586,-0.07638051786241795
2026-07-28 14:45:00+03:00,0.20338520034855967,-0.27623770545400234,0.20251233637548954,-0.27882773478404177,0.2831242835507138,-0.06684156974614236
2026-07-28 14:50:00+03:00,0.1844091335507372,-0.3345497326570325,0.17093148054302876,-0.37884494335898344,0.2578004232871225,-0.12847965093185112
2026-07-28 14:55:00+03:00,0.17935621989228268,-0.35084975819573544,0.30321517902638323,-0.020291103966853408,0.2760348276485214,-0.08373700719662844
2026-07-28 15:00:00+03:00,0.11356274892675002,-0.6072302458507038,0.34990898658810987,0.08175173398495367,0.2638976088368027,-0.11330032323630566
2026-07-28 15:05:00+03:00,0.1309477283860705,-0.5293523396237724,0.3536476284976525,0.08962136837507906,0.2811992699017229,-0.07140341514594437
2026-07-28 15:10:00+03:00,0.13541010177550658,-0.5107971007945444,0.3385731428250772,0.0576467610424522,0.2808663545175856,-0.07219427227131059
2026-07-28 15:15:00+03:00,0.12371597631773375,-0.5605980068789892,0.2784789000425425,-0.07788263729909972,0.289922299792644,-0.05087953792755078
2026-07-28 15:20:00+03:00,0.40361161622236597,0.191669070277984,0.3353240517307846,0.050666305116541466,0.3870102418465597,0.15833005871176922
2026-07-28 15:25:00+03:00,0.4877598984687333,0.3555699615123156,0.3848119723975813,0.15387766529425717,0.33339737083035736,0.04651115485630822
2026-07-28 15:30:00+03:00,0.20822588855847077,-0.2620219613751129,0.45795299361378555,0.29815574147524626,0.4627505875900015,0.3074252472607452
2026-07-28 15:35:00+03:00,0.3068916764862585,-0.011966930260045075,0.446546340938169,0.2760529437025012,0.5895652240389293,0.5529114485210855
2026-07-28 15:40:00+03:00,0.2596951803876225,-0.1237378577471474,0.5255760086426133,0.4282226439883271,0.6293560117705463,0.6332070587244725
2026-07-28 15:45:00+03:00,0.47675375394439456,0.3344111961687731,0.45425992616786487,0.2910101300595992,0.6649669688771493,0.7081106717793747
2026-07-28 15:50:00+03:00,0.40805519702543847,0.20051433196350724,0.4236667027648257,0.2313640492595288,0.6454000936849299,0.6665303117890231
2026-07-28 15:55:00+03:00,0.45814405575987943,0.2985251721846881,0.3901661328778834,0.16470579935487195,0.6463033999419864,0.6684259152000336
2026-07-28 16:00:00+03:00,0.38761190316348276,0.1595470359086101,0.40868120768937743,0.20175801182184894,0.9409350402931862,1.7077947766359758
2026-07-28 16:05:00+03:00,0.46960900681916057,0.3206538132732061,0.4532489760124577,0.2890524067276743,0.9449287447635933,1.7434316515545796
2026-07-28 16:10:00+03:00,0.5264166084351853,0.42984092966561427,0.49270790501357475,0.36507359663818645,0.9067552091428627,1.4708766578046373
2026-07-28 16:15:00+03:00,0.5990044527902826,0.5717031540518462,0.5312054837193195,0.4390660387795333,0.9357696469927772,1.6649113201658283
2026-07-28 16:20:00+03:00,0.7542508921712012,0.9173400996315428,0.5984416072799618,0.5705786803815157,0.921098661774099,1.5585822608690112
2026-07-28 16:25:00+03:00,0.7322018232336047,0.8618576501314713,0.5608290838562188,0.4964452949419405,0.728147837060312,0.8519810052110632
2026-07-28 16:30:00+03:00,0.8439578809106228,1.189283298165386,0.4890801430395887,0.3581061286678162,0.6577772811936072,0.6927013366447775
2026-07-28 16:35:00+03:00,0.718968680628249,0.8299524324154907,0.45186291631462916,0.286367059582455,0.5549089139040004,0.4849243890510461
2026-07-28 16:40:00+03:00,0.519851563560423,0.4172091385617599,0.10729149355617187,-0.6378803179949093,0.5939425327835547,0.5616086092912299
2026-07-28 16:45:00+03:00,0.055807585094732035,-0.978532215409145,0.06995978737370692,-0.8628009248430422,0.31235094927356405,0.00029207606727238005
2026-07-28 16:50:00+03:00,0.040421674843857676,-1.1411077495161424,0.07560380385105465,-0.8226388800502582,0.2304246388344772,-0.19974948044575475
2026-07-28 16:55:00+03:00,0.14542774649043844,-0.4709458019198884,0.22213852046473173,-0.22246840223645586,0.3215825392802446,0.02076002170052828
2026-07-28 17:00:00+03:00,0.1571080064430515,-0.4272590567640549,0.2262950768833842,-0.21099835328017535,0.37994321639188694,0.14398217667114988
2026-07-28 17:05:00+03:00,0.0958930543412415,-0.6978804123030691,0.2981890508636182,-0.031763991139440895,0.44295981465339895,0.2690818470734403
2026-07-28 17:10:00+03:00,0.16245174432507473,-0.4081519702872984,0.27024356696432184,-0.09773869915107081,0.34164117542191585,0.06420826230761273
2026-07-28 17:15:00+03:00,0.1587773648331596,-0.4212342646173071,0.20488384003107257,-0.27181005920813023,0.3034800478878923,-0.019689508656340907
2026-07-28 17:20:00+03:00,0.1812138672143657,-0.3448161914824512,0.29532442090916083,-0.03835262146052626,0.3319252930914311,0.04332832888699864
2026-07-28 17:25:00+03:00,0.1414064263292215,-0.4866585832502626,0.35541416929289155,0.09332668245413839,0.3882967825182052,0.16093149443832913
2026-07-28 17:30:00+03:00,0.18520926689983525,-0.33200049513267155,0.33759230956392466,0.055542987712631664,0.38533123364560556,0.15493023326334635
2026-07-28 17:35:00+03:00,0.5991319260514321,0.5719578972245161,0.2798070230190627,-0.07471457788160463,0.3978413201363095,0.1801355723181367
2026-07-28 17:40:00+03:00,0.5066403472447871,0.39182495001803425,0.2608260689954204,-0.12091841434486539,0.37743661152281194,0.1388685952719351
2026-07-28 17:45:00+03:00,0.4934681313122554,0.3665334733984431,0.24769866710108152,-0.1541549445873992,0.35268690918820456,0.08760274864109671
2026-07-28 17:50:00+03:00,0.39555663681199627,0.17555349906935885,0.24032677298584967,-0.17333757577645215,0.30056187698831277,-0.026334035085869446
2026-07-28 17:55:00+03:00,0.6274192911550969,0.6292261687895836,0.4373253919179114,0.2581066137457845,0.32866936838887406,0.036263199414848096
2026-07-29 09:55:00+03:00,0.9872623086421383,2.4671998901565138,0.01787844145433418,-1.5438135534184252,0.6564966847877504,0.6899731986503855
2026-07-29 10:00:00+03:00,0.48880814274315065,0.35758364586749974,0.027159725948689126,-1.3385540572742975,0.4747384209799304,0.330532723580972
2026-07-29 10:05:00+03:00,0.1687459498405877,-0.38628528686338387,0.04936732036382174,-1.0406517061512846,0.3490476549874433,0.07993321114558999
2026-07-29 10:10:00+03:00,0.177378832279942,-0.35732613852246536,0.0466012448010596,-1.0697230891647065,0.34361249019775625,0.06840927273889942
2026-07-29 10:14:28+03:00,0.470182048069615,0.3217580276132055,0.007718382602328053,-1.9519388712408237,0.36422740820738086,0.11169182578800463
