{
  "accuracy": 0.5181818181818182,
  "long": {
    "f1-score": 0.5546218487394958,
    "precision": 0.55,
    "recall": 0.559322033898305,
    "support": 59.0
  },
  "long_accuracy": 0.5181818181818182,
  "macro avg": {
    "f1-score": 0.5149346867459855,
    "precision": 0.515,
    "recall": 0.5149551345962113,
    "support": 110.0
  },
  "not_long": {
    "f1-score": 0.4752475247524752,
    "precision": 0.48,
    "recall": 0.47058823529411764,
    "support": 51.0
  },
  "observation_count": 110,
  "weighted avg": {
    "f1-score": 0.5178210258000591,
    "precision": 0.5175454545454546,
    "recall": 0.5181818181818182,
    "support": 110.0
  }
}