{
  "accuracy": 0.4583333333333333,
  "long": {
    "f1-score": 0.453781512605042,
    "precision": 0.4251968503937008,
    "recall": 0.4864864864864865,
    "support": 111.0
  },
  "long_accuracy": 0.4583333333333333,
  "macro avg": {
    "f1-score": 0.45829571498020694,
    "precision": 0.4603860358163194,
    "recall": 0.4602975068091347,
    "support": 240.0
  },
  "not_long": {
    "f1-score": 0.4628099173553719,
    "precision": 0.49557522123893805,
    "recall": 0.43410852713178294,
    "support": 129.0
  },
  "observation_count": 240,
  "weighted avg": {
    "f1-score": 0.45863428015834434,
    "precision": 0.4630252247230158,
    "recall": 0.4583333333333333,
    "support": 240.0
  }
}