Date,ReversalProbability
2026-05-07 09:55:00+03:00,2.8640836333190354e-05
2026-05-07 10:00:00+03:00,1.586063238174674e-05
2026-05-07 10:05:00+03:00,1.6495143545643444e-05
2026-05-07 10:10:00+03:00,1.8837764235620997e-05
2026-05-07 10:15:00+03:00,1.8837764235620997e-05
2026-05-07 10:20:00+03:00,2.3882471104349073e-05
2026-05-07 10:25:00+03:00,2.7421278696532378e-05
2026-05-07 10:30:00+03:00,1.6204077893068226e-05
2026-05-07 10:35:00+03:00,2.2428618557187668e-05
2026-05-07 10:40:00+03:00,2.1553817476837696e-05
2026-05-07 10:45:00+03:00,1.9753269991394322e-05
2026-05-07 10:50:00+03:00,1.619730930872592e-05
2026-05-07 10:55:00+03:00,1.6204077893068226e-05
2026-05-07 11:00:00+03:00,1.6347578830138833e-05
2026-05-07 11:05:00+03:00,1.619730930872592e-05
2026-05-07 11:10:00+03:00,1.6204077893068226e-05
2026-05-07 11:15:00+03:00,2.2428618557187668e-05
2026-05-07 11:20:00+03:00,1.9745018907900834e-05
2026-05-07 11:25:00+03:00,1.6204077893068226e-05
2026-05-07 11:30:00+03:00,2.1422407374290957e-05
2026-05-07 11:35:00+03:00,1.7305885317889004e-05
2026-05-07 11:40:00+03:00,1.6644229088557334e-05
2026-05-07 11:45:00+03:00,2.183897854661725e-05
2026-05-07 11:50:00+03:00,2.249435907680622e-05
2026-05-07 11:55:00+03:00,2.8837518922490636e-05
2026-05-07 12:00:00+03:00,1.795917691587141e-05
2026-05-07 12:05:00+03:00,3.1771098206498934e-05
2026-05-07 12:10:00+03:00,4.1686824461801896e-05
2026-05-07 12:15:00+03:00,1.625447756105476e-05
2026-05-07 12:20:00+03:00,1.8772218198481875e-05
2026-05-07 12:25:00+03:00,2.127244136793512e-05
2026-05-07 12:30:00+03:00,1.5446760352864422e-05
2026-05-07 12:35:00+03:00,1.8902476065956523e-05
2026-05-07 12:40:00+03:00,1.5739605778329466e-05
2026-05-07 12:45:00+03:00,2.309682791033817e-05
2026-05-07 12:50:00+03:00,1.832037618692678e-05
2026-05-07 12:55:00+03:00,1.832037618692678e-05
2026-05-07 13:00:00+03:00,4.692971807144371e-05
2026-05-07 13:05:00+03:00,3.026454278468354e-05
2026-05-07 13:10:00+03:00,1.7263062389936798e-05
2026-05-07 13:15:00+03:00,2.4540499516283624e-05
2026-05-07 13:20:00+03:00,2.9722317220148652e-05
2026-05-07 13:25:00+03:00,2.0321430401728557e-05
2026-05-07 13:30:00+03:00,2.0321430401728557e-05
2026-05-07 13:35:00+03:00,6.76600458311332e-05
2026-05-07 13:40:00+03:00,2.7150130069687706e-05
2026-05-07 13:45:00+03:00,1.9608547470487163e-05
2026-05-07 13:50:00+03:00,1.9903680651184445e-05
2026-05-07 13:55:00+03:00,2.0020102922277673e-05
2026-05-07 14:00:00+03:00,3.185372733810438e-05
2026-05-07 14:05:00+03:00,2.160252315821535e-05
2026-05-07 14:10:00+03:00,2.335874566219906e-05
2026-05-07 14:15:00+03:00,3.107725853212155e-05
2026-05-07 14:20:00+03:00,2.0284440296731387e-05
2026-05-07 14:25:00+03:00,2.1147807988689606e-05
2026-05-07 14:30:00+03:00,2.1147807988689606e-05
2026-05-07 14:35:00+03:00,1.81152646111194e-05
2026-05-07 14:40:00+03:00,1.81152646111194e-05
2026-05-07 14:45:00+03:00,2.0588563573932086e-05
2026-05-07 14:50:00+03:00,2.065398186616085e-05
2026-05-07 14:55:00+03:00,3.004324525772437e-05
2026-05-07 15:00:00+03:00,1.6942956040766794e-05
2026-05-07 15:05:00+03:00,2.318336217042968e-05
2026-05-07 15:10:00+03:00,1.6942956040766794e-05
2026-05-07 15:15:00+03:00,1.7645619463435203e-05
2026-05-07 15:20:00+03:00,1.626719443137564e-05
2026-05-07 15:25:00+03:00,2.0367767796598615e-05
2026-05-07 15:30:00+03:00,2.0123532902801277e-05
2026-05-07 15:35:00+03:00,1.9943283191795326e-05
2026-05-07 15:40:00+03:00,1.6204077893068226e-05
2026-05-07 15:45:00+03:00,2.0679354599190187e-05
2026-05-07 15:50:00+03:00,1.6204077893068226e-05
2026-05-07 15:55:00+03:00,1.9753269991394322e-05
2026-05-07 16:00:00+03:00,2.010808670392355e-05
2026-05-07 16:05:00+03:00,1.6204077893068226e-05
2026-05-07 16:10:00+03:00,1.6204077893068226e-05
2026-05-07 16:15:00+03:00,1.7066401747102086e-05
2026-05-07 16:20:00+03:00,1.6204077893068226e-05
2026-05-07 16:25:00+03:00,1.907359390513663e-05
2026-05-07 16:30:00+03:00,1.828940757659617e-05
2026-05-07 16:35:00+03:00,1.812565448403669e-05
2026-05-07 16:40:00+03:00,1.530477117015448e-05
2026-05-07 16:45:00+03:00,2.441245129289245e-05
2026-05-07 16:50:00+03:00,2.3902129546923755e-05
2026-05-07 16:55:00+03:00,1.636486470362494e-05
2026-05-07 17:00:00+03:00,1.7242126190335317e-05
2026-05-07 17:05:00+03:00,1.5937827795053567e-05
2026-05-07 17:10:00+03:00,1.7660953345771613e-05
2026-05-07 17:15:00+03:00,2.0123532902801277e-05
2026-05-07 17:20:00+03:00,2.0367767796598615e-05
2026-05-07 17:25:00+03:00,1.8293445522985277e-05
2026-05-07 17:30:00+03:00,1.9753269991394322e-05
2026-05-07 17:35:00+03:00,2.1562824407983853e-05
2026-05-07 17:40:00+03:00,1.907359390513663e-05
2026-05-07 17:45:00+03:00,2.1317959922897432e-05
2026-05-07 17:50:00+03:00,1.6495143545643444e-05
2026-05-07 17:55:00+03:00,1.8362263381028285e-05
2026-05-08 09:55:00+03:00,0.0001409777646487322
2026-05-08 10:00:00+03:00,0.9997307765613478
2026-05-08 10:05:00+03:00,6.774616618763537e-05
2026-05-08 10:10:00+03:00,0.00047323503447274797
2026-05-08 10:15:00+03:00,0.9999268312947587
2026-05-08 10:20:00+03:00,0.9997994853364646
2026-05-08 10:25:00+03:00,0.9998775256523644
2026-05-08 10:30:00+03:00,0.9998668386596333
2026-05-08 10:35:00+03:00,0.9998334671001285
2026-05-08 10:40:00+03:00,0.9998703396017367
2026-05-08 10:45:00+03:00,0.00031916918623059714
2026-05-08 10:50:00+03:00,0.0006657398788846476
2026-05-08 10:55:00+03:00,0.0008221423301145496
2026-05-08 11:00:00+03:00,0.0008473710208296101
2026-05-08 11:05:00+03:00,0.0004497554036314767
2026-05-08 11:10:00+03:00,0.00043748781920980407
2026-05-08 11:15:00+03:00,0.0002922532576035947
2026-05-08 11:20:00+03:00,0.0004033605664258454
2026-05-08 11:25:00+03:00,0.00027330079244933806
2026-05-08 11:30:00+03:00,0.00011968505346553197
2026-05-08 11:35:00+03:00,3.776803018028569e-05
2026-05-08 11:40:00+03:00,2.2304383004419028e-05
2026-05-08 11:45:00+03:00,0.00022862455724350034
2026-05-08 11:50:00+03:00,2.7859384091195388e-05
2026-05-08 11:55:00+03:00,7.476459173991338e-05
2026-05-08 12:00:00+03:00,4.8502594725606006e-05
2026-05-08 12:05:00+03:00,3.5529165352840386e-05
2026-05-08 12:10:00+03:00,2.9141174211300473e-05
2026-05-08 12:15:00+03:00,3.031088162012288e-05
2026-05-08 12:20:00+03:00,2.6649276880521855e-05
2026-05-08 12:25:00+03:00,2.1899938246410454e-05
2026-05-08 12:30:00+03:00,3.213123082464012e-05
2026-05-08 12:35:00+03:00,3.5116678334031246e-05
2026-05-08 12:40:00+03:00,3.588057316309194e-05
2026-05-08 12:45:00+03:00,5.001886709107153e-05
2026-05-08 12:50:00+03:00,0.0001819275961483375
2026-05-08 12:55:00+03:00,5.9660685906819015e-05
2026-05-08 13:00:00+03:00,5.2269884593292026e-05
2026-05-08 13:05:00+03:00,3.1442091311106105e-05
2026-05-08 13:10:00+03:00,0.00012044451794447689
2026-05-08 13:15:00+03:00,0.00019896328762386662
2026-05-08 13:20:00+03:00,0.00012209608822509084
2026-05-08 13:25:00+03:00,4.8079972875004e-05
2026-05-08 13:30:00+03:00,3.0126814700108255e-05
2026-05-08 13:35:00+03:00,4.132007251843356e-05
2026-05-08 13:40:00+03:00,2.616325942535922e-05
2026-05-08 13:45:00+03:00,2.402646299178677e-05
2026-05-08 13:50:00+03:00,2.4196650758052334e-05
2026-05-08 13:55:00+03:00,2.6983044812374493e-05
2026-05-08 14:00:00+03:00,1.707075594448777e-05
2026-05-08 14:05:00+03:00,1.961544790012105e-05
2026-05-08 14:10:00+03:00,2.0236795664015455e-05
2026-05-08 14:15:00+03:00,2.2112030304642602e-05
2026-05-08 14:20:00+03:00,1.9518545250561212e-05
2026-05-08 14:25:00+03:00,1.870434128604689e-05
2026-05-08 14:30:00+03:00,1.601152692177363e-05
2026-05-08 14:35:00+03:00,1.819171678815212e-05
2026-05-08 14:40:00+03:00,1.7718028234246327e-05
2026-05-08 14:45:00+03:00,2.6310024279794064e-05
2026-05-08 14:50:00+03:00,1.7718028234246327e-05
2026-05-08 14:55:00+03:00,1.7718028234246327e-05
2026-05-08 15:00:00+03:00,1.7718028234246327e-05
2026-05-08 15:05:00+03:00,1.7676166660028895e-05
2026-05-08 15:10:00+03:00,1.3654244598255924e-05
2026-05-08 15:15:00+03:00,1.5998693722215613e-05
2026-05-08 15:20:00+03:00,1.704522303153496e-05
2026-05-08 15:25:00+03:00,2.1277420227804468e-05
2026-05-08 15:30:00+03:00,1.7036921839203917e-05
2026-05-08 15:35:00+03:00,1.5374680210203944e-05
2026-05-08 15:40:00+03:00,1.5327436368611595e-05
2026-05-08 15:45:00+03:00,2.1277420227804468e-05
2026-05-08 15:50:00+03:00,2.1036077355753462e-05
2026-05-08 15:55:00+03:00,1.5513462996450243e-05
2026-05-08 16:00:00+03:00,1.6336597171012768e-05
2026-05-08 16:05:00+03:00,1.7324673842779612e-05
2026-05-08 16:10:00+03:00,1.9414221443483465e-05
2026-05-08 16:15:00+03:00,1.6581165627901018e-05
2026-05-08 16:20:00+03:00,1.5586193775545173e-05
2026-05-08 16:25:00+03:00,1.7271302909829717e-05
2026-05-08 16:30:00+03:00,1.959137445831046e-05
2026-05-08 16:35:00+03:00,2.220010965185373e-05
2026-05-08 16:40:00+03:00,2.1899958979360082e-05
2026-05-08 16:45:00+03:00,2.3850655642640704e-05
2026-05-08 16:50:00+03:00,2.4289215302241304e-05
2026-05-08 16:55:00+03:00,1.5233353590025076e-05
2026-05-08 17:00:00+03:00,1.8041714204059323e-05
2026-05-08 17:05:00+03:00,2.045914755668747e-05
2026-05-08 17:10:00+03:00,1.8772218198481875e-05
2026-05-08 17:15:00+03:00,1.593366254983946e-05
2026-05-08 17:20:00+03:00,1.593366254983946e-05
2026-05-08 17:25:00+03:00,2.611087491450284e-05
2026-05-08 17:30:00+03:00,2.6891406564375675e-05
2026-05-08 17:35:00+03:00,3.037201561838803e-05
2026-05-08 17:40:00+03:00,1.8266451763834445e-05
2026-05-08 17:45:00+03:00,1.832138177073781e-05
2026-05-08 17:50:00+03:00,2.487910751695931e-05
2026-05-08 17:55:00+03:00,1.9613481490729804e-05
2026-05-11 09:55:00+03:00,0.01324694814514479
2026-05-11 10:00:00+03:00,8.757466840908416e-05
2026-05-11 10:05:00+03:00,5.440797859722578e-05
2026-05-11 10:10:00+03:00,0.005079519299420781
2026-05-11 10:15:00+03:00,0.003007629728722261
2026-05-11 10:20:00+03:00,0.003413452288247215
2026-05-11 10:25:00+03:00,0.001194784666422233
2026-05-11 10:30:00+03:00,0.001428878766238279
2026-05-11 10:35:00+03:00,0.0018193822845302223
2026-05-11 10:40:00+03:00,0.002305119842590911
2026-05-11 10:45:00+03:00,0.002525501100358273
2026-05-11 10:50:00+03:00,0.0005273681614389929
2026-05-11 10:55:00+03:00,0.009744272554342601
2026-05-11 11:00:00+03:00,3.841616697822201e-05
2026-05-11 11:05:00+03:00,0.00014220857121364632
2026-05-11 11:10:00+03:00,0.000545513200968021
2026-05-11 11:15:00+03:00,0.0007966818927141107
2026-05-11 11:20:00+03:00,0.9997312315071111
2026-05-11 11:25:00+03:00,0.0004127968137076856
2026-05-11 11:30:00+03:00,3.5160327753714037e-05
2026-05-11 11:35:00+03:00,2.9696990642802878e-05
2026-05-11 11:40:00+03:00,4.344418579150199e-05
2026-05-11 11:45:00+03:00,0.00035411472754926686
2026-05-11 11:50:00+03:00,2.815415391444371e-05
2026-05-11 11:55:00+03:00,6.745223997678965e-05
2026-05-11 12:00:00+03:00,0.00010346011779468038
2026-05-11 12:05:00+03:00,3.795411665880661e-05
2026-05-11 12:10:00+03:00,0.0003007381722408335
2026-05-11 12:15:00+03:00,5.575114083385467e-05
2026-05-11 12:20:00+03:00,6.833918187464514e-05
2026-05-11 12:25:00+03:00,0.023664059612691527
2026-05-11 12:30:00+03:00,0.00010617836910203602
2026-05-11 12:35:00+03:00,0.00021912055685620235
2026-05-11 12:40:00+03:00,3.831768213291019e-05
2026-05-11 12:45:00+03:00,0.00010822663915242084
2026-05-11 12:50:00+03:00,0.0005325652348481687
2026-05-11 12:55:00+03:00,0.00011445919783496912
2026-05-11 13:00:00+03:00,0.00013794491550800483
2026-05-11 13:05:00+03:00,0.00018656255915058543
2026-05-11 13:10:00+03:00,4.252879716096486e-05
2026-05-11 13:15:00+03:00,0.00014425010021339984
2026-05-11 13:20:00+03:00,2.9283561311545534e-05
2026-05-11 13:25:00+03:00,7.775737561334285e-05
2026-05-11 13:30:00+03:00,0.0061786002652663135
2026-05-11 13:35:00+03:00,4.0142523812086035e-05
2026-05-11 13:40:00+03:00,3.5984330552633625e-05
2026-05-11 13:45:00+03:00,0.0021302145809265834
2026-05-11 13:50:00+03:00,3.3654524754285374e-05
2026-05-11 13:55:00+03:00,0.00359554491514139
2026-05-11 14:00:00+03:00,1.812721720131696e-05
2026-05-11 14:05:00+03:00,0.00027963705403737804
2026-05-11 14:10:00+03:00,0.0009977360881079976
2026-05-11 14:15:00+03:00,0.0033431013769314403
2026-05-11 14:20:00+03:00,0.9998178505067509
2026-05-11 14:25:00+03:00,0.00666087681705858
2026-05-11 14:30:00+03:00,0.0036738787928460945
2026-05-11 14:35:00+03:00,0.006699699613595056
2026-05-11 14:40:00+03:00,0.001209949035767548
2026-05-11 14:45:00+03:00,0.00015691011243407698
2026-05-11 14:50:00+03:00,0.0009770009146353612
2026-05-11 14:55:00+03:00,0.9996771517229718
2026-05-11 15:00:00+03:00,0.00041036571644678817
2026-05-11 15:05:00+03:00,0.0017324458079067283
2026-05-11 15:10:00+03:00,0.0008147716484720039
2026-05-11 15:15:00+03:00,0.0002777624367272445
2026-05-11 15:20:00+03:00,0.0002307452701207216
2026-05-11 15:25:00+03:00,0.00017067766341978394
2026-05-11 15:30:00+03:00,3.3026742494734125e-05
2026-05-11 15:35:00+03:00,2.2888796884916244e-05
2026-05-11 15:40:00+03:00,2.538777897722372e-05
2026-05-11 15:45:00+03:00,7.026552639709768e-05
2026-05-11 15:50:00+03:00,0.9995993345709536
2026-05-11 15:55:00+03:00,0.00019806889473730774
2026-05-11 16:00:00+03:00,2.1200407816030996e-05
2026-05-11 16:05:00+03:00,2.0798104763027893e-05
2026-05-11 16:10:00+03:00,2.277786700553324e-05
2026-05-11 16:15:00+03:00,1.7297613484976074e-05
2026-05-11 16:20:00+03:00,1.7297613484976074e-05
2026-05-11 16:25:00+03:00,1.7297613484976074e-05
2026-05-11 16:30:00+03:00,2.310536916528298e-05
2026-05-11 16:35:00+03:00,2.1791281751620826e-05
2026-05-11 16:40:00+03:00,1.6644229088557334e-05
2026-05-11 16:45:00+03:00,2.4043087724895826e-05
2026-05-11 16:50:00+03:00,2.2927285557217645e-05
2026-05-11 16:55:00+03:00,2.4043087724895826e-05
2026-05-11 17:00:00+03:00,2.6703351056718483e-05
2026-05-11 17:05:00+03:00,2.2027299432451278e-05
2026-05-11 17:10:00+03:00,2.2027299432451278e-05
2026-05-11 17:15:00+03:00,2.2027299432451278e-05
2026-05-11 17:20:00+03:00,1.8868641536095307e-05
2026-05-11 17:25:00+03:00,1.8507395820346264e-05
2026-05-11 17:30:00+03:00,1.7643878928800706e-05
2026-05-11 17:35:00+03:00,2.1470505202824056e-05
2026-05-11 17:40:00+03:00,2.41947487682982e-05
2026-05-11 17:45:00+03:00,1.904767467875717e-05
2026-05-11 17:50:00+03:00,8.049661937399804e-05
2026-05-11 17:55:00+03:00,5.1112697784440005e-05
2026-05-12 09:55:00+03:00,2.3528021272990025e-05
2026-05-12 10:00:00+03:00,4.460653300332833e-05
2026-05-12 10:05:00+03:00,1.7169632101721657e-05
2026-05-12 10:10:00+03:00,2.2437833382821454e-05
2026-05-12 10:15:00+03:00,2.059057076621829e-05
2026-05-12 10:20:00+03:00,2.1798135637231983e-05
2026-05-12 10:25:00+03:00,2.174112544608637e-05
2026-05-12 10:30:00+03:00,2.0123532902801277e-05
2026-05-12 10:35:00+03:00,2.6404162293634742e-05
2026-05-12 10:40:00+03:00,1.9943283191795326e-05
2026-05-12 10:45:00+03:00,1.7103952377171797e-05
2026-05-12 10:50:00+03:00,1.7103952377171797e-05
2026-05-12 10:55:00+03:00,1.907359390513663e-05
2026-05-12 11:00:00+03:00,1.6400744003468973e-05
2026-05-12 11:05:00+03:00,1.6104614205360106e-05
2026-05-12 11:10:00+03:00,1.7066401747102086e-05
2026-05-12 11:15:00+03:00,1.530477117015448e-05
2026-05-12 11:20:00+03:00,1.7125134940522653e-05
2026-05-12 11:25:00+03:00,1.7125134940522653e-05
2026-05-12 11:30:00+03:00,1.594126726575007e-05
2026-05-12 11:35:00+03:00,1.7125134940522653e-05
2026-05-12 11:40:00+03:00,1.5739605778329466e-05
2026-05-12 11:45:00+03:00,2.3113413905582596e-05
2026-05-12 11:50:00+03:00,2.901335409185105e-05
2026-05-12 11:55:00+03:00,2.4074648666056118e-05
2026-05-12 12:00:00+03:00,2.0415042306741888e-05
2026-05-12 12:05:00+03:00,2.4842666988939005e-05
2026-05-12 12:10:00+03:00,4.318625350301767e-05
2026-05-12 12:15:00+03:00,4.8710048849919294e-05
2026-05-12 12:20:00+03:00,0.00013154229416174803
2026-05-12 12:25:00+03:00,8.712249192240637e-05
2026-05-12 12:30:00+03:00,5.50001152660527e-05
2026-05-12 12:35:00+03:00,3.6303293603735814e-05
2026-05-12 12:40:00+03:00,2.5666837018645768e-05
2026-05-12 12:45:00+03:00,2.749002072070322e-05
2026-05-12 12:50:00+03:00,3.966459034271375e-05
2026-05-12 12:55:00+03:00,8.578382178008622e-05
2026-05-12 13:00:00+03:00,7.688207144208752e-05
2026-05-12 13:05:00+03:00,4.8466678933109365e-05
2026-05-12 13:10:00+03:00,6.666648630970416e-05
2026-05-12 13:15:00+03:00,3.3268155114236784e-05
2026-05-12 13:20:00+03:00,3.541572293061767e-05
2026-05-12 13:25:00+03:00,5.066376939178923e-05
2026-05-12 13:30:00+03:00,8.675840565026141e-05
2026-05-12 13:35:00+03:00,0.00010171960862516282
2026-05-12 13:40:00+03:00,0.00010507649524389665
2026-05-12 13:45:00+03:00,2.8493367782055583e-05
2026-05-12 13:50:00+03:00,3.977885041713455e-05
2026-05-12 13:55:00+03:00,1.9329049611677333e-05
2026-05-12 14:00:00+03:00,2.1750372232159677e-05
2026-05-12 14:05:00+03:00,2.25063011533975e-05
2026-05-12 14:10:00+03:00,1.605189324230006e-05
2026-05-12 14:15:00+03:00,1.64949052390195e-05
2026-05-12 14:20:00+03:00,1.61483228127162e-05
2026-05-12 14:25:00+03:00,2.1944110211133773e-05
2026-05-12 14:30:00+03:00,1.7904336920848158e-05
2026-05-12 14:35:00+03:00,2.0588563573932086e-05
2026-05-12 14:40:00+03:00,1.64949052390195e-05
2026-05-12 14:45:00+03:00,1.64949052390195e-05
2026-05-12 14:50:00+03:00,2.0588563573932086e-05
2026-05-12 14:55:00+03:00,1.6401798110334773e-05
2026-05-12 15:00:00+03:00,1.64949052390195e-05
2026-05-12 15:05:00+03:00,1.7904336920848158e-05
2026-05-12 15:10:00+03:00,2.9217526014597956e-05
2026-05-12 15:15:00+03:00,1.64949052390195e-05
2026-05-12 15:20:00+03:00,2.0880238136385858e-05
2026-05-12 15:25:00+03:00,2.1570076943222307e-05
2026-05-12 15:30:00+03:00,1.6806546625195826e-05
2026-05-12 15:35:00+03:00,2.6601728402696207e-05
2026-05-12 15:40:00+03:00,1.64949052390195e-05
2026-05-12 15:45:00+03:00,1.6401798110334773e-05
2026-05-12 15:50:00+03:00,1.6401798110334773e-05
2026-05-12 15:55:00+03:00,1.6553964732375992e-05
2026-05-12 16:00:00+03:00,3.4067200228893874e-05
2026-05-12 16:05:00+03:00,4.370420993917857e-05
2026-05-12 16:10:00+03:00,7.205247099265886e-05
2026-05-12 16:15:00+03:00,3.355929572099359e-05
2026-05-12 16:20:00+03:00,3.7251672691192246e-05
2026-05-12 16:25:00+03:00,4.137883003824947e-05
2026-05-12 16:30:00+03:00,3.414342472472119e-05
2026-05-12 16:35:00+03:00,9.105361511053645e-05
2026-05-12 16:40:00+03:00,9.365584687842803e-05
2026-05-12 16:45:00+03:00,4.941633561455355e-05
2026-05-12 16:50:00+03:00,1.8997239694970084e-05
2026-05-12 16:55:00+03:00,3.27693179481739e-05
2026-05-12 17:00:00+03:00,5.599699196797336e-05
2026-05-12 17:05:00+03:00,3.454397684694971e-05
2026-05-12 17:10:00+03:00,4.0613432116963745e-05
2026-05-12 17:15:00+03:00,3.2400831197156955e-05
2026-05-12 17:20:00+03:00,8.18374096657983e-05
2026-05-12 17:25:00+03:00,8.18374096657983e-05
2026-05-12 17:30:00+03:00,2.4401425073776903e-05
2026-05-12 17:35:00+03:00,2.7668548003830675e-05
2026-05-12 17:40:00+03:00,3.41866297992663e-05
2026-05-12 17:45:00+03:00,6.25575107522574e-05
2026-05-12 17:50:00+03:00,9.214448043584194e-05
2026-05-12 17:55:00+03:00,6.0861278009566105e-05
2026-05-13 09:55:00+03:00,3.1570739130203424e-05
2026-05-13 10:00:00+03:00,2.2990301999568624e-05
2026-05-13 10:05:00+03:00,2.0033365981904368e-05
2026-05-13 10:10:00+03:00,2.0819791268793572e-05
2026-05-13 10:15:00+03:00,1.812370291989662e-05
2026-05-13 10:20:00+03:00,1.65696515234165e-05
2026-05-13 10:25:00+03:00,2.0643401984315493e-05
2026-05-13 10:30:00+03:00,1.9203125816932934e-05
2026-05-13 10:35:00+03:00,1.65696515234165e-05
2026-05-13 10:40:00+03:00,1.6641905044213356e-05
2026-05-13 10:45:00+03:00,1.722010835989753e-05
2026-05-13 10:50:00+03:00,2.204929187967728e-05
2026-05-13 10:55:00+03:00,3.385381289703616e-05
2026-05-13 11:00:00+03:00,2.0198913888030873e-05
2026-05-13 11:05:00+03:00,1.722010835989753e-05
2026-05-13 11:10:00+03:00,1.722834312998676e-05
2026-05-13 11:15:00+03:00,1.9203125816932934e-05
2026-05-13 11:20:00+03:00,2.5840231718130354e-05
2026-05-13 11:25:00+03:00,2.4155791013505658e-05
2026-05-13 11:30:00+03:00,1.69538872574233e-05
2026-05-13 11:35:00+03:00,3.651205235875108e-05
2026-05-13 11:40:00+03:00,3.192159922515645e-05
2026-05-13 11:45:00+03:00,2.3628728431144608e-05
2026-05-13 11:50:00+03:00,2.5213549054181698e-05
2026-05-13 11:55:00+03:00,3.722523115916705e-05
2026-05-13 12:00:00+03:00,3.9107447719104504e-05
2026-05-13 12:05:00+03:00,3.332563505043555e-05
2026-05-13 12:10:00+03:00,5.4455798661444345e-05
2026-05-13 12:15:00+03:00,6.166273027924054e-05
2026-05-13 12:20:00+03:00,6.61964933021861e-05
2026-05-13 12:25:00+03:00,2.4386216582467425e-05
2026-05-13 12:30:00+03:00,3.1729047187729094e-05
2026-05-13 12:35:00+03:00,3.716465810003699e-05
2026-05-13 12:40:00+03:00,2.0722637434506464e-05
2026-05-13 12:45:00+03:00,2.130181162315446e-05
2026-05-13 12:50:00+03:00,1.9044975705238104e-05
2026-05-13 12:55:00+03:00,1.879210335560788e-05
2026-05-13 13:00:00+03:00,2.0029373804049506e-05
2026-05-13 13:05:00+03:00,1.9307972916003176e-05
2026-05-13 13:10:00+03:00,2.0260620535218078e-05
2026-05-13 13:15:00+03:00,1.9307972916003176e-05
2026-05-13 13:20:00+03:00,1.61483228127162e-05
2026-05-13 13:25:00+03:00,1.8167625180554272e-05
2026-05-13 13:30:00+03:00,2.17223720633554e-05
2026-05-13 13:35:00+03:00,1.9850192671957153e-05
2026-05-13 13:40:00+03:00,2.4688141605745255e-05
2026-05-13 13:45:00+03:00,2.17223720633554e-05
2026-05-13 13:50:00+03:00,2.109283309821713e-05
2026-05-13 13:55:00+03:00,2.3182410330442465e-05
2026-05-13 14:00:00+03:00,2.3372101925460767e-05
2026-05-13 14:05:00+03:00,4.605509318311401e-05
2026-05-13 14:10:00+03:00,8.185048550178015e-05
2026-05-13 14:15:00+03:00,1.9395171484563247e-05
2026-05-13 14:20:00+03:00,2.7434199355546145e-05
2026-05-13 14:25:00+03:00,2.5850918090816395e-05
2026-05-13 14:30:00+03:00,6.6894250586819e-05
2026-05-13 14:35:00+03:00,0.0001118142823975597
2026-05-13 14:40:00+03:00,5.1641696453981673e-05
2026-05-13 14:45:00+03:00,6.068385246401042e-05
2026-05-13 14:50:00+03:00,4.231444661965823e-05
2026-05-13 14:55:00+03:00,9.467097753268722e-05
2026-05-13 15:00:00+03:00,1.8431931681518695e-05
2026-05-13 15:05:00+03:00,1.6115211331960623e-05
2026-05-13 15:10:00+03:00,3.1765256774081854e-05
2026-05-13 15:15:00+03:00,3.4715189387874085e-05
2026-05-13 15:20:00+03:00,2.9863047659883102e-05
2026-05-13 15:25:00+03:00,2.866443005952475e-05
2026-05-13 15:30:00+03:00,6.628912279771239e-05
2026-05-13 15:35:00+03:00,2.8559707059363944e-05
2026-05-13 15:40:00+03:00,5.74038367466522e-05
2026-05-13 15:45:00+03:00,2.8204910590785978e-05
2026-05-13 15:50:00+03:00,3.244063525679595e-05
2026-05-13 15:55:00+03:00,3.580292852256574e-05
2026-05-13 16:00:00+03:00,3.282282965844197e-05
2026-05-13 16:05:00+03:00,3.709922264671387e-05
2026-05-13 16:10:00+03:00,3.343197789739456e-05
2026-05-13 16:15:00+03:00,4.89357588736928e-05
2026-05-13 16:20:00+03:00,2.469267057897552e-05
2026-05-13 16:25:00+03:00,2.332703555930354e-05
2026-05-13 16:30:00+03:00,8.330129535846764e-05
2026-05-13 16:35:00+03:00,7.053141966973486e-05
2026-05-13 16:40:00+03:00,0.00022897788783416992
2026-05-13 16:45:00+03:00,7.103323269532284e-05
2026-05-13 16:50:00+03:00,4.629313394297678e-05
2026-05-13 16:55:00+03:00,7.183697937001809e-05
2026-05-13 17:00:00+03:00,4.6572952693290855e-05
2026-05-13 17:05:00+03:00,0.0001408740507505297
2026-05-13 17:10:00+03:00,0.000216418734327347
2026-05-13 17:15:00+03:00,3.7621970370838076e-05
2026-05-13 17:20:00+03:00,4.992629555983027e-05
2026-05-13 17:25:00+03:00,3.8116375338053565e-05
2026-05-13 17:30:00+03:00,5.796215958987116e-05
2026-05-13 17:35:00+03:00,6.639136480004005e-05
2026-05-13 17:40:00+03:00,2.472401459987215e-05
2026-05-13 17:45:00+03:00,8.611013832788219e-05
2026-05-13 17:50:00+03:00,2.9387724094743304e-05
2026-05-13 17:55:00+03:00,5.522830625030109e-05
2026-05-14 09:55:00+03:00,3.1229880082403135e-05
2026-05-14 10:00:00+03:00,2.3106478325790328e-05
2026-05-14 10:05:00+03:00,2.1428824217789077e-05
2026-05-14 10:10:00+03:00,1.959137445831046e-05
2026-05-14 10:15:00+03:00,1.6204077893068226e-05
2026-05-14 10:20:00+03:00,1.6204077893068226e-05
2026-05-14 10:25:00+03:00,1.907359390513663e-05
2026-05-14 10:30:00+03:00,1.6495143545643444e-05
2026-05-14 10:35:00+03:00,1.6204077893068226e-05
2026-05-14 10:40:00+03:00,1.619730930872592e-05
2026-05-14 10:45:00+03:00,1.806254633746646e-05
2026-05-14 10:50:00+03:00,1.907359390513663e-05
2026-05-14 10:55:00+03:00,2.0434115010789413e-05
2026-05-14 11:00:00+03:00,1.966479129082328e-05
2026-05-14 11:05:00+03:00,1.713250271578216e-05
2026-05-14 11:10:00+03:00,1.6281609958465042e-05
2026-05-14 11:15:00+03:00,1.625447756105476e-05
2026-05-14 11:20:00+03:00,1.625447756105476e-05
2026-05-14 11:25:00+03:00,1.7125134940522653e-05
2026-05-14 11:30:00+03:00,1.607369934100718e-05
2026-05-14 11:35:00+03:00,1.5817586257130523e-05
2026-05-14 11:40:00+03:00,1.6823317362991116e-05
2026-05-14 11:45:00+03:00,2.1147807988689606e-05
2026-05-14 11:50:00+03:00,1.918859813081652e-05
2026-05-14 11:55:00+03:00,1.8607328385118624e-05
2026-05-14 12:00:00+03:00,1.6553964732375992e-05
2026-05-14 12:05:00+03:00,1.9307972916003176e-05
2026-05-14 12:10:00+03:00,1.81152646111194e-05
2026-05-14 12:15:00+03:00,1.852325347911781e-05
2026-05-14 12:20:00+03:00,2.0458340092203985e-05
2026-05-14 12:25:00+03:00,2.325153454280238e-05
2026-05-14 12:30:00+03:00,2.0588563573932086e-05
2026-05-14 12:35:00+03:00,3.729704998146062e-05
2026-05-14 12:40:00+03:00,2.102279432769269e-05
2026-05-14 12:45:00+03:00,1.81152646111194e-05
2026-05-14 12:50:00+03:00,1.7803144750118523e-05
2026-05-14 12:55:00+03:00,1.605189324230006e-05
2026-05-14 13:00:00+03:00,1.6942956040766794e-05
2026-05-14 13:05:00+03:00,2.2011294801177186e-05
2026-05-14 13:10:00+03:00,2.0985231356141943e-05
2026-05-14 13:15:00+03:00,2.0588563573932086e-05
2026-05-14 13:20:00+03:00,1.6747188104843246e-05
2026-05-14 13:25:00+03:00,1.7294609622463913e-05
2026-05-14 13:30:00+03:00,1.592594732293402e-05
2026-05-14 13:35:00+03:00,1.625447756105476e-05
2026-05-14 13:40:00+03:00,1.625447756105476e-05
2026-05-14 13:45:00+03:00,1.5399295024362778e-05
2026-05-14 13:50:00+03:00,2.1377173222273658e-05
2026-05-14 13:55:00+03:00,1.5586193775545173e-05
2026-05-14 14:00:00+03:00,1.530477117015448e-05
2026-05-14 14:05:00+03:00,1.5399295024362778e-05
2026-05-14 14:10:00+03:00,1.621879186819425e-05
2026-05-14 14:15:00+03:00,1.81152646111194e-05
2026-05-14 14:20:00+03:00,1.81152646111194e-05
2026-05-14 14:25:00+03:00,1.8126297807180286e-05
2026-05-14 14:30:00+03:00,1.6955697653520603e-05
2026-05-14 14:35:00+03:00,2.6884478779036923e-05
2026-05-14 14:40:00+03:00,2.4359738023062414e-05
2026-05-14 14:45:00+03:00,2.0540623444326204e-05
2026-05-14 14:50:00+03:00,1.8238288469836523e-05
2026-05-14 14:55:00+03:00,1.7246997680331538e-05
2026-05-14 15:00:00+03:00,1.623998290845951e-05
2026-05-14 15:05:00+03:00,1.6867039996514462e-05
2026-05-14 15:10:00+03:00,1.641403355281198e-05
2026-05-14 15:15:00+03:00,2.1298046448888997e-05
2026-05-14 15:20:00+03:00,2.0726036737755986e-05
2026-05-14 15:25:00+03:00,2.9517605011214906e-05
2026-05-14 15:30:00+03:00,3.286603899803904e-05
2026-05-14 15:35:00+03:00,2.4861170504895875e-05
2026-05-14 15:40:00+03:00,2.7497266660009528e-05
2026-05-14 15:45:00+03:00,2.5800038793944423e-05
2026-05-14 15:50:00+03:00,2.5550789808667897e-05
2026-05-14 15:55:00+03:00,2.3378644753370802e-05
2026-05-14 16:00:00+03:00,1.647505140726033e-05
2026-05-14 16:05:00+03:00,1.844667555482491e-05
2026-05-14 16:10:00+03:00,2.2500702616520335e-05
2026-05-14 16:15:00+03:00,1.7448866706904816e-05
2026-05-14 16:20:00+03:00,4.636439395685692e-05
2026-05-14 16:25:00+03:00,5.312327999928611e-05
2026-05-14 16:30:00+03:00,4.0397622010008536e-05
2026-05-14 16:35:00+03:00,2.91738571044748e-05
2026-05-14 16:40:00+03:00,7.777439567030973e-05
2026-05-14 16:45:00+03:00,1.883934905092572e-05
2026-05-14 16:50:00+03:00,1.8691086038770527e-05
2026-05-14 16:55:00+03:00,2.352472605756311e-05
2026-05-14 17:00:00+03:00,9.12111453384075e-05
2026-05-14 17:05:00+03:00,4.8513505945481584e-05
2026-05-14 17:10:00+03:00,3.0771640868011024e-05
2026-05-14 17:15:00+03:00,2.8682719858495303e-05
2026-05-14 17:20:00+03:00,3.4035825931784745e-05
2026-05-14 17:25:00+03:00,2.2120475503849032e-05
2026-05-14 17:30:00+03:00,1.6386432891821885e-05
2026-05-14 17:35:00+03:00,1.5259806068269143e-05
2026-05-14 17:40:00+03:00,1.9820741109933232e-05
2026-05-14 17:45:00+03:00,2.4356527212753765e-05
2026-05-14 17:50:00+03:00,2.8187868955996557e-05
2026-05-14 17:55:00+03:00,3.345695518113167e-05
2026-05-15 09:55:00+03:00,8.118804117202367e-05
2026-05-15 10:00:00+03:00,3.832540933027772e-05
2026-05-15 10:05:00+03:00,5.267455917194058e-05
2026-05-15 10:10:00+03:00,6.550455331057995e-05
2026-05-15 10:15:00+03:00,6.49828503324401e-05
2026-05-15 10:20:00+03:00,0.02003533985515806
2026-05-15 10:25:00+03:00,0.042492316537967346
2026-05-15 10:30:00+03:00,0.20445756819717648
2026-05-15 10:35:00+03:00,0.008300113859361049
2026-05-15 10:40:00+03:00,0.00765337883230839
2026-05-15 10:45:00+03:00,0.0030594005128036015
2026-05-15 10:50:00+03:00,0.0007448881717635466
2026-05-15 10:55:00+03:00,0.00071219933050211
2026-05-15 11:00:00+03:00,0.0007746864165278654
2026-05-15 11:05:00+03:00,0.008410328067707798
2026-05-15 11:10:00+03:00,0.006099536763548059
2026-05-15 11:15:00+03:00,0.011922824735089387
2026-05-15 11:20:00+03:00,0.036918706173263705
2026-05-15 11:25:00+03:00,0.015388541701154054
2026-05-15 11:30:00+03:00,0.007889724126245954
2026-05-15 11:35:00+03:00,0.019623221199960426
2026-05-15 11:40:00+03:00,0.024820808446464986
2026-05-15 11:45:00+03:00,0.9996604370058455
2026-05-15 11:50:00+03:00,0.999912385324838
2026-05-15 11:55:00+03:00,0.9999405118408996
2026-05-15 12:00:00+03:00,0.9999429651105411
2026-05-15 12:05:00+03:00,0.9998636238565648
2026-05-15 12:10:00+03:00,0.9998742799917852
2026-05-15 12:15:00+03:00,0.9994961063667118
2026-05-15 12:20:00+03:00,0.9997554544541832
2026-05-15 12:25:00+03:00,0.0282323191488277
2026-05-15 12:30:00+03:00,0.9997613635755457
2026-05-15 12:35:00+03:00,0.9998508611114264
2026-05-15 12:40:00+03:00,0.9997760606006292
2026-05-15 12:45:00+03:00,0.999830350250338
2026-05-15 12:50:00+03:00,0.9948474714292369
2026-05-15 12:55:00+03:00,0.9995121842195175
2026-05-15 13:00:00+03:00,0.9998599976132864
2026-05-15 13:05:00+03:00,0.9997416717685448
2026-05-15 13:10:00+03:00,0.9996763520718626
2026-05-15 13:15:00+03:00,0.00027668568101869227
2026-05-15 13:20:00+03:00,0.00025959814837343457
2026-05-15 13:25:00+03:00,0.9993734552222773
2026-05-15 13:30:00+03:00,0.00021714530172421196
2026-05-15 13:35:00+03:00,0.00017834225914869223
2026-05-15 13:40:00+03:00,0.00019030995438734254
2026-05-15 13:45:00+03:00,0.00012455716516576154
2026-05-15 13:50:00+03:00,3.279964700372474e-05
2026-05-15 13:55:00+03:00,3.074070274970871e-05
2026-05-15 14:00:00+03:00,0.0009994326218027432
2026-05-15 14:05:00+03:00,0.0005382642550031593
2026-05-15 14:10:00+03:00,0.000249751175771761
2026-05-15 14:15:00+03:00,0.0004194202285566069
2026-05-15 14:20:00+03:00,0.0001559334233700971
2026-05-15 14:25:00+03:00,0.0002113635283212685
2026-05-15 14:30:00+03:00,9.899862000534066e-05
2026-05-15 14:35:00+03:00,3.744809646965158e-05
2026-05-15 14:40:00+03:00,2.8039894380631124e-05
2026-05-15 14:45:00+03:00,0.0005245835063097177
2026-05-15 14:50:00+03:00,0.00012101011815943518
2026-05-15 14:55:00+03:00,4.7894496564831496e-05
2026-05-15 15:00:00+03:00,6.595201209344446e-05
2026-05-15 15:05:00+03:00,3.3606841412079025e-05
2026-05-15 15:10:00+03:00,0.9995388211177187
2026-05-15 15:15:00+03:00,0.999804124197015
2026-05-15 15:20:00+03:00,0.004157501275409541
2026-05-15 15:25:00+03:00,0.007164704432672495
2026-05-15 15:30:00+03:00,0.9995610890948466
2026-05-15 15:35:00+03:00,2.7839800509559782e-05
2026-05-15 15:40:00+03:00,0.9995579109613045
2026-05-15 15:45:00+03:00,2.510155129758217e-05
2026-05-15 15:50:00+03:00,2.6925071063947614e-05
2026-05-15 15:55:00+03:00,4.210697985230511e-05
2026-05-15 16:00:00+03:00,4.027959241802332e-05
2026-05-15 16:05:00+03:00,4.404941916521729e-05
2026-05-15 16:10:00+03:00,3.18638708195199e-05
2026-05-15 16:15:00+03:00,3.18638708195199e-05
2026-05-15 16:20:00+03:00,0.0239794751403942
2026-05-15 16:25:00+03:00,2.219863134696062e-05
2026-05-15 16:30:00+03:00,3.1329795618242124e-05
2026-05-15 16:35:00+03:00,9.788476588197228e-05
2026-05-15 16:40:00+03:00,0.00043162450023896296
2026-05-15 16:45:00+03:00,8.229861697975754e-05
2026-05-15 16:50:00+03:00,2.3470719306454763e-05
2026-05-15 16:55:00+03:00,4.316242468780598e-05
2026-05-15 17:00:00+03:00,1.7653054644710867e-05
2026-05-15 17:05:00+03:00,2.4373150620004047e-05
2026-05-15 17:10:00+03:00,1.9483276376973404e-05
2026-05-15 17:15:00+03:00,1.6204077893068226e-05
2026-05-15 17:20:00+03:00,1.7103952377171797e-05
2026-05-15 17:25:00+03:00,1.6204077893068226e-05
2026-05-15 17:30:00+03:00,1.7066401747102086e-05
2026-05-15 17:35:00+03:00,1.7103952377171797e-05
2026-05-15 17:40:00+03:00,2.4893959779732653e-05
2026-05-15 17:45:00+03:00,2.2804862519291622e-05
2026-05-15 17:50:00+03:00,1.713250271578216e-05
2026-05-15 17:55:00+03:00,3.511121658138348e-05
2026-05-18 09:55:00+03:00,2.145844270091523e-05
2026-05-18 10:00:00+03:00,8.829181586623647e-05
2026-05-18 10:05:00+03:00,4.9313641462433294e-05
2026-05-18 10:10:00+03:00,2.4961822589243402e-05
2026-05-18 10:15:00+03:00,3.447977996517576e-05
2026-05-18 10:20:00+03:00,5.219911319318792e-05
2026-05-18 10:25:00+03:00,2.1602953619749587e-05
2026-05-18 10:30:00+03:00,3.970979894597959e-05
2026-05-18 10:35:00+03:00,2.8928724330372142e-05
2026-05-18 10:40:00+03:00,2.954941463986623e-05
2026-05-18 10:45:00+03:00,2.1203901209325492e-05
2026-05-18 10:50:00+03:00,1.929113435991632e-05
2026-05-18 10:55:00+03:00,2.6114182540207577e-05
2026-05-18 11:00:00+03:00,4.2909312324555594e-05
2026-05-18 11:05:00+03:00,7.519178297906718e-05
2026-05-18 11:10:00+03:00,7.188146109005586e-05
2026-05-18 11:15:00+03:00,4.9154187819634164e-05
2026-05-18 11:20:00+03:00,5.0869076094723306e-05
2026-05-18 11:25:00+03:00,2.4277054826945147e-05
2026-05-18 11:30:00+03:00,2.4236598788302175e-05
2026-05-18 11:35:00+03:00,2.474519136353356e-05
2026-05-18 11:40:00+03:00,3.743668152197162e-05
2026-05-18 11:45:00+03:00,2.247234187851454e-05
2026-05-18 11:50:00+03:00,1.853534452786756e-05
2026-05-18 11:55:00+03:00,1.853534452786756e-05
2026-05-18 12:00:00+03:00,2.0233329679753218e-05
2026-05-18 12:05:00+03:00,2.2595144277928732e-05
2026-05-18 12:10:00+03:00,3.0670653400372636e-05
2026-05-18 12:15:00+03:00,2.27667169790943e-05
2026-05-18 12:20:00+03:00,2.0616950410105227e-05
2026-05-18 12:25:00+03:00,2.1276398931142834e-05
2026-05-18 12:30:00+03:00,4.921198903176057e-05
2026-05-18 12:35:00+03:00,2.2398351460576728e-05
2026-05-18 12:40:00+03:00,2.06067347084194e-05
2026-05-18 12:45:00+03:00,2.1951194787500874e-05
2026-05-18 12:50:00+03:00,2.5859285611331183e-05
2026-05-18 12:55:00+03:00,2.3033222637063182e-05
2026-05-18 13:00:00+03:00,0.00010315125947470869
2026-05-18 13:05:00+03:00,3.241373934159704e-05
2026-05-18 13:10:00+03:00,8.251373966966584e-05
2026-05-18 13:15:00+03:00,4.0913568121862135e-05
2026-05-18 13:20:00+03:00,2.396382245138663e-05
2026-05-18 13:25:00+03:00,6.150780766938868e-05
2026-05-18 13:30:00+03:00,0.00013188823171856088
2026-05-18 13:35:00+03:00,3.185738083170717e-05
2026-05-18 13:40:00+03:00,3.391248533100221e-05
2026-05-18 13:45:00+03:00,7.827984336868125e-05
2026-05-18 13:50:00+03:00,9.884498615455608e-05
2026-05-18 13:55:00+03:00,4.802275696752345e-05
2026-05-18 14:00:00+03:00,3.1840474791520925e-05
2026-05-18 14:05:00+03:00,3.2581607045350834e-05
2026-05-18 14:10:00+03:00,0.00011768408091955007
2026-05-18 14:15:00+03:00,2.056138306575778e-05
2026-05-18 14:20:00+03:00,2.7060987206774307e-05
2026-05-18 14:25:00+03:00,3.804727305183759e-05
2026-05-18 14:30:00+03:00,1.9921445183512922e-05
2026-05-18 14:35:00+03:00,3.334959533714072e-05
2026-05-18 14:40:00+03:00,2.627158136498807e-05
2026-05-18 14:45:00+03:00,3.353462463779729e-05
2026-05-18 14:50:00+03:00,2.8556570992956404e-05
2026-05-18 14:55:00+03:00,2.2374142213711476e-05
2026-05-18 15:00:00+03:00,2.109003565137401e-05
2026-05-18 15:05:00+03:00,1.9943283191795326e-05
2026-05-18 15:10:00+03:00,1.624866562159138e-05
2026-05-18 15:15:00+03:00,2.1553817476837696e-05
2026-05-18 15:20:00+03:00,1.7164632622027396e-05
2026-05-18 15:25:00+03:00,1.7079265793437753e-05
2026-05-18 15:30:00+03:00,1.9943283191795326e-05
2026-05-18 15:35:00+03:00,1.6204077893068226e-05
2026-05-18 15:40:00+03:00,2.0679354599190187e-05
2026-05-18 15:45:00+03:00,1.5645966184530955e-05
2026-05-18 15:50:00+03:00,2.1553817476837696e-05
2026-05-18 15:55:00+03:00,1.6400744003468973e-05
2026-05-18 16:00:00+03:00,1.800623340726012e-05
2026-05-18 16:05:00+03:00,2.082088595929533e-05
2026-05-18 16:10:00+03:00,1.6495143545643444e-05
2026-05-18 16:15:00+03:00,1.800623340726012e-05
2026-05-18 16:20:00+03:00,1.9753269991394322e-05
2026-05-18 16:25:00+03:00,1.6204077893068226e-05
2026-05-18 16:30:00+03:00,1.7103952377171797e-05
2026-05-18 16:35:00+03:00,1.7103952377171797e-05
2026-05-18 16:40:00+03:00,2.004631979560344e-05
2026-05-18 16:45:00+03:00,1.6495143545643444e-05
2026-05-18 16:50:00+03:00,1.9943283191795326e-05
2026-05-18 16:55:00+03:00,1.768111560430331e-05
2026-05-18 17:00:00+03:00,2.0408675932682542e-05
2026-05-18 17:05:00+03:00,2.2925248408978552e-05
2026-05-18 17:10:00+03:00,1.8972682026383558e-05
2026-05-18 17:15:00+03:00,1.679162787460216e-05
2026-05-18 17:20:00+03:00,2.99028696892055e-05
2026-05-18 17:25:00+03:00,3.1471638400306655e-05
2026-05-18 17:30:00+03:00,4.016110405625555e-05
2026-05-18 17:35:00+03:00,3.521076071439097e-05
2026-05-18 17:40:00+03:00,3.068966509903162e-05
2026-05-18 17:45:00+03:00,0.00013834208419320448
2026-05-18 17:50:00+03:00,6.159075493454275e-05
2026-05-18 17:55:00+03:00,9.138908980582502e-05
2026-05-20 09:55:00+03:00,0.9996985304535082
2026-05-20 10:00:00+03:00,0.9997667854207163
2026-05-20 10:05:00+03:00,0.9998111478451873
2026-05-20 10:10:00+03:00,0.9999104456091992
2026-05-20 10:15:00+03:00,0.9999034448661359
2026-05-20 10:20:00+03:00,0.999858933018847
2026-05-20 10:25:00+03:00,0.999041806168569
2026-05-20 10:30:00+03:00,0.9996801909463876
2026-05-20 10:35:00+03:00,0.9978977141555809
2026-05-20 10:40:00+03:00,5.8962526917956616e-05
2026-05-20 10:45:00+03:00,0.02951182735843394
2026-05-20 10:50:00+03:00,4.096395518292577e-05
2026-05-20 10:55:00+03:00,6.271570859799714e-05
2026-05-20 11:00:00+03:00,0.9994539043190416
2026-05-20 11:05:00+03:00,0.00015533287978576483
2026-05-20 11:10:00+03:00,0.00010673037696859919
2026-05-20 11:15:00+03:00,7.626816431004816e-05
2026-05-20 11:20:00+03:00,0.00011176947513025318
2026-05-20 11:25:00+03:00,3.722474401219117e-05
2026-05-20 11:30:00+03:00,4.0096231070258925e-05
2026-05-20 11:35:00+03:00,3.472023874884444e-05
2026-05-20 11:40:00+03:00,2.301019771342901e-05
2026-05-20 11:45:00+03:00,4.8820890375345884e-05
2026-05-20 11:50:00+03:00,2.4914065416824852e-05
2026-05-20 11:55:00+03:00,5.384760359898159e-05
2026-05-20 12:00:00+03:00,4.887345156766207e-05
2026-05-20 12:05:00+03:00,3.7620926916207135e-05
2026-05-20 12:10:00+03:00,3.138970644074466e-05
2026-05-20 12:15:00+03:00,4.64401656897829e-05
2026-05-20 12:20:00+03:00,2.1740679584691403e-05
2026-05-20 12:25:00+03:00,2.8492015636901886e-05
2026-05-20 12:30:00+03:00,6.609483036253712e-05
2026-05-20 12:35:00+03:00,2.3573722822063925e-05
2026-05-20 12:40:00+03:00,2.476969339741379e-05
2026-05-20 12:45:00+03:00,2.914551769711348e-05
2026-05-20 12:50:00+03:00,2.682380499929742e-05
2026-05-20 12:55:00+03:00,2.3344002093945015e-05
2026-05-20 13:00:00+03:00,1.7268725379049004e-05
2026-05-20 13:05:00+03:00,1.969609732687556e-05
2026-05-20 13:10:00+03:00,2.341885374238372e-05
2026-05-20 13:15:00+03:00,2.018236189149189e-05
2026-05-20 13:20:00+03:00,1.707075594448777e-05
2026-05-20 13:25:00+03:00,2.0432300094767897e-05
2026-05-20 13:30:00+03:00,2.1874299638788314e-05
2026-05-20 13:35:00+03:00,1.707075594448777e-05
2026-05-20 13:40:00+03:00,2.3616433194433415e-05
2026-05-20 13:45:00+03:00,1.961544790012105e-05
2026-05-20 13:50:00+03:00,2.3040828518284686e-05
2026-05-20 13:55:00+03:00,2.8624391063867482e-05
2026-05-20 14:00:00+03:00,3.81297013789504e-05
2026-05-20 14:05:00+03:00,2.512700098785403e-05
2026-05-20 14:10:00+03:00,2.750786809373837e-05
2026-05-20 14:15:00+03:00,6.880144445193933e-05
2026-05-20 14:20:00+03:00,2.5900422603706115e-05
2026-05-20 14:25:00+03:00,2.1680461198670507e-05
2026-05-20 14:30:00+03:00,1.9660806781240256e-05
2026-05-20 14:35:00+03:00,1.8738732195004963e-05
2026-05-20 14:40:00+03:00,1.5021676492052913e-05
2026-05-20 14:45:00+03:00,1.7128325246553878e-05
2026-05-20 14:50:00+03:00,8.708079535902253e-05
2026-05-20 14:55:00+03:00,0.00011204321126561808
2026-05-20 15:00:00+03:00,2.4087646218517003e-05
2026-05-20 15:05:00+03:00,1.686822541104232e-05
2026-05-20 15:10:00+03:00,4.108800874545858e-05
2026-05-20 15:15:00+03:00,3.433945524007688e-05
2026-05-20 15:20:00+03:00,3.7250729298323545e-05
2026-05-20 15:25:00+03:00,2.984789998332467e-05
2026-05-20 15:30:00+03:00,2.9587480357386493e-05
2026-05-20 15:35:00+03:00,2.0572963686713734e-05
2026-05-20 15:40:00+03:00,2.2833879544313307e-05
2026-05-20 15:45:00+03:00,3.076064125750829e-05
2026-05-20 15:50:00+03:00,0.00011944655471550118
2026-05-20 15:55:00+03:00,7.303254502408724e-05
2026-05-20 16:00:00+03:00,5.4832801907871764e-05
2026-05-20 16:05:00+03:00,3.7110355593116485e-05
2026-05-20 16:10:00+03:00,3.582937245217996e-05
2026-05-20 16:15:00+03:00,3.285111408602173e-05
2026-05-20 16:20:00+03:00,2.5335749226995925e-05
2026-05-20 16:25:00+03:00,9.04173204900233e-05
2026-05-20 16:30:00+03:00,6.812196288009363e-05
2026-05-20 16:35:00+03:00,3.257034584659482e-05
2026-05-20 16:40:00+03:00,4.033628348067722e-05
2026-05-20 16:45:00+03:00,3.318639123363394e-05
2026-05-20 16:50:00+03:00,4.749010277563454e-05
2026-05-20 16:55:00+03:00,3.088942003622418e-05
2026-05-20 17:00:00+03:00,8.671218093807716e-05
2026-05-20 17:05:00+03:00,0.99923531373434
2026-05-20 17:10:00+03:00,0.9994049415832307
2026-05-20 17:15:00+03:00,6.389754222539985e-05
2026-05-20 17:20:00+03:00,4.558637529462121e-05
2026-05-20 17:25:00+03:00,3.8271679271867345e-05
2026-05-20 17:30:00+03:00,2.1892330272240197e-05
2026-05-20 17:35:00+03:00,1.7716330395006663e-05
2026-05-20 17:40:00+03:00,2.4190843522777242e-05
2026-05-20 17:45:00+03:00,2.216075036240383e-05
2026-05-20 17:50:00+03:00,2.916426496853748e-05
2026-05-20 17:55:00+03:00,2.4064373997985815e-05
2026-05-21 09:55:00+03:00,2.216075036240383e-05
2026-05-21 10:00:00+03:00,2.535597067554899e-05
2026-05-21 10:05:00+03:00,0.00015613145180182103
2026-05-21 10:10:00+03:00,0.00010105072603262028
2026-05-21 10:15:00+03:00,0.0030997764969152987
2026-05-21 10:20:00+03:00,0.010843977448881985
2026-05-21 10:25:00+03:00,0.0030853461523901874
2026-05-21 10:30:00+03:00,0.0034785633998088987
2026-05-21 10:35:00+03:00,0.0019056361606786243
2026-05-21 10:40:00+03:00,0.02885248922416395
2026-05-21 10:45:00+03:00,0.8915891006440371
2026-05-21 10:50:00+03:00,0.9992573245626575
2026-05-21 10:55:00+03:00,0.9991841458939374
2026-05-21 11:00:00+03:00,0.011199748596050135
2026-05-21 11:05:00+03:00,0.008788618368217307
2026-05-21 11:10:00+03:00,0.01964684326831101
2026-05-21 11:15:00+03:00,0.006286967131890878
2026-05-21 11:20:00+03:00,0.0037097859377626273
2026-05-21 11:25:00+03:00,0.0046054903347578086
2026-05-21 11:30:00+03:00,0.0035980075330356025
2026-05-21 11:35:00+03:00,0.01107632568761391
2026-05-21 11:40:00+03:00,6.004839520285011e-05
2026-05-21 11:45:00+03:00,7.151608864193388e-05
2026-05-21 11:50:00+03:00,8.212028775837403e-05
2026-05-21 11:55:00+03:00,0.00011109139039936943
2026-05-21 12:00:00+03:00,0.00012584237737546248
2026-05-21 12:05:00+03:00,9.10133267465158e-05
2026-05-21 12:10:00+03:00,0.0001314133081206688
2026-05-21 12:15:00+03:00,8.102453152446743e-05
2026-05-21 12:20:00+03:00,0.00015219338605233857
2026-05-21 12:25:00+03:00,9.000914333290643e-05
2026-05-21 12:30:00+03:00,0.00011136887777793945
2026-05-21 12:35:00+03:00,4.674703928297007e-05
2026-05-21 12:40:00+03:00,0.00015751626496512462
2026-05-21 12:45:00+03:00,5.568814669785449e-05
2026-05-21 12:50:00+03:00,5.891665775879235e-05
2026-05-21 12:55:00+03:00,9.469839882394511e-05
2026-05-21 13:00:00+03:00,8.775832320132414e-05
2026-05-21 13:05:00+03:00,8.009110050203888e-05
2026-05-21 13:10:00+03:00,7.086033152477386e-05
2026-05-21 13:15:00+03:00,0.00016147146109990386
2026-05-21 13:20:00+03:00,5.362462189057045e-05
2026-05-21 13:25:00+03:00,0.00011069846953269388
2026-05-21 13:30:00+03:00,9.70142201943822e-05
2026-05-21 13:35:00+03:00,0.00880574107121906
2026-05-21 13:40:00+03:00,0.0013567234705726269
2026-05-21 13:45:00+03:00,0.0016004919684334106
2026-05-21 13:50:00+03:00,0.001355410160397522
2026-05-21 13:55:00+03:00,0.014677115396472342
2026-05-21 14:00:00+03:00,0.010810902258324227
2026-05-21 14:05:00+03:00,0.004297139351351784
2026-05-21 14:10:00+03:00,0.00017588820042879755
2026-05-21 14:15:00+03:00,0.0009191602465455946
2026-05-21 14:20:00+03:00,0.0006627462438001178
2026-05-21 14:25:00+03:00,0.000152470568604016
2026-05-21 14:30:00+03:00,0.0005185467422807936
2026-05-21 14:35:00+03:00,0.0001252740287145425
2026-05-21 14:40:00+03:00,0.00011889018553983131
2026-05-21 14:45:00+03:00,0.0016651774207632698
2026-05-21 14:50:00+03:00,0.00041677431436421756
2026-05-21 14:55:00+03:00,0.0021915744462646107
2026-05-21 15:00:00+03:00,0.00031354267993582866
2026-05-21 15:05:00+03:00,0.0003885257151947945
2026-05-21 15:10:00+03:00,0.0007669260895780384
2026-05-21 15:15:00+03:00,0.00029224053226932316
2026-05-21 15:20:00+03:00,0.0012924335543957072
2026-05-21 15:25:00+03:00,0.000524706735785725
2026-05-21 15:30:00+03:00,0.0008340433126977031
2026-05-21 15:35:00+03:00,0.0006361445692826556
2026-05-21 15:40:00+03:00,0.0027617779920764076
2026-05-21 15:45:00+03:00,0.00041076481762535136
2026-05-21 15:50:00+03:00,0.00022537388166307494
2026-05-21 15:55:00+03:00,3.531326996499446e-05
2026-05-21 16:00:00+03:00,0.00026637251711118256
2026-05-21 16:05:00+03:00,0.0002953396621365279
2026-05-21 16:10:00+03:00,0.0006212359387792873
2026-05-21 16:15:00+03:00,0.001487425773856177
2026-05-21 16:20:00+03:00,0.0006995571053909349
2026-05-21 16:25:00+03:00,0.0002563764961770155
2026-05-21 16:30:00+03:00,0.0029435111967295127
2026-05-21 16:35:00+03:00,0.002531682159913805
2026-05-21 16:40:00+03:00,0.10377489931446972
2026-05-21 16:45:00+03:00,0.00312773521337662
2026-05-21 16:50:00+03:00,0.0030139055181886737
2026-05-21 16:55:00+03:00,0.009635226992381176
2026-05-21 17:00:00+03:00,0.013271382494738358
2026-05-21 17:05:00+03:00,0.026747966790303165
2026-05-21 17:10:00+03:00,0.07726238959428386
2026-05-21 17:15:00+03:00,0.021708041468366995
2026-05-21 17:25:00+03:00,0.02181012705040098
2026-05-21 17:30:00+03:00,0.0002891046039204853
2026-05-21 17:35:00+03:00,0.002163204778356926
2026-05-21 17:40:00+03:00,0.0008896013763570382
2026-05-22 09:55:00+03:00,0.001040706509415072
2026-05-22 10:00:00+03:00,8.103896154764644e-05
2026-05-22 10:05:00+03:00,0.0024573464342648875
2026-05-22 10:10:00+03:00,8.388178487425654e-05
2026-05-22 10:15:00+03:00,5.120359902560685e-05
2026-05-22 10:20:00+03:00,6.947584151793876e-05
2026-05-22 10:25:00+03:00,4.374914175696579e-05
2026-05-22 10:30:00+03:00,5.803410430416213e-05
2026-05-22 10:35:00+03:00,8.728972090389719e-05
2026-05-22 10:40:00+03:00,7.240711103619628e-05
2026-05-22 10:45:00+03:00,4.9465911378191775e-05
2026-05-22 10:50:00+03:00,5.357572125319245e-05
2026-05-22 10:55:00+03:00,5.497663572986891e-05
2026-05-22 11:00:00+03:00,5.497663572986891e-05
2026-05-22 11:05:00+03:00,5.9130975993449204e-05
2026-05-22 11:10:00+03:00,4.789391608790097e-05
2026-05-22 11:15:00+03:00,5.125600036274993e-05
2026-05-22 11:20:00+03:00,4.958958225771355e-05
2026-05-22 11:25:00+03:00,0.00021046720885659992
2026-05-22 11:30:00+03:00,0.0001563765105355157
2026-05-22 11:35:00+03:00,6.978582742555592e-05
2026-05-22 11:40:00+03:00,3.9058361132661126e-05
2026-05-22 11:45:00+03:00,3.615765714162374e-05
2026-05-22 11:50:00+03:00,0.00016143448079418047
2026-05-22 11:55:00+03:00,0.00011875238704554271
2026-05-22 12:00:00+03:00,5.505045878018116e-05
2026-05-22 12:05:00+03:00,5.636896822274966e-05
2026-05-22 12:10:00+03:00,7.93592638131298e-05
2026-05-22 12:15:00+03:00,5.2180237561299434e-05
2026-05-22 12:20:00+03:00,9.75913418415448e-05
2026-05-22 12:25:00+03:00,4.499375606454397e-05
2026-05-22 12:30:00+03:00,2.3189898803645424e-05
2026-05-22 12:35:00+03:00,2.1814494131717743e-05
2026-05-22 12:40:00+03:00,2.179161591481696e-05
2026-05-22 12:45:00+03:00,1.8811675381871092e-05
2026-05-22 12:50:00+03:00,1.8876266341971854e-05
2026-05-22 12:55:00+03:00,2.0098343311124276e-05
2026-05-22 13:00:00+03:00,2.489427202403282e-05
2026-05-22 13:05:00+03:00,2.9020207439917613e-05
2026-05-22 13:10:00+03:00,2.2093310797374375e-05
2026-05-22 13:15:00+03:00,1.8876266341971854e-05
2026-05-22 13:20:00+03:00,2.1690095068295678e-05
2026-05-22 13:25:00+03:00,1.9400694970623646e-05
2026-05-22 13:30:00+03:00,1.7918949782197203e-05
2026-05-22 13:35:00+03:00,1.6426513645835576e-05
2026-05-22 13:40:00+03:00,2.1643399609935406e-05
2026-05-22 13:45:00+03:00,1.6206144715801927e-05
2026-05-22 13:50:00+03:00,1.8408471167428204e-05
2026-05-22 13:55:00+03:00,2.050812740009827e-05
2026-05-22 14:00:00+03:00,2.081702980419516e-05
2026-05-22 14:05:00+03:00,1.9129370597135546e-05
2026-05-22 14:10:00+03:00,1.8799687912024823e-05
2026-05-22 14:15:00+03:00,1.901871882592294e-05
2026-05-22 14:20:00+03:00,4.149112613938509e-05
2026-05-22 14:25:00+03:00,2.081702980419516e-05
2026-05-22 14:30:00+03:00,1.9129370597135546e-05
2026-05-22 14:35:00+03:00,1.7680459180892985e-05
2026-05-22 14:40:00+03:00,1.9432836379341893e-05
2026-05-22 14:45:00+03:00,2.0882785111202648e-05
2026-05-22 14:50:00+03:00,1.549116649852803e-05
2026-05-22 14:55:00+03:00,1.6760668660677574e-05
2026-05-22 15:00:00+03:00,2.341028761483997e-05
2026-05-22 15:05:00+03:00,2.2233964157025684e-05
2026-05-22 15:10:00+03:00,2.2645203493372144e-05
2026-05-22 15:15:00+03:00,2.5042914165599917e-05
2026-05-22 15:20:00+03:00,2.3138828353536793e-05
2026-05-22 15:25:00+03:00,2.227573975264667e-05
2026-05-22 15:30:00+03:00,2.745632103399668e-05
2026-05-22 15:35:00+03:00,2.2156198850949933e-05
2026-05-22 15:40:00+03:00,2.33557929133139e-05
2026-05-22 15:45:00+03:00,1.970092388284051e-05
2026-05-22 15:50:00+03:00,2.7548595564316374e-05
2026-05-22 15:55:00+03:00,2.2973411802865257e-05
2026-05-22 16:00:00+03:00,1.6647577681026565e-05
2026-05-22 16:05:00+03:00,2.6807043156986596e-05
2026-05-22 16:10:00+03:00,1.9819406992731154e-05
2026-05-22 16:15:00+03:00,2.003049775552968e-05
2026-05-22 16:20:00+03:00,2.0676193880198276e-05
2026-05-22 16:25:00+03:00,2.0676193880198276e-05
2026-05-22 16:30:00+03:00,1.830524982416501e-05
2026-05-22 16:35:00+03:00,1.6184295421842387e-05
2026-05-22 16:40:00+03:00,1.7823042369691972e-05
2026-05-22 16:45:00+03:00,1.985117964347905e-05
2026-05-22 16:50:00+03:00,2.089342113363429e-05
2026-05-22 16:55:00+03:00,2.7545727854148895e-05
2026-05-22 17:00:00+03:00,2.2802917534622295e-05
2026-05-22 17:05:00+03:00,2.2802917534622295e-05
2026-05-22 17:10:00+03:00,2.21904282963184e-05
2026-05-22 17:15:00+03:00,1.6391030464765092e-05
2026-05-22 17:20:00+03:00,2.470462197578897e-05
2026-05-22 17:25:00+03:00,2.661474142583525e-05
2026-05-22 17:30:00+03:00,2.2989985512405288e-05
2026-05-22 17:35:00+03:00,3.091202929547478e-05
2026-05-22 17:40:00+03:00,2.9647919241767838e-05
2026-05-22 17:45:00+03:00,2.9796717501878655e-05
2026-05-22 17:50:00+03:00,2.92587187460549e-05
2026-05-22 17:55:00+03:00,3.149842906735195e-05
2026-05-25 09:55:00+03:00,3.2766428392583794e-05
2026-05-25 10:00:00+03:00,4.302647597600762e-05
2026-05-25 10:05:00+03:00,2.4622589557155996e-05
2026-05-25 10:10:00+03:00,3.417106996056019e-05
2026-05-25 10:15:00+03:00,3.082458077965502e-05
2026-05-25 10:20:00+03:00,3.1652698819592214e-05
2026-05-25 10:25:00+03:00,4.718004754182219e-05
2026-05-25 10:30:00+03:00,4.689359283696867e-05
2026-05-25 10:35:00+03:00,4.245439211203535e-05
2026-05-25 10:40:00+03:00,4.689359283696867e-05
2026-05-25 10:45:00+03:00,1.967401558097291e-05
2026-05-25 10:50:00+03:00,1.7567715924626273e-05
2026-05-25 10:55:00+03:00,2.4013328813113993e-05
2026-05-25 11:00:00+03:00,2.174005034438673e-05
2026-05-25 11:05:00+03:00,1.871896084157796e-05
2026-05-25 11:10:00+03:00,1.7640621195529566e-05
2026-05-25 11:15:00+03:00,1.7403964760374287e-05
2026-05-25 11:20:00+03:00,1.7403964760374287e-05
2026-05-25 11:25:00+03:00,1.862027094365925e-05
2026-05-25 11:30:00+03:00,1.8104047905559648e-05
2026-05-25 11:35:00+03:00,1.704839464080777e-05
2026-05-25 11:40:00+03:00,2.034205237358039e-05
2026-05-25 11:45:00+03:00,2.3312771358541727e-05
2026-05-25 11:50:00+03:00,3.675476961644632e-05
2026-05-25 11:55:00+03:00,2.267410138272711e-05
2026-05-25 12:00:00+03:00,3.020415521832561e-05
2026-05-25 12:05:00+03:00,2.2465678775284527e-05
2026-05-25 12:10:00+03:00,2.306387137275359e-05
2026-05-25 12:15:00+03:00,2.4607409092528194e-05
2026-05-25 12:20:00+03:00,2.7429576040459152e-05
2026-05-25 12:25:00+03:00,2.608557514701992e-05
2026-05-25 12:30:00+03:00,1.8921861235072618e-05
2026-05-25 12:35:00+03:00,1.9689841663787023e-05
2026-05-25 12:40:00+03:00,2.0277051235489154e-05
2026-05-25 12:45:00+03:00,1.9508850134951646e-05
2026-05-25 12:50:00+03:00,2.000502667775143e-05
2026-05-25 12:55:00+03:00,1.9247131096495513e-05
2026-05-25 13:00:00+03:00,1.8921861235072618e-05
2026-05-25 13:05:00+03:00,2.0277051235489154e-05
2026-05-25 13:10:00+03:00,1.921023663242924e-05
2026-05-25 13:15:00+03:00,1.903654174620521e-05
2026-05-25 13:20:00+03:00,1.8781158794954564e-05
2026-05-25 13:25:00+03:00,1.9250051624680954e-05
2026-05-25 13:30:00+03:00,2.0093710631661272e-05
2026-05-25 13:35:00+03:00,2.0093710631661272e-05
2026-05-25 13:40:00+03:00,2.0093710631661272e-05
2026-05-25 13:45:00+03:00,2.0626275071802157e-05
2026-05-25 13:50:00+03:00,2.7126731447406347e-05
2026-05-25 13:55:00+03:00,2.6126024597022878e-05
2026-05-25 14:00:00+03:00,1.8781158794954564e-05
2026-05-25 14:05:00+03:00,2.1266444962601703e-05
2026-05-25 14:10:00+03:00,1.8781158794954564e-05
2026-05-25 14:15:00+03:00,2.6426331544450972e-05
2026-05-25 14:20:00+03:00,2.0793242900341583e-05
2026-05-25 14:25:00+03:00,1.903654174620521e-05
2026-05-25 14:30:00+03:00,1.8578414071834076e-05
2026-05-25 14:35:00+03:00,1.9824145610933137e-05
2026-05-25 14:40:00+03:00,1.9687937102196164e-05
2026-05-25 14:45:00+03:00,1.9106256671738415e-05
2026-05-25 14:50:00+03:00,2.267914130125521e-05
2026-05-25 14:55:00+03:00,2.0390925066785936e-05
2026-05-25 15:00:00+03:00,1.9881720998003862e-05
2026-05-25 15:05:00+03:00,2.545146183345779e-05
2026-05-25 15:10:00+03:00,1.964298530112644e-05
2026-05-25 15:15:00+03:00,1.964298530112644e-05
2026-05-25 15:20:00+03:00,1.9311025769689156e-05
2026-05-25 15:25:00+03:00,2.0446738781648166e-05
2026-05-25 15:30:00+03:00,1.8920030957388042e-05
2026-05-25 15:35:00+03:00,2.0093710631661272e-05
2026-05-25 15:40:00+03:00,1.9824145610933137e-05
2026-05-25 15:45:00+03:00,1.9824145610933137e-05
2026-05-25 15:50:00+03:00,2.0349565635315297e-05
2026-05-25 15:55:00+03:00,1.957861736259566e-05
2026-05-25 16:00:00+03:00,1.903654174620521e-05
2026-05-25 16:05:00+03:00,2.001836441673343e-05
2026-05-25 16:10:00+03:00,2.3654960466123285e-05
2026-05-25 16:15:00+03:00,1.896515956583742e-05
2026-05-25 16:20:00+03:00,2.632724026505535e-05
2026-05-25 16:25:00+03:00,1.9749810175110285e-05
2026-05-25 16:30:00+03:00,2.5926040484592355e-05
2026-05-25 16:35:00+03:00,2.0205502012399343e-05
2026-05-25 16:40:00+03:00,1.5594924753886273e-05
2026-05-25 16:45:00+03:00,2.0201363568896782e-05
2026-05-25 16:50:00+03:00,1.64949052390195e-05
2026-05-25 16:55:00+03:00,1.64949052390195e-05
2026-05-25 17:00:00+03:00,1.5739605778329466e-05
2026-05-25 17:05:00+03:00,1.5691240598603963e-05
2026-05-25 17:10:00+03:00,1.8096634284618512e-05
2026-05-25 17:15:00+03:00,1.81152646111194e-05
2026-05-25 17:20:00+03:00,2.4136502261326734e-05
2026-05-25 17:25:00+03:00,1.8402607366606022e-05
2026-05-25 17:30:00+03:00,1.588168258969227e-05
2026-05-25 17:35:00+03:00,4.425963779310132e-05
2026-05-25 17:40:00+03:00,1.731522171587137e-05
2026-05-25 17:45:00+03:00,2.3345245118304344e-05
2026-05-25 17:50:00+03:00,2.293083519845403e-05
2026-05-25 17:55:00+03:00,3.180819710915352e-05
2026-05-26 09:55:00+03:00,3.478074938378088e-05
2026-05-26 10:00:00+03:00,7.417121287886217e-05
2026-05-26 10:05:00+03:00,6.71651950687386e-05
2026-05-26 10:10:00+03:00,2.9492900124955056e-05
2026-05-26 10:15:00+03:00,3.033115476045485e-05
2026-05-26 10:20:00+03:00,3.062197339331512e-05
2026-05-26 10:25:00+03:00,7.374271616751373e-05
2026-05-26 10:30:00+03:00,4.3152959050979125e-05
2026-05-26 10:35:00+03:00,3.642989359921151e-05
2026-05-26 10:40:00+03:00,2.9198604904482208e-05
2026-05-26 10:45:00+03:00,2.4272457394663015e-05
2026-05-26 10:50:00+03:00,3.111653040769204e-05
2026-05-26 10:55:00+03:00,1.715767646681158e-05
2026-05-26 11:00:00+03:00,1.7473772956478713e-05
2026-05-26 11:05:00+03:00,2.1566020394600993e-05
2026-05-26 11:10:00+03:00,2.1471468498145648e-05
2026-05-26 11:15:00+03:00,1.7517312561245558e-05
2026-05-26 11:20:00+03:00,1.637632258179067e-05
2026-05-26 11:25:00+03:00,1.737312801358093e-05
2026-05-26 11:30:00+03:00,1.6164339676479808e-05
2026-05-26 11:35:00+03:00,1.6204077893068226e-05
2026-05-26 11:40:00+03:00,1.7125134940522653e-05
2026-05-26 11:45:00+03:00,1.595253133786026e-05
2026-05-26 11:50:00+03:00,1.778958091866887e-05
2026-05-26 11:55:00+03:00,1.7126423063125773e-05
2026-05-26 12:00:00+03:00,1.7126423063125773e-05
2026-05-26 12:05:00+03:00,2.023922942927382e-05
2026-05-26 12:10:00+03:00,4.8860489592023786e-05
2026-05-26 12:15:00+03:00,2.311164051403467e-05
2026-05-26 12:20:00+03:00,1.858591059266287e-05
2026-05-26 12:25:00+03:00,1.6994532953470872e-05
2026-05-26 12:35:00+03:00,1.577405404351739e-05
2026-06-01 09:55:00+03:00,1.9705723780000162e-05
2026-06-01 10:00:00+03:00,1.8523398473948182e-05
2026-06-01 10:05:00+03:00,2.3641565156700873e-05
2026-06-01 10:10:00+03:00,2.1738791994572654e-05
2026-06-01 10:15:00+03:00,2.358516955629896e-05
2026-06-01 10:20:00+03:00,2.085024059145046e-05
2026-06-01 10:25:00+03:00,2.249435907680622e-05
2026-06-01 10:30:00+03:00,2.1553817476837696e-05
2026-06-01 10:35:00+03:00,2.010808670392355e-05
2026-06-01 10:40:00+03:00,1.6204077893068226e-05
2026-06-01 10:45:00+03:00,1.6495143545643444e-05
2026-06-01 10:50:00+03:00,1.6204077893068226e-05
2026-06-01 10:55:00+03:00,1.6204077893068226e-05
2026-06-01 11:00:00+03:00,2.126145682123074e-05
2026-06-01 11:05:00+03:00,1.6495143545643444e-05
2026-06-01 11:10:00+03:00,2.126145682123074e-05
2026-06-01 11:15:00+03:00,2.1562824407983853e-05
2026-06-01 11:20:00+03:00,1.9753269991394322e-05
2026-06-01 11:25:00+03:00,1.8813730858162667e-05
2026-06-01 11:30:00+03:00,1.6204077893068226e-05
2026-06-01 11:35:00+03:00,1.8626562899192198e-05
2026-06-01 11:40:00+03:00,1.8455344983612307e-05
2026-06-01 11:45:00+03:00,5.495492058128501e-05
2026-06-01 11:50:00+03:00,1.7742925237148813e-05
2026-06-01 11:55:00+03:00,1.7518586927424228e-05
2026-06-01 12:00:00+03:00,1.6254023767742505e-05
2026-06-01 12:05:00+03:00,1.7342105314817252e-05
2026-06-01 12:10:00+03:00,1.5399295024362778e-05
2026-06-01 12:15:00+03:00,1.7324935195852855e-05
2026-06-01 12:20:00+03:00,1.717171878409941e-05
2026-06-01 12:25:00+03:00,1.8294758448057256e-05
2026-06-01 12:30:00+03:00,1.94268804857863e-05
2026-06-01 12:35:00+03:00,1.7425713575101382e-05
2026-06-01 12:40:00+03:00,1.7425713575101382e-05
2026-06-01 12:45:00+03:00,1.7302666078132806e-05
2026-06-01 12:50:00+03:00,1.600575328639973e-05
2026-06-01 12:55:00+03:00,1.7645965470253056e-05
2026-06-01 13:00:00+03:00,1.77549405882036e-05
2026-06-01 13:05:00+03:00,2.11337867680865e-05
2026-06-01 13:10:00+03:00,2.0939522590137787e-05
2026-06-01 13:15:00+03:00,2.3127026084459842e-05
2026-06-01 13:20:00+03:00,2.3127026084459842e-05
2026-06-01 13:25:00+03:00,2.1240929976950205e-05
2026-06-01 13:30:00+03:00,2.3244274301693938e-05
2026-06-01 13:35:00+03:00,1.9874281155401535e-05
2026-06-01 13:40:00+03:00,2.041659587681271e-05
2026-06-01 13:45:00+03:00,1.892392562263645e-05
2026-06-01 13:50:00+03:00,1.925005185585639e-05
2026-06-01 13:55:00+03:00,2.0029373804049506e-05
2026-06-01 14:00:00+03:00,2.02339951127775e-05
2026-06-01 14:05:00+03:00,2.7704142336051665e-05
2026-06-01 14:10:00+03:00,2.4109511981356757e-05
2026-06-01 14:15:00+03:00,2.7770569459736138e-05
2026-06-01 14:20:00+03:00,3.479798198658526e-05
2026-06-01 14:25:00+03:00,3.479798198658526e-05
2026-06-01 14:30:00+03:00,2.125269845445887e-05
2026-06-01 14:35:00+03:00,2.9178161503287534e-05
2026-06-01 14:40:00+03:00,2.679134457138149e-05
2026-06-01 14:45:00+03:00,2.749827197691765e-05
2026-06-01 14:50:00+03:00,2.1407976115606126e-05
2026-06-01 14:55:00+03:00,2.2996836208118687e-05
2026-06-01 15:00:00+03:00,1.9243901065370923e-05
2026-06-01 15:05:00+03:00,2.3550862359546104e-05
2026-06-01 15:10:00+03:00,2.392879467887108e-05
2026-06-01 15:15:00+03:00,2.133621771210518e-05
2026-06-01 15:20:00+03:00,2.6856730515836226e-05
2026-06-01 15:25:00+03:00,3.1555909986293877e-05
2026-06-01 15:30:00+03:00,2.959991558810194e-05
2026-06-01 15:35:00+03:00,3.0165993641300408e-05
2026-06-01 15:40:00+03:00,2.1977324730383947e-05
2026-06-01 15:45:00+03:00,2.579789771384082e-05
2026-06-01 15:50:00+03:00,2.320249862948703e-05
2026-06-01 15:55:00+03:00,2.574572258228402e-05
2026-06-01 16:00:00+03:00,2.8718008632038296e-05
2026-06-01 16:05:00+03:00,2.4741385167181345e-05
2026-06-01 16:10:00+03:00,0.00011066716410133573
2026-06-01 16:15:00+03:00,5.6619366212427477e-05
2026-06-01 16:20:00+03:00,0.0001625179974354984
2026-06-01 16:25:00+03:00,0.9995785873406592
2026-06-01 16:30:00+03:00,0.04979435446826511
2026-06-01 16:35:00+03:00,0.9995675097242792
2026-06-01 16:40:00+03:00,0.99994660987716
2026-06-01 16:45:00+03:00,0.9998593466976343
2026-06-01 16:50:00+03:00,0.9999151984376418
2026-06-01 16:55:00+03:00,0.9999299936126402
2026-06-01 17:00:00+03:00,0.9999636671735488
2026-06-01 17:05:00+03:00,0.9999629520859944
2026-06-01 17:10:00+03:00,0.9999325207527002
2026-06-01 17:15:00+03:00,0.9998856769243628
2026-06-01 17:20:00+03:00,0.9984601318948725
2026-06-01 17:25:00+03:00,0.9998024132993811
2026-06-01 17:30:00+03:00,0.9996726827310659
2026-06-01 17:35:00+03:00,0.9998318725973466
2026-06-01 17:40:00+03:00,0.9998419654393567
2026-06-01 17:45:00+03:00,0.9994071788960471
2026-06-01 17:50:00+03:00,0.9998733667785457
2026-06-01 17:55:00+03:00,0.999068423207918
2026-06-02 09:55:00+03:00,0.00012686096761614185
2026-06-02 10:00:00+03:00,6.50828523854634e-05
2026-06-02 10:05:00+03:00,6.364901452405561e-05
2026-06-02 10:10:00+03:00,3.6796719058862906e-05
2026-06-02 10:15:00+03:00,2.4164387390809814e-05
2026-06-02 10:20:00+03:00,2.1029578586876775e-05
2026-06-02 10:25:00+03:00,1.9986444848537694e-05
2026-06-02 10:30:00+03:00,2.1494688676157684e-05
2026-06-02 10:35:00+03:00,1.739362467611147e-05
2026-06-02 10:40:00+03:00,1.8282751857027438e-05
2026-06-02 10:45:00+03:00,3.0378682295003498e-05
2026-06-02 10:50:00+03:00,2.6779337553638835e-05
2026-06-02 10:55:00+03:00,2.66543769370396e-05
2026-06-02 11:00:00+03:00,2.617311366106234e-05
2026-06-02 11:05:00+03:00,2.6874636819342333e-05
2026-06-02 11:10:00+03:00,2.000856857533487e-05
2026-06-02 11:15:00+03:00,2.5670515118354896e-05
2026-06-02 11:20:00+03:00,2.967198626235044e-05
2026-06-02 11:25:00+03:00,2.414364795072055e-05
2026-06-02 11:30:00+03:00,2.1849322217638795e-05
2026-06-02 11:35:00+03:00,3.1464066280999687e-05
2026-06-02 11:40:00+03:00,1.6561197120558886e-05
2026-06-02 11:45:00+03:00,2.3655578437248935e-05
2026-06-02 11:50:00+03:00,1.7052049459891148e-05
2026-06-02 11:55:00+03:00,1.5773921216706694e-05
2026-06-02 12:00:00+03:00,2.143533518434359e-05
2026-06-02 12:05:00+03:00,1.7243830831077385e-05
2026-06-02 12:10:00+03:00,1.830147707483193e-05
2026-06-02 12:15:00+03:00,1.830147707483193e-05
2026-06-02 12:20:00+03:00,2.2750060497282403e-05
2026-06-02 12:25:00+03:00,1.9365183732907806e-05
2026-06-02 12:30:00+03:00,1.803196254165101e-05
2026-06-02 12:35:00+03:00,2.2724624764077334e-05
2026-06-02 12:40:00+03:00,2.1693805187308203e-05
2026-06-02 12:45:00+03:00,2.1693805187308203e-05
2026-06-02 12:50:00+03:00,2.0126564554572982e-05
2026-06-02 12:55:00+03:00,2.1693805187308203e-05
2026-06-02 13:00:00+03:00,2.2063756383006987e-05
2026-06-02 13:05:00+03:00,3.854152505225943e-05
2026-06-02 13:10:00+03:00,3.141614150800551e-05
2026-06-02 13:15:00+03:00,2.6814075782571354e-05
2026-06-02 13:20:00+03:00,2.0909826927952297e-05
2026-06-02 13:25:00+03:00,2.30942282567737e-05
2026-06-02 13:30:00+03:00,2.0909826927952297e-05
2026-06-02 13:35:00+03:00,2.110381561339004e-05
2026-06-02 13:40:00+03:00,2.1425818055485066e-05
2026-06-02 13:45:00+03:00,2.379888111197315e-05
2026-06-02 13:50:00+03:00,2.5319510347755056e-05
2026-06-02 13:55:00+03:00,1.9623903214675817e-05
2026-06-02 14:00:00+03:00,2.166461022031666e-05
2026-06-02 14:05:00+03:00,3.136749670076199e-05
2026-06-02 14:10:00+03:00,2.4071665357650554e-05
2026-06-02 14:15:00+03:00,1.9416956514633438e-05
2026-06-02 14:20:00+03:00,1.921787531225076e-05
2026-06-02 14:25:00+03:00,2.1841711758049878e-05
2026-06-02 14:30:00+03:00,1.7215611432885158e-05
2026-06-02 14:35:00+03:00,2.1841711758049878e-05
2026-06-02 14:40:00+03:00,2.1841711758049878e-05
2026-06-02 14:45:00+03:00,1.7532169762365556e-05
2026-06-02 14:50:00+03:00,2.2678320011687846e-05
2026-06-02 14:55:00+03:00,1.5773921216706694e-05
2026-06-02 15:00:00+03:00,2.143533518434359e-05
2026-06-02 15:05:00+03:00,1.7324673842779612e-05
2026-06-02 15:10:00+03:00,2.1036077355753462e-05
2026-06-02 15:15:00+03:00,2.122488163238404e-05
2026-06-02 15:20:00+03:00,2.0783828764857134e-05
2026-06-02 15:25:00+03:00,2.1938028769226607e-05
2026-06-02 15:30:00+03:00,1.7243830831077385e-05
2026-06-02 15:35:00+03:00,1.7243830831077385e-05
2026-06-02 15:40:00+03:00,1.8443051634557876e-05
2026-06-02 15:45:00+03:00,1.7205973112120545e-05
2026-06-02 15:50:00+03:00,1.7833163148909564e-05
2026-06-02 15:55:00+03:00,1.6534871618535737e-05
2026-06-02 16:00:00+03:00,1.6580520732339817e-05
2026-06-02 16:05:00+03:00,1.7723700005737026e-05
2026-06-02 16:10:00+03:00,1.6534871618535737e-05
2026-06-02 16:15:00+03:00,1.5773921216706694e-05
2026-06-02 16:20:00+03:00,2.2678320011687846e-05
2026-06-02 16:25:00+03:00,1.8443051634557876e-05
2026-06-02 16:30:00+03:00,1.697451351105833e-05
2026-06-02 16:35:00+03:00,1.6463777335663145e-05
2026-06-02 16:40:00+03:00,2.2784640567581963e-05
2026-06-02 16:45:00+03:00,1.697451351105833e-05
2026-06-02 16:50:00+03:00,1.7456787514019965e-05
2026-06-02 16:55:00+03:00,2.2357351185666674e-05
2026-06-02 17:00:00+03:00,3.5251341744886484e-05
2026-06-02 17:05:00+03:00,3.667355375946036e-05
2026-06-02 17:10:00+03:00,5.20596037579433e-05
2026-06-02 17:15:00+03:00,1.702554833966553e-05
2026-06-02 17:20:00+03:00,1.588168258969227e-05
2026-06-02 17:25:00+03:00,2.0679354599190187e-05
2026-06-02 17:30:00+03:00,2.0633954564907025e-05
2026-06-02 17:35:00+03:00,1.6861716106750887e-05
2026-06-02 17:40:00+03:00,1.5399295024362778e-05
2026-06-02 17:45:00+03:00,1.625447756105476e-05
2026-06-02 17:50:00+03:00,2.1377173222273658e-05
2026-06-02 17:55:00+03:00,1.4868901774488397e-05
2026-06-03 09:55:00+03:00,3.648961956251267e-05
2026-06-03 10:00:00+03:00,2.7421278696532378e-05
2026-06-03 10:05:00+03:00,1.6204077893068226e-05
2026-06-03 10:10:00+03:00,1.959137445831046e-05
2026-06-03 10:15:00+03:00,1.6204077893068226e-05
2026-06-03 10:20:00+03:00,1.806254633746646e-05
2026-06-03 10:25:00+03:00,1.6495143545643444e-05
2026-06-03 10:30:00+03:00,2.4001275170785266e-05
2026-06-03 10:35:00+03:00,3.805473131376966e-05
2026-06-03 10:40:00+03:00,3.892852450408224e-05
2026-06-03 10:45:00+03:00,2.334709092255716e-05
2026-06-03 10:50:00+03:00,1.6404129060520318e-05
2026-06-03 10:55:00+03:00,2.6408743872097026e-05
2026-06-03 11:00:00+03:00,3.778260015931938e-05
2026-06-03 11:05:00+03:00,1.9329446316982156e-05
2026-06-03 11:10:00+03:00,2.405759538051508e-05
2026-06-03 11:15:00+03:00,2.2375951033418472e-05
2026-06-03 11:20:00+03:00,3.060421148948975e-05
2026-06-03 11:25:00+03:00,3.146057293258931e-05
2026-06-03 11:30:00+03:00,1.932859830461763e-05
2026-06-03 11:35:00+03:00,2.2416263156640867e-05
2026-06-03 11:40:00+03:00,1.713733676096141e-05
2026-06-03 11:45:00+03:00,1.6512320948972843e-05
2026-06-03 11:50:00+03:00,1.5399295024362778e-05
2026-06-03 11:55:00+03:00,1.7798111108666207e-05
2026-06-03 12:00:00+03:00,2.0205502012399343e-05
2026-06-03 12:05:00+03:00,1.5586193775545173e-05
2026-06-03 12:10:00+03:00,1.840638639058061e-05
2026-06-03 12:15:00+03:00,2.6059402986859766e-05
2026-06-03 12:20:00+03:00,1.7759036524703e-05
2026-06-03 12:25:00+03:00,2.340728071219177e-05
2026-06-03 12:30:00+03:00,1.5586193775545173e-05
2026-06-03 12:35:00+03:00,1.628095395098215e-05
2026-06-03 12:40:00+03:00,2.1377173222273658e-05
2026-06-03 12:45:00+03:00,1.7384895068544467e-05
2026-06-03 12:50:00+03:00,1.8772218198481875e-05
2026-06-03 12:55:00+03:00,3.913365525399466e-05
2026-06-03 13:00:00+03:00,3.7244767797902335e-05
2026-06-03 13:05:00+03:00,1.982915079015837e-05
2026-06-03 13:10:00+03:00,2.5071938501311016e-05
2026-06-03 13:15:00+03:00,2.3641565156700873e-05
2026-06-03 13:20:00+03:00,2.8759240699525056e-05
2026-06-03 13:25:00+03:00,1.8978727867262763e-05
2026-06-03 13:30:00+03:00,1.830318831998619e-05
2026-06-03 13:35:00+03:00,1.7103952377171797e-05
2026-06-03 13:40:00+03:00,1.7103952377171797e-05
2026-06-03 13:45:00+03:00,1.7103952377171797e-05
2026-06-03 13:50:00+03:00,1.7103952377171797e-05
2026-06-03 13:55:00+03:00,1.5645966184530955e-05
2026-06-03 14:00:00+03:00,1.5645966184530955e-05
2026-06-03 14:05:00+03:00,1.593366254983946e-05
2026-06-03 14:10:00+03:00,1.67582531168152e-05
2026-06-03 14:15:00+03:00,1.7103952377171797e-05
2026-06-03 14:20:00+03:00,1.625447756105476e-05
2026-06-03 14:25:00+03:00,1.6930469456273117e-05
2026-06-03 14:30:00+03:00,1.915394849238019e-05
2026-06-03 14:35:00+03:00,1.664207760175288e-05
2026-06-03 14:40:00+03:00,1.731753019349973e-05
2026-06-03 14:45:00+03:00,1.6813074870314938e-05
2026-06-03 14:50:00+03:00,1.5399295024362778e-05
2026-06-03 14:55:00+03:00,1.9533108279397903e-05
2026-06-03 15:00:00+03:00,1.839184363837052e-05
2026-06-03 15:05:00+03:00,1.9533108279397903e-05
2026-06-03 15:10:00+03:00,2.1591060974411562e-05
2026-06-03 15:15:00+03:00,1.8730029961101537e-05
2026-06-03 15:20:00+03:00,2.1591060974411562e-05
2026-06-03 15:25:00+03:00,2.6052652237788797e-05
2026-06-03 15:30:00+03:00,2.5740250256566634e-05
2026-06-03 15:35:00+03:00,2.9161456652450917e-05
2026-06-03 15:40:00+03:00,3.053752341685648e-05
2026-06-03 15:45:00+03:00,2.5409394919365398e-05
2026-06-03 15:50:00+03:00,1.906425200731267e-05
2026-06-03 15:55:00+03:00,2.8367155021974178e-05
2026-06-03 16:00:00+03:00,3.83908807919877e-05
2026-06-03 16:05:00+03:00,2.121333324745621e-05
2026-06-03 16:10:00+03:00,2.0474958847650405e-05
2026-06-03 16:15:00+03:00,6.354305487914516e-05
2026-06-03 16:20:00+03:00,2.596388306928259e-05
2026-06-03 16:25:00+03:00,1.6552392014695414e-05
2026-06-03 16:30:00+03:00,3.734130339446833e-05
2026-06-03 16:35:00+03:00,4.444247450388672e-05
2026-06-03 16:40:00+03:00,6.032097756400885e-05
2026-06-03 16:45:00+03:00,4.855188131630086e-05
2026-06-03 16:50:00+03:00,2.87308442647832e-05
2026-06-03 16:55:00+03:00,3.182689591239385e-05
2026-06-03 17:00:00+03:00,2.434708263564749e-05
2026-06-03 17:05:00+03:00,7.054446391181885e-05
2026-06-03 17:10:00+03:00,6.58468397629599e-05
2026-06-03 17:15:00+03:00,6.58468397629599e-05
2026-06-03 17:20:00+03:00,2.5277399846694876e-05
2026-06-03 17:25:00+03:00,4.201974536020339e-05
2026-06-03 17:30:00+03:00,2.6670920394343673e-05
2026-06-03 17:35:00+03:00,3.525055621614838e-05
2026-06-03 17:40:00+03:00,2.8732488061469164e-05
2026-06-03 17:45:00+03:00,0.00012279277712522096
2026-06-03 17:50:00+03:00,4.193228889405653e-05
2026-06-03 17:55:00+03:00,3.076636486732885e-05
2026-06-04 09:55:00+03:00,2.3409380212407513e-05
2026-06-04 10:00:00+03:00,2.0550573944032926e-05
2026-06-04 10:05:00+03:00,2.0033365981904368e-05
2026-06-04 10:10:00+03:00,2.0819791268793572e-05
2026-06-04 10:15:00+03:00,1.7297613484976074e-05
2026-06-04 10:20:00+03:00,1.9873023662467965e-05
2026-06-04 10:25:00+03:00,2.1492572761716548e-05
2026-06-04 10:30:00+03:00,1.7297613484976074e-05
2026-06-04 10:35:00+03:00,1.7297613484976074e-05
2026-06-04 10:40:00+03:00,2.291485208451146e-05
2026-06-04 10:45:00+03:00,1.9203125816932934e-05
2026-06-04 10:50:00+03:00,2.2925810056405636e-05
2026-06-04 10:55:00+03:00,2.0198913888030873e-05
2026-06-04 11:00:00+03:00,1.722010835989753e-05
2026-06-04 11:05:00+03:00,2.4193714267418913e-05
2026-06-04 11:10:00+03:00,2.0946887170231998e-05
2026-06-04 11:15:00+03:00,2.1703535681344665e-05
2026-06-04 11:20:00+03:00,3.7456936434203043e-05
2026-06-04 11:25:00+03:00,2.6816230170648104e-05
2026-06-04 11:30:00+03:00,1.6625293069136624e-05
2026-06-04 11:35:00+03:00,2.7924514642298462e-05
2026-06-04 11:40:00+03:00,2.385271710387316e-05
2026-06-04 11:45:00+03:00,2.5504254353037576e-05
2026-06-04 11:50:00+03:00,2.8896538222145057e-05
2026-06-04 11:55:00+03:00,2.5504254353037576e-05
2026-06-04 12:00:00+03:00,2.6390361391805766e-05
2026-06-04 12:05:00+03:00,2.1261191193427815e-05
2026-06-04 12:10:00+03:00,2.5151638228444243e-05
2026-06-04 12:15:00+03:00,1.817798437307743e-05
2026-06-04 12:20:00+03:00,2.736321082893267e-05
2026-06-04 12:25:00+03:00,1.8846852948788837e-05
2026-06-04 12:30:00+03:00,1.792271511615201e-05
2026-06-04 12:35:00+03:00,2.0067582513563477e-05
2026-06-04 12:40:00+03:00,2.2744586776129284e-05
2026-06-04 12:45:00+03:00,2.071018148139557e-05
2026-06-04 12:50:00+03:00,2.4563610446198834e-05
2026-06-04 12:55:00+03:00,2.1923270240823707e-05
2026-06-04 13:00:00+03:00,2.1750372232159677e-05
2026-06-04 13:05:00+03:00,2.1750372232159677e-05
2026-06-04 13:10:00+03:00,2.3885042091227865e-05
2026-06-04 13:15:00+03:00,2.2325527081268985e-05
2026-06-04 13:20:00+03:00,2.011323943606943e-05
2026-06-04 13:25:00+03:00,2.2310115859053405e-05
2026-06-04 13:30:00+03:00,3.925113655813488e-05
2026-06-04 13:35:00+03:00,3.617672693424251e-05
2026-06-04 13:40:00+03:00,9.362246865038401e-05
2026-06-04 13:45:00+03:00,4.287773466176286e-05
2026-06-04 13:50:00+03:00,9.368961875235243e-05
2026-06-04 13:55:00+03:00,8.54456683234363e-05
2026-06-04 14:00:00+03:00,0.00038826830576180074
2026-06-04 14:05:00+03:00,0.0003342589454669303
2026-06-04 14:10:00+03:00,7.533197457393875e-05
2026-06-04 14:15:00+03:00,3.3371159274056566e-05
2026-06-04 14:20:00+03:00,3.0862178738259596e-05
2026-06-04 14:25:00+03:00,2.235742713554986e-05
2026-06-04 14:30:00+03:00,1.959137445831046e-05
2026-06-04 14:35:00+03:00,2.1562824407983853e-05
2026-06-04 14:40:00+03:00,1.9666563889167396e-05
2026-06-04 14:45:00+03:00,1.9666563889167396e-05
2026-06-04 14:50:00+03:00,2.1041909937753128e-05
2026-06-04 14:55:00+03:00,2.229855233137115e-05
2026-06-04 15:00:00+03:00,1.6204077893068226e-05
2026-06-04 15:05:00+03:00,1.9883894497381085e-05
2026-06-04 15:10:00+03:00,2.3159321666422302e-05
2026-06-04 15:15:00+03:00,1.9753269991394322e-05
2026-06-04 15:20:00+03:00,2.358516955629896e-05
2026-06-04 15:25:00+03:00,1.593366254983946e-05
2026-06-04 15:30:00+03:00,1.7735513874280373e-05
2026-06-04 15:35:00+03:00,1.879469893712733e-05
2026-06-04 15:40:00+03:00,1.768850423548269e-05
2026-06-04 15:45:00+03:00,2.5918341947007813e-05
2026-06-04 15:50:00+03:00,1.7103952377171797e-05
2026-06-04 15:55:00+03:00,1.6254023767742505e-05
2026-06-04 16:00:00+03:00,2.126145682123074e-05
2026-06-04 16:05:00+03:00,2.249435907680622e-05
2026-06-04 16:10:00+03:00,2.4630558774700226e-05
2026-06-04 16:15:00+03:00,2.2074076084249878e-05
2026-06-04 16:20:00+03:00,1.647540899781339e-05
2026-06-04 16:25:00+03:00,1.8332120672719535e-05
2026-06-04 16:30:00+03:00,4.262305485863532e-05
2026-06-04 16:35:00+03:00,4.87602505533681e-05
2026-06-04 16:40:00+03:00,3.5040490638056973e-05
2026-06-04 16:45:00+03:00,2.08145289268235e-05
2026-06-04 16:50:00+03:00,2.1511430794852368e-05
2026-06-04 16:55:00+03:00,2.2002420665328076e-05
2026-06-04 17:00:00+03:00,2.183546081110573e-05
2026-06-04 17:05:00+03:00,2.1389059986929813e-05
2026-06-04 17:10:00+03:00,3.1434682688927705e-05
2026-06-04 17:15:00+03:00,2.827914534084592e-05
2026-06-04 17:20:00+03:00,1.6200779791522282e-05
2026-06-04 17:25:00+03:00,1.5362323646917036e-05
2026-06-04 17:30:00+03:00,1.86432026886977e-05
2026-06-04 17:35:00+03:00,1.627456904030054e-05
2026-06-04 17:40:00+03:00,1.61891698727574e-05
2026-06-04 17:45:00+03:00,2.0554300315524134e-05
2026-06-04 17:50:00+03:00,1.8829819907978658e-05
2026-06-04 17:55:00+03:00,1.6347818504285438e-05
2026-06-05 09:55:00+03:00,2.145189518219855e-05
2026-06-05 10:00:00+03:00,2.2266266771233345e-05
2026-06-05 10:05:00+03:00,2.1119504584567e-05
2026-06-05 10:10:00+03:00,1.8004938723182153e-05
2026-06-05 10:15:00+03:00,1.8004938723182153e-05
2026-06-05 10:20:00+03:00,1.8004938723182153e-05
2026-06-05 10:25:00+03:00,2.094126671488107e-05
2026-06-05 10:30:00+03:00,2.79781807274212e-05
2026-06-05 10:35:00+03:00,2.732426474340031e-05
2026-06-05 10:40:00+03:00,3.155507141409809e-05
2026-06-05 10:45:00+03:00,3.155507141409809e-05
2026-06-05 10:50:00+03:00,2.7130544704369466e-05
2026-06-05 10:55:00+03:00,2.7130544704369466e-05
2026-06-05 11:00:00+03:00,3.578668020082827e-05
2026-06-05 11:05:00+03:00,7.239619839676861e-05
2026-06-05 11:10:00+03:00,3.028747110590947e-05
2026-06-05 11:15:00+03:00,2.5041316785749237e-05
2026-06-05 11:20:00+03:00,3.310952286882746e-05
2026-06-05 11:25:00+03:00,3.1715770500650746e-05
2026-06-05 11:30:00+03:00,3.259167892621056e-05
2026-06-05 11:35:00+03:00,2.8033136109982843e-05
2026-06-05 11:40:00+03:00,2.278957389136462e-05
2026-06-05 11:45:00+03:00,2.4950467893503622e-05
2026-06-05 11:50:00+03:00,2.4950467893503622e-05
2026-06-05 11:55:00+03:00,2.2637222526694788e-05
2026-06-05 12:00:00+03:00,1.6617172221456094e-05
2026-06-05 12:05:00+03:00,2.078538015159659e-05
2026-06-05 12:10:00+03:00,1.6617172221456094e-05
2026-06-05 12:15:00+03:00,2.076131628176606e-05
2026-06-05 12:20:00+03:00,2.076131628176606e-05
2026-06-05 12:25:00+03:00,4.6297233269223654e-05
2026-06-05 12:30:00+03:00,5.380803008026235e-05
2026-06-05 12:35:00+03:00,2.5512301299341565e-05
2026-06-05 12:40:00+03:00,2.584184516881078e-05
2026-06-05 12:45:00+03:00,1.64949052390195e-05
2026-06-05 12:50:00+03:00,1.635376695261843e-05
2026-06-05 12:55:00+03:00,1.9401042206927697e-05
2026-06-05 13:00:00+03:00,3.193623887145434e-05
2026-06-05 13:05:00+03:00,2.6041288558917338e-05
2026-06-05 13:10:00+03:00,0.0001821329057469364
2026-06-05 13:15:00+03:00,4.051401544438415e-05
2026-06-05 13:20:00+03:00,0.00024280796913430286
2026-06-05 13:25:00+03:00,3.359239981261328e-05
2026-06-05 13:30:00+03:00,8.157137467807514e-05
2026-06-05 13:35:00+03:00,0.0004123206477231302
2026-06-05 13:40:00+03:00,5.101798185806768e-05
2026-06-05 13:45:00+03:00,5.3701788255157164e-05
2026-06-05 13:50:00+03:00,6.639040725850531e-05
2026-06-05 13:55:00+03:00,2.346952304319458e-05
2026-06-05 14:00:00+03:00,4.047524176321233e-05
2026-06-05 14:05:00+03:00,1.9984498652060795e-05
2026-06-05 14:10:00+03:00,1.7157106238156674e-05
2026-06-05 14:15:00+03:00,1.832037618692678e-05
2026-06-05 14:20:00+03:00,2.0588563573932086e-05
2026-06-05 14:25:00+03:00,2.0588563573932086e-05
2026-06-05 14:30:00+03:00,1.5478753998407526e-05
2026-06-05 14:35:00+03:00,1.6703392400709852e-05
2026-06-05 14:40:00+03:00,1.6948720913843864e-05
2026-06-05 14:45:00+03:00,2.0174762904533106e-05
2026-06-05 14:50:00+03:00,2.0588563573932086e-05
2026-06-05 14:55:00+03:00,1.7643878928800706e-05
2026-06-05 15:00:00+03:00,1.675683947041178e-05
2026-06-05 15:05:00+03:00,1.6553964732375992e-05
2026-06-05 15:10:00+03:00,2.2856717379410625e-05
2026-06-05 15:15:00+03:00,2.0588563573932086e-05
2026-06-05 15:20:00+03:00,5.469881986047222e-05
2026-06-05 15:25:00+03:00,2.8228235641911228e-05
2026-06-05 15:30:00+03:00,0.00019775410365763092
2026-06-05 15:35:00+03:00,0.0002539542013744273
2026-06-05 15:40:00+03:00,0.0001719296738799618
2026-06-05 15:45:00+03:00,0.00015601546908581757
2026-06-05 15:50:00+03:00,0.00036328938383739837
2026-06-05 15:55:00+03:00,0.00017113195046396284
2026-06-05 16:00:00+03:00,6.430810950358305e-05
2026-06-05 16:05:00+03:00,7.756970597498107e-05
2026-06-05 16:10:00+03:00,3.464589052517708e-05
2026-06-05 16:15:00+03:00,2.2945539043921957e-05
2026-06-05 16:20:00+03:00,2.9184494697296416e-05
2026-06-05 16:25:00+03:00,3.4623173512168904e-05
2026-06-05 16:30:00+03:00,2.9800840949972675e-05
2026-06-05 16:35:00+03:00,4.1370493476188994e-05
2026-06-05 16:40:00+03:00,2.417569711670482e-05
2026-06-05 16:45:00+03:00,2.521177827729479e-05
2026-06-05 16:50:00+03:00,3.268440352147951e-05
2026-06-05 16:55:00+03:00,2.491370123043059e-05
2026-06-05 17:00:00+03:00,2.7745652900156248e-05
2026-06-05 17:05:00+03:00,2.4148912388469653e-05
2026-06-05 17:10:00+03:00,2.0790675877921873e-05
2026-06-05 17:15:00+03:00,1.6177579968983142e-05
2026-06-05 17:20:00+03:00,4.0024213550949956e-05
2026-06-05 17:25:00+03:00,1.5304042667553845e-05
2026-06-05 17:30:00+03:00,1.7022350347894888e-05
2026-06-05 17:35:00+03:00,2.0679354599190187e-05
2026-06-05 17:40:00+03:00,1.595253133786026e-05
2026-06-05 17:45:00+03:00,1.5446760352864422e-05
2026-06-05 17:50:00+03:00,1.625447756105476e-05
2026-06-05 17:55:00+03:00,1.4145794675533561e-05
2026-06-08 09:55:00+03:00,0.00028339587178681416
2026-06-08 10:00:00+03:00,2.919121472341207e-05
2026-06-08 10:05:00+03:00,3.2633939358414395e-05
2026-06-08 10:10:00+03:00,4.095079887382275e-05
2026-06-08 10:15:00+03:00,3.265959963011196e-05
2026-06-08 10:20:00+03:00,2.9428095872917044e-05
2026-06-08 10:25:00+03:00,3.120754903681336e-05
2026-06-08 10:30:00+03:00,3.13806942685019e-05
2026-06-08 10:35:00+03:00,3.13806942685019e-05
2026-06-08 10:40:00+03:00,2.7309750641154976e-05
2026-06-08 10:45:00+03:00,2.1783372134959856e-05
2026-06-08 10:50:00+03:00,2.1783372134959856e-05
2026-06-08 10:55:00+03:00,2.1354190520118168e-05
2026-06-08 11:00:00+03:00,2.654478453981426e-05
2026-06-08 11:05:00+03:00,1.8583937458100166e-05
2026-06-08 11:10:00+03:00,2.4803604772372653e-05
2026-06-08 11:15:00+03:00,2.7799196703541757e-05
2026-06-08 11:20:00+03:00,2.0087234643262078e-05
2026-06-08 11:25:00+03:00,2.1137598958283678e-05
2026-06-08 11:30:00+03:00,2.3842757067027263e-05
2026-06-08 11:35:00+03:00,1.8957234656624588e-05
2026-06-08 11:40:00+03:00,3.465510837993867e-05
2026-06-08 11:45:00+03:00,1.9100187409718522e-05
2026-06-08 11:50:00+03:00,2.0849797792408585e-05
2026-06-08 11:55:00+03:00,2.0914062883056262e-05
2026-06-08 12:00:00+03:00,2.6433208827521772e-05
2026-06-08 12:05:00+03:00,3.648743187515111e-05
2026-06-08 12:10:00+03:00,8.255950326032291e-05
2026-06-08 12:15:00+03:00,5.755955309613119e-05
2026-06-08 12:20:00+03:00,6.672557334974266e-05
2026-06-08 12:25:00+03:00,4.873586430165366e-05
2026-06-08 12:30:00+03:00,5.302483377048209e-05
2026-06-08 12:35:00+03:00,2.3754561607355872e-05
2026-06-08 12:40:00+03:00,2.952430943353398e-05
2026-06-08 12:45:00+03:00,2.5287510219976458e-05
2026-06-08 12:50:00+03:00,2.6547338409273126e-05
2026-06-08 12:55:00+03:00,2.895047225139006e-05
2026-06-08 13:00:00+03:00,2.908604578159337e-05
2026-06-08 13:05:00+03:00,3.370021651568075e-05
2026-06-08 13:10:00+03:00,3.518410290534174e-05
2026-06-08 13:15:00+03:00,3.82716794918114e-05
2026-06-08 13:20:00+03:00,2.5301539858899203e-05
2026-06-08 13:25:00+03:00,4.616257993645687e-05
2026-06-08 13:30:00+03:00,1.8596389818927246e-05
2026-06-08 13:35:00+03:00,2.6833164271598296e-05
2026-06-08 13:40:00+03:00,3.137358850671041e-05
2026-06-08 13:45:00+03:00,2.6684150744224992e-05
2026-06-08 13:50:00+03:00,2.590757504083018e-05
2026-06-08 13:55:00+03:00,1.8827537477332485e-05
2026-06-08 14:00:00+03:00,1.9719740771343672e-05
2026-06-08 14:05:00+03:00,1.531432695897613e-05
2026-06-08 14:10:00+03:00,1.982915079015837e-05
2026-06-08 14:15:00+03:00,2.0633954564907025e-05
2026-06-08 14:20:00+03:00,2.1306190470065093e-05
2026-06-08 14:25:00+03:00,2.3853753807549635e-05
2026-06-08 14:30:00+03:00,2.2553565385503794e-05
2026-06-08 14:35:00+03:00,2.8523535369861905e-05
2026-06-08 14:40:00+03:00,2.3159321666422302e-05
2026-06-08 14:45:00+03:00,1.9753269991394322e-05
2026-06-08 14:50:00+03:00,1.7103952377171797e-05
2026-06-08 14:55:00+03:00,1.619730930872592e-05
2026-06-08 15:00:00+03:00,1.6204077893068226e-05
2026-06-08 15:05:00+03:00,1.6204077893068226e-05
2026-06-08 15:10:00+03:00,1.907359390513663e-05
2026-06-08 15:15:00+03:00,2.4630558774700226e-05
2026-06-08 15:20:00+03:00,1.7103952377171797e-05
2026-06-08 15:25:00+03:00,1.625447756105476e-05
2026-06-08 15:30:00+03:00,1.607369934100718e-05
2026-06-08 15:35:00+03:00,1.6039722122810076e-05
2026-06-08 15:40:00+03:00,1.7095779128668844e-05
2026-06-08 15:45:00+03:00,1.7095779128668844e-05
2026-06-08 15:50:00+03:00,1.7095779128668844e-05
2026-06-08 15:55:00+03:00,1.8045172302736048e-05
2026-06-08 16:00:00+03:00,2.2784640567581963e-05
2026-06-08 16:05:00+03:00,1.7296322147901042e-05
2026-06-08 16:10:00+03:00,1.9307972916003176e-05
2026-06-08 16:15:00+03:00,2.1944110211133773e-05
2026-06-08 16:20:00+03:00,1.9307972916003176e-05
2026-06-08 16:25:00+03:00,1.7580931022632894e-05
2026-06-08 16:30:00+03:00,1.6298137872391342e-05
2026-06-08 16:35:00+03:00,1.7580931022632894e-05
2026-06-08 16:40:00+03:00,1.825644094886091e-05
2026-06-08 16:45:00+03:00,1.61483228127162e-05
2026-06-08 16:50:00+03:00,1.9307972916003176e-05
2026-06-08 16:55:00+03:00,2.1944110211133773e-05
2026-06-08 17:00:00+03:00,1.644525630646444e-05
2026-06-08 17:05:00+03:00,1.9307972916003176e-05
2026-06-08 17:10:00+03:00,1.9307972916003176e-05
2026-06-08 17:15:00+03:00,1.7916769035422104e-05
2026-06-08 17:20:00+03:00,1.6413186934217353e-05
2026-06-08 17:25:00+03:00,1.7324673842779612e-05
2026-06-08 17:30:00+03:00,1.7324673842779612e-05
2026-06-08 17:35:00+03:00,1.7324673842779612e-05
2026-06-08 17:40:00+03:00,3.007868546732964e-05
2026-06-08 17:45:00+03:00,1.6413186934217353e-05
2026-06-08 17:50:00+03:00,1.7324673842779612e-05
2026-06-08 17:55:00+03:00,1.7324673842779612e-05
2026-06-09 09:55:00+03:00,1.6413186934217353e-05
2026-06-09 10:00:00+03:00,1.5399295024362778e-05
2026-06-09 10:05:00+03:00,1.982915079015837e-05
2026-06-09 10:10:00+03:00,1.8281366884373014e-05
2026-06-09 10:15:00+03:00,1.981470852009737e-05
2026-06-09 10:20:00+03:00,1.625447756105476e-05
2026-06-09 10:25:00+03:00,1.625447756105476e-05
2026-06-09 10:30:00+03:00,1.8992921653726276e-05
2026-06-09 10:35:00+03:00,1.976799780515029e-05
2026-06-09 10:40:00+03:00,1.772664968010814e-05
2026-06-09 10:45:00+03:00,1.9156376445184125e-05
2026-06-09 10:50:00+03:00,1.6009561660022923e-05
2026-06-09 10:55:00+03:00,2.3108374377593386e-05
2026-06-09 11:00:00+03:00,2.647724794877238e-05
2026-06-09 11:05:00+03:00,2.0754341592849938e-05
2026-06-09 11:10:00+03:00,1.6743602826057656e-05
2026-06-09 11:15:00+03:00,1.5399295024362778e-05
2026-06-09 11:20:00+03:00,1.631243971669537e-05
2026-06-09 11:25:00+03:00,1.6413186934217353e-05
2026-06-09 11:30:00+03:00,1.6463777335663145e-05
2026-06-09 11:35:00+03:00,2.1535828501199957e-05
2026-06-09 11:40:00+03:00,1.631243971669537e-05
2026-06-09 11:45:00+03:00,1.982915079015837e-05
2026-06-09 11:50:00+03:00,1.8529516762711888e-05
2026-06-09 11:55:00+03:00,1.6413186934217353e-05
2026-06-09 12:00:00+03:00,1.7324673842779612e-05
2026-06-09 12:05:00+03:00,1.631243971669537e-05
2026-06-09 12:10:00+03:00,1.7324673842779612e-05
2026-06-09 12:15:00+03:00,1.7324673842779612e-05
2026-06-09 12:20:00+03:00,1.7324673842779612e-05
2026-06-09 12:25:00+03:00,1.584787306611127e-05
2026-06-09 12:30:00+03:00,1.625447756105476e-05
2026-06-09 12:35:00+03:00,1.6913688987247838e-05
2026-06-09 12:40:00+03:00,2.2784640567581963e-05
2026-06-09 12:45:00+03:00,2.0366119792395124e-05
2026-06-09 12:50:00+03:00,1.9414221443483465e-05
2026-06-09 12:55:00+03:00,2.3951084362608796e-05
2026-06-09 13:00:00+03:00,2.0779039659149983e-05
2026-06-09 13:05:00+03:00,2.579131061533135e-05
2026-06-09 13:10:00+03:00,5.282194025480011e-05
2026-06-09 13:15:00+03:00,2.1886823834858836e-05
2026-06-09 13:20:00+03:00,2.079923909259881e-05
2026-06-09 13:25:00+03:00,1.9607030286754008e-05
2026-06-09 13:30:00+03:00,2.0083724980008166e-05
2026-06-09 13:35:00+03:00,3.286547267601037e-05
2026-06-09 13:40:00+03:00,3.09687517199797e-05
2026-06-09 13:45:00+03:00,3.09687517199797e-05
2026-06-09 13:50:00+03:00,1.8264672348258157e-05
2026-06-09 13:55:00+03:00,2.868120580099469e-05
2026-06-09 14:00:00+03:00,0.00010128792212182594
2026-06-09 14:05:00+03:00,0.00014089778698056626
2026-06-09 14:10:00+03:00,5.513320718160586e-05
2026-06-09 14:15:00+03:00,9.553295279208996e-05
2026-06-09 14:20:00+03:00,2.5635856478764305e-05
2026-06-09 14:25:00+03:00,5.9620019954929434e-05
2026-06-09 14:30:00+03:00,0.00010649412079889392
2026-06-09 14:35:00+03:00,4.587187809829699e-05
2026-06-09 14:40:00+03:00,7.335971430324025e-05
2026-06-09 14:45:00+03:00,5.473675638662649e-05
2026-06-09 14:50:00+03:00,3.285397315897824e-05
2026-06-09 14:55:00+03:00,0.00015384527638862122
2026-06-09 15:00:00+03:00,3.4097912505990436e-05
2026-06-09 15:05:00+03:00,0.00014512331990989804
2026-06-09 15:10:00+03:00,0.00013916802868083286
2026-06-09 15:15:00+03:00,4.727375594308166e-05
2026-06-09 15:20:00+03:00,8.489159305191346e-05
2026-06-09 15:25:00+03:00,4.336739318226201e-05
2026-06-09 15:30:00+03:00,6.722633734303162e-05
2026-06-09 15:35:00+03:00,4.9914694341375754e-05
2026-06-09 15:40:00+03:00,4.044305370569178e-05
2026-06-09 15:45:00+03:00,3.093118945205268e-05
2026-06-09 15:50:00+03:00,3.507632971664474e-05
2026-06-09 15:55:00+03:00,4.2481121359946745e-05
2026-06-09 16:00:00+03:00,4.5125919484745375e-05
2026-06-09 16:05:00+03:00,2.6459526241540892e-05
2026-06-09 16:10:00+03:00,3.929176592135952e-05
2026-06-09 16:15:00+03:00,4.1650174917579427e-05
2026-06-09 16:20:00+03:00,1.7462351597582988e-05
2026-06-09 16:25:00+03:00,2.028919662828733e-05
2026-06-09 16:30:00+03:00,1.73332665497804e-05
2026-06-09 16:35:00+03:00,2.157933399361873e-05
2026-06-09 16:40:00+03:00,2.732664087970065e-05
2026-06-09 16:45:00+03:00,2.1652024168875426e-05
2026-06-09 16:50:00+03:00,1.7996645601636196e-05
2026-06-09 16:55:00+03:00,2.3060719577852137e-05
2026-06-09 17:00:00+03:00,1.853648291353887e-05
2026-06-09 17:05:00+03:00,1.853648291353887e-05
2026-06-09 17:10:00+03:00,2.6950616653245486e-05
2026-06-09 17:15:00+03:00,3.5900672158110975e-05
2026-06-09 17:20:00+03:00,2.0891821659571416e-05
2026-06-09 17:25:00+03:00,2.692853193914742e-05
2026-06-09 17:30:00+03:00,2.1328828598919397e-05
2026-06-09 17:35:00+03:00,2.1328828598919397e-05
2026-06-09 17:40:00+03:00,2.908358823822521e-05
2026-06-09 17:45:00+03:00,4.8877843346932944e-05
2026-06-09 17:50:00+03:00,3.229301535802611e-05
2026-06-09 17:55:00+03:00,2.247297344496782e-05
2026-06-10 09:55:00+03:00,5.180170685482965e-05
2026-06-10 10:00:00+03:00,3.523071665249528e-05
2026-06-10 10:05:00+03:00,2.0975518293678207e-05
2026-06-10 10:10:00+03:00,2.2190766789456853e-05
2026-06-10 10:15:00+03:00,2.459105743068649e-05
2026-06-10 10:20:00+03:00,1.8354050448957556e-05
2026-06-10 10:25:00+03:00,2.3518692167547874e-05
2026-06-10 10:30:00+03:00,2.657691611673527e-05
2026-06-10 10:35:00+03:00,2.0434528334803273e-05
2026-06-10 10:40:00+03:00,1.7443290035340277e-05
2026-06-10 10:45:00+03:00,2.126145682123074e-05
2026-06-10 10:50:00+03:00,2.249435907680622e-05
2026-06-10 10:55:00+03:00,1.6347578830138833e-05
2026-06-10 11:00:00+03:00,3.6655758266831554e-05
2026-06-10 11:05:00+03:00,1.4885069312282006e-05
2026-06-10 11:10:00+03:00,1.5683556246934495e-05
2026-06-10 11:15:00+03:00,1.6608843332486212e-05
2026-06-10 11:20:00+03:00,1.5446760352864422e-05
2026-06-10 11:25:00+03:00,1.6379556713450452e-05
2026-06-10 11:30:00+03:00,1.5817586257130523e-05
2026-06-10 11:35:00+03:00,1.5817586257130523e-05
2026-06-10 11:40:00+03:00,5.8789424083906164e-05
2026-06-10 11:45:00+03:00,7.661790452138293e-05
2026-06-10 11:50:00+03:00,4.5811231156051764e-05
2026-06-10 11:55:00+03:00,0.00010632737981411362
2026-06-10 12:00:00+03:00,2.3067545018144942e-05
2026-06-10 12:05:00+03:00,2.8595732933272166e-05
2026-06-10 12:10:00+03:00,2.099154922518349e-05
2026-06-10 12:15:00+03:00,1.616479096595772e-05
2026-06-10 12:20:00+03:00,1.625447756105476e-05
2026-06-10 12:25:00+03:00,1.625447756105476e-05
2026-06-10 12:30:00+03:00,1.5586193775545173e-05
2026-06-10 12:35:00+03:00,1.625447756105476e-05
2026-06-10 12:40:00+03:00,1.625447756105476e-05
2026-06-10 12:45:00+03:00,1.621879186819425e-05
2026-06-10 12:50:00+03:00,1.5399295024362778e-05
2026-06-10 12:55:00+03:00,1.530477117015448e-05
2026-06-10 13:00:00+03:00,1.7438381993104616e-05
2026-06-10 13:05:00+03:00,2.2784640567581963e-05
2026-06-10 13:10:00+03:00,1.628095395098215e-05
2026-06-10 13:15:00+03:00,1.6562635736012883e-05
2026-06-10 13:20:00+03:00,1.9835607396444348e-05
2026-06-10 13:25:00+03:00,1.5762062150952607e-05
2026-06-10 13:30:00+03:00,1.63784303142159e-05
2026-06-10 13:35:00+03:00,1.64949052390195e-05
2026-06-10 13:40:00+03:00,1.982915079015837e-05
2026-06-10 13:45:00+03:00,1.530477117015448e-05
2026-06-10 13:50:00+03:00,2.1377173222273658e-05
2026-06-10 13:55:00+03:00,1.5142309778279527e-05
2026-06-10 14:00:00+03:00,2.1581504194502706e-05
2026-06-10 14:05:00+03:00,5.042378935257297e-05
2026-06-10 14:10:00+03:00,5.5025259921678706e-05
2026-06-10 14:15:00+03:00,4.3167000907815464e-05
2026-06-10 14:20:00+03:00,3.073042699948979e-05
2026-06-10 14:25:00+03:00,2.5095019240104924e-05
2026-06-10 14:30:00+03:00,8.508928373625889e-05
2026-06-10 14:35:00+03:00,4.837700227076868e-05
2026-06-10 14:40:00+03:00,4.081703693355894e-05
2026-06-10 14:45:00+03:00,2.0955388657297387e-05
2026-06-10 14:50:00+03:00,2.044657575825521e-05
2026-06-10 14:55:00+03:00,2.5506906895794653e-05
2026-06-10 15:00:00+03:00,2.752089494506433e-05
2026-06-10 15:05:00+03:00,4.1896283641204884e-05
2026-06-10 15:10:00+03:00,3.3573547983809674e-05
2026-06-10 15:15:00+03:00,3.5105145976457874e-05
2026-06-10 15:20:00+03:00,4.203524692120863e-05
2026-06-10 15:25:00+03:00,4.285018223012584e-05
2026-06-10 15:30:00+03:00,5.848639250969597e-05
2026-06-10 15:35:00+03:00,5.145169370793955e-05
2026-06-10 15:40:00+03:00,4.191651497798929e-05
2026-06-10 15:45:00+03:00,1.8675396718584307e-05
2026-06-10 15:50:00+03:00,1.927531599102954e-05
2026-06-10 15:55:00+03:00,1.4564169157910477e-05
2026-06-10 16:00:00+03:00,2.1657500562347326e-05
2026-06-10 16:05:00+03:00,2.4958075147448855e-05
2026-06-10 16:10:00+03:00,2.713084986054176e-05
2026-06-10 16:15:00+03:00,2.027372765174198e-05
2026-06-10 16:20:00+03:00,2.0237032421993123e-05
2026-06-10 16:25:00+03:00,2.2604048063954383e-05
2026-06-10 16:30:00+03:00,2.5304613100449096e-05
2026-06-10 16:35:00+03:00,2.1282956739633956e-05
2026-06-10 16:40:00+03:00,1.9943283191795326e-05
2026-06-10 16:45:00+03:00,2.0679354599190187e-05
2026-06-10 16:50:00+03:00,1.800623340726012e-05
2026-06-10 16:55:00+03:00,2.085024059145046e-05
2026-06-10 17:00:00+03:00,2.249435907680622e-05
2026-06-10 17:05:00+03:00,1.7103952377171797e-05
2026-06-10 17:10:00+03:00,1.907359390513663e-05
2026-06-10 17:15:00+03:00,1.777120087533662e-05
2026-06-10 17:20:00+03:00,2.126145682123074e-05
2026-06-10 17:25:00+03:00,1.8429450480586366e-05
2026-06-10 17:30:00+03:00,1.879469893712733e-05
2026-06-10 17:35:00+03:00,1.678622641539161e-05
2026-06-10 17:40:00+03:00,1.6400744003468973e-05
2026-06-10 17:45:00+03:00,1.7103952377171797e-05
2026-06-10 17:50:00+03:00,1.624866562159138e-05
2026-06-10 17:55:00+03:00,2.2092660804056495e-05
2026-06-11 09:55:00+03:00,1.629865684324793e-05
2026-06-11 10:00:00+03:00,1.624866562159138e-05
2026-06-11 10:05:00+03:00,2.1086318505097586e-05
2026-06-11 10:10:00+03:00,1.7720048744559316e-05
2026-06-11 10:15:00+03:00,1.833372696558023e-05
2026-06-11 10:20:00+03:00,2.1301629209749118e-05
2026-06-11 10:25:00+03:00,1.982915079015837e-05
2026-06-11 10:30:00+03:00,1.959137445831046e-05
2026-06-11 10:35:00+03:00,1.7103952377171797e-05
2026-06-11 10:40:00+03:00,1.7103952377171797e-05
2026-06-11 10:45:00+03:00,1.7103952377171797e-05
2026-06-11 10:50:00+03:00,1.621879186819425e-05
2026-06-11 10:55:00+03:00,1.5399295024362778e-05
2026-06-11 11:00:00+03:00,1.625447756105476e-05
2026-06-11 11:05:00+03:00,2.1192717012853218e-05
2026-06-11 11:10:00+03:00,1.607369934100718e-05
2026-06-11 11:15:00+03:00,1.5446760352864422e-05
2026-06-11 11:20:00+03:00,2.1377173222273658e-05
2026-06-11 11:25:00+03:00,1.7384895068544467e-05
2026-06-11 11:30:00+03:00,1.5446760352864422e-05
2026-06-11 11:35:00+03:00,1.7296322147901042e-05
2026-06-11 11:40:00+03:00,1.9307972916003176e-05
2026-06-11 11:45:00+03:00,2.1944110211133773e-05
2026-06-11 11:50:00+03:00,2.1944110211133773e-05
2026-06-11 11:55:00+03:00,2.1944110211133773e-05
2026-06-11 12:00:00+03:00,1.9307972916003176e-05
2026-06-11 12:05:00+03:00,1.7643878928800706e-05
2026-06-11 12:10:00+03:00,1.7643878928800706e-05
2026-06-11 12:15:00+03:00,1.7643878928800706e-05
2026-06-11 12:20:00+03:00,4.7636003312044957e-05
2026-06-11 12:25:00+03:00,6.945274007077792e-05
2026-06-11 12:30:00+03:00,5.0111210727771294e-05
2026-06-11 12:35:00+03:00,4.834199709558172e-05
2026-06-11 12:40:00+03:00,2.3327845656872892e-05
2026-06-11 12:45:00+03:00,1.7643878928800706e-05
2026-06-11 12:50:00+03:00,1.7580931022632894e-05
2026-06-11 12:55:00+03:00,1.791309053321966e-05
2026-06-11 13:00:00+03:00,1.791309053321966e-05
2026-06-11 13:05:00+03:00,2.31654111837505e-05
2026-06-11 13:10:00+03:00,3.0101953546363053e-05
2026-06-11 13:15:00+03:00,2.7806031615416497e-05
2026-06-11 13:20:00+03:00,1.8213196245061834e-05
2026-06-11 13:25:00+03:00,1.8610213086515595e-05
2026-06-11 13:30:00+03:00,1.7190768668185976e-05
2026-06-11 13:35:00+03:00,1.8952414676147733e-05
2026-06-11 13:40:00+03:00,1.8610213086515595e-05
2026-06-11 13:45:00+03:00,1.7190768668185976e-05
2026-06-11 13:50:00+03:00,1.7803144750118523e-05
2026-06-11 13:55:00+03:00,1.791309053321966e-05
2026-06-11 14:00:00+03:00,2.1568527720914504e-05
2026-06-11 14:05:00+03:00,1.67795735860399e-05
2026-06-11 14:10:00+03:00,1.612884397124668e-05
2026-06-11 14:15:00+03:00,1.8610213086515595e-05
2026-06-11 14:20:00+03:00,1.9069457799307364e-05
2026-06-11 14:25:00+03:00,1.9284682834366223e-05
2026-06-11 14:30:00+03:00,1.7559724134324653e-05
2026-06-11 14:35:00+03:00,2.4380294633969654e-05
2026-06-11 14:40:00+03:00,2.1867325645072464e-05
2026-06-11 14:45:00+03:00,4.186282850381125e-05
2026-06-11 14:50:00+03:00,2.8648010433541168e-05
2026-06-11 14:55:00+03:00,2.0512200785402965e-05
2026-06-11 15:00:00+03:00,1.9410868029320174e-05
2026-06-11 15:05:00+03:00,2.0138771749163645e-05
2026-06-11 15:10:00+03:00,1.9755965351530406e-05
2026-06-11 15:15:00+03:00,8.642705384264183e-05
2026-06-11 15:20:00+03:00,0.000186944686871987
2026-06-11 15:25:00+03:00,6.275757887738333e-05
2026-06-11 15:30:00+03:00,0.00022220123459272743
2026-06-11 15:35:00+03:00,0.00010957280402901218
2026-06-11 15:40:00+03:00,0.00018510896318757803
2026-06-11 15:45:00+03:00,4.685772845578621e-05
2026-06-11 15:50:00+03:00,4.811727737879845e-05
2026-06-11 15:55:00+03:00,5.709751290089047e-05
2026-06-11 16:00:00+03:00,3.3472174082787404e-05
2026-06-11 16:05:00+03:00,5.5194919298467435e-05
2026-06-11 16:10:00+03:00,0.00015579819659171102
2026-06-11 16:15:00+03:00,7.699246457909744e-05
2026-06-11 16:20:00+03:00,0.00010008000237977016
2026-06-11 16:25:00+03:00,6.91550546120619e-05
2026-06-11 16:30:00+03:00,5.546594312516107e-05
2026-06-11 16:35:00+03:00,5.145941290106324e-05
2026-06-11 16:40:00+03:00,7.194079535208788e-05
2026-06-11 16:45:00+03:00,2.6782902254425464e-05
2026-06-11 16:50:00+03:00,2.7927925465057564e-05
2026-06-11 16:55:00+03:00,3.17965043618421e-05
2026-06-11 17:00:00+03:00,2.2416349451404086e-05
2026-06-11 17:05:00+03:00,2.7654874318536468e-05
2026-06-11 17:10:00+03:00,2.7501347470153307e-05
2026-06-11 17:15:00+03:00,4.169449978254286e-05
2026-06-11 17:20:00+03:00,2.0459561962382805e-05
2026-06-11 17:25:00+03:00,1.8462532012209254e-05
2026-06-11 17:30:00+03:00,1.8462532012209254e-05
2026-06-11 17:35:00+03:00,2.1214687904354292e-05
2026-06-11 17:40:00+03:00,1.8462532012209254e-05
2026-06-11 17:45:00+03:00,2.100867830455291e-05
2026-06-11 17:50:00+03:00,2.1617231102925218e-05
2026-06-11 17:55:00+03:00,3.0585284117600865e-05
2026-06-12 09:55:00+03:00,2.21450155937804e-05
2026-06-12 10:00:00+03:00,1.984153901036124e-05
2026-06-12 10:05:00+03:00,1.9386104743181532e-05
2026-06-12 10:10:00+03:00,2.2548780046625076e-05
2026-06-12 10:15:00+03:00,2.2250670585677857e-05
2026-06-12 10:20:00+03:00,1.9375818890036164e-05
2026-06-12 10:25:00+03:00,2.9824679219227036e-05
2026-06-12 10:30:00+03:00,2.247472083850653e-05
2026-06-12 10:35:00+03:00,2.507167707466089e-05
2026-06-12 10:40:00+03:00,2.247472083850653e-05
2026-06-12 10:45:00+03:00,2.2341839581995525e-05
2026-06-12 10:50:00+03:00,1.823143587344085e-05
2026-06-12 10:55:00+03:00,1.7027478640978558e-05
2026-06-12 11:00:00+03:00,2.1495149698225668e-05
2026-06-12 11:05:00+03:00,2.1219313611705982e-05
2026-06-12 11:10:00+03:00,2.1113348117560653e-05
2026-06-12 11:15:00+03:00,2.9250232993548042e-05
2026-06-12 11:20:00+03:00,3.092477859664043e-05
2026-06-12 11:25:00+03:00,2.6688999725956064e-05
2026-06-12 11:30:00+03:00,3.554054460524961e-05
2026-06-12 11:35:00+03:00,2.29507218675468e-05
2026-06-12 11:40:00+03:00,2.5859771425583796e-05
2026-06-12 11:45:00+03:00,2.494065106884753e-05
2026-06-12 11:50:00+03:00,2.0335996195394945e-05
2026-06-12 11:55:00+03:00,1.6009788816501778e-05
2026-06-12 12:00:00+03:00,1.9261628541413216e-05
2026-06-12 12:05:00+03:00,1.9261628541413216e-05
2026-06-12 12:10:00+03:00,1.9772139883511746e-05
2026-06-12 12:15:00+03:00,1.6456473678463386e-05
2026-06-12 12:20:00+03:00,1.7091567788840446e-05
2026-06-12 12:25:00+03:00,1.908603553842299e-05
2026-06-12 12:30:00+03:00,2.0317501899834504e-05
2026-06-12 12:35:00+03:00,1.9822608627716128e-05
2026-06-12 12:40:00+03:00,1.6708707487513022e-05
2026-06-12 12:45:00+03:00,1.6537416606224688e-05
2026-06-12 12:50:00+03:00,1.6537416606224688e-05
2026-06-12 12:55:00+03:00,1.6537416606224688e-05
2026-06-12 13:00:00+03:00,1.7962813622052078e-05
2026-06-12 13:05:00+03:00,1.7962813622052078e-05
2026-06-12 13:10:00+03:00,2.232907915427592e-05
2026-06-12 13:15:00+03:00,1.9940554270518516e-05
2026-06-12 13:20:00+03:00,1.9247131096495513e-05
2026-06-12 13:25:00+03:00,1.8448150995097587e-05
2026-06-12 13:30:00+03:00,2.0128867018850663e-05
2026-06-12 13:35:00+03:00,2.0528215707408564e-05
2026-06-12 13:40:00+03:00,2.1524876944499435e-05
2026-06-12 13:45:00+03:00,2.1196873119384777e-05
2026-06-12 13:50:00+03:00,1.995368145674402e-05
2026-06-12 13:55:00+03:00,2.2095372230711726e-05
2026-06-12 14:00:00+03:00,2.1798954718780853e-05
2026-06-12 14:05:00+03:00,2.1090202971074037e-05
2026-06-12 14:10:00+03:00,2.0482534634540013e-05
2026-06-12 14:15:00+03:00,2.2095372230711726e-05
2026-06-12 14:20:00+03:00,1.815792225387716e-05
2026-06-12 14:25:00+03:00,1.7310844610238125e-05
2026-06-12 14:30:00+03:00,1.802705203912493e-05
2026-06-12 14:35:00+03:00,1.66376458550968e-05
2026-06-12 14:40:00+03:00,1.7800397469406528e-05
2026-06-12 14:45:00+03:00,1.802705203912493e-05
2026-06-12 14:50:00+03:00,1.6610728610451187e-05
2026-06-12 14:55:00+03:00,1.7126023402325337e-05
2026-06-12 15:00:00+03:00,1.7561597605234395e-05
2026-06-12 15:05:00+03:00,1.903654174620521e-05
2026-06-12 15:10:00+03:00,1.8578414071834076e-05
2026-06-12 15:15:00+03:00,1.8920030957388042e-05
2026-06-12 15:20:00+03:00,1.903654174620521e-05
2026-06-12 15:25:00+03:00,2.0093710631661272e-05
2026-06-12 15:30:00+03:00,1.8920030957388042e-05
2026-06-12 15:35:00+03:00,2.0093710631661272e-05
2026-06-12 15:40:00+03:00,1.903654174620521e-05
2026-06-12 15:45:00+03:00,1.8329176977040573e-05
2026-06-12 15:50:00+03:00,1.8781158794954564e-05
2026-06-12 15:55:00+03:00,4.42271752408631e-05
2026-06-12 16:00:00+03:00,2.6738426506894896e-05
2026-06-12 16:05:00+03:00,2.098083271072312e-05
2026-06-12 16:10:00+03:00,2.7624746756394536e-05
2026-06-12 16:15:00+03:00,1.7440934427974822e-05
2026-06-12 16:20:00+03:00,2.659724271172288e-05
2026-06-12 16:25:00+03:00,2.353888823558449e-05
2026-06-12 16:30:00+03:00,3.372250694069141e-05
2026-06-12 16:35:00+03:00,3.238186743864232e-05
2026-06-12 16:40:00+03:00,9.958211401935e-05
2026-06-12 16:45:00+03:00,0.0006360742924212243
2026-06-12 16:50:00+03:00,0.00025165738144995216
2026-06-12 16:55:00+03:00,0.9999331272477094
2026-06-12 17:00:00+03:00,0.9999234713472919
2026-06-12 17:05:00+03:00,0.001163592030874192
2026-06-12 17:10:00+03:00,0.9998362518867927
2026-06-12 17:15:00+03:00,0.9998533318832479
2026-06-12 17:20:00+03:00,0.9440053356619804
2026-06-12 17:25:00+03:00,0.9998131493701802
2026-06-12 17:30:00+03:00,0.0006685847864445084
2026-06-12 17:35:00+03:00,0.0004246079182633215
2026-06-12 17:40:00+03:00,0.9998122750458208
2026-06-12 17:45:00+03:00,5.007857064252162e-05
2026-06-12 17:50:00+03:00,4.583718431052922e-05
2026-06-12 17:55:00+03:00,3.420251140561217e-05
2026-06-15 09:55:00+03:00,2.355555414142009e-05
2026-06-15 10:00:00+03:00,6.016509574653861e-05
2026-06-15 10:05:00+03:00,2.32295752995656e-05
2026-06-15 10:10:00+03:00,2.354544562534104e-05
2026-06-15 10:15:00+03:00,4.4862871575098306e-05
2026-06-15 10:20:00+03:00,4.689359283696867e-05
2026-06-15 10:25:00+03:00,3.4151998010710226e-05
2026-06-15 10:30:00+03:00,4.753122563749901e-05
2026-06-15 10:35:00+03:00,4.753122563749901e-05
2026-06-15 10:40:00+03:00,3.3535364522231014e-05
2026-06-15 10:45:00+03:00,4.4594197926054554e-05
2026-06-15 10:50:00+03:00,2.5210806620742192e-05
2026-06-15 10:55:00+03:00,2.6330543588644675e-05
2026-06-15 11:00:00+03:00,1.9436840699471025e-05
2026-06-15 11:05:00+03:00,1.952135757967809e-05
2026-06-15 11:10:00+03:00,2.0407302839840823e-05
2026-06-15 11:15:00+03:00,1.7375807746880998e-05
2026-06-15 11:20:00+03:00,1.7216086745912556e-05
2026-06-15 11:25:00+03:00,1.9702465142873514e-05
2026-06-15 11:30:00+03:00,1.9345564070736265e-05
2026-06-15 11:35:00+03:00,2.1641691095636645e-05
2026-06-15 11:40:00+03:00,2.0814474840541992e-05
2026-06-15 11:45:00+03:00,1.9247131096495513e-05
2026-06-15 11:50:00+03:00,1.9247131096495513e-05
2026-06-15 11:55:00+03:00,2.0277051235489154e-05
2026-06-15 12:00:00+03:00,2.1258312367739766e-05
2026-06-15 12:05:00+03:00,2.000502667775143e-05
2026-06-15 12:10:00+03:00,2.1120999432571697e-05
2026-06-15 12:15:00+03:00,2.0313142489928036e-05
2026-06-15 12:20:00+03:00,2.4546871153124815e-05
2026-06-15 12:25:00+03:00,1.876170962501019e-05
2026-06-15 12:30:00+03:00,2.016382205024146e-05
2026-06-15 12:35:00+03:00,2.064995728361707e-05
2026-06-15 12:40:00+03:00,2.3979809587846874e-05
2026-06-15 12:45:00+03:00,2.2598325792367096e-05
2026-06-15 12:50:00+03:00,2.2598325792367096e-05
2026-06-15 12:55:00+03:00,2.016382205024146e-05
2026-06-15 13:00:00+03:00,1.8941670218801207e-05
2026-06-15 13:05:00+03:00,2.229516112461213e-05
2026-06-15 13:10:00+03:00,2.2598325792367096e-05
2026-06-15 13:15:00+03:00,1.955226796583847e-05
2026-06-15 13:20:00+03:00,2.0188722645394368e-05
2026-06-15 13:25:00+03:00,2.2117360681086e-05
2026-06-15 13:30:00+03:00,2.1463404313778757e-05
2026-06-15 13:35:00+03:00,2.5296984234157957e-05
2026-06-15 13:40:00+03:00,3.420969451981661e-05
2026-06-15 13:45:00+03:00,4.3048955956366575e-05
2026-06-15 13:50:00+03:00,1.9014988651353067e-05
2026-06-15 13:55:00+03:00,2.4324924722929756e-05
2026-06-15 14:00:00+03:00,1.8387386043442224e-05
2026-06-15 14:05:00+03:00,1.9014988651353067e-05
2026-06-15 14:10:00+03:00,1.9797832734904877e-05
2026-06-15 14:15:00+03:00,2.0780577040380445e-05
2026-06-15 14:20:00+03:00,1.989139223306779e-05
2026-06-15 14:25:00+03:00,2.016187164233791e-05
2026-06-15 14:30:00+03:00,2.385330523082579e-05
2026-06-15 14:35:00+03:00,2.4821432908279545e-05
2026-06-15 14:40:00+03:00,2.6055548180277444e-05
2026-06-15 14:45:00+03:00,1.8637414640670602e-05
2026-06-15 14:50:00+03:00,2.6055548180277444e-05
2026-06-15 14:55:00+03:00,3.108452047628953e-05
2026-06-15 15:00:00+03:00,2.630501358449391e-05
2026-06-15 15:05:00+03:00,4.158910852630315e-05
2026-06-15 15:10:00+03:00,3.250889631951121e-05
2026-06-15 15:15:00+03:00,2.8924316841662864e-05
2026-06-15 15:20:00+03:00,2.6055548180277444e-05
2026-06-15 15:25:00+03:00,3.1867751914817897e-05
2026-06-15 15:30:00+03:00,2.7523789221723904e-05
2026-06-15 15:35:00+03:00,1.937548056474456e-05
2026-06-15 15:40:00+03:00,2.545146183345779e-05
2026-06-15 15:45:00+03:00,2.6055548180277444e-05
2026-06-15 15:50:00+03:00,2.545146183345779e-05
2026-06-15 15:55:00+03:00,1.8637414640670602e-05
2026-06-15 16:00:00+03:00,1.877040360756e-05
2026-06-15 16:05:00+03:00,2.239399720842078e-05
2026-06-15 16:10:00+03:00,2.239399720842078e-05
2026-06-15 16:15:00+03:00,2.6126024597022878e-05
2026-06-15 16:20:00+03:00,1.8874726848021342e-05
2026-06-15 16:25:00+03:00,2.0049920374536543e-05
2026-06-15 16:30:00+03:00,2.3921129177158492e-05
2026-06-15 16:35:00+03:00,1.81152646111194e-05
2026-06-15 16:40:00+03:00,1.5812873112658352e-05
2026-06-15 16:45:00+03:00,2.0588563573932086e-05
2026-06-15 16:50:00+03:00,1.6103255695933673e-05
2026-06-15 16:55:00+03:00,2.1944110211133773e-05
2026-06-15 17:00:00+03:00,2.215505321396621e-05
2026-06-15 17:05:00+03:00,1.8507395820346264e-05
2026-06-15 17:10:00+03:00,1.675683947041178e-05
2026-06-15 17:15:00+03:00,1.8278770206283978e-05
2026-06-15 17:20:00+03:00,1.789148298674369e-05
2026-06-15 17:25:00+03:00,1.789148298674369e-05
2026-06-15 17:30:00+03:00,1.6273605266106937e-05
2026-06-15 17:35:00+03:00,1.7088114247708234e-05
2026-06-15 17:40:00+03:00,1.9284682834366223e-05
2026-06-15 17:45:00+03:00,1.9284682834366223e-05
2026-06-15 17:50:00+03:00,1.9284682834366223e-05
2026-06-15 17:55:00+03:00,0.00010129830311344274
2026-06-16 09:55:00+03:00,0.0001009855743280405
2026-06-16 10:00:00+03:00,7.10444779510526e-05
2026-06-16 10:05:00+03:00,3.416301971972903e-05
2026-06-16 10:10:00+03:00,3.471390458730719e-05
2026-06-16 10:15:00+03:00,1.9817673410318075e-05
2026-06-16 10:20:00+03:00,2.0565253562454837e-05
2026-06-16 10:25:00+03:00,1.9793358363600474e-05
2026-06-16 10:30:00+03:00,2.716463468020274e-05
2026-06-16 10:35:00+03:00,2.618331404113127e-05
2026-06-16 10:40:00+03:00,2.8182428927180553e-05
2026-06-16 10:45:00+03:00,1.97101287279026e-05
2026-06-16 10:50:00+03:00,2.351608572207509e-05
2026-06-16 10:55:00+03:00,2.601431454601673e-05
2026-06-16 11:00:00+03:00,3.178886336819273e-05
2026-06-16 11:05:00+03:00,2.1532951728834905e-05
2026-06-16 11:10:00+03:00,2.1225986729421855e-05
2026-06-16 11:15:00+03:00,2.0154295928740728e-05
2026-06-16 11:20:00+03:00,1.6204077893068226e-05
2026-06-16 11:25:00+03:00,2.0162718038192524e-05
2026-06-16 11:30:00+03:00,1.6877973800155643e-05
2026-06-16 11:35:00+03:00,1.7815271637318153e-05
2026-06-16 11:40:00+03:00,1.674217314989387e-05
2026-06-16 11:45:00+03:00,1.608916141138417e-05
2026-06-16 11:50:00+03:00,2.129981034835801e-05
2026-06-16 11:55:00+03:00,1.756296142056144e-05
2026-06-16 12:00:00+03:00,2.0205502012399343e-05
2026-06-16 12:05:00+03:00,1.5399295024362778e-05
2026-06-16 12:10:00+03:00,2.0633954564907025e-05
2026-06-16 12:15:00+03:00,1.5399295024362778e-05
2026-06-16 12:20:00+03:00,1.959137445831046e-05
2026-06-16 12:25:00+03:00,1.768850423548269e-05
2026-06-16 12:30:00+03:00,1.795917691587141e-05
2026-06-16 12:35:00+03:00,2.0804465397078974e-05
2026-06-16 12:40:00+03:00,1.7103952377171797e-05
2026-06-16 12:45:00+03:00,1.795917691587141e-05
2026-06-16 12:50:00+03:00,1.6400744003468973e-05
2026-06-16 12:55:00+03:00,1.7103952377171797e-05
2026-06-16 13:00:00+03:00,2.168236971550949e-05
2026-06-16 13:05:00+03:00,1.599919617711846e-05
2026-06-16 13:10:00+03:00,1.544814103291122e-05
2026-06-16 13:15:00+03:00,1.625447756105476e-05
2026-06-16 13:20:00+03:00,1.625447756105476e-05
2026-06-16 13:25:00+03:00,1.625447756105476e-05
2026-06-16 13:30:00+03:00,1.6861716106750887e-05
2026-06-16 13:35:00+03:00,1.7231180430456523e-05
2026-06-16 13:40:00+03:00,1.915394849238019e-05
2026-06-16 13:45:00+03:00,2.5199362385424346e-05
2026-06-16 13:50:00+03:00,2.4976286899788783e-05
2026-06-16 13:55:00+03:00,2.8800539295556988e-05
2026-06-16 14:00:00+03:00,1.674432025594826e-05
2026-06-16 14:05:00+03:00,1.8061370989316072e-05
2026-06-16 14:10:00+03:00,6.174577147565618e-05
2026-06-16 14:15:00+03:00,6.303707589732086e-05
2026-06-16 14:20:00+03:00,5.723455980490716e-05
2026-06-16 14:25:00+03:00,3.423080012636919e-05
2026-06-16 14:30:00+03:00,3.085056194734424e-05
2026-06-16 14:35:00+03:00,2.6098071975617818e-05
2026-06-16 14:40:00+03:00,5.898943653325699e-05
2026-06-16 14:45:00+03:00,9.426791404795745e-05
2026-06-16 14:50:00+03:00,0.00010754755110608518
2026-06-16 14:55:00+03:00,4.606975426106831e-05
2026-06-16 15:00:00+03:00,5.379374711993355e-05
2026-06-16 15:05:00+03:00,3.535459220171864e-05
2026-06-16 15:10:00+03:00,3.2406872185228284e-05
2026-06-16 15:15:00+03:00,3.6264684307525e-05
2026-06-16 15:20:00+03:00,2.3631164435591674e-05
2026-06-16 15:25:00+03:00,2.3482249981687436e-05
2026-06-16 15:30:00+03:00,1.625737854273506e-05
2026-06-16 15:35:00+03:00,1.625737854273506e-05
2026-06-16 15:40:00+03:00,1.9943283191795326e-05
2026-06-16 15:45:00+03:00,1.926443264543068e-05
2026-06-16 15:50:00+03:00,1.9753269991394322e-05
2026-06-16 15:55:00+03:00,1.971722026432634e-05
2026-06-16 16:00:00+03:00,1.9753269991394322e-05
2026-06-16 16:05:00+03:00,1.7103952377171797e-05
2026-06-16 16:10:00+03:00,1.6347578830138833e-05
2026-06-16 16:15:00+03:00,1.6204077893068226e-05
2026-06-16 16:20:00+03:00,1.9731416836652087e-05
2026-06-16 16:25:00+03:00,1.7103952377171797e-05
2026-06-16 16:30:00+03:00,1.6254023767742505e-05
2026-06-16 16:35:00+03:00,1.6104614205360106e-05
2026-06-16 16:40:00+03:00,1.5645966184530955e-05
2026-06-16 16:45:00+03:00,1.5586193775545173e-05
2026-06-16 16:50:00+03:00,2.1377173222273658e-05
2026-06-16 16:55:00+03:00,1.7798111108666207e-05
2026-06-16 17:00:00+03:00,1.8772218198481875e-05
2026-06-16 17:05:00+03:00,3.1006291579650386e-05
2026-06-16 17:10:00+03:00,1.9985016205467286e-05
2026-06-16 17:15:00+03:00,2.305049155215841e-05
2026-06-16 17:20:00+03:00,2.0203286192523232e-05
2026-06-16 17:25:00+03:00,1.622825530718461e-05
2026-06-16 17:30:00+03:00,1.7082854499731705e-05
2026-06-16 17:35:00+03:00,1.982915079015837e-05
2026-06-16 17:40:00+03:00,1.6204077893068226e-05
2026-06-16 17:45:00+03:00,1.907359390513663e-05
2026-06-16 17:50:00+03:00,1.593366254983946e-05
2026-06-16 17:55:00+03:00,1.7103952377171797e-05
2026-06-17 09:55:00+03:00,2.145189518219855e-05
2026-06-17 10:00:00+03:00,2.0921490392498058e-05
2026-06-17 10:05:00+03:00,3.421090126969104e-05
2026-06-17 10:10:00+03:00,1.6204077893068226e-05
2026-06-17 10:15:00+03:00,1.68114128042488e-05
2026-06-17 10:20:00+03:00,1.8978727867262763e-05
2026-06-17 10:25:00+03:00,1.7103952377171797e-05
2026-06-17 10:30:00+03:00,1.6854710378309116e-05
2026-06-17 10:35:00+03:00,1.7164632622027396e-05
2026-06-17 10:40:00+03:00,1.67582531168152e-05
2026-06-17 10:45:00+03:00,1.802011033865648e-05
2026-06-17 10:50:00+03:00,1.530477117015448e-05
2026-06-17 10:55:00+03:00,1.4868901774488397e-05
2026-06-17 11:00:00+03:00,1.4868901774488397e-05
2026-06-17 11:05:00+03:00,2.0205502012399343e-05
2026-06-17 11:10:00+03:00,1.625447756105476e-05
2026-06-17 11:15:00+03:00,1.5446760352864422e-05
2026-06-17 11:20:00+03:00,1.708391667407054e-05
2026-06-17 11:25:00+03:00,1.848405101204074e-05
2026-06-17 11:30:00+03:00,2.190362595680007e-05
2026-06-17 11:35:00+03:00,5.728426623065365e-05
2026-06-17 11:40:00+03:00,0.00014097991978586
2026-06-17 11:45:00+03:00,4.948576833778588e-05
2026-06-17 11:50:00+03:00,3.344906205355816e-05
2026-06-17 11:55:00+03:00,2.9341513748342475e-05
2026-06-17 12:00:00+03:00,2.1306952223719148e-05
2026-06-17 12:05:00+03:00,2.1679424460320713e-05
2026-06-17 12:10:00+03:00,1.611466938145658e-05
2026-06-17 12:15:00+03:00,2.449465698749645e-05
2026-06-17 12:20:00+03:00,1.736082100060822e-05
2026-06-17 12:25:00+03:00,2.3088967407226544e-05
2026-06-17 12:30:00+03:00,2.4026020326602462e-05
2026-06-17 12:35:00+03:00,1.5516108316461057e-05
2026-06-17 12:40:00+03:00,1.546842989648387e-05
2026-06-17 12:45:00+03:00,1.6833451400195583e-05
2026-06-17 12:50:00+03:00,1.820767528882355e-05
2026-06-17 12:55:00+03:00,1.6627793236395946e-05
2026-06-17 13:00:00+03:00,1.966772720525051e-05
2026-06-17 13:05:00+03:00,1.718089587880976e-05
2026-06-17 13:10:00+03:00,2.0601955870389705e-05
2026-06-17 13:15:00+03:00,2.0238932778066313e-05
2026-06-17 13:20:00+03:00,1.64949052390195e-05
2026-06-17 13:25:00+03:00,1.7803144750118523e-05
2026-06-17 13:30:00+03:00,1.9307972916003176e-05
2026-06-17 13:35:00+03:00,1.5762062150952607e-05
2026-06-17 13:40:00+03:00,1.6703392400709852e-05
2026-06-17 13:45:00+03:00,1.81152646111194e-05
2026-06-17 13:50:00+03:00,1.81152646111194e-05
2026-06-17 13:55:00+03:00,1.81152646111194e-05
2026-06-17 14:00:00+03:00,3.890330363540142e-05
2026-06-17 14:05:00+03:00,1.6526273512257856e-05
2026-06-17 14:10:00+03:00,1.8726057531780785e-05
2026-06-17 14:15:00+03:00,2.8555650604840703e-05
2026-06-17 14:20:00+03:00,3.5223103047951606e-05
2026-06-17 14:25:00+03:00,2.6906680180437286e-05
2026-06-17 14:30:00+03:00,7.964547591506135e-05
2026-06-17 14:35:00+03:00,3.5310936888187804e-05
2026-06-17 14:40:00+03:00,2.0795032036906212e-05
2026-06-17 14:45:00+03:00,2.813348312856662e-05
2026-06-17 14:50:00+03:00,6.970354125576753e-05
2026-06-17 14:55:00+03:00,4.863950819167731e-05
2026-06-17 15:00:00+03:00,2.0234581884698824e-05
2026-06-17 15:05:00+03:00,2.6182581835564965e-05
2026-06-17 15:10:00+03:00,3.8118570214937405e-05
2026-06-17 15:15:00+03:00,2.4873848187802746e-05
2026-06-17 15:20:00+03:00,3.415035525912397e-05
2026-06-17 15:25:00+03:00,2.4875250155276615e-05
2026-06-17 15:30:00+03:00,3.0194624597782484e-05
2026-06-17 15:35:00+03:00,3.3381079259762684e-05
2026-06-17 15:40:00+03:00,8.251190933739626e-05
2026-06-17 15:45:00+03:00,4.008083250212307e-05
2026-06-17 15:50:00+03:00,3.020428754453437e-05
2026-06-17 15:55:00+03:00,3.43955583406847e-05
2026-06-17 16:00:00+03:00,3.59705769354399e-05
2026-06-17 16:05:00+03:00,4.351634559754584e-05
2026-06-17 16:10:00+03:00,5.3631605372945344e-05
2026-06-17 16:15:00+03:00,3.8482737040143376e-05
2026-06-17 16:20:00+03:00,3.479048799710513e-05
2026-06-17 16:25:00+03:00,2.9414213745733617e-05
2026-06-17 16:30:00+03:00,4.5359068298359485e-05
2026-06-17 16:35:00+03:00,3.050057429539141e-05
2026-06-17 16:40:00+03:00,2.0895445020415482e-05
2026-06-17 16:45:00+03:00,2.147105983003391e-05
2026-06-17 16:50:00+03:00,2.53262436163434e-05
2026-06-17 16:55:00+03:00,5.389155799477714e-05
2026-06-17 17:00:00+03:00,4.9147074376057974e-05
2026-06-17 17:05:00+03:00,0.00021545662031607305
2026-06-17 17:10:00+03:00,2.2780472404908308e-05
2026-06-17 17:15:00+03:00,8.618665613004871e-05
2026-06-17 17:20:00+03:00,5.7973006834789627e-05
2026-06-17 17:25:00+03:00,3.40995079313949e-05
2026-06-17 17:30:00+03:00,2.8474833838323925e-05
2026-06-17 17:35:00+03:00,2.659433204325799e-05
2026-06-17 17:40:00+03:00,8.012920382078549e-05
2026-06-17 17:45:00+03:00,8.313156457801153e-05
2026-06-17 17:50:00+03:00,6.590246681861613e-05
2026-06-17 17:55:00+03:00,7.550318353168053e-05
2026-06-18 09:55:00+03:00,2.5930335849865904e-05
2026-06-18 10:00:00+03:00,2.566655784828895e-05
2026-06-18 10:05:00+03:00,2.5523392701512895e-05
2026-06-18 10:10:00+03:00,3.1696631265144124e-05
2026-06-18 10:15:00+03:00,1.7103952377171797e-05
2026-06-18 10:20:00+03:00,2.126145682123074e-05
2026-06-18 10:25:00+03:00,1.7103952377171797e-05
2026-06-18 10:30:00+03:00,1.7103952377171797e-05
2026-06-18 10:35:00+03:00,1.6347578830138833e-05
2026-06-18 10:40:00+03:00,1.9176136556235884e-05
2026-06-18 10:45:00+03:00,1.959137445831046e-05
2026-06-18 10:50:00+03:00,1.7103952377171797e-05
2026-06-18 10:55:00+03:00,1.6104614205360106e-05
2026-06-18 11:00:00+03:00,1.6204077893068226e-05
2026-06-18 11:05:00+03:00,1.5399295024362778e-05
2026-06-18 11:10:00+03:00,1.8498535405980298e-05
2026-06-18 11:15:00+03:00,1.674217314989387e-05
2026-06-18 11:20:00+03:00,1.7095779128668844e-05
2026-06-18 11:25:00+03:00,1.784447878057248e-05
2026-06-18 11:30:00+03:00,1.7095779128668844e-05
2026-06-18 11:35:00+03:00,1.697451351105833e-05
2026-06-18 11:40:00+03:00,1.631243971669537e-05
2026-06-18 11:45:00+03:00,2.2784640567581963e-05
2026-06-18 11:50:00+03:00,1.7580931022632894e-05
2026-06-18 11:55:00+03:00,1.8208722308071833e-05
2026-06-18 12:00:00+03:00,2.0110951150328613e-05
2026-06-18 12:05:00+03:00,1.6955697653520603e-05
2026-06-18 12:10:00+03:00,1.7580931022632894e-05
2026-06-18 12:15:00+03:00,2.021398262225619e-05
2026-06-18 12:20:00+03:00,1.9353586992137625e-05
2026-06-18 12:25:00+03:00,2.0913017406216433e-05
2026-06-18 12:30:00+03:00,2.642026033972413e-05
2026-06-18 12:35:00+03:00,1.73586409026478e-05
2026-06-18 12:40:00+03:00,2.032872971601697e-05
2026-06-18 12:45:00+03:00,1.7643878928800706e-05
2026-06-18 12:50:00+03:00,2.032872971601697e-05
2026-06-18 12:55:00+03:00,1.744690644569374e-05
2026-06-18 13:00:00+03:00,1.98575077820276e-05
2026-06-18 13:05:00+03:00,1.98575077820276e-05
2026-06-18 13:10:00+03:00,3.642921232948205e-05
2026-06-18 13:15:00+03:00,2.6749177747869338e-05
2026-06-18 13:20:00+03:00,3.80690786847534e-05
2026-06-18 13:25:00+03:00,3.0555646526322294e-05
2026-06-18 13:30:00+03:00,2.527559251868063e-05
2026-06-18 13:35:00+03:00,4.8196413475299684e-05
2026-06-18 13:40:00+03:00,7.839829028479081e-05
2026-06-18 13:45:00+03:00,4.7982358174646635e-05
2026-06-18 13:50:00+03:00,4.818304583373993e-05
2026-06-18 13:55:00+03:00,3.802703409168606e-05
2026-06-18 14:00:00+03:00,5.234714696288515e-05
2026-06-18 14:05:00+03:00,6.548920186101195e-05
2026-06-18 14:10:00+03:00,3.808724015270919e-05
2026-06-18 14:15:00+03:00,3.938099213271391e-05
2026-06-18 14:20:00+03:00,6.690260107196669e-05
2026-06-18 14:25:00+03:00,3.808724015270919e-05
2026-06-18 14:30:00+03:00,3.808724015270919e-05
2026-06-18 14:35:00+03:00,8.985108817677426e-05
2026-06-18 14:40:00+03:00,4.043723536068333e-05
2026-06-18 14:45:00+03:00,5.877424679912167e-05
2026-06-18 14:50:00+03:00,2.887077659392213e-05
2026-06-18 14:55:00+03:00,1.89584696943514e-05
2026-06-18 15:00:00+03:00,1.748169382086175e-05
2026-06-18 15:05:00+03:00,1.961352280844678e-05
2026-06-18 15:10:00+03:00,1.7803144750118523e-05
2026-06-18 15:15:00+03:00,1.9307972916003176e-05
2026-06-18 15:20:00+03:00,1.7580931022632894e-05
2026-06-18 15:25:00+03:00,1.9307972916003176e-05
2026-06-18 15:30:00+03:00,1.9307972916003176e-05
2026-06-18 15:35:00+03:00,1.7580931022632894e-05
2026-06-18 15:40:00+03:00,1.7580931022632894e-05
2026-06-18 15:45:00+03:00,1.9307972916003176e-05
2026-06-18 15:50:00+03:00,2.2366893931416045e-05
2026-06-18 15:55:00+03:00,2.0881267747675067e-05
2026-06-18 16:00:00+03:00,2.5305636772287618e-05
2026-06-18 16:05:00+03:00,2.3680351663420037e-05
2026-06-18 16:10:00+03:00,2.562724269480073e-05
2026-06-18 16:15:00+03:00,1.9713930085022667e-05
2026-06-18 16:20:00+03:00,1.7951980318098282e-05
2026-06-18 16:25:00+03:00,1.617862838020599e-05
2026-06-18 16:30:00+03:00,1.625447756105476e-05
2026-06-18 16:35:00+03:00,1.6400744003468973e-05
2026-06-18 16:40:00+03:00,1.67582531168152e-05
2026-06-18 16:45:00+03:00,2.7421278696532378e-05
2026-06-18 16:50:00+03:00,1.5645966184530955e-05
2026-06-18 16:55:00+03:00,1.828940757659617e-05
2026-06-18 17:00:00+03:00,1.5586193775545173e-05
2026-06-18 17:05:00+03:00,1.530477117015448e-05
2026-06-18 17:10:00+03:00,2.0205502012399343e-05
2026-06-18 17:15:00+03:00,1.8679666810002825e-05
2026-06-18 17:20:00+03:00,2.0469036162700774e-05
2026-06-18 17:25:00+03:00,2.0679354599190187e-05
2026-06-18 17:30:00+03:00,1.5399295024362778e-05
2026-06-18 17:35:00+03:00,1.625447756105476e-05
2026-06-18 17:40:00+03:00,1.625447756105476e-05
2026-06-18 17:45:00+03:00,1.5399295024362778e-05
2026-06-18 17:50:00+03:00,1.5586193775545173e-05
2026-06-18 17:55:00+03:00,1.5399295024362778e-05
2026-06-19 09:55:00+03:00,0.00016141466544878432
2026-06-19 10:00:00+03:00,2.4163798642301186e-05
2026-06-19 10:05:00+03:00,2.0243424392393165e-05
2026-06-19 10:10:00+03:00,3.6684798136695186e-05
2026-06-19 10:15:00+03:00,3.0335635812717478e-05
2026-06-19 10:20:00+03:00,2.883524567945347e-05
2026-06-19 10:25:00+03:00,2.4069943686166238e-05
2026-06-19 10:30:00+03:00,2.8751784946207753e-05
2026-06-19 10:35:00+03:00,2.883524567945347e-05
2026-06-19 10:40:00+03:00,3.3371908422965665e-05
2026-06-19 10:45:00+03:00,2.8745064488493362e-05
2026-06-19 10:50:00+03:00,2.345230145601533e-05
2026-06-19 10:55:00+03:00,2.032662427794503e-05
2026-06-19 11:00:00+03:00,2.070038630574422e-05
2026-06-19 11:05:00+03:00,2.024391357831774e-05
2026-06-19 11:10:00+03:00,2.6562113227279492e-05
2026-06-19 11:15:00+03:00,2.3448943163210773e-05
2026-06-19 11:20:00+03:00,2.5104637295594056e-05
2026-06-19 11:25:00+03:00,2.7096060242152686e-05
2026-06-19 11:30:00+03:00,2.13695394538393e-05
2026-06-19 11:35:00+03:00,1.8724804666577926e-05
2026-06-19 11:40:00+03:00,1.7819365251342473e-05
2026-06-19 11:45:00+03:00,2.172234734196968e-05
2026-06-19 11:50:00+03:00,1.6623397334940564e-05
2026-06-19 11:55:00+03:00,1.6623397334940564e-05
2026-06-19 12:00:00+03:00,1.7778326789199828e-05
2026-06-19 12:05:00+03:00,1.722077950899195e-05
2026-06-19 12:10:00+03:00,6.351664841938266e-05
2026-06-19 12:15:00+03:00,2.479194210329701e-05
2026-06-19 12:20:00+03:00,2.4681090375474922e-05
2026-06-19 12:25:00+03:00,3.060882189991526e-05
2026-06-19 12:30:00+03:00,2.7499962327332546e-05
2026-06-19 12:35:00+03:00,2.6852409323359583e-05
2026-06-19 12:40:00+03:00,4.6759135347078675e-05
2026-06-19 12:45:00+03:00,3.0477932815805644e-05
2026-06-19 12:50:00+03:00,3.4764243728017425e-05
2026-06-19 12:55:00+03:00,3.3777732657023766e-05
2026-06-19 13:00:00+03:00,1.845889199760207e-05
2026-06-19 13:05:00+03:00,2.3658178918398146e-05
2026-06-19 13:10:00+03:00,1.9578568008109265e-05
2026-06-19 13:15:00+03:00,1.6562635736012883e-05
2026-06-19 13:20:00+03:00,1.8573022710301098e-05
2026-06-19 13:25:00+03:00,1.975006446265909e-05
2026-06-19 13:30:00+03:00,2.0120545622282314e-05
2026-06-19 13:35:00+03:00,1.72206802648511e-05
2026-06-19 13:40:00+03:00,1.616842126647416e-05
2026-06-19 13:45:00+03:00,1.6036904505702193e-05
2026-06-19 13:50:00+03:00,1.742690674594701e-05
2026-06-19 13:55:00+03:00,1.7731694475018383e-05
2026-06-19 14:00:00+03:00,2.4552567666029768e-05
2026-06-19 14:05:00+03:00,1.9751526054404974e-05
2026-06-19 14:10:00+03:00,1.8630214264958026e-05
2026-06-19 14:15:00+03:00,2.2070712638649613e-05
2026-06-19 14:20:00+03:00,2.324108160381528e-05
2026-06-19 14:25:00+03:00,1.970816296075007e-05
2026-06-19 14:30:00+03:00,2.2294557257289613e-05
2026-06-19 14:35:00+03:00,2.7868812148446745e-05
2026-06-19 14:40:00+03:00,3.504690294599209e-05
2026-06-19 14:45:00+03:00,2.0510186980694262e-05
2026-06-19 14:50:00+03:00,2.7868812148446745e-05
2026-06-19 14:55:00+03:00,1.914018604762234e-05
2026-06-19 15:00:00+03:00,1.7957842227836607e-05
2026-06-19 15:05:00+03:00,2.0205077524065937e-05
2026-06-19 15:10:00+03:00,1.965609538088188e-05
2026-06-19 15:15:00+03:00,1.9753269991394322e-05
2026-06-19 15:20:00+03:00,1.7622411999705858e-05
2026-06-19 15:25:00+03:00,2.032566393346307e-05
2026-06-19 15:30:00+03:00,1.6400744003468973e-05
2026-06-19 15:35:00+03:00,2.1553817476837696e-05
2026-06-19 15:40:00+03:00,1.6204077893068226e-05
2026-06-19 15:45:00+03:00,2.143046842793153e-05
2026-06-19 15:50:00+03:00,2.2891342007932193e-05
2026-06-19 15:55:00+03:00,2.43096082716301e-05
2026-06-19 16:00:00+03:00,2.2103798199504616e-05
2026-06-19 16:05:00+03:00,3.208054591462043e-05
2026-06-19 16:10:00+03:00,3.0360484905670546e-05
2026-06-19 16:15:00+03:00,3.753317966522611e-05
2026-06-19 16:20:00+03:00,3.753317966522611e-05
2026-06-19 16:25:00+03:00,2.9545801038178144e-05
2026-06-19 16:30:00+03:00,3.705862626213215e-05
2026-06-19 16:35:00+03:00,3.239370820145191e-05
2026-06-19 16:40:00+03:00,3.127195739854698e-05
2026-06-19 16:45:00+03:00,5.073784798975494e-05
2026-06-19 16:50:00+03:00,3.578823565007382e-05
2026-06-19 16:55:00+03:00,6.16461118741327e-05
2026-06-19 17:00:00+03:00,3.2350870305625825e-05
2026-06-19 17:05:00+03:00,4.340677897479398e-05
2026-06-19 17:10:00+03:00,6.713208502677062e-05
2026-06-19 17:15:00+03:00,5.326040824684429e-05
2026-06-19 17:20:00+03:00,6.406154257295175e-05
2026-06-19 17:25:00+03:00,5.171248264619054e-05
2026-06-19 17:30:00+03:00,4.0706898100279346e-05
2026-06-19 17:35:00+03:00,4.239961712528784e-05
2026-06-19 17:40:00+03:00,0.00011517542113905936
2026-06-19 17:45:00+03:00,0.00019422615437670227
2026-06-19 17:50:00+03:00,2.4098910915888572e-05
2026-06-19 17:55:00+03:00,3.5737964055946835e-05
2026-06-22 09:55:00+03:00,4.7657633784496945e-05
2026-06-22 10:00:00+03:00,6.113167066866121e-05
2026-06-22 10:05:00+03:00,5.1822766777468274e-05
2026-06-22 10:10:00+03:00,5.067680600376889e-05
2026-06-22 10:15:00+03:00,4.23515060499597e-05
2026-06-22 10:20:00+03:00,4.174280365466948e-05
2026-06-22 10:25:00+03:00,4.969989179174456e-05
2026-06-22 10:30:00+03:00,5.130880412635294e-05
2026-06-22 10:35:00+03:00,7.733838696364289e-05
2026-06-22 10:40:00+03:00,9.064982855492142e-05
2026-06-22 10:45:00+03:00,6.973242996543813e-05
2026-06-22 10:50:00+03:00,7.403611822120856e-05
2026-06-22 10:55:00+03:00,0.0002755960249797943
2026-06-22 11:00:00+03:00,0.9996829981032933
2026-06-22 11:05:00+03:00,0.9998194163741209
2026-06-22 11:10:00+03:00,0.9996975119040465
2026-06-22 11:15:00+03:00,0.9997723398050048
2026-06-22 11:20:00+03:00,0.9998784684936994
2026-06-22 11:25:00+03:00,0.9998724088679022
2026-06-22 11:30:00+03:00,0.9997783848412655
2026-06-22 11:35:00+03:00,0.999491764419157
2026-06-22 11:40:00+03:00,0.9997752909617781
2026-06-22 11:45:00+03:00,0.0003570292934991601
2026-06-22 11:50:00+03:00,0.00018352791076761116
2026-06-22 11:55:00+03:00,9.560234871702842e-05
2026-06-22 12:00:00+03:00,4.603308995011057e-05
2026-06-22 12:05:00+03:00,3.279752728707129e-05
2026-06-22 12:10:00+03:00,2.8345634330918755e-05
2026-06-22 12:15:00+03:00,2.7921809750506152e-05
2026-06-22 12:20:00+03:00,2.9538629476154904e-05
2026-06-22 12:25:00+03:00,2.8892931570223892e-05
2026-06-22 12:30:00+03:00,3.391695613369895e-05
2026-06-22 12:35:00+03:00,3.1066920503727526e-05
2026-06-22 12:40:00+03:00,3.1308545433161316e-05
2026-06-22 12:45:00+03:00,2.9660042634102046e-05
2026-06-22 12:50:00+03:00,2.5097382437412858e-05
2026-06-22 12:55:00+03:00,5.219110935789338e-05
2026-06-22 13:00:00+03:00,5.600183785520872e-05
2026-06-22 13:05:00+03:00,1.1872859873207167e-05
2026-06-22 13:10:00+03:00,0.0004329515625922801
2026-06-22 13:15:00+03:00,0.0014001775823711145
2026-06-22 13:20:00+03:00,0.004467980929185987
2026-06-22 13:25:00+03:00,0.9997951128433773
2026-06-22 13:30:00+03:00,0.9998476957610309
2026-06-22 13:35:00+03:00,0.999779896226859
2026-06-22 13:40:00+03:00,0.001991280379958953
2026-06-22 13:45:00+03:00,0.0009435972882595549
2026-06-22 13:50:00+03:00,0.0053122981700713025
2026-06-22 13:55:00+03:00,0.01129128907391407
2026-06-22 14:00:00+03:00,2.7626930895277084e-05
2026-06-22 14:05:00+03:00,2.3043221213064298e-05
2026-06-22 14:10:00+03:00,0.00014833896840574148
2026-06-22 14:15:00+03:00,0.003262478487920409
2026-06-22 14:20:00+03:00,0.00047244916107555833
2026-06-22 14:25:00+03:00,2.1168664750740423e-05
2026-06-22 14:30:00+03:00,0.00026492563197215706
2026-06-22 14:35:00+03:00,2.7120899003737733e-05
2026-06-22 14:40:00+03:00,1.6843069924959033e-05
2026-06-22 14:45:00+03:00,1.81152646111194e-05
2026-06-22 14:50:00+03:00,6.395924833388853e-05
2026-06-22 14:55:00+03:00,1.7718131239080847e-05
2026-06-22 15:00:00+03:00,5.185207700533285e-05
2026-06-22 15:05:00+03:00,2.5017599678589048e-05
2026-06-22 15:10:00+03:00,1.724757629178066e-05
2026-06-22 15:15:00+03:00,2.0588563573932086e-05
2026-06-22 15:20:00+03:00,2.3151842295395848e-05
2026-06-22 15:25:00+03:00,2.1674280896248447e-05
2026-06-22 15:30:00+03:00,9.587841678073326e-05
2026-06-22 15:35:00+03:00,4.763872298007243e-05
2026-06-22 15:40:00+03:00,3.062956694206934e-05
2026-06-22 15:45:00+03:00,2.993232046723021e-05
2026-06-22 15:50:00+03:00,2.8455835352204748e-05
2026-06-22 15:55:00+03:00,4.6586274659651065e-05
2026-06-22 16:00:00+03:00,4.692419090536257e-05
2026-06-22 16:05:00+03:00,7.523718630110857e-05
2026-06-22 16:10:00+03:00,9.499713197335558e-05
2026-06-22 16:15:00+03:00,6.894059202873826e-05
2026-06-22 16:20:00+03:00,5.8654570851156246e-05
2026-06-22 16:25:00+03:00,3.057161922392828e-05
2026-06-22 16:30:00+03:00,2.3635595968402686e-05
2026-06-22 16:35:00+03:00,2.745537574359903e-05
2026-06-22 16:40:00+03:00,5.741365631124373e-05
2026-06-22 16:45:00+03:00,2.3642491384363902e-05
2026-06-22 16:50:00+03:00,2.378157063703663e-05
2026-06-22 16:55:00+03:00,2.1412856373636322e-05
2026-06-22 17:00:00+03:00,1.5612210673666367e-05
2026-06-22 17:05:00+03:00,2.023922942927382e-05
2026-06-22 17:10:00+03:00,1.6281609958465042e-05
2026-06-22 17:15:00+03:00,4.488203984915251e-05
2026-06-22 17:20:00+03:00,3.593946834738626e-05
2026-06-22 17:25:00+03:00,1.5339890056582053e-05
2026-06-22 17:30:00+03:00,1.596984610608758e-05
2026-06-22 17:35:00+03:00,1.7123519046473135e-05
2026-06-22 17:40:00+03:00,1.9465116695465774e-05
2026-06-22 17:45:00+03:00,9.976067833428678e-05
2026-06-22 17:50:00+03:00,6.545944896206137e-05
2026-06-22 17:55:00+03:00,2.4162977003838177e-05
2026-06-23 09:55:00+03:00,4.69743693085668e-05
2026-06-23 10:00:00+03:00,3.796474903583701e-05
2026-06-23 10:05:00+03:00,7.03944573062446e-05
2026-06-23 10:10:00+03:00,5.123778724488301e-05
2026-06-23 10:15:00+03:00,0.00012414964682520708
2026-06-23 10:20:00+03:00,9.226887553091999e-05
2026-06-23 10:25:00+03:00,8.965633318891867e-05
2026-06-23 10:30:00+03:00,8.51033085731998e-05
2026-06-23 10:35:00+03:00,0.00021128534064239932
2026-06-23 10:40:00+03:00,0.00025644025814870633
2026-06-23 10:45:00+03:00,0.000327458271351068
2026-06-23 10:50:00+03:00,7.834439118688464e-05
2026-06-23 10:55:00+03:00,0.00013060984649296785
2026-06-23 11:00:00+03:00,0.00010916961300657161
2026-06-23 11:05:00+03:00,0.00019788204683504536
2026-06-23 11:10:00+03:00,9.420379365304935e-05
2026-06-23 11:15:00+03:00,4.7229385637449326e-05
2026-06-23 11:20:00+03:00,0.00015770715081874176
2026-06-23 11:25:00+03:00,8.612835275903966e-05
2026-06-23 11:30:00+03:00,2.7691060570450514e-05
2026-06-23 11:35:00+03:00,2.4315419804572205e-05
2026-06-23 11:40:00+03:00,2.2068326522830478e-05
2026-06-23 11:45:00+03:00,2.5498665613511427e-05
2026-06-23 11:50:00+03:00,2.1124388358240856e-05
2026-06-23 11:55:00+03:00,2.1164857153430894e-05
2026-06-23 12:00:00+03:00,2.5498665613511427e-05
2026-06-23 12:05:00+03:00,2.445032716846507e-05
2026-06-23 12:10:00+03:00,1.985780592442605e-05
2026-06-23 12:15:00+03:00,2.558912729182107e-05
2026-06-23 12:20:00+03:00,2.268656586098875e-05
2026-06-23 12:25:00+03:00,2.2374142213711476e-05
2026-06-23 12:30:00+03:00,2.109003565137401e-05
2026-06-23 12:35:00+03:00,1.7996645601636196e-05
2026-06-23 12:40:00+03:00,1.6400744003468973e-05
2026-06-23 12:45:00+03:00,1.6104614205360106e-05
2026-06-23 12:50:00+03:00,1.8126297807180286e-05
2026-06-23 12:55:00+03:00,1.5446760352864422e-05
2026-06-23 13:00:00+03:00,1.4868901774488397e-05
2026-06-23 13:05:00+03:00,1.607369934100718e-05
2026-06-23 13:10:00+03:00,1.5399295024362778e-05
2026-06-23 13:15:00+03:00,1.8126297807180286e-05
2026-06-23 13:20:00+03:00,1.7324673842779612e-05
2026-06-23 13:25:00+03:00,1.7324673842779612e-05
2026-06-23 13:30:00+03:00,1.631243971669537e-05
2026-06-23 13:35:00+03:00,1.7419886720545698e-05
2026-06-23 13:40:00+03:00,1.9307972916003176e-05
2026-06-23 13:45:00+03:00,1.791309053321966e-05
2026-06-23 13:50:00+03:00,2.5785019733675287e-05
2026-06-23 13:55:00+03:00,3.7977459180015624e-05
2026-06-23 14:00:00+03:00,3.711930554016912e-05
2026-06-23 14:05:00+03:00,2.944201478609319e-05
2026-06-23 14:10:00+03:00,1.710875158224673e-05
2026-06-23 14:15:00+03:00,1.9307972916003176e-05
2026-06-23 14:20:00+03:00,1.9307972916003176e-05
2026-06-23 14:25:00+03:00,1.9307972916003176e-05
2026-06-23 14:30:00+03:00,1.9307972916003176e-05
2026-06-23 14:35:00+03:00,1.7580931022632894e-05
2026-06-23 14:40:00+03:00,1.61483228127162e-05
2026-06-23 14:45:00+03:00,2.3586491834027526e-05
2026-06-23 14:50:00+03:00,1.7622596111311678e-05
2026-06-23 14:55:00+03:00,3.731977699465152e-05
2026-06-23 15:00:00+03:00,3.158005434679089e-05
2026-06-23 15:05:00+03:00,2.6462985523606382e-05
2026-06-23 15:10:00+03:00,1.985887166619258e-05
2026-06-23 15:15:00+03:00,3.6554852814720355e-05
2026-06-23 15:20:00+03:00,5.0183567835899e-05
2026-06-23 15:25:00+03:00,4.967406548571463e-05
2026-06-23 15:30:00+03:00,8.857315355388248e-05
2026-06-23 15:35:00+03:00,3.2370278863749695e-05
2026-06-23 15:40:00+03:00,3.981852247295537e-05
2026-06-23 15:45:00+03:00,3.8234685866234595e-05
2026-06-23 15:50:00+03:00,4.5877515245106016e-05
2026-06-23 15:55:00+03:00,2.8347713491978083e-05
2026-06-23 16:00:00+03:00,2.350522172082573e-05
2026-06-23 16:05:00+03:00,2.1066574138315874e-05
2026-06-23 16:10:00+03:00,2.8645738954858673e-05
2026-06-23 16:15:00+03:00,2.8327942990695094e-05
2026-06-23 16:20:00+03:00,2.3238122204328644e-05
2026-06-23 16:25:00+03:00,3.0193188461315896e-05
2026-06-23 16:30:00+03:00,1.5806357779871113e-05
2026-06-23 16:35:00+03:00,2.194225088515362e-05
2026-06-23 16:40:00+03:00,2.0336532948612948e-05
2026-06-23 16:45:00+03:00,1.5446760352864422e-05
2026-06-23 16:50:00+03:00,1.9092094483430834e-05
2026-06-23 16:55:00+03:00,1.625447756105476e-05
2026-06-23 17:00:00+03:00,1.5586193775545173e-05
2026-06-23 17:05:00+03:00,1.8126297807180286e-05
2026-06-23 17:10:00+03:00,1.706722774690779e-05
2026-06-23 17:15:00+03:00,1.625447756105476e-05
2026-06-23 17:20:00+03:00,1.625447756105476e-05
2026-06-23 17:25:00+03:00,1.625447756105476e-05
2026-06-23 17:30:00+03:00,1.697496139766778e-05
2026-06-23 17:35:00+03:00,1.5586193775545173e-05
2026-06-23 17:40:00+03:00,2.0205502012399343e-05
2026-06-23 17:45:00+03:00,1.5586193775545173e-05
2026-06-23 17:50:00+03:00,1.5586193775545173e-05
2026-06-23 17:55:00+03:00,1.592594732293402e-05
2026-06-24 09:55:00+03:00,1.6861716106750887e-05
2026-06-24 10:00:00+03:00,1.5586193775545173e-05
2026-06-24 10:05:00+03:00,1.5142309778279527e-05
2026-06-24 10:10:00+03:00,1.906639433537639e-05
2026-06-24 10:15:00+03:00,2.1770627881041142e-05
2026-06-24 10:20:00+03:00,2.1482256274301248e-05
2026-06-24 10:25:00+03:00,1.874736695538315e-05
2026-06-24 10:30:00+03:00,1.7723843104318937e-05
2026-06-24 10:35:00+03:00,2.126145682123074e-05
2026-06-24 10:40:00+03:00,1.9943283191795326e-05
2026-06-24 10:45:00+03:00,1.6204077893068226e-05
2026-06-24 10:50:00+03:00,2.1553817476837696e-05
2026-06-24 10:55:00+03:00,2.169214994196086e-05
2026-06-24 11:00:00+03:00,1.9503513745116753e-05
2026-06-24 11:05:00+03:00,1.6641602308320442e-05
2026-06-24 11:10:00+03:00,1.688769298727714e-05
2026-06-24 11:15:00+03:00,1.7596969289458517e-05
2026-06-24 11:20:00+03:00,3.2262140459667806e-05
2026-06-24 11:25:00+03:00,2.9131554397710275e-05
2026-06-24 11:30:00+03:00,2.3907117990920253e-05
2026-06-24 11:35:00+03:00,2.5848370689811648e-05
2026-06-24 11:40:00+03:00,2.7868281927637734e-05
2026-06-24 11:45:00+03:00,2.4892820865730062e-05
2026-06-24 11:50:00+03:00,3.0498691019567764e-05
2026-06-24 11:55:00+03:00,1.6887045621039176e-05
2026-06-24 12:00:00+03:00,1.8022249295764734e-05
2026-06-24 12:05:00+03:00,1.750492837298967e-05
2026-06-24 12:10:00+03:00,2.5972016717119945e-05
2026-06-24 12:15:00+03:00,1.94268804857863e-05
2026-06-24 12:20:00+03:00,1.8713233532799583e-05
2026-06-24 12:25:00+03:00,1.6806000135311234e-05
2026-06-24 12:30:00+03:00,1.9568519369029886e-05
2026-06-24 12:35:00+03:00,2.1750372232159677e-05
2026-06-24 12:40:00+03:00,1.686211161468914e-05
2026-06-24 12:45:00+03:00,2.1240178352728636e-05
2026-06-24 12:50:00+03:00,4.393961395239616e-05
2026-06-24 12:55:00+03:00,2.2419168253087983e-05
2026-06-24 13:00:00+03:00,2.4164927918890445e-05
2026-06-24 13:05:00+03:00,2.0397519565246825e-05
2026-06-24 13:10:00+03:00,1.8573022710301098e-05
2026-06-24 13:15:00+03:00,1.8075984013541154e-05
2026-06-24 13:20:00+03:00,1.6651516803170635e-05
2026-06-24 13:25:00+03:00,1.7425713575101382e-05
2026-06-24 13:30:00+03:00,2.2209105999110392e-05
2026-06-24 13:35:00+03:00,1.7327352497480625e-05
2026-06-24 13:40:00+03:00,2.1539336742916644e-05
2026-06-24 13:45:00+03:00,2.173712059510328e-05
2026-06-24 13:50:00+03:00,1.9912363029302327e-05
2026-06-24 13:55:00+03:00,2.0637126663115583e-05
2026-06-24 14:00:00+03:00,1.77549405882036e-05
2026-06-24 14:05:00+03:00,1.7645965470253056e-05
2026-06-24 14:10:00+03:00,2.688532658819653e-05
2026-06-24 14:15:00+03:00,2.7073066763923145e-05
2026-06-24 14:20:00+03:00,2.3831801754329982e-05
2026-06-24 14:25:00+03:00,4.665927725183448e-05
2026-06-24 14:30:00+03:00,2.20766037199391e-05
2026-06-24 14:35:00+03:00,7.168609161109382e-05
2026-06-24 14:40:00+03:00,2.652592340588889e-05
2026-06-24 14:45:00+03:00,4.956127223950285e-05
2026-06-24 14:50:00+03:00,1.7000194619249888e-05
2026-06-24 14:55:00+03:00,1.64949052390195e-05
2026-06-24 15:00:00+03:00,1.81152646111194e-05
2026-06-24 15:05:00+03:00,2.372009352947772e-05
2026-06-24 15:10:00+03:00,8.376170418604685e-05
2026-06-24 15:15:00+03:00,2.7687539219410504e-05
2026-06-24 15:20:00+03:00,4.92108834054519e-05
2026-06-24 15:25:00+03:00,0.00026329907831648203
2026-06-24 15:30:00+03:00,0.00032038460288465827
2026-06-24 15:35:00+03:00,0.00010745881608687905
2026-06-24 15:40:00+03:00,0.00023002622929479665
2026-06-24 15:45:00+03:00,2.435620640023464e-05
2026-06-24 15:50:00+03:00,8.24464675617626e-05
2026-06-24 15:55:00+03:00,2.9783085955704495e-05
2026-06-24 16:00:00+03:00,3.1004270942993556e-05
2026-06-24 16:05:00+03:00,2.9594697229313626e-05
2026-06-24 16:10:00+03:00,3.040159857196961e-05
2026-06-24 16:15:00+03:00,2.0421622867021666e-05
2026-06-24 16:20:00+03:00,2.619325677475297e-05
2026-06-24 16:25:00+03:00,2.0201363568896782e-05
2026-06-24 16:30:00+03:00,1.6747188104843246e-05
2026-06-24 16:35:00+03:00,1.6747188104843246e-05
2026-06-24 16:40:00+03:00,3.997378273897368e-05
2026-06-24 16:45:00+03:00,2.0812898721962915e-05
2026-06-24 16:50:00+03:00,1.7723843104318937e-05
2026-06-24 16:55:00+03:00,2.1428824217789077e-05
2026-06-24 17:00:00+03:00,1.811019306901253e-05
2026-06-24 17:05:00+03:00,1.8795650460352094e-05
2026-06-24 17:10:00+03:00,2.4630558774700226e-05
2026-06-24 17:15:00+03:00,1.7103952377171797e-05
2026-06-24 17:20:00+03:00,2.2428618557187668e-05
2026-06-24 17:25:00+03:00,1.9753269991394322e-05
2026-06-24 17:30:00+03:00,1.6254023767742505e-05
2026-06-24 17:35:00+03:00,1.6104614205360106e-05
2026-06-24 17:40:00+03:00,2.249435907680622e-05
2026-06-24 17:45:00+03:00,2.0205502012399343e-05
2026-06-24 17:50:00+03:00,1.7125134940522653e-05
2026-06-24 17:55:00+03:00,2.1377173222273658e-05
2026-06-25 09:55:00+03:00,2.0881267747675067e-05
2026-06-25 10:00:00+03:00,1.906639433537639e-05
2026-06-25 10:05:00+03:00,1.906639433537639e-05
2026-06-25 10:10:00+03:00,1.8837764235620997e-05
2026-06-25 10:15:00+03:00,2.1306190470065093e-05
2026-06-25 10:20:00+03:00,2.0391021293602784e-05
2026-06-25 10:25:00+03:00,2.706963140077688e-05
2026-06-25 10:30:00+03:00,2.0391021293602784e-05
2026-06-25 10:35:00+03:00,1.9736621240234994e-05
2026-06-25 10:40:00+03:00,2.5585967644567568e-05
2026-06-25 10:45:00+03:00,1.767706155608295e-05
2026-06-25 10:50:00+03:00,1.6987586048682875e-05
2026-06-25 10:55:00+03:00,2.1277420227804468e-05
2026-06-25 11:00:00+03:00,1.617862838020599e-05
2026-06-25 11:05:00+03:00,1.5998693722215613e-05
2026-06-25 11:10:00+03:00,1.6336597171012768e-05
2026-06-25 11:15:00+03:00,1.7243830831077385e-05
2026-06-25 11:20:00+03:00,1.7960967252604533e-05
2026-06-25 11:25:00+03:00,1.892302958321079e-05
2026-06-25 11:30:00+03:00,1.7960967252604533e-05
2026-06-25 11:35:00+03:00,1.7016004201903776e-05
2026-06-25 11:40:00+03:00,2.171490932225689e-05
2026-06-25 11:45:00+03:00,2.0783828764857134e-05
2026-06-25 11:50:00+03:00,2.2678320011687846e-05
2026-06-25 11:55:00+03:00,1.7243830831077385e-05
2026-06-25 12:00:00+03:00,1.7215611432885158e-05
2026-06-25 12:05:00+03:00,1.7215611432885158e-05
2026-06-25 12:10:00+03:00,1.6072968979765063e-05
2026-06-25 12:15:00+03:00,1.6544134012614627e-05
2026-06-25 12:20:00+03:00,1.9027581738786733e-05
2026-06-25 12:25:00+03:00,1.9697892056041802e-05
2026-06-25 12:30:00+03:00,2.1155718763635937e-05
2026-06-25 12:35:00+03:00,1.8533056237436857e-05
2026-06-25 12:40:00+03:00,1.9753792588078867e-05
2026-06-25 12:45:00+03:00,1.9810116153777435e-05
2026-06-25 12:50:00+03:00,2.112185313122054e-05
2026-06-25 12:55:00+03:00,2.7773482806460667e-05
2026-06-25 13:00:00+03:00,2.412710501058695e-05
2026-06-25 13:05:00+03:00,4.9125493268802074e-05
2026-06-25 13:10:00+03:00,5.148349474726594e-05
2026-06-25 13:15:00+03:00,2.5625762974707766e-05
2026-06-25 13:20:00+03:00,2.6923574317580234e-05
2026-06-25 13:25:00+03:00,2.652813315494495e-05
2026-06-25 13:30:00+03:00,2.724238712060306e-05
2026-06-25 13:35:00+03:00,2.058169709574015e-05
2026-06-25 13:40:00+03:00,1.9974428579659147e-05
2026-06-25 13:45:00+03:00,2.684226350682432e-05
2026-06-25 13:50:00+03:00,2.4091249963388262e-05
2026-06-25 13:55:00+03:00,1.890575241589842e-05
2026-06-25 14:00:00+03:00,1.965554338378741e-05
2026-06-25 14:05:00+03:00,2.839739753630245e-05
2026-06-25 14:10:00+03:00,5.827263528908928e-05
2026-06-25 14:15:00+03:00,4.0614445544097867e-05
2026-06-25 14:20:00+03:00,3.980163388736683e-05
2026-06-25 14:25:00+03:00,3.175723520037773e-05
2026-06-25 14:30:00+03:00,2.4061576338480747e-05
2026-06-25 14:35:00+03:00,2.534895278592809e-05
2026-06-25 14:40:00+03:00,2.6567867037702307e-05
2026-06-25 14:45:00+03:00,2.9953813628852107e-05
2026-06-25 14:50:00+03:00,2.352804634165457e-05
2026-06-25 14:55:00+03:00,4.0969863020952926e-05
2026-06-25 15:00:00+03:00,5.053025246288055e-05
2026-06-25 15:05:00+03:00,4.8677937742561453e-05
2026-06-25 15:10:00+03:00,3.469013854445461e-05
2026-06-25 15:15:00+03:00,4.4083458248774875e-05
2026-06-25 15:20:00+03:00,3.896888665302793e-05
2026-06-25 15:25:00+03:00,3.330945451053219e-05
2026-06-25 15:30:00+03:00,2.3632326520153827e-05
2026-06-25 15:35:00+03:00,2.4786762629429144e-05
2026-06-25 15:40:00+03:00,1.6534871618535737e-05
2026-06-25 15:45:00+03:00,1.7243830831077385e-05
2026-06-25 15:50:00+03:00,2.7270533327615894e-05
2026-06-25 15:55:00+03:00,1.7205973112120545e-05
2026-06-25 16:00:00+03:00,1.6236320068178424e-05
2026-06-25 16:05:00+03:00,1.6236320068178424e-05
2026-06-25 16:10:00+03:00,1.6336597171012768e-05
2026-06-25 16:15:00+03:00,1.5773921216706694e-05
2026-06-25 16:20:00+03:00,2.1277420227804468e-05
2026-06-25 16:25:00+03:00,1.5513462996450243e-05
2026-06-25 16:30:00+03:00,1.6104614205360106e-05
2026-06-25 16:35:00+03:00,1.4885069312282006e-05
2026-06-25 16:40:00+03:00,2.312132810722555e-05
2026-06-25 16:45:00+03:00,2.11809866720606e-05
2026-06-25 16:50:00+03:00,2.4977084436949706e-05
2026-06-25 16:55:00+03:00,2.4977084436949706e-05
2026-06-25 17:00:00+03:00,2.0222947585536876e-05
2026-06-25 17:05:00+03:00,1.9292271720441124e-05
2026-06-25 17:10:00+03:00,4.736121039069792e-05
2026-06-25 17:15:00+03:00,1.8579165591150793e-05
2026-06-25 17:20:00+03:00,2.5563770628319505e-05
2026-06-25 17:25:00+03:00,1.7355834867843636e-05
2026-06-25 17:30:00+03:00,1.7066401747102086e-05
2026-06-25 17:35:00+03:00,1.4885069312282006e-05
2026-06-25 17:40:00+03:00,0.00011021889525543093
2026-06-25 17:45:00+03:00,2.345035614787703e-05
2026-06-25 17:50:00+03:00,1.988122626272119e-05
2026-06-25 17:55:00+03:00,1.4885069312282006e-05
2026-06-26 09:55:00+03:00,9.368841420452585e-05
2026-06-26 10:00:00+03:00,2.3803799936553198e-05
2026-06-26 10:05:00+03:00,1.9176136556235884e-05
2026-06-26 10:10:00+03:00,1.959137445831046e-05
2026-06-26 10:15:00+03:00,2.565070906459264e-05
2026-06-26 10:20:00+03:00,2.5918341947007813e-05
2026-06-26 10:25:00+03:00,3.113606719966099e-05
2026-06-26 10:30:00+03:00,2.7033926376593816e-05
2026-06-26 10:35:00+03:00,2.5492446938430607e-05
2026-06-26 10:40:00+03:00,2.1706878582450216e-05
2026-06-26 10:45:00+03:00,1.8795547014525644e-05
2026-06-26 10:50:00+03:00,1.939772835458404e-05
2026-06-26 10:55:00+03:00,1.9900482660513214e-05
2026-06-26 11:00:00+03:00,3.549093914472705e-05
2026-06-26 11:05:00+03:00,2.659718328440448e-05
2026-06-26 11:10:00+03:00,2.54829777445337e-05
2026-06-26 11:15:00+03:00,3.6679921280541024e-05
2026-06-26 11:20:00+03:00,2.607391363088045e-05
2026-06-26 11:25:00+03:00,2.1422407374290957e-05
2026-06-26 11:30:00+03:00,1.959137445831046e-05
2026-06-26 11:35:00+03:00,2.8327576658203927e-05
2026-06-26 11:40:00+03:00,1.6204077893068226e-05
2026-06-26 11:45:00+03:00,2.370985314614157e-05
2026-06-26 11:50:00+03:00,1.6204077893068226e-05
2026-06-26 11:55:00+03:00,2.249435907680622e-05
2026-06-26 12:00:00+03:00,1.6204077893068226e-05
2026-06-26 12:05:00+03:00,1.7103952377171797e-05
2026-06-26 12:10:00+03:00,1.7103952377171797e-05
2026-06-26 12:15:00+03:00,2.1377173222273658e-05
2026-06-26 12:20:00+03:00,2.340728071219177e-05
2026-06-26 12:25:00+03:00,2.340728071219177e-05
2026-06-26 12:30:00+03:00,2.1377173222273658e-05
2026-06-26 12:35:00+03:00,2.0588563573932086e-05
2026-06-26 12:40:00+03:00,2.1944110211133773e-05
2026-06-26 12:45:00+03:00,2.0588563573932086e-05
2026-06-26 12:50:00+03:00,1.81152646111194e-05
2026-06-26 12:55:00+03:00,2.2543781542931935e-05
2026-06-26 13:00:00+03:00,2.0588563573932086e-05
2026-06-26 13:05:00+03:00,1.605189324230006e-05
2026-06-26 13:10:00+03:00,2.1917640380519612e-05
2026-06-26 13:15:00+03:00,1.9284682834366223e-05
2026-06-26 13:20:00+03:00,2.3360691107124992e-05
2026-06-26 13:25:00+03:00,1.605189324230006e-05
2026-06-26 13:30:00+03:00,2.0588563573932086e-05
2026-06-26 13:35:00+03:00,2.0205502012399343e-05
2026-06-26 13:40:00+03:00,2.2757156879963853e-05
2026-06-26 13:45:00+03:00,2.1917640380519612e-05
2026-06-26 13:50:00+03:00,2.3360691107124992e-05
2026-06-26 13:55:00+03:00,2.3360691107124992e-05
2026-06-26 14:00:00+03:00,2.1917640380519612e-05
2026-06-26 14:05:00+03:00,1.9835607396444348e-05
2026-06-26 14:10:00+03:00,1.64949052390195e-05
2026-06-26 14:15:00+03:00,1.64949052390195e-05
2026-06-26 14:20:00+03:00,1.5586193775545173e-05
2026-06-26 14:25:00+03:00,1.64949052390195e-05
2026-06-26 14:30:00+03:00,1.706722774690779e-05
2026-06-26 14:35:00+03:00,2.764827167588053e-05
2026-06-26 14:40:00+03:00,3.0475820378626206e-05
2026-06-26 14:45:00+03:00,2.8715486193099038e-05
2026-06-26 14:50:00+03:00,5.0772002957180176e-05
2026-06-26 14:55:00+03:00,3.892741523909039e-05
2026-06-26 15:00:00+03:00,2.4328279078944367e-05
2026-06-26 15:05:00+03:00,4.890897717091195e-05
2026-06-26 15:10:00+03:00,1.9385661679363714e-05
2026-06-26 15:15:00+03:00,2.0899598504031675e-05
2026-06-26 15:20:00+03:00,2.0225600363993322e-05
2026-06-26 15:25:00+03:00,3.7943059112819985e-05
2026-06-26 15:30:00+03:00,3.7039510970425885e-05
2026-06-26 15:35:00+03:00,3.083528501936817e-05
2026-06-26 15:40:00+03:00,8.858644847408198e-05
2026-06-26 15:45:00+03:00,9.137434756347142e-05
2026-06-26 15:50:00+03:00,5.2800440318642085e-05
2026-06-26 15:55:00+03:00,3.2942881790361944e-05
2026-06-26 16:00:00+03:00,2.4411552105698474e-05
2026-06-26 16:05:00+03:00,3.790675366408456e-05
2026-06-26 16:10:00+03:00,3.0058611922666874e-05
2026-06-26 16:15:00+03:00,6.906516044564591e-05
2026-06-26 16:20:00+03:00,2.1631397094911556e-05
2026-06-26 16:25:00+03:00,1.6677406659592566e-05
2026-06-26 16:30:00+03:00,3.082559077214088e-05
2026-06-26 16:35:00+03:00,2.9269721671098654e-05
2026-06-26 16:40:00+03:00,2.215827018884164e-05
2026-06-26 16:45:00+03:00,1.8780561455543644e-05
2026-06-26 16:50:00+03:00,1.9221746903275273e-05
2026-06-26 16:55:00+03:00,1.6404129060520318e-05
2026-06-26 17:00:00+03:00,1.5854742308711512e-05
2026-06-26 17:05:00+03:00,1.6404129060520318e-05
2026-06-26 17:10:00+03:00,2.126145682123074e-05
2026-06-26 17:15:00+03:00,1.7103952377171797e-05
2026-06-26 17:20:00+03:00,1.8728256205371332e-05
2026-06-26 17:25:00+03:00,2.249435907680622e-05
2026-06-26 17:30:00+03:00,1.6254023767742505e-05
2026-06-26 17:35:00+03:00,1.6204077893068226e-05
2026-06-26 17:40:00+03:00,1.625447756105476e-05
2026-06-26 17:45:00+03:00,1.625447756105476e-05
2026-06-26 17:50:00+03:00,1.625447756105476e-05
2026-06-26 17:55:00+03:00,1.625447756105476e-05
2026-06-29 09:55:00+03:00,2.2643194453041478e-05
2026-06-29 10:00:00+03:00,5.598875359040463e-05
2026-06-29 10:05:00+03:00,3.225163129664581e-05
2026-06-29 10:10:00+03:00,2.8352988048762303e-05
2026-06-29 10:15:00+03:00,4.267953484746364e-05
2026-06-29 10:20:00+03:00,2.9116280101622398e-05
2026-06-29 10:25:00+03:00,1.7706094558335767e-05
2026-06-29 10:30:00+03:00,4.743745881518926e-05
2026-06-29 10:35:00+03:00,3.6926795611714035e-05
2026-06-29 10:40:00+03:00,5.5917534132952244e-05
2026-06-29 10:45:00+03:00,3.1260236388857005e-05
2026-06-29 10:50:00+03:00,4.5475162911832313e-05
2026-06-29 10:55:00+03:00,3.397293549285952e-05
2026-06-29 11:00:00+03:00,2.8766341136044406e-05
2026-06-29 11:05:00+03:00,4.708375977755245e-05
2026-06-29 11:10:00+03:00,3.823213489893638e-05
2026-06-29 11:15:00+03:00,0.0003700203648845792
2026-06-29 11:20:00+03:00,0.00026855810178991505
2026-06-29 11:25:00+03:00,7.659079536020613e-05
2026-06-29 11:30:00+03:00,0.00012044607165195059
2026-06-29 11:35:00+03:00,0.00017541224887955155
2026-06-29 11:40:00+03:00,0.9995759939239913
2026-06-29 11:45:00+03:00,0.9996566053175976
2026-06-29 11:50:00+03:00,0.000122767668182222
2026-06-29 11:55:00+03:00,0.00012612153106128705
2026-06-29 12:00:00+03:00,0.00012413998313852998
2026-06-29 12:05:00+03:00,5.639097844378373e-05
2026-06-29 12:10:00+03:00,4.656386286301763e-05
2026-06-29 12:15:00+03:00,5.04456681354633e-05
2026-06-29 12:20:00+03:00,2.273829221496371e-05
2026-06-29 12:25:00+03:00,2.4280024814372384e-05
2026-06-29 12:30:00+03:00,2.1237763725754987e-05
2026-06-29 12:35:00+03:00,3.066402312749967e-05
2026-06-29 12:40:00+03:00,2.455059847584009e-05
2026-06-29 12:45:00+03:00,3.026330651793476e-05
2026-06-29 12:50:00+03:00,2.6916814172127003e-05
2026-06-29 12:55:00+03:00,2.5933879359485043e-05
2026-06-29 13:00:00+03:00,2.2675255729913932e-05
2026-06-29 13:05:00+03:00,2.6815105984530475e-05
2026-06-29 13:10:00+03:00,2.545853050422668e-05
2026-06-29 13:15:00+03:00,2.2548853434273933e-05
2026-06-29 13:20:00+03:00,1.9936482969748914e-05
2026-06-29 13:25:00+03:00,1.8426769693201355e-05
2026-06-29 13:30:00+03:00,2.0745642934640482e-05
2026-06-29 13:35:00+03:00,2.2720804499826697e-05
2026-06-29 13:40:00+03:00,2.4574217766461038e-05
2026-06-29 13:45:00+03:00,2.319878730353737e-05
2026-06-29 13:50:00+03:00,1.962362125250072e-05
2026-06-29 13:55:00+03:00,2.249934914223363e-05
2026-06-29 14:00:00+03:00,1.9995651576337316e-05
2026-06-29 14:05:00+03:00,2.1366941284914083e-05
2026-06-29 14:10:00+03:00,1.4145794675533561e-05
2026-06-29 14:15:00+03:00,1.592594732293402e-05
2026-06-29 14:20:00+03:00,2.2543781542931935e-05
2026-06-29 14:25:00+03:00,1.515079210817551e-05
2026-06-29 14:30:00+03:00,1.5586193775545173e-05
2026-06-29 14:35:00+03:00,1.4145794675533561e-05
2026-06-29 14:40:00+03:00,1.5586193775545173e-05
2026-06-29 14:45:00+03:00,1.625447756105476e-05
2026-06-29 14:50:00+03:00,1.706722774690779e-05
2026-06-29 14:55:00+03:00,1.4868901774488397e-05
2026-06-29 15:00:00+03:00,1.625447756105476e-05
2026-06-29 15:05:00+03:00,1.7759036524703e-05
2026-06-29 15:10:00+03:00,1.530477117015448e-05
2026-06-29 15:15:00+03:00,2.0925032753709627e-05
2026-06-29 15:20:00+03:00,1.6526273512257856e-05
2026-06-29 15:25:00+03:00,2.2543781542931935e-05
2026-06-29 15:30:00+03:00,1.809571814820257e-05
2026-06-29 15:35:00+03:00,1.515079210817551e-05
2026-06-29 15:40:00+03:00,1.788671960421411e-05
2026-06-29 15:45:00+03:00,1.9706803190835328e-05
2026-06-29 15:50:00+03:00,1.8377652244508275e-05
2026-06-29 15:55:00+03:00,1.8377652244508275e-05
2026-06-29 16:00:00+03:00,1.7660851404342976e-05
2026-06-29 16:05:00+03:00,1.64949052390195e-05
2026-06-29 16:10:00+03:00,2.8331192655081396e-05
2026-06-29 16:15:00+03:00,1.947806543040411e-05
2026-06-29 16:20:00+03:00,5.6269026934497865e-05
2026-06-29 16:25:00+03:00,3.2847922116471646e-05
2026-06-29 16:30:00+03:00,1.8343702988264196e-05
2026-06-29 16:35:00+03:00,2.619325677475297e-05
2026-06-29 16:40:00+03:00,2.1250472736129442e-05
2026-06-29 16:45:00+03:00,1.5762062150952607e-05
2026-06-29 16:50:00+03:00,1.6578697337860754e-05
2026-06-29 16:55:00+03:00,1.7064687102375652e-05
2026-06-29 17:00:00+03:00,2.1377173222273658e-05
2026-06-29 17:05:00+03:00,1.779221250066814e-05
2026-06-29 17:10:00+03:00,1.5399295024362778e-05
2026-06-29 17:15:00+03:00,1.9819412960170682e-05
2026-06-29 17:20:00+03:00,1.7450295122925004e-05
2026-06-29 17:25:00+03:00,1.779221250066814e-05
2026-06-29 17:30:00+03:00,1.5399295024362778e-05
2026-06-29 17:35:00+03:00,1.625447756105476e-05
2026-06-29 17:40:00+03:00,1.5399295024362778e-05
2026-06-29 17:45:00+03:00,1.9000052794477592e-05
2026-06-29 17:50:00+03:00,1.625447756105476e-05
2026-06-29 17:55:00+03:00,1.592594732293402e-05
2026-06-30 09:55:00+03:00,2.145189518219855e-05
2026-06-30 10:00:00+03:00,1.7579929018969008e-05
2026-06-30 10:05:00+03:00,1.9993011175500897e-05
2026-06-30 10:10:00+03:00,1.7103952377171797e-05
2026-06-30 10:15:00+03:00,1.6204077893068226e-05
2026-06-30 10:20:00+03:00,1.7103952377171797e-05
2026-06-30 10:25:00+03:00,1.6204077893068226e-05
2026-06-30 10:30:00+03:00,1.806254633746646e-05
2026-06-30 10:35:00+03:00,1.907359390513663e-05
2026-06-30 10:40:00+03:00,5.6761803935686415e-05
2026-06-30 10:45:00+03:00,2.538602899606465e-05
2026-06-30 10:50:00+03:00,1.939772835458404e-05
2026-06-30 10:55:00+03:00,2.1704230186529276e-05
2026-06-30 11:00:00+03:00,1.6204077893068226e-05
2026-06-30 11:05:00+03:00,1.7152720639832897e-05
2026-06-30 11:10:00+03:00,1.6104614205360106e-05
2026-06-30 11:15:00+03:00,1.6254023767742505e-05
2026-06-30 11:20:00+03:00,1.6254023767742505e-05
2026-06-30 11:25:00+03:00,1.7103952377171797e-05
2026-06-30 11:30:00+03:00,1.8772218198481875e-05
2026-06-30 11:35:00+03:00,1.6581165627901018e-05
2026-06-30 11:40:00+03:00,1.706636372298448e-05
2026-06-30 11:45:00+03:00,3.54855644226566e-05
2026-06-30 11:50:00+03:00,2.6059402986859766e-05
2026-06-30 11:55:00+03:00,3.8931761019678214e-05
2026-06-30 12:00:00+03:00,7.126511377057532e-05
2026-06-30 12:05:00+03:00,5.3839390582823426e-05
2026-06-30 12:10:00+03:00,3.398025951297631e-05
2026-06-30 12:15:00+03:00,3.142005845373297e-05
2026-06-30 12:20:00+03:00,4.8989494966987605e-05
2026-06-30 12:25:00+03:00,3.49764873284297e-05
2026-06-30 12:30:00+03:00,0.00010758738411096035
2026-06-30 12:35:00+03:00,0.0003794060935775231
2026-06-30 12:40:00+03:00,0.0002443672663068278
2026-06-30 12:45:00+03:00,4.38894341848265e-05
2026-06-30 12:50:00+03:00,0.00013148278138955992
2026-06-30 12:55:00+03:00,0.00019325215873960538
2026-06-30 13:00:00+03:00,0.0002266774882177646
2026-06-30 13:05:00+03:00,0.0001210737173522193
2026-06-30 13:10:00+03:00,0.00011749092927801675
2026-06-30 13:15:00+03:00,0.0001283461503961743
2026-06-30 13:20:00+03:00,0.00015169414554802826
2026-06-30 13:25:00+03:00,0.00016716466019547658
2026-06-30 13:30:00+03:00,0.00011492452515696721
2026-06-30 13:35:00+03:00,9.69019257181688e-05
2026-06-30 13:40:00+03:00,4.790032479289376e-05
2026-06-30 13:45:00+03:00,3.4122143986596276e-05
2026-06-30 13:50:00+03:00,2.903017852304969e-05
2026-06-30 13:55:00+03:00,3.826622046418991e-05
2026-06-30 14:00:00+03:00,1.932257032039662e-05
2026-06-30 14:05:00+03:00,1.8229806983708214e-05
2026-06-30 14:10:00+03:00,9.807181270633374e-05
2026-06-30 14:15:00+03:00,4.871356005225695e-05
2026-06-30 14:20:00+03:00,4.1422320513907174e-05
2026-06-30 14:25:00+03:00,3.84298738223606e-05
2026-06-30 14:30:00+03:00,4.702280654494839e-05
2026-06-30 14:35:00+03:00,2.211546538594063e-05
2026-06-30 14:40:00+03:00,2.9390888810212297e-05
2026-06-30 14:45:00+03:00,2.6496787367465984e-05
2026-06-30 14:50:00+03:00,6.0142605089733914e-05
2026-06-30 14:55:00+03:00,0.0001108604531991948
2026-06-30 15:00:00+03:00,0.00026138946028131003
2026-06-30 15:05:00+03:00,0.0001067032582431966
2026-06-30 15:10:00+03:00,0.00012194885604006115
2026-06-30 15:15:00+03:00,4.0549252012019266e-05
2026-06-30 15:20:00+03:00,4.9378457051232805e-05
2026-06-30 15:25:00+03:00,2.7471614542900002e-05
2026-06-30 15:30:00+03:00,3.3380588157908474e-05
2026-06-30 15:35:00+03:00,2.2597039372589482e-05
2026-06-30 15:40:00+03:00,3.413549203700988e-05
2026-06-30 15:45:00+03:00,2.5557972355863713e-05
2026-06-30 15:50:00+03:00,1.8998774774035242e-05
2026-06-30 15:55:00+03:00,2.2959934994041092e-05
2026-06-30 16:00:00+03:00,2.498902095369727e-05
2026-06-30 16:05:00+03:00,2.6345953750388754e-05
2026-06-30 16:10:00+03:00,2.9261304095713796e-05
2026-06-30 16:15:00+03:00,3.234494987285044e-05
2026-06-30 16:20:00+03:00,3.0232387012661777e-05
2026-06-30 16:25:00+03:00,6.461406468595279e-05
2026-06-30 16:30:00+03:00,7.003681553945942e-05
2026-06-30 16:35:00+03:00,6.349861968695379e-05
2026-06-30 16:40:00+03:00,7.740059340806722e-05
2026-06-30 16:45:00+03:00,4.249938771002182e-05
2026-06-30 16:50:00+03:00,5.0460941680279694e-05
2026-06-30 16:55:00+03:00,2.682623411902244e-05
2026-06-30 17:00:00+03:00,2.9865635667691003e-05
2026-06-30 17:05:00+03:00,1.9582920955652095e-05
2026-06-30 17:10:00+03:00,1.908609133793772e-05
2026-06-30 17:15:00+03:00,2.2144868349553998e-05
2026-06-30 17:20:00+03:00,2.866650231495333e-05
2026-06-30 17:25:00+03:00,2.9563591279543568e-05
2026-06-30 17:30:00+03:00,1.9865905858794612e-05
2026-06-30 17:35:00+03:00,2.5442685398046764e-05
2026-06-30 17:40:00+03:00,1.744249008189437e-05
2026-06-30 17:45:00+03:00,2.6359106155594148e-05
2026-06-30 17:50:00+03:00,2.0042594341035225e-05
2026-06-30 17:55:00+03:00,1.4986646243909704e-05
2026-07-01 09:55:00+03:00,1.7024371344145285e-05
2026-07-01 10:00:00+03:00,5.721036587758069e-05
2026-07-01 10:05:00+03:00,3.611130468353695e-05
2026-07-01 10:10:00+03:00,2.0301085674999834e-05
2026-07-01 10:15:00+03:00,1.7753428161429682e-05
2026-07-01 10:20:00+03:00,2.1428824217789077e-05
2026-07-01 10:25:00+03:00,2.1428824217789077e-05
2026-07-01 10:30:00+03:00,2.1041909937753128e-05
2026-07-01 10:35:00+03:00,2.1605903396186777e-05
2026-07-01 10:40:00+03:00,1.6204077893068226e-05
2026-07-01 10:45:00+03:00,2.5705919490854223e-05
2026-07-01 10:50:00+03:00,1.982915079015837e-05
2026-07-01 10:55:00+03:00,1.906639433537639e-05
2026-07-01 11:00:00+03:00,1.9471119309972262e-05
2026-07-01 11:05:00+03:00,1.982915079015837e-05
2026-07-01 11:10:00+03:00,1.7066401747102086e-05
2026-07-01 11:15:00+03:00,1.790318625090376e-05
2026-07-01 11:20:00+03:00,1.9753269991394322e-05
2026-07-01 11:25:00+03:00,2.2428618557187668e-05
2026-07-01 11:30:00+03:00,1.9753269991394322e-05
2026-07-01 11:35:00+03:00,1.8728256205371332e-05
2026-07-01 11:40:00+03:00,1.7103952377171797e-05
2026-07-01 11:45:00+03:00,1.963202112058051e-05
2026-07-01 11:50:00+03:00,1.5399295024362778e-05
2026-07-01 11:55:00+03:00,1.6861716106750887e-05
2026-07-01 12:00:00+03:00,1.9414221443483465e-05
2026-07-01 12:05:00+03:00,1.8772218198481875e-05
2026-07-01 12:10:00+03:00,1.7080629253373487e-05
2026-07-01 12:15:00+03:00,1.762744132314096e-05
2026-07-01 12:20:00+03:00,1.784447878057248e-05
2026-07-01 12:25:00+03:00,1.784447878057248e-05
2026-07-01 12:30:00+03:00,5.000857159984204e-05
2026-07-01 12:35:00+03:00,2.3768854439293156e-05
2026-07-01 12:40:00+03:00,2.6025481792956583e-05
2026-07-01 12:45:00+03:00,1.672435392767719e-05
2026-07-01 12:50:00+03:00,2.245873513255964e-05
2026-07-01 12:55:00+03:00,1.7580931022632894e-05
2026-07-01 13:00:00+03:00,1.6927334432065197e-05
2026-07-01 13:05:00+03:00,1.761436454892706e-05
2026-07-01 13:10:00+03:00,1.7296322147901042e-05
2026-07-01 13:15:00+03:00,2.0321723711036734e-05
2026-07-01 13:20:00+03:00,1.6413186934217353e-05
2026-07-01 13:25:00+03:00,1.6413186934217353e-05
2026-07-01 13:30:00+03:00,1.9066202160400172e-05
2026-07-01 13:35:00+03:00,1.6336597171012768e-05
2026-07-01 13:40:00+03:00,1.6336597171012768e-05
2026-07-01 13:45:00+03:00,2.2678320011687846e-05
2026-07-01 13:50:00+03:00,1.6534871618535737e-05
2026-07-01 13:55:00+03:00,2.027108461359098e-05
2026-07-01 14:00:00+03:00,1.6336597171012768e-05
2026-07-01 14:05:00+03:00,1.7243830831077385e-05
2026-07-01 14:10:00+03:00,1.7205973112120545e-05
2026-07-01 14:15:00+03:00,1.7243830831077385e-05
2026-07-01 14:20:00+03:00,2.143533518434359e-05
2026-07-01 14:25:00+03:00,1.5898832277274736e-05
2026-07-01 14:30:00+03:00,2.1938028769226607e-05
2026-07-01 14:35:00+03:00,2.1938028769226607e-05
2026-07-01 14:40:00+03:00,1.6336597171012768e-05
2026-07-01 14:45:00+03:00,1.6236320068178424e-05
2026-07-01 14:50:00+03:00,1.7243830831077385e-05
2026-07-01 14:55:00+03:00,1.7243830831077385e-05
2026-07-01 15:00:00+03:00,1.7243830831077385e-05
2026-07-01 15:05:00+03:00,1.6386951503535016e-05
2026-07-01 15:10:00+03:00,1.6386951503535016e-05
2026-07-01 15:15:00+03:00,1.6336597171012768e-05
2026-07-01 15:20:00+03:00,1.8512432283330278e-05
2026-07-01 15:25:00+03:00,1.6895304442815647e-05
2026-07-01 15:30:00+03:00,1.7243830831077385e-05
2026-07-01 15:35:00+03:00,1.6336597171012768e-05
2026-07-01 15:40:00+03:00,1.5773921216706694e-05
2026-07-01 15:45:00+03:00,1.737532802424795e-05
2026-07-01 15:50:00+03:00,1.7215611432885158e-05
2026-07-01 15:55:00+03:00,3.403691946386346e-05
2026-07-01 16:00:00+03:00,6.920479576824775e-05
2026-07-01 16:05:00+03:00,6.714698715169991e-05
2026-07-01 16:10:00+03:00,3.0565990028585896e-05
2026-07-01 16:15:00+03:00,2.6561073861823957e-05
2026-07-01 16:20:00+03:00,2.0667764388240503e-05
2026-07-01 16:25:00+03:00,2.1234879981163323e-05
2026-07-01 16:30:00+03:00,1.8273917436727726e-05
2026-07-01 16:35:00+03:00,1.6389763062396075e-05
2026-07-01 16:40:00+03:00,1.7456426981749176e-05
2026-07-01 16:45:00+03:00,1.7324673842779612e-05
2026-07-01 16:50:00+03:00,1.625447756105476e-05
2026-07-01 16:55:00+03:00,1.6581165627901018e-05
2026-07-01 17:00:00+03:00,1.5399295024362778e-05
2026-07-01 17:05:00+03:00,2.1377173222273658e-05
2026-07-01 17:10:00+03:00,1.6962426112668308e-05
2026-07-01 17:15:00+03:00,1.625447756105476e-05
2026-07-01 17:20:00+03:00,1.625447756105476e-05
2026-07-01 17:25:00+03:00,2.0205502012399343e-05
2026-07-01 17:30:00+03:00,1.8126297807180286e-05
2026-07-01 17:35:00+03:00,1.739079406139767e-05
2026-07-01 17:40:00+03:00,2.0107796201877885e-05
2026-07-01 17:45:00+03:00,3.7716696594848376e-05
2026-07-01 17:50:00+03:00,4.3500724676438696e-05
2026-07-01 17:55:00+03:00,5.177546672517942e-05
2026-07-02 09:55:00+03:00,2.145189518219855e-05
2026-07-02 10:00:00+03:00,2.0885190950249906e-05
2026-07-02 10:05:00+03:00,2.0486618749686704e-05
2026-07-02 10:10:00+03:00,2.0486618749686704e-05
2026-07-02 10:15:00+03:00,1.959137445831046e-05
2026-07-02 10:20:00+03:00,2.2626086421250246e-05
2026-07-02 10:25:00+03:00,1.8749860745212498e-05
2026-07-02 10:30:00+03:00,2.69863127175381e-05
2026-07-02 10:35:00+03:00,1.8684620562723495e-05
2026-07-02 10:40:00+03:00,1.649214035406701e-05
2026-07-02 10:45:00+03:00,1.5327436368611595e-05
2026-07-02 10:50:00+03:00,1.8059257781543962e-05
2026-07-02 10:55:00+03:00,1.9773221725400032e-05
2026-07-02 11:00:00+03:00,1.5327436368611595e-05
2026-07-02 11:05:00+03:00,1.5327436368611595e-05
2026-07-02 11:10:00+03:00,2.080658570972244e-05
2026-07-02 11:15:00+03:00,1.6128463891225423e-05
2026-07-02 11:20:00+03:00,1.75349272490271e-05
2026-07-02 11:25:00+03:00,1.6510869735540447e-05
2026-07-02 11:30:00+03:00,1.596487505131585e-05
2026-07-02 11:35:00+03:00,1.7960967252604533e-05
2026-07-02 11:40:00+03:00,1.7960967252604533e-05
2026-07-02 11:45:00+03:00,1.9098586320578998e-05
2026-07-02 11:50:00+03:00,1.7016004201903776e-05
2026-07-02 11:55:00+03:00,1.7243830831077385e-05
2026-07-02 12:00:00+03:00,1.7243830831077385e-05
2026-07-02 12:05:00+03:00,2.2676199347514598e-05
2026-07-02 12:10:00+03:00,2.321402758314262e-05
2026-07-02 12:15:00+03:00,1.822663596795046e-05
2026-07-02 12:20:00+03:00,1.774005227340117e-05
2026-07-02 12:25:00+03:00,1.6386951503535016e-05
2026-07-02 12:30:00+03:00,1.6336597171012768e-05
2026-07-02 12:35:00+03:00,1.749777321504615e-05
2026-07-02 12:40:00+03:00,1.7243830831077385e-05
2026-07-02 12:45:00+03:00,1.8512432283330278e-05
2026-07-02 12:50:00+03:00,1.8512432283330278e-05
2026-07-02 12:55:00+03:00,1.8372643310633496e-05
2026-07-02 13:00:00+03:00,1.6716260413464644e-05
2026-07-02 13:05:00+03:00,1.8372643310633496e-05
2026-07-02 13:10:00+03:00,1.8372643310633496e-05
2026-07-02 13:15:00+03:00,2.265845412062976e-05
2026-07-02 13:20:00+03:00,4.13607990543078e-05
2026-07-02 13:25:00+03:00,2.9542298058840565e-05
2026-07-02 13:30:00+03:00,2.533349862149081e-05
2026-07-02 13:35:00+03:00,2.7848594261352592e-05
2026-07-02 13:40:00+03:00,2.385534529640288e-05
2026-07-02 13:45:00+03:00,4.030610676359365e-05
2026-07-02 13:50:00+03:00,2.7589714101750666e-05
2026-07-02 13:55:00+03:00,2.1282290135154675e-05
2026-07-02 14:00:00+03:00,2.5234219818886522e-05
2026-07-02 14:05:00+03:00,2.0134620664154902e-05
2026-07-02 14:10:00+03:00,1.7406795242491862e-05
2026-07-02 14:15:00+03:00,2.0980247550868367e-05
2026-07-02 14:20:00+03:00,2.0783828764857134e-05
2026-07-02 14:25:00+03:00,1.6895304442815647e-05
2026-07-02 14:30:00+03:00,1.7243830831077385e-05
2026-07-02 14:35:00+03:00,2.1841711758049878e-05
2026-07-02 14:40:00+03:00,2.1873162235067918e-05
2026-07-02 14:45:00+03:00,2.1841711758049878e-05
2026-07-02 14:50:00+03:00,1.687657638522516e-05
2026-07-02 14:55:00+03:00,1.9804254932964474e-05
2026-07-02 15:00:00+03:00,1.7498892245870165e-05
2026-07-02 15:05:00+03:00,1.7498892245870165e-05
2026-07-02 15:10:00+03:00,2.1841711758049878e-05
2026-07-02 15:15:00+03:00,1.7720069064712316e-05
2026-07-02 15:20:00+03:00,2.122488163238404e-05
2026-07-02 15:25:00+03:00,3.0782848483005126e-05
2026-07-02 15:30:00+03:00,1.8909908776559107e-05
2026-07-02 15:35:00+03:00,1.9713930085022667e-05
2026-07-02 15:40:00+03:00,2.3784865105504446e-05
2026-07-02 15:45:00+03:00,2.2678320011687846e-05
2026-07-02 15:50:00+03:00,1.6534871618535737e-05
2026-07-02 15:55:00+03:00,1.617862838020599e-05
2026-07-02 16:00:00+03:00,1.5327436368611595e-05
2026-07-02 16:05:00+03:00,2.515225191913992e-05
2026-07-02 16:10:00+03:00,2.0899750481837185e-05
2026-07-02 16:15:00+03:00,4.578133052685284e-05
2026-07-02 16:20:00+03:00,6.647268224754975e-05
2026-07-02 16:25:00+03:00,7.118293996045766e-05
2026-07-02 16:30:00+03:00,2.05039031266663e-05
2026-07-02 16:35:00+03:00,1.9090219583515045e-05
2026-07-02 16:40:00+03:00,1.78449488118783e-05
2026-07-02 16:45:00+03:00,1.78449488118783e-05
2026-07-02 16:50:00+03:00,2.1716900966283306e-05
2026-07-02 16:55:00+03:00,2.2486206807996114e-05
2026-07-02 17:00:00+03:00,3.17342353508475e-05
2026-07-02 17:05:00+03:00,3.690951736662104e-05
2026-07-02 17:10:00+03:00,3.555059811894884e-05
2026-07-02 17:15:00+03:00,2.4466629167178547e-05
2026-07-02 17:20:00+03:00,3.227285656612535e-05
2026-07-02 17:25:00+03:00,5.924684563241949e-05
2026-07-02 17:30:00+03:00,5.401541430100238e-05
2026-07-02 17:35:00+03:00,5.3520058770442224e-05
2026-07-02 17:40:00+03:00,3.579061398051938e-05
2026-07-02 17:45:00+03:00,3.326422764065345e-05
2026-07-02 17:50:00+03:00,4.285103852910801e-05
2026-07-02 17:55:00+03:00,3.264503787785165e-05
2026-07-03 09:55:00+03:00,2.145189518219855e-05
2026-07-03 10:00:00+03:00,2.1109266242980327e-05
2026-07-03 10:05:00+03:00,3.13362423110109e-05
2026-07-03 10:10:00+03:00,1.6204077893068226e-05
2026-07-03 10:15:00+03:00,7.878444762563125e-05
2026-07-03 10:20:00+03:00,3.3469642868861024e-05
2026-07-03 10:25:00+03:00,2.1249805083003467e-05
2026-07-03 10:30:00+03:00,3.535166681401184e-05
2026-07-03 10:35:00+03:00,3.048142028622431e-05
2026-07-03 10:40:00+03:00,2.5007694518623303e-05
2026-07-03 10:45:00+03:00,2.1624197423915813e-05
2026-07-03 10:50:00+03:00,1.6775773755514333e-05
2026-07-03 10:55:00+03:00,1.9943283191795326e-05
2026-07-03 11:00:00+03:00,1.6204077893068226e-05
2026-07-03 11:05:00+03:00,2.126145682123074e-05
2026-07-03 11:10:00+03:00,3.1481864389528025e-05
2026-07-03 11:15:00+03:00,2.250579628729083e-05
2026-07-03 11:20:00+03:00,2.990774138378314e-05
2026-07-03 11:25:00+03:00,1.8770941874499307e-05
2026-07-03 11:30:00+03:00,8.644646777402819e-05
2026-07-03 11:35:00+03:00,6.52692066256924e-05
2026-07-03 11:40:00+03:00,1.607369934100718e-05
2026-07-03 11:45:00+03:00,2.22662032559829e-05
2026-07-03 11:50:00+03:00,1.625447756105476e-05
2026-07-03 11:55:00+03:00,1.6036904505702193e-05
2026-07-03 12:00:00+03:00,1.9311064771468383e-05
2026-07-03 12:05:00+03:00,2.9304509468051296e-05
2026-07-03 12:10:00+03:00,2.036827211238478e-05
2026-07-03 12:15:00+03:00,2.858257851244595e-05
2026-07-03 12:20:00+03:00,1.9001588572202924e-05
2026-07-03 12:25:00+03:00,0.00031174834088338194
2026-07-03 12:30:00+03:00,0.00030652477663635155
2026-07-03 12:35:00+03:00,5.358389396884178e-05
2026-07-03 12:40:00+03:00,0.0003543913715531675
2026-07-03 12:45:00+03:00,3.514069208961455e-05
2026-07-03 12:50:00+03:00,0.00012453084647978145
2026-07-03 12:55:00+03:00,0.0008929242160055884
2026-07-03 13:00:00+03:00,5.519455303719071e-05
2026-07-03 13:05:00+03:00,6.259800077419493e-05
2026-07-03 13:10:00+03:00,7.46721769343364e-05
2026-07-03 13:15:00+03:00,5.206177219437655e-05
2026-07-03 13:20:00+03:00,8.133968027617707e-05
2026-07-03 13:25:00+03:00,0.00011403649946910581
2026-07-03 13:30:00+03:00,9.637895331476558e-05
2026-07-03 13:35:00+03:00,2.4654005284541733e-05
2026-07-03 13:40:00+03:00,0.0002722098863677245
2026-07-03 13:45:00+03:00,3.157521510225586e-05
2026-07-03 13:50:00+03:00,5.4874677743757387e-05
2026-07-03 13:55:00+03:00,3.27765204354127e-05
2026-07-03 14:00:00+03:00,3.961011140134387e-05
2026-07-03 14:05:00+03:00,0.00011303941334483571
2026-07-03 14:10:00+03:00,0.00021886138589390737
2026-07-03 14:15:00+03:00,3.0593842986514154e-05
2026-07-03 14:20:00+03:00,2.619325677475297e-05
2026-07-03 14:25:00+03:00,2.2968275034257075e-05
2026-07-03 14:30:00+03:00,1.8978727867262763e-05
2026-07-03 14:35:00+03:00,1.7103952377171797e-05
2026-07-03 14:40:00+03:00,1.6854710378309116e-05
2026-07-03 14:45:00+03:00,1.6204077893068226e-05
2026-07-03 14:50:00+03:00,2.4630558774700226e-05
2026-07-03 14:55:00+03:00,2.126145682123074e-05
2026-07-03 15:00:00+03:00,1.6204077893068226e-05
2026-07-03 15:05:00+03:00,1.8126297807180286e-05
2026-07-03 15:10:00+03:00,1.5399295024362778e-05
2026-07-03 15:15:00+03:00,1.530477117015448e-05
2026-07-03 15:20:00+03:00,1.8241133077130706e-05
2026-07-03 15:25:00+03:00,1.718089587880976e-05
2026-07-03 15:30:00+03:00,1.6401798110334773e-05
2026-07-03 15:35:00+03:00,2.1041495271234988e-05
2026-07-03 15:40:00+03:00,2.8384354564840224e-05
2026-07-03 15:45:00+03:00,2.0588563573932086e-05
2026-07-03 15:50:00+03:00,1.8035490111125372e-05
2026-07-03 15:55:00+03:00,2.13999925496021e-05
2026-07-03 16:00:00+03:00,2.13999925496021e-05
2026-07-03 16:05:00+03:00,0.00010129580216548121
2026-07-03 16:10:00+03:00,1.737974787592863e-05
2026-07-03 16:15:00+03:00,1.81152646111194e-05
2026-07-03 16:20:00+03:00,2.0643211085417414e-05
2026-07-03 16:25:00+03:00,1.64949052390195e-05
2026-07-03 16:30:00+03:00,1.81152646111194e-05
2026-07-03 16:35:00+03:00,1.6401798110334773e-05
2026-07-03 16:40:00+03:00,1.81152646111194e-05
2026-07-03 16:45:00+03:00,1.9835607396444348e-05
2026-07-03 16:50:00+03:00,1.81152646111194e-05
2026-07-03 16:55:00+03:00,1.81152646111194e-05
2026-07-03 17:00:00+03:00,1.81152646111194e-05
2026-07-03 17:05:00+03:00,4.280681117088169e-05
2026-07-03 17:10:00+03:00,1.64949052390195e-05
2026-07-03 17:15:00+03:00,1.6806546625195826e-05
2026-07-03 17:20:00+03:00,1.588168258969227e-05
2026-07-03 17:25:00+03:00,1.7210109556527024e-05
2026-07-03 17:30:00+03:00,1.5399295024362778e-05
2026-07-03 17:35:00+03:00,1.625447756105476e-05
2026-07-03 17:40:00+03:00,1.4868901774488397e-05
2026-07-03 17:45:00+03:00,1.621879186819425e-05
2026-07-03 17:50:00+03:00,2.0588563573932086e-05
2026-07-03 17:55:00+03:00,2.1652024168875426e-05
2026-07-06 09:55:00+03:00,2.2040878766386894e-05
2026-07-06 10:00:00+03:00,2.5705919490854223e-05
2026-07-06 10:05:00+03:00,2.13971049408112e-05
2026-07-06 10:10:00+03:00,2.1653181412123544e-05
2026-07-06 10:15:00+03:00,2.3326968555013326e-05
2026-07-06 10:20:00+03:00,2.1826046989679198e-05
2026-07-06 10:25:00+03:00,2.0279641979417983e-05
2026-07-06 10:30:00+03:00,2.910512850027061e-05
2026-07-06 10:35:00+03:00,2.6256265243163924e-05
2026-07-06 10:40:00+03:00,2.49592192464434e-05
2026-07-06 10:45:00+03:00,2.4616687445800395e-05
2026-07-06 10:50:00+03:00,2.4623598689805215e-05
2026-07-06 10:55:00+03:00,3.396855327547839e-05
2026-07-06 11:00:00+03:00,2.323841034384111e-05
2026-07-06 11:05:00+03:00,1.6791028204287175e-05
2026-07-06 11:10:00+03:00,2.3069122593488043e-05
2026-07-06 11:15:00+03:00,2.396696372528649e-05
2026-07-06 11:20:00+03:00,2.2195886278742968e-05
2026-07-06 11:25:00+03:00,1.7660789966877252e-05
2026-07-06 11:30:00+03:00,1.7309233006954764e-05
2026-07-06 11:35:00+03:00,1.6666050955445154e-05
2026-07-06 11:40:00+03:00,1.7049394131019443e-05
2026-07-06 11:45:00+03:00,1.6892673521716118e-05
2026-07-06 11:50:00+03:00,1.8088640682261293e-05
2026-07-06 11:55:00+03:00,2.1587705217883275e-05
2026-07-06 12:00:00+03:00,2.283952542440166e-05
2026-07-06 12:05:00+03:00,1.5272792070379194e-05
2026-07-06 12:10:00+03:00,1.6081007904257673e-05
2026-07-06 12:15:00+03:00,1.5933188705771297e-05
2026-07-06 12:20:00+03:00,1.6981995125976036e-05
2026-07-06 12:25:00+03:00,1.7375368294341116e-05
2026-07-06 12:30:00+03:00,1.7597782604896182e-05
2026-07-06 12:35:00+03:00,1.8064196072506798e-05
2026-07-06 12:40:00+03:00,1.8165059998777085e-05
2026-07-06 12:45:00+03:00,1.753128541310298e-05
2026-07-06 12:50:00+03:00,1.6893140529580457e-05
2026-07-06 12:55:00+03:00,2.221711016698167e-05
2026-07-06 13:00:00+03:00,1.623542750777226e-05
2026-07-06 13:05:00+03:00,1.7160168399076613e-05
2026-07-06 13:10:00+03:00,1.755487678799479e-05
2026-07-06 13:15:00+03:00,1.6283513220902862e-05
2026-07-06 13:20:00+03:00,1.5789651514106578e-05
2026-07-06 13:25:00+03:00,3.509851098072917e-05
2026-07-06 13:30:00+03:00,3.509851098072917e-05
2026-07-06 13:35:00+03:00,2.756298075130777e-05
2026-07-06 13:40:00+03:00,2.9410529928329003e-05
2026-07-06 13:45:00+03:00,2.672155187406723e-05
2026-07-06 13:50:00+03:00,2.1215320978127177e-05
2026-07-06 13:55:00+03:00,1.6158439484963125e-05
2026-07-06 14:00:00+03:00,1.6159262616847857e-05
2026-07-06 14:05:00+03:00,2.0916165551892214e-05
2026-07-06 14:10:00+03:00,1.6312375075196043e-05
2026-07-06 14:15:00+03:00,2.053036377808068e-05
2026-07-06 14:20:00+03:00,1.6565943518121893e-05
2026-07-06 14:25:00+03:00,1.4829699116977002e-05
2026-07-06 14:30:00+03:00,2.2016228366424292e-05
2026-07-06 14:35:00+03:00,1.6534188487182545e-05
2026-07-06 14:40:00+03:00,1.651581625368202e-05
2026-07-06 14:45:00+03:00,1.7184085577860533e-05
2026-07-06 14:50:00+03:00,1.5673224190978357e-05
2026-07-06 14:55:00+03:00,1.554857798541594e-05
2026-07-06 15:00:00+03:00,2.0527008900298174e-05
2026-07-06 15:05:00+03:00,1.7168560617610507e-05
2026-07-06 15:10:00+03:00,1.8146450136158774e-05
2026-07-06 15:15:00+03:00,1.74386669318273e-05
2026-07-06 15:20:00+03:00,1.770212978872192e-05
2026-07-06 15:25:00+03:00,1.932346559651196e-05
2026-07-06 15:30:00+03:00,1.681294341036886e-05
2026-07-06 15:35:00+03:00,1.703202248510739e-05
2026-07-06 15:40:00+03:00,1.6458040214589587e-05
2026-07-06 15:45:00+03:00,1.653581696777656e-05
2026-07-06 15:50:00+03:00,1.6237248348590096e-05
2026-07-06 15:55:00+03:00,1.6863882179408304e-05
2026-07-06 16:00:00+03:00,1.6760668660677574e-05
2026-07-06 16:05:00+03:00,1.802705203912493e-05
2026-07-06 16:10:00+03:00,1.8292528369603326e-05
2026-07-06 16:15:00+03:00,1.7310844610238125e-05
2026-07-06 16:20:00+03:00,1.6894246341230605e-05
2026-07-06 16:25:00+03:00,1.802705203912493e-05
2026-07-06 16:30:00+03:00,1.78360583704305e-05
2026-07-06 16:35:00+03:00,1.6218949187265878e-05
2026-07-06 16:40:00+03:00,1.8205192004381296e-05
2026-07-06 16:45:00+03:00,1.6903676937294228e-05
2026-07-06 16:50:00+03:00,2.2678320011687846e-05
2026-07-06 16:55:00+03:00,1.8163609261223885e-05
2026-07-06 17:00:00+03:00,2.22662032559829e-05
2026-07-06 17:05:00+03:00,1.783733512550958e-05
2026-07-06 17:10:00+03:00,1.608916141138417e-05
2026-07-06 17:15:00+03:00,1.64949052390195e-05
2026-07-06 17:20:00+03:00,1.5739605778329466e-05
2026-07-06 17:25:00+03:00,2.000712280304829e-05
2026-07-06 17:30:00+03:00,1.6706815022493785e-05
2026-07-06 17:35:00+03:00,2.6059402986859766e-05
2026-07-06 17:40:00+03:00,1.6747188104843246e-05
2026-07-06 17:45:00+03:00,2.1377173222273658e-05
2026-07-06 17:50:00+03:00,1.592594732293402e-05
2026-07-06 17:55:00+03:00,2.7474414183239133e-05
2026-07-07 09:55:00+03:00,7.62076618865665e-05
2026-07-07 10:00:00+03:00,1.3541500341523927e-05
2026-07-07 10:05:00+03:00,1.6273907675180956e-05
2026-07-07 10:10:00+03:00,5.410685519099764e-05
2026-07-07 10:15:00+03:00,4.5753910568406924e-05
2026-07-07 10:20:00+03:00,2.2642907718414544e-05
2026-07-07 10:25:00+03:00,2.16562221354588e-05
2026-07-07 10:30:00+03:00,2.640370655209538e-05
2026-07-07 10:35:00+03:00,2.3936583758573364e-05
2026-07-07 10:40:00+03:00,2.708132304923707e-05
2026-07-07 10:45:00+03:00,1.9332685472481057e-05
2026-07-07 10:50:00+03:00,1.796738079450802e-05
2026-07-07 10:55:00+03:00,2.4322643636555293e-05
2026-07-07 11:00:00+03:00,1.8983617908098556e-05
2026-07-07 11:05:00+03:00,3.040071762733195e-05
2026-07-07 11:10:00+03:00,3.041665232612562e-05
2026-07-07 11:15:00+03:00,2.614734733631637e-05
2026-07-07 11:20:00+03:00,2.45555170299527e-05
2026-07-07 11:25:00+03:00,4.741322674670117e-05
2026-07-07 11:30:00+03:00,6.380642815081004e-05
2026-07-07 11:35:00+03:00,1.7779114447039448e-05
2026-07-07 11:40:00+03:00,2.221985459349527e-05
2026-07-07 11:45:00+03:00,2.1526246444251474e-05
2026-07-07 11:50:00+03:00,2.0450839142150906e-05
2026-07-07 11:55:00+03:00,2.108333782575775e-05
2026-07-07 12:00:00+03:00,3.1259920164271866e-05
2026-07-07 12:05:00+03:00,2.7846350356653476e-05
2026-07-07 12:10:00+03:00,8.184749067747445e-05
2026-07-07 12:15:00+03:00,2.2022152525839364e-05
2026-07-07 12:20:00+03:00,1.9661047318410604e-05
2026-07-07 12:25:00+03:00,2.234615812786551e-05
2026-07-07 12:30:00+03:00,1.8942904922313094e-05
2026-07-07 12:35:00+03:00,2.1124310416044526e-05
2026-07-07 12:40:00+03:00,1.848257559236341e-05
2026-07-07 12:45:00+03:00,1.7408855804615034e-05
2026-07-07 12:50:00+03:00,1.7288128313416825e-05
2026-07-07 12:55:00+03:00,1.649673924949937e-05
2026-07-07 13:00:00+03:00,2.1175362893662477e-05
2026-07-07 13:05:00+03:00,2.7540372501683078e-05
2026-07-07 13:10:00+03:00,2.186704780263924e-05
2026-07-07 13:15:00+03:00,1.967787754559129e-05
2026-07-07 13:20:00+03:00,2.608755233260147e-05
2026-07-07 13:25:00+03:00,2.096261060730727e-05
2026-07-07 13:30:00+03:00,1.647315952182337e-05
2026-07-07 13:35:00+03:00,1.62756250699298e-05
2026-07-07 13:40:00+03:00,1.7179472774428882e-05
2026-07-07 13:45:00+03:00,1.9157810845603663e-05
2026-07-07 13:50:00+03:00,1.9150579487700658e-05
2026-07-07 13:55:00+03:00,2.541318599575423e-05
2026-07-07 14:00:00+03:00,3.44867571923975e-05
2026-07-07 14:05:00+03:00,2.6777989122006294e-05
2026-07-07 14:10:00+03:00,2.2146390448220848e-05
2026-07-07 14:15:00+03:00,2.4739862440402376e-05
2026-07-07 14:20:00+03:00,1.5467288833238688e-05
2026-07-07 14:25:00+03:00,2.0456043593850455e-05
2026-07-07 14:30:00+03:00,1.8913221466119227e-05
2026-07-07 14:35:00+03:00,2.0412459386835162e-05
2026-07-07 14:40:00+03:00,2.277373876457474e-05
2026-07-07 14:45:00+03:00,2.3747218081236546e-05
2026-07-07 14:50:00+03:00,2.3305531719808606e-05
2026-07-07 14:55:00+03:00,1.7726259410087645e-05
2026-07-07 15:00:00+03:00,1.7567681388137604e-05
2026-07-07 15:05:00+03:00,2.0947578859478788e-05
2026-07-07 15:10:00+03:00,1.8847758181754593e-05
2026-07-07 15:15:00+03:00,1.664387422732959e-05
2026-07-07 15:20:00+03:00,1.850919486040342e-05
2026-07-07 15:25:00+03:00,2.256889289836895e-05
2026-07-07 15:30:00+03:00,1.7015987789666135e-05
2026-07-07 15:35:00+03:00,1.6681938398379864e-05
2026-07-07 15:40:00+03:00,1.8683751107798388e-05
2026-07-07 15:45:00+03:00,2.1937792751953553e-05
2026-07-07 15:50:00+03:00,1.863943097152738e-05
2026-07-07 15:55:00+03:00,1.7630818457509976e-05
2026-07-07 16:00:00+03:00,1.796094992894965e-05
2026-07-07 16:05:00+03:00,1.6681938398379864e-05
2026-07-07 16:10:00+03:00,2.3496498352521546e-05
2026-07-07 16:15:00+03:00,3.9713951821843e-05
2026-07-07 16:20:00+03:00,6.0326874356323534e-05
2026-07-07 16:25:00+03:00,4.1426168707632214e-05
2026-07-07 16:30:00+03:00,3.064942226641244e-05
2026-07-07 16:35:00+03:00,2.544479441913803e-05
2026-07-07 16:40:00+03:00,2.023815733363682e-05
2026-07-07 16:45:00+03:00,3.1983073971004284e-05
2026-07-07 16:50:00+03:00,2.8774740456571884e-05
2026-07-07 16:55:00+03:00,3.899139144945315e-05
2026-07-07 17:00:00+03:00,2.5296166430977513e-05
2026-07-07 17:05:00+03:00,4.3038316399505124e-05
2026-07-07 17:10:00+03:00,3.242179085352964e-05
2026-07-07 17:15:00+03:00,3.0152933234085033e-05
2026-07-07 17:20:00+03:00,0.002052110109064419
2026-07-07 17:25:00+03:00,2.344302060168266e-05
2026-07-07 17:30:00+03:00,3.496585546316278e-05
2026-07-07 17:35:00+03:00,0.0033234621315543916
2026-07-07 17:40:00+03:00,0.009636423944779699
2026-07-07 17:45:00+03:00,0.0025065214525126544
2026-07-07 17:50:00+03:00,0.001838829105055099
2026-07-07 17:55:00+03:00,0.013811097349212499
2026-07-08 09:55:00+03:00,0.9995849023212134
2026-07-08 10:00:00+03:00,0.029154834409044685
2026-07-08 10:05:00+03:00,0.02066800226917341
2026-07-08 10:10:00+03:00,0.9996053026294315
2026-07-08 10:15:00+03:00,0.9995512938346789
2026-07-08 10:20:00+03:00,0.9998510425714132
2026-07-08 10:25:00+03:00,0.9996353392484852
2026-07-08 10:30:00+03:00,0.9997953593696718
2026-07-08 10:35:00+03:00,0.9997802603371169
2026-07-08 10:40:00+03:00,0.9998214044098382
2026-07-08 10:45:00+03:00,0.9997313810297734
2026-07-08 10:50:00+03:00,0.999683087196487
2026-07-08 10:55:00+03:00,0.8953207066806781
2026-07-08 11:00:00+03:00,0.0004954157899675923
2026-07-08 11:05:00+03:00,0.00037881687013487266
2026-07-08 11:10:00+03:00,0.00033050704509134777
2026-07-08 11:15:00+03:00,0.0024826696077328582
2026-07-08 11:20:00+03:00,0.002140222579007929
2026-07-08 11:25:00+03:00,0.0009838574881063454
2026-07-08 11:30:00+03:00,4.1742229880613244e-05
2026-07-08 11:35:00+03:00,0.002656975313993516
2026-07-08 11:40:00+03:00,0.0025861290137549156
2026-07-08 11:45:00+03:00,0.0009176462222571455
2026-07-08 11:50:00+03:00,0.0029600255776097892
2026-07-08 11:55:00+03:00,0.0023649666378927955
2026-07-08 12:00:00+03:00,0.0030994262257598624
2026-07-08 12:05:00+03:00,0.003263004592006391
2026-07-08 12:10:00+03:00,0.007046321567930241
2026-07-08 12:15:00+03:00,0.004912088716993991
2026-07-08 12:20:00+03:00,0.001409935972329452
2026-07-08 12:25:00+03:00,0.005666323378285916
2026-07-08 12:30:00+03:00,0.00837341454625317
2026-07-08 12:35:00+03:00,0.01280934361990201
2026-07-08 12:40:00+03:00,0.998525762351407
2026-07-08 12:45:00+03:00,0.002396026940539749
2026-07-08 12:50:00+03:00,0.0010352918274072823
2026-07-08 12:55:00+03:00,0.0004965947226729354
2026-07-08 13:00:00+03:00,0.0001423569520732014
2026-07-08 13:05:00+03:00,0.0002585631507388866
2026-07-08 13:10:00+03:00,0.00015653368168768345
2026-07-08 13:15:00+03:00,0.0005173791256361021
2026-07-08 13:20:00+03:00,0.0001253392248428431
2026-07-08 13:25:00+03:00,0.00014455985102795958
2026-07-08 13:30:00+03:00,0.00010363789097199349
2026-07-08 13:35:00+03:00,0.000586845474421197
2026-07-08 13:40:00+03:00,0.0003482976526600509
2026-07-08 13:45:00+03:00,0.00016615474819572725
2026-07-08 13:50:00+03:00,0.00013994260861074752
2026-07-08 13:55:00+03:00,0.00015947610752250398
2026-07-08 14:00:00+03:00,0.00015971543355100667
2026-07-08 14:05:00+03:00,0.0003154456977744213
2026-07-08 14:10:00+03:00,0.00010905871886149112
2026-07-08 14:15:00+03:00,0.0001378505038453082
2026-07-08 14:20:00+03:00,0.00010956654718811329
2026-07-08 14:25:00+03:00,8.09255662771733e-05
2026-07-08 14:30:00+03:00,7.69475101328715e-05
2026-07-08 14:35:00+03:00,8.659247878558915e-05
2026-07-08 14:40:00+03:00,4.61351123348487e-05
2026-07-08 14:45:00+03:00,5.178719196758618e-05
2026-07-08 14:50:00+03:00,5.48958025066156e-05
2026-07-08 14:55:00+03:00,5.24267749179538e-05
2026-07-08 15:00:00+03:00,8.542563925306157e-05
2026-07-08 15:05:00+03:00,0.00012087299193531484
2026-07-08 15:10:00+03:00,7.642599417224651e-05
2026-07-08 15:15:00+03:00,3.343933653979858e-05
2026-07-08 15:20:00+03:00,5.1638719847306494e-05
2026-07-08 15:25:00+03:00,1.7378657828199392e-05
2026-07-08 15:30:00+03:00,1.7747312681716705e-05
2026-07-08 15:35:00+03:00,2.1269964353513913e-05
2026-07-08 15:40:00+03:00,1.696054296716811e-05
2026-07-08 15:45:00+03:00,2.300091697660672e-05
2026-07-08 15:50:00+03:00,2.300091697660672e-05
2026-07-08 15:55:00+03:00,2.3965177062079986e-05
2026-07-08 16:00:00+03:00,1.5109170018645595e-05
2026-07-08 16:05:00+03:00,1.5009216147905226e-05
2026-07-08 16:10:00+03:00,2.4828674954445135e-05
2026-07-08 16:15:00+03:00,1.6641417912945544e-05
2026-07-08 16:20:00+03:00,5.137566122971358e-05
2026-07-08 16:25:00+03:00,2.4643974200368942e-05
2026-07-08 16:30:00+03:00,1.6778015584857753e-05
2026-07-08 16:35:00+03:00,2.1240397489735005e-05
2026-07-08 16:40:00+03:00,2.0335332776267186e-05
2026-07-08 16:45:00+03:00,6.716233340187487e-05
2026-07-08 16:50:00+03:00,5.465487742099678e-05
2026-07-08 16:55:00+03:00,6.333144497528761e-05
2026-07-08 17:00:00+03:00,6.649541553935159e-05
2026-07-08 17:05:00+03:00,5.876321923104258e-05
2026-07-08 17:10:00+03:00,0.0001707167211393099
2026-07-08 17:15:00+03:00,0.0001367367288671258
2026-07-08 17:20:00+03:00,0.0006839692273538945
2026-07-08 17:25:00+03:00,0.0016608881171342503
2026-07-08 17:30:00+03:00,0.0015808958842796986
2026-07-08 17:35:00+03:00,0.00303646759862601
2026-07-08 17:40:00+03:00,1.9722740104699513e-05
2026-07-08 17:45:00+03:00,2.2360519033434138e-05
2026-07-08 17:50:00+03:00,3.316990348647239e-05
2026-07-08 17:55:00+03:00,0.052745636762957605
2026-07-09 09:55:00+03:00,2.403335757534442e-05
2026-07-09 10:00:00+03:00,1.720818750997945e-05
2026-07-09 10:05:00+03:00,0.3132682365558225
2026-07-09 10:10:00+03:00,5.5751554477694304e-05
2026-07-09 10:15:00+03:00,5.4892571180293786e-05
2026-07-09 10:20:00+03:00,5.3927089974885006e-05
2026-07-09 10:25:00+03:00,3.509890925578037e-05
2026-07-09 10:30:00+03:00,3.313708407165572e-05
2026-07-09 10:35:00+03:00,3.0627770596044606e-05
2026-07-09 10:40:00+03:00,7.366515590190211e-05
2026-07-09 10:45:00+03:00,5.072895883098522e-05
2026-07-09 10:50:00+03:00,7.575832691649625e-05
2026-07-09 10:55:00+03:00,0.00011366312279534847
2026-07-09 11:00:00+03:00,0.00013099490533925533
2026-07-09 11:05:00+03:00,4.029742450711206e-05
2026-07-09 11:10:00+03:00,2.3143209926321e-05
2026-07-09 11:15:00+03:00,3.713997926495761e-05
2026-07-09 11:20:00+03:00,8.931101253208881e-05
2026-07-09 11:25:00+03:00,6.600876600579925e-05
2026-07-09 11:30:00+03:00,2.121257142738363e-05
2026-07-09 11:35:00+03:00,3.6230122046373215e-05
2026-07-09 11:40:00+03:00,4.662076873311547e-05
2026-07-09 11:45:00+03:00,2.0504131073690478e-05
2026-07-09 11:50:00+03:00,2.4793484549315315e-05
2026-07-09 11:55:00+03:00,2.4551688445691845e-05
2026-07-09 12:00:00+03:00,2.1563221307096062e-05
2026-07-09 12:05:00+03:00,1.969860434603637e-05
2026-07-09 12:10:00+03:00,2.2760598080541813e-05
2026-07-09 12:15:00+03:00,3.2776333850807784e-05
2026-07-09 12:20:00+03:00,1.7827471921136254e-05
2026-07-09 12:25:00+03:00,1.882536149114205e-05
2026-07-09 12:30:00+03:00,1.815528085407285e-05
2026-07-09 12:35:00+03:00,2.1950447466102354e-05
2026-07-09 12:40:00+03:00,2.829303995063267e-05
2026-07-09 12:45:00+03:00,1.9807897097037564e-05
2026-07-09 12:50:00+03:00,2.1400264935502175e-05
2026-07-09 12:55:00+03:00,1.807610750473965e-05
2026-07-09 13:00:00+03:00,1.967787754559129e-05
2026-07-09 13:05:00+03:00,1.62756250699298e-05
2026-07-09 13:10:00+03:00,2.6477785545259138e-05
2026-07-09 13:15:00+03:00,2.0081287600246234e-05
2026-07-09 13:20:00+03:00,1.843074853506651e-05
2026-07-09 13:25:00+03:00,1.8984589973228264e-05
2026-07-09 13:30:00+03:00,2.080658570972244e-05
2026-07-09 13:35:00+03:00,2.3602050208738804e-05
2026-07-09 13:40:00+03:00,2.5797398896789678e-05
2026-07-09 13:45:00+03:00,2.9384244448671227e-05
2026-07-09 13:50:00+03:00,2.379030816392421e-05
2026-07-09 13:55:00+03:00,1.6358493159683905e-05
2026-07-09 14:00:00+03:00,2.7071485109104324e-05
2026-07-09 14:05:00+03:00,2.558771975529865e-05
2026-07-09 14:10:00+03:00,3.658349959944262e-05
2026-07-09 14:15:00+03:00,2.7101104161089415e-05
2026-07-09 14:20:00+03:00,2.70447065977333e-05
2026-07-09 14:25:00+03:00,3.170168424478977e-05
2026-07-09 14:30:00+03:00,2.979511061510939e-05
2026-07-09 14:35:00+03:00,3.4147773832013215e-05
2026-07-09 14:40:00+03:00,2.1806908649319087e-05
2026-07-09 14:45:00+03:00,1.5998693722215613e-05
2026-07-09 14:50:00+03:00,1.9354002844291437e-05
2026-07-09 14:55:00+03:00,2.0491191458713115e-05
2026-07-09 15:00:00+03:00,1.648560407569714e-05
2026-07-09 15:05:00+03:00,2.0648111183147293e-05
2026-07-09 15:10:00+03:00,2.1132951648692243e-05
2026-07-09 15:15:00+03:00,2.2096607626797104e-05
2026-07-09 15:20:00+03:00,2.346399137935215e-05
2026-07-09 15:25:00+03:00,2.1365213692030562e-05
2026-07-09 15:30:00+03:00,2.0045426331089852e-05
2026-07-09 15:35:00+03:00,2.1365213692030562e-05
2026-07-09 15:40:00+03:00,1.8784347564831538e-05
2026-07-09 15:45:00+03:00,2.1768868740261947e-05
2026-07-09 15:50:00+03:00,2.201455966639326e-05
2026-07-09 15:55:00+03:00,2.04241470183761e-05
2026-07-09 16:00:00+03:00,2.0083546475728785e-05
2026-07-09 16:05:00+03:00,2.071041775737187e-05
2026-07-09 16:10:00+03:00,2.706963140077688e-05
2026-07-09 16:15:00+03:00,2.0783828764857134e-05
2026-07-09 16:20:00+03:00,1.7243830831077385e-05
2026-07-09 16:25:00+03:00,1.848762036566924e-05
2026-07-09 16:30:00+03:00,2.1535828501199957e-05
2026-07-09 16:35:00+03:00,1.7324673842779612e-05
2026-07-09 16:40:00+03:00,2.1992489669552656e-05
2026-07-09 16:45:00+03:00,1.6809997899395923e-05
2026-07-09 16:50:00+03:00,1.9000052794477592e-05
2026-07-09 16:55:00+03:00,1.7324673842779612e-05
2026-07-09 17:00:00+03:00,1.7324673842779612e-05
2026-07-09 17:05:00+03:00,1.530477117015448e-05
2026-07-09 17:10:00+03:00,1.5399295024362778e-05
2026-07-09 17:15:00+03:00,1.6809997899395923e-05
2026-07-09 17:20:00+03:00,1.8772218198481875e-05
2026-07-09 17:25:00+03:00,1.5399295024362778e-05
2026-07-09 17:30:00+03:00,1.6413186934217353e-05
2026-07-09 17:35:00+03:00,1.7324673842779612e-05
2026-07-09 17:40:00+03:00,1.6612390922975248e-05
2026-07-09 17:45:00+03:00,1.5773921216706694e-05
2026-07-09 17:50:00+03:00,1.9736621240234994e-05
2026-07-09 17:55:00+03:00,1.5327436368611595e-05
2026-07-10 09:55:00+03:00,2.2417826779714667e-05
2026-07-10 10:00:00+03:00,1.5513462996450243e-05
2026-07-10 10:05:00+03:00,2.2730329237569863e-05
2026-07-10 10:10:00+03:00,2.095001897068725e-05
2026-07-10 10:15:00+03:00,2.0821797226084887e-05
2026-07-10 10:20:00+03:00,2.924981329290512e-05
2026-07-10 10:25:00+03:00,2.2431319958138156e-05
2026-07-10 10:30:00+03:00,2.0499290913336604e-05
2026-07-10 10:35:00+03:00,1.7651547114199242e-05
2026-07-10 10:40:00+03:00,1.8516136918841018e-05
2026-07-10 10:45:00+03:00,1.7732959941057113e-05
2026-07-10 10:50:00+03:00,1.8352518586870213e-05
2026-07-10 10:55:00+03:00,2.1250753237499874e-05
2026-07-10 11:00:00+03:00,1.8516136918841018e-05
2026-07-10 11:05:00+03:00,2.2063600152035323e-05
2026-07-10 11:10:00+03:00,2.11463050395636e-05
2026-07-10 11:15:00+03:00,1.8630566261025737e-05
2026-07-10 11:20:00+03:00,2.6689369218021386e-05
2026-07-10 11:25:00+03:00,3.442871282133228e-05
2026-07-10 11:30:00+03:00,2.602240883041778e-05
2026-07-10 11:35:00+03:00,2.3429841746130526e-05
2026-07-10 11:40:00+03:00,2.226471494965843e-05
2026-07-10 11:45:00+03:00,2.6381174527826077e-05
2026-07-10 11:50:00+03:00,2.226471494965843e-05
2026-07-10 11:55:00+03:00,1.7322474811739244e-05
2026-07-10 12:00:00+03:00,2.075418903850133e-05
2026-07-10 12:05:00+03:00,2.094355590477453e-05
2026-07-10 12:10:00+03:00,2.2443537100661345e-05
2026-07-10 12:15:00+03:00,2.0429629924484614e-05
2026-07-10 12:20:00+03:00,1.8042161280664982e-05
2026-07-10 12:25:00+03:00,2.0703682839477126e-05
2026-07-10 12:30:00+03:00,2.1471561095266903e-05
2026-07-10 12:35:00+03:00,1.7207637578879842e-05
2026-07-10 12:40:00+03:00,1.9738530511314135e-05
2026-07-10 12:45:00+03:00,2.0725060929461477e-05
2026-07-10 12:50:00+03:00,1.7657550995413914e-05
2026-07-10 12:55:00+03:00,1.9840487892513133e-05
2026-07-10 13:00:00+03:00,1.8810948381415248e-05
2026-07-10 13:05:00+03:00,1.7179472774428882e-05
2026-07-10 13:10:00+03:00,2.164898528056961e-05
2026-07-10 13:15:00+03:00,1.7228456363643458e-05
2026-07-10 13:20:00+03:00,2.0725060929461477e-05
2026-07-10 13:25:00+03:00,2.0641545204055175e-05
2026-07-10 13:30:00+03:00,2.5797398896789678e-05
2026-07-10 13:35:00+03:00,1.6128463891225423e-05
2026-07-10 13:40:00+03:00,1.617862838020599e-05
2026-07-10 13:45:00+03:00,3.6123675219207234e-05
2026-07-10 13:50:00+03:00,3.156173255048243e-05
2026-07-10 13:55:00+03:00,2.329805478222571e-05
2026-07-10 14:00:00+03:00,1.9323628057352122e-05
2026-07-10 14:05:00+03:00,1.7243830831077385e-05
2026-07-10 14:10:00+03:00,1.6336597171012768e-05
2026-07-10 14:15:00+03:00,3.1584223063277906e-05
2026-07-10 14:20:00+03:00,2.40924426160783e-05
2026-07-10 14:25:00+03:00,2.482636783083471e-05
2026-07-10 14:30:00+03:00,3.177928730568433e-05
2026-07-10 14:35:00+03:00,1.7016004201903776e-05
2026-07-10 14:40:00+03:00,1.714847344942587e-05
2026-07-10 14:45:00+03:00,1.7296322147901042e-05
2026-07-10 14:50:00+03:00,1.5994900766550006e-05
2026-07-10 14:55:00+03:00,1.9307972916003176e-05
2026-07-10 15:00:00+03:00,1.7580931022632894e-05
2026-07-10 15:05:00+03:00,2.546970658062613e-05
2026-07-10 15:10:00+03:00,1.6927334432065197e-05
2026-07-10 15:15:00+03:00,1.9307972916003176e-05
2026-07-10 15:20:00+03:00,1.9307972916003176e-05
2026-07-10 15:25:00+03:00,1.6413186934217353e-05
2026-07-10 15:30:00+03:00,1.6413186934217353e-05
2026-07-10 15:35:00+03:00,1.6413186934217353e-05
2026-07-10 15:40:00+03:00,1.7324673842779612e-05
2026-07-10 15:45:00+03:00,1.592594732293402e-05
2026-07-10 15:50:00+03:00,2.1988536109694558e-05
2026-07-10 15:55:00+03:00,1.5399295024362778e-05
2026-07-10 16:00:00+03:00,1.9730871742809855e-05
2026-07-10 16:05:00+03:00,1.6861716106750887e-05
2026-07-10 16:10:00+03:00,1.7271302909829717e-05
2026-07-10 16:15:00+03:00,1.982915079015837e-05
2026-07-10 16:20:00+03:00,1.982915079015837e-05
2026-07-10 16:25:00+03:00,1.959137445831046e-05
2026-07-10 16:30:00+03:00,1.959137445831046e-05
2026-07-10 16:35:00+03:00,2.2784640567581963e-05
2026-07-10 16:40:00+03:00,1.5586193775545173e-05
2026-07-10 16:45:00+03:00,1.5399295024362778e-05
2026-07-10 16:50:00+03:00,1.5399295024362778e-05
2026-07-10 16:55:00+03:00,1.5399295024362778e-05
2026-07-10 17:00:00+03:00,1.5586193775545173e-05
2026-07-10 17:05:00+03:00,1.625447756105476e-05
2026-07-10 17:10:00+03:00,1.530477117015448e-05
2026-07-10 17:15:00+03:00,2.0205502012399343e-05
2026-07-10 17:20:00+03:00,1.625447756105476e-05
2026-07-10 17:25:00+03:00,2.0205502012399343e-05
2026-07-10 17:30:00+03:00,2.1622812390678753e-05
2026-07-10 17:35:00+03:00,1.9993011175500897e-05
2026-07-10 17:40:00+03:00,1.6204077893068226e-05
2026-07-10 17:45:00+03:00,2.126145682123074e-05
2026-07-10 17:50:00+03:00,2.1863552961471432e-05
2026-07-10 17:55:00+03:00,2.1140555196885808e-05
2026-07-13 09:55:00+03:00,0.7518734830094933
2026-07-13 10:00:00+03:00,2.2200470649147958e-05
2026-07-13 10:05:00+03:00,0.6413046552096566
2026-07-13 10:10:00+03:00,0.976152802826664
2026-07-13 10:15:00+03:00,0.0041410831793508435
2026-07-13 10:20:00+03:00,0.0362370858564992
2026-07-13 10:25:00+03:00,0.056077535295086314
2026-07-13 10:30:00+03:00,0.015876065786505623
2026-07-13 10:35:00+03:00,0.036075078734774106
2026-07-13 10:40:00+03:00,0.054945644836048586
2026-07-13 10:45:00+03:00,0.10750694164037697
2026-07-13 10:50:00+03:00,0.2989665517412676
2026-07-13 10:55:00+03:00,0.24079538515718382
2026-07-13 11:00:00+03:00,0.1819525801542824
2026-07-13 11:05:00+03:00,0.8834861603154048
2026-07-13 11:10:00+03:00,0.0001486070513511553
2026-07-13 11:15:00+03:00,0.00014228609277842146
2026-07-13 11:20:00+03:00,0.0002470570707570041
2026-07-13 11:25:00+03:00,0.0002444079194975991
2026-07-13 11:30:00+03:00,0.0003807762994140704
2026-07-13 11:35:00+03:00,0.0003866643493640121
2026-07-13 11:40:00+03:00,0.0002865538542517645
2026-07-13 11:45:00+03:00,0.0006792200538064331
2026-07-13 11:50:00+03:00,0.0004949063555215827
2026-07-13 11:55:00+03:00,0.9867173872475697
2026-07-13 12:00:00+03:00,0.9483732767260155
2026-07-13 12:05:00+03:00,0.00027039220287074835
2026-07-13 12:10:00+03:00,0.00016857951946370214
2026-07-13 12:15:00+03:00,0.00010055004797778932
2026-07-13 12:20:00+03:00,0.00012532682664230166
2026-07-13 12:25:00+03:00,0.0004172530510724882
2026-07-13 12:30:00+03:00,0.00015626823999803608
2026-07-13 12:35:00+03:00,0.00030686750775421357
2026-07-13 12:40:00+03:00,0.0002794331710851303
2026-07-13 12:45:00+03:00,0.00031736885110241744
2026-07-13 12:50:00+03:00,0.00015196252233233
2026-07-13 12:55:00+03:00,0.0001493841182162766
2026-07-13 13:00:00+03:00,0.0001109651256210228
2026-07-13 13:05:00+03:00,0.0002474454193735439
2026-07-13 13:10:00+03:00,0.0001580296342312267
2026-07-13 13:15:00+03:00,0.00011395493792007711
2026-07-13 13:20:00+03:00,0.0004342906805160972
2026-07-13 13:25:00+03:00,0.00032907307527235897
2026-07-13 13:30:00+03:00,0.00048237710060055125
2026-07-13 13:35:00+03:00,0.000607361867317513
2026-07-13 13:40:00+03:00,0.0002960310621418874
2026-07-13 13:45:00+03:00,0.0003246492380017535
2026-07-13 13:50:00+03:00,0.0003648980532927371
2026-07-13 13:55:00+03:00,0.00024309405672772987
2026-07-13 14:00:00+03:00,4.739795413407988e-05
2026-07-13 14:05:00+03:00,9.571599550610911e-05
2026-07-13 14:10:00+03:00,0.00011021014127184858
2026-07-13 14:15:00+03:00,0.0002616319298100379
2026-07-13 14:20:00+03:00,0.339388542334034
2026-07-13 14:25:00+03:00,0.5107827476642023
2026-07-13 14:30:00+03:00,0.44628612994089006
2026-07-13 14:35:00+03:00,0.23701218206215696
2026-07-13 14:40:00+03:00,0.5766890288947792
2026-07-13 14:45:00+03:00,0.6438245770228543
2026-07-13 14:50:00+03:00,0.5627164083222802
2026-07-13 14:55:00+03:00,0.5450891198514505
2026-07-13 15:00:00+03:00,0.24636173242043227
2026-07-13 15:05:00+03:00,0.8992665140235722
2026-07-13 15:10:00+03:00,0.1820304658579435
2026-07-13 15:15:00+03:00,0.21795967624311274
2026-07-13 15:20:00+03:00,0.30610606074179225
2026-07-13 15:25:00+03:00,0.45503691338761715
2026-07-13 15:30:00+03:00,0.725293417048035
2026-07-13 15:35:00+03:00,0.6404160043496282
2026-07-13 15:40:00+03:00,0.09186049912980375
2026-07-13 15:45:00+03:00,5.839612712954654e-05
2026-07-13 15:50:00+03:00,0.0010573758486650175
2026-07-13 15:55:00+03:00,0.0015090317447403554
2026-07-13 16:00:00+03:00,0.026961073371587974
2026-07-13 16:05:00+03:00,0.004312755891381088
2026-07-13 16:10:00+03:00,0.25888553828475136
2026-07-13 16:15:00+03:00,0.046033038166799836
2026-07-13 16:20:00+03:00,0.004253356146852
2026-07-13 16:25:00+03:00,2.2942730086117598e-05
2026-07-13 16:30:00+03:00,2.7937807807489144e-05
2026-07-13 16:35:00+03:00,1.839025007989045e-05
2026-07-13 16:40:00+03:00,2.273018793805319e-05
2026-07-13 16:45:00+03:00,1.744249008189437e-05
2026-07-13 16:50:00+03:00,2.0042594341035225e-05
2026-07-13 16:55:00+03:00,1.8683464324423763e-05
2026-07-13 17:00:00+03:00,2.2337029360914663e-05
2026-07-13 17:05:00+03:00,2.0654710651452753e-05
2026-07-13 17:10:00+03:00,2.455983776059025e-05
2026-07-13 17:15:00+03:00,0.00013908553667158152
2026-07-13 17:20:00+03:00,0.0005263547510947828
2026-07-13 17:25:00+03:00,0.00018255120444185188
2026-07-13 17:30:00+03:00,9.939866059569278e-05
2026-07-13 17:35:00+03:00,3.994896692143147e-05
2026-07-13 17:40:00+03:00,4.209073174415462e-05
2026-07-13 17:45:00+03:00,2.894968803170405e-05
2026-07-13 17:50:00+03:00,1.907541589306746e-05
2026-07-13 17:55:00+03:00,2.1918930598310667e-05
2026-07-14 09:55:00+03:00,0.4418780679168849
2026-07-14 10:00:00+03:00,0.9986086969528593
2026-07-14 10:05:00+03:00,0.9946825606804952
2026-07-14 10:10:00+03:00,0.992101263044857
2026-07-14 10:15:00+03:00,0.9988866530485678
2026-07-14 10:20:00+03:00,0.9860746926956643
2026-07-14 10:25:00+03:00,0.9959974587949618
2026-07-14 10:30:00+03:00,0.9956906549890856
2026-07-14 10:35:00+03:00,0.9972964266398633
2026-07-14 10:40:00+03:00,0.9858864273326399
2026-07-14 10:45:00+03:00,0.9827652212311421
2026-07-14 10:50:00+03:00,0.014557782720050675
2026-07-14 10:55:00+03:00,0.07496462177267045
2026-07-14 11:00:00+03:00,0.3218561852826362
2026-07-14 11:05:00+03:00,0.1552788420686028
2026-07-14 11:10:00+03:00,0.9961433884634956
2026-07-14 11:15:00+03:00,0.9904051161590522
2026-07-14 11:20:00+03:00,0.9933819725277441
2026-07-14 11:25:00+03:00,0.9947674633011012
2026-07-14 11:30:00+03:00,0.9946263234377085
2026-07-14 11:35:00+03:00,0.9893574605275262
2026-07-14 11:40:00+03:00,0.9479745708485303
2026-07-14 11:45:00+03:00,0.8651046780722671
2026-07-14 11:50:00+03:00,0.8614205184140029
2026-07-14 11:55:00+03:00,0.5119873766654066
2026-07-14 12:00:00+03:00,0.00013056146619777799
2026-07-14 12:05:00+03:00,0.00012139678784024683
2026-07-14 12:10:00+03:00,0.00016579279536202646
2026-07-14 12:15:00+03:00,0.00017636909529362228
2026-07-14 12:20:00+03:00,0.00027750739202588227
2026-07-14 12:25:00+03:00,0.00012870529461062947
2026-07-14 12:30:00+03:00,9.679642549627657e-05
2026-07-14 12:35:00+03:00,7.620064176273786e-05
2026-07-14 12:40:00+03:00,0.00016963079844888862
2026-07-14 12:45:00+03:00,0.0001518570915117293
2026-07-14 12:50:00+03:00,0.00031861302552349535
2026-07-14 12:55:00+03:00,0.00018083248073766478
2026-07-14 13:00:00+03:00,0.0006492460175428287
2026-07-14 13:05:00+03:00,0.00017072827498079436
2026-07-14 13:10:00+03:00,0.00034411484130033416
2026-07-14 13:15:00+03:00,8.259760511547976e-05
2026-07-14 13:20:00+03:00,7.012277905748342e-05
2026-07-14 13:25:00+03:00,9.540425370226767e-05
2026-07-14 13:30:00+03:00,7.071255636001476e-05
2026-07-14 13:35:00+03:00,5.87390690824759e-05
2026-07-14 13:40:00+03:00,8.416452002614701e-05
2026-07-14 13:45:00+03:00,5.587318631733134e-05
2026-07-14 13:50:00+03:00,0.00012204189787919113
2026-07-14 13:55:00+03:00,0.0001458263948608178
2026-07-14 14:00:00+03:00,0.00011524439994085093
2026-07-14 14:05:00+03:00,2.0278800756871057e-05
2026-07-14 14:10:00+03:00,2.107597762239683e-05
2026-07-14 14:15:00+03:00,2.1319614989155057e-05
2026-07-14 14:20:00+03:00,5.053858976336143e-05
2026-07-14 14:25:00+03:00,4.2921951949695806e-05
2026-07-14 14:30:00+03:00,5.332281482009291e-05
2026-07-14 14:35:00+03:00,9.875108240937512e-05
2026-07-14 14:40:00+03:00,0.00021725869901513146
2026-07-14 14:45:00+03:00,3.778831381667708e-05
2026-07-14 14:50:00+03:00,2.6025961960916986e-05
2026-07-14 14:55:00+03:00,2.366554503229403e-05
2026-07-14 15:00:00+03:00,2.719327783497622e-05
2026-07-14 15:05:00+03:00,1.82910038198312e-05
2026-07-14 15:10:00+03:00,2.0059208537619656e-05
2026-07-14 15:15:00+03:00,2.905994586252152e-05
2026-07-14 15:20:00+03:00,1.5704579084423507e-05
2026-07-14 15:25:00+03:00,1.7123847833786228e-05
2026-07-14 15:30:00+03:00,2.860607101487111e-05
2026-07-14 15:35:00+03:00,2.3331352196967514e-05
2026-07-14 15:40:00+03:00,2.6627591932459646e-05
2026-07-14 15:45:00+03:00,2.13976004575012e-05
2026-07-14 15:50:00+03:00,2.1242714484209055e-05
2026-07-14 15:55:00+03:00,1.8486922804856583e-05
2026-07-14 16:00:00+03:00,2.3082751948575597e-05
2026-07-14 16:05:00+03:00,2.2660573507395647e-05
2026-07-14 16:10:00+03:00,2.8492340066764124e-05
2026-07-14 16:15:00+03:00,4.9226687547044864e-05
2026-07-14 16:20:00+03:00,2.05085768449448e-05
2026-07-14 16:25:00+03:00,1.990907266732126e-05
2026-07-14 16:30:00+03:00,1.96911698843722e-05
2026-07-14 16:35:00+03:00,2.733507264934656e-05
2026-07-14 16:40:00+03:00,2.249435907680622e-05
2026-07-14 16:45:00+03:00,1.7103952377171797e-05
2026-07-14 16:50:00+03:00,1.9627075094872764e-05
2026-07-14 16:55:00+03:00,2.370985314614157e-05
2026-07-14 17:00:00+03:00,1.6204077893068226e-05
2026-07-14 17:05:00+03:00,1.8728256205371332e-05
2026-07-14 17:10:00+03:00,3.5144870029834216e-05
2026-07-14 17:15:00+03:00,2.296921428987233e-05
2026-07-14 17:20:00+03:00,1.5399295024362778e-05
2026-07-14 17:25:00+03:00,1.5399295024362778e-05
2026-07-14 17:30:00+03:00,1.5399295024362778e-05
2026-07-14 17:35:00+03:00,1.5446760352864422e-05
2026-07-14 17:40:00+03:00,1.5399295024362778e-05
2026-07-14 17:45:00+03:00,1.5446760352864422e-05
2026-07-14 17:50:00+03:00,2.0205502012399343e-05
2026-07-14 17:55:00+03:00,1.6925581239970516e-05
2026-07-16 09:55:00+03:00,1.8126297807180286e-05
2026-07-16 10:00:00+03:00,2.2721433858152117e-05
2026-07-16 10:05:00+03:00,2.0486618749686704e-05
2026-07-16 10:10:00+03:00,2.229855233137115e-05
2026-07-16 10:15:00+03:00,1.959137445831046e-05
2026-07-16 10:20:00+03:00,1.7723843104318937e-05
2026-07-16 10:25:00+03:00,2.126145682123074e-05
2026-07-16 10:30:00+03:00,1.926443264543068e-05
2026-07-16 10:35:00+03:00,1.9943283191795326e-05
2026-07-16 10:40:00+03:00,1.9943283191795326e-05
2026-07-16 10:45:00+03:00,2.0679354599190187e-05
2026-07-16 10:50:00+03:00,1.6204077893068226e-05
2026-07-16 10:55:00+03:00,1.6400744003468973e-05
2026-07-16 11:00:00+03:00,2.0633954564907025e-05
2026-07-16 11:05:00+03:00,1.7579929018969008e-05
2026-07-16 11:10:00+03:00,1.963202112058051e-05
2026-07-16 11:15:00+03:00,1.5399295024362778e-05
2026-07-16 11:20:00+03:00,1.592594732293402e-05
2026-07-16 11:25:00+03:00,1.8656991075096863e-05
2026-07-16 11:30:00+03:00,1.9552915949653355e-05
2026-07-16 11:35:00+03:00,2.1192717012853218e-05
2026-07-16 11:40:00+03:00,1.8772218198481875e-05
2026-07-16 11:45:00+03:00,1.669983521428719e-05
2026-07-16 11:50:00+03:00,1.6413186934217353e-05
2026-07-16 11:55:00+03:00,2.1535828501199957e-05
2026-07-16 12:00:00+03:00,2.2040878766386894e-05
2026-07-16 12:05:00+03:00,1.6463777335663145e-05
2026-07-16 12:10:00+03:00,1.7324673842779612e-05
2026-07-16 12:15:00+03:00,2.1134698908294948e-05
2026-07-16 12:20:00+03:00,2.188986546690721e-05
2026-07-16 12:25:00+03:00,2.0783828764857134e-05
2026-07-16 12:30:00+03:00,1.6336597171012768e-05
2026-07-16 12:35:00+03:00,1.7243830831077385e-05
2026-07-16 12:40:00+03:00,2.1093824734200424e-05
2026-07-16 12:45:00+03:00,1.6336597171012768e-05
2026-07-16 12:50:00+03:00,1.6336597171012768e-05
2026-07-16 12:55:00+03:00,1.6336597171012768e-05
2026-07-16 13:00:00+03:00,1.7243830831077385e-05
2026-07-16 13:05:00+03:00,2.188986546690721e-05
2026-07-16 13:10:00+03:00,2.1938028769226607e-05
2026-07-16 13:15:00+03:00,2.0783828764857134e-05
2026-07-16 13:20:00+03:00,1.7243830831077385e-05
2026-07-16 13:25:00+03:00,1.6534871618535737e-05
2026-07-16 13:30:00+03:00,1.6336597171012768e-05
2026-07-16 13:35:00+03:00,1.6336597171012768e-05
2026-07-16 13:40:00+03:00,1.6236320068178424e-05
2026-07-16 13:45:00+03:00,1.6386951503535016e-05
2026-07-16 13:50:00+03:00,1.737532802424795e-05
2026-07-16 13:55:00+03:00,2.1938028769226607e-05
2026-07-16 14:00:00+03:00,1.7833163148909564e-05
2026-07-16 14:05:00+03:00,1.8049600830390204e-05
2026-07-16 14:10:00+03:00,1.6336597171012768e-05
2026-07-16 14:15:00+03:00,1.7243830831077385e-05
2026-07-16 14:20:00+03:00,1.6336597171012768e-05
2026-07-16 14:25:00+03:00,1.7205973112120545e-05
2026-07-16 14:30:00+03:00,1.5773921216706694e-05
2026-07-16 14:35:00+03:00,1.5920262844180777e-05
2026-07-16 14:40:00+03:00,1.7243830831077385e-05
2026-07-16 14:45:00+03:00,1.914896675544094e-05
2026-07-16 14:50:00+03:00,1.6534871618535737e-05
2026-07-16 14:55:00+03:00,1.6534871618535737e-05
2026-07-16 15:00:00+03:00,2.188986546690721e-05
2026-07-16 15:05:00+03:00,1.6895304442815647e-05
2026-07-16 15:10:00+03:00,1.749777321504615e-05
2026-07-16 15:15:00+03:00,1.7243830831077385e-05
2026-07-16 15:20:00+03:00,1.7243830831077385e-05
2026-07-16 15:25:00+03:00,2.4405161426981683e-05
2026-07-16 15:30:00+03:00,1.6336597171012768e-05
2026-07-16 15:35:00+03:00,2.9378570622449186e-05
2026-07-16 15:40:00+03:00,2.3310777979836225e-05
2026-07-16 15:45:00+03:00,2.0943839211971822e-05
2026-07-16 15:50:00+03:00,1.7221954862163994e-05
2026-07-16 15:55:00+03:00,2.483315436148555e-05
2026-07-16 16:00:00+03:00,3.032416100945301e-05
2026-07-16 16:05:00+03:00,1.9275591057917654e-05
2026-07-16 16:10:00+03:00,3.097431682768962e-05
2026-07-16 16:15:00+03:00,4.449062738842364e-05
2026-07-16 16:20:00+03:00,3.786741275027519e-05
2026-07-16 16:25:00+03:00,3.786741275027519e-05
2026-07-16 16:30:00+03:00,3.786741275027519e-05
2026-07-16 16:35:00+03:00,3.885809521336671e-05
2026-07-16 16:40:00+03:00,7.193697657947942e-05
2026-07-16 16:45:00+03:00,4.4089754288729076e-05
2026-07-16 16:50:00+03:00,4.6798903289073295e-05
2026-07-16 16:55:00+03:00,2.9686740233607903e-05
2026-07-16 17:00:00+03:00,3.0516041100260335e-05
2026-07-16 17:05:00+03:00,5.024466882126819e-05
2026-07-16 17:10:00+03:00,1.7637643222605063e-05
2026-07-16 17:15:00+03:00,2.5277282591372305e-05
2026-07-16 17:20:00+03:00,2.976943576837413e-05
2026-07-16 17:25:00+03:00,1.9329049611677333e-05
2026-07-16 17:30:00+03:00,2.4126060809169883e-05
2026-07-16 17:35:00+03:00,1.9329049611677333e-05
2026-07-16 17:40:00+03:00,2.4126060809169883e-05
2026-07-16 17:45:00+03:00,1.767975381962803e-05
2026-07-16 17:50:00+03:00,1.7497266040586075e-05
2026-07-16 17:55:00+03:00,1.8908156473896495e-05
2026-07-17 09:55:00+03:00,4.4033609317986234e-05
2026-07-17 10:00:00+03:00,2.1497419030174675e-05
2026-07-17 10:05:00+03:00,1.899815484043679e-05
2026-07-17 10:10:00+03:00,3.2864703261631766e-05
2026-07-17 10:15:00+03:00,6.209447569869634e-05
2026-07-17 10:20:00+03:00,4.567627375495789e-05
2026-07-17 10:25:00+03:00,2.041600274025074e-05
2026-07-17 10:30:00+03:00,2.1783408367818874e-05
2026-07-17 10:35:00+03:00,1.9628692365724817e-05
2026-07-17 10:40:00+03:00,2.7832666683389992e-05
2026-07-17 10:45:00+03:00,2.1546658355110892e-05
2026-07-17 10:50:00+03:00,2.5440574981474268e-05
2026-07-17 10:55:00+03:00,2.590081265735748e-05
2026-07-17 11:00:00+03:00,2.616123359605692e-05
2026-07-17 11:05:00+03:00,2.5604953823604915e-05
2026-07-17 11:10:00+03:00,2.699601786973879e-05
2026-07-17 11:15:00+03:00,2.0454950725549923e-05
2026-07-17 11:20:00+03:00,1.6930469456273117e-05
2026-07-17 11:25:00+03:00,2.22662032559829e-05
2026-07-17 11:30:00+03:00,1.6381784551514427e-05
2026-07-17 11:35:00+03:00,2.0363753263432838e-05
2026-07-17 11:40:00+03:00,1.5446760352864422e-05
2026-07-17 11:45:00+03:00,4.057260245573472e-05
2026-07-17 11:50:00+03:00,1.607369934100718e-05
2026-07-17 11:55:00+03:00,1.4509488758960375e-05
2026-07-17 12:00:00+03:00,1.8155910242005737e-05
2026-07-17 12:05:00+03:00,1.6308130542751515e-05
2026-07-17 12:10:00+03:00,1.6806546625195826e-05
2026-07-17 12:15:00+03:00,1.6553964732375992e-05
2026-07-17 12:20:00+03:00,1.6806546625195826e-05
2026-07-17 12:25:00+03:00,1.6562635736012883e-05
2026-07-17 12:30:00+03:00,1.652138236897246e-05
2026-07-17 12:35:00+03:00,2.2834568410721826e-05
2026-07-17 12:40:00+03:00,6.106370044118954e-05
2026-07-17 12:45:00+03:00,3.1054487788004946e-05
2026-07-17 12:50:00+03:00,1.7973396526561046e-05
2026-07-17 12:55:00+03:00,2.1350815032700998e-05
2026-07-17 13:00:00+03:00,1.9637319267280224e-05
2026-07-17 13:05:00+03:00,2.5690469747793462e-05
2026-07-17 13:10:00+03:00,1.9650289273625276e-05
2026-07-17 13:15:00+03:00,1.671199531058588e-05
2026-07-17 13:20:00+03:00,1.903449241584401e-05
2026-07-17 13:25:00+03:00,1.7579139670856995e-05
2026-07-17 13:30:00+03:00,1.556298523573361e-05
2026-07-17 13:35:00+03:00,1.704095118146231e-05
2026-07-17 13:40:00+03:00,1.6405110506466668e-05
2026-07-17 13:45:00+03:00,3.3318822854963477e-05
2026-07-17 13:50:00+03:00,4.189082174584272e-05
2026-07-17 13:55:00+03:00,1.8785572083382115e-05
2026-07-17 14:00:00+03:00,2.7446202320394085e-05
2026-07-17 14:05:00+03:00,2.35035397381098e-05
2026-07-17 14:10:00+03:00,2.47553014744812e-05
2026-07-17 14:15:00+03:00,4.1497811188341155e-05
2026-07-17 14:20:00+03:00,2.0608039769927318e-05
2026-07-17 14:25:00+03:00,0.00031093095094375604
2026-07-17 14:30:00+03:00,2.3511813783734852e-05
2026-07-17 14:35:00+03:00,2.3787545451214802e-05
2026-07-17 14:40:00+03:00,0.00022777849580618166
2026-07-17 14:45:00+03:00,3.306252163369977e-05
2026-07-17 14:50:00+03:00,3.810651422838693e-05
2026-07-17 14:55:00+03:00,0.00010622513361587743
2026-07-17 15:00:00+03:00,3.962896518018101e-05
2026-07-17 15:05:00+03:00,6.990111048757839e-05
2026-07-17 15:10:00+03:00,8.451736532544081e-05
2026-07-17 15:15:00+03:00,0.00010399606567484552
2026-07-17 15:20:00+03:00,8.542077736669117e-05
2026-07-17 15:25:00+03:00,0.00019898382068809115
2026-07-17 15:30:00+03:00,0.00012490686583804643
2026-07-17 15:35:00+03:00,2.5785466730877577e-05
2026-07-17 15:40:00+03:00,8.549251912782773e-05
2026-07-17 15:45:00+03:00,4.407792183157564e-05
2026-07-17 15:50:00+03:00,2.8929679779874555e-05
2026-07-17 15:55:00+03:00,3.759555495961077e-05
2026-07-17 16:00:00+03:00,0.00011364757162792444
2026-07-17 16:05:00+03:00,5.107766837087072e-05
2026-07-17 16:10:00+03:00,0.00012936625563659325
2026-07-17 16:15:00+03:00,1.7597817505687037e-05
2026-07-17 16:20:00+03:00,2.4327529288105724e-05
2026-07-17 16:25:00+03:00,1.70478380532451e-05
2026-07-17 16:30:00+03:00,1.6552038036506308e-05
2026-07-17 16:35:00+03:00,2.152801537754113e-05
2026-07-17 16:40:00+03:00,2.4467249924866075e-05
2026-07-17 16:45:00+03:00,2.4467249924866075e-05
2026-07-17 16:50:00+03:00,1.744197546546845e-05
2026-07-17 16:55:00+03:00,1.81152646111194e-05
2026-07-17 17:00:00+03:00,1.7841629303570226e-05
2026-07-17 17:05:00+03:00,2.0638650487477754e-05
2026-07-17 17:10:00+03:00,2.103423180474297e-05
2026-07-17 17:15:00+03:00,1.7170349219545856e-05
2026-07-17 17:20:00+03:00,1.8507395820346264e-05
2026-07-17 17:25:00+03:00,1.8507395820346264e-05
2026-07-17 17:30:00+03:00,1.8017529245532663e-05
2026-07-17 17:35:00+03:00,1.605189324230006e-05
2026-07-17 17:40:00+03:00,1.874586155360502e-05
2026-07-17 17:45:00+03:00,2.3033009057667713e-05
2026-07-17 17:50:00+03:00,2.0270801014614285e-05
2026-07-17 17:55:00+03:00,1.4145794675533561e-05
2026-07-20 09:55:00+03:00,2.2643194453041478e-05
2026-07-20 10:00:00+03:00,2.981034407461046e-05
2026-07-20 10:05:00+03:00,9.394107366038137e-05
2026-07-20 10:10:00+03:00,9.48282541701367e-05
2026-07-20 10:15:00+03:00,6.138862647289869e-05
2026-07-20 10:20:00+03:00,4.0118217494438825e-05
2026-07-20 10:25:00+03:00,4.008746454791709e-05
2026-07-20 10:30:00+03:00,4.7473939538219886e-05
2026-07-20 10:35:00+03:00,0.00010026232346528542
2026-07-20 10:40:00+03:00,5.8790552358108455e-05
2026-07-20 10:45:00+03:00,6.014387390816709e-05
2026-07-20 10:50:00+03:00,4.125159322556737e-05
2026-07-20 10:55:00+03:00,6.351286659654464e-05
2026-07-20 11:00:00+03:00,5.1845963614748246e-05
2026-07-20 11:05:00+03:00,2.8928596494763574e-05
2026-07-20 11:10:00+03:00,9.82464870842003e-05
2026-07-20 11:15:00+03:00,9.745643431330687e-05
2026-07-20 11:20:00+03:00,2.821903048161587e-05
2026-07-20 11:25:00+03:00,2.939259008052933e-05
2026-07-20 11:30:00+03:00,7.135981502713119e-05
2026-07-20 11:35:00+03:00,9.277769504664643e-05
2026-07-20 11:40:00+03:00,0.0001277837626397275
2026-07-20 11:45:00+03:00,3.359589634586804e-05
2026-07-20 11:50:00+03:00,0.00014588998400893953
2026-07-20 11:55:00+03:00,3.17439686400026e-05
2026-07-20 12:00:00+03:00,2.3153482456237704e-05
2026-07-20 12:05:00+03:00,4.0854686201532945e-05
2026-07-20 12:10:00+03:00,3.813021884940598e-05
2026-07-20 12:15:00+03:00,9.244725034896591e-05
2026-07-20 12:20:00+03:00,4.752941751591133e-05
2026-07-20 12:25:00+03:00,7.098888964819626e-05
2026-07-20 12:30:00+03:00,7.33691709879008e-05
2026-07-20 12:35:00+03:00,0.00014912472639025382
2026-07-20 12:40:00+03:00,6.0549094556423725e-05
2026-07-20 12:45:00+03:00,0.00013921905190403928
2026-07-20 12:50:00+03:00,6.119833580803915e-05
2026-07-20 12:55:00+03:00,0.0001439277469375174
2026-07-20 13:00:00+03:00,6.213318817833759e-05
2026-07-20 13:05:00+03:00,3.348309707923532e-05
2026-07-20 13:10:00+03:00,3.685666448671739e-05
2026-07-20 13:15:00+03:00,4.356653735352119e-05
2026-07-20 13:20:00+03:00,1.9015924556488613e-05
2026-07-20 13:25:00+03:00,1.9015924556488613e-05
2026-07-20 13:30:00+03:00,3.0252395347225102e-05
2026-07-20 13:35:00+03:00,2.3428702573353272e-05
2026-07-20 13:40:00+03:00,4.27436095276797e-05
2026-07-20 13:45:00+03:00,3.1642547301154015e-05
2026-07-20 13:50:00+03:00,2.8526732856512276e-05
2026-07-20 13:55:00+03:00,3.121721829091989e-05
2026-07-20 14:00:00+03:00,2.8526732856512276e-05
2026-07-20 14:05:00+03:00,3.121721829091989e-05
2026-07-20 14:10:00+03:00,3.778367997941542e-05
2026-07-20 14:15:00+03:00,7.135959018704282e-05
2026-07-20 14:20:00+03:00,4.615123962090349e-05
2026-07-20 14:25:00+03:00,4.2017421018770195e-05
2026-07-20 14:30:00+03:00,2.5027111189680828e-05
2026-07-20 14:35:00+03:00,2.4050961491564645e-05
2026-07-20 14:40:00+03:00,3.1696631265144124e-05
2026-07-20 14:45:00+03:00,2.5498665613511427e-05
2026-07-20 14:50:00+03:00,2.109003565137401e-05
2026-07-20 14:55:00+03:00,2.501312196599654e-05
2026-07-20 15:00:00+03:00,1.923676687135508e-05
2026-07-20 15:05:00+03:00,1.81453631520281e-05
2026-07-20 15:10:00+03:00,1.7723843104318937e-05
2026-07-20 15:15:00+03:00,1.6204077893068226e-05
2026-07-20 15:20:00+03:00,1.907359390513663e-05
2026-07-20 15:25:00+03:00,2.4630558774700226e-05
2026-07-20 15:30:00+03:00,2.010808670392355e-05
2026-07-20 15:35:00+03:00,1.907359390513663e-05
2026-07-20 15:40:00+03:00,2.1553817476837696e-05
2026-07-20 15:45:00+03:00,1.9753269991394322e-05
2026-07-20 15:50:00+03:00,1.894358172694198e-05
2026-07-20 15:55:00+03:00,1.839105224155599e-05
2026-07-20 16:00:00+03:00,2.126145682123074e-05
2026-07-20 16:05:00+03:00,1.7103952377171797e-05
2026-07-20 16:10:00+03:00,1.691488492246035e-05
2026-07-20 16:15:00+03:00,2.126145682123074e-05
2026-07-20 16:20:00+03:00,2.1539364502658686e-05
2026-07-20 16:25:00+03:00,1.8312296773337903e-05
2026-07-20 16:30:00+03:00,3.4177341242126375e-05
2026-07-20 16:35:00+03:00,2.134288302670841e-05
2026-07-20 16:40:00+03:00,2.249435907680622e-05
2026-07-20 16:45:00+03:00,3.47689538914629e-05
2026-07-20 16:50:00+03:00,1.7152720639832897e-05
2026-07-20 16:55:00+03:00,1.8230352149848415e-05
2026-07-20 17:00:00+03:00,1.9651760801493997e-05
2026-07-20 17:05:00+03:00,2.0679354599190187e-05
2026-07-20 17:10:00+03:00,2.0679354599190187e-05
2026-07-20 17:15:00+03:00,1.592594732293402e-05
2026-07-20 17:20:00+03:00,1.5586193775545173e-05
2026-07-20 17:25:00+03:00,1.5399295024362778e-05
2026-07-20 17:30:00+03:00,2.463110763748098e-05
2026-07-20 17:35:00+03:00,1.4868901774488397e-05
2026-07-20 17:40:00+03:00,1.625447756105476e-05
2026-07-20 17:45:00+03:00,1.5586193775545173e-05
2026-07-20 17:50:00+03:00,1.8126297807180286e-05
2026-07-20 17:55:00+03:00,1.8772218198481875e-05
2026-07-21 09:55:00+03:00,2.0881267747675067e-05
2026-07-21 10:00:00+03:00,2.0921490392498058e-05
2026-07-21 10:05:00+03:00,1.7039937467251726e-05
2026-07-21 10:10:00+03:00,2.5918341947007813e-05
2026-07-21 10:15:00+03:00,1.907359390513663e-05
2026-07-21 10:20:00+03:00,1.8688085664997615e-05
2026-07-21 10:25:00+03:00,2.4101495671698255e-05
2026-07-21 10:30:00+03:00,2.5491149138685204e-05
2026-07-21 10:35:00+03:00,2.3812489798334576e-05
2026-07-21 10:40:00+03:00,2.7340928128275284e-05
2026-07-21 10:45:00+03:00,1.7103952377171797e-05
2026-07-21 10:50:00+03:00,1.7103952377171797e-05
2026-07-21 10:55:00+03:00,1.9753269991394322e-05
2026-07-21 11:00:00+03:00,3.816050255302239e-05
2026-07-21 11:05:00+03:00,2.1145781045304494e-05
2026-07-21 11:10:00+03:00,1.830970263070981e-05
2026-07-21 11:15:00+03:00,2.213714874321748e-05
2026-07-21 11:20:00+03:00,2.3835859863010717e-05
2026-07-21 11:25:00+03:00,1.8123990180632297e-05
2026-07-21 11:30:00+03:00,1.9299402319799697e-05
2026-07-21 11:35:00+03:00,1.563214387346332e-05
2026-07-21 11:40:00+03:00,1.625447756105476e-05
2026-07-21 11:45:00+03:00,2.1377173222273658e-05
2026-07-21 11:50:00+03:00,1.9414221443483465e-05
2026-07-21 11:55:00+03:00,1.5399295024362778e-05
2026-07-21 12:00:00+03:00,1.7286638641270354e-05
2026-07-21 12:05:00+03:00,1.6562635736012883e-05
2026-07-21 12:10:00+03:00,1.81152646111194e-05
2026-07-21 12:15:00+03:00,1.81152646111194e-05
2026-07-21 12:20:00+03:00,1.9307972916003176e-05
2026-07-21 12:25:00+03:00,1.5908293758391087e-05
2026-07-21 12:30:00+03:00,2.3163092704256017e-05
2026-07-21 12:35:00+03:00,3.93875859534196e-05
2026-07-21 12:40:00+03:00,3.681406425340464e-05
2026-07-21 12:45:00+03:00,4.342272195467682e-05
2026-07-21 12:50:00+03:00,0.00010267406776044256
2026-07-21 12:55:00+03:00,8.09139968248298e-05
2026-07-21 13:00:00+03:00,6.495657135747406e-05
2026-07-21 13:05:00+03:00,6.033341892329905e-05
2026-07-21 13:10:00+03:00,7.462140877592602e-05
2026-07-21 13:15:00+03:00,3.912920373786466e-05
2026-07-21 13:20:00+03:00,3.304837777594107e-05
2026-07-21 13:25:00+03:00,5.668917408124583e-05
2026-07-21 13:30:00+03:00,3.473091051907092e-05
2026-07-21 13:35:00+03:00,5.803968791935895e-05
2026-07-21 13:40:00+03:00,0.00015991655825999603
2026-07-21 13:45:00+03:00,0.00013816940514732752
2026-07-21 13:50:00+03:00,0.00013816940514732752
2026-07-21 13:55:00+03:00,8.919415469760419e-05
2026-07-21 14:00:00+03:00,0.0002156103814751972
2026-07-21 14:05:00+03:00,4.967105570909017e-05
2026-07-21 14:10:00+03:00,0.9570858229398959
2026-07-21 14:15:00+03:00,0.8474073333312397
2026-07-21 14:20:00+03:00,0.38760328263499055
2026-07-21 14:25:00+03:00,0.5275555626904503
2026-07-21 14:30:00+03:00,0.7915981002288577
2026-07-21 14:35:00+03:00,0.25959797003478935
2026-07-21 14:40:00+03:00,0.7823066252561851
2026-07-21 14:45:00+03:00,0.8476530337278414
2026-07-21 14:50:00+03:00,0.9383551982032209
2026-07-21 14:55:00+03:00,0.7256960202952808
2026-07-21 15:00:00+03:00,0.29326846237610044
2026-07-21 15:05:00+03:00,0.14940582174687703
2026-07-21 15:10:00+03:00,0.3744663355447984
2026-07-21 15:15:00+03:00,0.8933529921908379
2026-07-21 15:20:00+03:00,0.8730755937832664
2026-07-21 15:25:00+03:00,0.6024498774650262
2026-07-21 15:30:00+03:00,0.7788876238966127
2026-07-21 15:35:00+03:00,0.13111410495950984
2026-07-21 15:40:00+03:00,0.12149859662506986
2026-07-21 15:45:00+03:00,0.21054730008309086
2026-07-21 15:50:00+03:00,0.17734046821182067
2026-07-21 15:55:00+03:00,0.1355862255101023
2026-07-21 16:00:00+03:00,0.26452768306618596
2026-07-21 16:05:00+03:00,0.6486902105982622
2026-07-21 16:10:00+03:00,0.39521447802751125
2026-07-21 16:15:00+03:00,0.00015857476180704562
2026-07-21 16:20:00+03:00,0.00030928534443500094
2026-07-21 16:25:00+03:00,0.0004178683179584896
2026-07-21 16:30:00+03:00,0.28237006572888124
2026-07-21 16:35:00+03:00,0.0005057312103038619
2026-07-21 16:40:00+03:00,0.29853966995312176
2026-07-21 16:45:00+03:00,0.721955721768341
2026-07-21 16:50:00+03:00,0.0003079313757527158
2026-07-21 16:55:00+03:00,0.00011468378353694041
2026-07-21 17:00:00+03:00,0.7570417795427891
2026-07-21 17:05:00+03:00,0.6433771778404473
2026-07-21 17:10:00+03:00,0.24332225949908295
2026-07-21 17:15:00+03:00,0.0992263790135083
2026-07-21 17:20:00+03:00,4.321567389502496e-05
2026-07-21 17:25:00+03:00,0.09006592409423055
2026-07-21 17:30:00+03:00,0.06622874019800194
2026-07-21 17:35:00+03:00,0.9805077289619086
2026-07-21 17:40:00+03:00,0.9357164280453353
2026-07-21 17:45:00+03:00,0.34141871835849674
2026-07-21 17:50:00+03:00,0.46550330477174406
2026-07-21 17:55:00+03:00,0.9209148971092316
2026-07-22 09:55:00+03:00,0.9841312424075465
2026-07-22 10:00:00+03:00,0.022730101693281678
2026-07-22 10:05:00+03:00,0.010640926694279731
2026-07-22 10:10:00+03:00,4.9474693508889294e-05
2026-07-22 10:15:00+03:00,3.5784519684961393e-05
2026-07-22 10:20:00+03:00,3.5784519684961393e-05
2026-07-22 10:25:00+03:00,3.5798561201711816e-05
2026-07-22 10:30:00+03:00,3.735029884776728e-05
2026-07-22 10:35:00+03:00,4.3741652747577175e-05
2026-07-22 10:40:00+03:00,2.7602601220381044e-05
2026-07-22 10:45:00+03:00,0.0023964933374893537
2026-07-22 10:50:00+03:00,0.003191087085202196
2026-07-22 10:55:00+03:00,7.955148230018998e-05
2026-07-22 11:00:00+03:00,4.3820529183937735e-05
2026-07-22 11:05:00+03:00,3.912629445669513e-05
2026-07-22 11:10:00+03:00,4.231380385231897e-05
2026-07-22 11:15:00+03:00,3.28259957403376e-05
2026-07-22 11:20:00+03:00,2.7202084621397835e-05
2026-07-22 11:25:00+03:00,4.852957734275715e-05
2026-07-22 11:30:00+03:00,3.6350257103136215e-05
2026-07-22 11:35:00+03:00,7.215193829248981e-05
2026-07-22 11:40:00+03:00,4.8227250201591e-05
2026-07-22 11:45:00+03:00,7.348117372546744e-05
2026-07-22 11:50:00+03:00,3.533343586382773e-05
2026-07-22 11:55:00+03:00,5.1887919853553936e-05
2026-07-22 12:00:00+03:00,2.99645801453348e-05
2026-07-22 12:05:00+03:00,2.7867728208831027e-05
2026-07-22 12:10:00+03:00,3.0571514797925076e-05
2026-07-22 12:15:00+03:00,4.0346116997407e-05
2026-07-22 12:20:00+03:00,5.962672870658413e-05
2026-07-22 12:25:00+03:00,6.499293662608717e-05
2026-07-22 12:30:00+03:00,0.1327502533698923
2026-07-22 12:35:00+03:00,0.7736924730163925
2026-07-22 12:40:00+03:00,0.9143684754808346
2026-07-22 12:45:00+03:00,0.9553620481900545
2026-07-22 12:50:00+03:00,0.4218478552374485
2026-07-22 12:55:00+03:00,0.23458587167952674
2026-07-22 13:00:00+03:00,0.44508749697554284
2026-07-22 13:05:00+03:00,0.9686883799074971
2026-07-22 13:10:00+03:00,0.44853105434661833
2026-07-22 13:15:00+03:00,0.8517483671209639
2026-07-22 13:20:00+03:00,0.05741552985929323
2026-07-22 13:25:00+03:00,2.9525384920152643e-05
2026-07-22 13:30:00+03:00,0.22237021841998791
2026-07-22 13:35:00+03:00,2.1983106010172384e-05
2026-07-22 13:40:00+03:00,2.066044626015736e-05
2026-07-22 13:45:00+03:00,1.9551721423657198e-05
2026-07-22 13:50:00+03:00,2.403081375244274e-05
2026-07-22 13:55:00+03:00,3.9776359699721445e-05
2026-07-22 14:00:00+03:00,0.00029289596183859287
2026-07-22 14:05:00+03:00,5.9263086873460165e-05
2026-07-22 14:10:00+03:00,7.400089924450444e-05
2026-07-22 14:15:00+03:00,0.00019959575921780703
2026-07-22 14:20:00+03:00,9.748713294226963e-05
2026-07-22 14:25:00+03:00,2.7885759866696063e-05
2026-07-22 14:30:00+03:00,2.392142652548048e-05
2026-07-22 14:35:00+03:00,7.012202327400842e-05
2026-07-22 14:40:00+03:00,0.0001407017561661523
2026-07-22 14:45:00+03:00,2.3096571906753296e-05
2026-07-22 14:50:00+03:00,2.089746258457792e-05
2026-07-22 14:55:00+03:00,2.506151896951519e-05
2026-07-22 15:00:00+03:00,2.3729254679980636e-05
2026-07-22 15:05:00+03:00,2.676238144102091e-05
2026-07-22 15:10:00+03:00,1.8354050448957556e-05
2026-07-22 15:15:00+03:00,2.227202536043898e-05
2026-07-22 15:20:00+03:00,2.7736644048493905e-05
2026-07-22 15:25:00+03:00,2.033934655220829e-05
2026-07-22 15:30:00+03:00,2.459105743068649e-05
2026-07-22 15:35:00+03:00,2.41470479208995e-05
2026-07-22 15:40:00+03:00,2.7736644048493905e-05
2026-07-22 15:45:00+03:00,1.8354050448957556e-05
2026-07-22 15:50:00+03:00,2.508472862837303e-05
2026-07-22 15:55:00+03:00,1.8394677704700467e-05
2026-07-22 16:00:00+03:00,1.5645966184530955e-05
2026-07-22 16:05:00+03:00,1.7103952377171797e-05
2026-07-22 16:10:00+03:00,1.7103952377171797e-05
2026-07-22 16:15:00+03:00,1.6204077893068226e-05
2026-07-22 16:20:00+03:00,1.6204077893068226e-05
2026-07-22 16:25:00+03:00,1.6104614205360106e-05
2026-07-22 16:30:00+03:00,2.145189518219855e-05
2026-07-22 16:35:00+03:00,1.6204077893068226e-05
2026-07-22 16:40:00+03:00,2.0679354599190187e-05
2026-07-22 16:45:00+03:00,1.625447756105476e-05
2026-07-22 16:50:00+03:00,1.7798111108666207e-05
2026-07-22 16:55:00+03:00,1.7798111108666207e-05
2026-07-22 17:00:00+03:00,1.625447756105476e-05
2026-07-22 17:05:00+03:00,1.7798111108666207e-05
2026-07-22 17:10:00+03:00,1.500684726325468e-05
2026-07-22 17:15:00+03:00,1.5399295024362778e-05
2026-07-22 17:20:00+03:00,1.6581165627901018e-05
2026-07-22 17:25:00+03:00,1.5399295024362778e-05
2026-07-22 17:30:00+03:00,1.5399295024362778e-05
2026-07-22 17:35:00+03:00,1.621879186819425e-05
2026-07-22 17:40:00+03:00,1.4868901774488397e-05
2026-07-22 17:45:00+03:00,1.5586193775545173e-05
2026-07-22 17:50:00+03:00,2.080751258102949e-05
2026-07-22 17:55:00+03:00,1.959137445831046e-05
2026-07-23 09:55:00+03:00,1.6449936760628148e-05
2026-07-23 10:00:00+03:00,2.3073942836177875e-05
2026-07-23 10:05:00+03:00,2.0967704645128072e-05
2026-07-23 10:10:00+03:00,1.7827128079224724e-05
2026-07-23 10:15:00+03:00,1.881713505805763e-05
2026-07-23 10:20:00+03:00,1.804349251554352e-05
2026-07-23 10:25:00+03:00,1.881713505805763e-05
2026-07-23 10:30:00+03:00,1.7827128079224724e-05
2026-07-23 10:35:00+03:00,1.6495143545643444e-05
2026-07-23 10:40:00+03:00,1.6854710378309116e-05
2026-07-23 10:45:00+03:00,3.172949434085002e-05
2026-07-23 10:50:00+03:00,2.3835891940996947e-05
2026-07-23 10:55:00+03:00,3.562624412461831e-05
2026-07-23 11:00:00+03:00,2.20389790073086e-05
2026-07-23 11:05:00+03:00,2.8809847967603112e-05
2026-07-23 11:10:00+03:00,3.5940327307902486e-05
2026-07-23 11:15:00+03:00,3.3395645920187895e-05
2026-07-23 11:20:00+03:00,0.00015163253636069584
2026-07-23 11:25:00+03:00,0.00017886337916315885
2026-07-23 11:30:00+03:00,0.805126318389385
2026-07-23 11:35:00+03:00,0.9115861221788543
2026-07-23 11:40:00+03:00,0.9354611402509536
2026-07-23 11:45:00+03:00,0.9480133162390529
2026-07-23 11:50:00+03:00,0.7489753256773742
2026-07-23 11:55:00+03:00,0.7135796360952743
2026-07-23 12:00:00+03:00,0.019165973000462164
2026-07-23 12:05:00+03:00,0.333919177948362
2026-07-23 12:10:00+03:00,0.6447811553501595
2026-07-23 12:15:00+03:00,0.945764174702363
2026-07-23 12:20:00+03:00,0.9906928488969825
2026-07-23 12:25:00+03:00,0.9705967937631418
2026-07-23 12:30:00+03:00,0.9632520081825625
2026-07-23 12:35:00+03:00,0.9895062062555721
2026-07-23 12:40:00+03:00,0.9813648250177295
2026-07-23 12:45:00+03:00,0.9567888707211835
2026-07-23 12:50:00+03:00,0.9649365377297722
2026-07-23 12:55:00+03:00,0.9933405513115067
2026-07-23 13:00:00+03:00,0.9874122084671263
2026-07-23 13:05:00+03:00,0.00015122291215792172
2026-07-23 13:10:00+03:00,0.0002456411067475629
2026-07-23 13:15:00+03:00,0.00032907869225540367
2026-07-23 13:20:00+03:00,7.582185362205822e-05
2026-07-23 13:25:00+03:00,0.00011383936760330368
2026-07-23 13:30:00+03:00,8.08073697586824e-05
2026-07-23 13:35:00+03:00,6.915653011089364e-05
2026-07-23 13:40:00+03:00,3.958752518689632e-05
2026-07-23 13:45:00+03:00,2.746745870956592e-05
2026-07-23 13:50:00+03:00,2.1937656797142823e-05
2026-07-23 13:55:00+03:00,2.103668227586144e-05
2026-07-23 14:00:00+03:00,2.031163464015134e-05
2026-07-23 14:05:00+03:00,2.5823673118918412e-05
2026-07-23 14:10:00+03:00,2.5823673118918412e-05
2026-07-23 14:15:00+03:00,2.350749051475393e-05
2026-07-23 14:20:00+03:00,2.6951656293621326e-05
2026-07-23 14:25:00+03:00,2.2924581228379302e-05
2026-07-23 14:30:00+03:00,2.0711584899776638e-05
2026-07-23 14:35:00+03:00,2.9475475285444412e-05
2026-07-23 14:40:00+03:00,2.8995440932711146e-05
2026-07-23 14:45:00+03:00,2.254093599339405e-05
2026-07-23 14:50:00+03:00,5.40060365300482e-05
2026-07-23 14:55:00+03:00,1.8899622716985243e-05
2026-07-23 15:00:00+03:00,2.5024135505803643e-05
2026-07-23 15:05:00+03:00,1.790439364545265e-05
2026-07-23 15:10:00+03:00,2.3354854501807898e-05
2026-07-23 15:15:00+03:00,2.3047120250334573e-05
2026-07-23 15:20:00+03:00,2.232269903932303e-05
2026-07-23 15:25:00+03:00,2.4168859887372372e-05
2026-07-23 15:30:00+03:00,3.179781078971555e-05
2026-07-23 15:35:00+03:00,2.6579507518389596e-05
2026-07-23 15:40:00+03:00,2.2237262212889298e-05
2026-07-23 15:45:00+03:00,1.993177664323328e-05
2026-07-23 15:50:00+03:00,2.2392957957871074e-05
2026-07-23 15:55:00+03:00,2.4256007997949856e-05
2026-07-23 16:00:00+03:00,1.9398928424206705e-05
2026-07-23 16:05:00+03:00,9.44636972622298e-05
2026-07-23 16:10:00+03:00,1.91350806309869e-05
2026-07-23 16:15:00+03:00,1.7811185991586234e-05
2026-07-23 16:20:00+03:00,6.016402462922248e-05
2026-07-23 16:25:00+03:00,2.5318252163303907e-05
2026-07-23 16:30:00+03:00,3.860744029532151e-05
2026-07-23 16:35:00+03:00,3.2825802021848936e-05
2026-07-23 16:40:00+03:00,0.0001425675377097984
2026-07-23 16:45:00+03:00,5.935713795664412e-05
2026-07-23 16:50:00+03:00,0.00010366981675431704
2026-07-23 16:55:00+03:00,0.00010034649632834173
2026-07-23 17:00:00+03:00,7.487391380354889e-05
2026-07-23 17:05:00+03:00,0.00010627964687205595
2026-07-23 17:10:00+03:00,5.245675510625943e-05
2026-07-23 17:15:00+03:00,6.336204209928003e-05
2026-07-23 17:20:00+03:00,3.6499504338191304e-05
2026-07-23 17:25:00+03:00,3.0951877350840736e-05
2026-07-23 17:30:00+03:00,6.24784966700382e-05
2026-07-23 17:35:00+03:00,0.00011815440102377767
2026-07-23 17:40:00+03:00,3.37585485768981e-05
2026-07-23 17:45:00+03:00,2.9060245167815973e-05
2026-07-23 17:50:00+03:00,8.491097679482845e-05
2026-07-23 17:55:00+03:00,7.368897039845555e-05
2026-07-24 09:55:00+03:00,0.00018861463130731042
2026-07-24 10:00:00+03:00,4.3555563884867015e-05
2026-07-24 10:05:00+03:00,2.3542962467161002e-05
2026-07-24 10:10:00+03:00,2.0907409322381492e-05
2026-07-24 10:15:00+03:00,2.131058797278814e-05
2026-07-24 10:20:00+03:00,2.1428824217789077e-05
2026-07-24 10:25:00+03:00,2.229855233137115e-05
2026-07-24 10:30:00+03:00,1.7723843104318937e-05
2026-07-24 10:35:00+03:00,1.907359390513663e-05
2026-07-24 10:40:00+03:00,1.7103952377171797e-05
2026-07-24 10:45:00+03:00,2.1553817476837696e-05
2026-07-24 10:50:00+03:00,1.9753269991394322e-05
2026-07-24 10:55:00+03:00,4.009918897368215e-05
2026-07-24 11:00:00+03:00,2.7923708784863575e-05
2026-07-24 11:05:00+03:00,1.9413271903134856e-05
2026-07-24 11:10:00+03:00,1.9734638920968278e-05
2026-07-24 11:15:00+03:00,1.9201888767399043e-05
2026-07-24 11:20:00+03:00,1.903459362223139e-05
2026-07-24 11:25:00+03:00,2.028733165924308e-05
2026-07-24 11:30:00+03:00,1.959137445831046e-05
2026-07-24 11:35:00+03:00,2.2313235381873658e-05
2026-07-24 11:40:00+03:00,1.7103952377171797e-05
2026-07-24 11:45:00+03:00,1.6204077893068226e-05
2026-07-24 11:50:00+03:00,2.0567067163834832e-05
2026-07-24 11:55:00+03:00,1.768111560430331e-05
2026-07-24 12:00:00+03:00,1.9753269991394322e-05
2026-07-24 12:05:00+03:00,1.7103952377171797e-05
2026-07-24 12:10:00+03:00,1.768111560430331e-05
2026-07-24 12:15:00+03:00,1.9753269991394322e-05
2026-07-24 12:20:00+03:00,1.7103952377171797e-05
2026-07-24 12:25:00+03:00,1.907359390513663e-05
2026-07-24 12:30:00+03:00,1.6400744003468973e-05
2026-07-24 12:35:00+03:00,1.7103952377171797e-05
2026-07-24 12:40:00+03:00,1.7103952377171797e-05
2026-07-24 12:45:00+03:00,2.249435907680622e-05
2026-07-24 12:50:00+03:00,1.7438381993104616e-05
2026-07-24 12:55:00+03:00,1.8126297807180286e-05
2026-07-24 13:00:00+03:00,2.0790339281751557e-05
2026-07-24 13:05:00+03:00,2.0981122456591547e-05
2026-07-24 13:10:00+03:00,1.8167127699454415e-05
2026-07-24 13:15:00+03:00,1.7798111108666207e-05
2026-07-24 13:20:00+03:00,1.86831484582122e-05
2026-07-24 13:25:00+03:00,1.5399295024362778e-05
2026-07-24 13:30:00+03:00,1.4868901774488397e-05
2026-07-24 13:35:00+03:00,1.7798111108666207e-05
2026-07-24 13:40:00+03:00,2.1377173222273658e-05
2026-07-24 13:45:00+03:00,1.5836587925542826e-05
2026-07-24 13:50:00+03:00,1.625447756105476e-05
2026-07-24 13:55:00+03:00,2.6600776185275012e-05
2026-07-24 14:00:00+03:00,2.010651033847945e-05
2026-07-24 14:05:00+03:00,2.107162900455225e-05
2026-07-24 14:10:00+03:00,1.9288066055814826e-05
2026-07-24 14:15:00+03:00,1.9617334465995775e-05
2026-07-24 14:20:00+03:00,2.4842780022053242e-05
2026-07-24 14:25:00+03:00,5.39574104091813e-05
2026-07-24 14:30:00+03:00,2.1731723370086483e-05
2026-07-24 14:35:00+03:00,3.261326402119764e-05
2026-07-24 14:40:00+03:00,1.8055359795467887e-05
2026-07-24 14:45:00+03:00,2.0093915839672382e-05
2026-07-24 14:50:00+03:00,1.8642254969317515e-05
2026-07-24 14:55:00+03:00,1.8642254969317515e-05
2026-07-24 15:00:00+03:00,1.8869099625451425e-05
2026-07-24 15:05:00+03:00,2.1564524865350525e-05
2026-07-24 15:10:00+03:00,4.1309994600657205e-05
2026-07-24 15:15:00+03:00,4.348763914595573e-05
2026-07-24 15:20:00+03:00,2.7015450977781043e-05
2026-07-24 15:25:00+03:00,4.347875164967924e-05
2026-07-24 15:30:00+03:00,5.591410487368444e-05
2026-07-24 15:35:00+03:00,0.0001221388552755251
2026-07-24 15:40:00+03:00,8.345404878987044e-05
2026-07-24 15:45:00+03:00,2.454272781851182e-05
2026-07-24 15:50:00+03:00,3.202809955608461e-05
2026-07-24 15:55:00+03:00,5.933566082595918e-05
2026-07-24 16:00:00+03:00,3.134322589252395e-05
2026-07-24 16:05:00+03:00,2.593916564958031e-05
2026-07-24 16:10:00+03:00,3.54949823295067e-05
2026-07-24 16:15:00+03:00,1.6191773658590996e-05
2026-07-24 16:20:00+03:00,1.6191773658590996e-05
2026-07-24 16:25:00+03:00,4.20102914457837e-05
2026-07-24 16:30:00+03:00,1.7540545815870963e-05
2026-07-24 16:35:00+03:00,1.6135840396532015e-05
2026-07-24 16:40:00+03:00,2.5510555329059113e-05
2026-07-24 16:45:00+03:00,1.4067742900866052e-05
2026-07-24 16:50:00+03:00,2.1289389401940023e-05
2026-07-24 16:55:00+03:00,2.3741002270517005e-05
2026-07-24 17:00:00+03:00,1.6300823767413877e-05
2026-07-24 17:05:00+03:00,1.625447756105476e-05
2026-07-24 17:10:00+03:00,1.982915079015837e-05
2026-07-24 17:15:00+03:00,2.0205502012399343e-05
2026-07-24 17:20:00+03:00,1.8126297807180286e-05
2026-07-24 17:25:00+03:00,1.6159093164613477e-05
2026-07-24 17:30:00+03:00,1.625447756105476e-05
2026-07-24 17:35:00+03:00,2.1377173222273658e-05
2026-07-24 17:40:00+03:00,2.1377173222273658e-05
2026-07-24 17:45:00+03:00,2.1377173222273658e-05
2026-07-24 17:50:00+03:00,1.530477117015448e-05
2026-07-24 17:55:00+03:00,1.5399295024362778e-05
2026-07-27 09:55:00+03:00,3.104772980717452e-05
2026-07-27 10:00:00+03:00,2.4072785399774116e-05
2026-07-27 10:05:00+03:00,1.847216549720765e-05
2026-07-27 10:10:00+03:00,2.5105548362190556e-05
2026-07-27 10:15:00+03:00,2.361769927687471e-05
2026-07-27 10:20:00+03:00,2.458198094524428e-05
2026-07-27 10:25:00+03:00,2.4698148546855568e-05
2026-07-27 10:30:00+03:00,3.1652698819592214e-05
2026-07-27 10:35:00+03:00,3.1388771465937694e-05
2026-07-27 10:40:00+03:00,3.489644162013273e-05
2026-07-27 10:45:00+03:00,3.803516650150947e-05
2026-07-27 10:50:00+03:00,2.4339856176249606e-05
2026-07-27 10:55:00+03:00,2.3045892916235333e-05
2026-07-27 11:00:00+03:00,1.97933948623168e-05
2026-07-27 11:05:00+03:00,1.6731130356002715e-05
2026-07-27 11:10:00+03:00,1.6346991157528507e-05
2026-07-27 11:15:00+03:00,2.1553816560536935e-05
2026-07-27 11:20:00+03:00,1.9702465142873514e-05
2026-07-27 11:25:00+03:00,1.952135757967809e-05
2026-07-27 11:30:00+03:00,1.6514234038942548e-05
2026-07-27 11:35:00+03:00,1.6894085265775317e-05
2026-07-27 11:40:00+03:00,2.3809632825967835e-05
2026-07-27 11:45:00+03:00,1.7050437166142158e-05
2026-07-27 11:50:00+03:00,1.6789452892228804e-05
2026-07-27 11:55:00+03:00,1.7017753431749146e-05
2026-07-27 12:00:00+03:00,1.750234398700288e-05
2026-07-27 12:05:00+03:00,1.6762290050417742e-05
2026-07-27 12:10:00+03:00,1.6762290050417742e-05
2026-07-27 12:15:00+03:00,1.6608208501411717e-05
2026-07-27 12:20:00+03:00,1.7050437166142158e-05
2026-07-27 12:25:00+03:00,1.7050437166142158e-05
2026-07-27 12:30:00+03:00,1.7017753431749146e-05
2026-07-27 12:35:00+03:00,2.232907915427592e-05
2026-07-27 12:40:00+03:00,2.000502667775143e-05
2026-07-27 12:45:00+03:00,1.921023663242924e-05
2026-07-27 12:50:00+03:00,1.921023663242924e-05
2026-07-27 12:55:00+03:00,1.895252353778769e-05
2026-07-27 13:00:00+03:00,1.9508850134951646e-05
2026-07-27 13:05:00+03:00,2.000502667775143e-05
2026-07-27 13:10:00+03:00,2.0277051235489154e-05
2026-07-27 13:15:00+03:00,1.9247131096495513e-05
2026-07-27 13:20:00+03:00,1.9225796143104797e-05
2026-07-27 13:25:00+03:00,2.545146183345779e-05
2026-07-27 13:30:00+03:00,2.545146183345779e-05
2026-07-27 13:35:00+03:00,2.376299025912679e-05
2026-07-27 13:40:00+03:00,3.0083328622379756e-05
2026-07-27 13:45:00+03:00,2.857555632918974e-05
2026-07-27 13:50:00+03:00,2.3314770813770984e-05
2026-07-27 13:55:00+03:00,2.2513087666642384e-05
2026-07-27 14:00:00+03:00,2.2234634280566608e-05
2026-07-27 14:05:00+03:00,2.9086750955162687e-05
2026-07-27 14:10:00+03:00,2.2234634280566608e-05
2026-07-27 14:15:00+03:00,2.22479256604013e-05
2026-07-27 14:20:00+03:00,2.805050100580519e-05
2026-07-27 14:25:00+03:00,2.175813527841048e-05
2026-07-27 14:30:00+03:00,2.5642385515808783e-05
2026-07-27 14:35:00+03:00,2.297723193335394e-05
2026-07-27 14:40:00+03:00,2.3913143275280992e-05
2026-07-27 14:45:00+03:00,3.497376685538073e-05
2026-07-27 14:50:00+03:00,3.0457310193648433e-05
2026-07-27 14:55:00+03:00,2.9421405690065338e-05
2026-07-27 15:00:00+03:00,4.066431422297172e-05
2026-07-27 15:05:00+03:00,3.390940308482532e-05
2026-07-27 15:10:00+03:00,4.7438028321439014e-05
2026-07-27 15:15:00+03:00,4.970709605699002e-05
2026-07-27 15:20:00+03:00,3.484177728872314e-05
2026-07-27 15:25:00+03:00,3.793864341275318e-05
2026-07-27 15:30:00+03:00,5.499634884881781e-05
2026-07-27 15:35:00+03:00,6.695092452565592e-05
2026-07-27 15:40:00+03:00,0.00014948512913835784
2026-07-27 15:45:00+03:00,6.426227901277347e-05
2026-07-27 15:50:00+03:00,5.653533966975907e-05
2026-07-27 15:55:00+03:00,5.7572173659102286e-05
2026-07-27 16:00:00+03:00,0.00010517898868556647
2026-07-27 16:05:00+03:00,7.992036559970126e-05
2026-07-27 16:10:00+03:00,0.00010194079965445828
2026-07-27 16:15:00+03:00,0.00012428258759725517
2026-07-27 16:20:00+03:00,0.0002262718092048756
2026-07-27 16:25:00+03:00,0.0004883138411303159
2026-07-27 16:30:00+03:00,0.18388729953695016
2026-07-27 16:35:00+03:00,0.362187430687051
2026-07-27 16:40:00+03:00,0.6780005768776071
2026-07-27 16:45:00+03:00,0.7877237727708588
2026-07-27 16:50:00+03:00,0.7792005591409781
2026-07-27 16:55:00+03:00,0.01733318519832679
2026-07-27 17:00:00+03:00,0.05485670142938856
2026-07-27 17:05:00+03:00,0.0982928058391513
2026-07-27 17:10:00+03:00,0.15557745954162555
2026-07-27 17:15:00+03:00,0.3158690181293535
2026-07-27 17:20:00+03:00,0.3608521211325443
2026-07-27 17:25:00+03:00,0.5714112018209561
2026-07-27 17:30:00+03:00,0.9240918068448957
2026-07-27 17:35:00+03:00,0.996859884411108
2026-07-27 17:40:00+03:00,0.9172744906680316
2026-07-27 17:45:00+03:00,0.9942132454676971
2026-07-27 17:50:00+03:00,0.9941569342829433
2026-07-27 17:55:00+03:00,0.8533900425210567
2026-07-28 09:55:00+03:00,0.008784356496281108
2026-07-28 10:00:00+03:00,2.6551833881006337e-05
2026-07-28 10:05:00+03:00,2.5894240080461116e-05
2026-07-28 10:10:00+03:00,2.233159613155545e-05
2026-07-28 10:15:00+03:00,3.1027344594622415e-05
2026-07-28 10:20:00+03:00,2.7470184746768298e-05
2026-07-28 10:25:00+03:00,2.6141766045334665e-05
2026-07-28 10:30:00+03:00,2.1812311394280845e-05
2026-07-28 10:35:00+03:00,2.368724686765534e-05
2026-07-28 10:40:00+03:00,2.7750128405755762e-05
2026-07-28 10:45:00+03:00,2.888933159300693e-05
2026-07-28 10:50:00+03:00,2.7990983652523507e-05
2026-07-28 10:55:00+03:00,2.9816429147962904e-05
2026-07-28 11:00:00+03:00,4.401619420691082e-05
2026-07-28 11:05:00+03:00,3.0288836385763794e-05
2026-07-28 11:10:00+03:00,2.53572404255223e-05
2026-07-28 11:15:00+03:00,2.1327966732630817e-05
2026-07-28 11:20:00+03:00,2.1327966732630817e-05
2026-07-28 11:25:00+03:00,2.0343962056855528e-05
2026-07-28 11:30:00+03:00,3.7477480076429525e-05
2026-07-28 11:35:00+03:00,2.3116584170231408e-05
2026-07-28 11:40:00+03:00,1.8956564621958372e-05
2026-07-28 11:45:00+03:00,2.7224397649726324e-05
2026-07-28 11:50:00+03:00,2.070263066706129e-05
2026-07-28 11:55:00+03:00,1.7320306621731847e-05
2026-07-28 12:00:00+03:00,1.8124848465441817e-05
2026-07-28 12:05:00+03:00,1.9095688771565308e-05
2026-07-28 12:10:00+03:00,2.2957637819568554e-05
2026-07-28 12:15:00+03:00,1.8160384333240216e-05
2026-07-28 12:20:00+03:00,2.00543417265078e-05
2026-07-28 12:25:00+03:00,1.7550732434685113e-05
2026-07-28 12:30:00+03:00,2.2041001258726418e-05
2026-07-28 12:35:00+03:00,1.939322470603758e-05
2026-07-28 12:40:00+03:00,1.7721783263065046e-05
2026-07-28 12:45:00+03:00,1.7658557423221452e-05
2026-07-28 12:50:00+03:00,1.939322470603758e-05
2026-07-28 12:55:00+03:00,1.7558882059699824e-05
2026-07-28 13:00:00+03:00,1.629566518751524e-05
2026-07-28 13:05:00+03:00,1.9484144370091435e-05
2026-07-28 13:10:00+03:00,1.9484144370091435e-05
2026-07-28 13:15:00+03:00,1.9914005719072354e-05
2026-07-28 13:20:00+03:00,4.065056158226873e-05
2026-07-28 13:25:00+03:00,2.0096811851009093e-05
2026-07-28 13:30:00+03:00,1.8563983177736566e-05
2026-07-28 13:35:00+03:00,2.1795510238972666e-05
2026-07-28 13:40:00+03:00,4.395937132392857e-05
2026-07-28 13:45:00+03:00,2.0220922206141573e-05
2026-07-28 13:50:00+03:00,2.6987945779648494e-05
2026-07-28 13:55:00+03:00,3.728401911302924e-05
2026-07-28 14:00:00+03:00,1.7749768461061805e-05
2026-07-28 14:05:00+03:00,6.36162505047477e-05
2026-07-28 14:10:00+03:00,5.4681262982593066e-05
2026-07-28 14:15:00+03:00,5.925197049397251e-05
2026-07-28 14:20:00+03:00,4.2567012675533374e-05
2026-07-28 14:25:00+03:00,3.521470044903797e-05
2026-07-28 14:30:00+03:00,6.840417658613396e-05
2026-07-28 14:35:00+03:00,6.058520097141593e-05
2026-07-28 14:40:00+03:00,4.404722953177529e-05
2026-07-28 14:45:00+03:00,3.7961171506388265e-05
2026-07-28 14:50:00+03:00,4.390654765916185e-05
2026-07-28 14:55:00+03:00,0.00013105241745807263
2026-07-28 15:00:00+03:00,0.00010431064276077414
2026-07-28 15:05:00+03:00,5.590282754733277e-05
2026-07-28 15:10:00+03:00,8.884653243437278e-05
2026-07-28 15:15:00+03:00,8.376117770377793e-05
2026-07-28 15:20:00+03:00,0.00028155967886832887
2026-07-28 15:25:00+03:00,0.00016541853179599994
2026-07-28 15:30:00+03:00,0.00027979693138571233
2026-07-28 15:35:00+03:00,6.828765826937291e-05
2026-07-28 15:40:00+03:00,6.320408545491662e-05
2026-07-28 15:45:00+03:00,6.752639529355446e-05
2026-07-28 15:50:00+03:00,0.00010009402917993197
2026-07-28 15:55:00+03:00,8.501899063909233e-05
2026-07-28 16:00:00+03:00,3.7918685071043844e-05
2026-07-28 16:05:00+03:00,3.3840608269741895e-05
2026-07-28 16:10:00+03:00,8.069059050292834e-05
2026-07-28 16:15:00+03:00,7.595243748361964e-05
2026-07-28 16:20:00+03:00,7.674915852319863e-05
2026-07-28 16:25:00+03:00,4.2280599690738706e-05
2026-07-28 16:30:00+03:00,0.00020565880920947867
2026-07-28 16:35:00+03:00,0.0004806175247000711
2026-07-28 16:40:00+03:00,0.9731588130554509
2026-07-28 16:45:00+03:00,0.8341856297506149
2026-07-28 16:50:00+03:00,0.8073171805316373
2026-07-28 16:55:00+03:00,0.00024645528139463467
2026-07-28 17:00:00+03:00,0.000212481995317288
2026-07-28 17:05:00+03:00,5.268296688998098e-05
2026-07-28 17:10:00+03:00,0.0001243331267554316
2026-07-28 17:15:00+03:00,0.00014040877990978472
2026-07-28 17:20:00+03:00,7.917869718487074e-05
2026-07-28 17:25:00+03:00,2.8456603191731257e-05
2026-07-28 17:30:00+03:00,3.38865293248003e-05
2026-07-28 17:35:00+03:00,5.1208725989026655e-05
2026-07-28 17:40:00+03:00,6.55356295316801e-05
2026-07-28 17:45:00+03:00,3.0721286666953765e-05
2026-07-28 17:50:00+03:00,3.512612391682476e-05
2026-07-28 17:55:00+03:00,5.097498717262353e-05
2026-07-28 18:00:00+03:00,4.07744983773344e-05
